era_id,source_file,total_pages,page_number,printed_release_code,printed_release_title,printed_release_date,page_adjustment_status,direct_table_title_count,inferred_table_title_count,detected_month_row_count,detected_numeric_column_count,cells_extracted,page_classification,classification_score,classification_reason
1,1970s/1977-10-13_491110_October_13_1977.pdf,2,1,G.6,"G.6 REVISION OF BANK DEBITS AND DEPOSIT TURNOVER SERIES October 13,",1977-10-13,unknown,1,2,13,6,0,metadata_page,0.98,Explicit G.6 revision/methodology notice without three independently valid table grids.
1,1970s/1977-10-13_491110_October_13_1977.pdf,2,2,G.6,OEBITS AND DEPOSIT TURNOVER AT COMMERCIAL BANKS,1977-10-13,unknown,3,0,13,6,234,table_page,0.99,"Three semantic G.6 title bands have credible grids, month rows, and aligned numeric columns."
1,1970s/1977-11-10_491111_November_10_1977.pdf,1,1,G.6,DEBITS AND DEPOSIT TURNOVER AT COMMERCIAL BANKS,1977-11-10,unknown,3,0,13,6,234,table_page,0.99,"Three semantic G.6 title bands have credible grids, month rows, and aligned numeric columns."
1,1970s/1977-12-08_491112_December_8_1977.pdf,1,1,G.6,DEBITS AND DEPOSIT TURNOVER AT COMMERCIAL BANKS,1977-12-08,unknown,3,0,13,6,234,table_page,0.99,"Three semantic G.6 title bands have credible grids, month rows, and aligned numeric columns."
1,1970s/1978-01-11_491113_January_11_1978.pdf,1,1,G.6,DEBITS AND DEPOSIT TURNOVER AT COMMERCIAL BANKS,1978-01-11,unknown,3,0,13,6,234,table_page,0.99,"Three semantic G.6 title bands have credible grids, month rows, and aligned numeric columns."
1,1970s/1978-02-09_491114_February_9_1978.pdf,1,1,G.6,DEBITS AND DEPOSIT TURNOVER AT COMMERCIAL BANKS,1978-02-09,unknown,3,0,13,6,234,table_page,0.99,"Three semantic G.6 title bands have credible grids, month rows, and aligned numeric columns."
1,1970s/1978-03-22_491115_March_22_1978.pdf,1,1,G.6,| DEBITS AND DEPOSIT TURNOVER AT COMMERCIAL BANKS,1978-03-22,unknown,3,0,13,6,234,table_page,0.99,"Three semantic G.6 title bands have credible grids, month rows, and aligned numeric columns."
1,1970s/1978-04-13_491116_April_13_1978.pdf,1,1,G.6,DEBITS AND POSIT TURNOVER AT COMMERCIAL BANKS,1978-04-13,unknown,3,0,13,6,234,table_page,0.99,"Three semantic G.6 title bands have credible grids, month rows, and aligned numeric columns."
1,1970s/1978-05-16_491117_May_16_1978.pdf,1,1,G.6,DEBITS AND DEPOSIT TURNOVER AT COMMERCIAL BANKS,1978-05-16,unknown,3,0,13,6,234,table_page,0.99,"Three semantic G.6 title bands have credible grids, month rows, and aligned numeric columns."
1,1970s/1978-06-05_491118_June_5_1978.pdf,1,1,G.6,DEBITS AND DEPOSIT TURNOVER AT COMMERCIAL BANKS,1978-06-05,unknown,3,0,13,6,234,table_page,0.99,"Three semantic G.6 title bands have credible grids, month rows, and aligned numeric columns."
1,1970s/1978-07-20_491119_July_20_1978.pdf,1,1,G.6,DEBITS AND DEPOSIT TURNOVER AT COMMERCIAL BANKS,1978-07-20,unknown,3,0,13,6,234,table_page,0.99,"Three semantic G.6 title bands have credible grids, month rows, and aligned numeric columns."
1,1970s/1978-08-02_491120_August_2_1978.pdf,1,1,G.6,DEBITS AND DEPOSIT TURNOVER AT COMMERCIAL BANKS,1978-08-02,unknown,3,0,13,6,234,table_page,0.99,"Three semantic G.6 title bands have credible grids, month rows, and aligned numeric columns."
1,1970s/1978-09-11_491121_September_11_1978.pdf,1,1,G.6,DEBITS AND DEPOSIT TURNOVER AT COMMERCIAL BANKS,1978-09-11,unknown,3,0,13,6,234,table_page,0.99,"Three semantic G.6 title bands have credible grids, month rows, and aligned numeric columns."
1,1970s/1978-10-13_491122_October_13_1978.pdf,1,1,G.6,DEBITS AND DEPOSIT TURNOVER AT COMMERCIAL BANKS,1973-10-13,unknown,3,0,13,6,234,table_page,0.99,"Three semantic G.6 title bands have credible grids, month rows, and aligned numeric columns."
1,1970s/1978-11-14_491123_November_14_1978.pdf,1,1,G.6,DEBITS AND DEPOSIT TURNOVER AT COMMERCIAL BANKS,1978-11-14,unknown,3,0,13,6,234,table_page,0.99,"Three semantic G.6 title bands have credible grids, month rows, and aligned numeric columns."
1,1970s/1978-12-12_491124_December_12_1978.pdf,1,1,G.6,DEBITS AND DEPOSIT TURNOVER AT COMMERCIAL BANKS,1978-12-12,unknown,3,0,13,6,234,table_page,0.99,"Three semantic G.6 title bands have credible grids, month rows, and aligned numeric columns."
1,1970s/1979-01-09_491125_January_9_1979.pdf,1,1,G.6,| DEBITS AND DEPOSIT TURNOVER AT COMMERCIAL BANKS,1979-01-09,unknown,3,0,13,6,234,table_page,0.99,"Three semantic G.6 title bands have credible grids, month rows, and aligned numeric columns."
1,1970s/1979-02-15_491126_February_15_1979.pdf,1,1,G.6,DEBITS AND DEPOSIT TURNOVER AT COMMERCIAL BANKS,1979-02-15,unknown,3,0,13,6,234,table_page,0.99,"Three semantic G.6 title bands have credible grids, month rows, and aligned numeric columns."
1,1970s/1979-04-24_491127_April_24_1979.pdf,1,1,G.6,DEBITS AND DEPOSIT TURNOVER AT COMMERCIAL BANKS,1979-04-24,unknown,3,0,13,6,234,table_page,0.99,"Three semantic G.6 title bands have credible grids, month rows, and aligned numeric columns."
1,1970s/1979-05-11_491128_May_11_1979.pdf,1,1,G.6,DEBITS AND DEPOSIT TURNOVER AT COMMERCIAL BANKS,1979-05-11,unknown,3,0,13,6,234,table_page,0.99,"Three semantic G.6 title bands have credible grids, month rows, and aligned numeric columns."
1,1970s/1979-06-13_491129_June_13_1979.pdf,1,1,G.6,DEBITS AND DEPOSIT TURNOVER AT COMMERCIAL BANKS,1979-06-13,unknown,3,0,13,6,234,table_page,0.99,"Three semantic G.6 title bands have credible grids, month rows, and aligned numeric columns."
1,1970s/1979-07-12_491130_July_12_1979.pdf,1,1,G.6,DEBITS AND DEPOSIT TURNOVER AT COMMERCIAL BANKS,1979-07-12,unknown,3,0,13,6,234,table_page,0.99,"Three semantic G.6 title bands have credible grids, month rows, and aligned numeric columns."
1,1970s/1979-08-10_491131_August_10_1979.pdf,1,1,G.6,DEBITS AND DEPOSIT TURNOVER AT COMMERCIAL BANKS,1979-08-10,unknown,3,0,13,6,234,table_page,0.99,"Three semantic G.6 title bands have credible grids, month rows, and aligned numeric columns."
1,1970s/1979-09-13_491132_September_13_1979.pdf,1,1,G.6,DEBITS AND DEPOSIT TURNOVER AT COMMERCIAL BANKS,1979-09-13,unknown,3,0,13,6,234,table_page,0.99,"Three semantic G.6 title bands have credible grids, month rows, and aligned numeric columns."
1,1970s/1979-10-12_491133_October_12_1979.pdf,1,1,G.6,DEBITS AND DEPOSIT TURNOVER AT COMMERCIAL BANKS,1979-10-12,unknown,3,0,13,6,234,table_page,0.99,"Three semantic G.6 title bands have credible grids, month rows, and aligned numeric columns."
1,1970s/1979-11-15_491134_November_15_1979.pdf,1,1,G.6,DEBITS AND DEPOSIT TURNOVER AT COMMERCIAL BANKS,1979-11-15,unknown,3,0,13,6,234,table_page,0.99,"Three semantic G.6 title bands have credible grids, month rows, and aligned numeric columns."
1,1970s/1979-12-26_491135_December_26_1979.pdf,1,1,G.6,DEBITS AND DEPOSIT TURNOVER AT COMMERCIAL BANKS,1979-12-26,unknown,3,0,13,6,234,table_page,0.99,"Three semantic G.6 title bands have credible grids, month rows, and aligned numeric columns."
1,1980s/1980-01-14_491136_January_14_1980.pdf,1,1,G.6,DEBITS AND DEPOSIT TURNOVER AT COMMERCIAL BANKS,1980-01-14,unknown,3,0,13,6,234,table_page,0.99,"Three semantic G.6 title bands have credible grids, month rows, and aligned numeric columns."
1,1980s/1980-03-11_491137_March_11_1980.pdf,1,1,G.6,DEBITS AND DEPOSIT TURNOVER AT COMMERCIAL BANKS,1980-03-11,unknown,3,0,13,6,234,table_page,0.99,"Three semantic G.6 title bands have credible grids, month rows, and aligned numeric columns."
1,1980s/1980-04-02_491138_April_2_1980.pdf,1,1,G.6,DEBITS AND DEPOSIT TURNOVER AT COMMERCIAL BANKS,1980-04-02,unknown,3,0,13,6,234,table_page,0.99,"Three semantic G.6 title bands have credible grids, month rows, and aligned numeric columns."
1,1980s/1980-05-01_491139_May_1_1980.pdf,1,1,G.6,DEBITS AND DEPOSIT TURNOVER AT COMMERCIAL BANKS,,unknown,3,0,13,6,234,table_page,0.99,"Three semantic G.6 title bands have credible grids, month rows, and aligned numeric columns."
1,1980s/1980-05-12_491140_May_12_1980.pdf,1,1,G.6,e DEBITS AND DEPOSIT TURNOVER AT COMMERCIAL BANKS,1980-05-12,unknown,3,0,13,6,234,table_page,0.99,"Three semantic G.6 title bands have credible grids, month rows, and aligned numeric columns."
1,1980s/1980-06-09_491141_June_9_1980.pdf,1,1,G.6,| DEBITS AND DEPOSIT TURNOVER AT COMMERCIAL BANKS,1980-06-09,unknown,3,0,13,6,234,table_page,0.99,"Three semantic G.6 title bands have credible grids, month rows, and aligned numeric columns."
1,1980s/1980-07-09_491142_July_9_1980.pdf,1,1,G.6,DEBITS AND DEPOSIT TURNOVER AT COMMERCIAL BANKS,1980-07-09,unknown,3,0,13,6,234,table_page,0.99,"Three semantic G.6 title bands have credible grids, month rows, and aligned numeric columns."
2,1980s/1980-08-14_491143_August_14_1980.pdf,2,1,G.6,DEBITS AED DEPOSIT TOURYOVER AT CORAERCIAL BARKS,1980-08-14,unknown,3,0,13,7,273,table_page,0.99,"Three semantic G.6 title bands have credible grids, month rows, and aligned numeric columns."
2,1980s/1980-08-14_491143_August_14_1980.pdf,2,2,G.6,DEBITS AND DEPOSTT TORHOVER ABT COMAERCIAL BARKS,,unknown,2,1,13,7,273,table_page,0.99,"Three semantic G.6 title bands have credible grids, month rows, and aligned numeric columns."
2,1980s/1980-08-18_491144_August_18_1980_Corrected_copy.pdf,2,1,G.6,@ DeBITS AND DHPOSTT TUPKRSVTPR AT COMHSERCIAL BANKS,1980-08-18,unknown,3,0,13,7,273,table_page,0.99,"Three semantic G.6 title bands have credible grids, month rows, and aligned numeric columns."
2,1980s/1980-08-18_491144_August_18_1980_Corrected_copy.pdf,2,2,G.6,DEBITS AND “DBE POSIT TORWNOVER ar COR BBRCIAL BAEBKS,,unknown,2,1,13,7,273,table_page,0.99,"Three semantic G.6 title bands have credible grids, month rows, and aligned numeric columns."
2,1980s/1980-09-10_491145_September_10_1980.pdf,1,1,G.6,"DEBITS AND DEPOSIT TURNOVER AT COMMERCIAL BANKS September 1C, 1980",,unknown,3,0,13,7,273,table_page,0.99,"Three semantic G.6 title bands have credible grids, month rows, and aligned numeric columns."
2,1980s/1980-10-09_491146_October_9_1980.pdf,1,1,G.6,"DEBITS AND DEPOSIT TURNOVER AT COMMERCIAL BANKS october 9,1980",1980-10-09,unknown,3,0,13,7,273,table_page,0.99,"Three semantic G.6 title bands have credible grids, month rows, and aligned numeric columns."
2,1980s/1980-11-10_491147_November_10_1980.pdf,1,1,G.6,"DEBITS AND DEPOSIT TURNOVER AT COMMERCIAL BANKS Novenber 10, 1980",1980-11-10,unknown,3,0,13,7,273,table_page,0.99,"Three semantic G.6 title bands have credible grids, month rows, and aligned numeric columns."
2,1980s/1980-12-10_491148_December_10_1980.pdf,1,1,G.6,"| DEBITS AND DEPOSIT TURNOVER AT COMMERCIAL BANKS December 10, 1980",1980-12-10,unknown,3,0,13,7,273,table_page,0.99,"Three semantic G.6 title bands have credible grids, month rows, and aligned numeric columns."
2,1980s/1981-01-12_491149_January_12_1981.pdf,1,1,G.6,DEBITS AND DEPOSIT TURNOVER AT COMMERCIAL BANKS,1981-01-12,unknown,3,0,13,7,273,table_page,0.99,"Three semantic G.6 title bands have credible grids, month rows, and aligned numeric columns."
2,1980s/1981-03-03_491150_March_3_1981.pdf,1,1,G.6,DEBITS AND DEPOSIT TURNOVER AT COMMERCIAL BANKS,1981-03-03,unknown,3,0,13,7,273,table_page,0.99,"Three semantic G.6 title bands have credible grids, month rows, and aligned numeric columns."
2,1980s/1981-03-26_491151_March_26_1981.pdf,1,1,G.6,"DEBITS AND DEPOSIT TURNOVER AT COMMERCIAL BANKS March 26,",1981-03-26,unknown,3,0,13,7,273,table_page,0.99,"Three semantic G.6 title bands have credible grids, month rows, and aligned numeric columns."
2,1980s/1981-04-07_491152_April_7_1981.pdf,1,1,G.6,"DEBITS AND DEPOSIT TURNOVER AT COMMERCIAL BANKS ApFLL 7,",1981-04-07,unknown,3,0,13,7,273,table_page,0.99,"Three semantic G.6 title bands have credible grids, month rows, and aligned numeric columns."
2,1980s/1981-05-12_491153_May_12_1981.pdf,1,1,G.6,"| DEBITS AND DEPOSIT TURNOVER AT COMMERCIAL BANKS May 12,",1981-05-12,unknown,3,0,13,7,273,table_page,0.99,"Three semantic G.6 title bands have credible grids, month rows, and aligned numeric columns."
2,1980s/1981-06-08_491154_June_8_1981.pdf,1,1,G.6,"DEBITS AND DEPOSIT TURNOVER AT COMMERCIAL BANKS June 8,",1981-06-08,unknown,3,0,13,7,273,table_page,0.99,"Three semantic G.6 title bands have credible grids, month rows, and aligned numeric columns."
2,1980s/1981-07-13_491155_July_13_1981.pdf,1,1,G.6,"DEBITS AND DEPOSIT TURNOVER AT COMMERCIAL BANKS July 13,",1981-07-13,unknown,3,0,13,7,273,table_page,0.99,"Three semantic G.6 title bands have credible grids, month rows, and aligned numeric columns."
2,1980s/1981-08-13_491156_August_13_1981.pdf,1,1,G.6,"| DEBITS AND DEPOSIT TURNOVER AT COMMERCIAL BANKS * august 13,",1981-08-13,unknown,3,0,13,7,273,table_page,0.99,"Three semantic G.6 title bands have credible grids, month rows, and aligned numeric columns."
2,1980s/1981-09-15_491157_September_15_1981.pdf,1,1,G.6,"DEBITS AND DEPOSIT TURNOVER AT COMMERCIAL BANKS september 15,",1981-09-15,unknown,3,0,13,7,273,table_page,0.99,"Three semantic G.6 title bands have credible grids, month rows, and aligned numeric columns."
2,1980s/1981-10-15_491158_October_15_1981.pdf,1,1,G.6,DEBITS AND DEPOSIT TURNOVER AT COMMERCIAL BANKS,1981-10-15,unknown,3,0,13,7,273,table_page,0.99,"Three semantic G.6 title bands have credible grids, month rows, and aligned numeric columns."
2,1980s/1981-11-12_491159_November_12_1981.pdf,1,1,G.6,"DEBITS AND DEPOSIT TURNOVER AT COMMERCIAL BANKS November 12,",1981-11-12,unknown,3,0,13,7,273,table_page,0.99,"Three semantic G.6 title bands have credible grids, month rows, and aligned numeric columns."
2,1980s/1981-12-14_491160_December_14_1981.pdf,1,1,G.6,DEBITS AND DEPOSIT TURNOVER AT COMMERCIAL BANKS,1981-12-14,unknown,3,0,13,7,273,table_page,0.99,"Three semantic G.6 title bands have credible grids, month rows, and aligned numeric columns."
2,1980s/1982-01-19_491161_January_19_1982.pdf,1,1,G.6,"DEBITS AND DEPOSIT TURNOVER AT COMMERCIAL BANKS JANUARY 19,",1982-01-19,unknown,3,0,13,7,273,table_page,0.99,"Three semantic G.6 title bands have credible grids, month rows, and aligned numeric columns."
2,1980s/1982-02-16_491162_February_16_1982.pdf,1,1,G.6,"OEBITS AND DEPOSIT TURNOVER AT COMMERCIAL BANKS February 16,",1982-02-16,unknown,3,0,13,7,273,table_page,0.99,"Three semantic G.6 title bands have credible grids, month rows, and aligned numeric columns."
2,1980s/1982-02-23_491163_February_23_1982.pdf,1,1,G.6,DEBITS AND DEPOSIT TURNOVER AT COMMERCIAL BANKS,1982-02-23,unknown,3,0,13,7,273,table_page,0.99,"Three semantic G.6 title bands have credible grids, month rows, and aligned numeric columns."
2,1980s/1982-03-17_491164_March_17_1982.pdf,1,1,G.6,DEBITS AND DEPOSIT TURNOVER AT COMMERCIAL BANKS,1982-03-17,unknown,3,0,13,7,273,table_page,0.99,"Three semantic G.6 title bands have credible grids, month rows, and aligned numeric columns."
2,1980s/1982-04-13_491165_April_13_1982.pdf,1,1,G.6,| DEBITS AND DEPOSIT TURNOVER AT COMMERCIAL BANKS,1982-04-13,unknown,3,0,13,7,273,table_page,0.99,"Three semantic G.6 title bands have credible grids, month rows, and aligned numeric columns."
2,1980s/1982-05-13_491166_May_13_1982.pdf,1,1,G.6,ODEBITS AND DEPOSIT TURNOVER AT COMMERCIAL BANKS,,unknown,3,0,13,7,273,table_page,0.99,"Three semantic G.6 title bands have credible grids, month rows, and aligned numeric columns."
2,1980s/1982-06-14_491167_June_14_1982.pdf,1,1,G.6,"OEBITS AND DEPOSIT TURNOVER AT COMMERCIAL BANKS June 14,",1982-06-14,unknown,3,0,13,7,273,table_page,0.99,"Three semantic G.6 title bands have credible grids, month rows, and aligned numeric columns."
2,1980s/1982-07-15_491168_July_15_1982.pdf,1,1,G.6,"DEBITS AND DEPOSIT TURNOVER AT COMMERCIAL BANKS july 15,",1982-07-15,unknown,3,0,13,7,273,table_page,0.99,"Three semantic G.6 title bands have credible grids, month rows, and aligned numeric columns."
2,1980s/1982-08-04_491169_August_4_1982.pdf,1,1,G.6,"DEBITS AND DEPOSIT TURNOVER AT COMMERCIAL BANKS August 4,",1982-08-04,unknown,3,0,13,7,273,table_page,0.99,"Three semantic G.6 title bands have credible grids, month rows, and aligned numeric columns."
3,1980s/1982-10-14_491170_October_14_1982.pdf,3,1,G.6,"G.6(408) DEBITS AND DEPOSIT TURNOVER October 14,",1982-10-14,unknown,0,0,0,0,0,metadata_page,0.94,Explicit G.6 page without a structurally valid monthly table grid.
3,1980s/1982-10-14_491170_October_14_1982.pdf,3,2,G.6,DEBITS AND DEPOSIT TURNOVER AT COMMERCIAL BANKS,1982-10-14,SA,3,0,13,5,195,table_page,0.99,"Three semantic G.6 title bands have credible grids, month rows, and aligned numeric columns."
3,1980s/1982-10-14_491170_October_14_1982.pdf,3,3,G.6,"DEBIT$ AND DEPOSIT TURNOVER AT COMMERCIAL BANKS October 14,",1982-10-14,NSA,3,0,13,5,195,table_page,0.99,"Three semantic G.6 title bands have credible grids, month rows, and aligned numeric columns."
3,1980s/1982-11-10_491171_November_10_1982.pdf,2,1,G.6,DEBITS AND DEPOSIT TURNOVER AT COMMERCIAL BANKS,1982-11-10,SA,3,0,13,5,195,table_page,0.99,"Three semantic G.6 title bands have credible grids, month rows, and aligned numeric columns."
3,1980s/1982-11-10_491171_November_10_1982.pdf,2,2,G.6,"DEBITS AND DEPOSIT TURNOVER AT COMMERCIAL BANKS November 10,",1982-11-10,NSA,3,0,13,5,195,table_page,0.99,"Three semantic G.6 title bands have credible grids, month rows, and aligned numeric columns."
3,1980s/1982-12-10_491172_December_10_1982.pdf,2,1,G.6,DEBITS AND DEPOSIT TURNOVER AT COMMERCIAL BANKS December 10.,,NSA,3,0,13,5,195,table_page,0.99,"Three semantic G.6 title bands have credible grids, month rows, and aligned numeric columns."
3,1980s/1982-12-10_491172_December_10_1982.pdf,2,2,G.6,DERITS AND DEPOSIT TURNOVER AT COMMERCIAL BANKS,1982-12-10,SA,1,2,13,5,195,table_page,0.99,"Three semantic G.6 title bands have credible grids, month rows, and aligned numeric columns."
3,1980s/1983-01-13_491173_January_13_1983.pdf,2,1,G.6,DEBITS AND DEPOSIT TURNOVER AT COMMERCIAL BANKS,1983-01-13,SA,3,0,13,5,195,table_page,0.99,"Three semantic G.6 title bands have credible grids, month rows, and aligned numeric columns."
3,1980s/1983-01-13_491173_January_13_1983.pdf,2,2,G.6,"DEBITS AND DEPOSIT TURNOVER AT COMMERCIAL BANKS January 13,",1983-01-13,NSA,3,0,13,5,195,table_page,0.99,"Three semantic G.6 title bands have credible grids, month rows, and aligned numeric columns."
3,1980s/1983-02-09_491174_February_9_1983.pdf,2,1,G.6,"DEBITS AND DEPOSIT TURNOVER AT COMMERCIAL BANKS February 9,",1983-02-09,NSA,3,0,13,5,195,table_page,0.99,"Three semantic G.6 title bands have credible grids, month rows, and aligned numeric columns."
3,1980s/1983-02-09_491174_February_9_1983.pdf,2,2,G.6,"DEBITS AND DEPOSIT TURNOVER AT COMMERCIAL BANKS February 9,",1983-02-09,SA,3,0,13,5,195,table_page,0.99,"Three semantic G.6 title bands have credible grids, month rows, and aligned numeric columns."
4,1980s/1983-03-22_491175_March_22_1983.pdf,2,1,G.6,"DEBITS AND DEPOSIT TURNOVER AT COMMERCIAL BANKS March 22,",1983-03-22,NSA,3,0,13,6,234,table_page,0.99,"Three semantic G.6 title bands have credible grids, month rows, and aligned numeric columns."
4,1980s/1983-03-22_491175_March_22_1983.pdf,2,2,G.6,"DEBITS AND DEPOSIT TURNOVER AT COMMERCIAL BANKS March 22,",1983-03-22,SA,3,0,13,5,195,table_page,0.99,"Three semantic G.6 title bands have credible grids, month rows, and aligned numeric columns."
4,1980s/1983-04-15_491176_April_15_1983.pdf,2,1,G.6,DEBITS AND DEPOSIT TURNOVER AT COMMERCIAL BANKS :,1983-04-15,NSA,3,0,13,6,234,table_page,0.99,"Three semantic G.6 title bands have credible grids, month rows, and aligned numeric columns."
4,1980s/1983-04-15_491176_April_15_1983.pdf,2,2,G.6,"DEBITS AND DEPOSIT TURNOVER AT COMMERCIAL BANKS April 15, 1983 e",1983-04-15,SA,3,0,13,5,195,table_page,0.99,"Three semantic G.6 title bands have credible grids, month rows, and aligned numeric columns."
4,1980s/1983-05-09_491177_May_9_1983.pdf,2,1,G.6,OEBITS AND DEPOSIT TURNOVER AT COMMERCIAL BANKS y,1983-05-09,SA,3,0,13,5,195,table_page,0.99,"Three semantic G.6 title bands have credible grids, month rows, and aligned numeric columns."
4,1980s/1983-05-09_491177_May_9_1983.pdf,2,2,G.6,OEBITS AND DEPOSIT TURNOVER AT COMMERCIAL BANKS,1983-05-09,NSA,3,0,13,6,234,table_page,0.99,"Three semantic G.6 title bands have credible grids, month rows, and aligned numeric columns."
4,1980s/1983-06-21_491178_June_21_1983.pdf,2,1,G.6,DEBITS AND DEPOSIT TURNOVER AT COMMERCIAL BANKS,1983-06-21,NSA,3,0,13,6,234,table_page,0.99,"Three semantic G.6 title bands have credible grids, month rows, and aligned numeric columns."
4,1980s/1983-06-21_491178_June_21_1983.pdf,2,2,G.6,"DEBITS AND DEPOSIT TURNOVER AT COMMERCIAL BANKS june 21,",1983-06-21,SA,3,0,13,5,195,table_page,0.99,"Three semantic G.6 title bands have credible grids, month rows, and aligned numeric columns."
4,1980s/1983-07-12_491179_July_12_1983.pdf,2,1,G.6,"DEBITS AND DEPOSIT TURNOVER AT COMMERCIAL BANKS july 12,",1983-07-12,NSA,3,0,13,6,234,table_page,0.99,"Three semantic G.6 title bands have credible grids, month rows, and aligned numeric columns."
4,1980s/1983-07-12_491179_July_12_1983.pdf,2,2,G.6,DEBITS AND DEPOSIT TURNOVER AT COMMERCIAL BANKS,1983-07-12,SA,3,0,13,5,195,table_page,0.99,"Three semantic G.6 title bands have credible grids, month rows, and aligned numeric columns."
4,1980s/1983-08-12_491180_August_12_1983.pdf,2,1,G.6,DEBITS AND DEPOSIT TURNOVER AT COMMERCIAL BANKS,1983-08-12,unknown,3,0,13,5,195,table_page,0.99,"Three semantic G.6 title bands have credible grids, month rows, and aligned numeric columns."
4,1980s/1983-08-12_491180_August_12_1983.pdf,2,2,G.6,DEBITS AND DEPOSIT TURNOVER AT COMMERCIAL BANKS,,NSA,3,0,13,6,234,table_page,0.99,"Three semantic G.6 title bands have credible grids, month rows, and aligned numeric columns."
4,1980s/1983-09-26_491181_September_26_1983.pdf,2,1,G.6,DEBITS AND DEPOSIT TURNOVER AT COMMERCIAL BANKS,1983-09-26,SA,3,0,13,5,195,table_page,0.99,"Three semantic G.6 title bands have credible grids, month rows, and aligned numeric columns."
4,1980s/1983-09-26_491181_September_26_1983.pdf,2,2,G.6,DEBITS AND DEPOSIT TURNOVER AT COMMERCIAL BANKS,1983-09-26,NSA,3,0,13,6,234,table_page,0.99,"Three semantic G.6 title bands have credible grids, month rows, and aligned numeric columns."
4,1980s/1983-10-13_491182_October_13_1983.pdf,2,1,G.6,"DEBITS AND DEPOSIT TURNOVER AT COMMERCIAL BANKS October 13,",1983-10-13,SA,3,0,13,5,195,table_page,0.99,"Three semantic G.6 title bands have credible grids, month rows, and aligned numeric columns."
4,1980s/1983-10-13_491182_October_13_1983.pdf,2,2,G.6,"DEBITS AND DEPOSIT TURNOVER AT COMMERCIAL BANKS Jetober 13,",1983-10-13,NSA,3,0,13,6,234,table_page,0.99,"Three semantic G.6 title bands have credible grids, month rows, and aligned numeric columns."
4,1980s/1983-11-17_491183_November_17_1983.pdf,2,1,G.6,DEBITS AND DEPOSIT TURNOVER AT COMMERCIAL BANKS November 17.,1983-11-17,SA,3,0,13,5,195,table_page,0.99,"Three semantic G.6 title bands have credible grids, month rows, and aligned numeric columns."
4,1980s/1983-11-17_491183_November_17_1983.pdf,2,2,G.6,| DEBITS AND DEPOSIT TURNOVER AT COMMERCIAL BANKS ;,1983-11-17,NSA,3,0,13,6,234,table_page,0.99,"Three semantic G.6 title bands have credible grids, month rows, and aligned numeric columns."
4,1980s/1983-12-27_491184_December_27_1983.pdf,2,1,G.6,r ) DEBITS AND DEPOSIT TURNOVER AT COMMERCIAL BANKS,1983-12-27,NSA,3,0,13,6,234,table_page,0.99,"Three semantic G.6 title bands have credible grids, month rows, and aligned numeric columns."
4,1980s/1983-12-27_491184_December_27_1983.pdf,2,2,G.6,"DEBITS AND DEPOSIT TURNOVER AT COMMERCIAL BANKS December 27,",1983-12-27,SA,3,0,13,5,195,table_page,0.99,"Three semantic G.6 title bands have credible grids, month rows, and aligned numeric columns."
4,1980s/1984-01-10_491185_January_10_1984.pdf,2,1,G.6,"' DEBITS AND DEPOSIT TURNOVER AT COMMERCIAL BANKS January 10,",1984-01-10,SA,3,0,13,5,195,table_page,0.99,"Three semantic G.6 title bands have credible grids, month rows, and aligned numeric columns."
4,1980s/1984-01-10_491185_January_10_1984.pdf,2,2,G.6,DEBITS AND DEPOSIT TURNOVER AT COMMERCIAL BANKS j,1984-01-10,NSA,3,0,13,6,234,table_page,0.99,"Three semantic G.6 title bands have credible grids, month rows, and aligned numeric columns."
4,1980s/1984-02-13_491186_February_13_1984.pdf,2,1,G.6,OEBITS AND DEPOSIT TURNOVER AT COMMERCIAL BANKS,1984-02-13,NSA,3,0,13,6,234,table_page,0.99,"Three semantic G.6 title bands have credible grids, month rows, and aligned numeric columns."
4,1980s/1984-02-13_491186_February_13_1984.pdf,2,2,G.6,"OEBITS AND DEPOSIT TURNOVER AT COMMERCIAL BANKS February 13,",1984-02-13,SA,3,0,13,5,195,table_page,0.99,"Three semantic G.6 title bands have credible grids, month rows, and aligned numeric columns."
4,1980s/1984-03-20_491187_March_20_1984.pdf,2,1,G.6,"DEBITS AND DEPOSIT TURNOVER AT COMMERCIAL BANKS March 20,",1984-03-20,SA,3,0,13,5,195,table_page,0.99,"Three semantic G.6 title bands have credible grids, month rows, and aligned numeric columns."
4,1980s/1984-03-20_491187_March_20_1984.pdf,2,2,G.6,"DEBITS AND DEPOSIT TURNOVER AT COMMERCIAL BANKS March 20,",1984-03-20,NSA,3,0,13,6,234,table_page,0.99,"Three semantic G.6 title bands have credible grids, month rows, and aligned numeric columns."
4,1980s/1984-04-17_491188_April_17_1984.pdf,2,1,G.6,"DEBITS AND DEPOSIT TURNOVER AT COMMERCIAL BANKS April 17,",1984-04-17,SA,3,0,13,5,195,table_page,0.99,"Three semantic G.6 title bands have credible grids, month rows, and aligned numeric columns."
4,1980s/1984-04-17_491188_April_17_1984.pdf,2,2,G.6,DEBITS AND DEPOSIT TURNOVER AT COMMERCIAL BANKS,1984-04-17,NSA,3,0,13,6,234,table_page,0.99,"Three semantic G.6 title bands have credible grids, month rows, and aligned numeric columns."
4,1980s/1984-05-11_491189_May_11_1984.pdf,2,1,G.6,"DEBITS AND DEPOSIT TURNOVER AT COMMERCIAL BANKS May IL,",1984-05-11,SA,3,0,13,5,195,table_page,0.99,"Three semantic G.6 title bands have credible grids, month rows, and aligned numeric columns."
4,1980s/1984-05-11_491189_May_11_1984.pdf,2,2,G.6,"OEBITS AND DEPOSIT TURNOVER AT COMMERCIAL BANKS May 11,",1984-05-11,NSA,3,0,13,6,234,table_page,0.99,"Three semantic G.6 title bands have credible grids, month rows, and aligned numeric columns."
4,1980s/1984-06-15_491190_June_15_1984.pdf,2,1,G.6,"DEBITS AND DEPOSIT TURNOVER AT COMMERCIAL BANKS June 15,",1984-06-15,NSA,3,0,13,6,234,table_page,0.99,"Three semantic G.6 title bands have credible grids, month rows, and aligned numeric columns."
4,1980s/1984-06-15_491190_June_15_1984.pdf,2,2,G.6,DEBITS AND DEPOSIT TURNOVER AT COMMERCIAL BANKS,1984-06-15,SA,3,0,13,5,195,table_page,0.99,"Three semantic G.6 title bands have credible grids, month rows, and aligned numeric columns."
4,1980s/1984-07-13_491191_July_13_1984.pdf,2,1,G.6,"DEBITS AND DEPOSIT TURNOVER AT COMMERCIAL BANKS July 13,",1984-07-13,NSA,3,0,13,6,234,table_page,0.99,"Three semantic G.6 title bands have credible grids, month rows, and aligned numeric columns."
4,1980s/1984-07-13_491191_July_13_1984.pdf,2,2,G.6,' DEBITS AND DEPOSIT TURNOVER AT COMMERCIAL BANKS,1984-07-13,SA,3,0,13,5,195,table_page,0.99,"Three semantic G.6 title bands have credible grids, month rows, and aligned numeric columns."
4,1980s/1984-08-13_491192_August_13_1984.pdf,2,1,G.6,"DEBITS AND DEPOSIT TURNOVER AT COMMERCIAL BANKS August 13,",1984-08-13,NSA,3,0,13,6,234,table_page,0.99,"Three semantic G.6 title bands have credible grids, month rows, and aligned numeric columns."
4,1980s/1984-08-13_491192_August_13_1984.pdf,2,2,G.6,DEBITS AND DEPOSIT TURNOVER AT COMMERCIAL BANKS,1984-08-13,SA,3,0,13,5,195,table_page,0.99,"Three semantic G.6 title bands have credible grids, month rows, and aligned numeric columns."
4,1980s/1984-09-11_491193_September_11_1984.pdf,2,1,G.6,e DEBITS AND DEPOSIT TURNOVER AT COMMERCIAL BANKS,1984-09-11,SA,3,0,13,5,195,table_page,0.99,"Three semantic G.6 title bands have credible grids, month rows, and aligned numeric columns."
4,1980s/1984-09-11_491193_September_11_1984.pdf,2,2,G.6,DEBITS AND DEPOSIT TURNOVER AT COMMERCIAL BANKS,1984-09-11,NSA,3,0,13,6,234,table_page,0.99,"Three semantic G.6 title bands have credible grids, month rows, and aligned numeric columns."
4,1980s/1984-10-15_491194_October_15_1984.pdf,2,1,G.6,DEBITS AND DEPOSIT TURNOVER AT COMMERCIAL BANKS,1984-10-15,SA,3,0,13,5,195,table_page,0.99,"Three semantic G.6 title bands have credible grids, month rows, and aligned numeric columns."
4,1980s/1984-10-15_491194_October_15_1984.pdf,2,2,G.6,DEBITS AND DEPOSIT TURNOVER AT COMMERCIAL BANKS,1984-10-15,NSA,3,0,13,6,234,table_page,0.99,"Three semantic G.6 title bands have credible grids, month rows, and aligned numeric columns."
4,1980s/1984-11-20_491195_November_20_1984.pdf,2,1,G.6,"DEBITS AND DEPOSIT TURNOVER AT COMMERCIAL BANKS November 20,",1984-11-20,SA,3,0,13,5,195,table_page,0.99,"Three semantic G.6 title bands have credible grids, month rows, and aligned numeric columns."
4,1980s/1984-11-20_491195_November_20_1984.pdf,2,2,G.6,"| DEBITS AND DEPOSIT TURNOVER AT COMMERCIAL BANKS November 20,",1984-11-20,NSA,3,0,13,6,234,table_page,0.99,"Three semantic G.6 title bands have credible grids, month rows, and aligned numeric columns."
4,1980s/1984-12-14_491196_December_14_1984.pdf,2,1,G.6,DEBITS AND DEPOSIT TURNOVER AT COMMERCIAL BANKS,1984-12-14,NSA,3,0,13,6,234,table_page,0.99,"Three semantic G.6 title bands have credible grids, month rows, and aligned numeric columns."
4,1980s/1984-12-14_491196_December_14_1984.pdf,2,2,G.6,"DEBITS AND DEPOSIT TURNOVER AT COMMERCIAL BANKS 14,",1984-12-14,SA,3,0,13,5,195,table_page,0.99,"Three semantic G.6 title bands have credible grids, month rows, and aligned numeric columns."
4,1980s/1985-01-11_491197_January_11_1985.pdf,2,1,G.6,"DEBITS AND DEPOSIT TURNOVER AT COMMERCIAL BANKS January 11,",1985-01-11,NSA,3,0,13,6,234,table_page,0.99,"Three semantic G.6 title bands have credible grids, month rows, and aligned numeric columns."
4,1980s/1985-01-11_491197_January_11_1985.pdf,2,2,G.6,"DEBITS AND DEPOSIT TURNOVER AT COMMERCIAL BANKS January 11,",1985-01-11,SA,3,0,13,5,195,table_page,0.99,"Three semantic G.6 title bands have credible grids, month rows, and aligned numeric columns."
4,1980s/1985-02-12_491198_February_12_1985.pdf,2,1,G.6,"DEBITS AND DEPOSIT TURNOVER AT COMMERCIAL BANKS February 12,",1985-02-12,NSA,3,0,13,6,234,table_page,0.99,"Three semantic G.6 title bands have credible grids, month rows, and aligned numeric columns."
4,1980s/1985-02-12_491198_February_12_1985.pdf,2,2,G.6,"DEBITS AND DEPOSIT TURNOVER AT COMMERCIAL BANKS February 12,",1985-02-12,SA,3,0,13,5,195,table_page,0.99,"Three semantic G.6 title bands have credible grids, month rows, and aligned numeric columns."
4,1980s/1985-03-12_491199_March_12_1985.pdf,2,1,G.6,"@ DEBITS AND DEPOSIT TURNOVER AT COMMERCIAL BANKS March 12,",1985-03-12,NSA,3,0,13,6,234,table_page,0.99,"Three semantic G.6 title bands have credible grids, month rows, and aligned numeric columns."
4,1980s/1985-03-12_491199_March_12_1985.pdf,2,2,G.6,"DEBITS AND DEPOSIT TURNOVER AT COMMERCIAL BANKS March 12, 1985 @",1985-03-12,SA,3,0,13,5,195,table_page,0.99,"Three semantic G.6 title bands have credible grids, month rows, and aligned numeric columns."
4,1980s/1985-04-12_491200_April_12_1985.pdf,2,1,G.6,"DEBITS AND DEPOSIT TURNOVER AT COMMERCIAL BANKS . April 12,",1985-04-12,SA,3,0,13,5,195,table_page,0.99,"Three semantic G.6 title bands have credible grids, month rows, and aligned numeric columns."
4,1980s/1985-04-12_491200_April_12_1985.pdf,2,2,G.6,"DEBITS AND DEPOSIT TURNOVER AT COMMERCIAL BANKS April 12,",1985-04-12,NSA,3,0,13,6,234,table_page,0.99,"Three semantic G.6 title bands have credible grids, month rows, and aligned numeric columns."
4,1980s/1985-05-13_491201_May_13_1985.pdf,2,1,G.6,DEBITS AND DEPOSIT TURNOVER AT COMMERCIAL BANKS,1985-05-13,SA,3,0,13,5,195,table_page,0.99,"Three semantic G.6 title bands have credible grids, month rows, and aligned numeric columns."
4,1980s/1985-05-13_491201_May_13_1985.pdf,2,2,G.6,"DEBITS AND DEPOSIT TURNOVER AT COMMERCIAL BANKS May 13,",1985-05-13,NSA,3,0,13,6,234,table_page,0.99,"Three semantic G.6 title bands have credible grids, month rows, and aligned numeric columns."
4,1980s/1985-06-14_491202_June_14_1985.pdf,2,1,G.6,DEBITS AND DEPOSIT TURNOVER AT COMMERCIAL BANKS,1985-06-14,NSA,3,0,13,6,234,table_page,0.99,"Three semantic G.6 title bands have credible grids, month rows, and aligned numeric columns."
4,1980s/1985-06-14_491202_June_14_1985.pdf,2,2,G.6,"DEBITS AND DEPOSIT TURNOVER AT COMMERCIAL BANKS June 14,",1985-06-14,SA,3,0,13,5,195,table_page,0.99,"Three semantic G.6 title bands have credible grids, month rows, and aligned numeric columns."
4,1980s/1985-07-12_491203_July_12_1985.pdf,2,1,G.6,"DEBITS AND DEPOSIT TURNOVER AT COMMERCIAL BANKS July 12,",1985-07-12,NSA,3,0,13,6,234,table_page,0.99,"Three semantic G.6 title bands have credible grids, month rows, and aligned numeric columns."
4,1980s/1985-07-12_491203_July_12_1985.pdf,2,2,G.6,DEBITS AND DEPOSIT TURNOVER AT COMMERCIAL BANKS,1985-07-12,SA,3,0,13,5,195,table_page,0.99,"Three semantic G.6 title bands have credible grids, month rows, and aligned numeric columns."
4,1980s/1985-08-12_491204_August_12_1985.pdf,2,1,G.6,DEBITS AND DEPOSIT TURNOVER AT COMMERCIAL BANKS,1985-08-12,NSA,3,0,13,6,234,table_page,0.99,"Three semantic G.6 title bands have credible grids, month rows, and aligned numeric columns."
4,1980s/1985-08-12_491204_August_12_1985.pdf,2,2,G.6,DEBITS AND DEPOSIT TURNOVER AT COMMERCIAL BANKS,1985-08-12,SA,3,0,13,5,195,table_page,0.99,"Three semantic G.6 title bands have credible grids, month rows, and aligned numeric columns."
4,1980s/1985-09-13_491205_September_13_1985.pdf,2,1,G.6,"DEBITS AND DEPOSIT TURNOVER AT COMMERCIAL BANKS September 13,",1985-09-13,NSA,3,0,13,6,234,table_page,0.99,"Three semantic G.6 title bands have credible grids, month rows, and aligned numeric columns."
4,1980s/1985-09-13_491205_September_13_1985.pdf,2,2,G.6,"DEBITS AND DEPOSIT TURNOVER AT COMMERCIAL BANKS September 13,",1985-09-13,SA,3,0,13,5,195,table_page,0.99,"Three semantic G.6 title bands have credible grids, month rows, and aligned numeric columns."
4,1980s/1985-10-15_491206_October_15_1985.pdf,2,1,G.6,| DEBITS AND DEPOSIT TURNOVER AT COMMERCIAL BANKS 5.,1985-10-15,NSA,3,0,13,6,234,table_page,0.99,"Three semantic G.6 title bands have credible grids, month rows, and aligned numeric columns."
4,1980s/1985-10-15_491206_October_15_1985.pdf,2,2,G.6,"DEBITS AND DEPOSIT TURNOVER AT COMMERCIAL BANKS october 15,",1985-10-15,SA,3,0,13,5,195,table_page,0.99,"Three semantic G.6 title bands have credible grids, month rows, and aligned numeric columns."
4,1980s/1985-11-15_491207_November_15_1985.pdf,2,1,G.6,DEBITS AND DEPOSIT TURNOVER AT COMMERCIAL BANKS,1985-11-15,SA,3,0,13,5,195,table_page,0.99,"Three semantic G.6 title bands have credible grids, month rows, and aligned numeric columns."
4,1980s/1985-11-15_491207_November_15_1985.pdf,2,2,G.6,DEBITS AND DEPOSIT TURNOVER AT COMMERCIAL BANKS,1985-11-15,NSA,3,0,13,6,234,table_page,0.99,"Three semantic G.6 title bands have credible grids, month rows, and aligned numeric columns."
4,1980s/1985-12-13_491209_December_13_1985.pdf,2,1,G.6,DEBITS AND DEPOSIT TURNOVER AT COMMERCIAL BANKS Decenter 13.,1985-12-13,SA,3,0,13,5,195,table_page,0.99,"Three semantic G.6 title bands have credible grids, month rows, and aligned numeric columns."
4,1980s/1985-12-13_491209_December_13_1985.pdf,2,2,G.6,"DEBITS AND DEPOSIT TURNOVER AT COMMERCIAL BANKS December 13,",1985-12-13,NSA,3,0,13,6,234,table_page,0.99,"Three semantic G.6 title bands have credible grids, month rows, and aligned numeric columns."
4,1980s/1986-01-15_491210_January_15_1986.pdf,2,1,G.6,"DEBITS AND DEPOSIT TURNOVER AT COMMERCIAL BANKS Ja 15,",1986-01-15,NSA,3,0,13,6,234,table_page,0.99,"Three semantic G.6 title bands have credible grids, month rows, and aligned numeric columns."
4,1980s/1986-01-15_491210_January_15_1986.pdf,2,2,G.6,"DEBITS AND DEPOSIT TURNOVER AT COMMERCIAL BAMKS January 15,",1986-01-15,SA,3,0,13,5,195,table_page,0.99,"Three semantic G.6 title bands have credible grids, month rows, and aligned numeric columns."
4,1980s/1986-02-12_491211_February_12_1986.pdf,2,1,G.6,DEBITS AND DEPOSIT TURNOVER AT COMMERCIAL BANKS,1986-02-12,NSA,3,0,13,6,234,table_page,0.99,"Three semantic G.6 title bands have credible grids, month rows, and aligned numeric columns."
4,1980s/1986-02-12_491211_February_12_1986.pdf,2,2,G.6,DEBITS AND DEPOSIT TURNOVER AT COMMERCIAL BANKS,1986-02-12,SA,3,0,13,5,195,table_page,0.99,"Three semantic G.6 title bands have credible grids, month rows, and aligned numeric columns."
4,1980s/1986-03-18_491212_March_18_1986.pdf,2,1,G.6,"DEBITS AND DEPOSIT TURNOVER AT COMMERCIAL BANKS March 13,",1986-03-13,NSA,3,0,13,6,234,table_page,0.99,"Three semantic G.6 title bands have credible grids, month rows, and aligned numeric columns."
4,1980s/1986-03-18_491212_March_18_1986.pdf,2,2,G.6,"DEBITS AND DEPOSIT TURNOVER AT COMMERCIAL BANKS March 18,",1986-03-18,SA,3,0,13,5,195,table_page,0.99,"Three semantic G.6 title bands have credible grids, month rows, and aligned numeric columns."
4,1980s/1986-04-21_491213_April_21_1986.pdf,2,1,G.6,"DEBITS AND DEPOSIT TURNOVER AT COMMERCIAL BANKS April 21,",1986-04-21,SA,3,0,13,5,195,table_page,0.99,"Three semantic G.6 title bands have credible grids, month rows, and aligned numeric columns."
4,1980s/1986-04-21_491213_April_21_1986.pdf,2,2,G.6,DEBITS AND DEPOSIT TURNOVER AT COMMERCIAL BANKS,1986-04-21,NSA,3,0,13,6,234,table_page,0.99,"Three semantic G.6 title bands have credible grids, month rows, and aligned numeric columns."
4,1980s/1986-05-14_491214_May_14_1986.pdf,2,1,G.6,"| DEBITS AND DEPOSIT TURNOVER AT COMMERCIAL BANKS May 14,",1986-05-14,SA,3,0,13,5,195,table_page,0.99,"Three semantic G.6 title bands have credible grids, month rows, and aligned numeric columns."
4,1980s/1986-05-14_491214_May_14_1986.pdf,2,2,G.6,"DEBITS AND DEPOSIT TURNOVER AT COMMERCIAL BANKS May 14,",1986-05-14,NSA,3,0,13,6,234,table_page,0.99,"Three semantic G.6 title bands have credible grids, month rows, and aligned numeric columns."
4,1980s/1986-06-13_491215_June_13_1986.pdf,2,1,G.6,DEBITS AND DEPOSIT TURNOVER AT COMMERCIAL BANKS,1986-06-13,SA,3,0,13,5,195,table_page,0.99,"Three semantic G.6 title bands have credible grids, month rows, and aligned numeric columns."
4,1980s/1986-06-13_491215_June_13_1986.pdf,2,2,G.6,"DEBITS AND DEPOSIT TURNOVER AT COMMERCIAL BANKS JUNE 13,",1986-06-13,NSA,3,0,13,6,234,table_page,0.99,"Three semantic G.6 title bands have credible grids, month rows, and aligned numeric columns."
4,1980s/1986-07-14_491216_July_14_1986.pdf,2,1,G.6,"DEBITS AND DEPOSIT TURNOVER AT COMMERCIAL BANKS JULY 14,",1986-07-14,SA,3,0,13,5,195,table_page,0.99,"Three semantic G.6 title bands have credible grids, month rows, and aligned numeric columns."
4,1980s/1986-07-14_491216_July_14_1986.pdf,2,2,G.6,DEBITS AND DEPOSIT TURNOVER AT COMMERCIAL BANKS IULY,1986-07-14,NSA,3,0,13,6,234,table_page,0.99,"Three semantic G.6 title bands have credible grids, month rows, and aligned numeric columns."
4,1980s/1986-08-12_491217_August_12_1986.pdf,2,1,G.6,DEBITS AND DEPOSIT TURNOVER AT COMMERCIAL BANKS,1986-08-12,SA,3,0,13,5,195,table_page,0.99,"Three semantic G.6 title bands have credible grids, month rows, and aligned numeric columns."
4,1980s/1986-08-12_491217_August_12_1986.pdf,2,2,G.6,DEBITS AND DEPOSIT TURNOVER AT COMMERCIAL BANKS,1986-08-12,NSA,3,0,13,6,234,table_page,0.99,"Three semantic G.6 title bands have credible grids, month rows, and aligned numeric columns."
4,1980s/1986-09-15_491218_September_15_1986.pdf,2,1,G.6,"DEBITS AND DEPOSIT TURNOVER AT COMMERCIAL BANKS SEPTEMBER 15,",1986-09-15,SA,3,0,13,5,195,table_page,0.99,"Three semantic G.6 title bands have credible grids, month rows, and aligned numeric columns."
4,1980s/1986-09-15_491218_September_15_1986.pdf,2,2,G.6,"DEBITS AND DEPOSIT TURNOVER AT COMMERCIAL BANKS SEPTEMBER 15,",1986-09-15,NSA,3,0,13,6,234,table_page,0.99,"Three semantic G.6 title bands have credible grids, month rows, and aligned numeric columns."
4,1980s/1986-10-14_491219_October_14_1986.pdf,2,1,G.6,DEBITS AND DEPOSIT TURNOVER AT COMMERCIAL BANKS 0,1986-10-14,NSA,3,0,13,6,234,table_page,0.99,"Three semantic G.6 title bands have credible grids, month rows, and aligned numeric columns."
4,1980s/1986-10-14_491219_October_14_1986.pdf,2,2,G.6,"OEBITS AND DEPOSIT TURNOVER AT COMMERCIAL BANKS OCTOBER 14,",1986-10-14,SA,3,0,13,5,195,table_page,0.99,"Three semantic G.6 title bands have credible grids, month rows, and aligned numeric columns."
4,1980s/1986-11-19_491220_November_19_1986.pdf,2,1,G.6,DEBITS AND DEPOSIT TURNOVER AT COMMERCIAL BANKS,1986-11-19,NSA,3,0,13,6,234,table_page,0.99,"Three semantic G.6 title bands have credible grids, month rows, and aligned numeric columns."
4,1980s/1986-11-19_491220_November_19_1986.pdf,2,2,G.6,"DEBITS AND DEPOSIT TURNOVER AT COMMERCIAL BANKS November 19,",1986-11-19,SA,3,0,13,5,195,table_page,0.99,"Three semantic G.6 title bands have credible grids, month rows, and aligned numeric columns."
4,1980s/1986-12-16_491221_December_16_1986.pdf,2,1,G.6,DEBITS AND DEPOSIT TURNOVER AT COMMERCIAL BANKS,1986-12-16,NSA,3,0,13,6,234,table_page,0.99,"Three semantic G.6 title bands have credible grids, month rows, and aligned numeric columns."
4,1980s/1986-12-16_491221_December_16_1986.pdf,2,2,G.6,DEBITS AND DEPOSIT TURNOVER AT COMMERCIAL BANKS,1986-12-16,SA,3,0,13,5,195,table_page,0.99,"Three semantic G.6 title bands have credible grids, month rows, and aligned numeric columns."
4,1980s/1987-01-14_491222_January_14_1987.pdf,2,1,G.6,DEBITS AND DEPOSIT TURNOVER AT COMMERCIAL BANKS,1987-01-14,SA,3,0,13,5,195,table_page,0.99,"Three semantic G.6 title bands have credible grids, month rows, and aligned numeric columns."
4,1980s/1987-01-14_491222_January_14_1987.pdf,2,2,G.6,DEBITS AND DEPOSIT TURNOVER AT COMMERCIAL BANKS .,1987-01-14,NSA,3,0,13,6,234,table_page,0.99,"Three semantic G.6 title bands have credible grids, month rows, and aligned numeric columns."
4,1980s/1987-02-20_491223_February_20_1987.pdf,2,1,G.6,"DEBITS AND DEPOSIT TURNOVER AT COMMERCIAL BANKS FEBRUARY 20,",1987-02-20,SA,3,0,13,5,195,table_page,0.99,"Three semantic G.6 title bands have credible grids, month rows, and aligned numeric columns."
4,1980s/1987-02-20_491223_February_20_1987.pdf,2,2,G.6,"DEBITS AND DEPOSIT TURNOVER AT COMMERCIAL BANKS FEBRUARY 20,",1987-02-20,NSA,3,0,13,6,234,table_page,0.99,"Three semantic G.6 title bands have credible grids, month rows, and aligned numeric columns."
4,1980s/1987-03-13_491224_March_13_1987.pdf,2,1,G.6,"DEBITS AND DEPOSIT TURNOVER AT COMMERCIAL BANKS March 13,",1987-03-13,NSA,3,0,13,6,234,table_page,0.99,"Three semantic G.6 title bands have credible grids, month rows, and aligned numeric columns."
4,1980s/1987-03-13_491224_March_13_1987.pdf,2,2,G.6,DEBITS AND DEPOSIT TURNOVER AT COMMERCIAL BANKS ; .,1987-03-13,SA,3,0,13,5,195,table_page,0.99,"Three semantic G.6 title bands have credible grids, month rows, and aligned numeric columns."
4,1980s/1987-04-15_491225_April_15_1987.pdf,2,1,G.6,"DEBITS AND DEPOSIT TURNOVER AT COMMERCIAL BANKS April 15,",1987-04-15,SA,3,0,13,5,195,table_page,0.99,"Three semantic G.6 title bands have credible grids, month rows, and aligned numeric columns."
4,1980s/1987-04-15_491225_April_15_1987.pdf,2,2,G.6,DEBITS AND DEPOSIT TURNOVER AT COMMERCIAL BANKS li,1987-04-15,NSA,3,0,13,6,234,table_page,0.99,"Three semantic G.6 title bands have credible grids, month rows, and aligned numeric columns."
4,1980s/1987-05-15_491226_May_15_1987.pdf,2,1,G.6,"DEBITS AND DEPOSIT TURNOVER AT COMMERCIAL BANKS May 15,",1987-05-15,NSA,3,0,13,6,234,table_page,0.99,"Three semantic G.6 title bands have credible grids, month rows, and aligned numeric columns."
4,1980s/1987-05-15_491226_May_15_1987.pdf,2,2,G.6,"DEBITS AND DEPOSIT TURNOVER AT COMMERCIAL BANKS May 15,",1987-05-15,SA,3,0,13,5,195,table_page,0.99,"Three semantic G.6 title bands have credible grids, month rows, and aligned numeric columns."
4,1980s/1987-06-15_491227_June_15_1987.pdf,2,1,G.6,"DEBITS AND DEPOSIT TURNOVER AT COMMERCIAL BANKS June 13,",1987-06-13,NSA,3,0,13,6,234,table_page,0.99,"Three semantic G.6 title bands have credible grids, month rows, and aligned numeric columns."
4,1980s/1987-06-15_491227_June_15_1987.pdf,2,2,G.6,DEBITS AND DEPOSIT TURNOVER AT COMMERCIAL BANKS,1987-06-15,SA,3,0,13,5,195,table_page,0.99,"Three semantic G.6 title bands have credible grids, month rows, and aligned numeric columns."
4,1980s/1987-07-15_491228_July_15_1987.pdf,2,1,G.6,"DEBITS AND DEPOSIT TURNOVER AT COMMERCIAL BANKS July 15,",1987-07-15,NSA,3,0,13,6,234,table_page,0.99,"Three semantic G.6 title bands have credible grids, month rows, and aligned numeric columns."
4,1980s/1987-07-15_491228_July_15_1987.pdf,2,2,G.6,"DEBITS AND DEPOSIT TURNOVER AT COMMERCIAL BANKS . July 15,",1987-07-15,SA,3,0,13,5,195,table_page,0.99,"Three semantic G.6 title bands have credible grids, month rows, and aligned numeric columns."
4,1980s/1987-08-14_491229_August_14_1987.pdf,2,1,G.6,"| DEBITS AND DEPOSIT TURNOVER AT COMMERCIAL BANKS Auguet 14,",1987-08-14,SA,3,0,13,5,195,table_page,0.99,"Three semantic G.6 title bands have credible grids, month rows, and aligned numeric columns."
4,1980s/1987-08-14_491229_August_14_1987.pdf,2,2,G.6,DEBITS AND DEPOSIT TURNOVER AT COMMERCIAL BANKS,1987-08-14,NSA,3,0,13,6,234,table_page,0.99,"Three semantic G.6 title bands have credible grids, month rows, and aligned numeric columns."
4,1980s/1987-11-20_491230_November_20_1987.pdf,3,1,G.6,The bank debits and deposit turnover series have been revised to,,unknown,0,0,0,0,0,metadata_page,0.94,Explicit G.6 page without a structurally valid monthly table grid.
4,1980s/1987-11-20_491230_November_20_1987.pdf,3,2,G.6,"| DEBITS AND DEPOSIT TURNOVER AT COMMERCIAL BANKS November 20,",1987-11-20,SA,3,0,14,5,210,table_page,0.99,"Three semantic G.6 title bands have credible grids, month rows, and aligned numeric columns."
4,1980s/1987-11-20_491230_November_20_1987.pdf,3,3,G.6,DEBITS AND DEPOSIT TURNOVER AT COMMERCIAL BANKS,1987-11-20,NSA,3,0,14,6,252,table_page,0.99,"Three semantic G.6 title bands have credible grids, month rows, and aligned numeric columns."
4,1980s/1987-12-28_491231_December_28_1987.pdf,2,1,G.6,DEBITS AND DEPOSIT TURNOVER AT COMMERCIAL BANKS,1987-12-28,SA,3,0,14,5,210,table_page,0.99,"Three semantic G.6 title bands have credible grids, month rows, and aligned numeric columns."
4,1980s/1987-12-28_491231_December_28_1987.pdf,2,2,G.6,"DEBITS AND DEPOSIT TURNOVER AT COMMERCIAL BANKS DECEMBER 28,",1987-12-28,NSA,3,0,14,6,252,table_page,0.99,"Three semantic G.6 title bands have credible grids, month rows, and aligned numeric columns."
4,1980s/1988-01-25_491232_January_25_1988.pdf,2,1,G.6,DEBITS AND DEPOSIT TURNOVER AT COMMERCIAL BANKS,1988-01-25,SA,3,0,14,5,210,table_page,0.99,"Three semantic G.6 title bands have credible grids, month rows, and aligned numeric columns."
4,1980s/1988-01-25_491232_January_25_1988.pdf,2,2,G.6,"| DEBITS AND DEPOSIT TURNOVER AT COMMERCIAL BANKS January 25,",1988-01-25,NSA,3,0,14,6,252,table_page,0.99,"Three semantic G.6 title bands have credible grids, month rows, and aligned numeric columns."
4,1980s/1988-02-16_491233_February_16_1988.pdf,2,1,G.6,"DEBITS AND DEPOSIT TURNOVER AT COMMERCIAL BANKS February 16,",1988-02-16,NSA,3,0,14,6,252,table_page,0.99,"Three semantic G.6 title bands have credible grids, month rows, and aligned numeric columns."
4,1980s/1988-02-16_491233_February_16_1988.pdf,2,2,G.6,"DEBITS AND DEPOSIT TURNOVER AT COMMERCIAL BANKS February 16,",1988-02-16,SA,3,0,14,5,210,table_page,0.99,"Three semantic G.6 title bands have credible grids, month rows, and aligned numeric columns."
4,1980s/1988-03-15_491234_March_15_1988.pdf,2,1,G.6,DEBITS AND DEPOSIT TURNOVER AT COMMERCIAL BANKS Ma,1988-03-15,SA,3,0,14,5,210,table_page,0.99,"Three semantic G.6 title bands have credible grids, month rows, and aligned numeric columns."
4,1980s/1988-03-15_491234_March_15_1988.pdf,2,2,G.6,DEBITS AND DEPOSIT TURNOVER AT COMMERCIAL BANKS,1988-03-15,NSA,3,0,14,6,252,table_page,0.99,"Three semantic G.6 title bands have credible grids, month rows, and aligned numeric columns."
4,1980s/1988-04-15_491235_April_15_1988.pdf,2,1,G.6,DEBITS AND DEPOSIT TURNOVER AT COMMERCIAL BANKS,1988-04-15,SA,3,0,14,5,210,table_page,0.99,"Three semantic G.6 title bands have credible grids, month rows, and aligned numeric columns."
4,1980s/1988-04-15_491235_April_15_1988.pdf,2,2,G.6,DEBITS ANDO DEPOSIT TURNOVER AT COMMERCIAL BANKS April,1988-04-15,NSA,3,0,14,6,252,table_page,0.99,"Three semantic G.6 title bands have credible grids, month rows, and aligned numeric columns."
4,1980s/1988-05-17_491236_May_17_1988.pdf,2,1,G.6,DEBITS AND DEPOSIT TURNOVER AT COMMERCIAL BANKS,1988-05-17,SA,3,0,14,5,210,table_page,0.99,"Three semantic G.6 title bands have credible grids, month rows, and aligned numeric columns."
4,1980s/1988-05-17_491236_May_17_1988.pdf,2,2,G.6,"DEBITS AND DEPOSIT TURNOVER AT COMMERCIAL BANKS May 17,",1988-05-17,NSA,3,0,14,6,252,table_page,0.99,"Three semantic G.6 title bands have credible grids, month rows, and aligned numeric columns."
4,1980s/1988-06-15_491237_June_15_1988.pdf,2,1,G.6,"DEBITS AND DEPOSIT TURNOVER AT COMMERCIAL BANKS June 15,",1988-06-15,SA,3,0,14,5,210,table_page,0.99,"Three semantic G.6 title bands have credible grids, month rows, and aligned numeric columns."
4,1980s/1988-06-15_491237_June_15_1988.pdf,2,2,G.6,"DEBITS AND DEPOSIT TURNOVER AT COMMERCIAL BANKS June 15,",1988-06-15,NSA,3,0,14,6,252,table_page,0.99,"Three semantic G.6 title bands have credible grids, month rows, and aligned numeric columns."
4,1980s/1988-07-15_491238_July_15_1988.pdf,2,1,G.6,"DEBITS AND DEPOSIT TURNOVER AT COMMERCIAL BANKS July 15,",1988-07-15,SA,3,0,14,5,210,table_page,0.99,"Three semantic G.6 title bands have credible grids, month rows, and aligned numeric columns."
4,1980s/1988-07-15_491238_July_15_1988.pdf,2,2,G.6,"DEBITS AND DEPOSIT TURNOVER AT COMMERCIAL BANKS Jaly 15,",1988-07-15,NSA,3,0,14,6,252,table_page,0.99,"Three semantic G.6 title bands have credible grids, month rows, and aligned numeric columns."
4,1980s/1988-08-15_491239_August_15_1988.pdf,2,1,G.6,"DEBITS ANDO DEPOSIT TURNOVER AT COMMERCIAL BANKS Auguet 15,",1988-08-15,SA,3,0,14,5,210,table_page,0.99,"Three semantic G.6 title bands have credible grids, month rows, and aligned numeric columns."
4,1980s/1988-08-15_491239_August_15_1988.pdf,2,2,G.6,DEBITS AND DEPOSIT TURNOVER AT COMMERCIAL BANKS,1988-08-15,NSA,3,0,14,6,252,table_page,0.99,"Three semantic G.6 title bands have credible grids, month rows, and aligned numeric columns."
4,1980s/1988-11-04_491240_November_4_1988.pdf,2,1,G.6,"r DEBITS AND DEPOSIT TURNOVER AT COMMERCIAL BANKS November 4,",1988-11-04,SA,3,0,14,5,210,table_page,0.99,"Three semantic G.6 title bands have credible grids, month rows, and aligned numeric columns."
4,1980s/1988-11-04_491240_November_4_1988.pdf,2,2,G.6,DEBITS AND DEPOSIT TURNOVER AT COMMERCIAL BANKS,1988-11-04,NSA,3,0,14,6,252,table_page,0.99,"Three semantic G.6 title bands have credible grids, month rows, and aligned numeric columns."
4,1980s/1988-12-27_491241_December_27_1988.pdf,2,1,G.6,DEBITS AND DEPOSIT TURNOVER AT COMMERCIAL BANKS,1988-12-27,SA,3,0,14,5,210,table_page,0.99,"Three semantic G.6 title bands have credible grids, month rows, and aligned numeric columns."
4,1980s/1988-12-27_491241_December_27_1988.pdf,2,2,G.6,"DEBITS AND DEPOSIT TURNOVER AT COMMERCIAL BANKS December 27,",1988-12-27,NSA,3,0,14,6,252,table_page,0.99,"Three semantic G.6 title bands have credible grids, month rows, and aligned numeric columns."
4,1980s/1989-01-27_491242_January_27_1989.pdf,2,1,G.6,DEBITS AND DEPOSIT TURNOVER AT COMMERCIAL BANKS,1989-01-27,NSA,3,0,14,6,252,table_page,0.99,"Three semantic G.6 title bands have credible grids, month rows, and aligned numeric columns."
4,1980s/1989-01-27_491242_January_27_1989.pdf,2,2,G.6,"DEBITS AND DEPOSIT TURNOVER AT COMMERCIAL BANKS January 27,",1989-01-27,SA,3,0,14,5,210,table_page,0.99,"Three semantic G.6 title bands have credible grids, month rows, and aligned numeric columns."
4,1980s/1989-02-21_491243_February_21_1989.pdf,2,1,G.6,DEBITS AND DEPOSIT TURNOVER AT COMMERCIAL BANKS,1989-02-21,NSA,3,0,14,6,252,table_page,0.99,"Three semantic G.6 title bands have credible grids, month rows, and aligned numeric columns."
4,1980s/1989-02-21_491243_February_21_1989.pdf,2,2,G.6,. DEBITS AND DEPOSIT TURNOVER AT COMMERCIAL BANK$ .,1989-02-21,SA,3,0,14,5,210,table_page,0.99,"Three semantic G.6 title bands have credible grids, month rows, and aligned numeric columns."
4,1980s/1989-03-15_491244_March_15_1989.pdf,2,1,G.6,DEBITS AND DEPOSIT TURNOVER AT COMMERCIAL BANKS starch 15.,1989-03-15,SA,3,0,14,5,210,table_page,0.99,"Three semantic G.6 title bands have credible grids, month rows, and aligned numeric columns."
4,1980s/1989-03-15_491244_March_15_1989.pdf,2,2,G.6,"DEBITS AND DEPOSIT TURNOVER AT COMMERCIAL BANKS , Sheece V5. 19KG",,NSA,3,0,14,6,252,table_page,0.99,"Three semantic G.6 title bands have credible grids, month rows, and aligned numeric columns."
4,1980s/1989-04-14_491245_April_14_1989.pdf,2,1,G.6,"DEBITS AND DEPOSIT TURNOVER AT COMMERCIAL BANKS April 14,",1989-04-14,SA,3,0,14,5,210,table_page,0.99,"Three semantic G.6 title bands have credible grids, month rows, and aligned numeric columns."
4,1980s/1989-04-14_491245_April_14_1989.pdf,2,2,G.6,"DEBITS AND DEPOSIT TURNOVER AT COMMERCIAL BANKS April 14,",1989-04-14,NSA,3,0,14,6,252,table_page,0.99,"Three semantic G.6 title bands have credible grids, month rows, and aligned numeric columns."
4,1980s/1989-05-22_491246_May_22_1989.pdf,2,1,G.6,"DEBITS AND DEPOSIT TURNOVER AT COMMERCIAL BANKS Mav 22, Logg",1989-05-22,NSA,3,0,14,6,252,table_page,0.99,"Three semantic G.6 title bands have credible grids, month rows, and aligned numeric columns."
4,1980s/1989-05-22_491246_May_22_1989.pdf,2,2,G.6,"DEBITS AND DEPOSIT TURNOVER AT COMMERCIAL BANKS May 22,",1989-05-22,SA,3,0,14,5,210,table_page,0.99,"Three semantic G.6 title bands have credible grids, month rows, and aligned numeric columns."
4,1980s/1989-06-14_491247_June_14_1989.pdf,2,1,G.6,"DEBITS AND DEPOSIT TURNOVER AT COMMERCIAL BANKS June 14,",1989-06-14,SA,3,0,14,5,210,table_page,0.99,"Three semantic G.6 title bands have credible grids, month rows, and aligned numeric columns."
4,1980s/1989-06-14_491247_June_14_1989.pdf,2,2,G.6,"DEBITS AND DEPOSIT TURNOVER AT COMMERCIAL BANKS June 14,",1989-06-14,NSA,3,0,14,6,252,table_page,0.99,"Three semantic G.6 title bands have credible grids, month rows, and aligned numeric columns."
4,1980s/1989-07-14_491248_July_14_1989.pdf,2,1,G.6,"DEBITS AND DEPOSIT TURNOVER AT COMMERCIAL BANKS JULY 14,",1989-07-14,NSA,3,0,14,6,252,table_page,0.99,"Three semantic G.6 title bands have credible grids, month rows, and aligned numeric columns."
4,1980s/1989-07-14_491248_July_14_1989.pdf,2,2,G.6,"DEBITS AND DEPOSIT TURNOVER AT COMMERCIAL BANKS JULY 14,",1989-07-14,SA,3,0,14,5,210,table_page,0.99,"Three semantic G.6 title bands have credible grids, month rows, and aligned numeric columns."
4,1980s/1989-08-16_491249_August_16_1989.pdf,2,1,G.6,DEBITS AND DEPOSIT TURNOVER AT COMMERCIAL BANKS,1989-08-16,NSA,3,0,14,6,252,table_page,0.99,"Three semantic G.6 title bands have credible grids, month rows, and aligned numeric columns."
4,1980s/1989-08-16_491249_August_16_1989.pdf,2,2,G.6,"DEBITS AND DEPOSIT TURNOVER AT COMMERCIAL BANKS August 16,",1989-08-16,SA,3,0,14,5,210,table_page,0.99,"Three semantic G.6 title bands have credible grids, month rows, and aligned numeric columns."
4,1980s/1989-09-19_491250_September_19_1989.pdf,2,1,G.6,"DEBITS AND DEPOSIT TURNOVER AT COMMERCIAL BANKS September 19,",1989-09-19,NSA,3,0,14,6,252,table_page,0.99,"Three semantic G.6 title bands have credible grids, month rows, and aligned numeric columns."
4,1980s/1989-09-19_491250_September_19_1989.pdf,2,2,G.6,DEBITS AND DEPOSIT TURNOVER AT COMMERCIAL BANKS,1989-09-19,SA,3,0,14,5,210,table_page,0.99,"Three semantic G.6 title bands have credible grids, month rows, and aligned numeric columns."
4,1980s/1989-10-18_491251_October_18_1989.pdf,2,1,G.6,DEBITS AND DEPOSIT TURNOVER AT COMMERCIAL BANKS,1989-10-18,SA,3,0,14,5,210,table_page,0.99,"Three semantic G.6 title bands have credible grids, month rows, and aligned numeric columns."
4,1980s/1989-10-18_491251_October_18_1989.pdf,2,2,G.6,"DEBITS AND DEPOSIT TURNOVER AT COMMERCIAL BANKS October 18,",1989-10-18,NSA,3,0,14,6,252,table_page,0.99,"Three semantic G.6 title bands have credible grids, month rows, and aligned numeric columns."
4,1980s/1989-11-22_491252_November_22_1989.pdf,2,1,G.6,DEBITS AND DEPOSIT TURNOVER AT COMMERCIAL BANKS,1989-11-22,SA,3,0,14,5,210,table_page,0.99,"Three semantic G.6 title bands have credible grids, month rows, and aligned numeric columns."
4,1980s/1989-11-22_491252_November_22_1989.pdf,2,2,G.6,"DEBITS AND DEPOSIT TURNOVER AT COMMERCIAL BANKS November 22, 1989",1989-11-22,NSA,3,0,14,6,252,table_page,0.99,"Three semantic G.6 title bands have credible grids, month rows, and aligned numeric columns."
4,1980s/1989-12-26_491253_December_26_1989.pdf,2,1,G.6,"DEBITS AND DEPOSIT TURNOVER AT COMMERCIAL BANKS December 26,",1989-12-26,SA,3,0,14,5,210,table_page,0.99,"Three semantic G.6 title bands have credible grids, month rows, and aligned numeric columns."
4,1980s/1989-12-26_491253_December_26_1989.pdf,2,2,G.6,"DEBITS AND DEPOSIT TURNOVER AT COMMERCIAL BANKS December 26,",1989-12-26,NSA,3,0,14,6,252,table_page,0.99,"Three semantic G.6 title bands have credible grids, month rows, and aligned numeric columns."
4,1990s/1990-01-16_491254_January_16_1990.pdf,2,1,G.6,"DEBITS AND DEPOSIT TURNOVER AT COMMERCIAL BANKS January 16, 1990",1990-01-16,SA,3,0,14,5,210,table_page,0.99,"Three semantic G.6 title bands have credible grids, month rows, and aligned numeric columns."
4,1990s/1990-01-16_491254_January_16_1990.pdf,2,2,G.6,"DEBITS AND DEPOSIT TURNOVER AT COMMERCIAL BANKS January 16, 1990",1990-01-16,NSA,3,0,14,6,252,table_page,0.99,"Three semantic G.6 title bands have credible grids, month rows, and aligned numeric columns."
4,1990s/1990-02-14_491255_February_14_1990.pdf,1,1,G.6,DEBITS AND DEPOSIT TURNOVER AT COMMERCIAL BANKS,1990-02-14,SA,3,0,14,5,210,table_page,0.99,"Three semantic G.6 title bands have credible grids, month rows, and aligned numeric columns."
4,1990s/1990-03-20_491256_March_20_1990.pdf,2,1,G.6,"DEBITS AND DEPOSIT TURNOVER AT COMMERCIAL BANKS March 20, 1990",1990-03-20,SA,3,0,14,5,210,table_page,0.99,"Three semantic G.6 title bands have credible grids, month rows, and aligned numeric columns."
4,1990s/1990-03-20_491256_March_20_1990.pdf,2,2,G.6,"DEBITS AND DEPOSIT TURNOVER AT COMMERCIAL BANKS March 20, 1990",1990-03-20,NSA,3,0,14,6,252,table_page,0.99,"Three semantic G.6 title bands have credible grids, month rows, and aligned numeric columns."
4,1990s/1990-04-19_491257_April_19_1990.pdf,2,1,G.6,"DEBITS AND DEPOSIT TURNOVER AT COMMERCIAL BANKS April 19, 1990",1990-04-19,NSA,3,0,14,6,252,table_page,0.99,"Three semantic G.6 title bands have credible grids, month rows, and aligned numeric columns."
4,1990s/1990-04-19_491257_April_19_1990.pdf,2,2,G.6,DEBITS AND DEPOSIT TURNOVER AT COMMERCIAL BANKS ;,1990-04-19,SA,3,0,14,5,210,table_page,0.99,"Three semantic G.6 title bands have credible grids, month rows, and aligned numeric columns."
4,1990s/1990-05-22_491258_May_22_1990.pdf,2,1,G.6,"DEBITS AND DEPOSIT TURNOVER AT COMMERCIAL BANKS May 22, 1990",1990-05-22,NSA,3,0,14,6,252,table_page,0.99,"Three semantic G.6 title bands have credible grids, month rows, and aligned numeric columns."
4,1990s/1990-05-22_491258_May_22_1990.pdf,2,2,G.6,DEBITS AND DEPOSIT TURNOVER AT COMMERCIAL BANKS,1990-05-22,SA,3,0,14,5,210,table_page,0.99,"Three semantic G.6 title bands have credible grids, month rows, and aligned numeric columns."
4,1990s/1990-06-12_491259_June_12_1990.pdf,2,1,G.6,DEBITS AND DEPOSIT TURNOVER AT COMMERCIAL BANKS,1990-06-12,SA,3,0,14,5,210,table_page,0.99,"Three semantic G.6 title bands have credible grids, month rows, and aligned numeric columns."
4,1990s/1990-06-12_491259_June_12_1990.pdf,2,2,G.6,"DEBITS AND DEPOSIT TURNOVER AT COMMERCIAL BANKS June 12, 1990",1990-06-12,NSA,3,0,14,6,252,table_page,0.99,"Three semantic G.6 title bands have credible grids, month rows, and aligned numeric columns."
4,1990s/1990-07-19_491260_July_19_1990.pdf,2,1,G.6,"| DEBITS AND DEPOSIT TURNOVER AT COMMERCIAL BANKS July 19, 1990",1990-07-19,NSA,3,0,14,6,252,table_page,0.99,"Three semantic G.6 title bands have credible grids, month rows, and aligned numeric columns."
4,1990s/1990-07-19_491260_July_19_1990.pdf,2,2,G.6,"DEBITS AND DEPOSIT TURNOVER AT COMMERCIAL BANKS July 19, 1990",1990-07-19,SA,3,0,14,5,210,table_page,0.99,"Three semantic G.6 title bands have credible grids, month rows, and aligned numeric columns."
4,1990s/1990-08-16_491261_August_16_1990.pdf,2,1,G.6,DEBITS AND DEPOSIT TURNOVER AT COMMERCIAL BANKS A t 16. 1990,1990-08-16,NSA,3,0,14,6,252,table_page,0.99,"Three semantic G.6 title bands have credible grids, month rows, and aligned numeric columns."
4,1990s/1990-08-16_491261_August_16_1990.pdf,2,2,G.6,"DEBITS AND DEPOSIT TURNOVER AT COMMERCIAL BANKS August 16, 1990",1990-08-16,SA,3,0,14,5,210,table_page,0.99,"Three semantic G.6 title bands have credible grids, month rows, and aligned numeric columns."
4,1990s/1990-09-19_491262_September_19_1990.pdf,2,1,G.6,DEBITS AND DEPOSIT TURNOVER AT COMMERCIAL BANKS,1990-09-19,SA,3,0,14,5,210,table_page,0.99,"Three semantic G.6 title bands have credible grids, month rows, and aligned numeric columns."
4,1990s/1990-09-19_491262_September_19_1990.pdf,2,2,G.6,DEBITS AND DEPOSIT TURNOVER AT COMMERCIAL BANKS,1990-09-19,NSA,3,0,14,6,252,table_page,0.99,"Three semantic G.6 title bands have credible grids, month rows, and aligned numeric columns."
4,1990s/1990-10-15_491263_October_15_1990.pdf,2,1,G.6,"DEBITS AND DEPOSIT TURNOVER AT COMMERCIAL BANKS October 15, 1990",1990-10-15,SA,3,0,14,5,210,table_page,0.99,"Three semantic G.6 title bands have credible grids, month rows, and aligned numeric columns."
4,1990s/1990-10-15_491263_October_15_1990.pdf,2,2,G.6,"DEBITS AND DEPOSIT TURNOVER AT COMMERCIAL BANKS october 15, 1990",1990-10-15,NSA,3,0,14,6,252,table_page,0.99,"Three semantic G.6 title bands have credible grids, month rows, and aligned numeric columns."
4,1990s/1990-12-06_491264_December_6_1990.pdf,2,1,G.6,DEBITS AND DEPOSIT TURNOVER AT COMMERCIAL BANKS,1990-12-06,SA,3,0,14,5,210,table_page,0.99,"Three semantic G.6 title bands have credible grids, month rows, and aligned numeric columns."
4,1990s/1990-12-06_491264_December_6_1990.pdf,2,2,G.6,"DEBITS AND DEPOSIT TURNOVER AT COMMERCIAL BANKS December 6, 1990",1990-12-06,NSA,3,0,14,6,252,table_page,0.99,"Three semantic G.6 title bands have credible grids, month rows, and aligned numeric columns."
4,1990s/1990-12-14_491265_December_14_1990.pdf,2,1,G.6,DBBITS AND DEPOSIT TURNOVER AT COMMERCIAL BANKS,1990-12-14,SA,3,0,14,5,210,table_page,0.99,"Three semantic G.6 title bands have credible grids, month rows, and aligned numeric columns."
4,1990s/1990-12-14_491265_December_14_1990.pdf,2,2,G.6,"DEBITS AND DEPOSIT TURNOVER AT COMMERCIAL BANKS December 14, 1990",1990-12-14,NSA,3,0,14,6,252,table_page,0.99,"Three semantic G.6 title bands have credible grids, month rows, and aligned numeric columns."
4,1990s/1991-01-22_491266_January_22_1991.pdf,2,1,G.6,"DEBITS AND DEPOSIT TURNOVER AT COMMERCIAL BANKS January 22,",1991-01-22,NSA,3,0,14,6,252,table_page,0.99,"Three semantic G.6 title bands have credible grids, month rows, and aligned numeric columns."
4,1990s/1991-01-22_491266_January_22_1991.pdf,2,2,G.6,DEBITS AND DEPOSIT TURNOVER AT COMMERCIAL BANKS,1991-01-22,SA,3,0,14,5,210,table_page,0.99,"Three semantic G.6 title bands have credible grids, month rows, and aligned numeric columns."
5,1990s/1991-02-19_491267_February_19_1991.pdf,3,1,G.6,The bank debits and deposit turnover series have been revised,,unknown,0,0,0,0,0,metadata_page,0.94,Explicit G.6 page without a structurally valid monthly table grid.
5,1990s/1991-02-19_491267_February_19_1991.pdf,3,2,G.6,DEBITS AND DEPOSIT TURNOVER AT COMMERCIAL BANKS For Immediate Release,1991-02-19,NSA,3,0,14,6,252,table_page,0.99,"Three semantic G.6 title bands have credible grids, month rows, and aligned numeric columns."
5,1990s/1991-02-19_491267_February_19_1991.pdf,3,3,G.6,DEBITS AND DEPOSIT TURNOVER AT COMMERCIAL BANKS For Immediate Release,1991-02-19,SA,3,0,14,6,252,table_page,0.99,"Three semantic G.6 title bands have credible grids, month rows, and aligned numeric columns."
5,1990s/1991-03-22_491268_March_22_1991.pdf,1,1,G.6,@ DEBITS AND DEPOSIT TURNOVER AT COMMERCIAL BANKS For Immediate Release,1991-03-22,SA,3,0,14,6,252,table_page,0.99,"Three semantic G.6 title bands have credible grids, month rows, and aligned numeric columns."
5,1990s/1991-04-19_491269_April_19_1991.pdf,2,1,G.6,} DEBITS AND DEPOSIT TURNOVER AT COMMERCIAL BANKS For Immediate Release,1991-04-19,SA,3,0,14,6,252,table_page,0.99,"Three semantic G.6 title bands have credible grids, month rows, and aligned numeric columns."
5,1990s/1991-04-19_491269_April_19_1991.pdf,2,2,G.6,DEBITS AND DEPOSIT TURNOVER AT COMMERCIAL BANKS For Immediate Release,1991-04-19,NSA,3,0,14,6,252,table_page,0.99,"Three semantic G.6 title bands have credible grids, month rows, and aligned numeric columns."
5,1990s/1991-05-22_491270_May_22_1991.pdf,2,1,G.6,DEBITS AND DEPOSIT TURNOVER AT COMMERCIAL BANKS,1991-05-22,SA,3,0,14,6,252,table_page,0.99,"Three semantic G.6 title bands have credible grids, month rows, and aligned numeric columns."
5,1990s/1991-05-22_491270_May_22_1991.pdf,2,2,G.6,DEBITS AND DEPOSIT TURNOVER AT COMMERCIAL BANKS,1991-05-22,NSA,3,0,14,6,252,table_page,0.99,"Three semantic G.6 title bands have credible grids, month rows, and aligned numeric columns."
5,1990s/1991-06-27_491271_June_27_1991.pdf,2,1,G.6,DEBITS AND DEPOSIT TURNOVER AT COMMERCIAL BANKS For Immediate Release,1991-06-27,NSA,3,0,14,6,252,table_page,0.99,"Three semantic G.6 title bands have credible grids, month rows, and aligned numeric columns."
5,1990s/1991-06-27_491271_June_27_1991.pdf,2,2,G.6,DEBITS AND DEPOSIT TURNOVER AT COMMERCIAL BANKS For Immediate Release,1991-06-27,SA,3,0,14,6,252,table_page,0.99,"Three semantic G.6 title bands have credible grids, month rows, and aligned numeric columns."
5,1990s/1991-07-15_491272_July_15_1991.pdf,2,1,G.6,DEBITS AND DEPOSIT TURNOVER AT COMMERCIAL BANKS For Immediate Releese,1991-07-15,SA,3,0,14,6,252,table_page,0.99,"Three semantic G.6 title bands have credible grids, month rows, and aligned numeric columns."
5,1990s/1991-07-15_491272_July_15_1991.pdf,2,2,G.6,DEBITS AND DEPOSIT TURNOVER AT COMMERCIAL BANKS For immediate Reiesso @,1991-07-15,NSA,3,0,14,6,252,table_page,0.99,"Three semantic G.6 title bands have credible grids, month rows, and aligned numeric columns."
5,1990s/1991-08-16_491273_August_16_1991.pdf,3,1,G.10,MAJOR NONDEPOSIT FUNDS OF COMMERCIAL BANKS For immediate release,1991-08-16,SA,0,0,0,0,0,unrelated_release_page,1.0,Explicit conflicting release code/title: G.10
5,1990s/1991-08-16_491273_August_16_1991.pdf,3,2,G.6,e DEBITS AND DEPOSIT TURNOVER AT COMMERCIAL BANKS For Immediate Release,1991-08-16,SA,3,0,14,6,252,table_page,0.99,"Three semantic G.6 title bands have credible grids, month rows, and aligned numeric columns."
5,1990s/1991-08-16_491273_August_16_1991.pdf,3,3,G.6,DEBITS AND DEPOSIT TURNOVER AT COMMERCIAL BANKS For Immediate Release @,1991-08-16,NSA,3,0,14,6,252,table_page,0.99,"Three semantic G.6 title bands have credible grids, month rows, and aligned numeric columns."
5,1990s/1991-09-19_491274_September_19_1991.pdf,2,1,G.6,DEBITS AND DEPOSIT TURNOVER AT COMMERCIAL BANKS For Immediate Release,1991-09-19,NSA,3,0,14,6,252,table_page,0.99,"Three semantic G.6 title bands have credible grids, month rows, and aligned numeric columns."
5,1990s/1991-09-19_491274_September_19_1991.pdf,2,2,G.6,DEBITS AND DEPOSIT TURNOVER AT COMMERCIAL BANKS For Immediate Release,1991-09-19,SA,3,0,14,6,252,table_page,0.99,"Three semantic G.6 title bands have credible grids, month rows, and aligned numeric columns."
5,1990s/1991-10-22_491275_October_22_1991.pdf,2,1,G.6,>EBITS AND DEPOSIT TURNOVER AT COMMERCIAL BANKS For Immediate Release,1991-10-22,NSA,3,0,14,6,252,table_page,0.99,"Three semantic G.6 title bands have credible grids, month rows, and aligned numeric columns."
5,1990s/1991-10-22_491275_October_22_1991.pdf,2,2,G.6,DEBITS AND DEPOSIT TURNOVER AT COMMERCIAL BANKS For Immediate Release,1991-10-22,SA,3,0,14,6,252,table_page,0.99,"Three semantic G.6 title bands have credible grids, month rows, and aligned numeric columns."
6,1990s/1991-11-18_491276_November_18_1991.pdf,2,1,G.6,e DEBITS AND DEPOSIT TURNOVER AT COMMERCIAL BANKS For Immediate Release,1991-11-18,SA,3,0,14,6,252,table_page,0.99,"Three semantic G.6 title bands have credible grids, month rows, and aligned numeric columns."
6,1990s/1991-11-18_491276_November_18_1991.pdf,2,2,G.6,DEBITS AND DEPOSIT TURNOVER AT COMMERCIAL BANKS For Immediate Release @,1991-11-18,NSA,3,0,14,6,252,table_page,0.99,"Three semantic G.6 title bands have credible grids, month rows, and aligned numeric columns."
6,1990s/1991-12-16_491277_December_16_1991.pdf,2,1,G.6,e DEBITS AND DEPOSIT TURNOVER AT COMMERCIAL BANKS For Imm diate Release,1991-12-16,SA,3,0,14,6,252,table_page,0.99,"Three semantic G.6 title bands have credible grids, month rows, and aligned numeric columns."
6,1990s/1991-12-16_491277_December_16_1991.pdf,2,2,G.6,DEBITS AND DEPOSIT TURNOVER AT COMMERCIAL BANKS For Immediate Release,1991-12-16,NSA,3,0,14,6,252,table_page,0.99,"Three semantic G.6 title bands have credible grids, month rows, and aligned numeric columns."
6,1990s/1992-01-15_491278_January_15_1992.pdf,2,1,G.6,DEBITS AND DEPOSIT TURNOVER AT COMMERCIAL BANKS For Immediate Release,1992-01-15,SA,3,0,14,6,252,table_page,0.99,"Three semantic G.6 title bands have credible grids, month rows, and aligned numeric columns."
6,1990s/1992-01-15_491278_January_15_1992.pdf,2,2,G.6,DEBITS AND DEPOSIT TURNOVER AT COMMERCIAL BANKS For Immediate Release,1992-01-15,NSA,3,0,14,6,252,table_page,0.99,"Three semantic G.6 title bands have credible grids, month rows, and aligned numeric columns."
6,1990s/1992-02-14_491279_February_14_1992.pdf,2,1,G.6,DEBITS AND DEPOSIT TURNOVER AT COMMERCIAL BANKS For Immediate Release,1992-02-14,SA,3,0,14,6,252,table_page,0.99,"Three semantic G.6 title bands have credible grids, month rows, and aligned numeric columns."
6,1990s/1992-02-14_491279_February_14_1992.pdf,2,2,G.6,DEBITS AND DEPOSIT TURNOVER AT COMMERCIAL BANKS For Immediate Release,1992-02-14,NSA,3,0,14,6,252,table_page,0.99,"Three semantic G.6 title bands have credible grids, month rows, and aligned numeric columns."
6,1990s/1992-03-24_491280_March_24_1992.pdf,2,1,G.6,DEBITS AND DEPOSIT TURNOVER AT COMMERCIAL BANKS For Immediate Release,1992-03-24,NSA,3,0,14,6,252,table_page,0.99,"Three semantic G.6 title bands have credible grids, month rows, and aligned numeric columns."
6,1990s/1992-03-24_491280_March_24_1992.pdf,2,2,G.6,DEBITS AND DEPOSIT TURNOVER AT COMMERCIAL BANKS For Immediate Release,1992-03-24,SA,2,1,14,6,252,table_page,0.99,"Three semantic G.6 title bands have credible grids, month rows, and aligned numeric columns."
6,1990s/1992-04-28_491281_April_28_1992.pdf,2,1,G.6,DEBITS AND DEPOSIT TURNOVER AT COMMERCIAL BANKS For immediate Release,1992-04-28,SA,3,0,14,6,252,table_page,0.99,"Three semantic G.6 title bands have credible grids, month rows, and aligned numeric columns."
6,1990s/1992-04-28_491281_April_28_1992.pdf,2,2,G.6,DEBITS AND DEPOSIT TURNOVER AT COMMERCIAL BANKS For Immediate Release,1992-04-28,NSA,2,1,14,6,252,table_page,0.99,"Three semantic G.6 title bands have credible grids, month rows, and aligned numeric columns."
6,1990s/1992-05-28_491282_May_28_1992.pdf,2,1,G.6,@ DEBITS AND DEPOSIT TURNOVER AT COMMERCIAL BANKS For Immediate Release,1992-05-28,NSA,3,0,14,6,252,table_page,0.99,"Three semantic G.6 title bands have credible grids, month rows, and aligned numeric columns."
6,1990s/1992-05-28_491282_May_28_1992.pdf,2,2,G.6,: DEBITS AND DEPOSIT TURNOVER AT COMMERCIAL BANKS For Immediate Release e,1992-05-28,SA,3,0,14,6,252,table_page,0.99,"Three semantic G.6 title bands have credible grids, month rows, and aligned numeric columns."
6,1990s/1992-06-15_491283_June_15_1992.pdf,2,1,G.6,DEBITS AND DEPOSIT TURNOVER AT COMMERCIAL BANKS,1992-06-15,NSA,3,0,14,6,252,table_page,0.99,"Three semantic G.6 title bands have credible grids, month rows, and aligned numeric columns."
6,1990s/1992-06-15_491283_June_15_1992.pdf,2,2,G.6,DEBITS AND DEPOSIT TURNOVER AT COMMERCIAL BANKS For Immediate Release,1992-06-15,SA,3,0,14,6,252,table_page,0.99,"Three semantic G.6 title bands have credible grids, month rows, and aligned numeric columns."
6,1990s/1992-07-17_491284_July_17_1992.pdf,2,1,G.6,r ) DEBITS AND DEPOSIT TURNOVER AT COMMERCIAL BANKS For Immediate Release,1992-07-17,SA,3,0,14,6,252,table_page,0.99,"Three semantic G.6 title bands have credible grids, month rows, and aligned numeric columns."
6,1990s/1992-07-17_491284_July_17_1992.pdf,2,2,G.6,DEBITS AND DEPOSIT TURNOVER AT COMMERCIAL BANKS For Immediate Release e,1992-07-17,NSA,3,0,14,6,252,table_page,0.99,"Three semantic G.6 title bands have credible grids, month rows, and aligned numeric columns."
6,1990s/1992-08-21_491285_August_21_1992.pdf,2,1,G.6,@ DEBITS AND DEPOSIT TURNOVER AT COMMERCIAL BANKS For immediate Release,1992-08-21,SA,3,0,14,6,252,table_page,0.99,"Three semantic G.6 title bands have credible grids, month rows, and aligned numeric columns."
6,1990s/1992-08-21_491285_August_21_1992.pdf,2,2,G.6,DEBITS AND DEPOSIT TURNOVER AT COMMERCIAL BANKS For immediate Release,1992-08-21,NSA,3,0,14,6,252,table_page,0.99,"Three semantic G.6 title bands have credible grids, month rows, and aligned numeric columns."
6,1990s/1992-09-18_491286_September_18_1992.pdf,2,1,G.6,DEBITS AND DEPOSIT TURNOVER AT COMMERCIAL BANKS For Immediate Release,1992-09-18,SA,3,0,14,6,252,table_page,0.99,"Three semantic G.6 title bands have credible grids, month rows, and aligned numeric columns."
6,1990s/1992-09-18_491286_September_18_1992.pdf,2,2,G.6,DEBITS AND DEPOSIT TURNOVER AT COMMERCIAL BANKS For Immediate Release,1992-09-18,NSA,3,0,14,6,252,table_page,0.99,"Three semantic G.6 title bands have credible grids, month rows, and aligned numeric columns."
6,1990s/1992-10-21_491287_October_21_1992.pdf,2,1,G.6,@ DEBITS AND DEPOSIT TURNOVER AT COMMERCIAL BANKS For Immediate Release,1992-10-21,NSA,3,0,14,6,252,table_page,0.99,"Three semantic G.6 title bands have credible grids, month rows, and aligned numeric columns."
6,1990s/1992-10-21_491287_October_21_1992.pdf,2,2,G.6,DEBITS AND DEPOSIT TURNOVER AT COMMERCIAL BANKS For Immediate Release,1992-10-21,SA,3,0,14,6,252,table_page,0.99,"Three semantic G.6 title bands have credible grids, month rows, and aligned numeric columns."
6,1990s/1992-11-16_491288_November_16_1992.pdf,2,1,G.6,DEBITS AND DEPOSIT TURNOVER AT COMMERCIAL BANKS For Immediate Release,1992-11-16,NSA,3,0,14,6,252,table_page,0.99,"Three semantic G.6 title bands have credible grids, month rows, and aligned numeric columns."
6,1990s/1992-11-16_491288_November_16_1992.pdf,2,2,G.6,DEBITS AND DEPOSIT TURNOVER AT COMMERCIAL BANKS For Immediate Release,1992-11-16,SA,3,0,14,6,252,table_page,0.99,"Three semantic G.6 title bands have credible grids, month rows, and aligned numeric columns."
7,1990s/1992-12-17_491289_December_17_1992.pdf,2,1,G.6,@ DEBITS AND DEPOSIT TURNOVER AT COMMERCIAL BANKS For Immediate Release,1992-12-17,SA,3,0,14,5,210,table_page,0.99,"Three semantic G.6 title bands have credible grids, month rows, and aligned numeric columns."
7,1990s/1992-12-17_491289_December_17_1992.pdf,2,2,G.6,DEBITS AND DEPOSIT TURNOVER AT COMMERCIAL BANKS For Immediate Release >,1992-12-17,NSA,3,0,14,5,210,table_page,0.99,"Three semantic G.6 title bands have credible grids, month rows, and aligned numeric columns."
7,1990s/1993-01-25_491290_January_25_1993.pdf,3,1,G.6,DEBITS AND DEPOSIT TURNOVER AT COMMERCIAL BANKS,1993-01-25,NSA,3,0,14,5,210,table_page,0.99,"Three semantic G.6 title bands have credible grids, month rows, and aligned numeric columns."
7,1990s/1993-01-25_491290_January_25_1993.pdf,3,2,G.6,| DEBITS AND DEPOSIT TURNOVER AT COMMERCIAL BANKS For Immediate Release,1993-01-25,SA,3,0,14,5,210,table_page,0.99,"Three semantic G.6 title bands have credible grids, month rows, and aligned numeric columns."
7,1990s/1993-01-25_491290_January_25_1993.pdf,3,3,G.6,,1993-01-25,unknown,0,0,0,0,0,metadata_page,0.94,Explicit G.6 page without a structurally valid monthly table grid.
7,1990s/1993-02-17_491291_February_17_1993.pdf,2,1,G.6,DEBITS AND DEPOSIT TURNOVER AT COMMERCIAL BANKS For Immediate Release,1993-02-17,NSA,3,0,14,5,210,table_page,0.99,"Three semantic G.6 title bands have credible grids, month rows, and aligned numeric columns."
7,1990s/1993-02-17_491291_February_17_1993.pdf,2,2,G.6,DEBITS AND DEPOSIT TURNOVER AT COMMERCIAL BANKS,1993-02-17,SA,3,0,14,5,210,table_page,0.99,"Three semantic G.6 title bands have credible grids, month rows, and aligned numeric columns."
7,1990s/1993-03-15_491292_March_15_1993.pdf,2,1,G.6,@ DEBITS AND DEPOSIT TURNOVER AT COMMERCIAL BANKS For Immediate Release,1993-03-15,SA,3,0,14,5,210,table_page,0.99,"Three semantic G.6 title bands have credible grids, month rows, and aligned numeric columns."
7,1990s/1993-03-15_491292_March_15_1993.pdf,2,2,G.6,DEBITS AND DEPOSIT TURNOVER AT COMMERCIAL BANKS For Immediate Release,1993-03-15,NSA,3,0,14,5,210,table_page,0.99,"Three semantic G.6 title bands have credible grids, month rows, and aligned numeric columns."
7,1990s/1993-04-15_491293_April_15_1993.pdf,2,1,G.6,@ DEBITS AND DEPOSIT TURNOVER AT COMMERCIAL BANKS For immediate Release,1993-04-15,SA,3,0,14,5,210,table_page,0.99,"Three semantic G.6 title bands have credible grids, month rows, and aligned numeric columns."
7,1990s/1993-04-15_491293_April_15_1993.pdf,2,2,G.6,DEBITS AND DEPOSIT TURNOVER AT COMMERCIAL BANKS For immediate Release e,1993-04-15,NSA,3,0,14,5,210,table_page,0.99,"Three semantic G.6 title bands have credible grids, month rows, and aligned numeric columns."
7,1990s/1993-05-18_491294_May_18_1993.pdf,2,1,G.6,DEBITS AND DEPOSIT TURNOVER AT COMMERCIAL BANKS,1993-05-18,NSA,3,0,14,5,210,table_page,0.99,"Three semantic G.6 title bands have credible grids, month rows, and aligned numeric columns."
7,1990s/1993-05-18_491294_May_18_1993.pdf,2,2,G.6,DEBITS AND DEPOSIT TURNOVER AT COMMERCIAL BANKS For immediate Release,1993-05-18,SA,3,0,14,5,210,table_page,0.99,"Three semantic G.6 title bands have credible grids, month rows, and aligned numeric columns."
7,1990s/1993-06-15_491295_June_15_1993.pdf,2,1,G.6,DEBITS AND DEPOSIT TURNOVER AT COMMERCIAL BANKS For Immediate Release,1993-06-15,SA,3,0,14,5,210,table_page,0.99,"Three semantic G.6 title bands have credible grids, month rows, and aligned numeric columns."
7,1990s/1993-06-15_491295_June_15_1993.pdf,2,2,G.6,DEBITS AND DEPOSIT TURNOVER AT COMMERCIAL BANKS For Immediate Release e,1993-06-15,NSA,3,0,14,5,210,table_page,0.99,"Three semantic G.6 title bands have credible grids, month rows, and aligned numeric columns."
7,1990s/1993-07-15_491296_July_15_1993.pdf,1,1,G.6,DEBITS AND DEPOSIT TURNOVER AT COMMERCIAL BANKS For Immediate Release,1993-07-15,NSA,3,0,14,5,210,table_page,0.99,"Three semantic G.6 title bands have credible grids, month rows, and aligned numeric columns."
7,1990s/1993-08-16_491297_August_16_1993.pdf,2,1,G.6,DEBITSAND DEPOSITTURNOVER AT COMMERCIAL BANKS,1993-08-16,NSA,3,0,14,5,210,table_page,0.99,"Three semantic G.6 title bands have credible grids, month rows, and aligned numeric columns."
7,1990s/1993-08-16_491297_August_16_1993.pdf,2,2,G.6,DEBITS AND DEPOSIT TURNOVER AT COMMERCIAL BANKS,1993-08-16,SA,3,0,14,5,210,table_page,0.99,"Three semantic G.6 title bands have credible grids, month rows, and aligned numeric columns."
7,1990s/1993-09-15_491298_September_15_1993.pdf,2,1,G.6,e DEBITS AND DEPOSIT TURNOVER AT COMMERCIAL BANKS For Immediate Release,1993-09-15,SA,3,0,14,5,210,table_page,0.99,"Three semantic G.6 title bands have credible grids, month rows, and aligned numeric columns."
7,1990s/1993-09-15_491298_September_15_1993.pdf,2,2,G.6,DEBITS AND DEPOSIT TURNOVER AT COMMERCIAL BANKS For Immediate Release @,1993-09-15,NSA,3,0,14,5,210,table_page,0.99,"Three semantic G.6 title bands have credible grids, month rows, and aligned numeric columns."
7,1990s/1993-10-15_491299_October_15_1993.pdf,2,1,G.6,e DEBITS AND DEPOSIT TURNOVER AT COMMERCIAL BANKS For Immediate Release,1993-10-15,SA,3,0,14,5,210,table_page,0.99,"Three semantic G.6 title bands have credible grids, month rows, and aligned numeric columns."
7,1990s/1993-10-15_491299_October_15_1993.pdf,2,2,G.6,DEBITS AND DEPOSIT TURNOVER AT COMMERCIAL BANKS For Immediate Release @,1993-10-15,NSA,3,0,14,5,210,table_page,0.99,"Three semantic G.6 title bands have credible grids, month rows, and aligned numeric columns."
7,1990s/1993-11-16_491300_November_16_1993.pdf,2,1,G.6,@ DEBITS AND DEPOSIT TURNOVER AT COMMERCIAL BANKS For Immediate Release,1993-11-16,NSA,3,0,14,5,210,table_page,0.99,"Three semantic G.6 title bands have credible grids, month rows, and aligned numeric columns."
7,1990s/1993-11-16_491300_November_16_1993.pdf,2,2,G.6,DEBITS AND DEPOSIT TURNOVER AT COMMERCIAL BANKS For Immediate Release @,1993-11-16,SA,3,0,14,5,210,table_page,0.99,"Three semantic G.6 title bands have credible grids, month rows, and aligned numeric columns."
7,1990s/1993-12-15_491301_December_15_1993.pdf,2,1,G.6,r } DEBITS AND DEPOSIT TURNOVER AT COMMERCIAL BANKS For Immediate Release,1993-12-15,NSA,3,0,14,5,210,table_page,0.99,"Three semantic G.6 title bands have credible grids, month rows, and aligned numeric columns."
7,1990s/1993-12-15_491301_December_15_1993.pdf,2,2,G.6,DEBITS AND DEPOSIT TURNOVER AT COMMERCIAL BANKS,1993-12-15,SA,3,0,14,5,210,table_page,0.99,"Three semantic G.6 title bands have credible grids, month rows, and aligned numeric columns."
7,1990s/1994-01-24_491302_January_24_1994.pdf,2,1,G.6,@ DEBITS AND DEPOSIT TURNOVER AT COMMERCIAL BANKS For immediate Release,1994-01-24,SA,3,0,14,5,210,table_page,0.99,"Three semantic G.6 title bands have credible grids, month rows, and aligned numeric columns."
7,1990s/1994-01-24_491302_January_24_1994.pdf,2,2,G.6,DEBITS AND DEPOSIT TURNOVER AT COMMERCIAL BANKS For immediate Release,1994-01-24,NSA,3,0,14,5,210,table_page,0.99,"Three semantic G.6 title bands have credible grids, month rows, and aligned numeric columns."
7,1990s/1994-02-15_491303_February_15_1994.pdf,2,1,G.6,DEBITS AND DEPOSIT TURNOVER AT COMMERCIAL BANKS,1994-02-15,SA,3,0,14,5,210,table_page,0.99,"Three semantic G.6 title bands have credible grids, month rows, and aligned numeric columns."
7,1990s/1994-02-15_491303_February_15_1994.pdf,2,2,G.6,DEBITS AND DEPOSIT TURNOVER AT COMMERCIAL BANKS,1994-02-15,NSA,3,0,14,5,210,table_page,0.99,"Three semantic G.6 title bands have credible grids, month rows, and aligned numeric columns."
8,1990s/1994-03-21_491304_March_21_1994.pdf,3,1,G.6,y DEBITS AND DEPOSIT TURNOVER AT COMMERCIAL BANKS For Immediate Release,1994-03-21,SA,3,0,14,5,210,table_page,0.99,"Three semantic G.6 title bands have credible grids, month rows, and aligned numeric columns."
8,1990s/1994-03-21_491304_March_21_1994.pdf,3,2,G.6,DEBITS AND DEPOSIT TURNOVER AT COMMERCIAL BANKS For immediate Release,1994-03-21,NSA,3,0,14,5,210,table_page,0.99,"Three semantic G.6 title bands have credible grids, month rows, and aligned numeric columns."
8,1990s/1994-03-21_491304_March_21_1994.pdf,3,3,G.6,ad DEBITS AND DEPOSIT TURNOVER AT COMMERCIAL BANKS For immediate Release,1994-03-21,unknown,0,0,0,0,0,metadata_page,0.94,Explicit G.6 page without a structurally valid monthly table grid.
8,1990s/1994-04-20_491305_April_20_1994.pdf,2,1,G.6,DEBITS AND DEPOSIT TURNOVER AT COMMERCIAL BANKS For Immediate Release,1994-04-20,NSA,3,0,14,5,210,table_page,0.99,"Three semantic G.6 title bands have credible grids, month rows, and aligned numeric columns."
8,1990s/1994-04-20_491305_April_20_1994.pdf,2,2,G.6,DEBITS AND DEPOSIT TURNOVER AT COMMERCIAL BANKS For Immediate Release,1994-04-20,SA,3,0,14,5,210,table_page,0.99,"Three semantic G.6 title bands have credible grids, month rows, and aligned numeric columns."
8,1990s/1994-05-20_491306_May_20_1994.pdf,2,1,G.6,r DEBITS AND DEPOSIT TURNOVER AT COMMERCIAL BANKS For Immediate Release,1994-05-20,SA,3,0,14,5,210,table_page,0.99,"Three semantic G.6 title bands have credible grids, month rows, and aligned numeric columns."
8,1990s/1994-05-20_491306_May_20_1994.pdf,2,2,G.6,DEBITS AND DEPOSIT TURNOVER AT COMMERCIAL BANKS For immediate Release @,1994-05-20,NSA,3,0,14,5,210,table_page,0.99,"Three semantic G.6 title bands have credible grids, month rows, and aligned numeric columns."
8,1990s/1994-06-21_491307_June_21_1994.pdf,2,1,G.6,DEBITS AND DEPOSIT TURNOVER AT COMMERCIAL BANKS For Immediate Release,1994-06-21,NSA,3,0,14,5,210,table_page,0.99,"Three semantic G.6 title bands have credible grids, month rows, and aligned numeric columns."
8,1990s/1994-06-21_491307_June_21_1994.pdf,2,2,G.6,DEBITS AND DEPOSIT TURNOVER AT COMMERCIAL BANKS For immediate Release e,1994-06-21,SA,3,0,14,5,210,table_page,0.99,"Three semantic G.6 title bands have credible grids, month rows, and aligned numeric columns."
8,1990s/1994-07-19_491308_July_19_1994.pdf,2,1,G.6,@ DEBITS AND DEPOSIT TURNOVER AT COMMERCIAL BANKS For Immediate Release,1994-07-19,NSA,3,0,14,5,210,table_page,0.99,"Three semantic G.6 title bands have credible grids, month rows, and aligned numeric columns."
8,1990s/1994-07-19_491308_July_19_1994.pdf,2,2,G.6,DEBITS AND DEPOSIT TURNOVER AT COMMERCIAL BANKS,1994-07-19,SA,3,0,14,5,210,table_page,0.99,"Three semantic G.6 title bands have credible grids, month rows, and aligned numeric columns."
8,1990s/1994-08-23_491309_August_23_1994.pdf,2,1,G.6,r DEBITS AND DEPOSIT TURNOVER AT COMMERCIAL BANKS For Immediate Release,1994-08-23,SA,3,0,14,5,210,table_page,0.99,"Three semantic G.6 title bands have credible grids, month rows, and aligned numeric columns."
8,1990s/1994-08-23_491309_August_23_1994.pdf,2,2,G.6,DEBITS AND DEPOSIT TURNOVER AT COMMERCIAL BANKS For Immediate Release .,1994-08-23,NSA,3,0,14,5,210,table_page,0.99,"Three semantic G.6 title bands have credible grids, month rows, and aligned numeric columns."
8,1990s/1994-09-21_491310_September_21_1994.pdf,2,1,G.6,DEBITS AND DEPOSIT TURNOVER AT COMMERCIAL BANKS,1994-09-21,SA,3,0,14,5,210,table_page,0.99,"Three semantic G.6 title bands have credible grids, month rows, and aligned numeric columns."
8,1990s/1994-09-21_491310_September_21_1994.pdf,2,2,G.6,DEBITS AND DEPOSIT TURNOVER AT COMMERCIAL BANKS For immediate Release @,1994-09-21,NSA,3,0,14,5,210,table_page,0.99,"Three semantic G.6 title bands have credible grids, month rows, and aligned numeric columns."
8,1990s/1994-10-19_491311_October_19_1994.pdf,2,1,G.6,@ DEBITS AND DEPOSIT TURNOVER AT COMMERCIAL BANKS For Immediate Release,1994-10-19,SA,3,0,14,5,210,table_page,0.99,"Three semantic G.6 title bands have credible grids, month rows, and aligned numeric columns."
8,1990s/1994-10-19_491311_October_19_1994.pdf,2,2,G.6,DEBITS AND DEPOSIT TURNOVER AT COMMERCIAL BANKS For Immediate Release @,1994-10-19,NSA,3,0,14,5,210,table_page,0.99,"Three semantic G.6 title bands have credible grids, month rows, and aligned numeric columns."
8,1990s/1994-11-17_491312_November_17_1994.pdf,2,1,G.6,DEBITS AND DEPOSIT TURNOVER AT COMMERCIAL BANKS For immeciate Revease,,NSA,3,0,14,5,210,table_page,0.99,"Three semantic G.6 title bands have credible grids, month rows, and aligned numeric columns."
8,1990s/1994-11-17_491312_November_17_1994.pdf,2,2,G.6,DEBITS AND DEPOSIT TURNOVER AT COMMERCIAL BANKS For tmmeciate Aevease,,SA,3,0,14,5,210,table_page,0.99,"Three semantic G.6 title bands have credible grids, month rows, and aligned numeric columns."
8,1990s/1994-12-15_491313_December_15_1994.pdf,2,1,G.6,| @ DEBITS AND DEPOSIT TURNOVER AT COMMERCIAL BANKS For Immediate Release,1994-12-15,SA,3,0,14,5,210,table_page,0.99,"Three semantic G.6 title bands have credible grids, month rows, and aligned numeric columns."
8,1990s/1994-12-15_491313_December_15_1994.pdf,2,2,G.6,DEBITS AND DEPOSIT TURNOVER AT COMMERCIAL BANKS For immediate Release,1994-12-15,NSA,3,0,14,5,210,table_page,0.99,"Three semantic G.6 title bands have credible grids, month rows, and aligned numeric columns."
8,1990s/1995-01-12_491314_January_12_1995.pdf,2,1,G.6,DEBITS AND DEPOSIT TURNOVER AT COMMERCIAL BANKS For Immediate Release,1995-01-12,NSA,3,0,14,5,210,table_page,0.99,"Three semantic G.6 title bands have credible grids, month rows, and aligned numeric columns."
8,1990s/1995-01-12_491314_January_12_1995.pdf,2,2,G.6,DEBITS AND DEPOSIT TURNOVER AT COMMERCIAL BANKS For Immediate Release,1995-01-12,SA,3,0,14,5,210,table_page,0.99,"Three semantic G.6 title bands have credible grids, month rows, and aligned numeric columns."
8,1990s/1995-02-13_491315_February_13_1995.pdf,2,1,G.6,e DEBITS AND DEPOSIT TURNOVER AT COMMERCIAL BANKS For Immediate Release,1995-02-13,SA,3,0,14,5,210,table_page,0.99,"Three semantic G.6 title bands have credible grids, month rows, and aligned numeric columns."
8,1990s/1995-02-13_491315_February_13_1995.pdf,2,2,G.6,DEBITS AND DEPOSIT TURNOVER AT COMMERCIAL BANKS For Immediate Release,1995-02-13,NSA,3,0,14,5,210,table_page,0.99,"Three semantic G.6 title bands have credible grids, month rows, and aligned numeric columns."
8,1990s/1995-03-16_491316_March_16_1995.pdf,2,1,G.6,! DEBITS AND DEPOSIT TURNOVER AT COMMERCIAL BANKS For Immediate Release,1995-03-16,NSA,3,0,14,5,210,table_page,0.99,"Three semantic G.6 title bands have credible grids, month rows, and aligned numeric columns."
8,1990s/1995-03-16_491316_March_16_1995.pdf,2,2,G.6,DEBITS AND DEPOSIT TURNOVER AT COMMERCIAL BANKS,1995-03-16,SA,3,0,14,5,210,table_page,0.99,"Three semantic G.6 title bands have credible grids, month rows, and aligned numeric columns."
8,1990s/1995-04-13_491317_April_13_1995.pdf,2,1,G.6,@ DEBITS AND DEPOSIT TURNOVER AT COMMERCIAL BANKS For Immediate Release,1995-04-13,NSA,3,0,14,5,210,table_page,0.99,"Three semantic G.6 title bands have credible grids, month rows, and aligned numeric columns."
8,1990s/1995-04-13_491317_April_13_1995.pdf,2,2,G.6,DEBITS AND DEPOSIT TURNOVER AT COMMERCIAL BANKS,1995-04-13,SA,3,0,14,5,210,table_page,0.99,"Three semantic G.6 title bands have credible grids, month rows, and aligned numeric columns."
8,1990s/1995-05-15_491318_May_15_1995.pdf,2,1,G.6,@ DEBITS AND DEPOSIT TURNOVER AT COMMERCIAL BANKS For Immediate Release,1995-05-15,NSA,3,0,14,5,210,table_page,0.99,"Three semantic G.6 title bands have credible grids, month rows, and aligned numeric columns."
8,1990s/1995-05-15_491318_May_15_1995.pdf,2,2,G.6,DEBITS AND DEPOSIT TURNOVER AT COMMERCIAL BANKS,1995-05-15,SA,3,0,14,5,210,table_page,0.99,"Three semantic G.6 title bands have credible grids, month rows, and aligned numeric columns."
8,1990s/1995-06-15_491319_June_15_1995.pdf,2,1,G.6,e DEBITS AND DEPOSIT TURNOVER AT COMMERCIAL BANKS For Immediate Release,1995-06-15,NSA,3,0,14,5,210,table_page,0.99,"Three semantic G.6 title bands have credible grids, month rows, and aligned numeric columns."
8,1990s/1995-06-15_491319_June_15_1995.pdf,2,2,G.6,DEBITS AND DEPOSIT TURNOVER AT COMMERCIAL BANKS For Immediate Release e,1995-06-15,SA,3,0,14,5,210,table_page,0.99,"Three semantic G.6 title bands have credible grids, month rows, and aligned numeric columns."
8,1990s/1995-07-18_491320_July_18_1995.pdf,2,1,G.6,@ DEBITS AND DEPOSIT TURNOVER AT COMMERCIAL BANKS For Immediate Release,1995-07-18,NSA,3,0,14,5,210,table_page,0.99,"Three semantic G.6 title bands have credible grids, month rows, and aligned numeric columns."
8,1990s/1995-07-18_491320_July_18_1995.pdf,2,2,G.6,DEBITS AND DEPOSIT TURNOVER AT COMMERCIAL BANKS For Immediate Release @,1995-07-18,SA,3,0,14,5,210,table_page,0.99,"Three semantic G.6 title bands have credible grids, month rows, and aligned numeric columns."
8,1990s/1995-08-15_491321_August_15_1995.pdf,2,1,G.6,e@ DEBITS AND DEPOSIT TURNOVER AT COMMERCIAL BANKS For Immediate Release,1995-08-15,NSA,3,0,14,5,210,table_page,0.99,"Three semantic G.6 title bands have credible grids, month rows, and aligned numeric columns."
8,1990s/1995-08-15_491321_August_15_1995.pdf,2,2,G.6,DEBITS AND DEPOSIT TURNOVER AT COMMERCIAL BANKS For Immediate Release e,1995-08-15,SA,3,0,14,5,210,table_page,0.99,"Three semantic G.6 title bands have credible grids, month rows, and aligned numeric columns."
8,1990s/1995-09-15_491322_September_15_1995.pdf,2,1,G.6,DEBITS AND DEPOSIT TURNOVER AT COMMERCIAL BANKS For immediate Release,1995-09-15,NSA,3,0,14,5,210,table_page,0.99,"Three semantic G.6 title bands have credible grids, month rows, and aligned numeric columns."
8,1990s/1995-09-15_491322_September_15_1995.pdf,2,2,G.6,DEBITS AND DEPOSIT TURNOVER AT COMMERCIAL BANKS For Immediate Release,1995-09-15,SA,3,0,14,5,210,table_page,0.99,"Three semantic G.6 title bands have credible grids, month rows, and aligned numeric columns."
8,1990s/1995-10-12_491323_October_12_1995.pdf,2,1,G.6,@ DEBITS AND DEPOSIT TURNOVER AT COMMERCIAL BANKS For Immediate Release,1995-10-12,SA,3,0,14,5,210,table_page,0.99,"Three semantic G.6 title bands have credible grids, month rows, and aligned numeric columns."
8,1990s/1995-10-12_491323_October_12_1995.pdf,2,2,G.6,DEBITS AND DEPOSIT TURNOVER AT COMMERCIAL BANKS,1995-10-12,NSA,3,0,14,5,210,table_page,0.99,"Three semantic G.6 title bands have credible grids, month rows, and aligned numeric columns."
8,1990s/1995-11-14_491324_November_14_1995.pdf,2,1,G.6,DEBITS AND DEPOSIT TURNOVER AT COMMERCIAL BANKS For Immediate Release,1995-11-14,SA,3,0,14,5,210,table_page,0.99,"Three semantic G.6 title bands have credible grids, month rows, and aligned numeric columns."
8,1990s/1995-11-14_491324_November_14_1995.pdf,2,2,G.6,DEBITS AND DEPOSIT TURNOVER AT COMMERCIAL BANKS For Immediate Release e,1995-11-14,NSA,3,0,14,5,210,table_page,0.99,"Three semantic G.6 title bands have credible grids, month rows, and aligned numeric columns."
8,1990s/1995-12-18_491325_December_18_1995.pdf,2,1,G.6,EBITS AND DEPOSIT TURNOVER AT COMMERCIAL BANKS,1995-12-18,SA,3,0,14,5,210,table_page,0.99,"Three semantic G.6 title bands have credible grids, month rows, and aligned numeric columns."
8,1990s/1995-12-18_491325_December_18_1995.pdf,2,2,G.6,DEBITS AND DEPOSIT TURNOVER AT COMMERCIAL BANKS For Immediate Yi],1995-12-18,NSA,3,0,14,5,210,table_page,0.99,"Three semantic G.6 title bands have credible grids, month rows, and aligned numeric columns."
8,1990s/1996-01-18_491326_January_18_1996.pdf,2,1,G.6,DEBITS AND DEPOSIT TURNOVER AT COMMERCIAL BANKS For Immediate Release,1996-01-18,SA,3,0,14,5,210,table_page,0.99,"Three semantic G.6 title bands have credible grids, month rows, and aligned numeric columns."
8,1990s/1996-01-18_491326_January_18_1996.pdf,2,2,G.6,DEBITS AND DEPOSIT TURNOVER AT COMMERCIAL BANKS,1996-01-18,NSA,3,0,14,5,210,table_page,0.99,"Three semantic G.6 title bands have credible grids, month rows, and aligned numeric columns."
8,1990s/1996-02-20_491327_February_20_1996.pdf,2,1,G.6,DEBITS AND DEPOSIT TURNOVER AT COMMERCIAL BANKS For immediate Release,1996-02-20,SA,3,0,14,5,210,table_page,0.99,"Three semantic G.6 title bands have credible grids, month rows, and aligned numeric columns."
8,1990s/1996-02-20_491327_February_20_1996.pdf,2,2,G.6,DEBITS AND DEPOSIT TURNOVER AT COMMERCIAL BANKS For immediate Release r),1996-02-20,NSA,3,0,14,5,210,table_page,0.99,"Three semantic G.6 title bands have credible grids, month rows, and aligned numeric columns."
8,1990s/1996-03-13_491328_March_13_1996.pdf,2,1,G.6,DEBITS AND DEPOSIT TURNOVER AT COMMERCIAL BANKS For Immediate Release,1996-03-13,NSA,3,0,14,5,210,table_page,0.99,"Three semantic G.6 title bands have credible grids, month rows, and aligned numeric columns."
8,1990s/1996-03-13_491328_March_13_1996.pdf,2,2,G.6,DEBITS AND DEPOSIT TURNOVER AT COMMERCIAL BANKS For Immediate Release,1996-03-13,SA,3,0,14,5,210,table_page,0.99,"Three semantic G.6 title bands have credible grids, month rows, and aligned numeric columns."
8,1990s/1996-04-18_491329_April_18_1996.pdf,2,1,G.6,DEBITS AND DEPOSIT TURNOVER AT COMMERCIAL BANKS For Immediate Release,1996-04-18,NSA,3,0,14,5,210,table_page,0.99,"Three semantic G.6 title bands have credible grids, month rows, and aligned numeric columns."
8,1990s/1996-04-18_491329_April_18_1996.pdf,2,2,G.6,OEBITS AND DEPOSIT TURNOVER AT COMMERCIAL BANKS For Immediate Release,1996-04-18,SA,3,0,14,5,210,table_page,0.99,"Three semantic G.6 title bands have credible grids, month rows, and aligned numeric columns."
8,1990s/1996-05-20_491330_May_20_1996.pdf,2,1,G.6,DEBITS AND DEPOSIT TURNOVER AT COMMERCIAL BANKS,1996-05-20,SA,3,0,14,5,210,table_page,0.99,"Three semantic G.6 title bands have credible grids, month rows, and aligned numeric columns."
8,1990s/1996-05-20_491330_May_20_1996.pdf,2,2,G.6,DEBITS AND DEPOSIT TURNOVER AT COMMERCIAL BANKS For Immediate Release @,1996-05-20,NSA,3,0,14,5,210,table_page,0.99,"Three semantic G.6 title bands have credible grids, month rows, and aligned numeric columns."
8,1990s/1996-06-19_491331_June_19_1996.pdf,2,1,G.6,DEBITS AND DEPOSIT TURNOVER AT COMMERCIAL BANKS For Immediate Release,1996-06-19,NSA,3,0,14,5,210,table_page,0.99,"Three semantic G.6 title bands have credible grids, month rows, and aligned numeric columns."
8,1990s/1996-06-19_491331_June_19_1996.pdf,2,2,G.6,DEBITS AND DEPOSIT TURNOVER AT COMMERCIAL BANKS,1996-06-19,SA,3,0,14,5,210,table_page,0.99,"Three semantic G.6 title bands have credible grids, month rows, and aligned numeric columns."
8,1990s/1996-07-18_491332_July_18_1996.pdf,2,1,G.6,DEBITS AND DEPOSIT TURNOVER AT COMMERCIAL BANKS,1996-07-18,NSA,3,0,14,5,210,table_page,0.99,"Three semantic G.6 title bands have credible grids, month rows, and aligned numeric columns."
8,1990s/1996-07-18_491332_July_18_1996.pdf,2,2,G.6,DEBITS AND DEPOSIT TURNOVER AT COMMERCIAL BANKS For immediate Release,1996-07-18,SA,3,0,14,5,210,table_page,0.99,"Three semantic G.6 title bands have credible grids, month rows, and aligned numeric columns."
8,1990s/1996-08-22_491333_August_22_1996.pdf,2,1,G.6,DEBITS AND DEPOSIT TURNOVER AT COMMERCIAL BANKS For Immediate Release,1996-08-22,NSA,3,0,14,5,210,table_page,0.99,"Three semantic G.6 title bands have credible grids, month rows, and aligned numeric columns."
8,1990s/1996-08-22_491333_August_22_1996.pdf,2,2,G.6,DEBITS AND DEPOSIT TURNOVER AT COMMERCIAL BANKS,1996-08-22,SA,3,0,14,5,210,table_page,0.99,"Three semantic G.6 title bands have credible grids, month rows, and aligned numeric columns."
8,1990s/1996-09-16_491334_September_16_1996.pdf,2,1,G.6,DEBITS AND DEPOSIT TURNOVER AT COMMERCIAL BANKS For Immediate Release,1996-09-16,NSA,3,0,14,5,210,table_page,0.99,"Three semantic G.6 title bands have credible grids, month rows, and aligned numeric columns."
8,1990s/1996-09-16_491334_September_16_1996.pdf,2,2,G.6,DEBITS AND DEPOSIT TURNOVER AT COMMERCIAL BANKS For Immediate Release,1996-09-16,SA,3,0,14,5,210,table_page,0.99,"Three semantic G.6 title bands have credible grids, month rows, and aligned numeric columns."
8,1990s/1996-10-23_491335_October_23_1996.pdf,3,1,G.6,DEBITS AND DEPOSIT TURNOVER,1996-10-23,unknown,0,0,0,0,0,metadata_page,0.94,Explicit G.6 page without a structurally valid monthly table grid.
8,1990s/1996-10-23_491335_October_23_1996.pdf,3,2,G.6,DEBITS AND DEPOSIT TURNOVER AT COMMERCIAL BANKS For Immediate Release,1996-10-23,SA,3,0,14,5,210,table_page,0.99,"Three semantic G.6 title bands have credible grids, month rows, and aligned numeric columns."
8,1990s/1996-10-23_491335_October_23_1996.pdf,3,3,G.6,DEBITS AND DEPOSIT TURNOVER AT COMMERCIAL BANKS For Immediate Release @,1996-10-23,NSA,3,0,14,5,210,table_page,0.99,"Three semantic G.6 title bands have credible grids, month rows, and aligned numeric columns."
