"QYEAR","NEWID","SEQNO","ALCNO","REC_ORIG","LSDNUM","LSDNUM_","LSDCODE","LSDCODE_","MODELYR","MODELYR_","PRCBSNSZ","PRCB_NSZ","NUMPAY","NUMPAY_","PMTMONTH","PMTM_NTH","PAYEXPX","PAYEXPX_","PAYTIME","PAYTIME_","EMPLYEXP","EMPL_EXP","TRADEEXP","TRAD_EXP","DOWNEXP","DOWNEXP_","DNEMPEXP","DNEM_EXP","LSDENDMO","LSDE_DMO","QADPMT1X","QADP_T1X","QADPMT2X","QADP_T2X","QADPMT3X","QADP_T3X","QEXTRA1X","QEXT_A1X","QEXTRA2X","QEXT_A2X","QEXTRA3X","QEXT_A3X","QADDOWNX","QADD_WNX","QADFEEX","QADFEEX_","MKMDEL","MKMDEL_","LSDENDYR","LSDE_DYR","PMTYEAR","PMTYEAR_"
"20131",2511615,24,0,"5","01","D","100","D","2009","D",.,"A",36,"D","05","D",210,"D","3","D",.,"A",.,"A",6000,"D",.,"A",,"A",210,"D",210,"D",210,"D",.,"A",.,"A",.,"A",6000,"D",.,"A","HONAA","D",,"A",,"A"
"20131",2511695,85,0,"5","01","D","110","D","2010","D",.,"A",39,"D","02","D",385,"D","3","D",.,"A",.,"A",2490,"D",.,"A",,"A",385,"D",385,"D",385,"D",.,"A",.,"A",.,"A",2490,"D",.,"A","TOYBA","D",,"A",,"A"
"20131",2511975,35,0,"5","01","D","100","D","2011","D",.,"A",36,"D","02","D",.,"B","3","D",.,"A",.,"A",12000,"D",.,"A",,"A",325,"F",325,"F",325,"F",.,"A",.,"A",.,"A",12000,"D",.,"A","HONAF","D",,"A",,"A"
"20131",2512335,30,0,"5","01","D","110","D","2011","D",.,"A",30,"D","04","F",339,"D","3","D",.,"A",.,"A",.,"A",.,"A",,"A",339,"D",339,"D",339,"D",.,"A",.,"A",.,"A",.,"A",.,"A","HONAQ","D",,"A",,"A"
"20131",2512535,28,0,"5","01","D","100","D","2012","D",.,"A",23,"D","08","D",160,"D","3","D",.,"A",5000,"D",.,"A",.,"A",,"A",160,"D",160,"D",160,"D",.,"A",.,"A",.,"A",.,"A",.,"A","CHEBT","D",,"A",,"A"
"20131",2512635,29,0,"1","01","D","110","D","2011","D",.,"A",60,"D","01","D",295,"D","3","D",.,"A",10600,"D",.,"A",.,"A",,"A",.,"A",.,"A",.,"A",.,"A",.,"A",.,"A",.,"A",.,"A","DODAX","D",,"A",,"A"
"20131",2512845,27,0,"5","01","D","100","D","2011","D",.,"A",36,"D","09","D",310,"D","3","D",.,"A",.,"A",.,"A",.,"A",,"A",310,"D",310,"D",310,"D",.,"A",.,"A",.,"A",.,"A",.,"A","TOYAF","D",,"A",,"A"
"20131",2513775,33,0,"5","01","D","110","D","2011","D",.,"A",36,"D","05","D",380,"D","3","D",.,"A",2500,"D",5000,"D",.,"A","11","D",380,"D",380,"D",.,"A",.,"A",.,"A",.,"A",5000,"D",.,"A","TOYAU","D",,"A",,"A"
"20131",2513775,34,0,"1","02","D","110","D","2013","D",.,"A",36,"D","11","D",359,"D","3","D",.,"A",.,"A",.,"A",.,"A",,"A",.,"A",359,"D",359,"D",.,"A",.,"A",.,"A",.,"A",.,"A","TOYBA","D",,"A",,"A"
"20131",2513855,36,0,"5","01","D","110","D","2010","D",.,"A",48,"D","08","D",389,"D","3","D",.,"A",.,"A",.,"A",.,"A",,"A",389,"D",389,"D",389,"D",.,"A",.,"A",.,"A",.,"A",.,"A","MITAQ","D",,"A",,"A"
"20131",2513995,22,0,"5","01","D","110","D","2012","D",.,"A",36,"D","04","D",417,"D","3","D",.,"A",.,"A",.,"A",.,"A",,"A",417,"D",417,"D",417,"D",.,"A",.,"A",.,"A",.,"A",.,"A","KIAAB","D",,"A",,"A"
"20131",2514445,28,0,"5","01","D","100","D","2006","D",.,"A",60,"D","11","D",330,"D","3","D",.,"A",.,"A",1600,"D",.,"A",,"A",330,"D",330,"D",330,"D",.,"A",.,"A",.,"A",1600,"D",.,"A","FORBA","D",,"A",,"A"
"20131",2516485,42,0,"1","01","D","100","D","2008","D",.,"A",60,"D","10","D",450,"D","3","D",.,"A",.,"A",.,"A",.,"A","12","D",450,"D",450,"D",450,"D",.,"A",.,"A",.,"A",.,"A",.,"A","LEXXX","D","2013","D",,"A"
"20131",2516975,43,0,"5","01","D","100","D","2011","D",.,"A",30,"D","03","D",360,"D","3","D",.,"A",.,"A",2000,"D",.,"A",,"A",360,"D",360,"D",360,"D",.,"A",.,"A",.,"A",2000,"D",.,"A","BMWAA","D",,"A",,"A"
"20131",2517355,52,0,"5","01","D","100","D","2009","D",.,"A",39,"D","10","D",294,"D","3","D",.,"A",3000,"D",.,"A",.,"A","10","F",294,"D",294,"D",294,"D",.,"A",.,"A",.,"A",.,"A",150,"D","NISAD","D",,"A",,"A"
"20131",2517415,50,0,"5","01","D","100","D","2011","D",.,"A",39,"D","02","D",300,"D","3","D",.,"A",.,"A",2000,"D",.,"A",,"A",300,"D",300,"D",300,"D",.,"A",.,"A",.,"A",2000,"D",.,"A","NISAD","D",,"A",,"A"
"20131",2518675,26,0,"5","01","D","100","D","2012","D",.,"A",30,"D","01","D",.,"C","3","D",.,"A",.,"A",.,"A",.,"A",,"A",355,"F",355,"F",355,"F",.,"A",.,"A",.,"A",.,"A",.,"A","MRBAH","D",,"A",,"A"
"20131",2518675,27,0,"5","02","D","100","D","2010","D",.,"A",30,"D","06","D",.,"C","3","D",.,"A",.,"A",.,"A",.,"A",,"A",400,"F",400,"F",400,"F",.,"A",.,"A",.,"A",.,"A",.,"A","VOKAI","D",,"A",,"A"
"20131",2520115,42,0,"5","01","D","100","D","2013","D",.,"A",36,"D","08","D",242,"D","3","D",.,"A",7500,"D",.,"A",.,"A",,"A",242,"D",242,"D",242,"D",.,"A",.,"A",.,"A",.,"A",.,"A","KIAAG","D",,"A",,"A"
"20131",2520195,33,0,"5","01","D","100","D","2012","D",.,"A",30,"D","11","D",360,"D","3","D",.,"A",24000,"D",.,"A",.,"A",,"A",.,"A",360,"D",360,"D",.,"A",.,"A",.,"A",.,"A",.,"A","BUIAN","D",,"A",,"A"
"20131",2522105,36,0,"5","01","D","100","D","2011","D",.,"A",36,"D","11","D",308,"D","3","D",.,"A",800,"D",.,"A",.,"A",,"A",308,"D",308,"D",308,"D",.,"A",.,"A",.,"A",.,"A",.,"A","TOYAC","D",,"A",,"A"
"20131",2523135,64,0,"5","01","D","100","D","2011","D",.,"A",36,"D","09","D",285,"D","3","D",.,"A",.,"A",2500,"D",.,"A",,"A",285,"D",285,"D",285,"D",.,"A",.,"A",.,"A",2500,"D",.,"A","TOYAC","D",,"A",,"A"
"20131",2523865,24,0,"5","01","D","110","D","2011","D",.,"A",72,"D","01","D",500,"D","3","D",.,"A",.,"A",4000,"D",.,"A",,"A",500,"D",500,"D",500,"D",.,"A",.,"A",.,"A",4000,"D",.,"A","FORAO","D",,"A",,"A"
"20131",2524455,23,0,"5","01","D","100","D","2013","D",.,"A",75,"D","12","D",358,"D","3","D",.,"A",.,"A",.,"A",.,"A",,"A",.,"A",358,"D",358,"D",.,"A",.,"A",.,"A",.,"A",.,"A","CHEBT","D",,"A",,"A"
"20131",2525015,32,0,"5","01","D","110","D","2012","D",.,"A",36,"D","02","D",400,"D","3","D",.,"A",8000,"D",2000,"D",.,"A",,"A",400,"D",400,"D",400,"D",.,"A",.,"A",.,"A",2000,"D",.,"A","JEEAB","D",,"A",,"A"
"20131",2525245,20,0,"5","01","D","110","D","2011","D",.,"A",36,"D","06","D",500,"D","3","D",.,"A",.,"A",.,"C",.,"A",,"A",500,"D",500,"D",500,"D",.,"A",.,"A",.,"A",.,"B",.,"A","CADAG","D",,"A",,"A"
"20131",2526115,23,0,"5","01","D","110","D","2012","D",.,"A",36,"D","12","D",486,"D","3","D",.,"A",.,"A",2000,"D",.,"A",,"A",.,"A",486,"D",486,"D",.,"A",.,"A",.,"A",2000,"D",.,"A","HONAG","D",,"A",,"A"
"20131",2526125,24,0,"5","01","D","110","D","2010","D",.,"A",60,"D","01","D",365,"D","3","D",.,"A",1000,"D",5000,"D",.,"A",,"A",365,"D",365,"D",365,"D",.,"A",.,"A",.,"A",5000,"D",.,"A","NISAW","D",,"A",,"A"
"20131",2526765,32,0,"5","01","D","100","D","2009","D",.,"A",36,"D","04","D",500,"D","3","D",.,"A",.,"A",6000,"D",.,"A",,"A",500,"D",500,"D",500,"D",.,"A",.,"A",.,"A",6000,"D",.,"A","MRBAH","D",,"A",,"A"
"20131",2530365,28,0,"5","01","D","100","D","2011","D",.,"A",36,"D","02","D",597,"D","3","D",.,"A",32000,"D",.,"A",.,"A",,"A",597,"D",597,"D",597,"D",.,"A",.,"A",.,"A",.,"A",.,"A","CADAL","D",,"A",,"A"
"20131",2530765,46,0,"5","03","D","100","D","2012","D",.,"A",36,"D","10","D",265,"D","3","D",.,"A",.,"A",.,"A",.,"A",,"A",265,"D",265,"D",265,"D",.,"A",.,"A",.,"A",.,"A",.,"A","VOKAK","D",,"A",,"A"
"20131",2530785,21,0,"5","01","D","100","D","2007","D",.,"A",24,"D","07","D",224,"D","3","D",.,"A",.,"A",2000,"D",.,"A",,"A",224,"D",224,"D",224,"D",.,"A",.,"A",.,"A",2000,"D",.,"A","KIAAC","D",,"A",,"A"
"20131",2532185,42,0,"5","01","D","100","D","2007","D",.,"A",72,"D","10","D",375,"D","3","D",.,"A",1000,"D",.,"A",.,"A",,"A",375,"D",375,"D",375,"D",.,"A",.,"A",.,"A",.,"A",.,"A","FORAK","D",,"A",,"A"
"20131",2532265,35,0,"5","01","D","100","D","2013","D",.,"A",48,"D","10","D",261,"D","3","D",.,"A",.,"A",.,"A",.,"A",,"A",261,"D",261,"D",261,"D",.,"A",.,"A",.,"A",.,"A",.,"A","HYUAB","D",,"A",,"A"
"20131",2533395,33,0,"5","01","D","100","D","2001","D",0.2,"D",48,"D","01","D",250,"D","3","D",.,"A",.,"A",1000,"D",.,"A",,"A",250,"D",250,"D",250,"D",.,"A",.,"A",.,"A",1000,"D",.,"A","OLDAD","D",,"A",,"A"
"20131",2533775,20,0,"5","01","D","100","D","2010","D",.,"A",36,"D","08","D",263,"D","3","D",.,"A",.,"A",1400,"D",.,"A",,"A",263,"D",263,"D",263,"D",.,"A",.,"A",.,"A",1400,"D",.,"A","TOYAC","D",,"A",,"A"
"20131",2533775,21,0,"5","02","D","100","D","2010","D",.,"A",36,"D","08","D",268,"D","3","D",.,"A",.,"A",1400,"D",.,"A",,"A",268,"D",268,"D",268,"D",.,"A",.,"A",.,"A",1400,"D",.,"A","TOYAC","D",,"A",,"A"
"20131",2534135,32,0,"5","01","D","110","D","2011","D",.,"A",36,"D","06","D",360,"D","3","D",.,"A",.,"C",.,"A",.,"A",,"A",360,"D",360,"D",360,"D",.,"A",.,"A",.,"A",.,"A",.,"A","GMCAO","D",,"A",,"A"
"20131",2534185,29,0,"5","01","D","110","D","2012","D",.,"A",48,"D","08","D",399,"D","3","D",.,"A",.,"A",.,"A",.,"A",,"A",399,"D",399,"D",399,"D",.,"A",.,"A",.,"A",.,"A",.,"A","NISAQ","D",,"A",,"A"
"20131",2535995,23,0,"4","01","D","110","D","2007","D",.,"A",.,"C","02","F",.,"C",,"C",.,"A",.,"A",2000,"D",.,"A",,"A",359,"F",359,"F",359,"F",.,"A",.,"A",.,"A",2000,"D",.,"A","CHEAZ","D",,"A",,"A"
"20131",2536485,40,0,"5","01","D","100","D","2012","D",.,"A",66,"D","08","D",444,"D","3","D",.,"A",.,"A",.,"A",.,"A",,"A",444,"D",444,"D",444,"D",.,"A",.,"A",.,"A",.,"A",.,"A","VOKAK","D",,"A",,"A"
"20131",2537865,30,0,"5","01","D","110","D","2010","D",0.5,"D",24,"D","01","D",500,"D","3","D",250,"D",.,"A",.,"A",.,"A",,"A",250,"D",250,"D",250,"D",.,"A",.,"A",.,"A",.,"A",.,"A","TOYAU","D",,"A",,"A"
"20131",2539035,49,0,"5","01","D","100","D","2013","D",.,"A",24,"D","09","D",270,"D","3","D",.,"A",.,"A",3500,"D",.,"A",,"A",270,"D",270,"D",270,"D",.,"A",.,"A",.,"A",3500,"D",.,"A","NISAD","D",,"A",,"A"
"20131",2539065,26,0,"5","01","D","110","D","2009","D",.,"A",1,"D","03","D",15000,"D","7","D",.,"A",.,"A",.,"A",.,"A",,"A",.,"A",.,"A",.,"A",.,"A",.,"A",.,"A",.,"A",.,"A","NISAQ","D",,"A",,"A"
"20131",2539185,39,0,"5","02","D","100","D","2012","D",.,"A",39,"D","06","D",400,"D","3","D",.,"A",.,"C",.,"A",.,"A",,"A",400,"D",400,"D",400,"D",.,"A",.,"A",.,"A",.,"A",.,"A","INFAN","D",,"A",,"A"
"20131",2539195,33,0,"5","01","D","110","D","2010","D",.,"A",36,"D","08","D",400,"D","3","D",.,"A",.,"A",6000,"D",.,"A",,"A",400,"D",400,"D",400,"D",.,"A",.,"A",.,"A",6000,"D",.,"A","VOVAQ","D",,"A",,"A"
"20131",2539695,35,0,"5","01","D","100","D","2010","D",.,"A",39,"D","02","D",401,"D","3","D",.,"A",.,"A",.,"A",.,"A",,"A",401,"D",401,"D",401,"D",.,"A",.,"A",.,"A",.,"A",.,"A","NISAG","D",,"A",,"A"
"20131",2540145,48,0,"5","01","D","100","D","2009","D",.,"A",72,"D","03","D",182,"D","3","D",.,"A",500,"D",3000,"D",.,"A",,"A",182,"D",182,"D",182,"D",.,"A",.,"A",.,"A",3000,"D",.,"A","CHEAS","D",,"A",,"A"
"20131",2541455,30,0,"1","01","D","110","D","1994","D",.,"A",1,"D","03","D",3100,"D","7","D",.,"A",.,"A",.,"A",.,"A","02","D",.,"A",.,"A",.,"A",.,"A",.,"A",.,"A",.,"A",.,"A","CHEAW","D","2008","D",,"A"
"20131",2542365,29,0,"5","01","D","100","D","2009","D",.,"A",60,"D","07","D",380,"D","3","D",.,"A",.,"A",.,"A",.,"A",,"A",380,"D",380,"D",380,"D",.,"A",.,"A",.,"A",.,"A",.,"A","HONAB","D",,"A",,"A"
"20131",2542365,30,0,"5","02","D","110","D","2010","D",.,"A",60,"D","01","D",400,"D","3","D",.,"A",.,"A",.,"A",.,"A",,"A",400,"D",400,"D",400,"D",.,"A",.,"A",.,"A",.,"A",.,"A","HONAC","D",,"A",,"A"
"20131",2542675,22,0,"5","01","D","110","D","2005","D",.,"A",60,"D","06","F",259,"D","3","D",.,"A",.,"A",5000,"D",.,"A",,"A",259,"D",259,"D",259,"D",.,"A",.,"A",.,"A",5000,"D",.,"A","TOYAA","D",,"A",,"A"
"20131",2543995,42,0,"5","01","D","110","D","2012","D",.,"A",36,"D","03","D",210,"D","3","D",.,"A",10000,"D",.,"A",.,"A",,"A",210,"D",210,"D",210,"D",.,"A",.,"A",.,"A",.,"A",.,"A","HONAG","D",,"A",,"A"
"20131",2544705,29,0,"5","01","D","100","D","2011","D",0.4,"D",33,"D","03","D",568,"D","3","D",.,"A",.,"A",.,"A",.,"A",,"A",568,"D",568,"D",568,"D",.,"A",.,"A",.,"A",.,"A",.,"A","MRBAD","D",,"A",,"A"
"20131",2545674,29,0,"5","01","D","100","D","2011","D",.,"A",.,"C","01","D",300,"D","3","D",.,"A",1000,"D",.,"C",.,"A",,"A",300,"D",300,"D",300,"D",.,"A",.,"A",.,"A",.,"B",.,"A","CHEBN","D",,"A",,"A"
"20131",2546314,25,0,"5","01","D","100","D","2012","D",.,"A",36,"D","04","D",535,"D","3","D",.,"A",.,"C",.,"A",.,"A",,"A",535,"D",535,"D",535,"D",.,"A",.,"A",.,"A",.,"A",.,"A","HYUAM","D",,"A",,"A"
"20131",2546474,39,0,"5","01","D","100","D","2012","D",.,"A",36,"D","03","D",300,"D","3","D",.,"A",.,"C",1600,"D",.,"A",,"A",300,"D",300,"D",300,"D",50,"D",50,"D",50,"D",1600,"D",.,"A","VOKAI","D",,"A",,"A"
"20131",2546814,28,0,"5","01","D","110","D","2012","D",.,"A",39,"D","07","D",350,"D","3","D",.,"A",2000,"D",.,"A",.,"A",,"A",350,"D",350,"D",350,"D",.,"A",.,"A",.,"A",.,"A",.,"A","CHEBS","D",,"A",,"A"
"20131",2547514,37,0,"5","01","D","110","D","2011","D",.,"A",60,"D","05","D",636,"D","3","D",.,"A",.,"A",1000,"D",.,"A",,"A",636,"D",636,"D",636,"D",.,"A",.,"A",.,"A",1000,"D",.,"A","TOYAO","D",,"A",,"A"
"20131",2547524,46,0,"5","01","D","100","D","2012","D",.,"A",39,"D","12","D",395,"D","3","D",.,"A",.,"C",500,"D",.,"A",,"A",395,"D",395,"D",395,"D",.,"A",.,"A",.,"A",500,"D",.,"A","NISAD","D",,"A",,"A"
"20131",2549404,30,0,"5","02","D","100","D","2012","D",.,"A",36,"D","07","D",277,"D","3","D",.,"A",.,"A",.,"A",.,"A",,"A",277,"D",277,"D",277,"D",.,"A",.,"A",.,"A",.,"A",.,"A","TOYAC","D",,"A",,"A"
"20131",2550274,29,0,"5","01","D","110","D","2012","D",.,"A",36,"D","03","D",285,"D","3","D",.,"A",.,"A",.,"A",.,"A",,"A",285,"D",285,"D",285,"D",.,"A",.,"A",.,"A",.,"A",.,"A","JEEAK","D",,"A",,"A"
"20131",2550304,27,0,"5","01","D","100","D","2012","D",.,"A",36,"D","02","D",580,"D","3","D",.,"A",28000,"D",.,"A",.,"A",,"A",580,"D",580,"D",580,"D",.,"A",.,"A",.,"A",.,"A",.,"A","CHRAA","D",,"A",,"A"
"20131",2550794,28,0,"5","01","D","100","D","2011","D",.,"A",4,"D","03","D",328,"D","3","D",.,"A",.,"A",1000,"D",.,"A",,"A",328,"D",328,"D",328,"D",.,"A",.,"A",.,"A",1000,"D",.,"A","NISAN","D",,"A",,"A"
"20131",2550844,27,0,"5","01","D","100","D","2011","D",.,"A",36,"D","07","D",228,"D","3","D",.,"A",.,"A",.,"A",.,"A",,"A",228,"D",228,"D",228,"D",.,"A",.,"A",.,"A",.,"A",.,"A","TOYAC","D",,"A",,"A"
"20131",2552704,40,0,"5","01","D","100","D","2012","D",.,"A",35,"D","07","D",199,"D","3","D",.,"A",.,"A",.,"A",.,"A",,"A",199,"D",199,"D",199,"D",.,"A",.,"A",.,"A",.,"A",.,"A","HONAB","D",,"A",,"A"
"20131",2553574,35,0,"5","01","D","110","D","2011","D",.,"A",36,"D","03","F",480,"D","3","D",.,"A",.,"C",1000,"D",.,"A",,"A",480,"D",480,"D",480,"D",.,"A",.,"A",.,"A",1000,"D",.,"A","TOYAO","D",,"A",,"A"
"20131",2553884,20,0,"5","01","D","110","D","2010","D",.,"A",36,"D","10","D",810,"D","3","D",.,"A",.,"A",.,"A",.,"A",,"A",810,"D",810,"D",810,"D",.,"A",.,"A",.,"A",.,"A",.,"A","LEXAD","D",,"A",,"A"
"20131",2554384,41,0,"5","01","D","100","D","2012","D",.,"A",36,"D","11","F",354,"D","3","D",.,"A",.,"A",.,"C",.,"A",,"A",354,"D",354,"D",354,"D",.,"A",.,"A",.,"A",1000,"F",.,"A","HONAA","D",,"A",,"A"
"20131",2554854,22,0,"5","01","D","100","D","2011","D",.,"A",.,"C","10","F",.,"C",,"C",.,"A",.,"A",.,"A",.,"A",,"A",387,"F",387,"F",387,"F",.,"A",.,"A",.,"A",.,"A",.,"A","TOYAC","D",,"A",,"A"
"20131",2556124,24,0,"5","01","D","100","D","2005","D",.,"A",36,"D","03","F",340,"D","3","D",.,"A",500,"D",.,"A",.,"A",,"A",340,"D",340,"D",340,"D",.,"A",.,"A",.,"A",.,"A",.,"A","KIAAG","D",,"A",,"A"
"20131",2556834,19,0,"5","01","D","100","D","2008","D",.,"A",60,"D","07","D",250,"D","3","D",.,"A",1800,"D",.,"A",.,"A",,"A",250,"D",250,"D",250,"D",.,"A",.,"A",.,"A",.,"A",.,"A","HYUAE","D",,"A",,"A"
"20131",2557164,45,0,"5","01","D","100","D","2009","D",.,"A",36,"D","07","D",179,"D","3","D",.,"A",.,"A",4000,"D",.,"A",,"A",179,"D",179,"D",179,"D",.,"A",.,"A",.,"A",4000,"D",.,"A","TOYAX","D",,"A",,"A"
"20131",2557604,34,0,"5","01","D","110","D","2012","D",.,"A",36,"D","05","D",198,"D","3","D",.,"A",.,"A",3000,"D",.,"A",,"A",198,"D",198,"D",198,"D",.,"A",.,"A",.,"A",3000,"D",.,"A","TOYAN","D",,"A",,"A"
"20131",2557604,35,0,"5","02","D","100","D","2012","D",.,"A",36,"D","06","D",172,"D","3","D",.,"A",.,"A",3000,"D",.,"A",,"A",172,"D",172,"D",172,"D",.,"A",.,"A",.,"A",3000,"D",.,"A","TOYAF","D",,"A",,"A"
"20131",2558444,35,0,"5","01","D","110","D","2011","D",.,"A",36,"D","03","D",249,"D","3","D",.,"A",.,"C",.,"A",.,"A",,"A",249,"D",249,"D",249,"D",.,"A",.,"A",.,"A",.,"A",.,"A","TOYAN","D",,"A",,"A"
"20131",2558884,22,0,"5","01","D","100","D","2011","D",.,"A",36,"D","11","F",190,"D","3","D",.,"A",.,"A",2000,"D",.,"A",,"A",190,"D",190,"D",190,"D",.,"A",.,"A",.,"A",2000,"D",.,"A","KIAXX","D",,"A",,"A"
"20131",2559074,27,0,"5","01","D","100","D","2011","D",.,"A",36,"D","08","D",245,"D","3","D",.,"A",.,"A",.,"A",.,"A",,"A",245,"D",245,"D",245,"D",.,"A",.,"A",.,"A",.,"A",.,"A","TOYAF","D",,"A",,"A"
"20131",2559794,35,0,"5","01","D","100","D","2012","D",.,"A",36,"D","11","D",189,"D","3","D",.,"A",.,"C",3800,"D",.,"A",,"A",189,"D",189,"D",189,"D",.,"A",.,"A",.,"A",3800,"D",.,"A","HYUAB","D",,"A",,"A"
"20131",2561804,23,0,"5","01","D","100","D","2010","D",.,"A",36,"D","02","D",450,"D","3","D",.,"A",.,"A",2000,"D",.,"A",,"A",450,"D",450,"D",450,"D",.,"A",.,"A",.,"A",2000,"D",.,"A","LEXXX","D",,"A",,"A"
"20131",2561804,24,0,"5","02","D","110","D","2011","D",.,"A",36,"D","06","D",403,"D","3","D",.,"A",.,"A",.,"A",.,"A",,"A",403,"D",403,"D",403,"D",.,"A",.,"A",.,"A",.,"A",.,"A","GMCAM","D",,"A",,"A"
"20131",2561844,43,0,"5","01","D","110","D","2011","D",0.9,"D",36,"D","09","D",300,"D","3","D",.,"A",2000,"D",2000,"D",.,"A",,"A",300,"D",300,"D",300,"D",.,"A",.,"A",.,"A",2000,"D",.,"A","JEEAD","D",,"A",,"A"
"20131",2562214,43,0,"5","01","D","100","D","2011","D",.,"A",48,"D","06","D",240,"D","3","D",.,"A",.,"A",1000,"D",.,"A",,"A",240,"D",240,"D",240,"D",.,"A",.,"A",.,"A",1000,"D",.,"A","CHEBT","D",,"A",,"A"
"20131",2564404,28,0,"5","03","D","100","D","2012","D",.,"A",24,"D","09","D",365,"D","3","D",.,"A",.,"A",.,"A",.,"A",,"A",365,"D",365,"D",365,"D",.,"A",.,"A",.,"A",.,"A",.,"A","CHEBT","D",,"A",,"A"
"20131",2565494,19,0,"5","01","D","100","D","2012","D",.,"A",36,"D","06","D",287,"D","3","D",.,"A",15000,"D",.,"A",.,"A",,"A",287,"D",287,"D",287,"D",.,"A",.,"A",.,"A",.,"A",.,"A","NISAN","D",,"A",,"A"
"20131",2565494,21,0,"1","03","D","100","D","2012","D",.,"A",48,"D","01","D",.,"C","3","D",.,"A",.,"A",.,"A",.,"A","11","F",256,"F",256,"F",256,"F",.,"A",.,"A",.,"A",.,"A",.,"A","NISAD","D",,"C",,"A"
"20131",2566294,33,0,"5","01","D","100","D","2008","D",.,"A",60,"D","10","D",400,"D","3","D",.,"A",.,"A",.,"A",.,"A",,"A",400,"D",400,"D",400,"D",.,"A",.,"A",.,"A",.,"A",.,"A","KIAAC","D",,"A",,"A"
"20131",2566594,25,0,"5","01","D","100","D","2010","D",.,"A",36,"D","06","D",.,"C","3","D",.,"A",.,"A",.,"A",.,"A",,"A",265,"F",265,"F",265,"F",.,"A",.,"A",.,"A",.,"A",.,"A","NISAD","D",,"A",,"A"
"20131",2567664,26,0,"5","01","D","110","D","2011","D",.,"A",60,"D","01","D",445,"D","3","D",.,"A",.,"A",.,"A",.,"A",,"A",445,"D",445,"D",445,"D",.,"A",.,"A",.,"A",.,"A",.,"A","HONAI","D",,"A",,"A"
"20131",2567834,28,0,"5","01","D","100","D","2012","D",.,"A",36,"D","09","D",350,"D","3","D",.,"A",.,"A",.,"A",.,"A",,"A",350,"D",350,"D",350,"D",.,"A",.,"A",.,"A",.,"A",.,"A","HONAK","D",,"A",,"A"
"20131",2568704,47,0,"5","01","D","110","D","2011","D",.,"A",39,"D","08","D",359,"D","3","D",.,"A",.,"A",1500,"D",.,"A",,"A",359,"D",359,"D",359,"D",.,"A",.,"A",.,"A",1500,"D",.,"A","NISAW","D",,"A",,"A"
"20131",2569384,35,0,"5","01","D","100","D","2013","D",.,"A",36,"D","05","D",262,"D","3","D",.,"A",10500,"D",.,"A",.,"A",,"A",262,"D",262,"D",262,"D",.,"A",.,"A",.,"A",.,"A",.,"A","HYUAB","D",,"A",,"A"
"20131",2569934,35,0,"1","01","D","110","D","2012","D",.,"A",36,"D","01","D",300,"D","3","D",.,"A",.,"A",.,"C",.,"A",,"A",.,"A",300,"D",300,"D",.,"A",.,"A",.,"A",2000,"F",.,"A","NISAW","D",,"A",,"A"
"20131",2569984,22,0,"5","01","D","100","D","2011","D",0.7,"D",36,"D","02","D",400,"D","3","D",.,"A",.,"A",2000,"D",.,"A",,"A",400,"D",400,"D",400,"D",.,"A",.,"A",.,"A",2000,"D",.,"A","VOKAU","D",,"A",,"A"
"20131",2570914,37,0,"5","01","D","100","D","2010","D",.,"A",42,"D","05","D",201,"D","3","D",.,"A",.,"A",2000,"D",.,"A",,"A",201,"D",201,"D",201,"D",.,"A",.,"A",.,"A",2000,"D",.,"A","MAZAP","D",,"A",,"A"
"20131",2571494,28,0,"5","01","D","110","D","2011","D",.,"A",36,"D","05","D",350,"D","3","D",.,"A",.,"A",.,"A",.,"A",,"A",350,"D",350,"D",350,"D",.,"A",.,"A",.,"A",.,"A",.,"A","FORAO","D",,"A",,"A"
"20131",2572884,27,0,"5","01","D","100","D","2011","D",.,"A",12,"D","06","D",.,"C","3","D",.,"A",.,"A",.,"A",.,"A",,"A",210,"F",210,"F",210,"F",.,"A",.,"A",.,"A",.,"A",.,"A","AUDAF","D",,"A",,"A"
"20131",2573064,32,0,"5","01","D","100","D","2013","D",.,"A",36,"D","08","D",530,"D","3","D",.,"A",5000,"D",.,"A",.,"A",,"A",530,"D",530,"D",530,"D",.,"A",.,"A",.,"A",.,"A",.,"A","VOKAU","D",,"A",,"A"
"20131",2573454,34,0,"5","01","D","110","D","2007","D",0.3,"D",72,"D","10","D",350,"D","3","D",.,"A",.,"A",.,"A",.,"A",,"A",350,"D",350,"D",350,"D",21,"D",21,"D",21,"D",.,"A",.,"A","NISAP","D",,"A",,"A"
"20131",2573765,26,0,"1","01","D","100","D","2012","D",.,"A",24,"D","12","D",189,"D","3","D",.,"A",1800,"F",.,"A",.,"A",,"A",189,"D",189,"D",189,"D",.,"A",.,"A",.,"A",.,"A",.,"A","VOKAI","D",,"A",,"A"
"20131",2574144,21,0,"5","01","D","100","D","2011","D",0.3,"D",36,"D","08","D",540,"D","3","D",.,"A",.,"A",.,"A",.,"A",,"A",540,"D",540,"D",540,"D",.,"A",.,"A",.,"A",.,"A",.,"A","BMWAA","D",,"A",,"A"
"20131",2574214,20,0,"5","01","D","100","D","2006","D",.,"A",86,"D","01","D",352,"D","3","D",.,"A",.,"A",.,"A",.,"A",,"A",352,"D",352,"D",352,"D",.,"A",.,"A",.,"A",.,"A",.,"A","FORAW","D",,"A",,"A"
"20131",2574264,28,0,"5","01","D","110","D","2013","D",.,"A",18,"D","10","D",440,"D","3","D",.,"A",.,"A",.,"A",.,"A",,"A",440,"D",440,"D",440,"D",.,"A",.,"A",.,"A",.,"A",.,"A","FORAL","D",,"A",,"A"
"20131",2574414,44,0,"5","01","D","100","D","2012","D",.,"A",.,"C","04","D",.,"C","3","D",.,"A",.,"A",.,"A",.,"A","01","D",1850,"F",1850,"F",1850,"F",.,"A",.,"A",.,"A",.,"A",.,"A","TOYAF","D",,"A",,"A"
"20131",2575794,30,0,"5","01","D","110","D","2010","D",.,"A",27,"D","05","D",421,"D","3","D",.,"A",.,"A",2000,"D",.,"A",,"A",421,"D",421,"D",421,"D",.,"A",.,"A",.,"A",2000,"D",.,"A","CHRAM","D",,"A",,"A"
"20131",2576344,23,0,"5","01","D","100","D","2009","D",.,"A",36,"D","09","D",990,"D","3","D",.,"A",.,"C",.,"C",.,"A",,"A",990,"D",990,"D",990,"D",.,"A",.,"A",.,"A",.,"B",.,"A","LEXAG","D",,"A",,"A"
"20131",2578274,40,0,"5","01","D","100","D","2012","D",.,"A",36,"D","05","D",589,"D","3","D",.,"A",.,"A",6000,"D",.,"A",,"A",589,"D",589,"D",589,"D",.,"A",.,"A",.,"A",6000,"D",.,"A","MRBAH","D",,"A",,"A"
"20131",2578274,41,0,"5","02","D","100","D","2011","D",.,"A",36,"D","12","D",559,"D","3","D",.,"A",.,"A",10000,"D",.,"A",,"A",559,"D",559,"D",559,"D",.,"A",.,"A",.,"A",10000,"D",.,"A","MRBAY","D",,"A",,"A"
"20131",2578414,26,0,"5","01","D","100","D","2010","D",.,"A",36,"D","05","D",297,"D","3","D",.,"A",.,"A",.,"A",.,"A",,"A",297,"D",297,"D",297,"D",.,"A",.,"A",.,"A",.,"A",.,"A","VOKAI","D",,"A",,"A"
"20131",2579443,35,0,"5","01","D","110","D","2012","D",.,"A",36,"D","06","D",280,"D","3","D",.,"A",.,"A",.,"A",.,"A",,"A",280,"D",280,"D",280,"D",.,"A",.,"A",.,"A",.,"A",.,"A","HONAC","D",,"A",,"A"
"20131",2579443,36,0,"5","02","D","100","D","2012","D",.,"A",36,"D","06","D",190,"D","3","D",.,"A",.,"A",.,"A",.,"A",,"A",190,"D",190,"D",190,"D",.,"A",.,"A",.,"A",.,"A",.,"A","HONAB","D",,"A",,"A"
"20131",2580063,38,0,"5","01","D","100","D","2011","D",0.3,"D",60,"D","06","D",405,"D","3","D",.,"A",.,"A",.,"A",.,"A",,"A",405,"D",405,"D",405,"D",.,"A",.,"A",.,"A",.,"A",.,"A","HONAM","D",,"A",,"A"
"20131",2580643,22,0,"1","02","D","110","D","2008","D",.,"A",47,"D","02","F",389,"D","3","D",.,"A",.,"A",.,"A",.,"A","12","D",389,"D",389,"D",389,"D",.,"A",.,"A",.,"A",.,"A",.,"A","CHEBD","D",,"C",,"A"
"20131",2580773,33,0,"5","01","D","110","D","2011","D",.,"A",36,"D","07","D",235,"D","3","D",.,"A",2000,"D",.,"A",.,"A",,"A",235,"D",235,"D",235,"D",.,"A",.,"A",.,"A",.,"A",.,"A","FORBC","D",,"A",,"A"
"20131",2581163,25,0,"5","01","D","100","D","2012","D",.,"A",36,"D","10","D",379,"D","3","D",.,"A",4000,"D",10000,"D",.,"A","10","D",379,"D",.,"A",.,"A",.,"A",.,"A",.,"A",10000,"D",.,"A","CHEBT","D",,"A",,"A"
"20131",2581593,37,0,"5","01","D","100","D","2005","D",.,"A",48,"D","02","D",350,"D","3","D",.,"A",.,"A",1000,"D",.,"A",,"A",350,"D",350,"D",350,"D",100,"D",100,"D",100,"D",1000,"D",.,"A","TOYAF","D",,"A",,"A"
"20131",2583703,31,0,"1","01","D","100","D","2013","D",.,"A",39,"D","01","D",0,"D","3","D",.,"A",.,"A",4000,"D",.,"A",,"A",.,"A",.,"A",.,"A",.,"A",.,"A",.,"A",4000,"D",.,"A","BMWAA","D",,"A",,"A"
"20131",2584213,19,0,"1","01","D","100","D","2012","D",.,"A",72,"D","11","D",385,"D","3","D",.,"A",.,"A",1000,"D",.,"A",,"A",.,"A",385,"D",385,"D",.,"A",.,"A",.,"A",1000,"D",.,"A","CHEBT","D",,"A",,"A"
"20131",2584373,30,0,"1","01","D","110","D","2010","D",.,"A",35,"D","04","D",413,"D","3","D",.,"A",.,"A",.,"A",.,"A",,"A",413,"D",413,"D",413,"D",.,"A",.,"A",.,"A",.,"A",.,"A","DODBK","D",,"A",,"A"
"20131",2584553,28,0,"5","01","D","110","D","2011","D",.,"A",36,"D","05","F",1100,"D","3","D",.,"A",.,"A",.,"A",.,"A",,"A",1100,"D",1100,"D",1100,"D",.,"A",.,"A",.,"A",.,"A",.,"A","CADAG","D",,"A",,"A"
"20131",2584553,29,0,"5","02","D","100","D","2012","D",.,"A",36,"D","11","D",700,"D","3","D",.,"A",.,"A",.,"A",.,"A",,"A",700,"D",700,"D",700,"D",.,"A",.,"A",.,"A",.,"A",.,"A","NISBA","D",,"A",,"A"
"20131",2585103,25,0,"5","01","D","100","D","2012","D",.,"A",39,"D","07","D",.,"C","3","D",.,"A",.,"A",.,"A",.,"A",,"A",250,"F",250,"F",250,"F",200,"F",200,"F",200,"F",.,"A",.,"A","CHRAS","D",,"A",,"A"
"20131",2585303,29,0,"5","01","D","100","D","2012","D",.,"A",36,"D","05","D",335,"D","3","D",.,"A",.,"A",.,"A",.,"A",,"A",335,"D",335,"D",335,"D",.,"A",.,"A",.,"A",.,"A",.,"A","TOYAC","D",,"A",,"A"
"20131",2586513,26,0,"1","01","D","110","D","2011","D",.,"A",36,"D","09","D",500,"D","3","D",.,"A",.,"A",5000,"D",.,"A",,"A",500,"D",500,"D",500,"D",.,"A",.,"A",.,"A",5000,"D",.,"A","LINAK","D",,"A",,"A"
"20131",2586813,28,0,"5","01","D","100","D","2012","D",.,"A",36,"D","04","D",355,"D","3","D",.,"A",.,"A",3000,"D",.,"A",,"A",355,"D",355,"D",355,"D",.,"A",.,"A",.,"A",3000,"D",.,"A","ACUAG","D",,"A",,"A"
"20131",2587173,51,0,"5","01","D","110","D","2012","D",.,"A",36,"D","03","D",498,"D","3","D",.,"A",2500,"D",.,"A",.,"A",,"A",498,"D",498,"D",498,"D",.,"A",.,"A",.,"A",.,"A",.,"A","DODBK","D",,"A",,"A"
"20131",2587253,29,0,"5","01","D","110","D","2012","D",.,"A",24,"D","08","D",.,"C","3","D",.,"A",.,"C",.,"A",.,"A",,"A",250,"F",250,"F",250,"F",.,"A",.,"A",.,"A",.,"A",.,"A","FORBC","D",,"A",,"A"
"20131",2588773,55,0,"5","01","D","110","D","2005","D",.,"A",.,"C","06","F",400,"D","3","D",.,"A",.,"A",5000,"D",.,"A","11","D",400,"D",400,"D",400,"D",.,"A",.,"A",.,"A",5000,"D",.,"A","ACUAI","D",,"A",,"A"
"20131",2589143,37,0,"5","01","D","100","D","2011","D",.,"A",27,"D","06","D",355,"D","3","D",.,"A",4000,"D",4000,"D",.,"A",,"A",355,"D",355,"D",355,"D",.,"A",.,"A",.,"A",4000,"D",.,"A","BMWAA","D",,"A",,"A"
"20131",2589143,38,0,"5","02","D","100","D","2011","D",.,"A",36,"D","06","D",256,"D","3","D",.,"A",4000,"D",.,"A",.,"A",,"A",256,"D",256,"D",256,"D",.,"A",.,"A",.,"A",.,"A",.,"A","MINXX","D",,"A",,"A"
"20131",2589253,43,0,"5","01","D","110","D","2008","D",.,"A",72,"D","02","D",370,"D","3","D",.,"A",2200,"D",5000,"D",.,"A",,"A",370,"D",370,"D",370,"D",.,"A",.,"A",.,"A",5000,"D",.,"A","FORBK","D",,"A",,"A"
"20131",2589413,40,0,"5","01","D","100","D","2012","D",.,"A",48,"D","04","D",466,"D","3","D",.,"A",.,"A",.,"A",.,"A",,"A",466,"D",466,"D",466,"D",.,"A",.,"A",.,"A",.,"A",.,"A","BUIAG","D",,"A",,"A"
"20131",2589723,59,0,"5","01","D","110","D","2002","D",.,"A",36,"D","02","D",302,"D","3","D",.,"A",.,"A",2000,"D",.,"A",,"A",302,"D",302,"D",302,"D",.,"A",.,"A",.,"A",2000,"D",.,"A","FORAM","D",,"A",,"A"
"20131",2590673,29,0,"5","01","D","100","D","2012","D",.,"A",36,"D","01","D",1807,"D","3","D",.,"A",.,"A",.,"A",.,"A",,"A",1807,"D",1807,"D",1807,"D",.,"A",.,"A",.,"A",.,"A",.,"A","BMWAB","D",,"A",,"A"
"20131",2590913,22,0,"5","01","D","100","D","2012","D",.,"A",36,"D","08","D",200,"D","3","D",.,"A",.,"A",.,"A",.,"A",,"A",200,"D",200,"D",200,"D",.,"A",.,"A",.,"A",.,"A",.,"A","CHEAS","D",,"A",,"A"
"20131",2591893,47,0,"1","01","D","110","D","2012","D",.,"A",60,"D","03","D",334,"D","3","D",.,"A",.,"A",11700,"D",.,"A","01","D",.,"A",.,"A",.,"A",.,"A",.,"A",.,"A",11700,"D",.,"A","TOYAN","D","2013","D",,"A"
"20131",2592243,33,0,"5","01","D","110","D","2010","D",.,"A",.,"C","08","F",.,"C","3","D",.,"A",.,"A",.,"A",.,"A",,"A",280,"F",280,"F",280,"F",.,"A",.,"A",.,"A",.,"A",.,"A","TOYAN","D",,"A",,"A"
"20131",2592273,20,0,"5","01","D","100","D","2012","D",.,"A",36,"D","06","D",214,"D","3","D",.,"A",.,"A",2000,"D",.,"A",,"A",214,"D",214,"D",214,"D",.,"A",.,"A",.,"A",2000,"D",.,"A","VOKAK","D",,"A",,"A"
"20131",2593183,33,0,"5","01","D","100","D","2012","D",0.7,"D",39,"D","03","D",1850,"D","3","D",.,"A",.,"A",.,"A",.,"A",,"A",1850,"D",1850,"D",1850,"D",.,"A",.,"A",.,"A",.,"A",.,"A","MRBAJ","D",,"A",,"A"
"20131",2593303,45,0,"5","01","D","100","D","2012","D",.,"A",36,"D","11","D",375,"D","3","D",.,"A",.,"A",.,"A",.,"A",,"A",375,"D",375,"D",375,"D",.,"A",.,"A",.,"A",.,"A",.,"A","HONAA","D",,"A",,"A"
"20131",2594803,41,0,"5","01","D","110","D","2011","D",.,"A",36,"D","08","D",500,"D","3","D",.,"A",.,"A",.,"A",.,"A",,"A",500,"D",500,"D",500,"D",10,"D",10,"D",10,"D",.,"A",.,"A","HONAI","D",,"A",,"A"
"20131",2596453,38,0,"5","01","D","100","D","2011","D",.,"A",36,"D","01","D",335,"D","3","D",.,"A",.,"A",.,"A",.,"A",,"A",335,"D",335,"D",335,"D",.,"A",.,"A",.,"A",.,"A",.,"A","CHEAS","D",,"A",,"A"
"20131",2596813,36,0,"1","01","D","110","D","2013","D",.,"A",24,"D","12","D",485,"D","3","D",.,"A",.,"A",.,"A",.,"A",,"A",.,"A",485,"D",485,"D",.,"A",.,"A",.,"A",.,"A",.,"A","FORBC","D",,"A",,"A"
"20131",2598003,38,0,"5","01","D","110","D","2013","D",0.7,"D",36,"D","06","D",237,"D","3","D",.,"A",5500,"D",.,"A",.,"A",,"A",237,"D",237,"D",237,"D",.,"A",.,"A",.,"A",.,"A",.,"A","MAZAT","D",,"A",,"A"
"20131",2598353,26,0,"5","01","D","100","D","2012","D",.,"A",39,"D","08","D",249,"D","3","D",.,"A",.,"A",.,"A",.,"A",,"A",249,"D",249,"D",249,"D",.,"A",.,"A",.,"A",.,"A",.,"A","NISAD","D",,"A",,"A"
"20131",2599905,26,0,"5","01","D","110","D","2005","D",.,"A",.,"C","01","F",300,"D","3","D",.,"A",.,"A",.,"A",.,"A",,"A",300,"D",300,"D",300,"D",.,"A",.,"A",.,"A",.,"A",.,"A","CHEBD","D",,"A",,"A"
"20131",2600153,26,0,"1","02","D","100","D","2012","D",.,"A",24,"D","12","D",283,"D","3","D",.,"A",.,"A",3000,"D",.,"A",,"A",.,"A",283,"D",283,"D",.,"A",.,"A",.,"A",3000,"D",.,"A","FORBA","D",,"A",,"A"
"20131",2600273,23,0,"5","01","D","100","D","2007","D",.,"A",60,"D","03","D",331,"D","3","D",.,"A",.,"A",1500,"D",.,"A",,"A",331,"D",331,"D",331,"D",.,"A",.,"A",.,"A",1500,"D",.,"A","CHEAP","D",,"A",,"A"
"20131",2601083,37,0,"5","01","D","100","D","2011","D",.,"A",24,"D","11","D",457,"D","3","D",.,"A",.,"A",5000,"D",.,"A",,"A",457,"D",457,"D",457,"D",.,"A",.,"A",.,"A",5000,"D",.,"A","MRBAY","D",,"A",,"A"
"20131",2601163,50,0,"5","01","D","100","D","2011","D",.,"A",36,"D","07","D",285,"D","3","D",.,"A",.,"A",.,"A",.,"A",,"A",285,"D",285,"D",285,"D",.,"A",.,"A",.,"A",.,"A",.,"A","TOYAX","D",,"A",,"A"
"20131",2601393,30,0,"5","01","D","110","D","2011","D",.,"A",48,"D","09","D",650,"D","3","D",.,"A",.,"A",2000,"D",.,"A",,"A",650,"D",650,"D",650,"D",.,"A",.,"A",.,"A",2000,"D",.,"A","GMCAM","D",,"A",,"A"
"20131",2601393,31,0,"5","02","D","100","D","2012","D",.,"A",36,"D","02","D",575,"D","3","D",.,"A",1500,"D",.,"A",.,"A",,"A",575,"D",575,"D",575,"D",.,"A",.,"A",.,"A",.,"A",.,"A","VOVAH","D",,"A",,"A"
"20131",2601753,46,0,"5","01","D","110","D","2010","D",.,"A",24,"D","11","D",370,"D","3","D",.,"A",.,"A",.,"A",.,"A",,"A",370,"D",370,"D",370,"D",.,"A",.,"A",.,"A",.,"A",.,"A","TOYAN","D",,"A",,"A"
"20131",2601893,32,0,"5","01","D","100","D","2012","D",.,"A",36,"D","02","D",240,"D","3","D",.,"A",.,"A",.,"A",.,"A",,"A",240,"D",240,"D",240,"D",.,"A",.,"A",.,"A",.,"A",.,"A","MAZAP","D",,"A",,"A"
"20131",2602603,36,0,"5","01","D","100","D","2012","D",.,"A",36,"D","06","D",225,"D","3","D",.,"A",.,"A",.,"A",.,"A",,"A",225,"D",225,"D",225,"D",.,"A",.,"A",.,"A",.,"A",.,"A","KIAAG","D",,"A",,"A"
"20131",2602873,43,0,"5","01","D","110","D","2012","D",.,"A",60,"D","05","D",889,"D","3","D",.,"A",.,"A",3000,"D",.,"A",,"A",889,"D",889,"D",889,"D",.,"C",.,"C",.,"C",3000,"D",.,"A","INFAK","D",,"A",,"A"
"20131",2602933,26,0,"5","01","D","100","D","2012","D",.,"A",72,"D","08","D",201,"D","3","D",.,"A",14000,"D",.,"A",.,"A",,"A",201,"D",201,"D",201,"D",.,"A",.,"A",.,"A",.,"A",.,"A","HONAB","D",,"A",,"A"
"20131",2603453,23,0,"5","01","D","110","D","2013","D",.,"A",36,"D","01","D",249,"D","3","D",.,"A",500,"D",.,"A",.,"A",,"A",.,"A",249,"D",249,"D",.,"A",.,"A",.,"A",.,"A",.,"A","MITAQ","D",,"A",,"A"
"20131",2604193,35,0,"5","01","D","100","D","2010","D",.,"A",48,"D","01","D",724,"D","3","D",.,"A",.,"A",2500,"D",.,"A",,"A",724,"D",724,"D",724,"D",.,"A",.,"A",.,"A",2500,"D",.,"A","LEXAB","D",,"A",,"A"
"20131",2605783,27,0,"5","01","D","110","D","2012","D",.,"A",39,"D","03","D",548,"D","3","D",.,"A",6000,"D",3000,"D",.,"A",,"A",548,"D",548,"D",548,"D",.,"A",.,"A",.,"A",3000,"D",.,"A","CADAM","D",,"A",,"A"
"20131",2606483,37,0,"5","01","D","100","D","2013","D",.,"A",36,"D","11","D",175,"D","3","D",.,"A",.,"A",5369,"D",.,"A",,"A",175,"D",175,"D",175,"D",.,"A",.,"A",.,"A",5369,"D",.,"A","DODBM","D",,"A",,"A"
"20131",2606513,34,0,"5","01","D","100","D","2010","D",.,"A",36,"D","05","D",595,"D","3","D",.,"A",.,"A",2500,"D",.,"A","12","D",595,"D",.,"A",.,"A",.,"A",.,"A",.,"A",2500,"D",3000,"D","BMWAA","D",,"A",,"A"
"20131",2608393,51,0,"5","01","D","100","D","2010","D",.,"A",39,"D","08","D",249,"D","3","D",.,"A",.,"A",.,"A",.,"A",,"A",249,"D",249,"D",249,"D",.,"A",.,"A",.,"A",.,"A",.,"A","NISAD","D",,"A",,"A"
"20131",2609173,39,0,"5","01","D","100","D","2010","D",.,"A",36,"D","02","D",1000,"D","3","D",.,"A",.,"A",.,"A",.,"A",,"A",1000,"D",1000,"D",1000,"D",.,"A",.,"A",.,"A",.,"A",.,"A","FORBA","D",,"A",,"A"
"20131",2609394,25,0,"5","01","D","110","D","2004","D",.,"A",60,"D","04","D",360,"D","3","D",.,"A",.,"A",600,"D",.,"A",,"A",360,"D",360,"D",360,"D",.,"A",.,"A",.,"A",600,"D",.,"A","JEEAB","D",,"A",,"A"
"20131",2610033,29,0,"5","01","D","100","D","2012","D",0.6,"D",30,"D","03","F",.,"C","3","D",.,"A",.,"A",.,"C",.,"A",,"A",750,"F",750,"F",750,"F",.,"A",.,"A",.,"A",.,"B",.,"A","MRBAH","D",,"A",,"A"
"20131",2610173,20,0,"5","01","D","110","D","2003","D",.,"A",48,"D","02","F",.,"C","3","D",.,"A",8000,"D",.,"A",.,"A",,"A",678,"F",678,"F",678,"F",.,"A",.,"A",.,"A",.,"A",.,"A","SATAG","D",,"A",,"A"
"20131",2610173,21,0,"5","02","D","100","D","2004","D",.,"A",60,"D","11","D",550,"D","3","D",.,"A",11000,"D",.,"A",.,"A",,"A",550,"D",550,"D",550,"D",.,"A",.,"A",.,"A",.,"A",.,"A","DODBF","D",,"A",,"A"
"20131",2611033,20,0,"5","01","D","110","D","2011","D",.,"A",39,"D","12","D",678,"D","3","D",.,"A",.,"A",.,"A",.,"A",,"A",678,"D",678,"D",678,"D",.,"A",.,"A",.,"A",.,"A",.,"A","ACUAI","D",,"A",,"A"
"20131",2611033,21,0,"5","02","D","100","D","2012","D",.,"A",36,"D","10","D",750,"D","3","D",.,"A",.,"A",.,"A",.,"A",,"A",750,"D",750,"D",750,"D",.,"A",.,"A",.,"A",.,"A",.,"A","JAGAF","D",,"A",,"A"
"20131",2611225,29,0,"1","01","D","100","D","2012","D",.,"A",42,"D","05","D",274,"D","3","D",.,"A",.,"A",.,"A",.,"A",,"A",274,"D",274,"D",274,"D",.,"A",.,"A",.,"A",.,"A",.,"A","SUBAF","D",,"A",,"A"
"20131",2612513,32,0,"5","01","D","110","D","2012","D",0.6,"D",12,"D","01","D",300,"D","3","D",.,"A",.,"A",.,"A",.,"A",,"A",300,"D",300,"D",300,"D",.,"A",.,"A",.,"A",.,"A",.,"A","FORAO","D",,"A",,"A"
"20131",2613682,24,0,"5","01","D","100","D","2007","D",.,"A",72,"D","02","F",369,"D","3","D",.,"A",.,"A",.,"A",.,"A",,"A",369,"D",369,"D",369,"D",.,"A",.,"A",.,"A",.,"A",.,"A","PONAW","D",,"A",,"A"
"20131",2613742,18,0,"1","01","D","100","D","2005","D",.,"A",.,"C","03","F",256,"D","3","D",.,"A",.,"A",.,"A",.,"A",,"A",256,"D",256,"D",256,"D",.,"A",.,"A",.,"A",.,"A",.,"A","MAZAP","D",,"A",,"A"
"20131",2614242,20,0,"5","01","D","100","D","2008","D",.,"A",.,"C","06","F",375,"D","3","D",.,"A",.,"A",.,"A",.,"A",,"A",375,"D",375,"D",375,"D",.,"A",.,"A",.,"A",.,"A",.,"A","LEXAJ","D",,"A",,"A"
"20131",2614782,40,0,"5","01","D","110","D","2011","D",.,"A",36,"D","03","D",300,"D","3","D",.,"A",.,"A",1400,"D",.,"A",,"A",300,"D",300,"D",300,"D",.,"A",.,"A",.,"A",1400,"D",.,"A","CADAM","D",,"A",,"A"
"20131",2614922,32,0,"5","01","D","100","D","2010","D",.,"A",39,"D","02","D",350,"D","3","D",.,"A",.,"A",3000,"D",.,"A",,"A",350,"D",350,"D",350,"D",.,"A",.,"A",.,"A",3000,"D",.,"A","HYUAM","D",,"A",,"A"
"20131",2615672,19,0,"1","01","D","100","D","2012","D",.,"A",24,"D","03","D",.,"C","3","D",.,"A",.,"C",.,"A",.,"A",,"A",395,"F",395,"F",395,"F",.,"A",.,"A",.,"A",.,"A",.,"A","NISAD","D",,"A",,"A"
"20131",2615722,38,0,"5","01","D","110","D","2010","D",.,"A",36,"D","05","D",331,"D","3","D",.,"A",1000,"D",.,"A",.,"A",,"A",331,"D",331,"D",331,"D",.,"A",.,"A",.,"A",.,"A",.,"A","HONAC","D",,"A",,"A"
"20131",2615882,52,0,"5","01","D","100","D","2005","D",.,"A",36,"D","10","D",340,"D","3","D",.,"A",.,"A",2000,"D",.,"A",,"A",340,"D",340,"D",340,"D",.,"A",.,"A",.,"A",2000,"D",.,"A","CHEAP","D",,"A",,"A"
"20131",2615902,25,0,"5","01","D","100","D","2012","D",.,"A",24,"D","08","D",600,"D","3","D",.,"A",.,"A",.,"A",.,"A",,"A",600,"D",600,"D",600,"D",.,"A",.,"A",.,"A",.,"A",.,"A","MRBAU","D",,"A",,"A"
"20131",2615942,44,0,"5","01","D","100","D","2007","D",0.9,"D",36,"D","11","F",249,"D","3","D",.,"A",.,"A",.,"A",.,"A",,"A",249,"D",249,"D",249,"D",.,"A",.,"A",.,"A",.,"A",.,"A","FORBA","D",,"A",,"A"
"20131",2616332,36,0,"5","01","D","110","D","2011","D",.,"A",36,"D","03","D",762,"D","3","D",.,"A",.,"A",.,"A",.,"A",,"A",762,"D",762,"D",762,"D",.,"A",.,"A",.,"A",.,"A",.,"A","ACUAI","D",,"A",,"A"
"20131",2616435,45,0,"5","01","D","110","D","2004","D",.,"A",48,"D","09","D",345,"D","3","D",.,"A",.,"A",1000,"D",.,"A",,"A",345,"D",345,"D",345,"D",.,"A",.,"A",.,"A",1000,"D",.,"A","MECAF","D",,"A",,"A"
"20131",2616702,31,0,"5","01","D","110","D","2012","D",.,"A",24,"D","02","D",344,"D","3","D",.,"A",.,"A",500,"D",.,"A",,"A",344,"D",344,"D",344,"D",.,"A",.,"A",.,"A",500,"D",.,"A","CHEBP","D",,"A",,"A"
"20131",2617102,46,0,"5","01","D","100","D","2010","D",.,"A",48,"D","04","D",1250,"D","3","D",.,"A",.,"A",.,"A",.,"A",,"A",1250,"D",1250,"D",1250,"D",.,"A",.,"A",.,"A",.,"A",.,"A","LEXAC","D",,"A",,"A"
"20131",2617282,26,0,"5","01","D","110","D","2010","D",.,"A",48,"D","05","D",400,"D","3","D",.,"A",.,"A",.,"A",.,"A",,"A",400,"D",400,"D",400,"D",.,"A",.,"A",.,"A",.,"A",.,"A","LANAC","D",,"A",,"A"
"20131",2617282,27,0,"5","02","D","100","D","2010","D",.,"A",48,"D","02","D",700,"D","3","D",.,"A",.,"A",2000,"D",.,"A",,"A",700,"D",700,"D",700,"D",.,"A",.,"A",.,"A",2000,"D",.,"A","BMWAA","D",,"A",,"A"
"20131",2617282,28,0,"5","03","D","100","D","2010","D",.,"A",48,"D","09","D",430,"D","3","D",.,"A",.,"A",4000,"D",.,"A",,"A",430,"D",430,"D",430,"D",.,"A",.,"A",.,"A",4000,"D",.,"A","AUDAY","D",,"A",,"A"
"20131",2618052,16,0,"5","01","D","110","D","2010","D",.,"A",36,"D","07","F",.,"C","3","D",.,"A",.,"A",.,"A",.,"A",,"A",211,"F",211,"F",211,"F",.,"A",.,"A",.,"A",.,"A",.,"A","VOVAQ","D",,"A",,"A"
"20131",2618812,68,0,"1","01","D","100","D",,"C",0.5,"D",.,"C","10","F",205,"D","3","D",.,"A",.,"A",.,"A",.,"A",,"A",205,"D",205,"D",205,"D",.,"A",.,"A",.,"A",.,"A",.,"A",,"A",,"A",,"A"
"20131",2619212,28,0,"1","01","D","100","D","2013","D",.,"A",12,"D","12","D",231,"D","3","D",.,"A",.,"A",.,"A",.,"A",,"A",.,"A",.,"A",.,"A",.,"A",.,"A",.,"A",.,"A",.,"A","MRBAA","D",,"A",,"A"
"20131",2619382,25,0,"5","01","D","100","D","2010","D",.,"A",36,"D","09","D",156,"D","3","D",.,"A",.,"A",2500,"D",.,"A",,"A",156,"D",156,"D",156,"D",.,"A",.,"A",.,"A",2500,"D",.,"A","MAZAA","D",,"A",,"A"
"20131",2619422,27,0,"1","01","D","100","D","2010","D",.,"A",36,"D","12","D",202,"D","3","D",.,"A",.,"A",.,"A",.,"A",,"A",202,"D",202,"D",202,"D",.,"A",.,"A",.,"A",.,"A",.,"A","KIAAK","D",,"A",,"A"
"20131",2619732,62,0,"5","01","D","100","D","2012","D",.,"A",36,"D","06","D",260,"D","3","D",.,"A",1000,"D",1000,"D",.,"A",,"A",260,"D",260,"D",260,"D",.,"A",.,"A",.,"A",1000,"D",.,"A","HYUAA","D",,"A",,"A"
"20131",2619932,38,0,"5","01","D","110","D","2010","D",.,"A",36,"D","08","F",.,"C","3","D",.,"A",.,"A",.,"A",.,"A",,"A",350,"F",350,"F",350,"F",.,"A",.,"A",.,"A",.,"A",.,"A","HONAG","D",,"A",,"A"
"20131",2620092,36,0,"5","01","D","100","D","2012","D",.,"A",36,"D","02","D",225,"D","3","D",.,"A",.,"A",.,"A",.,"A",,"A",225,"D",225,"D",225,"D",80,"D",80,"D",80,"D",.,"A",.,"A","HONAA","D",,"A",,"A"
"20131",2620832,31,0,"5","01","D","110","D","2010","D",.,"A",48,"D","08","D",412,"D","3","D",.,"A",.,"A",.,"A",.,"A",,"A",412,"D",412,"D",412,"D",.,"A",.,"A",.,"A",.,"A",.,"A","CHEBP","D",,"A",,"A"
"20131",2622022,44,0,"5","01","D","100","D","2011","D",.,"A",36,"D","09","D",550,"D","3","D",.,"A",.,"A",.,"A",.,"A",,"A",550,"D",550,"D",550,"D",.,"A",.,"A",.,"A",.,"A",.,"A","LEXXX","D",,"A",,"A"
"20131",2622022,45,0,"5","02","D","100","D","2011","D",.,"A",36,"D","09","D",293,"D","3","D",.,"A",.,"A",.,"A",.,"A",,"A",293,"D",293,"D",293,"D",.,"A",.,"A",.,"A",.,"A",.,"A","TOYAC","D",,"A",,"A"
"20131",2622772,24,0,"1","01","D","100","D","2010","D",.,"A",48,"D","06","D",440,"D","3","D",.,"A",.,"A",.,"A",.,"A",,"A",440,"D",440,"D",440,"D",.,"A",.,"A",.,"A",.,"A",.,"A","HONAB","D",,"A",,"A"
"20131",2623512,35,0,"5","01","D","100","D","2011","D",.,"A",36,"D","04","D",172,"D","3","D",.,"A",.,"A",5000,"D",.,"A",,"A",172,"D",172,"D",172,"D",.,"A",.,"A",.,"A",5000,"D",.,"A","SUBAF","D",,"A",,"A"
"20131",2624412,17,0,"1","01","D","110","D","2008","D",.,"A",72,"D","05","D",657,"D","3","D",.,"A",.,"A",3000,"D",.,"A",,"A",657,"D",657,"D",657,"D",.,"A",.,"A",.,"A",3000,"D",.,"A","CHEAZ","D",,"A",,"A"
"20131",2624442,34,0,"5","01","D","100","D","2010","D",.,"A",36,"D","08","D",415,"D","3","D",.,"A",4500,"D",.,"A",.,"A",,"A",415,"D",415,"D",415,"D",.,"A",.,"A",.,"A",.,"A",.,"A","ACUAK","D",,"A",,"A"
"20131",2625032,47,0,"5","01","D","100","D","2011","D",.,"A",39,"D","05","D",279,"D","3","D",.,"A",.,"A",.,"A",.,"A",,"A",279,"D",279,"D",279,"D",.,"A",.,"A",.,"A",.,"A",.,"A","NISAD","D",,"A",,"A"
"20131",2625082,38,0,"5","01","D","100","D","2010","D",.,"A",36,"D","01","D",220,"D","3","D",.,"A",.,"A",.,"A",.,"A","12","D",220,"D",220,"D",.,"A",.,"A",.,"A",.,"A",.,"A",.,"A","HONAA","D",,"A",,"A"
"20131",2625652,41,0,"5","01","D","100","D","2012","D",.,"A",36,"D","08","D",250,"D","3","D",.,"A",.,"A",.,"A",.,"A",,"A",250,"D",250,"D",250,"D",200,"D",200,"D",200,"D",.,"A",.,"A","HONAB","D",,"A",,"A"
"20131",2625942,28,0,"5","01","D","100","D","2012","D",.,"A",39,"D","06","D",450,"D","3","D",.,"A",.,"A",.,"A",.,"A",,"A",450,"D",450,"D",450,"D",.,"A",.,"A",.,"A",.,"A",.,"A","AUDAG","D",,"A",,"A"
"20131",2626422,44,0,"5","01","D","100","D","2010","D",.,"A",36,"D","04","D",250,"D","3","D",.,"A",.,"A",.,"A",.,"A",,"A",250,"D",250,"D",250,"D",.,"A",.,"A",.,"A",.,"A",.,"A","HONAA","D",,"A",,"A"
"20131",2626422,45,0,"5","02","D","110","D","2011","D",.,"A",36,"D","06","D",299,"D","3","D",.,"A",.,"A",.,"A",.,"A",,"A",299,"D",299,"D",299,"D",.,"A",.,"A",.,"A",.,"A",.,"A","HONAC","D",,"A",,"A"
"20131",2626432,41,0,"5","01","D","110","D","2012","D",0.9,"D",36,"D","01","D",579,"D","3","D",.,"A",.,"A",2000,"D",.,"A",,"A",579,"D",579,"D",579,"D",.,"A",.,"A",.,"A",2000,"D",.,"A","LEXAE","D",,"A",,"A"
"20131",2626722,32,0,"5","01","D","100","D","2011","D",.,"A",48,"D","07","D",347,"D","3","D",.,"A",.,"A",.,"A",.,"A",,"A",347,"D",347,"D",347,"D",.,"A",.,"A",.,"A",.,"A",.,"A","HYUAE","D",,"A",,"A"
"20131",2626782,26,0,"5","01","D","100","D","2011","D",.,"A",36,"D","03","D",264,"D","3","D",.,"A",.,"A",.,"A",.,"A",,"A",264,"D",264,"D",264,"D",.,"A",.,"A",.,"A",.,"A",.,"A","FORBJ","D",,"A",,"A"
"20131",2626952,42,0,"5","01","D","110","D","2010","D",.,"A",36,"D","11","D",354,"D","3","D",.,"A",.,"A",.,"A",.,"A","11","D",354,"D",.,"A",.,"A",.,"A",.,"A",.,"A",.,"A",.,"A","TOYAN","D",,"A",,"A"
"20131",2626952,43,0,"5","02","D","100","D","2010","D",.,"A",42,"D","07","D",340,"D","3","D",.,"A",.,"A",.,"A",.,"A",,"A",340,"D",340,"D",340,"D",.,"A",.,"A",.,"A",.,"A",.,"A","SUBAF","D",,"A",,"A"
"20131",2626952,44,0,"1","03","D","110","D","2013","D",.,"A",36,"D","11","D",420,"D","3","D",.,"A",.,"A",.,"A",.,"A",,"A",420,"D",420,"D",420,"D",55,"D",55,"D",55,"D",.,"A",.,"A","TOYBA","D",,"A",,"A"
"20131",2627222,33,0,"1","01","D","110","D","2012","D",.,"A",60,"D","02","D",440,"D","3","D",.,"A",.,"A",.,"A",.,"A",,"A",.,"A",.,"A",.,"A",.,"A",.,"A",.,"A",.,"A",.,"A","DODAX","D",,"A",,"A"
"20131",2627292,29,0,"5","01","D","100","D","1992","D",.,"A",.,"C","01","F",.,"C","8","D",.,"A",.,"A",.,"A",.,"A",,"A",160,"F",160,"F",160,"F",.,"A",.,"A",.,"A",.,"A",.,"A","FORAS","D",,"A",,"A"
"20131",2627292,30,0,"5","02","D","110","D","2006","D",.,"A",60,"D","07","D",180,"D","3","D",.,"A",.,"A",.,"A",.,"A",,"A",180,"D",180,"D",180,"D",.,"A",.,"A",.,"A",.,"A",.,"A","DODAJ","D",,"A",,"A"
"20131",2627292,31,0,"5","03","D","100","D","2004","D",.,"A",.,"C","07","F",.,"B","8","D",.,"A",.,"A",.,"A",.,"A",,"A",245,"F",245,"F",245,"F",.,"A",.,"A",.,"A",.,"A",.,"A","HYUAE","D",,"A",,"A"
"20131",2627292,32,0,"5","04","D","100","D","2004","D",.,"A",.,"C","05","F",.,"B","8","D",.,"A",.,"A",.,"A",.,"A",,"A",466,"F",466,"F",466,"F",.,"A",.,"A",.,"A",.,"A",.,"A","PONAG","D",,"A",,"A"
"20131",2627652,28,0,"5","01","D","100","D","2010","D",.,"A",36,"D","02","D",680,"D","3","D",.,"A",.,"A",.,"A",.,"A","11","D",680,"D",.,"A",.,"A",.,"A",.,"A",.,"A",.,"A",.,"A","BMWAA","D",,"A",,"A"
"20131",2627652,29,0,"1","02","D","100","D","2013","D",.,"A",39,"D","11","D",550,"D","3","D",.,"A",.,"A",2800,"D",.,"A",,"A",550,"D",550,"D",550,"D",.,"A",.,"A",.,"A",2800,"D",.,"A","BMWAA","D",,"A",,"A"
"20131",2628752,30,0,"5","01","D","110","D","2012","D",.,"A",24,"D","04","D",280,"D","3","D",.,"A",.,"A",.,"A",.,"A",,"A",280,"D",280,"D",280,"D",.,"A",.,"A",.,"A",.,"A",.,"A","FORBC","D",,"A",,"A"
"20131",2630452,33,0,"5","01","D","100","D","2011","D",.,"A",60,"D","10","D",387,"D","3","D",.,"A",.,"A",.,"C",.,"A",,"A",387,"D",387,"D",387,"D",.,"A",.,"A",.,"A",.,"B",.,"A","TOYAC","D",,"A",,"A"
"20131",2630662,21,0,"5","01","D","110","D","2002","D",.,"A",36,"D","01","D",400,"D","3","D",.,"A",.,"A",1500,"D",.,"A",,"A",400,"D",400,"D",400,"D",.,"A",.,"A",.,"A",1500,"D",.,"A","CHEBE","D",,"A",,"A"
"20131",2631762,41,0,"5","01","D","100","D","2012","D",.,"A",.,"C","06","D",300,"D","3","D",.,"A",.,"A",2500,"D",.,"A","12","D",300,"D",300,"D",.,"A",.,"A",.,"A",.,"A",2500,"D",.,"A","HONXX","D",,"A",,"A"
"20131",2631812,35,0,"5","01","D","100","D","2012","D",.,"A",36,"D","10","D",317,"D","3","D",.,"A",.,"A",.,"A",.,"A",,"A",317,"D",317,"D",317,"D",.,"A",.,"A",.,"A",.,"A",.,"A","HONAB","D",,"A",,"A"
"20131",2632572,33,0,"5","01","D","100","D","2011","D",.,"A",39,"D","06","D",467,"D","3","D",.,"A",2000,"D",.,"A",.,"A",,"A",467,"D",467,"D",467,"D",.,"A",.,"A",.,"A",.,"A",.,"A","BUIAN","D",,"A",,"A"
"20131",2632572,34,0,"5","02","D","100","D","2012","D",.,"A",36,"D","10","D",362,"D","3","D",.,"A",.,"A",1900,"D",.,"A",,"A",362,"D",362,"D",362,"D",.,"A",.,"A",.,"A",1900,"D",.,"A","HONAA","D",,"A",,"A"
"20131",2634062,41,0,"5","01","D","110","D","2011","D",.,"A",36,"D","06","D",60,"D","3","D",.,"A",.,"A",.,"A",.,"A",,"A",60,"D",60,"D",60,"D",.,"A",.,"A",.,"A",.,"A",.,"A","HONAJ","D",,"A",,"A"
"20131",2634422,22,0,"5","01","D","110","D","2011","D",.,"A",36,"D","03","F",211,"D","3","D",.,"A",.,"A",.,"A",.,"A",,"A",211,"D",211,"D",211,"D",.,"A",.,"A",.,"A",.,"A",.,"A","NISAW","D",,"A",,"A"
"20131",2635842,24,0,"5","01","D","110","D","2010","D",.,"A",12,"D","01","D",589,"D","3","D",.,"A",.,"A",1000,"D",.,"A",,"A",.,"A",589,"D",589,"D",.,"A",.,"A",.,"A",1000,"D",.,"A","CHEAW","D",,"A",,"A"
"20131",2636072,22,0,"1","01","D","100","D","2011","D",.,"A",36,"D","03","D",336,"D","3","D",.,"A",.,"C",.,"A",.,"A",,"A",336,"D",336,"D",336,"D",.,"A",.,"A",.,"A",.,"A",.,"A","VOKAI","D",,"A",,"A"
"20131",2637032,33,0,"5","01","D","110","D","2003","D",.,"A",36,"D","01","D",250,"D","3","D",.,"A",.,"A",.,"A",.,"A","01","D",250,"D",250,"D",250,"D",.,"A",.,"A",.,"A",.,"A",.,"A","CHEBI","D",,"A",,"A"
"20131",2638112,31,0,"1","01","D","100","D","2013","D",.,"A",39,"D","02","D",315,"D","3","D",.,"A",2000,"D",1000,"D",.,"A",,"A",.,"A",.,"A",315,"D",.,"A",.,"A",.,"A",1000,"D",.,"A","FORBJ","D",,"A",,"A"
"20131",2638202,37,0,"5","01","D","110","D","2012","D",.,"A",36,"D","06","D",599,"D","3","D",.,"A",.,"A",.,"A",.,"A",,"A",599,"D",599,"D",599,"D",.,"A",.,"A",.,"A",.,"A",.,"A","LEXAH","D",,"A",,"A"
"20131",2638472,24,0,"5","01","D","100","D","2004","D",.,"A",48,"D","05","F",325,"D","3","D",.,"A",.,"A",2500,"D",.,"A",,"A",325,"D",325,"D",325,"D",.,"A",.,"A",.,"A",2500,"D",.,"A","PONAG","D",,"A",,"A"
"20131",2639732,19,0,"5","01","D","100","D","1995","D",.,"A",12,"D","02","D",150,"D","3","D",.,"A",.,"A",.,"A",.,"A",,"A",150,"D",150,"D",150,"D",.,"A",.,"A",.,"A",.,"A",.,"A","PONAF","D",,"A",,"A"
"20131",2639892,33,0,"5","01","D","100","D","2012","D",.,"A",36,"D","03","D",550,"D","3","D",.,"A",.,"A",6000,"D",.,"A",,"A",550,"D",550,"D",550,"D",.,"A",.,"A",.,"A",6000,"D",.,"A","BMWAA","D",,"A",,"A"
"20131",2640822,27,0,"5","01","D","100","D","2012","D",.,"A",36,"D","12","F",.,"C","3","D",.,"A",.,"A",.,"A",.,"A",,"A",294,"F",294,"F",294,"F",.,"A",.,"A",.,"A",.,"A",.,"A","MRBXX","D",,"A",,"A"
"20131",2641032,27,0,"5","01","D","110","D","2011","D",.,"A",36,"D","09","D",557,"D","3","D",.,"A",.,"A",.,"A",.,"A","12","D",557,"D",.,"A",.,"A",.,"A",.,"A",.,"A",.,"A",.,"A","ACUAL","D",,"A",,"A"
"20131",2641032,28,0,"1","02","D","110","D","2013","D",.,"A",36,"D","01","D",657,"D","3","D",.,"A",.,"A",.,"A",.,"A",,"A",.,"A",657,"D",657,"D",.,"A",.,"A",.,"A",.,"A",.,"A","ACUAI","D",,"A",,"A"
"20131",2641192,52,0,"5","01","D","100","D","2010","D",0.5,"D",38,"D","12","D",700,"D","3","D",.,"A",.,"A",3500,"D",.,"A",,"A",700,"D",700,"D",700,"D",.,"A",.,"A",.,"A",3500,"D",.,"A","MRBAJ","D",,"A",,"A"
"20131",2641262,32,0,"5","01","D","100","D","2012","D",.,"A",12,"D","04","D",188,"D","3","D",.,"A",.,"A",.,"A",.,"A",,"A",188,"D",188,"D",188,"D",20,"D",20,"D",20,"D",.,"A",.,"A","NISAN","D",,"A",,"A"
"20131",2641772,33,0,"5","01","D","110","D","2010","D",.,"A",36,"D","02","D",.,"C","3","D",.,"A",.,"A",.,"C",.,"A","01","D",500,"F",500,"F",500,"F",.,"A",.,"A",.,"A",.,"B",.,"A","FORAO","D",,"A",,"A"
"20131",2641772,34,0,"1","02","D","100","D","2013","D",.,"A",39,"D","01","D",385,"D","3","D",.,"A",.,"A",2200,"D",.,"A",,"A",.,"A",385,"D",385,"D",.,"A",.,"A",.,"A",2200,"D",.,"A","VOKAU","D",,"A",,"A"
"20131",2641922,25,0,"1","01","D","100","D","2011","D",.,"A",36,"D","08","D",320,"D","3","D",.,"A",.,"A",.,"A",.,"A",,"A",320,"D",320,"D",320,"D",.,"A",.,"A",.,"A",.,"A",.,"A","KIAAG","D",,"A",,"A"
"20131",2641922,26,0,"1","02","D","110","D","2011","D",0.75,"D",36,"D","04","D",490,"D","3","D",.,"A",.,"A",.,"A",.,"A",,"A",490,"D",490,"D",490,"D",.,"A",.,"A",.,"A",.,"A",.,"A","FORAM","D",,"A",,"A"
"20131",2642832,24,0,"5","01","D","100","D","2010","D",.,"A",36,"D","01","D",275,"D","3","D",.,"A",.,"A",.,"A",.,"A",,"A",275,"D",275,"D",275,"D",.,"A",.,"A",.,"A",.,"A",.,"A","HONAA","D",,"A",,"A"
"20131",2643092,35,0,"5","01","D","100","D","2011","D",.,"A",36,"D","12","D",360,"D","3","D",.,"A",.,"A",.,"A",.,"A",,"A",360,"D",360,"D",360,"D",.,"A",.,"A",.,"A",.,"A",.,"A","VOKAU","D",,"A",,"A"
"20131",2644982,31,0,"5","01","D","100","D","2011","D",.,"A",36,"D","01","D",400,"D","3","D",.,"A",.,"A",.,"A",.,"A",,"A",400,"D",400,"D",400,"D",.,"A",.,"A",.,"A",.,"A",.,"A","NISAG","D",,"A",,"A"
"20131",2646492,29,0,"5","01","D","110","D","2010","D",.,"A",36,"D","03","D",274,"D","3","D",.,"A",.,"A",.,"A",.,"A","01","D",274,"D",274,"D",274,"D",.,"A",.,"A",.,"A",.,"A",.,"A","HYUAI","D",,"A",,"A"
"20131",2646492,30,0,"1","02","D","110","D","2013","D",.,"A",39,"D","03","D",240,"D","3","D",.,"A",.,"A",.,"A",.,"A",,"A",.,"A",.,"A",.,"A",.,"A",.,"A",.,"A",.,"A",.,"A","NISAW","D",,"A",,"A"
"20131",2651004,21,0,"1","01","D","100","D","2010","D",.,"A",36,"D","01","D",301,"D","3","D",.,"A",.,"A",.,"A",.,"A",,"A",301,"D",301,"D",301,"D",.,"A",.,"A",.,"A",.,"A",.,"A","TOYAF","D",,"A",,"A"
"20131",2655704,43,0,"1","01","D","110","D","2011","D",.,"A",34,"D","03","D",350,"D","3","D",.,"A",1000,"D",.,"A",.,"A",,"A",350,"D",350,"D",350,"D",.,"A",.,"A",.,"A",.,"A",.,"A","ACUAL","D",,"A",,"A"
"20131",2659974,20,0,"1","01","D","100","D","2011","D",.,"A",60,"D","10","F",489,"D","3","D",.,"A",.,"A",5000,"D",.,"A",,"A",489,"D",489,"D",489,"D",.,"A",.,"A",.,"A",5000,"D",.,"A","BMWXX","D",,"A",,"A"
"20131",2679225,23,0,"1","01","D","100","D","2011","D",.,"A",36,"D","06","D",450,"D","3","D",.,"A",.,"A",.,"A",.,"A",,"A",450,"D",450,"D",450,"D",.,"A",.,"A",.,"A",.,"A",.,"A","BMWAA","D",,"A",,"A"
"20132",2545675,18,0,"5","01","D","105","D","2011","D",.,"A",.,"C","01","D",300,"D","3","D",.,"A",1000,"D",.,"C",.,"A","02","D",300,"D",300,"D",.,"A",.,"A",.,"A",.,"A",.,"B",4000,"D","CHEBN","D",,"A","2012","D"
"20132",2546315,8,0,"5","01","D","105","D","2012","D",.,"A",36,"D","04","D",535,"D","3","D",.,"A",.,"C",.,"A",.,"A",,"A",535,"D",535,"D",535,"D",.,"A",.,"A",.,"A",.,"A",.,"A","HYUAM","D",,"A","2012","D"
"20132",2546475,22,0,"5","01","D","105","D","2012","D",.,"A",36,"D","03","D",300,"D","3","D",.,"A",.,"C",1600,"D",.,"A",,"A",300,"D",300,"D",300,"D",50,"D",50,"D",50,"D",1600,"D",.,"A","VOKAI","D",,"A","2012","D"
"20132",2546815,13,0,"5","01","D","105","D","2012","D",.,"A",39,"D","07","D",350,"D","3","D",.,"A",2000,"D",.,"A",.,"A",,"A",350,"D",350,"D",350,"D",.,"A",.,"A",.,"A",.,"A",.,"A","CHEBS","D",,"A","2012","D"
"20132",2547295,15,0,"5","01","D","105","D","2010","D",.,"A",36,"D","03","F",370,"D","3","D",.,"A",.,"A",2000,"D",.,"A",,"A",370,"D",370,"D",370,"D",.,"A",.,"A",.,"A",2000,"D",.,"A","TOYAX","D",,"A","2010","D"
"20132",2547295,16,0,"5","02","D","105","D","2011","D",.,"A",36,"D","09","F",434,"D","3","D",.,"A",.,"A",2000,"D",.,"A",,"A",434,"D",434,"D",434,"D",.,"A",.,"A",.,"A",2000,"D",.,"A","HYUAE","D",,"A","2011","D"
"20132",2547525,32,0,"5","01","D","105","D","2012","D",.,"A",39,"D","12","D",395,"D","3","D",.,"A",.,"C",500,"D",.,"A",,"A",395,"D",395,"D",395,"D",.,"A",.,"A",.,"A",500,"D",.,"A","NISAD","D",,"A","2011","D"
"20132",2547825,9,0,"1","01","D","105","D","2001","D",.,"A",52,"D","01","D",400,"D","3","D",.,"A",.,"A",1500,"D",.,"A",,"A",400,"D",400,"D",400,"D",100,"D",100,"D",100,"D",1500,"D",.,"A","TOYAD","D",,"A","2012","D"
"20132",2549405,14,0,"5","02","D","105","D","2012","D",.,"A",36,"D","07","D",277,"D","3","D",.,"A",.,"A",.,"A",.,"A",,"A",277,"D",277,"D",277,"D",.,"A",.,"A",.,"A",.,"A",.,"A","TOYAC","D",,"A","2012","D"
"20132",2550275,16,0,"5","01","D","105","D","2012","D",.,"A",36,"D","03","D",285,"D","3","D",.,"A",.,"A",.,"A",.,"A",,"A",285,"D",285,"D",285,"D",.,"A",.,"A",.,"A",.,"A",.,"A","JEEAK","D",,"A","2012","D"
"20132",2550305,12,0,"5","01","D","105","D","2012","D",.,"A",36,"D","02","D",580,"D","3","D",.,"A",28000,"D",.,"A",.,"A",,"A",580,"D",580,"D",580,"D",.,"A",.,"A",.,"A",.,"A",.,"A","CHRAA","D",,"A","2012","D"
"20132",2550845,20,0,"5","01","D","105","D","2011","D",.,"A",36,"D","07","D",228,"D","3","D",.,"A",.,"A",.,"A",.,"A",,"A",228,"D",228,"D",228,"D",.,"A",.,"A",.,"A",.,"A",.,"A","TOYAC","D",,"A","2011","D"
"20132",2551465,10,0,"5","01","D","105","D","1999","D",.,"A",36,"D","04","D",225,"D","3","D",.,"A",.,"A",1500,"D",.,"A",,"A",225,"D",225,"D",225,"D",.,"A",.,"A",.,"A",1500,"D",.,"A","FORAZ","D",,"A","2011","D"
"20132",2552265,8,0,"1","01","D","105","D","2012","D",.,"A",36,"D","06","D",275,"D","3","D",.,"A",.,"A",.,"A",.,"A",,"A",275,"D",275,"D",275,"D",.,"A",.,"A",.,"A",.,"A",.,"A","TOYAC","D",,"A","2012","D"
"20132",2552705,12,0,"5","01","D","105","D","2012","D",.,"A",35,"D","07","D",199,"D","3","D",.,"A",.,"A",.,"A",.,"A",,"A",199,"D",199,"D",199,"D",.,"A",.,"A",.,"A",.,"A",.,"A","HONAB","D",,"A","2012","D"
"20132",2553575,17,0,"5","01","D","105","D","2011","D",.,"A",36,"D","05","F",480,"D","3","D",.,"A",.,"C",1000,"D",.,"A",,"A",480,"D",480,"D",480,"D",.,"A",.,"A",.,"A",1000,"D",.,"A","TOYAO","D",,"A","2011","D"
"20132",2553885,7,0,"5","01","D","105","D","2010","D",.,"A",36,"D","10","D",810,"D","3","D",.,"A",.,"A",.,"A",.,"A",,"A",810,"D",810,"D",810,"D",.,"A",.,"A",.,"A",.,"A",.,"A","LEXAD","D",,"A","2010","D"
"20132",2554385,31,0,"5","01","D","105","D","2012","D",.,"A",36,"D","11","F",354,"D","3","D",.,"A",.,"A",.,"C",.,"A",,"A",354,"D",354,"D",354,"D",.,"A",.,"A",.,"A",.,"B",.,"A","HONAA","D",,"A","2012","D"
"20132",2554855,9,0,"5","01","D","105","D","2011","D",.,"A",.,"C","03","F",.,"C",,"C",.,"A",.,"A",.,"A",.,"A",,"A",225,"F",225,"F",225,"F",80,"F",80,"F",80,"F",.,"A",.,"A","TOYAC","D",,"A","2011","D"
"20132",2555485,5,0,"1","01","D","105","D","2013","D",.,"A",36,"D","03","D",700,"D","3","D",.,"A",.,"A",.,"A",.,"A",,"A",.,"A",.,"A",700,"D",.,"A",.,"A",.,"A",.,"A",.,"A","HYUAE","D",,"A","2013","D"
"20132",2556125,10,0,"5","01","D","105","D","2005","D",.,"A",36,"D","01","F",340,"D","3","D",.,"A",500,"D",.,"A",.,"A",,"A",340,"D",340,"D",340,"D",.,"A",.,"A",.,"A",.,"A",.,"A","KIAAG","D",,"A","2011","D"
"20132",2556835,9,0,"5","01","D","105","D","2008","D",.,"A",60,"D","07","D",250,"D","3","D",.,"A",1800,"D",.,"A",.,"A",,"A",250,"D",250,"D",250,"D",.,"A",.,"A",.,"A",.,"A",.,"A","HYUAE","D",,"A","2009","D"
"20132",2557165,27,0,"5","01","D","105","D","2009","D",.,"A",36,"D","07","D",179,"D","3","D",.,"A",.,"A",4000,"D",.,"A",,"A",179,"D",179,"D",179,"D",.,"A",.,"A",.,"A",4000,"D",.,"A","TOYAX","D",,"A","2009","D"
"20132",2557485,21,0,"1","01","D","105","D","2011","D",.,"A",36,"D","01","D",535,"D","3","D",.,"A",17000,"D",.,"A",.,"A",,"A",535,"D",535,"D",535,"D",.,"A",.,"A",.,"A",.,"A",.,"A","AUDAV","D",,"A","2011","D"
"20132",2557605,16,0,"5","01","D","105","D","2012","D",.,"A",36,"D","05","D",198,"D","3","D",.,"A",.,"A",3000,"D",.,"A",,"A",198,"D",198,"D",198,"D",.,"A",.,"A",.,"A",3000,"D",.,"A","TOYAN","D",,"A","2012","D"
"20132",2557605,17,0,"5","02","D","105","D","2012","D",.,"A",36,"D","06","D",172,"D","3","D",.,"A",.,"A",3000,"D",.,"A",,"A",172,"D",172,"D",172,"D",.,"A",.,"A",.,"A",3000,"D",.,"A","TOYAF","D",,"A","2012","D"
"20132",2558885,9,0,"5","01","D","105","D","2011","D",.,"A",36,"D","09","F",190,"D","3","D",.,"A",.,"A",2000,"D",.,"A",,"A",190,"D",190,"D",190,"D",.,"A",.,"A",.,"A",2000,"D",.,"A","KIAXX","D",,"A","2011","D"
"20132",2559075,15,0,"5","01","D","105","D","2011","D",.,"A",36,"D","08","D",245,"D","3","D",.,"A",.,"A",.,"A",.,"A",,"A",245,"D",245,"D",245,"D",.,"A",.,"A",.,"A",.,"A",.,"A","TOYAF","D",,"A","2011","D"
"20132",2559795,20,0,"5","01","D","105","D","2012","D",.,"A",36,"D","11","D",189,"D","3","D",.,"A",.,"C",3800,"D",.,"A",,"A",189,"D",189,"D",189,"D",.,"A",.,"A",.,"A",3800,"D",.,"A","HYUAB","D",,"A","2011","D"
"20132",2561805,11,0,"5","01","D","105","D","2010","D",.,"A",36,"D","02","D",450,"D","3","D",.,"A",.,"A",2000,"D",.,"A",,"A",450,"D",450,"D",450,"D",.,"A",.,"A",.,"A",2000,"D",.,"A","LEXXX","D",,"A","2010","D"
"20132",2561805,12,0,"5","02","D","105","D","2011","D",.,"A",36,"D","06","D",403,"D","3","D",.,"A",.,"A",.,"A",.,"A",,"A",403,"D",403,"D",403,"D",.,"A",.,"A",.,"A",.,"A",.,"A","GMCAM","D",,"A","2012","D"
"20132",2561845,34,0,"5","01","D","105","D","2011","D",0.9,"D",36,"D","09","D",300,"D","3","D",.,"A",2000,"D",2000,"D",.,"A",,"A",300,"D",300,"D",300,"D",.,"A",.,"A",.,"A",2000,"D",.,"A","JEEAD","D",,"A","2011","D"
"20132",2562215,16,0,"5","01","D","105","D","2011","D",.,"A",48,"D","06","D",240,"D","3","D",.,"A",.,"A",1000,"D",.,"A",,"A",240,"D",240,"D",240,"D",.,"A",.,"A",.,"A",1000,"D",.,"A","CHEBT","D",,"A","2011","D"
"20132",2564405,13,0,"5","03","D","105","D","2012","D",.,"A",24,"D","09","D",365,"D","3","D",.,"A",.,"A",.,"A",.,"A",,"A",365,"D",365,"D",365,"D",.,"A",.,"A",.,"A",.,"A",.,"A","CHEBT","D",,"A","2012","D"
"20132",2565495,5,0,"5","01","D","105","D","2012","D",.,"A",36,"D","06","D",287,"D","3","D",.,"A",15000,"D",.,"A",.,"A","02","D",287,"D",.,"A",.,"A",.,"A",.,"A",.,"A",.,"A",.,"A","NISAN","D",,"A","2012","D"
"20132",2566295,19,0,"5","01","D","105","D","2008","D",.,"A",60,"D","10","D",400,"D","3","D",.,"A",.,"A",.,"A",.,"A",,"A",400,"D",400,"D",400,"D",.,"A",.,"A",.,"A",.,"A",.,"A","KIAAC","D",,"A","1998","D"
"20132",2566595,13,0,"5","01","D","105","D","2010","D",.,"A",36,"D","06","D",.,"C","3","D",.,"A",.,"A",.,"A",.,"A",,"A",225,"F",225,"F",225,"F",.,"A",.,"A",.,"A",.,"A",.,"A","NISAD","D",,"A","2010","D"
"20132",2566795,9,0,"1","01","D","105","D","2010","D",.,"A",48,"D","05","D",310,"D","3","D",.,"A",.,"A",1000,"D",.,"A",,"A",310,"D",310,"D",310,"D",.,"A",.,"A",.,"A",1000,"D",.,"A","TOYAF","D",,"A","2010","D"
"20132",2567665,11,0,"5","01","D","105","D","2011","D",.,"A",60,"D","01","D",445,"D","3","D",.,"A",.,"A",.,"A",.,"A",,"A",445,"D",445,"D",445,"D",.,"A",.,"A",.,"A",.,"A",.,"A","HONAI","D",,"A","2011","D"
"20132",2567835,21,0,"5","01","D","105","D","2012","D",.,"A",36,"D","09","D",350,"D","3","D",.,"A",.,"A",.,"A",.,"A",,"A",350,"D",350,"D",350,"D",.,"A",.,"A",.,"A",.,"A",.,"A","HONAK","D",,"A","2012","D"
"20132",2568705,33,0,"5","01","D","105","D","2011","D",.,"A",39,"D","08","D",359,"D","3","D",.,"A",.,"A",1500,"D",.,"A",,"A",359,"D",359,"D",359,"D",.,"A",.,"A",.,"A",1500,"D",.,"A","NISAW","D",,"A","2011","D"
"20132",2569385,18,0,"5","01","D","105","D","2013","D",.,"A",36,"D","05","D",262,"D","3","D",.,"A",10500,"D",.,"A",.,"A",,"A",262,"D",262,"D",262,"D",.,"A",.,"A",.,"A",.,"A",.,"A","HYUAB","D",,"A","2012","D"
"20132",2569935,16,0,"5","01","D","105","D","2012","D",.,"A",36,"D","01","D",300,"D","3","D",.,"A",.,"A",.,"C",.,"A",,"A",300,"D",300,"D",300,"D",.,"A",.,"A",.,"A",.,"B",.,"A","NISAW","D",,"A","2013","D"
"20132",2569985,3,0,"5","01","D","105","D","2011","D",0.7,"D",36,"D","02","D",400,"D","3","D",.,"A",.,"A",2000,"D",.,"A",,"A",400,"D",400,"D",400,"D",.,"A",.,"A",.,"A",2000,"D",.,"A","VOKAU","D",,"A","2011","D"
"20132",2570915,16,0,"5","01","D","105","D","2010","D",.,"A",42,"D","05","D",201,"D","3","D",.,"A",.,"A",2000,"D",.,"A",,"A",201,"D",201,"D",201,"D",.,"A",.,"A",.,"A",2000,"D",.,"A","MAZAP","D",,"A","2010","D"
"20132",2571435,21,0,"5","01","D","105","D","2012","D",.,"A",36,"D","09","D",219,"D","3","D",.,"A",4000,"D",1600,"D",.,"A",,"A",219,"D",219,"D",219,"D",.,"A",.,"A",.,"A",1600,"D",.,"A","NISAY","D",,"A","2012","D"
"20132",2571495,12,0,"5","01","D","105","D","2011","D",.,"A",36,"D","05","D",350,"D","3","D",.,"A",.,"A",.,"A",.,"A",,"A",350,"D",350,"D",350,"D",.,"A",.,"A",.,"A",.,"A",.,"A","FORAO","D",,"A","2011","D"
"20132",2572885,14,0,"5","01","D","105","D","2011","D",.,"A",12,"D","06","D",.,"C","3","D",.,"A",.,"A",.,"A",.,"A",,"A",375,"F",375,"F",375,"F",.,"A",.,"A",.,"A",.,"A",.,"A","AUDAF","D",,"A","2011","D"
"20132",2573065,16,0,"5","01","D","105","D","2013","D",.,"A",36,"D","08","D",530,"D","3","D",.,"A",5000,"D",.,"A",.,"A",,"A",530,"D",530,"D",530,"D",.,"A",.,"A",.,"A",.,"A",.,"A","VOKAU","D",,"A","2012","D"
"20132",2573455,22,0,"5","01","D","105","D","2007","D",0.3,"D",72,"D","10","D",350,"D","3","D",.,"A",.,"A",.,"A",.,"A",,"A",350,"D",350,"D",350,"D",21,"D",21,"D",21,"D",.,"A",.,"A","NISAP","D",,"A","2011","D"
"20132",2574145,15,0,"5","01","D","105","D","2011","D",0.3,"D",36,"D","08","D",540,"D","3","D",.,"A",.,"A",.,"A",.,"A",,"A",540,"D",540,"D",540,"D",.,"A",.,"A",.,"A",.,"A",.,"A","BMWAA","D",,"A","2010","D"
"20132",2574215,8,0,"5","01","D","105","D","2006","D",.,"A",86,"D","01","D",352,"D","3","D",.,"A",.,"A",.,"A",.,"A","03","D",352,"D",.,"A",.,"A",.,"A",.,"A",.,"A",.,"A",.,"A","FORAW","D",,"A","2009","D"
"20132",2574265,15,0,"5","01","D","105","D","2013","D",.,"A",18,"D","10","D",440,"D","3","D",.,"A",.,"A",.,"A",.,"A",,"A",440,"D",440,"D",440,"D",.,"A",.,"A",.,"A",.,"A",.,"A","FORAL","D",,"A","2012","D"
"20132",2575795,21,0,"5","01","D","105","D","2010","D",.,"A",27,"D","05","D",421,"D","3","D",.,"A",.,"A",2000,"D",.,"A","04","D",421,"D",421,"D",.,"A",.,"A",.,"A",.,"A",2000,"D",.,"A","CHRAM","D",,"A","2010","D"
"20132",2575795,22,0,"1","02","D","105","D","2013","D",.,"A",36,"D","05","D",420,"D","3","D",.,"A",.,"A",1434,"D",.,"A",,"A",.,"A",.,"A",420,"D",.,"A",.,"A",.,"A",1434,"D",.,"A","FORAM","D",,"A","2013","D"
"20132",2576345,9,0,"5","01","D","105","D","2009","D",.,"A",36,"D","09","D",990,"D","3","D",.,"A",.,"C",.,"C",.,"A",,"A",990,"D",990,"D",990,"D",.,"A",.,"A",.,"A",.,"B",.,"A","LEXAG","D",,"A","2009","D"
"20132",2576395,10,0,"1","01","D","105","D","2010","D",.,"A",39,"D","03","D",225,"D","3","D",.,"A",.,"A",.,"A",.,"A",,"A",225,"D",225,"D",225,"D",.,"A",.,"A",.,"A",.,"A",.,"A","NISAN","D",,"A","2010","D"
"20132",2578275,24,0,"5","01","D","105","D","2012","D",.,"A",36,"D","05","D",589,"D","3","D",.,"A",.,"A",6000,"D",.,"A",,"A",589,"D",589,"D",589,"D",.,"A",.,"A",.,"A",6000,"D",.,"A","MRBAH","D",,"A","2012","D"
"20132",2578275,25,0,"5","02","D","105","D","2011","D",.,"A",36,"D","12","D",559,"D","3","D",.,"A",.,"A",10000,"D",.,"A",,"A",559,"D",559,"D",559,"D",.,"A",.,"A",.,"A",10000,"D",.,"A","MRBAY","D",,"A","2010","D"
"20132",2578415,11,0,"5","01","D","105","D","2010","D",.,"A",36,"D","05","D",297,"D","3","D",.,"A",.,"A",.,"A",.,"A","05","D",297,"D",297,"D",297,"D",.,"A",.,"A",.,"A",.,"A",.,"A","VOKAI","D",,"A","2010","D"
"20132",2579555,14,0,"5","01","D","105","D","2011","D",.,"A",24,"D","06","D",380,"D","3","D",.,"A",.,"A",2600,"D",.,"A",,"A",380,"D",380,"D",380,"D",.,"A",.,"A",.,"A",2600,"D",.,"A","MRBAA","D",,"A","2011","D"
"20132",2579914,5,0,"1","01","D","105","D","2012","D",.,"A",24,"D","03","F",630,"D","3","D",.,"A",.,"A",3000,"D",.,"A",,"A",630,"D",630,"D",630,"D",.,"A",.,"A",.,"A",3000,"D",.,"A","CHEBE","D",,"A","2012","D"
"20132",2580064,19,0,"5","01","D","105","D","2011","D",0.3,"D",60,"D","06","D",405,"D","3","D",.,"A",.,"A",.,"A",.,"A",,"A",405,"D",405,"D",405,"D",.,"A",.,"A",.,"A",.,"A",.,"A","HONAM","D",,"A","2011","D"
"20132",2580774,15,0,"5","01","D","105","D","2011","D",.,"A",36,"D","07","D",235,"D","3","D",.,"A",2000,"D",.,"A",.,"A",,"A",235,"D",235,"D",235,"D",.,"A",.,"A",.,"A",.,"A",.,"A","FORBC","D",,"A","2010","D"
"20132",2581594,13,0,"5","01","D","105","D","2005","D",.,"A",48,"D","02","D",350,"D","3","D",.,"A",.,"A",1000,"D",.,"A",,"A",350,"D",350,"D",350,"D",100,"D",100,"D",100,"D",1000,"D",.,"A","TOYAF","D",,"A","2011","D"
"20132",2582594,15,0,"1","01","D","105","D","2012","D",.,"A",36,"D","06","D",155,"D","3","D",.,"A",.,"A",400,"D",.,"A",,"A",155,"D",155,"D",155,"D",.,"A",.,"A",.,"A",400,"D",.,"A","HONAB","D",,"A","2012","D"
"20132",2583704,20,0,"5","01","D","105","D","2013","D",.,"A",39,"D","01","D",.,"B","3","D",.,"A",.,"A",4000,"D",.,"A",,"A",190,"F",190,"F",190,"F",.,"A",.,"A",.,"A",4000,"D",.,"A","BMWAA","D",,"A","2013","D"
"20132",2584214,6,0,"5","01","D","105","D","2012","D",.,"A",72,"D","11","D",385,"D","3","D",.,"A",.,"A",1000,"D",.,"A",,"A",385,"D",385,"D",385,"D",.,"A",.,"A",.,"A",1000,"D",.,"A","CHEBT","D",,"A","2012","D"
"20132",2584374,9,0,"5","01","D","105","D","2010","D",.,"A",35,"D","04","D",413,"D","3","D",.,"A",.,"A",.,"A",.,"A",,"A",413,"D",413,"D",413,"D",.,"A",.,"A",.,"A",.,"A",.,"A","DODBK","D",,"A","2010","D"
"20132",2584554,13,0,"5","01","D","105","D","2011","D",.,"A",36,"D","09","F",1100,"D","3","D",.,"A",.,"A",.,"A",.,"A",,"A",1100,"D",1100,"D",1100,"D",.,"A",.,"A",.,"A",.,"A",.,"A","CADAG","D",,"A","2011","D"
"20132",2584554,14,0,"5","02","D","105","D","2012","D",.,"A",36,"D","11","D",700,"D","3","D",.,"A",.,"A",.,"A",.,"A",,"A",700,"D",700,"D",700,"D",.,"A",.,"A",.,"A",.,"A",.,"A","NISBA","D",,"A","2011","D"
"20132",2585304,17,0,"5","01","D","105","D","2012","D",.,"A",36,"D","05","D",335,"D","3","D",.,"A",.,"A",.,"A",.,"A",,"A",335,"D",335,"D",335,"D",.,"A",.,"A",.,"A",.,"A",.,"A","TOYAC","D",,"A","2012","D"
"20132",2586514,17,0,"5","01","D","105","D","2011","D",.,"A",36,"D","09","D",500,"D","3","D",.,"A",.,"A",5000,"D",.,"A",,"A",500,"D",500,"D",500,"D",.,"A",.,"A",.,"A",5000,"D",.,"A","LINAK","D",,"A","2011","D"
"20132",2586814,11,0,"5","01","D","105","D","2012","D",.,"A",36,"D","04","D",355,"D","3","D",.,"A",.,"A",3000,"D",.,"A",,"A",355,"D",355,"D",355,"D",.,"A",.,"A",.,"A",3000,"D",.,"A","ACUAG","D",,"A","2012","D"
"20132",2587174,27,0,"5","01","D","105","D","2012","D",.,"A",36,"D","03","D",498,"D","3","D",.,"A",2500,"D",.,"A",.,"A",,"A",498,"D",498,"D",498,"D",.,"A",.,"A",.,"A",.,"A",.,"A","DODBK","D",,"A","2012","D"
"20132",2587254,13,0,"5","01","D","105","D","2012","D",.,"A",24,"D","08","D",.,"C","3","D",.,"A",.,"C",.,"A",.,"A",,"A",500,"F",500,"F",500,"F",.,"A",.,"A",.,"A",.,"A",.,"A","FORBC","D",,"A","2011","D"
"20132",2588514,5,0,"1","01","D","105","D","2013","D",.,"A",36,"D","11","D",350,"D","3","D",.,"A",.,"A",.,"A",.,"A",,"A",350,"D",350,"D",350,"D",.,"A",.,"A",.,"A",.,"A",.,"A","INFAN","D",,"A","2012","D"
"20132",2589144,19,0,"5","01","D","105","D","2011","D",.,"A",27,"D","06","D",355,"D","3","D",.,"A",4000,"D",4000,"D",.,"A",,"A",355,"D",355,"D",355,"D",.,"A",.,"A",.,"A",4000,"D",.,"A","BMWAA","D",,"A","2011","D"
"20132",2589144,20,0,"5","02","D","105","D","2011","D",.,"A",36,"D","06","D",256,"D","3","D",.,"A",4000,"D",.,"A",.,"A",,"A",256,"D",256,"D",256,"D",.,"A",.,"A",.,"A",.,"A",.,"A","MINXX","D",,"A","2011","D"
"20132",2589254,32,0,"5","01","D","105","D","2008","D",.,"A",72,"D","02","D",370,"D","3","D",.,"A",2200,"D",5000,"D",.,"A",,"A",370,"D",370,"D",370,"D",.,"A",.,"A",.,"A",5000,"D",.,"A","FORBK","D",,"A","2011","D"
"20132",2589414,23,0,"5","01","D","105","D","2012","D",.,"A",48,"D","04","D",466,"D","3","D",.,"A",.,"A",.,"A",.,"A",,"A",466,"D",466,"D",466,"D",.,"A",.,"A",.,"A",.,"A",.,"A","BUIAG","D",,"A","2012","D"
"20132",2589724,47,0,"5","01","D","105","D","2002","D",.,"A",36,"D","02","D",302,"D","3","D",.,"A",.,"A",2000,"D",.,"A",,"A",302,"D",302,"D",302,"D",.,"A",.,"A",.,"A",2000,"D",.,"A","FORAM","D",,"A","2012","D"
"20132",2590414,15,0,"1","01","D","105","D","2010","D",.,"A",60,"D","03","D",340,"D","3","D",.,"A",.,"A",5000,"D",.,"A",,"A",.,"A",340,"D",340,"D",.,"A",.,"A",.,"A",5000,"D",.,"A","CHEBS","D",,"A","2013","D"
"20132",2590674,16,0,"5","01","D","105","D","2012","D",.,"A",36,"D","01","D",1807,"D","3","D",.,"A",.,"A",.,"A",.,"A",,"A",1807,"D",1807,"D",1807,"D",.,"A",.,"A",.,"A",.,"A",.,"A","BMWAB","D",,"A","2012","D"
"20132",2590674,17,0,"1","02","D","105","D","2012","D",.,"A",36,"D","01","D",858,"D","3","D",.,"A",.,"A",3000,"D",.,"A",,"A",858,"D",858,"D",858,"D",.,"A",.,"A",.,"A",3000,"D",.,"A","BMWAD","D",,"A","2012","D"
"20132",2592244,14,0,"5","01","D","105","D","2010","D",.,"A",.,"C","08","F",.,"C","3","D",.,"A",.,"A",.,"A",.,"A",,"A",300,"F",300,"F",300,"F",50,"F",50,"F",50,"F",.,"A",.,"A","TOYAN","D",,"A","2010","D"
"20132",2592274,7,0,"5","01","D","105","D","2012","D",.,"A",36,"D","06","D",214,"D","3","D",.,"A",.,"A",2000,"D",.,"A",,"A",214,"D",214,"D",214,"D",.,"A",.,"A",.,"A",2000,"D",.,"A","VOKAK","D",,"A","2012","D"
"20132",2593184,14,0,"5","01","D","105","D","2012","D",0.7,"D",39,"D","03","D",1850,"D","3","D",.,"A",.,"A",.,"A",.,"A",,"A",1850,"D",1850,"D",1850,"D",.,"A",.,"A",.,"A",.,"A",.,"A","MRBAJ","D",,"A","2012","D"
"20132",2593304,20,0,"5","01","D","105","D","2012","D",.,"A",36,"D","11","D",375,"D","3","D",.,"A",.,"A",.,"A",.,"A",,"A",375,"D",375,"D",375,"D",.,"A",.,"A",.,"A",.,"A",.,"A","HONAA","D",,"A","2011","D"
"20132",2594804,22,0,"5","01","D","105","D","2011","D",.,"A",36,"D","08","D",500,"D","3","D",.,"A",.,"A",.,"A",.,"A",,"A",500,"D",500,"D",500,"D",10,"D",10,"D",10,"D",.,"A",.,"A","HONAI","D",,"A","2011","D"
"20132",2595584,17,0,"5","01","D","105","D","2011","D",.,"A",36,"D","07","F",1100,"D","3","D",.,"A",.,"A",4000,"D",.,"A","04","F",1100,"D",1100,"D",1100,"D",.,"A",.,"A",.,"A",4000,"D",3000,"D","LEXAC","D",,"A","2011","D"
"20132",2596814,21,0,"5","01","D","105","D","2013","D",.,"A",24,"D","12","D",485,"D","3","D",.,"A",.,"A",.,"A",.,"A","03","D",485,"D",485,"D",.,"A",.,"A",.,"A",.,"A",.,"A",.,"A","FORBC","D",,"A","2012","D"
"20132",2598004,13,0,"5","01","D","105","D","2013","D",0.7,"D",36,"D","06","D",237,"D","3","D",.,"A",5500,"D",.,"A",.,"A",,"A",237,"D",237,"D",237,"D",.,"A",.,"A",.,"A",.,"A",.,"A","MAZAT","D",,"A","2012","D"
"20132",2598214,15,0,"5","01","D","105","D","2010","D",0.8,"D",36,"D","04","D",870,"D","3","D",.,"A",.,"A",.,"A",.,"A",,"A",870,"D",870,"D",870,"D",.,"A",.,"A",.,"A",.,"A",.,"A","LEXAH","D",,"A","2010","D"
"20132",2598354,11,0,"5","01","D","105","D","2012","D",.,"A",39,"D","08","D",249,"D","3","D",.,"A",.,"A",.,"A",.,"A",,"A",249,"D",249,"D",249,"D",.,"A",.,"A",.,"A",.,"A",.,"A","NISAD","D",,"A","2012","D"
"20132",2601084,30,0,"5","01","D","105","D","2011","D",.,"A",24,"D","11","D",457,"D","3","D",.,"A",.,"A",5000,"D",.,"A",,"A",457,"D",457,"D",457,"D",.,"A",.,"A",.,"A",5000,"D",.,"A","MRBAY","D",,"A","2011","D"
"20132",2601334,8,0,"5","01","D","105","D","2010","D",.,"A",48,"D","04","D",311,"D","3","D",.,"A",.,"A",.,"A",.,"A",,"A",311,"D",311,"D",311,"D",.,"A",.,"A",.,"A",.,"A",.,"A","CHEAS","D",,"A","2010","D"
"20132",2601394,14,0,"5","01","D","105","D","2011","D",.,"A",48,"D","09","D",650,"D","3","D",.,"A",.,"A",2000,"D",.,"A",,"A",650,"D",650,"D",650,"D",.,"A",.,"A",.,"A",2000,"D",.,"A","GMCAM","D",,"A","2011","D"
"20132",2601394,15,0,"5","02","D","105","D","2012","D",.,"A",36,"D","02","D",575,"D","3","D",.,"A",1500,"D",.,"A",.,"A",,"A",575,"D",575,"D",575,"D",.,"A",.,"A",.,"A",.,"A",.,"A","VOVAH","D",,"A","2012","D"
"20132",2601754,19,0,"5","01","D","105","D","2010","D",.,"A",24,"D","11","D",370,"D","3","D",.,"A",.,"A",.,"A",.,"A",,"A",370,"D",370,"D",370,"D",.,"A",.,"A",.,"A",.,"A",.,"A","TOYAN","D",,"A","2011","D"
"20132",2601894,15,0,"5","01","D","105","D","2012","D",.,"A",36,"D","02","D",240,"D","3","D",.,"A",.,"A",.,"A",.,"A",,"A",240,"D",240,"D",240,"D",.,"A",.,"A",.,"A",.,"A",.,"A","MAZAP","D",,"A","2012","D"
"20132",2602604,29,0,"5","01","D","105","D","2012","D",.,"A",36,"D","06","D",225,"D","3","D",.,"A",.,"A",.,"A",.,"A",,"A",225,"D",225,"D",225,"D",.,"A",.,"A",.,"A",.,"A",.,"A","KIAAG","D",,"A","2012","D"
"20132",2602874,25,0,"5","01","D","105","D","2012","D",.,"A",60,"D","05","D",889,"D","3","D",.,"A",.,"A",3000,"D",.,"A","05","D",889,"D",889,"D",889,"D",.,"A",.,"A",.,"A",3000,"D",.,"A","INFAK","D",,"A","2012","D"
"20132",2602874,26,0,"1","02","D","105","D","2013","D",.,"A",36,"D","05","D",777,"D","3","D",.,"A",3000,"F",.,"A",.,"A",,"A",.,"A",.,"A",777,"D",.,"A",.,"A",1,"D",.,"A",.,"A","INFXX","D",,"A","2013","D"
"20132",2602934,12,0,"5","01","D","105","D","2012","D",.,"A",72,"D","08","D",201,"D","3","D",.,"A",14000,"D",.,"A",.,"A",,"A",201,"D",201,"D",201,"D",.,"A",.,"A",.,"A",.,"A",.,"A","HONAB","D",,"A","2011","D"
"20132",2604194,15,0,"5","01","D","105","D","2010","D",.,"A",48,"D","01","D",724,"D","3","D",.,"A",.,"A",2500,"D",.,"A",,"A",724,"D",724,"D",724,"D",.,"A",.,"A",.,"A",2500,"D",.,"A","LEXAB","D",,"A","2010","D"
"20132",2604204,7,0,"5","01","D","105","D","2010","D",.,"A",36,"D","02","F",.,"C","3","D",.,"A",.,"A",.,"A",.,"A",,"A",395,"F",395,"F",395,"F",.,"A",.,"A",.,"A",.,"A",.,"A","HONAB","D",,"A","2010","F"
"20132",2605784,11,0,"5","01","D","105","D","2012","D",.,"A",39,"D","03","D",548,"D","3","D",.,"A",6000,"D",3000,"D",.,"A",,"A",548,"D",548,"D",548,"D",.,"A",.,"A",.,"A",3000,"D",.,"A","CADAM","D",,"A","2012","D"
"20132",2606484,24,0,"5","01","D","105","D","2013","D",.,"A",36,"D","11","D",175,"D","3","D",.,"A",.,"A",5369,"D",.,"A",,"A",175,"D",175,"D",175,"D",.,"A",.,"A",.,"A",5369,"D",.,"A","DODBM","D",,"A","2012","D"
"20132",2607834,11,0,"5","01","D","105","D","2010","D",0.25,"D",42,"D","04","D",325,"D","3","D",.,"A",.,"A",.,"A",.,"A",,"A",325,"D",325,"D",325,"D",.,"A",.,"A",.,"A",.,"A",.,"A","MAZAT","D",,"A","2010","D"
"20132",2608394,31,0,"5","01","D","105","D","2010","D",.,"A",39,"D","08","D",249,"D","3","D",.,"A",.,"A",.,"A",.,"A",,"A",249,"D",249,"D",249,"D",.,"A",.,"A",.,"A",.,"A",.,"A","NISAD","D",,"A","2010","D"
"20132",2609174,21,0,"5","01","D","105","D","2010","D",.,"A",36,"D","02","D",1000,"D","3","D",.,"A",.,"A",.,"A",.,"A",,"A",1000,"D",1000,"D",1000,"D",.,"A",.,"A",.,"A",.,"A",.,"A","FORBA","D",,"A","2010","D"
"20132",2609395,14,0,"5","01","D","105","D","2004","D",.,"A",60,"D","04","D",360,"D","3","D",.,"A",.,"A",600,"D",.,"A","04","D",360,"D",360,"D",.,"A",.,"A",.,"A",.,"A",600,"D",.,"A","JEEAB","D",,"A","2010","D"
"20132",2610174,7,0,"5","01","D","105","D","2003","D",.,"A",48,"D","10","F",.,"C","3","D",.,"A",8000,"D",.,"A",.,"A",,"A",250,"F",250,"F",250,"F",.,"A",.,"A",.,"A",.,"A",.,"A","SATAG","D",,"A","2003","D"
"20132",2610174,8,0,"5","02","D","105","D","2004","D",.,"A",60,"D","11","D",550,"D","3","D",.,"A",11000,"D",.,"A",.,"A",,"A",550,"D",550,"D",550,"D",.,"A",.,"A",.,"A",.,"A",.,"A","DODBF","D",,"A","2004","D"
"20132",2612034,15,0,"1","01","D","105","D","2011","D",.,"A",48,"D","11","D",500,"D","3","D",.,"A",.,"A",15000,"D",.,"A",,"A",500,"D",500,"D",500,"D",.,"A",.,"A",.,"A",15000,"D",.,"A","TOYBA","D",,"A","2011","D"
"20132",2612514,9,0,"5","01","D","105","D","2012","D",0.6,"D",12,"D","01","D",300,"D","3","D",.,"A",.,"A",.,"A",.,"A",,"A",300,"D",300,"D",300,"D",.,"A",.,"A",.,"A",.,"A",.,"A","FORAO","D",,"A","2012","D"
"20132",2613063,12,0,"1","01","D","105","D","2011","D",.,"A",36,"D","04","F",684,"D","3","D",.,"A",.,"A",.,"A",.,"A",,"A",684,"D",684,"D",684,"D",.,"A",.,"A",.,"A",.,"A",.,"A","GMCAO","D",,"A","2011","D"
"20132",2613063,13,0,"1","02","D","105","D","2007","D",.,"A",36,"D","02","F",289,"D","3","D",.,"A",.,"A",.,"A",.,"A",,"A",289,"D",289,"D",289,"D",.,"A",.,"A",.,"A",.,"A",.,"A","LEXAG","D",,"A","2011","D"
"20132",2613683,25,0,"5","01","D","105","D","2007","D",.,"A",72,"D","06","F",369,"D","3","D",.,"A",.,"A",.,"A",.,"A",,"A",369,"D",369,"D",369,"D",.,"A",.,"A",.,"A",.,"A",.,"A","PONAW","D",,"A","2006","D"
"20132",2613703,14,0,"1","01","D","105","D","2013","D",.,"A",39,"D","02","D",335,"D","3","D",.,"A",8000,"D",.,"A",.,"A",,"A",.,"A",335,"D",335,"D",.,"A",.,"A",.,"A",.,"A",.,"A","CADAL","D",,"A","2013","D"
"20132",2613743,5,0,"5","01","D","105","D","2005","D",.,"A",.,"C","04","F",256,"D","3","D",.,"A",.,"A",.,"A",.,"A","02","D",256,"D",256,"D",256,"D",.,"A",.,"A",.,"A",.,"A",.,"A","MAZAP","D",,"A","2010","F"
"20132",2613983,19,0,"5","01","D","105","D","2010","D",.,"A",60,"D","04","D",411,"D","3","D",.,"A",.,"A",.,"A",.,"A",,"A",411,"D",411,"D",411,"D",.,"A",.,"A",.,"A",.,"A",.,"A","TOYBA","D",,"A","2010","D"
"20132",2614243,7,0,"5","01","D","105","D","2008","D",.,"A",.,"C","03","F",375,"D","3","D",.,"A",.,"A",.,"A",.,"A",,"A",375,"D",375,"D",375,"D",.,"A",.,"A",.,"A",.,"A",.,"A","LEXAJ","D",,"A","2012","F"
"20132",2614783,17,0,"5","01","D","105","D","2011","D",.,"A",36,"D","03","D",300,"D","3","D",.,"A",.,"A",1400,"D",.,"A",,"A",300,"D",300,"D",300,"D",.,"A",.,"A",.,"A",1400,"D",.,"A","CADAM","D",,"A","2011","D"
"20132",2614883,21,0,"1","01","D","105","D","2011","D",.,"A",36,"D","11","D",303,"D","3","D",.,"A",500,"D",1000,"D",.,"A",,"A",303,"D",303,"D",303,"D",.,"A",.,"A",.,"A",1000,"D",.,"A","VOKAI","D",,"A","2010","D"
"20132",2614923,20,0,"5","01","D","105","D","2010","D",.,"A",39,"D","02","D",350,"D","3","D",.,"A",.,"A",3000,"D",.,"A",,"A",350,"D",350,"D",350,"D",.,"A",.,"A",.,"A",3000,"D",.,"A","HYUAM","D",,"A","2010","D"
"20132",2615673,9,0,"5","01","D","105","D","2012","D",.,"A",24,"D","03","D",.,"C","3","D",.,"A",.,"C",.,"A",.,"A",,"A",189,"F",189,"F",189,"F",.,"A",.,"A",.,"A",.,"A",.,"A","NISAD","D",,"A","2012","D"
"20132",2615723,21,0,"5","01","D","105","D","2010","D",.,"A",36,"D","05","D",331,"D","3","D",.,"A",1000,"D",.,"A",.,"A","03","D",331,"D",331,"D",331,"D",.,"A",.,"A",.,"A",.,"A",.,"A","HONAC","D",,"A","2010","D"
"20132",2615723,22,0,"1","02","D","105","D","2013","D",.,"A",36,"D","04","D",329,"D","3","D",.,"A",.,"A",.,"A",.,"A",,"A",.,"A",.,"A",.,"A",.,"A",.,"A",.,"A",.,"A",.,"A","HONAI","D",,"A","2013","D"
"20132",2615883,22,0,"5","01","D","105","D","2005","D",.,"A",36,"D","10","D",340,"D","3","D",.,"A",.,"A",2000,"D",.,"A",,"A",340,"D",340,"D",340,"D",.,"A",.,"A",.,"A",2000,"D",.,"A","CHEAP","D",,"A","2010","D"
"20132",2615903,10,0,"5","01","D","105","D","2012","D",.,"A",24,"D","08","D",600,"D","3","D",.,"A",.,"A",.,"A",.,"A",,"A",600,"D",600,"D",600,"D",.,"A",.,"A",.,"A",.,"A",.,"A","MRBAU","D",,"A","2012","D"
"20132",2615943,23,0,"5","01","D","105","D","2007","D",0.9,"D",36,"D","08","F",249,"D","3","D",.,"A",.,"A",.,"A",.,"A",,"A",249,"D",249,"D",249,"D",.,"A",.,"A",.,"A",.,"A",.,"A","FORBA","D",,"A","2010","D"
"20132",2616333,16,0,"5","01","D","105","D","2011","D",.,"A",36,"D","03","D",762,"D","3","D",.,"A",.,"A",.,"A",.,"A",,"A",762,"D",762,"D",762,"D",.,"A",.,"A",.,"A",.,"A",.,"A","ACUAI","D",,"A","2011","D"
"20132",2616703,17,0,"5","01","D","105","D","2012","D",.,"A",24,"D","02","D",344,"D","3","D",.,"A",.,"A",500,"D",.,"A","02","D",344,"D",344,"D",.,"A",.,"A",.,"A",.,"A",500,"D",.,"A","CHEBP","D",,"A","2012","D"
"20132",2616703,18,0,"1","02","D","105","D","2013","D",.,"A",12,"D","03","D",329,"D","3","D",.,"A",.,"A",.,"A",.,"A",,"A",.,"A",.,"A",329,"D",.,"A",.,"A",.,"A",.,"A",.,"A","BUIAS","D",,"A","2013","D"
"20132",2617103,33,0,"5","01","D","105","D","2010","D",.,"A",48,"D","04","D",1250,"D","3","D",.,"A",.,"A",.,"A",.,"A",,"A",1250,"D",1250,"D",1250,"D",.,"A",.,"A",.,"A",.,"A",.,"A","LEXAC","D",,"A","2010","D"
"20132",2617283,12,0,"5","01","D","105","D","2010","D",.,"A",48,"D","05","D",400,"D","3","D",.,"A",.,"A",.,"A",.,"A",,"A",400,"D",400,"D",400,"D",.,"A",.,"A",.,"A",.,"A",.,"A","LANAC","D",,"A","2010","D"
"20132",2617283,13,0,"5","02","D","105","D","2010","D",.,"A",48,"D","02","D",700,"D","3","D",.,"A",.,"A",2000,"D",.,"A",,"A",700,"D",700,"D",700,"D",.,"A",.,"A",.,"A",2000,"D",.,"A","BMWAA","D",,"A","2010","D"
"20132",2617283,14,0,"5","03","D","105","D","2010","D",.,"A",48,"D","09","D",430,"D","3","D",.,"A",.,"A",4000,"D",.,"A",,"A",430,"D",430,"D",430,"D",.,"A",.,"A",.,"A",4000,"D",.,"A","AUDAY","D",,"A","2010","D"
"20132",2618053,3,0,"5","01","D","105","D","2010","D",.,"A",36,"D","03","F",.,"C","3","D",.,"A",.,"A",.,"A",.,"A",,"A",250,"F",250,"F",250,"F",.,"A",.,"A",.,"A",.,"A",.,"A","VOVAQ","D",,"A","2010","D"
"20132",2619213,15,0,"5","01","D","105","D","2013","D",.,"A",12,"D","12","D",231,"D","3","D",.,"A",.,"A",.,"A",.,"A",,"A",.,"A",.,"A",.,"A",.,"A",.,"A",.,"A",.,"A",.,"A","MRBAA","D",,"A","2013","D"
"20132",2619383,13,0,"5","01","D","105","D","2010","D",.,"A",36,"D","09","D",156,"D","3","D",.,"A",.,"A",2500,"D",.,"A",,"A",156,"D",156,"D",156,"D",.,"A",.,"A",.,"A",2500,"D",.,"A","MAZAA","D",,"A","2012","D"
"20132",2619733,26,0,"5","01","D","105","D","2012","D",.,"A",36,"D","06","D",260,"D","3","D",.,"A",1000,"D",1000,"D",.,"A",,"A",260,"D",260,"D",260,"D",.,"A",.,"A",.,"A",1000,"D",.,"A","HYUAA","D",,"A","2011","D"
"20132",2619933,17,0,"5","01","D","105","D","2010","D",.,"A",36,"D","07","F",.,"C","3","D",.,"A",.,"A",.,"A",.,"A","02","D",907,"F",907,"F",907,"F",.,"A",.,"A",.,"A",.,"A",.,"A","HONAG","D",,"A","2011","F"
"20132",2620093,20,0,"5","01","D","105","D","2012","D",.,"A",36,"D","02","D",225,"D","3","D",.,"A",.,"A",.,"A",.,"A",,"A",225,"D",225,"D",225,"D",80,"D",80,"D",80,"D",.,"A",.,"A","HONAA","D",,"A","2012","D"
"20132",2620833,12,0,"5","01","D","105","D","2010","D",.,"A",48,"D","08","D",412,"D","3","D",.,"A",.,"A",.,"A",.,"A",,"A",412,"D",412,"D",412,"D",.,"A",.,"A",.,"A",.,"A",.,"A","CHEBP","D",,"A","2010","D"
"20132",2620965,6,0,"1","01","D","105","D","2010","D",.,"A",36,"D","01","D",100,"D","3","D",.,"A",.,"A",2000,"D",.,"A",,"A",100,"D",100,"D",100,"D",.,"A",.,"A",.,"A",2000,"D",.,"A","TOYAF","D",,"A","2011","D"
"20132",2622773,20,0,"5","01","D","105","D","2010","D",.,"A",48,"D","06","D",440,"D","3","D",.,"A",.,"A",.,"A",.,"A",,"A",440,"D",440,"D",440,"D",.,"A",.,"A",.,"A",.,"A",.,"A","HONAB","D",,"A","2011","D"
"20132",2624413,9,0,"5","01","D","105","D","2008","D",.,"A",72,"D","05","D",657,"D","3","D",.,"A",.,"A",3000,"D",.,"A",,"A",657,"D",657,"D",657,"D",.,"A",.,"A",.,"A",3000,"D",.,"A","CHEAZ","D",,"A","2008","D"
"20132",2624443,18,0,"5","01","D","105","D","2010","D",.,"A",36,"D","08","D",415,"D","3","D",.,"A",4500,"D",.,"A",.,"A",,"A",415,"D",415,"D",415,"D",.,"A",.,"A",.,"A",.,"A",.,"A","ACUAK","D",,"A","2010","D"
"20132",2624693,4,0,"1","01","D","105","D","1999","D",.,"A",24,"D","03","D",204,"D","3","D",.,"A",.,"A",.,"A",.,"A",,"A",.,"A",204,"D",204,"D",.,"A",.,"A",.,"A",.,"A",.,"A","MITAJ","D",,"A","2013","D"
"20132",2624783,24,0,"5","01","D","105","D","2010","D",.,"A",48,"D","08","D",525,"D","3","D",2300,"D",.,"A",.,"A",.,"A",,"A",285,"F",285,"F",285,"F",.,"A",.,"A",.,"A",.,"A",.,"A","MRBAA","D",,"A","2010","D"
"20132",2625033,28,0,"5","01","D","105","D","2011","D",.,"A",39,"D","05","D",279,"D","3","D",.,"A",.,"A",.,"A",.,"A",,"A",279,"D",279,"D",279,"D",.,"A",.,"A",.,"A",.,"A",.,"A","NISAD","D",,"A","2011","D"
"20132",2625653,21,0,"5","01","D","105","D","2012","D",.,"A",36,"D","08","D",250,"D","3","D",.,"A",.,"A",.,"A",.,"A",,"A",250,"D",250,"D",250,"D",200,"D",200,"D",200,"D",.,"A",.,"A","HONAB","D",,"A","2012","D"
"20132",2625943,16,0,"5","01","D","105","D","2012","D",.,"A",39,"D","06","D",450,"D","3","D",.,"A",.,"A",.,"A",.,"A",,"A",450,"D",450,"D",450,"D",.,"A",.,"A",.,"A",.,"A",.,"A","AUDAG","D",,"A","2012","D"
"20132",2626423,20,0,"5","01","D","105","D","2010","D",.,"A",36,"D","04","D",250,"D","3","D",.,"A",.,"A",.,"A",.,"A",,"A",250,"D",250,"D",250,"D",.,"A",.,"A",.,"A",.,"A",.,"A","HONAA","D",,"A","2010","D"
"20132",2626423,21,0,"5","02","D","105","D","2011","D",.,"A",36,"D","06","D",299,"D","3","D",.,"A",.,"A",.,"A",.,"A","03","D",299,"D",299,"D",.,"A",.,"A",.,"A",.,"A",.,"A",.,"A","HONAC","D",,"A","2011","D"
"20132",2626423,22,0,"1","03","D","105","D","2013","D",.,"A",24,"D","03","D",260,"D","3","D",.,"A",6000,"F",.,"A",.,"A",,"A",.,"A",260,"D",260,"D",.,"A",.,"A",.,"A",.,"A",.,"A","HONAA","D",,"A","2013","D"
"20132",2626783,11,0,"5","01","D","105","D","2011","D",.,"A",36,"D","03","D",264,"D","3","D",.,"A",.,"A",.,"A",.,"A",,"A",264,"D",264,"D",264,"D",.,"A",.,"A",.,"A",.,"A",.,"A","FORBJ","D",,"A","2011","D"
"20132",2626953,33,0,"5","02","D","105","D","2010","D",.,"A",42,"D","07","D",340,"D","3","D",.,"A",.,"A",.,"A",.,"A",,"A",340,"D",340,"D",340,"D",.,"A",.,"A",.,"A",.,"A",.,"A","SUBAF","D",,"A","2010","D"
"20132",2626953,34,0,"5","03","D","105","D","2013","D",.,"A",36,"D","11","D",420,"D","3","D",.,"A",.,"A",.,"A",.,"A",,"A",420,"D",420,"D",420,"D",55,"D",55,"D",55,"D",.,"A",.,"A","TOYBA","D",,"A","2012","D"
"20132",2627223,22,0,"5","01","D","105","D","2012","D",.,"A",60,"D","02","D",440,"D","3","D",.,"A",.,"A",.,"A",.,"A",,"A",440,"D",440,"D",440,"D",.,"A",.,"A",.,"A",.,"A",.,"A","DODAX","D",,"A","2013","D"
"20132",2627253,13,0,"1","01","D","105","D","2011","D",.,"A",36,"D","07","D",419,"D","3","D",.,"A",.,"A",2000,"D",.,"A",,"A",419,"D",419,"D",419,"D",.,"A",.,"A",.,"A",2000,"D",.,"A","TOYAC","D",,"A","2010","D"
"20132",2627293,20,0,"5","01","D","105","D","1992","D",.,"A",.,"C","08","F",.,"C","8","D",.,"A",.,"A",.,"A",.,"A",,"A",262,"F",262,"F",262,"F",.,"A",.,"A",.,"A",.,"A",.,"A","FORAS","D",,"A","2012","F"
"20132",2627293,21,0,"5","02","D","105","D","2006","D",.,"A",60,"D","07","D",180,"D","3","D",.,"A",.,"A",.,"A",.,"A",,"A",180,"D",180,"D",180,"D",.,"A",.,"A",.,"A",.,"A",.,"A","DODAJ","D",,"A","2012","D"
"20132",2627293,22,0,"5","03","D","105","D","2004","D",.,"A",.,"C","10","F",.,"B","8","D",.,"A",.,"A",.,"A",.,"A",,"A",340,"F",340,"F",340,"F",.,"A",.,"A",.,"A",.,"A",.,"A","HYUAE","D",,"A","2011","F"
"20132",2627293,23,0,"5","04","D","105","D","2004","D",.,"A",.,"C","02","F",.,"B","8","D",.,"A",.,"A",.,"A",.,"A",,"A",350,"F",350,"F",350,"F",100,"F",100,"F",100,"F",.,"A",.,"A","PONAG","D",,"A","2012","F"
"20132",2627653,10,0,"5","02","D","105","D","2013","D",.,"A",39,"D","11","D",550,"D","3","D",.,"A",.,"A",2800,"D",.,"A",,"A",550,"D",550,"D",550,"D",.,"A",.,"A",.,"A",2800,"D",.,"A","BMWAA","D",,"A","2012","D"
"20132",2628753,14,0,"5","01","D","105","D","2012","D",.,"A",24,"D","04","D",280,"D","3","D",.,"A",.,"A",.,"A",.,"A",,"A",280,"D",280,"D",280,"D",.,"A",.,"A",.,"A",.,"A",.,"A","FORBC","D",,"A","2012","D"
"20132",2629913,26,0,"1","01","D","105","D","2013","D",.,"A",35,"D","05","D",268,"D","3","D",.,"A",.,"A",.,"A",.,"A",,"A",.,"A",.,"A",.,"A",.,"A",.,"A",.,"A",.,"A",.,"A","HONAB","D",,"A","2013","D"
"20132",2629913,27,0,"1","02","D","105","D","2008","D",.,"A",60,"D","05","D",260,"D","3","D",.,"A",.,"A",.,"A",.,"A",,"A",.,"A",.,"A",.,"A",.,"A",.,"A",.,"A",.,"A",.,"A","HONAC","D",,"A","2013","D"
"20132",2630453,9,0,"5","01","D","105","D","2011","D",.,"A",60,"D","10","D",387,"D","3","D",.,"A",.,"A",.,"C",.,"A",,"A",387,"D",387,"D",387,"D",.,"A",.,"A",.,"A",.,"B",.,"A","TOYAC","D",,"A","2011","D"
"20132",2630663,5,0,"5","01","D","105","D","2002","D",.,"A",36,"D","01","D",400,"D","3","D",.,"A",.,"A",1500,"D",.,"A",,"A",400,"D",400,"D",400,"D",.,"A",.,"A",.,"A",1500,"D",.,"A","CHEBE","D",,"A","2009","D"
"20132",2630793,4,0,"5","01","D","105","D","2013","D",.,"A",36,"D","09","D",500,"D","3","D",.,"A",.,"A",2950,"D",.,"A",,"A",500,"D",500,"D",500,"D",.,"A",.,"A",.,"A",2950,"D",.,"A","BMWAA","D",,"A","2012","D"
"20132",2630793,5,0,"5","02","D","105","D","2012","D",.,"A",36,"D","09","D",500,"D","3","D",.,"A",.,"A",2950,"D",.,"A","04","D",500,"D",500,"D",500,"D",.,"A",.,"A",.,"A",2950,"D",.,"A","BMWAA","D",,"A","2012","D"
"20132",2631813,15,0,"5","01","D","105","D","2012","D",.,"A",36,"D","10","D",317,"D","3","D",.,"A",.,"A",.,"A",.,"A",,"A",317,"D",317,"D",317,"D",.,"A",.,"A",.,"A",.,"A",.,"A","HONAB","D",,"A","2011","D"
"20132",2632573,16,0,"5","01","D","105","D","2011","D",.,"A",39,"D","06","D",467,"D","3","D",.,"A",2000,"D",.,"A",.,"A",,"A",467,"D",467,"D",467,"D",.,"A",.,"A",.,"A",.,"A",.,"A","BUIAN","D",,"A","2011","D"
"20132",2632573,17,0,"5","02","D","105","D","2012","D",.,"A",36,"D","10","D",362,"D","3","D",.,"A",.,"A",1900,"D",.,"A",,"A",362,"D",362,"D",362,"D",.,"A",.,"A",.,"A",1900,"D",.,"A","HONAA","D",,"A","2012","D"
"20132",2633963,9,0,"1","01","D","105","D","2008","D",.,"A",72,"D","02","D",317,"D","3","D",.,"A",.,"A",3500,"D",.,"A",,"A",317,"D",317,"D",317,"D",.,"A",.,"A",.,"A",3500,"D",.,"A","CHEAP","D",,"A","2012","D"
"20132",2634063,32,0,"5","01","D","105","D","2011","D",.,"A",36,"D","06","D",60,"D","3","D",.,"A",.,"A",.,"A",.,"A",,"A",60,"D",60,"D",60,"D",.,"A",.,"A",.,"A",.,"A",.,"A","HONAJ","D",,"A","2010","D"
"20132",2634423,14,0,"5","01","D","105","D","2011","D",.,"A",36,"D","03","F",211,"D","3","D",.,"A",.,"A",.,"A",.,"A",,"A",211,"D",211,"D",211,"D",.,"A",.,"A",.,"A",.,"A",.,"A","NISAW","D",,"A","2011","F"
"20132",2635133,15,0,"5","01","D","105","D","2000","D",.,"A",12,"D","02","D",6500,"D","3","D",.,"A",.,"A",.,"A",.,"A",,"A",6500,"D",6500,"D",6500,"D",.,"A",.,"A",.,"A",.,"A",.,"A","BUIAD","D",,"A","2009","D"
"20132",2635843,11,0,"5","01","D","105","D","2010","D",.,"A",12,"D","01","D",589,"D","3","D",.,"A",.,"A",1000,"D",.,"A","03","D",589,"D",.,"A",.,"A",.,"A",.,"A",.,"A",1000,"D",.,"A","CHEAW","D",,"A","2013","D"
"20132",2636543,29,0,"1","01","D","105","D","2013","D",.,"A",36,"D","04","D",360,"D","3","D",.,"A",10000,"D",3500,"D",.,"A",,"A",.,"A",360,"D",360,"D",.,"A",.,"A",.,"A",3500,"D",.,"A","JEEAD","D",,"A","2013","D"
"20132",2638113,13,0,"5","01","D","105","D","2013","D",.,"A",39,"D","02","D",315,"D","3","D",.,"A",2000,"D",1000,"D",.,"A",,"A",315,"D",315,"D",315,"D",.,"A",.,"A",.,"A",1000,"D",.,"A","FORBJ","D",,"A","2013","D"
"20132",2638203,12,0,"5","01","D","105","D","2012","D",.,"A",36,"D","06","D",599,"D","3","D",.,"A",.,"A",.,"A",.,"A",,"A",599,"D",599,"D",599,"D",.,"A",.,"A",.,"A",.,"A",.,"A","LEXAH","D",,"A","2012","D"
"20132",2638473,9,0,"5","01","D","105","D","2004","D",.,"A",48,"D","01","F",325,"D","3","D",.,"A",.,"A",2500,"D",.,"A",,"A",325,"D",325,"D",325,"D",.,"A",.,"A",.,"A",2500,"D",.,"A","PONAG","D",,"A","2010","D"
"20132",2639733,5,0,"5","01","D","105","D","1995","D",.,"A",12,"D","02","D",150,"D","3","D",.,"A",.,"A",.,"A",.,"A",,"A",150,"D",150,"D",150,"D",.,"A",.,"A",.,"A",.,"A",.,"A","PONAF","D",,"A","2012","D"
"20132",2639893,18,0,"5","01","D","105","D","2012","D",.,"A",36,"D","03","D",550,"D","3","D",.,"A",.,"A",6000,"D",.,"A",,"A",550,"D",550,"D",550,"D",.,"A",.,"A",.,"A",6000,"D",.,"A","BMWAA","D",,"A","2012","D"
"20132",2640823,12,0,"5","01","D","105","D","2012","D",.,"A",36,"D","08","F",.,"C","3","D",.,"A",.,"A",.,"A",.,"A",,"A",6500,"F",6500,"F",6500,"F",.,"A",.,"A",.,"A",.,"A",.,"A","MRBXX","D",,"A","2012","D"
"20132",2641033,16,0,"5","02","D","105","D","2013","D",.,"A",36,"D","01","D",657,"D","3","D",.,"A",.,"A",.,"A",.,"A",,"A",657,"D",657,"D",657,"D",.,"A",.,"A",.,"A",.,"A",.,"A","ACUAI","D",,"A","2013","D"
"20132",2641193,38,0,"5","01","D","105","D","2010","D",0.5,"D",38,"D","12","D",700,"D","3","D",.,"A",.,"A",3500,"D",.,"A",,"A",700,"D",700,"D",700,"D",.,"A",.,"A",.,"A",3500,"D",.,"A","MRBAJ","D",,"A","2011","D"
"20132",2641263,21,0,"5","01","D","105","D","2012","D",.,"A",12,"D","04","D",188,"D","3","D",.,"A",.,"A",.,"A",.,"A","04","D",188,"D",188,"D",.,"A",20,"D",20,"D",.,"A",.,"A",.,"A","NISAN","D",,"A","2012","D"
"20132",2643093,20,0,"5","01","D","105","D","2011","D",.,"A",36,"D","12","D",360,"D","3","D",.,"A",.,"A",.,"A",.,"A",,"A",360,"D",360,"D",360,"D",.,"A",.,"A",.,"A",.,"A",.,"A","VOKAU","D",,"A","2011","D"
"20132",2644983,11,0,"5","01","D","105","D","2011","D",.,"A",36,"D","01","D",400,"D","3","D",.,"A",.,"A",.,"A",.,"A",,"A",400,"D",400,"D",400,"D",.,"A",.,"A",.,"A",.,"A",.,"A","NISAG","D",,"A","2011","D"
"20132",2645533,19,0,"1","01","D","105","D","2013","D",.,"A",.,"C","04","D",420,"D","3","D",.,"A",.,"A",3000,"D",.,"A",,"A",.,"A",420,"D",420,"D",.,"A",.,"A",.,"A",3000,"D",.,"A","ACUXX","D",,"A","2013","D"
"20132",2646493,14,0,"5","02","D","105","D","2013","D",.,"A",39,"D","03","D",240,"D","3","D",.,"A",.,"A",.,"A",.,"A",,"A",240,"D",240,"D",240,"D",.,"A",.,"A",.,"A",.,"A",.,"A","NISAW","D",,"A","2013","D"
"20132",2647592,18,0,"5","01","D","105","D","2012","D",.,"A",39,"D","07","D",292,"D","3","D",.,"A",.,"A",2500,"D",.,"A",,"A",292,"D",292,"D",292,"D",.,"A",.,"A",.,"A",2500,"D",.,"A","JEEAI","D",,"A","2012","D"
"20132",2647772,13,0,"1","01","D","105","D","2013","D",.,"A",39,"D","06","D",224,"D","3","D",.,"A",6500,"D",.,"A",.,"A",,"A",224,"D",224,"D",224,"D",.,"A",.,"A",.,"A",.,"A",.,"A","VOKAW","D",,"A","2012","D"
"20132",2648012,8,0,"5","01","D","105","D","2010","D",.,"A",36,"D","06","F",173,"D","3","D",.,"A",.,"A",.,"A",.,"A",,"A",173,"D",173,"D",173,"D",.,"A",.,"A",.,"A",.,"A",.,"A","KIAAD","D",,"A","2012","D"
"20132",2648582,15,0,"5","01","D","105","D","2013","D",.,"A",24,"D","09","D",.,"C","3","D",.,"A",.,"C",.,"C",.,"A",,"A",210,"F",210,"F",210,"F",.,"A",.,"A",.,"A",.,"B",.,"A","NISAD","D",,"A","2012","D"
"20132",2648582,16,0,"5","02","D","105","D","2010","D",.,"A",39,"D","11","F",.,"C","3","D",.,"A",.,"A",.,"A",.,"A",,"A",440,"F",440,"F",440,"F",.,"A",.,"A",.,"A",.,"A",.,"A","NISAF","D",,"A","2010","D"
"20132",2648592,15,0,"5","01","D","105","D","2013","D",.,"A",48,"D","11","D",399,"D","3","D",.,"A",.,"A",2500,"D",.,"A",,"A",399,"D",399,"D",399,"D",.,"A",.,"A",.,"A",2500,"D",.,"A","FORBC","D",,"A","2012","D"
"20132",2648782,19,0,"5","01","D","105","D","2011","D",.,"A",36,"D","11","D",577,"D","3","D",.,"A",.,"A",.,"A",.,"A",,"A",577,"D",577,"D",577,"D",.,"A",.,"A",.,"A",.,"A",.,"A","TOYAC","D",,"A","2010","D"
"20132",2648962,11,0,"5","01","D","105","D","2011","D",.,"A",36,"D","09","D",450,"D","3","D",.,"A",.,"A",2000,"D",.,"A",,"A",450,"D",450,"D",450,"D",50,"D",50,"D",50,"D",2000,"D",.,"A","TOYAO","D",,"A","2010","D"
"20132",2649062,5,0,"5","01","D","105","D","2012","D",.,"A",36,"D","07","D",699,"D","3","D",.,"A",.,"A",7500,"D",.,"A",,"A",699,"D",699,"D",699,"D",.,"A",.,"A",.,"A",7500,"D",.,"A","BMWAA","D",,"A","2012","D"
"20132",2649962,16,0,"5","01","D","105","D","2013","D",.,"A",48,"D","01","D",339,"D","3","D",.,"A",4000,"D",24000,"D",.,"A",,"A",339,"D",339,"D",339,"D",.,"A",.,"A",.,"A",24000,"D",.,"A","HYUAE","D",,"A","2013","D"
"20132",2650412,17,0,"1","01","D","105","D","2010","D",.,"A",60,"D","09","D",330,"D","3","D",.,"A",6000,"D",2000,"D",.,"A",,"A",330,"D",330,"D",330,"D",.,"A",.,"A",.,"A",2000,"D",.,"A","TOYAN","D",,"A","2010","D"
"20132",2650412,18,0,"1","02","D","105","D","2011","D",.,"A",60,"D","12","D",330,"D","3","D",.,"A",.,"A",2000,"D",.,"A",,"A",330,"D",330,"D",330,"D",.,"A",.,"A",.,"A",2000,"D",.,"A","TOYAF","D",,"A","2011","D"
"20132",2650442,17,0,"5","01","D","105","D","2012","D",.,"A",39,"D","09","D",316,"D","3","D",.,"A",.,"A",1000,"D",.,"A",,"A",316,"D",316,"D",316,"D",.,"A",.,"A",.,"A",1000,"D",.,"A","BUIAN","D",,"A","2012","D"
"20132",2650492,15,0,"5","01","D","105","D","2011","D",.,"A",36,"D","10","D",433,"D","3","D",.,"A",.,"A",1000,"D",.,"A",,"A",433,"D",433,"D",433,"D",.,"A",.,"A",.,"A",1000,"D",.,"A","TOYAC","D",,"A","2011","D"
"20132",2650802,22,0,"5","01","D","105","D","2012","D",0.2,"D",36,"D","08","D",554,"D","3","D",.,"A",1000,"D",2000,"D",.,"A",,"A",554,"D",554,"D",554,"D",.,"A",.,"A",.,"A",2000,"D",.,"A","KIAAG","D",,"A","2012","D"
"20132",2651005,9,0,"5","01","D","105","D","2010","D",.,"A",36,"D","01","D",301,"D","3","D",.,"A",.,"A",.,"A",.,"A",,"A",301,"D",301,"D",301,"D",.,"A",.,"A",.,"A",.,"A",.,"A","TOYAF","D",,"A","2010","D"
"20132",2651482,18,0,"5","01","D","105","D","2011","D",.,"A",36,"D","12","D",260,"D","3","D",.,"A",.,"A",.,"A",.,"A","01","D",260,"D",.,"A",.,"A",.,"A",.,"A",.,"A",.,"A",.,"A","CHEAS","D",,"A","2010","D"
"20132",2651482,19,0,"5","02","D","105","D","2010","D",.,"A",36,"D","12","D",300,"D","3","D",.,"A",.,"A",2000,"D",.,"A",,"A",300,"D",300,"D",300,"D",.,"A",.,"A",.,"A",2000,"D",.,"A","DODAC","D",,"A","2010","D"
"20132",2651482,20,0,"1","03","D","105","D","2013","D",.,"A",39,"D","01","D",236,"D","3","D",.,"A",.,"A",.,"A",.,"A",,"A",236,"D",236,"D",236,"D",.,"A",.,"A",.,"A",.,"A",.,"A","CHEBP","D",,"A","2013","D"
"20132",2651582,14,0,"1","01","D","105","D","2013","D",.,"A",0,"D","01","D",217,"D","3","D",.,"A",.,"A",.,"A",.,"A","01","D",217,"D",.,"A",.,"A",.,"A",.,"A",.,"A",.,"A",.,"A","TOYAB","D","2013","D","2007","D"
"20132",2651592,20,0,"5","01","D","105","D","2011","D",.,"A",36,"D","02","D",200,"D","3","D",.,"A",.,"A",.,"A",.,"A",,"A",200,"D",200,"D",200,"D",.,"A",.,"A",.,"A",.,"A",.,"A","HONAB","D",,"A","2011","D"
"20132",2651592,21,0,"5","02","D","105","D","2012","D",.,"A",3,"D","07","D",250,"D","3","D",.,"A",.,"A",.,"A",.,"A",,"A",250,"D",250,"D",250,"D",.,"A",.,"A",.,"A",.,"A",.,"A","HYUAE","D",,"A","2012","D"
"20132",2652162,7,0,"1","01","D","105","D","2004","D",.,"A",.,"B","04","D",325,"D","3","D",.,"A",.,"A",500,"D",.,"A",,"A",.,"A",.,"A",.,"A",.,"A",.,"A",.,"A",500,"D",.,"A","KIAAG","D",,"A","2013","D"
"20132",2652202,11,0,"1","01","D","105","D","2013","D",.,"A",36,"D","05","D",477,"D","3","D",.,"A",.,"A",3507,"D",.,"A",,"A",.,"A",.,"A",.,"A",.,"A",.,"A",.,"A",3507,"D",.,"A","XXXXX","D",,"A","2013","D"
"20132",2652312,5,0,"5","01","D","105","D","2007","D",.,"A",.,"C","07","F",.,"C",,"C",.,"A",.,"A",.,"A",.,"A",,"A",350,"F",350,"F",350,"F",.,"A",.,"A",.,"A",.,"A",.,"A","TOYAF","D",,"A","2011","F"
"20132",2653372,16,0,"5","01","D","105","D","2006","D",.,"A",36,"D","11","D",300,"D","3","D",.,"A",.,"A",1500,"D",.,"A",,"A",300,"D",300,"D",300,"D",.,"A",.,"A",.,"A",1500,"D",.,"A","FORBJ","D",,"A","2012","D"
"20132",2653392,17,0,"1","01","D","105","D","2012","D",.,"A",36,"D","10","D",395,"D","3","D",.,"A",.,"A",.,"A",.,"A",,"A",395,"D",395,"D",395,"D",.,"A",.,"A",.,"A",.,"A",.,"A","TOYAC","D",,"A","2012","D"
"20132",2653532,13,0,"5","01","D","105","D","2010","D",.,"A",36,"D","06","F",250,"D","3","D",.,"A",.,"C",.,"C",.,"A",,"A",250,"D",250,"D",250,"D",.,"A",.,"A",.,"A",.,"B",.,"A","CHEAS","D",,"A","2010","D"
"20132",2654022,16,0,"1","01","D","105","D","2013","D",.,"A",36,"D","01","D",170,"D","3","D",.,"A",.,"A",.,"A",.,"A",,"A",170,"D",170,"D",170,"D",.,"A",.,"A",.,"A",.,"A",.,"A","TOYAF","D",,"A","2013","D"
"20132",2654912,22,0,"5","01","D","105","D","2013","D",0.5,"D",24,"D","01","D",1500,"D","3","D",.,"A",.,"A",.,"A",.,"A",,"A",1500,"D",1500,"D",1500,"D",.,"A",.,"A",.,"A",.,"A",.,"A","MRBAY","D",,"A","2013","D"
"20132",2655472,11,0,"5","01","D","105","D","2012","D",.,"A",36,"D","09","D",.,"C","3","D",.,"A",.,"A",.,"A",.,"A",,"A",375,"F",375,"F",375,"F",.,"A",.,"A",.,"A",.,"A",.,"A","ACUAI","D",,"A","2012","D"
"20132",2655652,26,0,"5","01","D","105","D","2012","D",.,"A",39,"D","10","D",189,"D","3","D",.,"A",3000,"D",.,"A",.,"A",,"A",189,"D",189,"D",189,"D",.,"A",.,"A",.,"A",.,"A",.,"A","NISAN","D",,"A","2012","D"
"20132",2655692,10,0,"5","01","D","105","D","2010","D",.,"A",36,"D","10","F",480,"D","3","D",.,"A",.,"A",.,"A",.,"A",,"A",480,"D",480,"D",480,"D",.,"A",.,"A",.,"A",.,"A",.,"A","HONAG","D",,"A","2010","D"
"20132",2655692,11,0,"5","02","D","105","D","2012","D",.,"A",36,"D","09","F",400,"D","3","D",.,"A",.,"A",.,"A",.,"A",,"A",400,"D",400,"D",400,"D",.,"A",.,"A",.,"A",.,"A",.,"A","HONAA","D",,"A","2012","D"
"20132",2655705,21,0,"5","01","D","105","D","2011","D",.,"A",34,"D","03","D",350,"D","3","D",.,"A",1000,"D",.,"A",.,"A",,"A",350,"D",350,"D",350,"D",.,"A",.,"A",.,"A",.,"A",.,"A","ACUAL","D",,"A","2010","D"
"20132",2656732,11,0,"5","01","D","105","D","2004","D",.,"A",36,"D","11","D",350,"D","3","D",.,"A",.,"A",500,"D",.,"A",,"A",350,"D",350,"D",350,"D",.,"A",.,"A",.,"A",500,"D",.,"A","SUZAK","D",,"A","2011","D"
"20132",2657452,12,0,"5","01","D","105","D","2012","D",.,"A",72,"D","12","D",520,"D","3","D",.,"A",.,"A",.,"A",.,"A",,"A",520,"D",520,"D",520,"D",45,"D",45,"D",45,"D",.,"A",.,"A","CHEBS","D",,"A","2012","D"
"20132",2657592,7,0,"5","01","D","105","D","2011","D",.,"A",36,"D","03","D",.,"C","3","D",.,"A",.,"C",.,"A",.,"A",,"A",450,"F",450,"F",450,"F",.,"A",.,"A",.,"A",.,"A",.,"A","DODAC","D",,"A","2011","D"
"20132",2657642,27,0,"1","01","D","105","D","2013","D",.,"A",36,"D","01","D",425,"D","3","D",.,"A",.,"A",.,"A",.,"A",,"A",425,"D",425,"D",425,"D",.,"A",.,"A",.,"A",.,"A",.,"A","FORAM","D",,"A","2013","D"
"20132",2657952,18,0,"5","01","D","105","D","2012","D",0.5,"D",36,"D","03","D",315,"D","3","D",.,"A",.,"A",.,"A",.,"A",,"A",315,"D",315,"D",315,"D",.,"A",.,"A",.,"A",.,"A",.,"A","VOKAK","D",,"A","2012","D"
"20132",2659582,18,0,"5","01","D","105","D","2011","D",.,"A",36,"D","07","D",167,"D","3","D",.,"A",.,"A",3000,"D",.,"A",,"A",167,"D",167,"D",167,"D",.,"A",.,"A",.,"A",3000,"D",.,"A","HYUAB","D",,"A","2011","D"
"20132",2659582,19,0,"5","02","D","105","D","2011","D",.,"A",36,"D","07","D",167,"D","3","D",.,"A",.,"A",.,"A",.,"A",,"A",167,"D",167,"D",167,"D",.,"A",.,"A",.,"A",.,"A",.,"A","HYUAB","D",,"A","2011","D"
"20132",2659692,16,0,"5","01","D","105","D","2013","D",.,"A",60,"D","06","D",225,"D","3","D",.,"A",.,"A",.,"A",.,"A",,"A",225,"D",225,"D",225,"D",.,"A",.,"A",.,"A",.,"A",.,"A","TOYAF","D",,"A","2012","D"
"20132",2659692,17,0,"5","02","D","105","D","2007","D",.,"A",72,"D","08","D",456,"D","3","D",.,"A",.,"A",.,"A",.,"A",,"A",456,"D",456,"D",456,"D",.,"A",.,"A",.,"A",.,"A",.,"A","NISAS","D",,"A","2007","D"
"20132",2659942,20,0,"5","01","D","105","D","2004","D",.,"A",14,"D","10","D",200,"D","3","D",.,"A",.,"A",7000,"D",.,"A","02","D",200,"D",.,"A",.,"A",.,"A",.,"A",.,"A",7000,"D",.,"A","TOYAF","D",,"A","2011","D"
"20132",2659975,18,0,"5","01","D","105","D","2011","D",.,"A",60,"D","08","F",489,"D","3","D",.,"A",.,"A",5000,"D",.,"A",,"A",489,"D",489,"D",489,"D",.,"A",.,"A",.,"A",5000,"D",.,"A","BMWXX","D",,"A","2012","D"
"20132",2660182,30,0,"5","01","D","105","D","2010","D",.,"A",3,"D","07","D",416,"D","3","D",.,"A",.,"A",.,"A",.,"A","03","D",416,"D",416,"D",.,"A",.,"A",.,"A",.,"A",.,"A",.,"A","TOYAN","D",,"A","2010","D"
"20132",2660182,31,0,"1","02","D","105","D","2013","D",.,"A",36,"D","04","D",412,"D","3","D",.,"A",.,"A",.,"A",.,"A",,"A",.,"A",.,"A",412,"D",.,"A",.,"A",.,"A",.,"A",.,"A","TOYAN","D",,"A","2013","D"
"20132",2660792,11,0,"5","01","D","105","D","2007","D",.,"A",60,"D","05","D",907,"D","3","D",.,"A",.,"A",500,"D",.,"A","04","D",907,"D",907,"D",907,"D",.,"A",.,"A",.,"A",500,"D",.,"A","NISAT","D",,"A","2007","D"
"20132",2661392,12,0,"5","01","D","105","D","2006","D",.,"A",60,"D","11","D",269,"D","3","D",.,"A",.,"A",.,"A",.,"A",,"A",269,"D",269,"D",269,"D",.,"A",.,"A",.,"A",.,"A",.,"A","JEEAD","D",,"A","2012","D"
"20132",2661712,32,0,"5","01","D","105","D","2012","D",.,"A",36,"D","04","D",650,"D","3","D",.,"A",.,"A",.,"C",.,"A",,"A",650,"D",650,"D",650,"D",.,"A",.,"A",.,"A",.,"B",.,"A","AUDAH","D",,"A","2012","D"
"20132",2662822,11,0,"5","01","D","105","D","2010","D",0.99,"D",36,"D","02","F",2800,"D","3","D",.,"A",.,"A",200,"D",.,"A",,"A",2800,"D",2800,"D",2800,"D",.,"A",.,"A",.,"A",200,"D",.,"A","NISAD","D",,"A","2012","D"
"20132",2663282,9,0,"5","01","D","105","D","2013","D",.,"A",.,"C","03","D",3100,"D","3","D",.,"A",.,"A",.,"A",.,"A",,"A",.,"A",.,"A",.,"A",.,"A",.,"A",.,"A",.,"A",.,"A","BENAD","D",,"A","2013","D"
"20132",2664192,12,0,"1","01","D","105","D","2013","D",.,"A",36,"D","04","D",175,"D","3","D",.,"A",7000,"D",.,"A",.,"A",,"A",.,"A",.,"A",175,"D",.,"A",.,"A",.,"A",.,"A",.,"A","SUBAC","D",,"A","2013","D"
"20132",2664362,15,0,"1","01","D","105","D","2012","D",.,"A",36,"D","04","D",348,"D","3","D",.,"A",.,"A",985,"D",.,"A",,"A",.,"A",.,"A",348,"D",.,"A",.,"A",.,"A",985,"D",.,"A","NISAJ","D",,"A","2013","D"
"20132",2664722,12,0,"5","01","D","105","D","2012","D",.,"A",36,"D","12","D",240,"D","3","D",.,"A",500,"D",3000,"D",.,"A",,"A",240,"D",240,"D",240,"D",.,"A",.,"A",.,"A",3000,"D",.,"A","NISAN","D",,"A","2012","D"
"20132",2665892,18,0,"5","01","D","105","D","2010","D",.,"A",36,"D","05","D",269,"D","3","D",.,"A",.,"A",1200,"D",.,"A",,"A",269,"D",269,"D",269,"D",.,"A",.,"A",.,"A",1200,"D",.,"A","TOYAC","D",,"A","2010","D"
"20132",2665892,19,0,"5","02","D","105","D","2009","D",.,"A",60,"D","04","D",470,"D","3","D",.,"A",3000,"D",.,"A",.,"A",,"A",470,"D",470,"D",470,"D",.,"A",.,"A",.,"A",.,"A",.,"A","HONAI","D",,"A","2009","D"
"20132",2666702,15,0,"5","01","D","105","D","2010","D",.,"A",36,"D","07","D",360,"D","3","D",.,"A",.,"A",.,"A",.,"A",,"A",360,"D",360,"D",360,"D",.,"A",.,"A",.,"A",.,"A",.,"A","FORAW","D",,"A","2011","D"
"20132",2666882,17,0,"5","01","D","105","D","2011","D",.,"A",36,"D","04","D",248,"D","3","D",.,"A",.,"A",.,"A",.,"A",,"A",248,"D",248,"D",248,"D",.,"A",.,"A",.,"A",.,"A",.,"A","KIAAL","D",,"A","2011","D"
"20132",2667122,26,0,"5","01","D","105","D","2011","D",.,"A",36,"D","05","D",346,"D","3","D",.,"A",.,"A",.,"A",.,"A",,"A",346,"D",346,"D",346,"D",.,"A",.,"A",.,"A",.,"A",.,"A","TOYAU","D",,"A","2011","D"
"20132",2667192,9,0,"5","01","D","105","D","2013","D",.,"A",60,"D","02","D",450,"D","3","D",.,"A",.,"A",.,"C",.,"A",,"A",450,"D",450,"D",450,"D",.,"A",.,"A",.,"A",2000,"F",.,"A","MRBXX","D",,"A","2013","D"
"20132",2668452,14,0,"5","01","D","105","D","2013","D",.,"A",42,"D","10","D",658,"D","3","D",.,"A",.,"A",.,"A",.,"A",,"A",658,"D",658,"D",658,"D",.,"A",.,"A",.,"A",.,"A",.,"A","AUDAX","D",,"A","2012","D"
"20132",2668902,23,0,"5","01","D","105","D","2011","D",.,"A",36,"D","04","D",250,"D","3","D",.,"A",3000,"D",.,"A",.,"A",,"A",250,"D",250,"D",250,"D",.,"A",.,"A",.,"A",.,"A",.,"A","TOYAC","D",,"A","2011","D"
"20132",2669362,13,0,"5","01","D","105","D","2012","D",.,"A",36,"D","01","D",381,"D","3","D",.,"A",.,"A",.,"A",.,"A",,"A",381,"D",381,"D",381,"D",.,"A",.,"A",.,"A",.,"A",.,"A","HONAB","D",,"A","2011","D"
"20132",2669792,27,0,"5","01","D","105","D","2011","D",.,"A",36,"D","10","D",365,"D","3","D",.,"A",.,"A",.,"A",.,"A",,"A",365,"D",365,"D",365,"D",40,"D",40,"D",40,"D",.,"A",.,"A","TOYAF","D",,"A","2011","D"
"20132",2670552,11,0,"1","01","D","105","D","2006","D",.,"A",26,"D","08","D",270,"D","3","D",.,"A",.,"A",1500,"D",.,"A",,"A",270,"D",270,"D",270,"D",.,"A",.,"A",.,"A",1500,"D",.,"A","CHEAP","D",,"A","2012","D"
"20132",2670552,12,0,"1","02","D","105","D","1998","D",.,"A",48,"D","12","D",200,"D","3","D",.,"A",.,"A",1000,"D",.,"A",,"A",200,"D",200,"D",200,"D",.,"A",.,"A",.,"A",1000,"D",.,"A","DODAJ","D",,"A","2012","D"
"20132",2670662,24,0,"5","01","D","105","D","2013","D",.,"A",36,"D","12","D",373,"D","3","D",.,"A",.,"A",10000,"D",.,"A",,"A",373,"D",373,"D",373,"D",.,"A",.,"A",.,"A",10000,"D",.,"A","LEXAK","D",,"A","2012","D"
"20132",2670842,23,0,"5","01","D","105","D","2012","D",.,"A",36,"D","03","D",559,"D","3","D",.,"A",.,"A",515,"D",.,"A",,"A",559,"D",559,"D",559,"D",.,"A",.,"A",.,"A",515,"D",.,"A","FORAM","D",,"A","2012","D"
"20132",2671492,14,0,"5","01","D","105","D","2012","D",.,"A",39,"D","04","D",210,"D","3","D",.,"A",6000,"D",.,"A",.,"A",,"A",210,"D",210,"D",210,"D",.,"A",.,"A",.,"A",.,"A",.,"A","CHEBT","D",,"A","2012","D"
"20132",2671732,15,0,"5","01","D","105","D","2011","D",.,"A",36,"D","02","D",274,"D","3","D",.,"A",.,"A",4000,"D",.,"A",,"A",274,"D",274,"D",274,"D",.,"A",.,"A",.,"A",4000,"D",.,"A","HONXX","D",,"A","2011","D"
"20132",2671912,14,0,"5","01","D","105","D","2012","D",.,"A",42,"D","05","D",386,"D","3","D",.,"A",.,"A",.,"A",.,"A",,"A",386,"D",386,"D",386,"D",.,"A",.,"A",.,"A",.,"A",.,"A","HONAB","D",,"A","2012","D"
"20132",2672802,20,0,"1","01","D","105","D","2012","D",.,"A",60,"D","08","D",.,"C","3","D",.,"A",.,"A",.,"A",.,"A",,"A",480,"F",480,"F",480,"F",.,"A",.,"A",.,"A",.,"A",.,"A","TOYAC","D",,"A","2012","D"
"20132",2674242,3,0,"5","01","D","105","D","2010","D",.,"A",.,"C","09","F",350,"D","3","D",.,"A",.,"A",.,"A",.,"A",,"A",350,"D",350,"D",350,"D",.,"A",.,"A",.,"A",.,"A",.,"A","SAAXX","D",,"A","2012","F"
"20132",2674482,12,0,"5","01","D","105","D","2002","D",.,"A",39,"D","12","D",169,"D","3","D",.,"A",.,"A",4000,"D",.,"A",,"A",169,"D",169,"D",169,"D",.,"A",.,"A",.,"A",4000,"D",.,"A","CHEBT","D",,"A","2011","D"
"20132",2674632,20,0,"5","01","D","105","D","2011","D",.,"A",36,"D","08","D",208,"D","3","D",.,"A",.,"A",.,"A",.,"A",,"A",208,"D",208,"D",208,"D",.,"A",.,"A",.,"A",.,"A",.,"A","HONAA","D",,"A","2011","D"
"20132",2674752,22,0,"5","01","D","105","D","2011","D",.,"A",24,"D","06","D",530,"D","3","D",.,"A",.,"A",1200,"D",.,"A",,"A",530,"D",530,"D",530,"D",.,"A",.,"A",.,"A",1200,"D",.,"A","MRBAY","D",,"A","2012","D"
"20132",2675342,16,0,"1","01","D","105","D","2002","D",0.2,"D",36,"D","06","D",305,"D","3","D",.,"A",.,"A",2000,"D",1000,"D",,"A",.,"A",.,"A",.,"A",.,"A",.,"A",.,"A",1000,"D",.,"A","MRBXX","D",,"A","2013","D"
"20132",2675512,14,0,"1","01","D","105","D","2013","D",.,"A",36,"D","05","D",370,"D","3","D",.,"A",.,"A",.,"A",.,"A",,"A",.,"A",.,"A",370,"D",.,"A",.,"A",.,"A",.,"A",.,"A","BUIAG","D",,"A","2013","D"
"20132",2675922,13,0,"1","01","D","105","D","2012","D",.,"A",60,"D","05","D",50,"D","3","D",.,"A",.,"A",1600,"D",.,"A",,"A",.,"A",.,"A",50,"D",.,"A",.,"A",.,"A",1600,"D",.,"A","HONAB","D",,"A","2013","D"
"20132",2677032,17,0,"5","01","D","105","D","2010","D",.,"A",36,"D","10","D",300,"D","3","D",.,"A",.,"A",5000,"D",.,"A",,"A",300,"D",300,"D",300,"D",.,"A",.,"A",.,"A",5000,"D",.,"A","VOKAI","D",,"A","2011","D"
"20132",2677892,5,0,"5","01","D","105","D",,"C",.,"A",.,"C","04","F",.,"C","3","D",.,"A",.,"A",.,"A",.,"A",,"A",413,"F",413,"F",413,"F",.,"A",.,"A",.,"A",.,"A",.,"A","CADXX","D",,"A","2009","F"
"20132",2677932,14,0,"5","01","D","105","D","2008","D",.,"A",60,"D","06","D",500,"D","3","D",.,"A",.,"A",.,"A",.,"A",,"A",500,"D",500,"D",500,"D",.,"A",.,"A",.,"A",.,"A",.,"A","TOYAT","D",,"A","2008","D"
"20132",2678772,14,0,"5","01","D","105","D","2010","D",.,"A",36,"D","04","F",.,"B","3","D",.,"A",.,"A",.,"A",.,"A",,"A",310,"F",310,"F",310,"F",.,"A",.,"A",.,"A",.,"A",.,"A","INFAO","D",,"A","2012","F"
"20132",2678892,19,0,"1","01","D","105","D","2012","D",.,"A",36,"D","02","D",242,"D","3","D",.,"A",.,"A",.,"A",.,"A",,"A",242,"D",242,"D",242,"D",.,"A",.,"A",.,"A",.,"A",.,"A","HONAA","D",,"A","2012","D"
"20132",2679052,15,0,"5","01","D","105","D","2012","D",.,"A",36,"D","03","D",360,"D","3","D",.,"A",.,"A",.,"A",.,"A",,"A",360,"D",360,"D",360,"D",.,"A",.,"A",.,"A",.,"A",.,"A","TOYAC","D",,"A","2012","D"
"20132",2700383,17,0,"1","01","D","105","D","2004","D",.,"A",72,"D","05","D",359,"D","3","D",.,"A",.,"A",.,"A",.,"A",,"A",359,"D",359,"D",359,"D",.,"A",.,"A",.,"A",.,"A",.,"A","GMCXX","D",,"A","2011","D"
"20132",2704593,4,0,"1","01","D","105","D",,"C",.,"A",.,"C","02","F",376,"D",,"C",.,"A",.,"A",.,"A",.,"A",,"A",376,"D",376,"D",376,"D",.,"A",.,"A",.,"A",.,"A",.,"A",,"A",,"A","2012","F"
"20132",2712815,15,0,"1","01","D","105","D","2006","D",.,"A",.,"B","01","D",249,"D","3","D",.,"A",.,"A",.,"C",.,"A",,"A",249,"D",249,"D",249,"D",.,"A",.,"A",.,"A",.,"B",.,"A","DODAD","D",,"A","2013","D"
"20132",2712825,12,0,"1","01","D","105","D","2013","D",0.5,"D",36,"D","04","D",350,"D","3","D",175,"D",.,"A",2500,"D",.,"A",,"A",.,"A",175,"D",175,"D",.,"A",.,"A",.,"A",2500,"D",.,"A","LEXAI","D",,"A","2013","D"
"20133",2579445,25,0,"5","01","D","105","D","2012","D",.,"A",36,"D","06","D",280,"D","3","D",.,"A",.,"A",.,"A",.,"A",,"A",280,"D",280,"D",280,"D",.,"A",.,"A",.,"A",.,"A",.,"A","HONAC","D",,"A","2012","D"
"20133",2579445,26,0,"5","02","D","105","D","2012","D",.,"A",36,"D","06","D",190,"D","3","D",.,"A",.,"A",.,"A",.,"A",,"A",190,"D",190,"D",190,"D",.,"A",.,"A",.,"A",.,"A",.,"A","HONAB","D",,"A","2012","D"
"20133",2580775,22,0,"5","01","D","105","D","2011","D",.,"A",36,"D","07","D",235,"D","3","D",.,"A",2000,"D",.,"A",.,"A","04","D",235,"D",.,"A",.,"A",.,"A",.,"A",.,"A",.,"A",.,"A","FORBC","D",,"A","2010","D"
"20133",2581595,13,0,"5","01","D","105","D","2005","D",.,"A",48,"D","02","D",350,"D","3","D",.,"A",.,"A",1000,"D",.,"A",,"A",350,"D",350,"D",350,"D",100,"D",100,"D",100,"D",1000,"D",.,"A","TOYAF","D",,"A","2011","D"
"20133",2582595,34,0,"5","01","D","105","D","2012","D",.,"A",36,"D","06","D",155,"D","3","D",.,"A",.,"A",400,"D",.,"A",,"A",155,"D",155,"D",155,"D",.,"A",.,"A",.,"A",400,"D",.,"A","HONAB","D",,"A","2012","D"
"20133",2583705,24,0,"5","01","D","105","D","2013","D",.,"A",39,"D","01","D",.,"B","3","D",.,"A",.,"A",4000,"D",.,"A",,"A",240,"F",240,"F",240,"F",.,"A",.,"A",.,"A",4000,"D",.,"A","BMWAA","D",,"A","2013","D"
"20133",2584375,10,0,"5","01","D","105","D","2010","D",.,"A",35,"D","04","D",413,"D","3","D",.,"A",.,"A",.,"A",.,"A",,"A",413,"D",413,"D",413,"D",.,"A",.,"A",.,"A",.,"A",.,"A","DODBK","D",,"A","2010","D"
"20133",2584555,15,0,"5","01","D","105","D","2011","D",.,"A",36,"D","09","F",1100,"D","3","D",.,"A",.,"A",.,"A",.,"A",,"A",1100,"D",1100,"D",1100,"D",.,"A",.,"A",.,"A",.,"A",.,"A","CADAG","D",,"A","2011","D"
"20133",2584555,16,0,"5","02","D","105","D","2012","D",.,"A",36,"D","11","D",700,"D","3","D",.,"A",.,"A",.,"A",.,"A",,"A",700,"D",700,"D",700,"D",.,"A",.,"A",.,"A",.,"A",.,"A","NISBA","D",,"A","2011","D"
"20133",2584865,14,0,"1","01","D","105","D","2013","D",.,"A",36,"D","07","D",352,"D","3","D",.,"A",.,"A",1600,"D",.,"A",,"A",.,"A",.,"A",.,"A",.,"A",.,"A",.,"A",1600,"D",.,"A","TOYAX","D",,"A","2013","D"
"20133",2585105,9,0,"5","01","D","105","D","2012","D",.,"A",39,"D","07","D",.,"C","3","D",.,"A",.,"A",.,"A",.,"A",,"A",211,"F",211,"F",211,"F",.,"A",.,"A",.,"A",.,"A",.,"A","CHRAS","D",,"A","2012","D"
"20133",2585305,15,0,"5","01","D","105","D","2012","D",.,"A",36,"D","05","D",335,"D","3","D",.,"A",.,"A",.,"A",.,"A",,"A",335,"D",335,"D",335,"D",.,"A",.,"A",.,"A",.,"A",.,"A","TOYAC","D",,"A","2012","D"
"20133",2587065,42,0,"1","01","D","105","D","2014","D",.,"A",36,"D","06","D",340,"D","3","D",.,"A",.,"A",1500,"D",.,"A",,"A",.,"A",.,"A",340,"D",.,"A",.,"A",15,"D",1500,"D",.,"A","CHEAP","D",,"A","2013","D"
"20133",2587175,39,0,"5","01","D","105","D","2012","D",.,"A",36,"D","03","D",498,"D","3","D",.,"A",2500,"D",.,"A",.,"A",,"A",498,"D",498,"D",498,"D",.,"A",.,"A",.,"A",.,"A",.,"A","DODBK","D",,"A","2012","D"
"20133",2587255,12,0,"5","01","D","105","D","2012","D",.,"A",24,"D","08","D",.,"C","3","D",.,"A",.,"C",.,"A",.,"A",,"A",410,"F",410,"F",410,"F",.,"A",.,"A",.,"A",.,"A",.,"A","FORBC","D",,"A","2011","D"
"20133",2588515,5,0,"5","01","D","105","D","2013","D",.,"A",36,"D","11","D",350,"D","3","D",.,"A",.,"A",.,"A",.,"A",,"A",350,"D",350,"D",350,"D",.,"A",.,"A",.,"A",.,"A",.,"A","INFAN","D",,"A","2012","D"
"20133",2589145,16,0,"5","01","D","105","D","2011","D",.,"A",27,"D","06","D",355,"D","3","D",.,"A",4000,"D",4000,"D",.,"A","06","D",355,"D",355,"D",355,"D",.,"A",.,"A",.,"A",4000,"D",.,"A","BMWAA","D",,"A","2011","D"
"20133",2589145,17,0,"5","02","D","105","D","2011","D",.,"A",36,"D","06","D",256,"D","3","D",.,"A",4000,"D",.,"A",.,"A",,"A",256,"D",256,"D",256,"D",.,"A",.,"A",.,"A",.,"A",.,"A","MINXX","D",,"A","2011","D"
"20133",2589145,18,0,"1","03","D","105","D","2013","D",.,"A",36,"D","06","D",250,"D","3","D",.,"A",.,"A",3000,"D",.,"A",,"A",.,"A",.,"A",250,"D",.,"A",.,"A",.,"A",3000,"D",.,"A","MINAA","D",,"A","2013","D"
"20133",2589255,25,0,"5","01","D","105","D","2008","D",.,"A",72,"D","02","D",370,"D","3","D",.,"A",2200,"D",5000,"D",.,"A",,"A",370,"D",370,"D",370,"D",.,"A",.,"A",.,"A",5000,"D",.,"A","FORBK","D",,"A","2011","D"
"20133",2589415,19,0,"5","01","D","105","D","2012","D",.,"A",48,"D","04","D",466,"D","3","D",.,"A",.,"A",.,"A",.,"A",,"A",466,"D",466,"D",466,"D",.,"A",.,"A",.,"A",.,"A",.,"A","BUIAG","D",,"A","2012","D"
"20133",2589725,19,0,"5","01","D","105","D","2002","D",.,"A",36,"D","02","D",302,"D","3","D",.,"A",.,"A",2000,"D",.,"A",,"A",302,"D",302,"D",302,"D",.,"A",.,"A",.,"A",2000,"D",.,"A","FORAM","D",,"A","2012","D"
"20133",2590415,9,0,"5","01","D","105","D","2010","D",.,"A",60,"D","03","D",340,"D","3","D",.,"A",.,"A",5000,"D",.,"A","05","D",340,"D",.,"A",.,"A",.,"A",.,"A",.,"A",5000,"D",.,"A","CHEBS","D",,"A","2013","D"
"20133",2590675,22,0,"5","01","D","105","D","2012","D",.,"A",36,"D","01","D",1807,"D","3","D",.,"A",.,"A",.,"A",.,"A",,"A",1807,"D",1807,"D",1807,"D",.,"A",.,"A",.,"A",.,"A",.,"A","BMWAB","D",,"A","2012","D"
"20133",2590675,23,0,"5","02","D","105","D","2012","D",.,"A",36,"D","01","D",858,"D","3","D",.,"A",.,"A",3000,"D",.,"A",,"A",858,"D",858,"D",858,"D",.,"A",.,"A",.,"A",3000,"D",.,"A","BMWAD","D",,"A","2012","D"
"20133",2590915,9,0,"5","01","D","105","D","2012","D",.,"A",36,"D","08","D",200,"D","3","D",.,"A",.,"A",.,"A",.,"A",,"A",200,"D",200,"D",200,"D",.,"A",.,"A",.,"A",.,"A",.,"A","CHEAS","D",,"A","2012","D"
"20133",2592245,14,0,"5","01","D","105","D","2010","D",.,"A",.,"C","12","F",.,"C","3","D",.,"A",.,"A",.,"A",.,"A",,"A",360,"F",360,"F",360,"F",.,"A",.,"A",.,"A",.,"A",.,"A","TOYAN","D",,"A","2010","D"
"20133",2592415,22,0,"5","01","D","105","D","2012","D",.,"A",36,"D","04","D",750,"D","3","D",.,"A",.,"A",.,"A",.,"A",,"A",750,"D",750,"D",750,"D",.,"A",.,"A",.,"A",.,"A",.,"A","INFAN","D",,"A","2012","D"
"20133",2593185,21,0,"5","01","D","105","D","2012","D",0.7,"D",39,"D","03","D",1850,"D","3","D",.,"A",.,"A",.,"A",.,"A",,"A",1850,"D",1850,"D",1850,"D",.,"A",.,"A",.,"A",.,"A",.,"A","MRBAJ","D",,"A","2012","D"
"20133",2593305,22,0,"5","01","D","105","D","2012","D",.,"A",36,"D","11","D",375,"D","3","D",.,"A",.,"A",.,"A",.,"A",,"A",375,"D",375,"D",375,"D",.,"A",.,"A",.,"A",.,"A",.,"A","HONAA","D",,"A","2011","D"
"20133",2594805,25,0,"5","01","D","105","D","2011","D",.,"A",36,"D","08","D",500,"D","3","D",.,"A",.,"A",.,"A",.,"A",,"A",500,"D",500,"D",500,"D",10,"D",10,"D",10,"D",.,"A",.,"A","HONAI","D",,"A","2011","D"
"20133",2596455,17,0,"5","01","D","105","D","2011","D",.,"A",36,"D","01","D",335,"D","3","D",.,"A",.,"A",.,"A",.,"A","07","D",335,"D",335,"D",335,"D",.,"A",.,"A",.,"A",.,"A",.,"A","CHEAS","D",,"A","2011","D"
"20133",2598005,15,0,"5","01","D","105","D","2013","D",0.7,"D",36,"D","06","D",237,"D","3","D",.,"A",5500,"D",.,"A",.,"A",,"A",237,"D",237,"D",237,"D",.,"A",.,"A",.,"A",.,"A",.,"A","MAZAT","D",,"A","2012","D"
"20133",2598215,18,0,"5","01","D","105","D","2010","D",0.8,"D",36,"D","04","D",870,"D","3","D",.,"A",.,"A",.,"A",.,"A",,"A",870,"D",870,"D",870,"D",.,"A",.,"A",.,"A",.,"A",.,"A","LEXAH","D",,"A","2010","D"
"20133",2598355,11,0,"5","01","D","105","D","2012","D",.,"A",39,"D","08","D",249,"D","3","D",.,"A",.,"A",.,"A",.,"A",,"A",249,"D",249,"D",249,"D",.,"A",.,"A",.,"A",.,"A",.,"A","NISAD","D",,"A","2012","D"
"20133",2600155,19,0,"5","02","D","105","D","2012","D",.,"A",24,"D","12","D",283,"D","3","D",.,"A",.,"A",3000,"D",.,"A",,"A",283,"D",283,"D",283,"D",.,"A",.,"A",.,"A",3000,"D",.,"A","FORBA","D",,"A","2012","D"
"20133",2600275,6,0,"5","01","D","105","D","2007","D",.,"A",60,"D","03","D",331,"D","3","D",.,"A",.,"A",1500,"D",.,"A",,"A",331,"D",331,"D",331,"D",.,"A",.,"A",.,"A",1500,"D",.,"A","CHEAP","D",,"A","2011","D"
"20133",2601085,33,0,"5","01","D","105","D","2011","D",.,"A",24,"D","11","D",457,"D","3","D",.,"A",.,"A",5000,"D",.,"A",,"A",457,"D",457,"D",457,"D",.,"A",.,"A",.,"A",5000,"D",.,"A","MRBAY","D",,"A","2011","D"
"20133",2601395,13,0,"5","01","D","105","D","2011","D",.,"A",48,"D","09","D",650,"D","3","D",.,"A",.,"A",2000,"D",.,"A",,"A",650,"D",650,"D",650,"D",.,"A",.,"A",.,"A",2000,"D",.,"A","GMCAM","D",,"A","2011","D"
"20133",2601395,14,0,"5","02","D","105","D","2012","D",.,"A",36,"D","02","D",575,"D","3","D",.,"A",1500,"D",.,"A",.,"A",,"A",575,"D",575,"D",575,"D",.,"A",.,"A",.,"A",.,"A",.,"A","VOVAH","D",,"A","2012","D"
"20133",2601755,18,0,"5","01","D","105","D","2010","D",.,"A",24,"D","11","D",370,"D","3","D",.,"A",.,"A",.,"A",.,"A",,"A",370,"D",370,"D",370,"D",.,"A",.,"A",.,"A",.,"A",.,"A","TOYAN","D",,"A","2011","D"
"20133",2601755,19,0,"1","02","D","105","D","2013","D",.,"A",36,"D","08","D",425,"D","3","D",.,"A",.,"A",850,"D",.,"A",,"A",.,"A",.,"A",425,"D",.,"A",.,"A",.,"A",850,"D",.,"A","TOYAO","D",,"A","2013","D"
"20133",2601895,20,0,"5","01","D","105","D","2012","D",.,"A",36,"D","02","D",240,"D","3","D",.,"A",.,"A",.,"A",.,"A",,"A",240,"D",240,"D",240,"D",.,"A",.,"A",.,"A",.,"A",.,"A","MAZAP","D",,"A","2012","D"
"20133",2602605,19,0,"5","01","D","105","D","2012","D",.,"A",36,"D","06","D",225,"D","3","D",.,"A",.,"A",.,"A",.,"A",,"A",225,"D",225,"D",225,"D",.,"A",.,"A",.,"A",.,"A",.,"A","KIAAG","D",,"A","2012","D"
"20133",2602875,30,0,"5","02","D","105","D","2013","D",.,"A",36,"D","05","D",777,"D","3","D",.,"A",.,"C",.,"A",.,"A",,"A",777,"D",777,"D",777,"D",1,"D",1,"D",1,"D",.,"A",.,"A","INFXX","D",,"A","2013","D"
"20133",2602935,10,0,"5","01","D","105","D","2012","D",.,"A",72,"D","08","D",201,"D","3","D",.,"A",14000,"D",.,"A",.,"A","08","D",201,"D",201,"D",201,"D",.,"A",.,"A",.,"A",.,"A",.,"A","HONAB","D",,"A","2011","D"
"20133",2603605,25,0,"1","01","D","105","D","2013","D",.,"A",60,"D","07","D",152,"D","3","D",.,"A",1400,"D",10200,"D",.,"A",,"A",.,"A",152,"D",152,"D",.,"A",.,"A",.,"A",10200,"D",.,"A","TOYAF","D",,"A","2013","D"
"20133",2605645,5,0,"1","01","D","105","D",,"C",.,"A",.,"C","02","F",300,"D","3","D",.,"A",.,"A",.,"A",.,"A",,"A",300,"D",300,"D",300,"D",.,"A",.,"A",.,"A",.,"A",.,"A","MINAA","D",,"A","2011","F"
"20133",2605785,9,0,"5","01","D","105","D","2012","D",.,"A",39,"D","03","D",548,"D","3","D",.,"A",6000,"D",3000,"D",.,"A",,"A",548,"D",548,"D",548,"D",.,"A",.,"A",.,"A",3000,"D",.,"A","CADAM","D",,"A","2012","D"
"20133",2606485,18,0,"5","01","D","105","D","2013","D",.,"A",36,"D","11","D",175,"D","3","D",.,"A",.,"A",5369,"D",.,"A",,"A",175,"D",175,"D",175,"D",.,"A",.,"A",.,"A",5369,"D",.,"A","DODBM","D",,"A","2012","D"
"20133",2607835,8,0,"5","01","D","105","D","2010","D",0.25,"D",42,"D","04","D",325,"D","3","D",.,"A",.,"A",.,"A",.,"A",,"A",325,"D",325,"D",325,"D",.,"A",.,"A",.,"A",.,"A",.,"A","MAZAT","D",,"A","2010","D"
"20133",2608395,42,0,"5","01","D","105","D","2010","D",.,"A",39,"D","08","D",249,"D","3","D",.,"A",.,"A",.,"A",.,"A","08","D",249,"D",249,"D",249,"D",.,"A",.,"A",.,"A",.,"A",.,"A","NISAD","D",,"A","2010","D"
"20133",2608535,5,0,"1","01","D","105","D","2013","D",.,"A",39,"D","09","D",535,"D","3","D",.,"A",16000,"D",1500,"D",.,"A",,"A",535,"D",535,"D",535,"D",.,"A",.,"A",.,"A",1500,"D",.,"A","FORAM","D",,"A","2012","D"
"20133",2609175,14,0,"5","01","D","105","D","2010","D",.,"A",36,"D","02","D",1000,"D","3","D",.,"A",.,"A",.,"A",.,"A",,"A",1000,"D",1000,"D",1000,"D",.,"A",.,"A",.,"A",.,"A",.,"A","FORBA","D",,"A","2010","D"
"20133",2610175,7,0,"5","01","D","105","D","2003","D",.,"A",48,"D","08","F",.,"C","3","D",.,"A",8000,"D",.,"A",.,"A",,"A",167,"F",167,"F",167,"F",.,"A",.,"A",.,"A",.,"A",.,"A","SATAG","D",,"A","2003","D"
"20133",2610175,8,0,"5","02","D","105","D","2004","D",.,"A",60,"D","11","D",550,"D","3","D",.,"A",11000,"D",.,"A",.,"A",,"A",550,"D",550,"D",550,"D",.,"A",.,"A",.,"A",.,"A",.,"A","DODBF","D",,"A","2004","D"
"20133",2610275,15,0,"1","01","D","105","D","2013","D",.,"A",36,"D","07","D",189,"D","3","D",.,"A",.,"A",5000,"D",.,"A",,"A",.,"A",189,"D",189,"D",.,"A",.,"A",.,"A",5000,"D",.,"A","HYUAB","D",,"A","2013","D"
"20133",2611035,26,0,"5","01","D","105","D","2011","D",.,"A",39,"D","12","D",678,"D","3","D",.,"A",.,"A",.,"A",.,"A",,"A",678,"D",678,"D",678,"D",.,"A",.,"A",.,"A",.,"A",.,"A","ACUAI","D",,"A","2010","D"
"20133",2611035,27,0,"5","02","D","105","D","2012","D",.,"A",36,"D","10","D",750,"D","3","D",.,"A",.,"A",.,"A",.,"A",,"A",750,"D",750,"D",750,"D",.,"A",.,"A",.,"A",.,"A",.,"A","JAGAF","D",,"A","2011","D"
"20133",2612035,13,0,"5","01","D","105","D","2011","D",.,"A",48,"D","11","D",500,"D","3","D",.,"A",.,"A",15000,"D",.,"A",,"A",500,"D",500,"D",500,"D",.,"A",.,"A",.,"A",15000,"D",.,"A","TOYBA","D",,"A","2011","D"
"20133",2612515,8,0,"5","01","D","105","D","2012","D",0.6,"D",12,"D","01","D",300,"D","3","D",.,"A",.,"A",.,"A",.,"A",,"A",300,"D",300,"D",300,"D",.,"A",.,"A",.,"A",.,"A",.,"A","FORAO","D",,"A","2012","D"
"20133",2613064,19,0,"5","01","D","105","D","2011","D",.,"A",36,"D","02","F",684,"D","3","D",.,"A",.,"A",.,"A",.,"A",,"A",684,"D",684,"D",684,"D",.,"A",.,"A",.,"A",.,"A",.,"A","GMCAO","D",,"A","2011","D"
"20133",2613064,20,0,"5","02","D","105","D","2007","D",.,"A",36,"D","07","F",289,"D","3","D",.,"A",.,"A",.,"A",.,"A",,"A",289,"D",289,"D",289,"D",.,"A",.,"A",.,"A",.,"A",.,"A","LEXAG","D",,"A","2011","D"
"20133",2613684,20,0,"5","01","D","105","D","2007","D",.,"A",72,"D","12","F",369,"D","3","D",.,"A",.,"A",.,"A",.,"A",,"A",369,"D",369,"D",369,"D",.,"A",.,"A",.,"A",.,"A",.,"A","PONAW","D",,"A","2006","D"
"20133",2613704,14,0,"5","01","D","105","D","2013","D",.,"A",39,"D","02","D",335,"D","3","D",.,"A",8000,"D",.,"A",.,"A",,"A",335,"D",335,"D",335,"D",.,"A",.,"A",.,"A",.,"A",.,"A","CADAL","D",,"A","2013","D"
"20133",2614784,19,0,"5","01","D","105","D","2011","D",.,"A",36,"D","03","D",300,"D","3","D",.,"A",.,"A",1400,"D",.,"A",,"A",300,"D",300,"D",300,"D",.,"A",.,"A",.,"A",1400,"D",.,"A","CADAM","D",,"A","2011","D"
"20133",2614924,19,0,"5","01","D","105","D","2010","D",.,"A",39,"D","02","D",350,"D","3","D",.,"A",.,"A",3000,"D",.,"A",,"A",350,"D",350,"D",350,"D",.,"A",.,"A",.,"A",3000,"D",.,"A","HYUAM","D",,"A","2010","D"
"20133",2615674,7,0,"5","01","D","105","D","2012","D",.,"A",24,"D","03","D",.,"C","3","D",.,"A",.,"C",.,"A",.,"A",,"A",440,"F",440,"F",440,"F",.,"A",.,"A",.,"A",.,"A",.,"A","NISAD","D",,"A","2012","D"
"20133",2615724,24,0,"5","02","D","105","D","2013","D",.,"A",36,"D","04","D",329,"D","3","D",.,"A",.,"A",.,"A",.,"A",,"A",329,"D",329,"D",329,"D",.,"A",.,"A",.,"A",.,"A",.,"A","HONAI","D",,"A","2013","D"
"20133",2615884,16,0,"5","01","D","105","D","2005","D",.,"A",36,"D","10","D",340,"D","3","D",.,"A",.,"A",2000,"D",.,"A",,"A",340,"D",340,"D",340,"D",.,"A",.,"A",.,"A",2000,"D",.,"A","CHEAP","D",,"A","2010","D"
"20133",2615904,16,0,"5","01","D","105","D","2012","D",.,"A",24,"D","08","D",600,"D","3","D",.,"A",.,"A",.,"A",.,"A",,"A",600,"D",600,"D",600,"D",.,"A",.,"A",.,"A",.,"A",.,"A","MRBAU","D",,"A","2012","D"
"20133",2615944,21,0,"5","01","D","105","D","2007","D",0.9,"D",36,"D","06","F",249,"D","3","D",.,"A",.,"A",.,"A",.,"A",,"A",249,"D",249,"D",249,"D",.,"A",.,"A",.,"A",.,"A",.,"A","FORBA","D",,"A","2010","D"
"20133",2616334,15,0,"5","01","D","105","D","2011","D",.,"A",36,"D","03","D",762,"D","3","D",.,"A",.,"A",.,"A",.,"A",,"A",762,"D",762,"D",762,"D",.,"A",.,"A",.,"A",.,"A",.,"A","ACUAI","D",,"A","2011","D"
"20133",2616374,20,0,"1","01","D","105","D","2009","D",.,"A",.,"C","12","F",.,"C",,"C",.,"A",.,"A",.,"A",.,"A",,"A",220,"F",220,"F",220,"F",.,"A",.,"A",.,"A",.,"A",.,"A","CHEAS","D",,"A","2009","F"
"20133",2616704,18,0,"5","02","D","105","D","2013","D",.,"A",12,"D","03","D",329,"D","3","D",.,"A",.,"A",.,"A",.,"A",,"A",329,"D",329,"D",329,"D",.,"A",.,"A",.,"A",.,"A",.,"A","BUIAS","D",,"A","2013","D"
"20133",2617104,33,0,"5","01","D","105","D","2010","D",.,"A",48,"D","04","D",1250,"D","3","D",.,"A",.,"A",.,"A",.,"A",,"A",1250,"D",1250,"D",1250,"D",.,"A",.,"A",.,"A",.,"A",.,"A","LEXAC","D",,"A","2010","D"
"20133",2617214,12,0,"1","01","D","105","D","2011","D",.,"A",36,"D","12","D",580,"D","3","D",.,"A",.,"A",.,"A",.,"A",,"A",580,"D",580,"D",580,"D",.,"A",.,"A",.,"A",.,"A",.,"A","BMWAA","D",,"A","2011","D"
"20133",2617284,15,0,"5","01","D","105","D","2010","D",.,"A",48,"D","05","D",400,"D","3","D",.,"A",.,"A",.,"A",.,"A",,"A",400,"D",400,"D",400,"D",.,"A",.,"A",.,"A",.,"A",.,"A","LANAC","D",,"A","2010","D"
"20133",2617284,16,0,"5","02","D","105","D","2010","D",.,"A",48,"D","02","D",700,"D","3","D",.,"A",.,"A",2000,"D",.,"A",,"A",700,"D",700,"D",700,"D",.,"A",.,"A",.,"A",2000,"D",.,"A","BMWAA","D",,"A","2010","D"
"20133",2617284,17,0,"5","03","D","105","D","2010","D",.,"A",48,"D","09","D",430,"D","3","D",.,"A",.,"A",4000,"D",.,"A",,"A",430,"D",430,"D",430,"D",.,"A",.,"A",.,"A",4000,"D",.,"A","AUDAY","D",,"A","2010","D"
"20133",2618054,3,0,"5","01","D","105","D","2010","D",.,"A",36,"D","08","F",.,"C","3","D",.,"A",.,"A",.,"A",.,"A",,"A",388,"F",388,"F",388,"F",.,"A",.,"A",.,"A",.,"A",.,"A","VOVAQ","D",,"A","2010","D"
"20133",2619214,14,0,"5","01","D","105","D","2013","D",.,"A",12,"D","12","D",231,"D","3","D",.,"A",.,"A",.,"A",.,"A",,"A",.,"A",.,"A",.,"A",.,"A",.,"A",.,"A",.,"A",.,"A","MRBAA","D",,"A","2013","D"
"20133",2619384,12,0,"5","01","D","105","D","2010","D",.,"A",36,"D","09","D",156,"D","3","D",.,"A",.,"A",2500,"D",.,"A",,"A",156,"D",156,"D",156,"D",.,"A",.,"A",.,"A",2500,"D",.,"A","MAZAA","D",,"A","2012","D"
"20133",2620094,25,0,"5","01","D","105","D","2012","D",.,"A",36,"D","02","D",225,"D","3","D",.,"A",.,"A",.,"A",.,"A",,"A",225,"D",225,"D",225,"D",80,"D",80,"D",80,"D",.,"A",.,"A","HONAA","D",,"A","2012","D"
"20133",2620834,16,0,"5","01","D","105","D","2010","D",.,"A",48,"D","08","D",412,"D","3","D",.,"A",.,"A",.,"A",.,"A",,"A",412,"D",412,"D",412,"D",.,"A",.,"A",.,"A",.,"A",.,"A","CHEBP","D",,"A","2010","D"
"20133",2622774,17,0,"5","01","D","105","D","2010","D",.,"A",48,"D","06","D",440,"D","3","D",.,"A",.,"A",.,"A",.,"A",,"A",440,"D",440,"D",440,"D",.,"A",.,"A",.,"A",.,"A",.,"A","HONAB","D",,"A","2011","D"
"20133",2623514,17,0,"5","01","D","105","D","2011","D",.,"A",36,"D","04","D",172,"D","3","D",.,"A",.,"A",5000,"D",.,"A",,"A",172,"D",172,"D",172,"D",.,"A",.,"A",.,"A",5000,"D",.,"A","SUBAF","D",,"A","2011","D"
"20133",2624414,15,0,"5","01","D","105","D","2008","D",.,"A",72,"D","05","D",657,"D","3","D",.,"A",.,"A",3000,"D",.,"A",,"A",657,"D",657,"D",657,"D",.,"A",.,"A",.,"A",3000,"D",.,"A","CHEAZ","D",,"A","2008","D"
"20133",2624444,24,0,"5","01","D","105","D","2010","D",.,"A",36,"D","08","D",415,"D","3","D",.,"A",4500,"D",.,"A",.,"A",,"A",415,"D",415,"D",415,"D",.,"A",.,"A",.,"A",.,"A",.,"A","ACUAK","D",,"A","2010","D"
"20133",2625034,26,0,"5","01","D","105","D","2011","D",.,"A",39,"D","05","D",279,"D","3","D",.,"A",.,"A",.,"A",.,"A",,"A",279,"D",279,"D",279,"D",.,"A",.,"A",.,"A",.,"A",.,"A","NISAD","D",,"A","2011","D"
"20133",2625654,21,0,"5","01","D","105","D","2012","D",.,"A",36,"D","08","D",250,"D","3","D",.,"A",.,"A",.,"A",.,"A",,"A",250,"D",250,"D",250,"D",200,"D",200,"D",200,"D",.,"A",.,"A","HONAB","D",,"A","2012","D"
"20133",2625944,18,0,"5","01","D","105","D","2012","D",.,"A",39,"D","06","D",450,"D","3","D",.,"A",.,"A",.,"A",.,"A",,"A",450,"D",450,"D",450,"D",.,"A",.,"A",.,"A",.,"A",.,"A","AUDAG","D",,"A","2012","D"
"20133",2626424,17,0,"5","01","D","105","D","2010","D",.,"A",36,"D","04","D",250,"D","3","D",.,"A",.,"A",.,"A",.,"A",,"A",250,"D",250,"D",250,"D",.,"A",.,"A",.,"A",.,"A",.,"A","HONAA","D",,"A","2010","D"
"20133",2626424,19,0,"5","03","D","105","D","2013","D",.,"A",24,"D","03","D",260,"D","3","D",.,"A",.,"C",.,"A",.,"A",,"A",260,"D",260,"D",260,"D",.,"A",.,"A",.,"A",.,"A",.,"A","HONAA","D",,"A","2013","D"
"20133",2626724,14,0,"5","01","D","105","D","2011","D",.,"A",48,"D","07","D",347,"D","3","D",.,"A",.,"A",.,"A",.,"A",,"A",347,"D",347,"D",347,"D",.,"A",.,"A",.,"A",.,"A",.,"A","HYUAE","D",,"A","2011","D"
"20133",2626724,15,0,"1","02","D","105","D","2013","D",.,"A",36,"D","05","D",320,"D","3","D",.,"A",.,"A",1000,"D",.,"A",,"A",320,"D",320,"D",320,"D",.,"A",.,"A",.,"A",1000,"D",.,"A","HYUAB","D",,"A","2013","D"
"20133",2626784,13,0,"5","01","D","105","D","2011","D",.,"A",36,"D","03","D",264,"D","3","D",.,"A",.,"A",.,"A",.,"A",,"A",264,"D",264,"D",264,"D",.,"A",.,"A",.,"A",.,"A",.,"A","FORBJ","D",,"A","2011","D"
"20133",2626954,28,0,"5","02","D","105","D","2010","D",.,"A",42,"D","07","D",340,"D","3","D",.,"A",.,"A",.,"A",.,"A","07","D",340,"D",340,"D",340,"D",.,"A",.,"A",.,"A",.,"A",.,"A","SUBAF","D",,"A","2010","D"
"20133",2626954,29,0,"5","03","D","105","D","2013","D",.,"A",36,"D","11","D",420,"D","3","D",.,"A",.,"A",.,"A",.,"A",,"A",420,"D",420,"D",420,"D",55,"D",55,"D",55,"D",.,"A",.,"A","TOYBA","D",,"A","2012","D"
"20133",2627224,22,0,"5","01","D","105","D","2012","D",.,"A",60,"D","02","D",440,"D","3","D",.,"A",.,"A",.,"A",.,"A",,"A",440,"D",440,"D",440,"D",.,"A",.,"A",.,"A",.,"A",.,"A","DODAX","D",,"A","2013","D"
"20133",2627254,16,0,"5","01","D","105","D","2011","D",.,"A",36,"D","07","D",419,"D","3","D",.,"A",.,"A",2000,"D",.,"A","07","D",419,"D",419,"D",419,"D",.,"A",.,"A",.,"A",2000,"D",.,"A","TOYAC","D",,"A","2010","D"
"20133",2627294,24,0,"5","01","D","105","D","1992","D",.,"A",.,"C","06","F",.,"C","8","D",.,"A",.,"A",.,"A",.,"A","07","D",350,"F",350,"F",350,"F",100,"F",100,"F",100,"F",.,"A",.,"A","FORAS","D",,"A","2011","F"
"20133",2627294,25,0,"5","02","D","105","D","2006","D",.,"A",60,"D","07","D",180,"D","3","D",.,"A",.,"A",.,"A",.,"A",,"A",180,"D",180,"D",180,"D",.,"A",.,"A",.,"A",.,"A",.,"A","DODAJ","D",,"A","2012","D"
"20133",2627294,26,0,"5","03","D","105","D","2004","D",.,"A",.,"C","11","F",.,"B","8","D",.,"A",.,"A",.,"A",.,"A",,"A",300,"F",300,"F",300,"F",.,"A",.,"A",.,"A",.,"A",.,"A","HYUAE","D",,"A","2012","F"
"20133",2627294,27,0,"5","04","D","105","D","2004","D",.,"A",.,"C","03","F",.,"B","8","D",.,"A",.,"A",.,"A",.,"A",,"A",283,"F",283,"F",283,"F",.,"A",.,"A",.,"A",.,"A",.,"A","PONAG","D",,"A","2011","F"
"20133",2627814,25,0,"1","01","D","105","D","2011","D",.,"A",48,"D","05","D",424,"D","3","D",.,"A",.,"A",3500,"D",.,"A",,"A",424,"D",424,"D",424,"D",.,"A",.,"A",.,"A",3500,"D",.,"A","CHEAE","D",,"A","2011","D"
"20133",2628754,18,0,"5","01","D","105","D","2012","D",.,"A",24,"D","04","D",280,"D","3","D",.,"A",.,"A",.,"A",.,"A",,"A",280,"D",280,"D",280,"D",.,"A",.,"A",.,"A",.,"A",.,"A","FORBC","D",,"A","2012","D"
"20133",2630454,13,0,"5","01","D","105","D","2011","D",.,"A",60,"D","10","D",387,"D","3","D",.,"A",.,"A",.,"C",.,"A",,"A",387,"D",387,"D",387,"D",.,"A",.,"A",.,"A",.,"B",.,"A","TOYAC","D",,"A","2011","D"
"20133",2630664,7,0,"5","01","D","105","D","2002","D",.,"A",36,"D","01","D",400,"D","3","D",.,"A",.,"A",1500,"D",.,"A","06","D",400,"D",400,"D",.,"A",.,"A",.,"A",.,"A",1500,"D",.,"A","CHEBE","D",,"A","2009","D"
"20133",2631814,17,0,"5","01","D","105","D","2012","D",.,"A",36,"D","10","D",317,"D","3","D",.,"A",.,"A",.,"A",.,"A",,"A",317,"D",317,"D",317,"D",.,"A",.,"A",.,"A",.,"A",.,"A","HONAB","D",,"A","2011","D"
"20133",2632574,18,0,"5","01","D","105","D","2011","D",.,"A",39,"D","06","D",467,"D","3","D",.,"A",2000,"D",.,"A",.,"A",,"A",467,"D",467,"D",467,"D",.,"A",.,"A",.,"A",.,"A",.,"A","BUIAN","D",,"A","2011","D"
"20133",2632574,19,0,"5","02","D","105","D","2012","D",.,"A",36,"D","10","D",362,"D","3","D",.,"A",.,"A",1900,"D",.,"A",,"A",362,"D",362,"D",362,"D",.,"A",.,"A",.,"A",1900,"D",.,"A","HONAA","D",,"A","2012","D"
"20133",2633964,5,0,"5","01","D","105","D","2008","D",.,"A",72,"D","02","D",317,"D","3","D",.,"A",.,"A",3500,"D",.,"A",,"A",317,"D",317,"D",317,"D",.,"A",.,"A",.,"A",3500,"D",.,"A","CHEAP","D",,"A","2012","D"
"20133",2634064,34,0,"5","01","D","105","D","2011","D",.,"A",36,"D","06","D",60,"D","3","D",.,"A",.,"A",.,"A",.,"A",,"A",60,"D",60,"D",60,"D",.,"A",.,"A",.,"A",.,"A",.,"A","HONAJ","D",,"A","2010","D"
"20133",2634424,13,0,"5","01","D","105","D","2011","D",.,"A",36,"D","12","F",211,"D","3","D",.,"A",.,"A",.,"A",.,"A",,"A",211,"D",211,"D",211,"D",.,"A",.,"A",.,"A",.,"A",.,"A","NISAW","D",,"A","2011","F"
"20133",2635134,16,0,"5","01","D","105","D","2000","D",.,"A",12,"D","02","D",6500,"D","3","D",.,"A",.,"A",.,"A",.,"A",,"A",6500,"D",6500,"D",6500,"D",.,"A",.,"A",.,"A",.,"A",.,"A","BUIAD","D",,"A","2009","D"
"20133",2636544,25,0,"5","01","D","105","D","2013","D",.,"A",36,"D","04","D",360,"D","3","D",.,"A",10000,"D",3500,"D",.,"A",,"A",360,"D",360,"D",360,"D",.,"A",.,"A",.,"A",3500,"D",.,"A","JEEAD","D",,"A","2013","D"
"20133",2638114,14,0,"5","01","D","105","D","2013","D",.,"A",39,"D","02","D",315,"D","3","D",.,"A",2000,"D",1000,"D",.,"A",,"A",315,"D",315,"D",315,"D",.,"A",.,"A",.,"A",1000,"D",.,"A","FORBJ","D",,"A","2013","D"
"20133",2638204,7,0,"5","01","D","105","D","2012","D",.,"A",36,"D","06","D",599,"D","3","D",.,"A",.,"A",.,"A",.,"A",,"A",599,"D",599,"D",599,"D",.,"A",.,"A",.,"A",.,"A",.,"A","LEXAH","D",,"A","2012","D"
"20133",2638294,16,0,"1","01","D","105","D","2014","D",.,"A",1,"D","07","D",.,"B","8","D",.,"A",.,"A",22000,"D",.,"A",,"A",.,"A",.,"A",.,"A",.,"A",.,"A",.,"A",22000,"D",.,"A","ACUAI","D",,"A","2013","D"
"20133",2638474,7,0,"5","01","D","105","D","2004","D",.,"A",48,"D","09","F",325,"D","3","D",.,"A",.,"A",2500,"D",.,"A",,"A",325,"D",325,"D",325,"D",.,"A",.,"A",.,"A",2500,"D",.,"A","PONAG","D",,"A","2010","D"
"20133",2639024,26,0,"1","01","D","105","D","2002","D",.,"A",72,"D","07","D",320,"D","3","D",.,"A",.,"A",300,"D",.,"A",,"A",.,"A",320,"D",320,"D",.,"A",70,"D",70,"D",300,"D",.,"A","BUIAA","D",,"A","2013","D"
"20133",2639734,3,0,"5","01","D","105","D","1995","D",.,"A",12,"D","02","D",150,"D","3","D",.,"A",.,"A",.,"A",.,"A",,"A",150,"D",150,"D",150,"D",.,"A",.,"A",.,"A",.,"A",.,"A","PONAF","D",,"A","2012","D"
"20133",2639894,13,0,"5","01","D","105","D","2012","D",.,"A",36,"D","03","D",550,"D","3","D",.,"A",.,"A",6000,"D",.,"A",,"A",550,"D",550,"D",550,"D",.,"A",.,"A",.,"A",6000,"D",.,"A","BMWAA","D",,"A","2012","D"
"20133",2640824,13,0,"5","01","D","105","D","2012","D",.,"A",36,"D","07","F",.,"C","3","D",.,"A",.,"A",.,"A",.,"A",,"A",777,"F",777,"F",777,"F",1,"F",1,"F",1,"F",.,"A",.,"A","MRBXX","D",,"A","2012","D"
"20133",2641034,18,0,"5","02","D","105","D","2013","D",.,"A",36,"D","01","D",657,"D","3","D",.,"A",.,"A",.,"A",.,"A",,"A",657,"D",657,"D",657,"D",.,"A",.,"A",.,"A",.,"A",.,"A","ACUAI","D",,"A","2013","D"
"20133",2641194,29,0,"5","01","D","105","D","2010","D",0.5,"D",38,"D","12","D",700,"D","3","D",.,"A",.,"A",3500,"D",.,"A",,"A",700,"D",700,"D",700,"D",.,"A",.,"A",.,"A",3500,"D",.,"A","MRBAJ","D",,"A","2011","D"
"20133",2643094,22,0,"5","01","D","105","D","2011","D",.,"A",36,"D","12","D",360,"D","3","D",.,"A",.,"A",.,"A",.,"A",,"A",360,"D",360,"D",360,"D",.,"A",.,"A",.,"A",.,"A",.,"A","VOKAU","D",,"A","2011","D"
"20133",2644984,13,0,"5","01","D","105","D","2011","D",.,"A",36,"D","01","D",400,"D","3","D",.,"A",.,"A",.,"A",.,"A",,"A",400,"D",400,"D",400,"D",.,"A",.,"A",.,"A",.,"A",.,"A","NISAG","D",,"A","2011","D"
"20133",2645534,24,0,"5","01","D","105","D","2013","D",.,"A",.,"C","04","D",420,"D","3","D",.,"A",.,"A",3000,"D",.,"A",,"A",420,"D",420,"D",420,"D",.,"A",.,"A",.,"A",3000,"D",.,"A","ACUXX","D",,"A","2013","D"
"20133",2646114,23,0,"5","01","D","105","D","2009","D",0.8,"D",48,"D","09","D",554,"D","3","D",.,"A",.,"A",.,"A",.,"A",,"A",554,"D",554,"D",554,"D",.,"A",.,"A",.,"A",.,"A",.,"A","VOVAQ","D",,"A","2010","D"
"20133",2646114,24,0,"1","02","D","105","D","2013","D",0.8,"D",36,"D","08","D",568,"D","3","D",.,"A",.,"A",.,"A",.,"A",,"A",.,"A",.,"A",568,"D",.,"A",.,"A",.,"A",.,"A",.,"A","LANAH","D",,"A","2013","D"
"20133",2646494,12,0,"5","02","D","105","D","2013","D",.,"A",39,"D","03","D",240,"D","3","D",.,"A",.,"A",.,"A",.,"A",,"A",240,"D",240,"D",240,"D",.,"A",.,"A",.,"A",.,"A",.,"A","NISAW","D",,"A","2013","D"
"20133",2646564,18,0,"1","01","D","105","D","2013","D",.,"A",.,"C","09","D",259,"D","3","D",.,"A",.,"A",3000,"D",.,"A",,"A",.,"A",.,"A",.,"A",.,"A",.,"A",.,"A",3000,"D",.,"A","TOYAF","D",,"A","2013","D"
"20133",2647593,22,0,"5","01","D","105","D","2012","D",.,"A",39,"D","07","D",292,"D","3","D",.,"A",.,"A",2500,"D",.,"A",,"A",292,"D",292,"D",292,"D",.,"A",.,"A",.,"A",2500,"D",.,"A","JEEAI","D",,"A","2012","D"
"20133",2647773,33,0,"5","01","D","105","D","2013","D",.,"A",39,"D","06","D",224,"D","3","D",.,"A",6500,"D",.,"A",.,"A",,"A",224,"D",224,"D",224,"D",.,"A",.,"A",.,"A",.,"A",.,"A","VOKAW","D",,"A","2012","D"
"20133",2648013,10,0,"5","01","D","105","D","2010","D",.,"A",36,"D","04","F",173,"D","3","D",.,"A",.,"A",.,"A",.,"A",,"A",173,"D",173,"D",173,"D",.,"A",.,"A",.,"A",.,"A",.,"A","KIAAD","D",,"A","2012","D"
"20133",2648583,16,0,"5","01","D","105","D","2013","D",.,"A",24,"D","09","D",.,"C","3","D",.,"A",.,"C",.,"C",.,"A",,"A",420,"F",420,"F",420,"F",55,"F",55,"F",55,"F",.,"B",.,"A","NISAD","D",,"A","2012","D"
"20133",2648583,17,0,"5","02","D","105","D","2010","D",.,"A",39,"D","06","F",.,"C","3","D",.,"A",.,"A",.,"A",.,"A",,"A",321,"F",321,"F",321,"F",.,"A",.,"A",.,"A",.,"A",.,"A","NISAF","D",,"A","2010","D"
"20133",2648783,22,0,"5","01","D","105","D","2011","D",.,"A",36,"D","11","D",577,"D","3","D",.,"A",.,"A",.,"A",.,"A",,"A",577,"D",577,"D",577,"D",.,"A",.,"A",.,"A",.,"A",.,"A","TOYAC","D",,"A","2010","D"
"20133",2648963,10,0,"5","01","D","105","D","2011","D",.,"A",36,"D","09","D",450,"D","3","D",.,"A",.,"A",2000,"D",.,"A",,"A",450,"D",450,"D",450,"D",50,"D",50,"D",50,"D",2000,"D",.,"A","TOYAO","D",,"A","2010","D"
"20133",2649963,21,0,"5","01","D","105","D","2013","D",.,"A",48,"D","01","D",339,"D","3","D",.,"A",4000,"D",24000,"D",.,"A",,"A",339,"D",339,"D",339,"D",.,"A",.,"A",.,"A",24000,"D",.,"A","HYUAE","D",,"A","2013","D"
"20133",2650413,22,0,"5","01","D","105","D","2010","D",.,"A",60,"D","09","D",330,"D","3","D",.,"A",6000,"D",2000,"D",.,"A",,"A",330,"D",330,"D",330,"D",.,"A",.,"A",.,"A",2000,"D",.,"A","TOYAN","D",,"A","2010","D"
"20133",2650413,23,0,"5","02","D","105","D","2011","D",.,"A",60,"D","12","D",330,"D","3","D",.,"A",.,"A",2000,"D",.,"A",,"A",330,"D",330,"D",330,"D",.,"A",.,"A",.,"A",2000,"D",.,"A","TOYAF","D",,"A","2011","D"
"20133",2650443,16,0,"5","01","D","105","D","2012","D",.,"A",39,"D","09","D",316,"D","3","D",.,"A",.,"A",1000,"D",.,"A",,"A",316,"D",316,"D",316,"D",.,"A",.,"A",.,"A",1000,"D",.,"A","BUIAN","D",,"A","2012","D"
"20133",2650493,20,0,"5","01","D","105","D","2011","D",.,"A",36,"D","10","D",433,"D","3","D",.,"A",.,"A",1000,"D",.,"A",,"A",433,"D",433,"D",433,"D",.,"A",.,"A",.,"A",1000,"D",.,"A","TOYAC","D",,"A","2011","D"
"20133",2650803,23,0,"5","01","D","105","D","2012","D",0.2,"D",36,"D","08","D",554,"D","3","D",.,"A",1000,"D",2000,"D",.,"A",,"A",554,"D",554,"D",554,"D",.,"A",.,"A",.,"A",2000,"D",.,"A","KIAAG","D",,"A","2012","D"
"20133",2651483,19,0,"5","02","D","105","D","2010","D",.,"A",36,"D","12","D",300,"D","3","D",.,"A",.,"A",2000,"D",.,"A",,"A",300,"D",300,"D",300,"D",.,"A",.,"A",.,"A",2000,"D",.,"A","DODAC","D",,"A","2010","D"
"20133",2651483,20,0,"5","03","D","105","D","2013","D",.,"A",39,"D","01","D",236,"D","3","D",.,"A",.,"A",.,"A",.,"A",,"A",236,"D",236,"D",236,"D",.,"A",.,"A",.,"A",.,"A",.,"A","CHEBP","D",,"A","2013","D"
"20133",2651593,14,0,"5","01","D","105","D","2011","D",.,"A",36,"D","02","D",200,"D","3","D",.,"A",.,"A",.,"A",.,"A",,"A",200,"D",200,"D",200,"D",.,"A",.,"A",.,"A",.,"A",.,"A","HONAB","D",,"A","2011","D"
"20133",2651593,15,0,"5","02","D","105","D","2012","D",.,"A",3,"D","07","D",250,"D","3","D",.,"A",.,"A",.,"A",.,"A",,"A",250,"D",250,"D",250,"D",.,"A",.,"A",.,"A",.,"A",.,"A","HYUAE","D",,"A","2012","D"
"20133",2651873,12,0,"1","01","D","105","D","2011","D",.,"A",36,"D","02","D",326,"D","3","D",.,"A",.,"A",1800,"D",.,"A",,"A",326,"D",326,"D",326,"D",.,"A",.,"A",.,"A",1800,"D",.,"A","CHEAS","D",,"A","2011","D"
"20133",2652203,15,0,"5","01","D","105","D","2013","D",.,"A",36,"D","05","D",477,"D","3","D",.,"A",.,"A",3507,"D",.,"A",,"A",.,"A",477,"D",477,"D",.,"A",.,"A",.,"A",3507,"D",.,"A","XXXXX","D",,"A","2013","D"
"20133",2653373,6,0,"5","01","D","105","D","2006","D",.,"A",36,"D","11","D",300,"D","3","D",.,"A",.,"A",1500,"D",.,"A",,"A",300,"D",300,"D",300,"D",.,"A",.,"A",.,"A",1500,"D",.,"A","FORBJ","D",,"A","2012","D"
"20133",2653393,12,0,"5","01","D","105","D","2012","D",.,"A",36,"D","10","D",395,"D","3","D",.,"A",.,"A",.,"A",.,"A",,"A",395,"D",395,"D",395,"D",.,"A",.,"A",.,"A",.,"A",.,"A","TOYAC","D",,"A","2012","D"
"20133",2653533,9,0,"5","01","D","105","D","2010","D",.,"A",36,"D","03","F",250,"D","3","D",.,"A",.,"C",.,"C",.,"A",,"A",250,"D",250,"D",250,"D",.,"A",.,"A",.,"A",.,"B",.,"A","CHEAS","D",,"A","2010","D"
"20133",2654023,14,0,"5","01","D","105","D","2013","D",.,"A",36,"D","01","D",170,"D","3","D",.,"A",.,"A",.,"A",.,"A",,"A",170,"D",170,"D",170,"D",.,"A",.,"A",.,"A",.,"A",.,"A","TOYAF","D",,"A","2013","D"
"20133",2654023,15,0,"1","02","D","105","D","2013","D",.,"A",36,"D","07","D",335,"D","3","D",.,"A",12000,"D",.,"A",.,"A",,"A",.,"A",.,"A",.,"A",.,"A",.,"A",.,"A",.,"A",.,"A","FORAO","D",,"A","2013","D"
"20133",2654363,5,0,"1","01","D","105","D","2013","D",.,"A",24,"D","05","D",500,"D","3","D",.,"A",.,"A",.,"A",.,"A",,"A",.,"A",500,"D",500,"D",.,"A",.,"A",.,"A",.,"A",.,"A","LINAD","D",,"A","2013","D"
"20133",2654913,23,0,"5","01","D","105","D","2013","D",0.5,"D",24,"D","01","D",1500,"D","3","D",.,"A",.,"A",.,"A",.,"A",,"A",1500,"D",1500,"D",1500,"D",.,"A",.,"A",.,"A",.,"A",.,"A","MRBAY","D",,"A","2013","D"
"20133",2655083,32,0,"5","01","D","105","D","2011","D",.,"A",36,"D","05","D",890,"D","3","D",890,"D",.,"A",.,"A",.,"A",,"A",0,"D",0,"D",0,"D",.,"A",.,"A",.,"A",.,"A",.,"A","BMWAM","D",,"A","2011","D"
"20133",2655083,33,0,"1","02","D","105","D","2013","D",.,"A",39,"D","07","D",875,"D","3","D",.,"A",.,"A",3800,"D",.,"A",,"A",.,"A",.,"A",.,"A",.,"A",.,"A",.,"A",3800,"D",.,"A","GMCAM","D",,"A","2013","D"
"20133",2655473,13,0,"5","01","D","105","D","2012","D",.,"A",36,"D","09","D",.,"C","3","D",.,"A",.,"A",.,"A",.,"A",,"A",642,"F",642,"F",642,"F",.,"A",.,"A",.,"A",.,"A",.,"A","ACUAI","D",,"A","2012","D"
"20133",2655653,27,0,"5","01","D","105","D","2012","D",.,"A",39,"D","10","D",189,"D","3","D",.,"A",3000,"D",.,"A",.,"A",,"A",189,"D",189,"D",189,"D",.,"A",.,"A",.,"A",.,"A",.,"A","NISAN","D",,"A","2012","D"
"20133",2655693,11,0,"5","01","D","105","D","2010","D",.,"A",36,"D","02","F",480,"D","3","D",.,"A",.,"A",.,"A",.,"A",,"A",480,"D",480,"D",480,"D",.,"A",.,"A",.,"A",.,"A",.,"A","HONAG","D",,"A","2010","D"
"20133",2655693,12,0,"5","02","D","105","D","2012","D",.,"A",36,"D","04","F",400,"D","3","D",.,"A",.,"A",.,"A",.,"A",,"A",400,"D",400,"D",400,"D",.,"A",.,"A",.,"A",.,"A",.,"A","HONAA","D",,"A","2012","D"
"20133",2657453,11,0,"5","01","D","105","D","2012","D",.,"A",72,"D","12","D",520,"D","3","D",.,"A",.,"A",.,"A",.,"A",,"A",520,"D",520,"D",520,"D",45,"D",45,"D",45,"D",.,"A",.,"A","CHEBS","D",,"A","2012","D"
"20133",2657643,30,0,"5","01","D","105","D","2013","D",.,"A",36,"D","01","D",425,"D","3","D",.,"A",.,"A",.,"A",.,"A",,"A",425,"D",425,"D",425,"D",.,"A",.,"A",.,"A",.,"A",.,"A","FORAM","D",,"A","2013","D"
"20133",2657953,24,0,"5","01","D","105","D","2012","D",0.5,"D",36,"D","03","D",315,"D","3","D",.,"A",.,"A",.,"A",.,"A",,"A",315,"D",315,"D",315,"D",.,"A",.,"A",.,"A",.,"A",.,"A","VOKAK","D",,"A","2012","D"
"20133",2659183,15,0,"1","01","D","105","D","2012","D",.,"A",36,"D","03","D",213,"D","3","D",.,"A",.,"A",.,"A",.,"A",,"A",213,"D",213,"D",213,"D",.,"A",.,"A",.,"A",.,"A",.,"A","HONAB","D",,"A","2013","D"
"20133",2659583,14,0,"5","01","D","105","D","2011","D",.,"A",36,"D","07","D",167,"D","3","D",.,"A",.,"A",3000,"D",.,"A",,"A",167,"D",167,"D",167,"D",.,"A",.,"A",.,"A",3000,"D",.,"A","HYUAB","D",,"A","2011","D"
"20133",2659583,15,0,"5","02","D","105","D","2011","D",.,"A",36,"D","07","D",167,"D","3","D",.,"A",.,"A",.,"A",.,"A",,"A",167,"D",167,"D",167,"D",.,"A",.,"A",.,"A",.,"A",.,"A","HYUAB","D",,"A","2011","D"
"20133",2660183,22,0,"5","02","D","105","D","2013","D",.,"A",36,"D","04","D",412,"D","3","D",.,"A",.,"A",.,"A",.,"A",,"A",412,"D",412,"D",412,"D",.,"A",.,"A",.,"A",.,"A",.,"A","TOYAN","D",,"A","2013","D"
"20133",2661393,14,0,"5","01","D","105","D","2006","D",.,"A",60,"D","11","D",269,"D","3","D",.,"A",.,"A",.,"A",.,"A",,"A",269,"D",269,"D",269,"D",.,"A",.,"A",.,"A",.,"A",.,"A","JEEAD","D",,"A","2012","D"
"20133",2661713,19,0,"5","01","D","105","D","2012","D",.,"A",36,"D","04","D",650,"D","3","D",.,"A",.,"A",.,"C",.,"A",,"A",650,"D",650,"D",650,"D",.,"A",.,"A",.,"A",.,"B",.,"A","AUDAH","D",,"A","2012","D"
"20133",2662823,12,0,"5","01","D","105","D","2010","D",0.99,"D",36,"D","03","F",2800,"D","3","D",.,"A",.,"A",200,"D",.,"A",,"A",2800,"D",2800,"D",2800,"D",.,"A",.,"A",.,"A",200,"D",.,"A","NISAD","D",,"A","2012","D"
"20133",2663283,9,0,"5","01","D","105","D","2013","D",.,"A",.,"C","02","D",3100,"D","3","D",.,"A",.,"A",.,"A",.,"A",,"A",.,"A",.,"A",.,"A",.,"A",.,"A",.,"A",.,"A",.,"A","BENAD","D",,"A","2013","D"
"20133",2664143,37,0,"1","01","D","105","D","2014","D",.,"A",36,"D","07","D",230,"D","3","D",.,"A",.,"A",5000,"D",.,"A",,"A",.,"A",.,"A",230,"D",.,"A",.,"A",.,"A",5000,"D",.,"A","KIAAE","D",,"A","2013","D"
"20133",2664193,13,0,"5","01","D","105","D","2013","D",.,"A",36,"D","04","D",175,"D","3","D",.,"A",7000,"D",.,"A",.,"A",,"A",175,"D",175,"D",175,"D",.,"A",.,"A",.,"A",.,"A",.,"A","SUBAC","D",,"A","2013","D"
"20133",2664723,11,0,"5","01","D","105","D","2012","D",.,"A",36,"D","12","D",240,"D","3","D",.,"A",500,"D",3000,"D",.,"A",,"A",240,"D",240,"D",240,"D",.,"A",.,"A",.,"A",3000,"D",.,"A","NISAN","D",,"A","2012","D"
"20133",2665893,16,0,"5","01","D","105","D","2010","D",.,"A",36,"D","05","D",269,"D","3","D",.,"A",.,"A",1200,"D",.,"A",,"A",269,"D",269,"D",269,"D",.,"A",.,"A",.,"A",1200,"D",.,"A","TOYAC","D",,"A","2010","D"
"20133",2665893,17,0,"5","02","D","105","D","2009","D",.,"A",60,"D","04","D",470,"D","3","D",.,"A",3000,"D",.,"A",.,"A",,"A",470,"D",470,"D",470,"D",.,"A",.,"A",.,"A",.,"A",.,"A","HONAI","D",,"A","2009","D"
"20133",2666523,29,0,"1","01","D","105","D","2013","D",.,"A",36,"D","08","D",165,"D","3","D",.,"A",.,"A",2000,"D",.,"A",,"A",.,"A",.,"A",.,"A",.,"A",.,"A",.,"A",2000,"D",.,"A","HONAB","D",,"A","2013","D"
"20133",2666703,14,0,"5","01","D","105","D","2010","D",.,"A",36,"D","07","D",360,"D","3","D",.,"A",.,"A",.,"A",.,"A",,"A",360,"D",360,"D",360,"D",.,"A",.,"A",.,"A",.,"A",.,"A","FORAW","D",,"A","2011","D"
"20133",2667123,27,0,"5","01","D","105","D","2011","D",.,"A",36,"D","05","D",346,"D","3","D",.,"A",.,"A",.,"A",.,"A",,"A",346,"D",346,"D",346,"D",.,"A",.,"A",.,"A",.,"A",.,"A","TOYAU","D",,"A","2011","D"
"20133",2667193,9,0,"5","01","D","105","D","2013","D",.,"A",60,"D","02","D",450,"D","3","D",.,"A",.,"A",.,"C",.,"A",,"A",450,"D",450,"D",450,"D",.,"A",.,"A",.,"A",.,"B",.,"A","MRBXX","D",,"A","2013","D"
"20133",2668453,15,0,"5","01","D","105","D","2013","D",.,"A",42,"D","10","D",658,"D","3","D",.,"A",.,"A",.,"A",.,"A",,"A",658,"D",658,"D",658,"D",.,"A",.,"A",.,"A",.,"A",.,"A","AUDAX","D",,"A","2012","D"
"20133",2668903,23,0,"5","01","D","105","D","2011","D",.,"A",36,"D","04","D",250,"D","3","D",.,"A",3000,"D",.,"A",.,"A",,"A",250,"D",250,"D",250,"D",.,"A",.,"A",.,"A",.,"A",.,"A","TOYAC","D",,"A","2011","D"
"20133",2669793,19,0,"5","01","D","105","D","2011","D",.,"A",36,"D","10","D",365,"D","3","D",.,"A",.,"A",.,"A",.,"A",,"A",365,"D",365,"D",365,"D",40,"D",40,"D",40,"D",.,"A",.,"A","TOYAF","D",,"A","2011","D"
"20133",2670183,18,0,"1","01","D","105","D","2014","D",.,"A",36,"D","09","D",399,"D","3","D",.,"A",.,"A",2500,"D",.,"A",,"A",.,"A",.,"A",.,"A",.,"A",.,"A",.,"A",2500,"D",.,"A","MAZAY","D",,"A","2013","D"
"20133",2670843,23,0,"5","01","D","105","D","2012","D",.,"A",36,"D","03","D",559,"D","3","D",.,"A",.,"A",515,"D",.,"A",,"A",559,"D",559,"D",559,"D",.,"A",.,"A",.,"A",515,"D",.,"A","FORAM","D",,"A","2012","D"
"20133",2671493,13,0,"5","01","D","105","D","2012","D",.,"A",39,"D","04","D",210,"D","3","D",.,"A",6000,"D",.,"A",.,"A",,"A",210,"D",210,"D",210,"D",.,"A",.,"A",.,"A",.,"A",.,"A","CHEBT","D",,"A","2012","D"
"20133",2671733,14,0,"5","01","D","105","D","2011","D",.,"A",36,"D","02","D",274,"D","3","D",.,"A",.,"A",4000,"D",.,"A",,"A",274,"D",274,"D",274,"D",.,"A",.,"A",.,"A",4000,"D",.,"A","HONXX","D",,"A","2011","D"
"20133",2673233,14,0,"5","01","D","105","D","2010","D",.,"A",48,"D","02","D",410,"D","3","D",.,"A",.,"A",.,"A",.,"A",,"A",410,"D",410,"D",410,"D",.,"A",.,"A",.,"A",.,"A",.,"A","TOYAO","D",,"A","2010","D"
"20133",2673453,12,0,"1","01","D","105","D","2013","D",.,"A",72,"D","09","D",430,"D","3","D",.,"A",.,"A",.,"A",.,"A",,"A",.,"A",.,"A",.,"A",.,"A",.,"A",.,"A",.,"A",.,"A","KIAAL","D",,"A","2013","D"
"20133",2674243,3,0,"5","01","D","105","D","2010","D",.,"A",.,"C","02","F",350,"D","3","D",.,"A",.,"A",.,"A",.,"A",,"A",350,"D",350,"D",350,"D",.,"A",.,"A",.,"A",.,"A",.,"A","SAAXX","D",,"A","2012","F"
"20133",2674343,6,0,"1","01","D","105","D","2008","D",.,"A",39,"D","08","D",250,"D","3","D",.,"A",.,"A",.,"A",.,"A",,"A",250,"D",250,"D",250,"D",.,"A",.,"A",.,"A",.,"A",.,"A","NISAJ","D",,"A","2008","D"
"20133",2674483,9,0,"5","01","D","105","D","2002","D",.,"A",39,"D","12","D",169,"D","3","D",.,"A",.,"A",4000,"D",.,"A",,"A",169,"D",169,"D",169,"D",.,"A",.,"A",.,"A",4000,"D",.,"A","CHEBT","D",,"A","2011","D"
"20133",2674633,20,0,"5","01","D","105","D","2011","D",.,"A",36,"D","08","D",208,"D","3","D",.,"A",.,"A",.,"A",.,"A",,"A",208,"D",208,"D",208,"D",.,"A",.,"A",.,"A",.,"A",.,"A","HONAA","D",,"A","2011","D"
"20133",2674753,25,0,"5","01","D","105","D","2011","D",.,"A",24,"D","06","D",530,"D","3","D",.,"A",.,"A",1200,"D",.,"A",,"A",530,"D",530,"D",530,"D",.,"A",.,"A",.,"A",1200,"D",.,"A","MRBAY","D",,"A","2012","D"
"20133",2675343,8,0,"5","01","D","105","D","2002","D",0.2,"D",36,"D","06","D",305,"D","3","D",.,"A",.,"A",2000,"D",1000,"D",,"A",305,"D",305,"D",305,"D",.,"A",.,"A",.,"A",1000,"D",.,"A","MRBXX","D",,"A","2013","D"
"20133",2675513,14,0,"5","01","D","105","D","2013","D",.,"A",36,"D","05","D",370,"D","3","D",.,"A",.,"A",.,"A",.,"A",,"A",370,"D",370,"D",370,"D",.,"A",.,"A",.,"A",.,"A",.,"A","BUIAG","D",,"A","2013","D"
"20133",2675923,20,0,"5","01","D","105","D","2012","D",.,"A",60,"D","05","D",50,"D","3","D",.,"A",.,"A",1600,"D",.,"A",,"A",50,"D",50,"D",50,"D",.,"A",.,"A",.,"A",1600,"D",.,"A","HONAB","D",,"A","2013","D"
"20133",2677033,16,0,"5","01","D","105","D","2010","D",.,"A",36,"D","10","D",300,"D","3","D",.,"A",.,"A",5000,"D",.,"A",,"A",300,"D",300,"D",300,"D",.,"A",.,"A",.,"A",5000,"D",.,"A","VOKAI","D",,"A","2011","D"
"20133",2677893,5,0,"5","01","D","105","D",,"C",.,"A",.,"C","03","F",.,"C","3","D",.,"A",.,"A",.,"A",.,"A",,"A",237,"F",237,"F",237,"F",.,"A",.,"A",.,"A",.,"A",.,"A","CADXX","D",,"A","2011","F"
"20133",2677933,12,0,"5","01","D","105","D","2008","D",.,"A",60,"D","06","D",500,"D","3","D",.,"A",.,"A",.,"A",.,"A",,"A",500,"D",500,"D",500,"D",.,"A",.,"A",.,"A",.,"A",.,"A","TOYAT","D",,"A","2008","D"
"20133",2678603,28,0,"1","01","D","105","D","2013","D",.,"A",36,"D","11","D",300,"D","3","D",.,"A",.,"A",.,"C",.,"A",,"A",300,"D",300,"D",300,"D",.,"A",.,"A",.,"A",.,"B",.,"A","BMWAA","D",,"A","2012","D"
"20133",2678773,18,0,"5","01","D","105","D","2010","D",.,"A",36,"D","02","F",.,"B","3","D",.,"A",.,"A",.,"A",.,"A","07","D",475,"F",475,"F",475,"F",.,"A",.,"A",.,"A",.,"A",.,"A","INFAO","D",,"A","2013","F"
"20133",2678773,19,0,"1","02","D","105","D","2013","D",.,"A",36,"D","08","D",278,"D","3","D",.,"A",.,"A",.,"A",.,"A",,"A",.,"A",.,"A",278,"D",.,"A",.,"A",.,"A",.,"A",.,"A","VOKAI","D",,"A","2013","D"
"20133",2678893,16,0,"5","01","D","105","D","2012","D",.,"A",36,"D","02","D",242,"D","3","D",.,"A",.,"A",.,"A",.,"A",,"A",242,"D",242,"D",242,"D",.,"A",.,"A",.,"A",.,"A",.,"A","HONAA","D",,"A","2012","D"
"20133",2679053,21,0,"5","01","D","105","D","2012","D",.,"A",36,"D","03","D",360,"D","3","D",.,"A",.,"A",.,"A",.,"A",,"A",360,"D",360,"D",360,"D",.,"A",.,"A",.,"A",.,"A",.,"A","TOYAC","D",,"A","2012","D"
"20133",2680302,15,0,"5","01","D","105","D","2012","D",.,"A",60,"D","11","D",475,"D","3","D",.,"A",.,"A",3000,"D",.,"A",,"A",475,"D",475,"D",475,"D",.,"A",.,"A",.,"A",3000,"D",.,"A","FORAM","D",,"A","2011","D"
"20133",2680682,11,0,"1","01","D","105","D","2012","D",.,"A",.,"C","05","F",390,"D","3","D",.,"A",.,"A",.,"A",.,"A",,"A",390,"D",390,"D",390,"D",.,"A",.,"A",.,"A",.,"A",.,"A","TOYAU","D",,"A","2013","D"
"20133",2680702,3,0,"1","01","D","105","D",,"C",.,"A",.,"C","03","F",.,"C",,"C",.,"A",.,"A",.,"A",.,"A",,"A",242,"F",242,"F",242,"F",.,"A",.,"A",.,"A",.,"A",.,"A",,"A",,"A","2010","F"
"20133",2681412,9,0,"1","01","D","105","D","2012","D",.,"A",36,"D","01","D",225,"D","3","D",.,"A",.,"A",1000,"D",.,"A",,"A",225,"D",225,"D",225,"D",.,"A",.,"A",.,"A",1000,"D",.,"A","NISAN","D",,"A","2012","D"
"20133",2681412,10,0,"1","02","D","105","D","2012","D",.,"A",36,"D","01","D",225,"D","3","D",.,"A",.,"A",1000,"D",.,"A",,"A",225,"D",225,"D",225,"D",.,"A",.,"A",.,"A",1000,"D",.,"A","NISAN","D",,"A","2012","D"
"20133",2682042,10,0,"5","01","D","105","D","2013","D",.,"A",.,"C","03","D",500,"D","3","D",.,"A",.,"A",.,"A",.,"A",,"A",500,"D",500,"D",500,"D",.,"A",.,"A",.,"A",.,"A",.,"A","LEXXX","D",,"A","2013","D"
"20133",2683112,7,0,"5","01","D","105","D","2013","D",.,"A",24,"D","03","D",.,"C","3","D",.,"A",.,"A",.,"A",.,"A",,"A",330,"F",330,"F",330,"F",.,"A",.,"A",.,"A",.,"A",.,"A","JEEXX","D",,"A","2013","D"
"20133",2683202,16,0,"5","01","D","105","D","2007","D",.,"A",60,"D","07","D",330,"D","3","D",.,"A",.,"C",2000,"D",.,"A",,"A",330,"D",330,"D",330,"D",.,"A",.,"A",.,"A",2000,"D",.,"A","FORAM","D",,"A","2011","D"
"20133",2683312,25,0,"1","01","D","105","D",,"C",.,"A",48,"D","12","D",500,"D","3","D",.,"A",.,"A",.,"A",.,"A",,"A",500,"D",500,"D",500,"D",.,"A",.,"A",.,"A",.,"A",.,"A","VOVAW","D",,"A","2009","D"
"20133",2684092,9,0,"1","01","D","105","D","2011","D",.,"A",48,"D","06","D",516,"D","3","D",.,"A",1,"D",.,"A",.,"A",,"A",516,"D",516,"D",516,"D",.,"A",.,"A",.,"A",.,"A",.,"A","CHEAE","D",,"A","2011","D"
"20133",2684192,10,0,"5","01","D","105","D","2007","D",.,"A",36,"D","04","D",460,"D","3","D",.,"A",.,"A",3000,"D",.,"A","04","D",460,"D",.,"A",.,"A",.,"A",.,"A",.,"A",3000,"D",.,"A","CHEAP","D",,"A","2010","D"
"20133",2684452,19,0,"5","01","D","105","D","2013","D",.,"A",24,"D","12","D",138,"D","3","D",.,"A",1600,"D",1500,"D",.,"A",,"A",138,"D",138,"D",138,"D",.,"A",.,"A",.,"A",1500,"D",.,"A","FORBA","D",,"A","2012","D"
"20133",2685342,18,0,"5","01","D","105","D","2011","D",.,"A",36,"D","05","D",495,"D","3","D",.,"A",.,"A",.,"A",.,"A",,"A",495,"D",495,"D",495,"D",.,"A",.,"A",.,"A",.,"A",.,"A","LEXAA","D",,"A","2011","D"
"20133",2685452,19,0,"5","01","D","105","D","2010","D",.,"A",48,"D","08","F",227,"D","3","D",.,"A",.,"C",.,"C",.,"A","04","D",227,"D",227,"D",227,"D",.,"A",.,"A",.,"A",.,"B",.,"A","TOYAX","D",,"A","2010","D"
"20133",2685512,5,0,"5","01","D","105","D","2011","D",.,"A",36,"D","12","D",.,"C","3","D",.,"A",.,"A",.,"A",.,"A",,"A",289,"F",289,"F",289,"F",.,"A",.,"A",.,"A",.,"A",.,"A","KIAAG","D",,"A","2012","D"
"20133",2685652,14,0,"1","01","D","105","D","2014","D",.,"A",36,"D","03","D",330,"D","3","D",.,"A",.,"A",.,"A",.,"A",,"A",330,"D",330,"D",330,"D",.,"A",.,"A",.,"A",.,"A",.,"A","MAZAY","D",,"A","2013","D"
"20133",2686042,11,0,"5","01","D","105","D","2011","D",.,"A",36,"D","03","F",350,"D","3","D",.,"A",.,"A",1500,"D",.,"A",,"A",350,"D",350,"D",350,"D",.,"A",.,"A",.,"A",1500,"D",.,"A","VOKXX","D",,"A","2012","D"
"20133",2686682,7,0,"1","01","D","105","D","2000","D",.,"A",.,"C","04","D",200,"D","3","D",.,"A",1600,"D",.,"A",.,"A",,"A",200,"D",200,"D",200,"D",.,"A",.,"A",.,"A",.,"A",.,"A","CHEAP","D",,"A","2013","D"
"20133",2686742,22,0,"5","01","D","105","D","2012","D",.,"A",36,"D","03","D",353,"D","3","D",.,"A",2500,"D",.,"A",.,"A",,"A",353,"D",353,"D",353,"D",.,"A",.,"A",.,"A",.,"A",.,"A","TOYAC","D",,"A","2012","D"
"20133",2686792,18,0,"5","01","D","105","D","2004","D",.,"A",36,"D","04","D",140,"D","3","D",.,"A",4000,"D",.,"A",.,"A",,"A",140,"D",140,"D",140,"D",.,"A",.,"A",.,"A",.,"A",.,"A","TOYAO","D",,"A","2013","D"
"20133",2686792,19,0,"1","02","D","105","D","2008","D",.,"A",60,"D","06","D",320,"D","3","D",.,"A",.,"A",3000,"D",.,"A",,"A",.,"A",.,"A",320,"D",.,"A",.,"A",.,"A",3000,"D",.,"A","LEXAG","D",,"A","2013","D"
"20133",2686862,12,0,"5","01","D","105","D","2012","D",.,"A",.,"C","02","F",.,"C",,"C",.,"A",.,"A",.,"A",.,"A",,"A",256,"F",256,"F",256,"F",.,"A",.,"A",.,"A",.,"A",.,"A","LEXAJ","D",,"A","2012","F"
"20133",2686862,13,0,"5","02","D","105","D","2010","D",.,"A",.,"C","05","F",.,"C",,"C",.,"A",.,"A",.,"A",.,"A","04","F",540,"F",540,"F",540,"F",.,"A",.,"A",.,"A",.,"A",.,"A","TOYAX","D",,"A","2011","F"
"20133",2686862,14,0,"1","03","D","105","D","2013","D",.,"A",36,"D","07","D",215,"D","3","D",.,"A",.,"A",.,"C",.,"C",,"A",.,"A",.,"A",.,"A",.,"A",.,"A",.,"A",.,"B",.,"A","TOYAX","D",,"A","2013","D"
"20133",2686902,15,0,"5","01","D","105","D","2012","D",.,"A",39,"D","06","D",259,"D","3","D",.,"A",2000,"D",1000,"D",.,"A",,"A",259,"D",259,"D",259,"D",.,"A",.,"A",.,"A",1000,"D",.,"A","GMCAI","D",,"A","2012","D"
"20133",2686942,9,0,"5","01","D","105","D","2012","D",.,"A",36,"D","03","D",199,"D","3","D",.,"A",.,"A",.,"A",.,"A",,"A",199,"D",199,"D",199,"D",.,"A",.,"A",.,"A",.,"A",.,"A","HONAB","D",,"A","2012","D"
"20133",2688882,13,0,"1","01","D","105","D","2013","D",.,"A",.,"C","03","D",320,"D","3","D",.,"A",.,"A",.,"A",.,"A",,"A",320,"D",320,"D",320,"D",.,"A",.,"A",.,"A",.,"A",.,"A","BMWAA","D",,"A","2013","D"
"20133",2689152,12,0,"5","01","D","105","D","2013","D",.,"A",36,"D","04","D",319,"D","3","D",.,"A",.,"A",.,"A",.,"A",,"A",319,"D",319,"D",319,"D",.,"A",.,"A",.,"A",.,"A",.,"A","FORBC","D",,"A","2013","D"
"20133",2689582,13,0,"5","01","D","105","D","2012","D",.,"A",24,"D","08","D",321,"D","3","D",.,"A",.,"C",.,"C",.,"A",,"A",321,"D",321,"D",321,"D",.,"A",.,"A",.,"A",.,"B",.,"A","TOYAC","D",,"A","2012","D"
"20133",2690672,16,0,"5","01","D","105","D","2012","D",.,"A",36,"D","02","D",615,"D","3","D",.,"A",.,"A",4000,"D",.,"A",,"A",615,"D",615,"D",615,"D",.,"A",.,"A",.,"A",4000,"D",.,"A","BMWAN","D",,"A","2012","D"
"20133",2691062,7,0,"5","01","D","105","D","2011","D",.,"A",.,"C","12","D",270,"D","3","D",.,"A",.,"A",.,"A",.,"A",,"A",270,"D",270,"D",270,"D",.,"A",.,"A",.,"A",.,"A",.,"A","HYUAE","D",,"A","2011","D"
"20133",2691412,12,0,"1","01","D","105","D","2013","D",.,"A",24,"D","08","D",260,"D","3","D",.,"A",.,"A",2000,"D",.,"A",,"A",.,"A",.,"A",.,"A",.,"A",.,"A",.,"A",2000,"D",.,"A","LINAL","D",,"A","2013","D"
"20133",2691922,18,0,"5","01","D","105","D","2011","D",.,"A",36,"D","03","D",338,"D","3","D",.,"A",3000,"D",.,"A",.,"A",,"A",338,"D",338,"D",338,"D",.,"A",.,"A",.,"A",.,"A",.,"A","INFXX","D",,"A","2011","D"
"20133",2691922,19,0,"5","02","D","105","D","2011","D",.,"A",36,"D","10","D",440,"D","3","D",.,"A",.,"A",.,"A",.,"A",,"A",440,"D",440,"D",440,"D",.,"A",.,"A",.,"A",.,"A",.,"A","NISAG","D",,"A","2011","D"
"20133",2692692,19,0,"5","01","D","105","D","2007","D",.,"A",60,"D","05","D",305,"D","3","D",.,"A",.,"A",2500,"D",.,"A",,"A",305,"D",305,"D",305,"D",.,"A",.,"A",.,"A",2500,"D",.,"A","NISAM","D",,"A","2012","D"
"20133",2693122,23,0,"5","01","D","105","D","2011","D",.,"A",48,"D","06","D",330,"D","3","D",.,"A",.,"A",.,"A",.,"A",,"A",330,"D",330,"D",330,"D",.,"A",.,"A",.,"A",.,"A",.,"A","HONAG","D",,"A","2011","D"
"20133",2693272,12,0,"5","01","D","105","D","2013","D",.,"A",36,"D","03","D",214,"D","3","D",.,"A",.,"A",2000,"D",.,"A",,"A",214,"D",214,"D",214,"D",.,"A",.,"A",.,"A",2000,"D",.,"A","FORBA","D",,"A","2013","D"
"20133",2693562,6,0,"1","01","D","105","D","2011","D",.,"A",36,"D","12","F",229,"D","3","D",.,"A",.,"C",.,"A",.,"A",,"A",229,"D",229,"D",229,"D",.,"A",.,"A",.,"A",.,"A",.,"A","NISAY","D",,"A","2011","D"
"20133",2694132,15,0,"5","01","D","105","D","2013","D",.,"A",36,"D","07","D",225,"D","3","D",.,"A",.,"A",3000,"D",.,"A",,"A",225,"D",225,"D",225,"D",.,"A",.,"A",.,"A",3000,"D",.,"A","MAZAP","D",,"A","2012","D"
"20133",2694522,8,0,"1","01","D","105","D","2005","D",.,"A",60,"D","07","D",7000,"D","3","D",.,"A",.,"A",.,"A",.,"A","07","D",.,"A",.,"A",7000,"D",.,"A",.,"A",.,"A",.,"A",.,"A","HONAA","D","2013","D","2009","D"
"20133",2694532,12,0,"5","01","D","105","D","2006","D",.,"A",60,"D","08","D",250,"D","3","D",.,"A",.,"A",.,"A",.,"A",,"A",250,"D",250,"D",250,"D",.,"A",.,"A",.,"A",.,"A",.,"A","MITAR","D",,"A","2010","D"
"20133",2694532,13,0,"5","02","D","105","D",,"C",.,"A",.,"C","11","D",330,"D","3","D",.,"A",.,"A",.,"A",.,"A",,"A",330,"D",330,"D",330,"D",.,"A",.,"A",.,"A",.,"A",.,"A","PONAO","D",,"A","2011","D"
"20133",2694852,12,0,"5","01","D","105","D","2011","D",.,"A",36,"D","04","D",365,"D","3","D",.,"A",.,"A",1200,"D",.,"A",,"A",365,"D",365,"D",365,"D",.,"A",.,"A",.,"A",1200,"D",.,"A","HYUAI","D",,"A","2011","D"
"20133",2695122,16,0,"5","01","D","105","D","2013","D",.,"A",36,"D","04","D",364,"D","3","D",.,"A",.,"A",.,"A",.,"A",,"A",364,"D",364,"D",364,"D",.,"A",.,"A",.,"A",.,"A",.,"A","HONAA","D",,"A","2013","D"
"20133",2695472,9,0,"1","01","D","105","D","2012","D",.,"A",36,"D","01","D",250,"D","3","D",.,"A",.,"A",.,"C",.,"A",,"A",250,"D",250,"D",250,"D",.,"A",.,"A",.,"A",.,"B",.,"A","HONAA","D",,"A","2012","D"
"20133",2695822,18,0,"5","01","D","105","D","1996","D",.,"A",72,"D","05","D",600,"D","3","D",.,"A",.,"A",.,"A",.,"A",,"A",600,"D",600,"D",600,"D",.,"A",.,"A",.,"A",.,"A",.,"A","FORAM","D",,"A","2007","D"
"20133",2696702,10,0,"5","01","D","105","D","2012","D",.,"A",36,"D","04","D",299,"D","3","D",.,"A",.,"A",.,"A",.,"A","05","F",299,"D",299,"D",299,"D",.,"A",.,"A",.,"A",.,"A",.,"A","KIAAH","D",,"A","2012","D"
"20133",2696992,26,0,"5","01","D","105","D","2012","D",.,"A",.,"C","09","D",435,"D","3","D",.,"A",.,"A",.,"A",.,"A",,"A",435,"D",435,"D",435,"D",.,"A",.,"A",.,"A",.,"A",.,"A","FORAL","D",,"A","2012","D"
"20133",2697372,12,0,"1","01","D","105","D","2013","D",.,"A",24,"D","06","D",376,"D","3","D",.,"A",.,"A",.,"A",.,"A",,"A",.,"A",376,"D",376,"D",.,"A",.,"A",.,"A",.,"A",.,"A","NISAW","D",,"A","2013","D"
"20133",2697952,24,0,"5","01","D","105","D","2011","D",.,"A",24,"D","09","D",422,"D","3","D",.,"A",.,"A",.,"A",.,"A",,"A",422,"D",422,"D",422,"D",.,"A",.,"A",.,"A",.,"A",.,"A","FORBK","D",,"A","2011","D"
"20133",2697952,25,0,"5","02","D","105","D","2011","D",.,"A",33,"D","05","D",716,"D","3","D",.,"A",.,"A",.,"A",.,"A",,"A",716,"D",716,"D",716,"D",.,"A",.,"A",.,"A",.,"A",.,"A","MRBAH","D",,"A","2011","D"
"20133",2698152,6,0,"5","01","D","105","D","2011","D",.,"A",36,"D","02","D",400,"D","3","D",.,"A",.,"A",.,"A",.,"A",,"A",400,"D",400,"D",400,"D",.,"A",.,"A",.,"A",.,"A",.,"A","TOYAX","D",,"A","2011","D"
"20133",2700384,26,0,"5","01","D","105","D","2004","D",.,"A",72,"D","05","D",359,"D","3","D",.,"A",.,"A",.,"A",.,"A",,"A",359,"D",359,"D",359,"D",.,"A",.,"A",.,"A",.,"A",.,"A","GMCXX","D",,"A","2011","D"
"20133",2701002,25,0,"5","01","D","105","D","2013","D",.,"A",36,"D","11","D",260,"D","3","D",.,"A",.,"C",.,"A",.,"A",,"A",260,"D",260,"D",260,"D",.,"A",.,"A",.,"A",.,"A",.,"A","HONAA","D",,"A","2012","D"
"20133",2701242,7,0,"5","01","D","105","D","2012","D",.,"A",36,"D","09","D",322,"D","3","D",.,"A",.,"A",5000,"D",.,"A",,"A",322,"D",322,"D",322,"D",.,"A",.,"A",.,"A",5000,"D",.,"A","DODAM","D",,"A","2012","D"
"20133",2701302,14,0,"5","01","D","105","D","2012","D",.,"A",36,"D","05","D",390,"D","3","D",.,"A",.,"A",.,"A",.,"A",,"A",390,"D",390,"D",390,"D",.,"A",.,"A",.,"A",.,"A",.,"A","NISAW","D",,"A","2012","D"
"20133",2701302,15,0,"5","02","D","105","D","2013","D",.,"A",36,"D","11","D",269,"D","3","D",.,"A",.,"A",.,"A",.,"A",,"A",269,"D",269,"D",269,"D",.,"A",.,"A",.,"A",.,"A",.,"A","NISAN","D",,"A","2012","D"
"20133",2702002,22,0,"5","01","D","105","D","2013","D",.,"A",39,"D","04","D",.,"C","3","D",.,"A",.,"C",.,"A",.,"A",,"A",6500,"F",6500,"F",6500,"F",.,"A",.,"A",.,"A",.,"A",.,"A","CADAQ","D",,"A","2013","D"
"20133",2702072,16,0,"5","01","D","105","D","2012","D",.,"A",36,"D","02","D",400,"D","3","D",.,"A",.,"C",.,"C",.,"A",,"A",400,"D",400,"D",400,"D",.,"A",.,"A",.,"A",.,"B",.,"A","TOYAN","D",,"A","2013","D"
"20133",2702742,23,0,"5","01","D","105","D","2012","D",.,"A",36,"D","02","D",267,"D","3","D",.,"A",6000,"D",.,"A",.,"A",,"A",267,"D",267,"D",267,"D",.,"A",.,"A",.,"A",.,"A",.,"A","DODAX","D",,"A","2012","D"
"20133",2703012,11,0,"5","01","D","105","D","2011","D",.,"A",36,"D","05","D",540,"D","3","D",.,"A",.,"A",.,"A",.,"A",,"A",540,"D",540,"D",540,"D",.,"A",.,"A",.,"A",.,"A",.,"A","INFAM","D",,"A","2011","D"
"20133",2703212,21,0,"5","01","D","105","D","2012","D",.,"A",48,"D","10","D",447,"D","3","D",.,"A",.,"A",2500,"D",.,"A",,"A",447,"D",447,"D",447,"D",.,"A",.,"A",.,"A",2500,"D",.,"A","JEEAD","D",,"A","2011","D"
"20133",2703312,8,0,"1","01","D","105","D","2012","D",.,"A",.,"C","12","D",450,"D","3","D",.,"A",.,"A",.,"C",.,"A",,"A",450,"D",450,"D",450,"D",.,"A",.,"A",.,"A",.,"B",.,"A","BMWAB","D",,"A","2012","D"
"20133",2703372,10,0,"1","01","D","105","D","2013","D",.,"A",36,"D","01","D",400,"D","3","D",.,"A",.,"A",3000,"D",.,"A",,"A",400,"D",400,"D",400,"D",.,"A",.,"A",.,"A",3000,"D",.,"A","FORBI","D",,"A","2013","D"
"20133",2703752,14,0,"1","01","D","105","D","2012","D",.,"A",54,"D","04","D",550,"D","3","D",.,"A",.,"A",5000,"D",.,"A",,"A",550,"D",550,"D",550,"D",.,"A",.,"A",.,"A",5000,"D",.,"A","JEEAD","D",,"A","2012","D"
"20133",2704252,10,0,"5","01","D","105","D","2006","D",.,"A",60,"D","02","D",313,"D","3","D",.,"A",.,"A",.,"A",.,"A",,"A",313,"D",313,"D",313,"D",.,"A",.,"A",.,"A",.,"A",.,"A","VOKAK","D",,"A","2011","D"
"20133",2704332,37,0,"5","01","D","105","D","2013","D",0.3,"D",39,"D","07","D",374,"D","3","D",.,"A",.,"A",.,"A",.,"A",,"A",.,"A",374,"D",374,"D",.,"A",.,"A",.,"A",.,"A",.,"A","VOKAK","D",,"A","2013","D"
"20133",2704502,11,0,"5","01","D","105","D","2013","D",.,"A",.,"C","06","D",350,"D","3","D",.,"A",.,"A",3000,"D",.,"A",,"A",350,"D",350,"D",350,"D",.,"A",.,"A",.,"A",3000,"D",.,"A","LINXX","D",,"A","2013","D"
"20133",2705052,8,0,"5","01","D","105","D","2013","D",.,"A",36,"D","03","D",345,"D","3","D",.,"A",.,"A",.,"A",.,"A",,"A",345,"D",345,"D",345,"D",.,"A",.,"A",.,"A",.,"A",.,"A","FORBJ","D",,"A","2013","D"
"20133",2705642,21,0,"5","01","D","105","D","2012","D",.,"A",39,"D","03","D",365,"D","3","D",.,"A",.,"A",.,"A",.,"A",,"A",365,"D",365,"D",365,"D",.,"A",.,"A",.,"A",.,"A",.,"A","NISAG","D",,"A","2012","D"
"20133",2705642,22,0,"5","02","D","105","D","2011","D",.,"A",39,"D","09","D",290,"D","3","D",.,"A",.,"A",.,"A",.,"A",,"A",290,"D",290,"D",290,"D",.,"A",.,"A",.,"A",.,"A",.,"A","VOKAI","D",,"A","2011","D"
"20133",2705762,8,0,"5","01","D","105","D",,"C",.,"A",40,"D","05","D",150,"D","3","D",.,"A",.,"A",2000,"D",.,"A",,"A",150,"D",150,"D",150,"D",.,"A",.,"A",.,"A",2000,"D",.,"A","BMWXX","D",,"A","2013","D"
"20133",2706282,20,0,"5","01","D","105","D","2012","D",.,"A",36,"D","05","D",479,"D","3","D",.,"A",.,"A",2600,"D",.,"A",,"A",479,"D",479,"D",479,"D",.,"A",.,"A",.,"A",2600,"D",.,"A","LEXAE","D",,"A","2012","D"
"20133",2707532,10,0,"5","01","D","105","D","2012","D",.,"A",60,"D","05","D",186,"D","3","D",.,"A",.,"A",9000,"D",.,"A",,"A",186,"D",186,"D",186,"D",.,"A",.,"A",.,"A",9000,"D",.,"A","VOKAK","D",,"A","2013","D"
"20133",2708172,14,0,"5","01","D","105","D","2011","D",.,"A",36,"D","06","F",350,"D","3","D",.,"A",.,"A",1000,"D",.,"A",,"A",350,"D",350,"D",350,"D",.,"A",.,"A",.,"A",1000,"D",.,"A","NISAD","D",,"A","2011","D"
"20133",2708232,25,0,"5","01","D","105","D","2013","D",.,"A",36,"D","12","D",642,"D","3","D",.,"A",.,"A",.,"A",.,"A",,"A",642,"D",642,"D",642,"D",.,"A",.,"A",.,"A",.,"A",.,"A","LEXAE","D",,"A","2012","D"
"20133",2708232,26,0,"5","02","D","105","D","2013","D",.,"A",36,"D","12","D",555,"D","3","D",.,"A",.,"A",.,"A",.,"A",,"A",555,"D",555,"D",555,"D",.,"A",.,"A",.,"A",.,"A",.,"A","LEXAA","D",,"A","2012","D"
"20133",2708782,26,0,"5","01","D","105","D","2013","D",.,"A",36,"D","05","D",89,"D","3","D",.,"A",.,"A",3799,"D",.,"A",,"A",89,"D",89,"D",89,"D",.,"A",.,"A",.,"A",3799,"D",.,"A","VOKAI","D",,"A","2013","D"
"20133",2708782,27,0,"1","02","D","105","D","2013","D",.,"A",36,"D","05","D",89,"D","3","D",.,"A",.,"A",3800,"D",.,"A",,"A",89,"D",89,"D",89,"D",.,"A",.,"A",.,"A",3800,"D",.,"A","VOKAI","D",,"A","2013","D"
"20133",2708872,13,0,"5","01","D","105","D","2012","D",.,"A",36,"D","09","D",255,"D","3","D",.,"A",.,"A",.,"A",.,"A",,"A",255,"D",255,"D",255,"D",.,"A",.,"A",.,"A",.,"A",.,"A","HONAB","D",,"A","2012","D"
"20133",2708882,12,0,"1","01","D","105","D","2008","D",.,"A",36,"D","02","D",500,"D","3","D",.,"A",.,"A",.,"A",.,"A",,"A",500,"D",500,"D",500,"D",.,"A",.,"A",.,"A",.,"A",.,"A","MAZAW","D",,"A","2013","D"
"20133",2709472,15,0,"5","01","D","105","D","2006","D",.,"A",48,"D","02","D",150,"D","3","D",.,"A",.,"A",1000,"D",.,"A",,"A",150,"D",150,"D",150,"D",.,"A",.,"A",.,"A",1000,"D",.,"A","CHEAS","D",,"A","2010","D"
"20133",2709472,16,0,"5","02","D","105","D","2012","D",.,"A",72,"D","02","D",460,"D","3","D",.,"A",3000,"D",2000,"D",.,"A",,"A",460,"D",460,"D",460,"D",.,"A",.,"A",.,"A",2000,"D",.,"A","DODAM","D",,"A","2012","D"
"20133",2709712,11,0,"5","01","D","105","D","2011","D",.,"A",60,"D","07","D",388,"D","3","D",.,"A",.,"A",1500,"D",.,"A",,"A",388,"D",388,"D",388,"D",.,"A",.,"A",.,"A",1500,"D",.,"A","CHEBI","D",,"A","2011","D"
"20133",2709852,12,0,"1","01","D","105","D","2013","D",.,"A",36,"D","10","D",220,"D","3","D",.,"A",.,"A",2000,"D",.,"A",,"A",220,"D",220,"D",220,"D",.,"A",.,"A",.,"A",2000,"D",.,"A","KIAAL","D",,"A","2012","D"
"20133",2711062,29,0,"5","01","D","105","D","2013","D",.,"A",48,"D","08","D",380,"D","3","D",.,"A",6000,"D",.,"A",.,"A",,"A",380,"D",380,"D",380,"D",.,"A",.,"A",.,"A",.,"A",.,"A","MAZAP","D",,"A","2012","D"
"20133",2711362,12,0,"1","01","D","105","D","2009","D",.,"A",48,"D","07","F",250,"D","3","D",.,"A",.,"A",.,"A",.,"A",,"A",250,"D",250,"D",250,"D",.,"A",.,"A",.,"A",.,"A",.,"A","MAZAN","D",,"A","2010","D"
"20133",2711782,19,0,"5","01","D","105","D","2005","D",.,"A",72,"D","01","D",420,"D","3","D",.,"A",10000,"D",.,"A",.,"A",,"A",420,"D",420,"D",420,"D",.,"A",.,"A",.,"A",.,"A",.,"A","FORAL","D",,"A","2009","D"
"20133",2711952,19,0,"5","01","D","105","D","2011","D",.,"A",36,"D","07","D",317,"D","3","D",.,"A",.,"A",.,"A",.,"A",,"A",317,"D",317,"D",317,"D",.,"A",.,"A",.,"A",.,"A",.,"A","HONAC","D",,"A","2011","D"
"20133",2712692,22,0,"1","01","D","105","D","2011","D",.,"A",39,"D","04","D",237,"D","3","D",.,"A",1500,"D",.,"A",.,"A",,"A",237,"D",237,"D",237,"D",.,"A",.,"A",.,"A",.,"A",.,"A","CHEBT","D",,"A","2011","D"
"20133",2712692,23,0,"1","02","D","105","D","2011","D",.,"A",39,"D","05","D",244,"D","3","D",.,"A",.,"A",.,"A",.,"A",,"A",244,"D",244,"D",244,"D",.,"A",.,"A",.,"A",.,"A",.,"A","CHEBT","D",,"A","2011","D"
"20133",2712742,20,0,"5","01","D","105","D","2012","D",.,"A",36,"D","02","F",.,"C","3","D",.,"A",.,"C",.,"C",.,"A",,"A",359,"F",359,"F",359,"F",.,"A",.,"A",.,"A",.,"B",.,"A","CHRAS","D",,"A","2012","D"
"20133",2712742,21,0,"5","02","D","105","D","2012","D",.,"A",36,"D","01","F",.,"C","3","D",.,"A",.,"C",.,"C",.,"A",,"A",1807,"F",1807,"F",1807,"F",.,"A",.,"A",.,"A",.,"B",.,"A","JEEAD","D",,"A","2012","D"
"20133",2712792,7,0,"5","01","D","105","D","2013","D",.,"A",36,"D","01","D",300,"D","3","D",.,"A",.,"A",.,"A",.,"A",,"A",300,"D",300,"D",300,"D",.,"A",.,"A",.,"A",.,"A",.,"A","NISAW","D",,"A","2013","D"
"20133",2712792,8,0,"5","02","D","105","D","2014","D",.,"A",36,"D","06","D",400,"D","3","D",.,"A",.,"A",.,"A",.,"A",,"A",400,"D",400,"D",400,"D",.,"A",.,"A",.,"A",.,"A",.,"A","VOKAK","D",,"A","2013","D"
"20133",2724654,13,0,"1","01","D","105","D","2009","D",.,"A",36,"D","03","D",.,"C","3","D",.,"A",.,"A",.,"A",.,"A",,"A",2800,"F",2800,"F",2800,"F",.,"A",.,"A",.,"A",.,"A",.,"A","HONAA","D",,"A","2010","D"
"20133",2739122,15,0,"1","01","D","105","D","2013","D",.,"A",36,"D","12","D",275,"D","3","D",.,"A",900,"D",1000,"D",.,"A",,"A",275,"D",275,"D",275,"D",.,"A",.,"A",.,"A",1000,"D",.,"A","MINAA","D",,"A","2012","D"
"20133",2742933,21,0,"1","01","D","105","D","2011","D",.,"A",36,"D","05","D",258,"D","3","D",.,"A",6000,"D",.,"A",.,"A",,"A",258,"D",258,"D",258,"D",.,"A",.,"A",.,"A",.,"A",.,"A","VOKAI","D",,"A","2011","D"
"20133",2742933,22,0,"1","02","D","105","D","2013","D",.,"A",39,"D","05","D",568,"D","3","D",.,"A",3500,"D",.,"A",.,"A",,"A",568,"D",568,"D",568,"D",.,"A",.,"A",.,"A",.,"A",.,"A","VOVAY","D",,"A","2013","D"
"20134",2613065,37,0,"5","01","D","105","D","2011","D",.,"A",36,"D","10","F",684,"D","3","D",.,"A",.,"A",.,"A",.,"A","08","D",684,"D",684,"D",684,"D",.,"A",.,"A",.,"A",.,"A",.,"A","GMCAO","D",,"A","2011","D"
"20134",2613065,38,0,"5","02","D","105","D","2007","D",.,"A",36,"D","03","F",289,"D","3","D",.,"A",.,"A",.,"A",.,"A","09","D",289,"D",289,"D",289,"D",.,"A",.,"A",.,"A",.,"A",.,"A","LEXAG","D",,"A","2011","D"
"20134",2613065,39,0,"1","03","D","105","D","2013","D",.,"A",36,"D","08","D",650,"D","3","D",.,"A",.,"A",.,"A",.,"A",,"A",.,"A",650,"D",650,"D",.,"A",.,"A",.,"A",.,"A",.,"A","GMCAO","D",,"A","2013","D"
"20134",2613685,15,0,"5","01","D","105","D","2007","D",.,"A",72,"D","08","F",369,"D","3","D",.,"A",.,"A",.,"A",.,"A","07","D",369,"D",369,"D",369,"D",.,"A",.,"A",.,"A",.,"A",.,"A","PONAW","D",,"A","2006","D"
"20134",2613705,13,0,"5","01","D","105","D","2013","D",.,"A",39,"D","02","D",335,"D","3","D",.,"A",8000,"D",.,"A",.,"A",,"A",335,"D",335,"D",335,"D",.,"A",.,"A",.,"A",.,"A",.,"A","CADAL","D",,"A","2013","D"
"20134",2613775,7,0,"1","01","D","105","D","2013","D",.,"A",72,"D","08","D",532,"D","3","D",.,"A",10000,"F",.,"A",.,"A",,"A",.,"A",532,"D",532,"D",.,"A",.,"A",.,"A",.,"A",.,"A","TOYAW","D",,"A","2013","D"
"20134",2614185,11,0,"1","01","D","105","D","1996","D",.,"A",36,"D","04","D",300,"D","3","D",.,"A",.,"A",.,"A",.,"A",,"A",300,"D",300,"D",300,"D",.,"A",.,"A",.,"A",.,"A",.,"A","TOYAC","D",,"A","2013","D"
"20134",2614785,15,0,"5","01","D","105","D","2011","D",.,"A",36,"D","03","D",300,"D","3","D",.,"A",.,"A",1400,"D",.,"A",,"A",300,"D",300,"D",300,"D",.,"A",.,"A",.,"A",1400,"D",.,"A","CADAM","D",,"A","2011","D"
"20134",2614825,13,0,"1","01","D","105","D","2014","D",0.75,"D",48,"D","09","D",306,"D","3","D",.,"A",350,"D",.,"A",.,"A",,"A",.,"A",.,"A",306,"D",.,"A",.,"A",.,"A",.,"A",.,"A","VOKAI","D",,"A","2013","D"
"20134",2615675,10,0,"5","01","D","105","D","2012","D",.,"A",24,"D","03","D",.,"C","3","D",.,"A",.,"C",.,"A",.,"A",,"A",375,"F",375,"F",375,"F",.,"A",.,"A",.,"A",.,"A",.,"A","NISAD","D",,"A","2012","D"
"20134",2615725,22,0,"5","02","D","105","D","2013","D",.,"A",36,"D","04","D",329,"D","3","D",.,"A",.,"A",.,"A",.,"A",,"A",329,"D",329,"D",329,"D",.,"A",.,"A",.,"A",.,"A",.,"A","HONAI","D",,"A","2013","D"
"20134",2615885,25,0,"5","01","D","105","D","2005","D",.,"A",36,"D","10","D",340,"D","3","D",.,"A",.,"A",2000,"D",.,"A",,"A",340,"D",340,"D",340,"D",.,"A",.,"A",.,"A",2000,"D",.,"A","CHEAP","D",,"A","2010","D"
"20134",2615905,14,0,"5","01","D","105","D","2012","D",.,"A",24,"D","08","D",600,"D","3","D",.,"A",.,"A",.,"A",.,"A",,"A",600,"D",600,"D",600,"D",.,"A",.,"A",.,"A",.,"A",.,"A","MRBAU","D",,"A","2012","D"
"20134",2615945,18,0,"5","01","D","105","D","2007","D",0.9,"D",36,"D","04","F",249,"D","3","D",.,"A",.,"A",.,"A",.,"A",,"A",249,"D",249,"D",249,"D",.,"A",.,"A",.,"A",.,"A",.,"A","FORBA","D",,"A","2010","D"
"20134",2616335,16,0,"5","01","D","105","D","2011","D",.,"A",36,"D","03","D",762,"D","3","D",.,"A",.,"A",.,"A",.,"A",,"A",762,"D",762,"D",762,"D",.,"A",.,"A",.,"A",.,"A",.,"A","ACUAI","D",,"A","2011","D"
"20134",2616375,23,0,"5","01","D","105","D","2009","D",.,"A",.,"C","07","F",.,"C",,"C",.,"A",.,"A",.,"A",.,"A",,"A",263,"F",263,"F",263,"F",.,"A",.,"A",.,"A",.,"A",.,"A","CHEAS","D",,"A","2013","F"
"20134",2616705,18,0,"5","02","D","105","D","2013","D",.,"A",12,"D","03","D",329,"D","3","D",.,"A",.,"A",.,"A",.,"A",,"A",329,"D",329,"D",329,"D",.,"A",.,"A",.,"A",.,"A",.,"A","BUIAS","D",,"A","2013","D"
"20134",2617105,34,0,"5","01","D","105","D","2010","D",.,"A",48,"D","04","D",1250,"D","3","D",.,"A",.,"A",.,"A",.,"A",,"A",1250,"D",1250,"D",1250,"D",.,"A",.,"A",.,"A",.,"A",.,"A","LEXAC","D",,"A","2010","D"
"20134",2617285,20,0,"5","01","D","105","D","2010","D",.,"A",48,"D","05","D",400,"D","3","D",.,"A",.,"A",.,"A",.,"A",,"A",400,"D",400,"D",400,"D",.,"A",.,"A",.,"A",.,"A",.,"A","LANAC","D",,"A","2010","D"
"20134",2617285,21,0,"5","02","D","105","D","2010","D",.,"A",48,"D","02","D",700,"D","3","D",.,"A",.,"A",2000,"D",.,"A",,"A",700,"D",700,"D",700,"D",.,"A",.,"A",.,"A",2000,"D",.,"A","BMWAA","D",,"A","2010","D"
"20134",2617285,22,0,"5","03","D","105","D","2010","D",.,"A",48,"D","09","D",430,"D","3","D",.,"A",.,"A",4000,"D",.,"A",,"A",430,"D",430,"D",430,"D",.,"A",.,"A",.,"A",4000,"D",.,"A","AUDAY","D",,"A","2010","D"
"20134",2618055,3,0,"5","01","D","105","D","2010","D",.,"A",36,"D","12","F",.,"C","3","D",.,"A",.,"A",.,"A",.,"A",,"A",214,"F",214,"F",214,"F",.,"A",.,"A",.,"A",.,"A",.,"A","VOVAQ","D",,"A","2010","D"
"20134",2619385,8,0,"5","01","D","105","D","2010","D",.,"A",36,"D","09","D",156,"D","3","D",.,"A",.,"A",2500,"D",.,"A","09","D",156,"D",156,"D",156,"D",.,"A",.,"A",.,"A",2500,"D",.,"A","MAZAA","D",,"A","2012","D"
"20134",2619735,29,0,"5","01","D","105","D","2012","D",.,"A",36,"D","06","D",260,"D","3","D",.,"A",1000,"D",1000,"D",.,"A",,"A",260,"D",260,"D",260,"D",.,"A",.,"A",.,"A",1000,"D",.,"A","HYUAA","D",,"A","2011","D"
"20134",2620835,15,0,"5","01","D","105","D","2010","D",.,"A",48,"D","08","D",412,"D","3","D",.,"A",.,"A",.,"A",.,"A",,"A",412,"D",412,"D",412,"D",.,"A",.,"A",.,"A",.,"A",.,"A","CHEBP","D",,"A","2010","D"
"20134",2623515,16,0,"5","01","D","105","D","2011","D",.,"A",36,"D","04","D",172,"D","3","D",.,"A",.,"A",5000,"D",.,"A",,"A",172,"D",172,"D",172,"D",.,"A",.,"A",.,"A",5000,"D",.,"A","SUBAF","D",,"A","2011","D"
"20134",2624415,12,0,"5","01","D","105","D","2008","D",.,"A",72,"D","05","D",657,"D","3","D",.,"A",.,"A",3000,"D",.,"A",,"A",657,"D",657,"D",657,"D",.,"A",.,"A",.,"A",3000,"D",.,"A","CHEAZ","D",,"A","2008","D"
"20134",2624445,22,0,"5","01","D","105","D","2010","D",.,"A",36,"D","08","D",415,"D","3","D",.,"A",4500,"D",.,"A",.,"A",,"A",415,"D",415,"D",415,"D",.,"A",.,"A",.,"A",.,"A",.,"A","ACUAK","D",,"A","2010","D"
"20134",2625035,32,0,"5","01","D","105","D","2011","D",.,"A",39,"D","05","D",279,"D","3","D",.,"A",.,"A",.,"A",.,"A",,"A",279,"D",279,"D",279,"D",.,"A",.,"A",.,"A",.,"A",.,"A","NISAD","D",,"A","2011","D"
"20134",2625945,21,0,"5","01","D","105","D","2012","D",.,"A",39,"D","06","D",450,"D","3","D",.,"A",.,"A",.,"A",.,"A",,"A",450,"D",450,"D",450,"D",.,"A",.,"A",.,"A",.,"A",.,"A","AUDAG","D",,"A","2012","D"
"20134",2626425,18,0,"5","01","D","105","D","2010","D",.,"A",36,"D","04","D",250,"D","3","D",.,"A",.,"A",.,"A",.,"A",,"A",250,"D",250,"D",250,"D",.,"A",.,"A",.,"A",.,"A",.,"A","HONAA","D",,"A","2010","D"
"20134",2626425,20,0,"5","03","D","105","D","2013","D",.,"A",24,"D","03","D",260,"D","3","D",.,"A",.,"C",.,"A",.,"A",,"A",260,"D",260,"D",260,"D",.,"A",.,"A",.,"A",.,"A",.,"A","HONAA","D",,"A","2013","D"
"20134",2626725,12,0,"5","01","D","105","D","2011","D",.,"A",48,"D","07","D",347,"D","3","D",.,"A",.,"A",.,"A",.,"A",,"A",347,"D",347,"D",347,"D",.,"A",.,"A",.,"A",.,"A",.,"A","HYUAE","D",,"A","2011","D"
"20134",2626725,13,0,"5","02","D","105","D","2013","D",.,"A",36,"D","05","D",320,"D","3","D",.,"A",.,"A",1000,"D",.,"A",,"A",320,"D",320,"D",320,"D",.,"A",.,"A",.,"A",1000,"D",.,"A","HYUAB","D",,"A","2013","D"
"20134",2626785,13,0,"5","01","D","105","D","2011","D",.,"A",36,"D","03","D",264,"D","3","D",.,"A",.,"A",.,"A",.,"A","10","D",264,"D",264,"D",264,"D",.,"A",.,"A",.,"A",.,"A",900,"D","FORBJ","D",,"A","2011","D"
"20134",2626785,14,0,"1","02","D","105","D","2014","D",.,"A",36,"D","11","D",275,"D","3","D",.,"A",.,"C",.,"A",.,"A",,"A",.,"A",.,"A",.,"A",.,"A",.,"A",.,"A",.,"A",.,"A","FORBA","D",,"A","2013","D"
"20134",2626955,29,0,"5","03","D","105","D","2013","D",.,"A",36,"D","11","D",420,"D","3","D",.,"A",.,"A",.,"A",.,"A",,"A",420,"D",420,"D",420,"D",55,"D",55,"D",55,"D",.,"A",.,"A","TOYBA","D",,"A","2012","D"
"20134",2627225,21,0,"5","01","D","105","D","2012","D",.,"A",60,"D","02","D",440,"D","3","D",.,"A",.,"A",.,"A",.,"A",,"A",440,"D",440,"D",440,"D",.,"A",.,"A",.,"A",.,"A",.,"A","DODAX","D",,"A","2013","D"
"20134",2627295,19,0,"5","02","D","105","D","2006","D",.,"A",60,"D","07","D",180,"D","3","D",.,"A",.,"A",.,"A",.,"A",,"A",180,"D",180,"D",180,"D",.,"A",.,"A",.,"A",.,"A",.,"A","DODAJ","D",,"A","2012","D"
"20134",2627295,20,0,"5","03","D","105","D","2004","D",.,"A",.,"C","06","F",.,"B","8","D",.,"A",.,"A",.,"A",.,"A",,"A",200,"F",200,"F",200,"F",.,"A",.,"A",.,"A",.,"A",.,"A","HYUAE","D",,"A","2012","F"
"20134",2627295,21,0,"5","04","D","105","D","2004","D",.,"A",.,"C","02","F",.,"B","8","D",.,"A",.,"A",.,"A",.,"A",,"A",260,"F",260,"F",260,"F",.,"A",.,"A",.,"A",.,"A",.,"A","PONAG","D",,"A","2013","F"
"20134",2628755,15,0,"5","01","D","105","D","2012","D",.,"A",24,"D","04","D",280,"D","3","D",.,"A",.,"A",.,"A",.,"A","10","D",280,"D",280,"D",280,"D",.,"A",.,"A",.,"A",.,"A",.,"A","FORBC","D",,"A","2012","D"
"20134",2628755,16,0,"1","02","D","105","D","2014","D",.,"A",24,"D","11","D",350,"D","3","D",.,"A",.,"A",2000,"D",.,"A",,"A",.,"A",.,"A",.,"A",.,"A",.,"A",.,"A",2000,"D",.,"A","FORAS","D",,"A","2013","D"
"20134",2630455,8,0,"5","01","D","105","D","2011","D",.,"A",60,"D","10","D",387,"D","3","D",.,"A",.,"A",.,"C",.,"A",,"A",387,"D",387,"D",387,"D",.,"A",.,"A",.,"A",.,"B",.,"A","TOYAC","D",,"A","2011","D"
"20134",2631435,16,0,"5","01","D","105","D","2010","D",.,"A",36,"D","03","D",425,"D","3","D",.,"A",1300,"D",.,"A",.,"A","09","D",425,"D",425,"D",.,"A",.,"A",.,"A",.,"A",.,"A",.,"A","NISAD","D",,"A","2010","D"
"20134",2631435,17,0,"1","02","D","105","D","2013","D",.,"A",36,"D","04","D",480,"D","3","D",.,"A",.,"A",.,"A",.,"A",,"A",480,"D",480,"D",480,"D",15,"D",15,"D",15,"D",.,"A",.,"A","NISAD","D",,"A","2013","D"
"20134",2631815,15,0,"5","01","D","105","D","2012","D",.,"A",36,"D","10","D",317,"D","3","D",.,"A",.,"A",.,"A",.,"A",,"A",317,"D",317,"D",317,"D",.,"A",.,"A",.,"A",.,"A",.,"A","HONAB","D",,"A","2011","D"
"20134",2632575,16,0,"5","01","D","105","D","2011","D",.,"A",39,"D","06","D",467,"D","3","D",.,"A",2000,"D",.,"A",.,"A",,"A",467,"D",467,"D",467,"D",.,"A",.,"A",.,"A",.,"A",.,"A","BUIAN","D",,"A","2011","D"
"20134",2632575,17,0,"5","02","D","105","D","2012","D",.,"A",36,"D","10","D",362,"D","3","D",.,"A",.,"A",1900,"D",.,"A",,"A",362,"D",362,"D",362,"D",.,"A",.,"A",.,"A",1900,"D",.,"A","HONAA","D",,"A","2012","D"
"20134",2633965,3,0,"5","01","D","105","D","2008","D",.,"A",72,"D","02","D",317,"D","3","D",.,"A",.,"A",3500,"D",.,"A",,"A",317,"D",317,"D",317,"D",.,"A",.,"A",.,"A",3500,"D",.,"A","CHEAP","D",,"A","2012","D"
"20134",2634065,29,0,"5","01","D","105","D","2011","D",.,"A",36,"D","06","D",60,"D","3","D",.,"A",.,"A",.,"A",.,"A",,"A",60,"D",60,"D",60,"D",.,"A",.,"A",.,"A",.,"A",.,"A","HONAJ","D",,"A","2010","D"
"20134",2634425,11,0,"5","01","D","105","D","2011","D",.,"A",36,"D","05","F",211,"D","3","D",.,"A",.,"A",.,"A",.,"A",,"A",211,"D",211,"D",211,"D",.,"A",.,"A",.,"A",.,"A",.,"A","NISAW","D",,"A","2013","F"
"20134",2635135,16,0,"5","01","D","105","D","2000","D",.,"A",12,"D","02","D",6500,"D","3","D",.,"A",.,"A",.,"A",.,"A","08","D",6500,"D",.,"A",.,"A",.,"A",.,"A",.,"A",.,"A",.,"A","BUIAD","D",,"A","2009","D"
"20134",2636545,16,0,"5","01","D","105","D","2013","D",.,"A",36,"D","04","D",360,"D","3","D",.,"A",10000,"D",3500,"D",.,"A",,"A",360,"D",360,"D",360,"D",.,"A",.,"A",.,"A",3500,"D",.,"A","JEEAD","D",,"A","2013","D"
"20134",2638115,18,0,"5","01","D","105","D","2013","D",.,"A",39,"D","02","D",315,"D","3","D",.,"A",2000,"D",1000,"D",.,"A",,"A",315,"D",315,"D",315,"D",.,"A",.,"A",.,"A",1000,"D",.,"A","FORBJ","D",,"A","2013","D"
"20134",2638205,16,0,"5","01","D","105","D","2012","D",.,"A",36,"D","06","D",599,"D","3","D",.,"A",.,"A",.,"A",.,"A",,"A",599,"D",599,"D",599,"D",.,"A",.,"A",.,"A",.,"A",.,"A","LEXAH","D",,"A","2012","D"
"20134",2638295,14,0,"5","01","D","105","D","2014","D",.,"A",1,"D","07","D",.,"B","8","D",.,"A",.,"A",22000,"D",.,"A",,"A",22000,"D",.,"A",.,"A",.,"A",.,"A",.,"A",22000,"D",.,"A","ACUAI","D",,"A","2013","D"
"20134",2638475,7,0,"5","01","D","105","D","2004","D",.,"A",48,"D","09","F",325,"D","3","D",.,"A",.,"A",2500,"D",.,"A",,"A",325,"D",325,"D",325,"D",.,"A",.,"A",.,"A",2500,"D",.,"A","PONAG","D",,"A","2010","D"
"20134",2639735,4,0,"5","01","D","105","D","1995","D",.,"A",12,"D","02","D",150,"D","3","D",.,"A",.,"A",.,"A",.,"A",,"A",150,"D",150,"D",150,"D",.,"A",.,"A",.,"A",.,"A",.,"A","PONAF","D",,"A","2012","D"
"20134",2639895,17,0,"5","01","D","105","D","2012","D",.,"A",36,"D","03","D",550,"D","3","D",.,"A",.,"A",6000,"D",.,"A",,"A",550,"D",550,"D",550,"D",.,"A",.,"A",.,"A",6000,"D",.,"A","BMWAA","D",,"A","2012","D"
"20134",2640825,14,0,"5","01","D","105","D","2012","D",.,"A",36,"D","10","F",.,"C","3","D",.,"A",.,"A",.,"A",.,"A",,"A",348,"F",348,"F",348,"F",.,"A",.,"A",.,"A",.,"A",.,"A","MRBXX","D",,"A","2012","D"
"20134",2641035,17,0,"5","02","D","105","D","2013","D",.,"A",36,"D","01","D",657,"D","3","D",.,"A",.,"A",.,"A",.,"A",,"A",657,"D",657,"D",657,"D",.,"A",.,"A",.,"A",.,"A",.,"A","ACUAI","D",,"A","2013","D"
"20134",2643095,24,0,"5","01","D","105","D","2011","D",.,"A",36,"D","12","D",360,"D","3","D",.,"A",.,"A",.,"A",.,"A","10","D",360,"D",360,"D",.,"A",.,"A",.,"A",.,"A",.,"A",.,"A","VOKAU","D",,"A","2011","D"
"20134",2643095,25,0,"1","02","D","105","D","2014","D",.,"A",36,"D","11","D",450,"D","3","D",.,"A",.,"A",.,"A",.,"A",,"A",.,"A",.,"A",450,"D",.,"A",.,"A",.,"A",.,"A",.,"A","VOKAK","D",,"A","2013","D"
"20134",2643775,10,0,"1","01","D","105","D","2008","D",.,"A",24,"D","10","D",167,"D","3","D",.,"A",.,"A",795,"D",.,"A",,"A",.,"A",167,"D",167,"D",.,"A",.,"A",.,"A",795,"D",.,"A","CHEBN","D",,"A","2013","D"
"20134",2644985,14,0,"5","01","D","105","D","2011","D",.,"A",36,"D","01","D",400,"D","3","D",.,"A",.,"A",.,"A",.,"A",,"A",400,"D",400,"D",400,"D",.,"A",.,"A",.,"A",.,"A",.,"A","NISAG","D",,"A","2011","D"
"20134",2645535,14,0,"5","01","D","105","D","2013","D",.,"A",.,"C","04","D",420,"D","3","D",.,"A",.,"A",3000,"D",.,"A",,"A",420,"D",420,"D",420,"D",.,"A",.,"A",.,"A",3000,"D",.,"A","ACUXX","D",,"A","2013","D"
"20134",2646115,24,0,"5","01","D","105","D","2009","D",0.8,"D",48,"D","09","D",554,"D","3","D",.,"A",.,"A",.,"A",.,"A",,"A",554,"D",554,"D",554,"D",.,"A",.,"A",.,"A",.,"A",.,"A","VOVAQ","D",,"A","2010","D"
"20134",2646115,25,0,"5","02","D","105","D","2013","D",0.8,"D",36,"D","08","D",568,"D","3","D",.,"A",.,"A",.,"A",.,"A",,"A",568,"D",568,"D",568,"D",.,"A",.,"A",.,"A",.,"A",.,"A","LANAH","D",,"A","2013","D"
"20134",2646495,12,0,"5","02","D","105","D","2013","D",.,"A",39,"D","03","D",240,"D","3","D",.,"A",.,"A",.,"A",.,"A",,"A",240,"D",240,"D",240,"D",.,"A",.,"A",.,"A",.,"A",.,"A","NISAW","D",,"A","2013","D"
"20134",2646565,20,0,"5","01","D","105","D","2013","D",.,"A",.,"C","09","D",259,"D","3","D",.,"A",.,"A",3000,"D",.,"A","11","D",259,"D",259,"D",259,"D",.,"A",.,"A",.,"A",3000,"D",.,"A","TOYAF","D",,"A","2012","D"
"20134",2647774,28,0,"5","01","D","105","D","2013","D",.,"A",39,"D","06","D",224,"D","3","D",.,"A",6500,"D",.,"A",.,"A",,"A",224,"D",224,"D",224,"D",.,"A",.,"A",.,"A",.,"A",.,"A","VOKAW","D",,"A","2012","D"
"20134",2648014,12,0,"5","01","D","105","D","2010","D",.,"A",36,"D","04","F",173,"D","3","D",.,"A",.,"A",.,"A",.,"A",,"A",173,"D",173,"D",173,"D",.,"A",.,"A",.,"A",.,"A",.,"A","KIAAD","D",,"A","2012","D"
"20134",2648584,13,0,"5","01","D","105","D","2013","D",.,"A",24,"D","09","D",.,"C","3","D",.,"A",.,"C",.,"C",.,"A",,"A",335,"F",335,"F",335,"F",.,"A",.,"A",.,"A",.,"B",.,"A","NISAD","D",,"A","2012","D"
"20134",2648584,14,0,"5","02","D","105","D","2010","D",.,"A",39,"D","03","F",.,"C","3","D",.,"A",.,"A",.,"A",.,"A",,"A",250,"F",250,"F",250,"F",.,"A",.,"A",.,"A",.,"A",.,"A","NISAF","D",,"A","2010","D"
"20134",2648784,17,0,"5","01","D","105","D","2011","D",.,"A",36,"D","11","D",577,"D","3","D",.,"A",.,"A",.,"A",.,"A","09","F",577,"D",577,"D",577,"D",.,"A",.,"A",.,"A",.,"A",.,"A","TOYAC","D",,"A","2010","D"
"20134",2648964,10,0,"5","01","D","105","D","2011","D",.,"A",36,"D","09","D",450,"D","3","D",.,"A",.,"A",2000,"D",.,"A",,"A",450,"D",450,"D",450,"D",50,"D",50,"D",50,"D",2000,"D",.,"A","TOYAO","D",,"A","2010","D"
"20134",2649964,18,0,"5","01","D","105","D","2013","D",.,"A",48,"D","01","D",339,"D","3","D",.,"A",4000,"D",24000,"D",.,"A",,"A",339,"D",339,"D",339,"D",.,"A",.,"A",.,"A",24000,"D",.,"A","HYUAE","D",,"A","2013","D"
"20134",2650444,12,0,"5","01","D","105","D","2012","D",.,"A",39,"D","09","D",316,"D","3","D",.,"A",.,"A",1000,"D",.,"A",,"A",316,"D",316,"D",316,"D",.,"A",.,"A",.,"A",1000,"D",.,"A","BUIAN","D",,"A","2012","D"
"20134",2650494,20,0,"5","01","D","105","D","2011","D",.,"A",36,"D","10","D",433,"D","3","D",.,"A",.,"A",1000,"D",.,"A",,"A",433,"D",433,"D",433,"D",.,"A",.,"A",.,"A",1000,"D",.,"A","TOYAC","D",,"A","2011","D"
"20134",2650804,26,0,"5","01","D","105","D","2012","D",0.2,"D",36,"D","08","D",554,"D","3","D",.,"A",1000,"D",2000,"D",.,"A",,"A",554,"D",554,"D",554,"D",.,"A",.,"A",.,"A",2000,"D",.,"A","KIAAG","D",,"A","2012","D"
"20134",2651484,18,0,"5","02","D","105","D","2010","D",.,"A",36,"D","12","D",300,"D","3","D",.,"A",.,"A",2000,"D",.,"A",,"A",300,"D",300,"D",300,"D",.,"A",.,"A",.,"A",2000,"D",.,"A","DODAC","D",,"A","2010","D"
"20134",2651484,19,0,"5","03","D","105","D","2013","D",.,"A",39,"D","01","D",236,"D","3","D",.,"A",.,"A",.,"A",.,"A",,"A",236,"D",236,"D",236,"D",.,"A",.,"A",.,"A",.,"A",.,"A","CHEBP","D",,"A","2013","D"
"20134",2651874,17,0,"5","01","D","105","D","2011","D",.,"A",36,"D","02","D",326,"D","3","D",.,"A",.,"A",1800,"D",.,"A",,"A",326,"D",326,"D",326,"D",.,"A",.,"A",.,"A",1800,"D",.,"A","CHEAS","D",,"A","2011","D"
"20134",2652204,19,0,"5","01","D","105","D","2013","D",.,"A",36,"D","05","D",477,"D","3","D",.,"A",.,"A",3507,"D",.,"A",,"A",477,"D",477,"D",477,"D",.,"A",.,"A",.,"A",3507,"D",.,"A","XXXXX","D",,"A","2013","D"
"20134",2653394,17,0,"5","01","D","105","D","2012","D",.,"A",36,"D","10","D",395,"D","3","D",.,"A",.,"A",.,"A",.,"A",,"A",395,"D",395,"D",395,"D",.,"A",.,"A",.,"A",.,"A",.,"A","TOYAC","D",,"A","2012","D"
"20134",2653534,13,0,"5","01","D","105","D","2010","D",.,"A",36,"D","03","F",250,"D","3","D",.,"A",.,"C",.,"C",.,"A",,"A",250,"D",250,"D",250,"D",.,"A",.,"A",.,"A",.,"B",.,"A","CHEAS","D",,"A","2010","D"
"20134",2654024,15,0,"5","01","D","105","D","2013","D",.,"A",36,"D","01","D",170,"D","3","D",.,"A",.,"A",.,"A",.,"A",,"A",170,"D",170,"D",170,"D",.,"A",.,"A",.,"A",.,"A",.,"A","TOYAF","D",,"A","2013","D"
"20134",2654024,16,0,"5","02","D","105","D","2013","D",.,"A",36,"D","07","D",335,"D","3","D",.,"A",12000,"D",.,"A",.,"A",,"A",335,"D",335,"D",335,"D",.,"A",.,"A",.,"A",.,"A",.,"A","FORAO","D",,"A","2013","D"
"20134",2654364,6,0,"5","01","D","105","D","2013","D",.,"A",24,"D","05","D",500,"D","3","D",.,"A",.,"A",.,"A",.,"A",,"A",500,"D",500,"D",500,"D",.,"A",.,"A",.,"A",.,"A",.,"A","LINAD","D",,"A","2013","D"
"20134",2654914,21,0,"5","01","D","105","D","2013","D",0.5,"D",24,"D","01","D",1500,"D","3","D",.,"A",.,"A",.,"A",.,"A",,"A",1500,"D",1500,"D",1500,"D",.,"A",.,"A",.,"A",.,"A",.,"A","MRBAY","D",,"A","2013","D"
"20134",2655654,40,0,"5","01","D","105","D","2012","D",.,"A",39,"D","10","D",189,"D","3","D",.,"A",3000,"D",.,"A",.,"A",,"A",189,"D",189,"D",189,"D",.,"A",.,"A",.,"A",.,"A",.,"A","NISAN","D",,"A","2012","D"
"20134",2655694,15,0,"5","01","D","105","D","2010","D",.,"A",36,"D","09","F",480,"D","3","D",.,"A",.,"A",.,"A",.,"A",,"A",480,"D",480,"D",480,"D",.,"A",.,"A",.,"A",.,"A",.,"A","HONAG","D",,"A","2010","D"
"20134",2655694,16,0,"5","02","D","105","D","2012","D",.,"A",36,"D","10","F",400,"D","3","D",.,"A",.,"A",.,"A",.,"A","09","D",400,"D",400,"D",400,"D",.,"A",.,"A",.,"A",.,"A",.,"A","HONAA","D",,"A","2012","D"
"20134",2657454,10,0,"5","01","D","105","D","2012","D",.,"A",72,"D","12","D",520,"D","3","D",.,"A",.,"A",.,"A",.,"A",,"A",520,"D",520,"D",520,"D",45,"D",45,"D",45,"D",.,"A",.,"A","CHEBS","D",,"A","2012","D"
"20134",2657644,39,0,"5","01","D","105","D","2013","D",.,"A",36,"D","01","D",425,"D","3","D",.,"A",.,"A",.,"A",.,"A",,"A",425,"D",425,"D",425,"D",.,"A",.,"A",.,"A",.,"A",.,"A","FORAM","D",,"A","2013","D"
"20134",2657954,17,0,"5","01","D","105","D","2012","D",0.5,"D",36,"D","03","D",315,"D","3","D",.,"A",.,"A",.,"A",.,"A",,"A",315,"D",315,"D",315,"D",.,"A",.,"A",.,"A",.,"A",.,"A","VOKAK","D",,"A","2012","D"
"20134",2659184,17,0,"5","01","D","105","D","2012","D",.,"A",36,"D","03","D",213,"D","3","D",.,"A",.,"A",.,"A",.,"A",,"A",213,"D",213,"D",213,"D",.,"A",.,"A",.,"A",.,"A",.,"A","HONAB","D",,"A","2013","D"
"20134",2659584,14,0,"5","01","D","105","D","2011","D",.,"A",36,"D","07","D",167,"D","3","D",.,"A",.,"A",3000,"D",.,"A",,"A",167,"D",167,"D",167,"D",.,"A",.,"A",.,"A",3000,"D",.,"A","HYUAB","D",,"A","2011","D"
"20134",2659584,15,0,"5","02","D","105","D","2011","D",.,"A",36,"D","07","D",167,"D","3","D",.,"A",.,"A",.,"A",.,"A",,"A",167,"D",167,"D",167,"D",.,"A",.,"A",.,"A",.,"A",.,"A","HYUAB","D",,"A","2011","D"
"20134",2660184,18,0,"5","02","D","105","D","2013","D",.,"A",36,"D","04","D",412,"D","3","D",.,"A",.,"A",.,"A",.,"A",,"A",412,"D",412,"D",412,"D",.,"A",.,"A",.,"A",.,"A",.,"A","TOYAN","D",,"A","2013","D"
"20134",2661394,14,0,"5","01","D","105","D","2006","D",.,"A",60,"D","11","D",269,"D","3","D",.,"A",.,"A",.,"A",.,"A",,"A",269,"D",269,"D",269,"D",.,"A",.,"A",.,"A",.,"A",.,"A","JEEAD","D",,"A","2012","D"
"20134",2661724,10,0,"1","01","D","105","D","2010","D",.,"A",48,"D","01","D",200,"D","3","D",.,"A",.,"A",.,"A",.,"A",,"A",200,"D",200,"D",200,"D",.,"A",.,"A",.,"A",.,"A",.,"A","HONAH","D",,"A","2010","D"
"20134",2662824,9,0,"5","01","D","105","D","2010","D",0.99,"D",36,"D","04","F",2800,"D","3","D",.,"A",.,"A",200,"D",.,"A","08","D",2800,"D",2800,"D",2800,"D",.,"A",.,"A",.,"A",200,"D",.,"A","NISAD","D",,"A","2012","D"
"20134",2663284,8,0,"5","01","D","105","D","2013","D",.,"A",.,"C","11","D",3100,"D","3","D",.,"A",.,"A",.,"A",.,"A",,"A",.,"A",.,"A",.,"A",.,"A",.,"A",.,"A",.,"A",.,"A","BENAD","D",,"A","2013","D"
"20134",2664144,39,0,"5","01","D","105","D","2014","D",.,"A",36,"D","07","D",230,"D","3","D",.,"A",.,"A",5000,"D",.,"A",,"A",230,"D",230,"D",230,"D",.,"A",.,"A",.,"A",5000,"D",.,"A","KIAAE","D",,"A","2013","D"
"20134",2664194,15,0,"5","01","D","105","D","2013","D",.,"A",36,"D","04","D",175,"D","3","D",.,"A",7000,"D",.,"A",.,"A",,"A",175,"D",175,"D",175,"D",.,"A",.,"A",.,"A",.,"A",.,"A","SUBAC","D",,"A","2013","D"
"20134",2664364,18,0,"5","01","D","105","D","2012","D",.,"A",36,"D","04","D",348,"D","3","D",.,"A",.,"A",985,"D",.,"A",,"A",348,"D",348,"D",348,"D",.,"A",.,"A",.,"A",985,"D",.,"A","NISAJ","D",,"A","2013","D"
"20134",2664724,11,0,"5","01","D","105","D","2012","D",.,"A",36,"D","12","D",240,"D","3","D",.,"A",500,"D",3000,"D",.,"A",,"A",240,"D",240,"D",240,"D",.,"A",.,"A",.,"A",3000,"D",.,"A","NISAN","D",,"A","2012","D"
"20134",2665894,20,0,"5","01","D","105","D","2010","D",.,"A",36,"D","05","D",269,"D","3","D",.,"A",.,"A",1200,"D",.,"A",,"A",269,"D",269,"D",269,"D",.,"A",.,"A",.,"A",1200,"D",.,"A","TOYAC","D",,"A","2010","D"
"20134",2665894,21,0,"5","02","D","105","D","2009","D",.,"A",60,"D","04","D",470,"D","3","D",.,"A",3000,"D",.,"A",.,"A",,"A",470,"D",470,"D",470,"D",.,"A",.,"A",.,"A",.,"A",.,"A","HONAI","D",,"A","2009","D"
"20134",2666524,27,0,"5","01","D","105","D","2013","D",.,"A",36,"D","08","D",165,"D","3","D",.,"A",.,"A",2000,"D",.,"A",,"A",165,"D",165,"D",165,"D",.,"A",.,"A",.,"A",2000,"D",.,"A","HONAB","D",,"A","2013","D"
"20134",2666524,28,0,"1","02","D","105","D","2013","D",.,"A",36,"D","10","D",333,"D","3","D",.,"A",.,"A",3330,"D",.,"A",,"A",.,"A",.,"A",333,"D",.,"A",.,"A",.,"A",3330,"D",.,"A","HONAI","D",,"A","2013","D"
"20134",2666704,16,0,"5","01","D","105","D","2010","D",.,"A",36,"D","07","D",360,"D","3","D",.,"A",.,"A",.,"A",.,"A",,"A",360,"D",360,"D",360,"D",.,"A",.,"A",.,"A",.,"A",.,"A","FORAW","D",,"A","2011","D"
"20134",2666884,16,0,"5","01","D","105","D","2011","D",.,"A",36,"D","04","D",248,"D","3","D",.,"A",.,"A",.,"A",.,"A",,"A",248,"D",248,"D",248,"D",.,"A",.,"A",.,"A",.,"A",.,"A","KIAAL","D",,"A","2011","D"
"20134",2667124,28,0,"5","01","D","105","D","2011","D",.,"A",36,"D","05","D",346,"D","3","D",.,"A",.,"A",.,"A",.,"A",,"A",346,"D",346,"D",346,"D",.,"A",.,"A",.,"A",.,"A",.,"A","TOYAU","D",,"A","2011","D"
"20134",2667194,11,0,"5","01","D","105","D","2013","D",.,"A",60,"D","02","D",450,"D","3","D",.,"A",.,"A",.,"C",.,"A",,"A",450,"D",450,"D",450,"D",.,"A",.,"A",.,"A",.,"B",.,"A","MRBXX","D",,"A","2013","D"
"20134",2667614,11,0,"1","01","D","105","D","2013","D",.,"A",.,"C","09","D",122,"D","3","D",.,"A",.,"A",.,"A",.,"A",,"A",.,"A",122,"D",122,"D",.,"A",.,"A",.,"A",.,"A",.,"A","TOYAF","D",,"A","2013","D"
"20134",2668454,18,0,"5","01","D","105","D","2013","D",.,"A",42,"D","10","D",658,"D","3","D",.,"A",.,"A",.,"A",.,"A",,"A",658,"D",658,"D",658,"D",.,"A",.,"A",.,"A",.,"A",.,"A","AUDAX","D",,"A","2012","D"
"20134",2668904,23,0,"5","01","D","105","D","2011","D",.,"A",36,"D","04","D",250,"D","3","D",.,"A",3000,"D",.,"A",.,"A",,"A",250,"D",250,"D",250,"D",.,"A",.,"A",.,"A",.,"A",.,"A","TOYAC","D",,"A","2011","D"
"20134",2669364,13,0,"5","01","D","105","D","2012","D",.,"A",36,"D","01","D",381,"D","3","D",.,"A",.,"A",.,"A",.,"A",,"A",381,"D",381,"D",381,"D",.,"A",.,"A",.,"A",.,"A",.,"A","HONAB","D",,"A","2011","D"
"20134",2669794,27,0,"5","01","D","105","D","2011","D",.,"A",36,"D","10","D",365,"D","3","D",.,"A",.,"A",.,"A",.,"A",,"A",365,"D",365,"D",365,"D",40,"D",40,"D",40,"D",.,"A",.,"A","TOYAF","D",,"A","2011","D"
"20134",2670184,14,0,"5","01","D","105","D","2014","D",.,"A",36,"D","09","D",399,"D","3","D",.,"A",.,"A",2500,"D",.,"A",,"A",399,"D",399,"D",399,"D",.,"A",.,"A",.,"A",2500,"D",.,"A","MAZAY","D",,"A","2013","D"
"20134",2670554,11,0,"5","01","D","105","D","2006","D",.,"A",26,"D","08","D",270,"D","3","D",.,"A",.,"A",1500,"D",.,"A",,"A",270,"D",270,"D",270,"D",.,"A",.,"A",.,"A",1500,"D",.,"A","CHEAP","D",,"A","2012","D"
"20134",2670554,12,0,"5","02","D","105","D","1998","D",.,"A",48,"D","12","D",200,"D","3","D",.,"A",.,"A",1000,"D",.,"A",,"A",200,"D",200,"D",200,"D",.,"A",.,"A",.,"A",1000,"D",.,"A","DODAJ","D",,"A","2012","D"
"20134",2670664,26,0,"5","01","D","105","D","2013","D",.,"A",36,"D","12","D",373,"D","3","D",.,"A",.,"A",10000,"D",.,"A",,"A",373,"D",373,"D",373,"D",.,"A",.,"A",.,"A",10000,"D",.,"A","LEXAK","D",,"A","2012","D"
"20134",2670844,31,0,"5","01","D","105","D","2012","D",.,"A",36,"D","03","D",559,"D","3","D",.,"A",.,"A",515,"D",.,"A",,"A",559,"D",559,"D",559,"D",.,"A",.,"A",.,"A",515,"D",.,"A","FORAM","D",,"A","2012","D"
"20134",2671494,15,0,"5","01","D","105","D","2012","D",.,"A",39,"D","04","D",210,"D","3","D",.,"A",6000,"D",.,"A",.,"A",,"A",210,"D",210,"D",210,"D",.,"A",.,"A",.,"A",.,"A",.,"A","CHEBT","D",,"A","2012","D"
"20134",2671734,15,0,"5","01","D","105","D","2011","D",.,"A",36,"D","02","D",274,"D","3","D",.,"A",.,"A",4000,"D",.,"A",,"A",274,"D",274,"D",274,"D",.,"A",.,"A",.,"A",4000,"D",.,"A","HONXX","D",,"A","2011","D"
"20134",2671914,11,0,"5","01","D","105","D","2012","D",.,"A",42,"D","05","D",386,"D","3","D",.,"A",.,"A",.,"A",.,"A",,"A",386,"D",386,"D",386,"D",.,"A",.,"A",.,"A",.,"A",.,"A","HONAB","D",,"A","2012","D"
"20134",2673234,13,0,"5","01","D","105","D","2010","D",.,"A",48,"D","02","D",410,"D","3","D",.,"A",.,"A",.,"A",.,"A",,"A",410,"D",410,"D",410,"D",.,"A",.,"A",.,"A",.,"A",.,"A","TOYAO","D",,"A","2010","D"
"20134",2674244,3,0,"5","01","D","105","D","2010","D",.,"A",.,"C","01","F",350,"D","3","D",.,"A",.,"A",.,"A",.,"A",,"A",350,"D",350,"D",350,"D",.,"A",.,"A",.,"A",.,"A",.,"A","SAAXX","D",,"A","2013","F"
"20134",2674484,12,0,"5","01","D","105","D","2002","D",.,"A",39,"D","12","D",169,"D","3","D",.,"A",.,"A",4000,"D",.,"A",,"A",169,"D",169,"D",169,"D",.,"A",.,"A",.,"A",4000,"D",.,"A","CHEBT","D",,"A","2011","D"
"20134",2674634,18,0,"5","01","D","105","D","2011","D",.,"A",36,"D","08","D",208,"D","3","D",.,"A",.,"A",.,"A",.,"A",,"A",208,"D",208,"D",208,"D",.,"A",.,"A",.,"A",.,"A",.,"A","HONAA","D",,"A","2011","D"
"20134",2674754,23,0,"5","01","D","105","D","2011","D",.,"A",24,"D","06","D",530,"D","3","D",.,"A",.,"A",1200,"D",.,"A",,"A",530,"D",530,"D",530,"D",.,"A",.,"A",.,"A",1200,"D",.,"A","MRBAY","D",,"A","2012","D"
"20134",2675514,16,0,"5","01","D","105","D","2013","D",.,"A",36,"D","05","D",370,"D","3","D",.,"A",.,"A",.,"A",.,"A",,"A",370,"D",370,"D",370,"D",.,"A",.,"A",.,"A",.,"A",.,"A","BUIAG","D",,"A","2013","D"
"20134",2675924,18,0,"5","01","D","105","D","2012","D",.,"A",60,"D","05","D",50,"D","3","D",.,"A",.,"A",1600,"D",.,"A",,"A",50,"D",50,"D",50,"D",.,"A",.,"A",.,"A",1600,"D",.,"A","HONAB","D",,"A","2013","D"
"20134",2676744,17,0,"1","01","D","105","D","2014","D",.,"A",.,"C","12","D",309,"D","3","D",.,"A",.,"A",.,"A",.,"A",,"A",.,"A",.,"A",.,"A",.,"A",.,"A",.,"A",.,"A",.,"A","CHEBT","D",,"A","2013","D"
"20134",2677584,17,0,"1","01","D","105","D","2013","D",.,"A",30,"D","12","D",294,"D","3","D",.,"A",6000,"D",.,"A",.,"A",,"A",.,"A",.,"A",.,"A",.,"A",.,"A",.,"A",.,"A",.,"A","TOYAO","D",,"A","2013","D"
"20134",2677894,6,0,"5","01","D","105","D",,"C",.,"A",.,"C","02","F",.,"C","3","D",.,"A",.,"A",.,"A",.,"A",,"A",341,"F",341,"F",341,"F",.,"A",.,"A",.,"A",.,"A",.,"A","CADXX","D",,"A","2012","F"
"20134",2677934,14,0,"5","01","D","105","D","2008","D",.,"A",60,"D","06","D",500,"D","3","D",.,"A",.,"A",.,"A",.,"A",,"A",500,"D",500,"D",500,"D",.,"A",.,"A",.,"A",.,"A",.,"A","TOYAT","D",,"A","2008","D"
"20134",2678604,29,0,"5","01","D","105","D","2013","D",.,"A",36,"D","11","D",300,"D","3","D",.,"A",.,"A",.,"C",.,"A",,"A",300,"D",300,"D",300,"D",.,"A",.,"A",.,"A",.,"B",.,"A","BMWAA","D",,"A","2012","D"
"20134",2678774,21,0,"5","02","D","105","D","2013","D",.,"A",36,"D","08","D",278,"D","3","D",.,"A",.,"A",.,"A",.,"A",,"A",278,"D",278,"D",278,"D",.,"A",.,"A",.,"A",.,"A",.,"A","VOKAI","D",,"A","2013","D"
"20134",2678894,12,0,"5","01","D","105","D","2012","D",.,"A",36,"D","02","D",242,"D","3","D",.,"A",.,"A",.,"A",.,"A",,"A",242,"D",242,"D",242,"D",.,"A",.,"A",.,"A",.,"A",.,"A","HONAA","D",,"A","2012","D"
"20134",2679054,15,0,"5","01","D","105","D","2012","D",.,"A",36,"D","03","D",360,"D","3","D",.,"A",.,"A",.,"A",.,"A",,"A",360,"D",360,"D",360,"D",.,"A",.,"A",.,"A",.,"A",.,"A","TOYAC","D",,"A","2012","D"
"20134",2680303,21,0,"5","01","D","105","D","2012","D",.,"A",60,"D","11","D",475,"D","3","D",.,"A",.,"A",3000,"D",.,"A",,"A",475,"D",475,"D",475,"D",.,"A",.,"A",.,"A",3000,"D",.,"A","FORAM","D",,"A","2011","D"
"20134",2681413,6,0,"5","01","D","105","D","2012","D",.,"A",36,"D","01","D",225,"D","3","D",.,"A",.,"A",1000,"D",.,"A",,"A",225,"D",225,"D",225,"D",.,"A",.,"A",.,"A",1000,"D",.,"A","NISAN","D",,"A","2012","D"
"20134",2681413,7,0,"5","02","D","105","D","2012","D",.,"A",36,"D","01","D",225,"D","3","D",.,"A",.,"A",1000,"D",.,"A","07","D",225,"D",.,"A",.,"A",.,"A",.,"A",.,"A",1000,"D",.,"A","NISAN","D",,"A","2012","D"
"20134",2682043,19,0,"5","01","D","105","D","2013","D",.,"A",.,"C","04","D",500,"D","3","D",.,"A",.,"A",.,"A",.,"A",,"A",500,"D",500,"D",500,"D",.,"A",.,"A",.,"A",.,"A",.,"A","LEXXX","D",,"A","2013","D"
"20134",2682483,12,0,"5","01","D","105","D","2003","D",.,"A",.,"C","11","D",300,"D","3","D",.,"A",.,"A",.,"A",.,"A",,"A",300,"D",300,"D",300,"D",.,"A",.,"A",.,"A",.,"A",.,"A","CHEBI","D",,"A","2006","D"
"20134",2682783,12,0,"1","01","D","105","D","2011","D",.,"A",39,"D","09","D",388,"D","3","D",.,"A",.,"A",.,"A",.,"A",,"A",388,"D",388,"D",388,"D",.,"A",.,"A",.,"A",.,"A",.,"A","INFAN","D",,"A","2011","D"
"20134",2683113,14,0,"5","01","D","105","D","2013","D",.,"A",24,"D","03","D",.,"C","3","D",.,"A",.,"A",.,"A",.,"A",,"A",339,"F",339,"F",339,"F",.,"A",.,"A",.,"A",.,"A",.,"A","JEEXX","D",,"A","2013","D"
"20134",2684453,16,0,"5","01","D","105","D","2013","D",.,"A",24,"D","12","D",138,"D","3","D",.,"A",1600,"D",1500,"D",.,"A",,"A",138,"D",138,"D",138,"D",.,"A",.,"A",.,"A",1500,"D",.,"A","FORBA","D",,"A","2012","D"
"20134",2685513,7,0,"5","01","D","105","D","2011","D",.,"A",36,"D","12","D",.,"C","3","D",.,"A",.,"A",.,"A",.,"A",,"A",249,"F",249,"F",249,"F",.,"A",.,"A",.,"A",.,"A",.,"A","KIAAG","D",,"A","2012","D"
"20134",2685653,18,0,"5","01","D","105","D","2014","D",.,"A",36,"D","03","D",330,"D","3","D",.,"A",.,"A",.,"A",.,"A",,"A",330,"D",330,"D",330,"D",.,"A",.,"A",.,"A",.,"A",.,"A","MAZAY","D",,"A","2013","D"
"20134",2686043,10,0,"5","01","D","105","D","2011","D",.,"A",36,"D","01","F",350,"D","3","D",.,"A",.,"A",1500,"D",.,"A",,"A",350,"D",350,"D",350,"D",.,"A",.,"A",.,"A",1500,"D",.,"A","VOKXX","D",,"A","2012","D"
"20134",2686743,16,0,"5","01","D","105","D","2012","D",.,"A",36,"D","03","D",353,"D","3","D",.,"A",2500,"D",.,"A",.,"A",,"A",353,"D",353,"D",353,"D",.,"A",.,"A",.,"A",.,"A",.,"A","TOYAC","D",,"A","2012","D"
"20134",2686793,19,0,"5","01","D","105","D","2004","D",.,"A",36,"D","04","D",140,"D","3","D",.,"A",4000,"D",.,"A",.,"A",,"A",140,"D",140,"D",140,"D",.,"A",.,"A",.,"A",.,"A",.,"A","TOYAO","D",,"A","2013","D"
"20134",2686793,20,0,"5","02","D","105","D","2008","D",.,"A",60,"D","06","D",320,"D","3","D",.,"A",.,"A",3000,"D",.,"A",,"A",320,"D",320,"D",320,"D",.,"A",.,"A",.,"A",3000,"D",.,"A","LEXAG","D",,"A","2013","D"
"20134",2686903,14,0,"5","01","D","105","D","2012","D",.,"A",39,"D","06","D",259,"D","3","D",.,"A",2000,"D",1000,"D",.,"A",,"A",259,"D",259,"D",259,"D",.,"A",.,"A",.,"A",1000,"D",.,"A","GMCAI","D",,"A","2012","D"
"20134",2686943,12,0,"5","01","D","105","D","2012","D",.,"A",36,"D","03","D",199,"D","3","D",.,"A",.,"A",.,"A",.,"A",,"A",199,"D",199,"D",199,"D",.,"A",.,"A",.,"A",.,"A",.,"A","HONAB","D",,"A","2012","D"
"20134",2688883,15,0,"5","01","D","105","D","2013","D",.,"A",.,"C","03","D",320,"D","3","D",.,"A",.,"A",.,"A",.,"A",,"A",320,"D",320,"D",320,"D",.,"A",.,"A",.,"A",.,"A",.,"A","BMWAA","D",,"A","2013","D"
"20134",2689153,20,0,"5","01","D","105","D","2013","D",.,"A",36,"D","04","D",319,"D","3","D",.,"A",.,"A",.,"A",.,"A",,"A",319,"D",319,"D",319,"D",.,"A",.,"A",.,"A",.,"A",.,"A","FORBC","D",,"A","2013","D"
"20134",2689583,18,0,"5","01","D","105","D","2012","D",.,"A",24,"D","08","D",321,"D","3","D",.,"A",.,"C",.,"C",.,"A",,"A",321,"D",321,"D",321,"D",.,"A",.,"A",.,"A",.,"B",.,"A","TOYAC","D",,"A","2012","D"
"20134",2691063,8,0,"5","01","D","105","D","2011","D",.,"A",.,"C","12","D",270,"D","3","D",.,"A",.,"A",.,"A",.,"A",,"A",270,"D",270,"D",270,"D",.,"A",.,"A",.,"A",.,"A",.,"A","HYUAE","D",,"A","2011","D"
"20134",2692693,28,0,"5","01","D","105","D","2007","D",.,"A",60,"D","05","D",305,"D","3","D",.,"A",.,"A",2500,"D",.,"A",,"A",305,"D",305,"D",305,"D",.,"A",.,"A",.,"A",2500,"D",.,"A","NISAM","D",,"A","2012","D"
"20134",2693123,25,0,"5","01","D","105","D","2011","D",.,"A",48,"D","06","D",330,"D","3","D",.,"A",.,"A",.,"A",.,"A",,"A",330,"D",330,"D",330,"D",.,"A",.,"A",.,"A",.,"A",.,"A","HONAG","D",,"A","2011","D"
"20134",2693273,14,0,"5","01","D","105","D","2013","D",.,"A",36,"D","03","D",214,"D","3","D",.,"A",.,"A",2000,"D",.,"A",,"A",214,"D",214,"D",214,"D",.,"A",.,"A",.,"A",2000,"D",.,"A","FORBA","D",,"A","2013","D"
"20134",2694133,18,0,"5","01","D","105","D","2013","D",.,"A",36,"D","07","D",225,"D","3","D",.,"A",.,"A",3000,"D",.,"A",,"A",225,"D",225,"D",225,"D",.,"A",.,"A",.,"A",3000,"D",.,"A","MAZAP","D",,"A","2012","D"
"20134",2694533,20,0,"5","01","D","105","D","2006","D",.,"A",60,"D","08","D",250,"D","3","D",.,"A",.,"A",.,"A",.,"A",,"A",250,"D",250,"D",250,"D",.,"A",.,"A",.,"A",.,"A",.,"A","MITAR","D",,"A","2010","D"
"20134",2694533,21,0,"5","02","D","105","D",,"C",.,"A",.,"C","11","D",330,"D","3","D",.,"A",.,"A",.,"A",.,"A","08","D",330,"D",.,"A",.,"A",.,"A",.,"A",.,"A",.,"A",.,"A","PONAO","D",,"A","2011","D"
"20134",2694853,18,0,"5","01","D","105","D","2011","D",.,"A",36,"D","04","D",365,"D","3","D",.,"A",.,"A",1200,"D",.,"A",,"A",365,"D",365,"D",365,"D",.,"A",.,"A",.,"A",1200,"D",.,"A","HYUAI","D",,"A","2011","D"
"20134",2695123,20,0,"5","01","D","105","D","2013","D",.,"A",36,"D","04","D",364,"D","3","D",.,"A",.,"A",.,"A",.,"A",,"A",364,"D",364,"D",364,"D",.,"A",.,"A",.,"A",.,"A",.,"A","HONAA","D",,"A","2013","D"
"20134",2696993,24,0,"5","01","D","105","D","2012","D",.,"A",.,"C","09","D",435,"D","3","D",.,"A",.,"A",.,"A",.,"A","08","D",435,"D",.,"A",.,"A",.,"A",.,"A",.,"A",.,"A",.,"A","FORAL","D",,"A","2012","D"
"20134",2696993,25,0,"1","02","D","105","D","2014","D",.,"A",.,"C","09","D",420,"D","3","D",.,"A",.,"A",.,"A",.,"A",,"A",.,"A",420,"D",420,"D",.,"A",.,"A",.,"A",.,"A",.,"A","FORBM","D",,"A","2013","D"
"20134",2697373,18,0,"5","01","D","105","D","2013","D",.,"A",24,"D","06","D",376,"D","3","D",.,"A",.,"A",.,"A",.,"A",,"A",376,"D",376,"D",376,"D",.,"A",.,"A",.,"A",.,"A",.,"A","NISAW","D",,"A","2013","D"
"20134",2697953,24,0,"5","01","D","105","D","2011","D",.,"A",24,"D","09","D",422,"D","3","D",.,"A",.,"A",.,"A",.,"A","09","D",422,"D",422,"D",.,"A",.,"A",.,"A",.,"A",.,"A",.,"A","FORBK","D",,"A","2011","D"
"20134",2697953,25,0,"5","02","D","105","D","2011","D",.,"A",33,"D","05","D",716,"D","3","D",.,"A",.,"A",.,"A",.,"A","10","D",716,"D",716,"D",716,"D",.,"A",.,"A",.,"A",.,"A",.,"A","MRBAH","D",,"A","2011","D"
"20134",2697953,26,0,"1","03","D","105","D","2013","D",.,"A",24,"D","09","D",392,"D","3","D",.,"A",.,"A",.,"A",.,"A",,"A",.,"A",392,"D",392,"D",.,"A",.,"A",.,"A",.,"A",.,"A","FORBK","D",,"A","2013","D"
"20134",2697953,27,0,"1","04","D","105","D","2014","D",.,"A",27,"D","10","D",720,"D","3","D",.,"A",.,"A",.,"A",.,"A",,"A",.,"A",.,"A",720,"D",.,"A",.,"A",.,"A",.,"A",.,"A","MRBXX","D",,"A","2013","D"
"20134",2698093,13,0,"5","01","D","105","D","2012","D",.,"A",36,"D","02","D",375,"D","3","D",.,"A",.,"A",2000,"D",.,"A",,"A",375,"D",375,"D",375,"D",.,"A",.,"A",.,"A",2000,"D",.,"A","NISAN","D",,"A","2012","D"
"20134",2698153,9,0,"5","01","D","105","D","2011","D",.,"A",36,"D","02","D",400,"D","3","D",.,"A",.,"A",.,"A",.,"A",,"A",400,"D",400,"D",400,"D",.,"A",.,"A",.,"A",.,"A",.,"A","TOYAX","D",,"A","2011","D"
"20134",2699003,10,0,"1","01","D","105","D","2012","D",.,"A",60,"D","10","D",300,"D","3","D",.,"A",.,"A",.,"A",.,"A",,"A",.,"A",.,"A",300,"D",.,"A",.,"A",.,"A",.,"A",.,"A","ACUAG","D",,"A","2013","D"
"20134",2699313,6,0,"1","01","D","105","D","2013","D",.,"A",1,"D","01","D",1,"D","7","D",.,"A",10000,"D",.,"A",.,"A",,"A",.,"A",.,"A",.,"A",.,"A",.,"A",.,"A",.,"A",.,"A","TOYAF","D",,"A","2013","D"
"20134",2700385,21,0,"5","01","D","105","D","2004","D",.,"A",72,"D","05","D",359,"D","3","D",.,"A",.,"A",.,"A",.,"A","10","D",359,"D",359,"D",359,"D",.,"A",.,"A",.,"A",.,"A",.,"A","GMCXX","D",,"A","2011","D"
"20134",2701003,19,0,"5","01","D","105","D","2013","D",.,"A",36,"D","11","D",260,"D","3","D",.,"A",.,"C",.,"A",.,"A",,"A",260,"D",260,"D",260,"D",.,"A",.,"A",.,"A",.,"A",.,"A","HONAA","D",,"A","2012","D"
"20134",2701243,7,0,"5","01","D","105","D","2012","D",.,"A",36,"D","09","D",322,"D","3","D",.,"A",.,"A",5000,"D",.,"A",,"A",322,"D",322,"D",322,"D",.,"A",.,"A",.,"A",5000,"D",.,"A","DODAM","D",,"A","2012","D"
"20134",2701303,13,0,"5","01","D","105","D","2012","D",.,"A",36,"D","05","D",390,"D","3","D",.,"A",.,"A",.,"A",.,"A",,"A",390,"D",390,"D",390,"D",.,"A",.,"A",.,"A",.,"A",.,"A","NISAW","D",,"A","2012","D"
"20134",2701303,14,0,"5","02","D","105","D","2013","D",.,"A",36,"D","11","D",269,"D","3","D",.,"A",.,"A",.,"A",.,"A",,"A",269,"D",269,"D",269,"D",.,"A",.,"A",.,"A",.,"A",.,"A","NISAN","D",,"A","2012","D"
"20134",2702003,22,0,"5","01","D","105","D","2013","D",.,"A",39,"D","04","D",.,"C","3","D",.,"A",.,"C",.,"A",.,"A",,"A",420,"F",420,"F",420,"F",.,"A",.,"A",.,"A",.,"A",.,"A","CADAQ","D",,"A","2013","D"
"20134",2702073,15,0,"5","01","D","105","D","2012","D",.,"A",36,"D","02","D",400,"D","3","D",.,"A",.,"C",.,"C",.,"A",,"A",400,"D",400,"D",400,"D",.,"A",.,"A",.,"A",.,"B",.,"A","TOYAN","D",,"A","2013","D"
"20134",2702743,15,0,"5","01","D","105","D","2012","D",.,"A",36,"D","02","D",267,"D","3","D",.,"A",6000,"D",.,"A",.,"A",,"A",267,"D",267,"D",267,"D",.,"A",.,"A",.,"A",.,"A",.,"A","DODAX","D",,"A","2012","D"
"20134",2703013,13,0,"5","01","D","105","D","2011","D",.,"A",36,"D","05","D",540,"D","3","D",.,"A",.,"A",.,"A",.,"A",,"A",540,"D",540,"D",540,"D",.,"A",.,"A",.,"A",.,"A",.,"A","INFAM","D",,"A","2011","D"
"20134",2703213,24,0,"5","01","D","105","D","2012","D",.,"A",48,"D","10","D",447,"D","3","D",.,"A",.,"A",2500,"D",.,"A",,"A",447,"D",447,"D",447,"D",.,"A",.,"A",.,"A",2500,"D",.,"A","JEEAD","D",,"A","2011","D"
"20134",2703213,25,0,"1","02","D","105","D","2012","D",.,"A",48,"D","07","D",447,"D","3","D",.,"A",.,"A",.,"A",.,"A",,"A",447,"D",447,"D",447,"D",.,"A",.,"A",.,"A",.,"A",.,"A","JEEAB","D",,"A","2012","D"
"20134",2703373,14,0,"5","01","D","105","D","2013","D",.,"A",36,"D","01","D",400,"D","3","D",.,"A",.,"A",3000,"D",.,"A",,"A",400,"D",400,"D",400,"D",.,"A",.,"A",.,"A",3000,"D",.,"A","FORBI","D",,"A","2013","D"
"20134",2703753,16,0,"5","01","D","105","D","2012","D",.,"A",54,"D","04","D",550,"D","3","D",.,"A",.,"A",5000,"D",.,"A",,"A",550,"D",550,"D",550,"D",.,"A",.,"A",.,"A",5000,"D",.,"A","JEEAD","D",,"A","2012","D"
"20134",2704253,10,0,"5","01","D","105","D","2006","D",.,"A",60,"D","02","D",313,"D","3","D",.,"A",.,"A",.,"A",.,"A",,"A",313,"D",313,"D",313,"D",.,"A",.,"A",.,"A",.,"A",.,"A","VOKAK","D",,"A","2011","D"
"20134",2704333,30,0,"5","01","D","105","D","2013","D",0.3,"D",39,"D","07","D",374,"D","3","D",.,"A",.,"A",.,"A",.,"A",,"A",374,"D",374,"D",374,"D",.,"A",.,"A",.,"A",.,"A",.,"A","VOKAK","D",,"A","2013","D"
"20134",2704333,31,0,"1","02","D","105","D","2014","D",.,"A",36,"D","10","D",545,"D","3","D",.,"A",8500,"D",545,"D",.,"A",,"A",.,"A",545,"D",545,"D",.,"A",.,"A",.,"A",545,"D",.,"A","HONAG","D",,"A","2013","D"
"20134",2704503,9,0,"5","01","D","105","D","2013","D",.,"A",.,"C","09","D",350,"D","3","D",.,"A",.,"A",3000,"D",.,"A",,"A",350,"D",350,"D",350,"D",.,"A",.,"A",.,"A",3000,"D",.,"A","LINXX","D",,"A","2013","D"
"20134",2705053,16,0,"5","01","D","105","D","2013","D",.,"A",36,"D","03","D",345,"D","3","D",.,"A",.,"A",.,"A",.,"A",,"A",345,"D",345,"D",345,"D",.,"A",.,"A",.,"A",.,"A",.,"A","FORBJ","D",,"A","2013","D"
"20134",2705643,17,0,"5","01","D","105","D","2012","D",.,"A",39,"D","03","D",365,"D","3","D",.,"A",.,"A",.,"A",.,"A",,"A",365,"D",365,"D",365,"D",.,"A",.,"A",.,"A",.,"A",.,"A","NISAG","D",,"A","2012","D"
"20134",2705643,18,0,"5","02","D","105","D","2011","D",.,"A",39,"D","09","D",290,"D","3","D",.,"A",.,"A",.,"A",.,"A",,"A",290,"D",290,"D",290,"D",.,"A",.,"A",.,"A",.,"A",.,"A","VOKAI","D",,"A","2011","D"
"20134",2705763,7,0,"5","01","D","105","D",,"C",.,"A",40,"D","05","D",150,"D","3","D",.,"A",.,"A",2000,"D",.,"A","09","D",150,"D",.,"A",.,"A",.,"A",.,"A",.,"A",2000,"D",.,"A","BMWXX","D",,"A","2013","D"
"20134",2706283,26,0,"5","01","D","105","D","2012","D",.,"A",36,"D","05","D",479,"D","3","D",.,"A",.,"A",2600,"D",.,"A","11","D",479,"D",479,"D",479,"D",.,"A",.,"A",.,"A",2600,"D",.,"A","LEXAE","D",,"A","2012","D"
"20134",2706283,27,0,"1","02","D","105","D","2014","D",.,"A",60,"D","12","D",596,"D","3","D",.,"A",.,"A",.,"A",.,"A",,"A",.,"A",.,"A",.,"A",.,"A",.,"A",.,"A",.,"A",.,"A","TOYAT","D",,"A","2013","D"
"20134",2707533,11,0,"5","01","D","105","D","2012","D",.,"A",60,"D","05","D",186,"D","3","D",.,"A",.,"A",9000,"D",.,"A",,"A",186,"D",186,"D",186,"D",.,"A",.,"A",.,"A",9000,"D",.,"A","VOKAK","D",,"A","2013","D"
"20134",2708233,21,0,"5","01","D","105","D","2013","D",.,"A",36,"D","12","D",642,"D","3","D",.,"A",.,"A",.,"A",.,"A",,"A",642,"D",642,"D",642,"D",.,"A",.,"A",.,"A",.,"A",.,"A","LEXAE","D",,"A","2012","D"
"20134",2708233,22,0,"5","02","D","105","D","2013","D",.,"A",36,"D","12","D",555,"D","3","D",.,"A",.,"A",.,"A",.,"A",,"A",555,"D",555,"D",555,"D",.,"A",.,"A",.,"A",.,"A",.,"A","LEXAA","D",,"A","2012","D"
"20134",2708783,37,0,"5","01","D","105","D","2013","D",.,"A",36,"D","05","D",89,"D","3","D",.,"A",.,"A",3799,"D",.,"A",,"A",89,"D",89,"D",89,"D",.,"A",.,"A",.,"A",3799,"D",.,"A","VOKAI","D",,"A","2013","D"
"20134",2708783,38,0,"5","02","D","105","D","2013","D",.,"A",36,"D","05","D",89,"D","3","D",.,"A",.,"A",3800,"D",.,"A",,"A",89,"D",89,"D",89,"D",.,"A",.,"A",.,"A",3800,"D",.,"A","VOKAI","D",,"A","2013","D"
"20134",2708873,16,0,"5","01","D","105","D","2012","D",.,"A",36,"D","09","D",255,"D","3","D",.,"A",.,"A",.,"A",.,"A",,"A",255,"D",255,"D",255,"D",.,"A",.,"A",.,"A",.,"A",.,"A","HONAB","D",,"A","2012","D"
"20134",2708883,7,0,"5","01","D","105","D","2008","D",.,"A",36,"D","02","D",500,"D","3","D",.,"A",.,"A",.,"A",.,"A",,"A",500,"D",500,"D",500,"D",.,"A",.,"A",.,"A",.,"A",.,"A","MAZAW","D",,"A","2013","D"
"20134",2709473,16,0,"5","01","D","105","D","2006","D",.,"A",48,"D","02","D",150,"D","3","D",.,"A",.,"A",1000,"D",.,"A",,"A",150,"D",150,"D",150,"D",.,"A",.,"A",.,"A",1000,"D",.,"A","CHEAS","D",,"A","2010","D"
"20134",2709473,17,0,"5","02","D","105","D","2012","D",.,"A",72,"D","02","D",460,"D","3","D",.,"A",3000,"D",2000,"D",.,"A",,"A",460,"D",460,"D",460,"D",.,"A",.,"A",.,"A",2000,"D",.,"A","DODAM","D",,"A","2012","D"
"20134",2709713,11,0,"5","01","D","105","D","2011","D",.,"A",60,"D","07","D",388,"D","3","D",.,"A",.,"A",1500,"D",.,"A",,"A",388,"D",388,"D",388,"D",.,"A",.,"A",.,"A",1500,"D",.,"A","CHEBI","D",,"A","2011","D"
"20134",2709913,9,0,"1","01","D","105","D","2013","D",.,"A",36,"D","10","D",199,"D","3","D",.,"A",2200,"D",.,"A",.,"A",,"A",.,"A",199,"D",199,"D",.,"A",.,"A",.,"A",.,"A",.,"A","NISBB","D",,"A","2013","D"
"20134",2710573,12,0,"5","01","D","105","D","2006","D",.,"A",.,"C","02","D",300,"D","3","D",.,"A",.,"A",.,"A",.,"A","09","D",300,"D",.,"A",.,"A",.,"A",.,"A",.,"A",.,"A",.,"A","FORBE","D",,"A","2013","D"
"20134",2711063,23,0,"5","01","D","105","D","2013","D",.,"A",48,"D","08","D",380,"D","3","D",.,"A",6000,"D",.,"A",.,"A",,"A",380,"D",380,"D",380,"D",.,"A",.,"A",.,"A",.,"A",.,"A","MAZAP","D",,"A","2012","D"
"20134",2711363,13,0,"5","01","D","105","D","2009","D",.,"A",48,"D","04","F",250,"D","3","D",.,"A",.,"A",.,"A",.,"A",,"A",250,"D",250,"D",250,"D",.,"A",.,"A",.,"A",.,"A",.,"A","MAZAN","D",,"A","2010","D"
"20134",2711783,10,0,"5","01","D","105","D","2005","D",.,"A",72,"D","01","D",420,"D","3","D",.,"A",10000,"D",.,"A",.,"A",,"A",420,"D",420,"D",420,"D",.,"A",.,"A",.,"A",.,"A",.,"A","FORAL","D",,"A","2009","D"
"20134",2711953,11,0,"5","01","D","105","D","2011","D",.,"A",36,"D","07","D",317,"D","3","D",.,"A",.,"A",.,"A",.,"A",,"A",317,"D",317,"D",317,"D",.,"A",.,"A",.,"A",.,"A",.,"A","HONAC","D",,"A","2011","D"
"20134",2712693,22,0,"5","01","D","105","D","2011","D",.,"A",39,"D","04","D",237,"D","3","D",.,"A",1500,"D",.,"A",.,"A",,"A",237,"D",237,"D",237,"D",.,"A",.,"A",.,"A",.,"A",.,"A","CHEBT","D",,"A","2011","D"
"20134",2712693,23,0,"5","02","D","105","D","2011","D",.,"A",39,"D","05","D",244,"D","3","D",.,"A",.,"A",.,"A",.,"A","11","D",244,"D",244,"D",244,"D",.,"A",.,"A",.,"A",.,"A",1000,"D","CHEBT","D",,"A","2011","D"
"20134",2712743,19,0,"5","01","D","105","D","2012","D",.,"A",36,"D","05","F",.,"C","3","D",.,"A",.,"C",.,"C",.,"A",,"A",850,"F",850,"F",850,"F",.,"A",.,"A",.,"A",.,"B",.,"A","CHRAS","D",,"A","2012","D"
"20134",2712743,20,0,"5","02","D","105","D","2012","D",.,"A",36,"D","11","F",.,"C","3","D",.,"A",.,"C",.,"C",.,"A",,"A",320,"F",320,"F",320,"F",.,"A",.,"A",.,"A",.,"B",.,"A","JEEAD","D",,"A","2012","D"
"20134",2712793,7,0,"5","01","D","105","D","2013","D",.,"A",36,"D","01","D",300,"D","3","D",.,"A",.,"A",.,"A",.,"A",,"A",300,"D",300,"D",300,"D",.,"A",.,"A",.,"A",.,"A",.,"A","NISAW","D",,"A","2013","D"
"20134",2712793,8,0,"5","02","D","105","D","2014","D",.,"A",36,"D","06","D",400,"D","3","D",.,"A",.,"A",.,"A",.,"A",,"A",400,"D",400,"D",400,"D",.,"A",.,"A",.,"A",.,"A",.,"A","VOKAK","D",,"A","2013","D"
"20134",2713752,11,0,"5","01","D","105","D","2011","D",.,"A",42,"D","06","F",406,"D","3","D",.,"A",.,"A",1000,"D",.,"A",,"A",406,"D",406,"D",406,"D",.,"A",.,"A",.,"A",1000,"D",.,"A","SUBAN","D",,"A","2011","D"
"20134",2713772,16,0,"1","01","D","105","D","2014","D",.,"A",36,"D","09","D",188,"D","3","D",.,"A",.,"A",1800,"D",.,"A",,"A",.,"A",.,"A",188,"D",.,"A",.,"A",.,"A",1800,"D",.,"A","KIAAK","D",,"A","2013","D"
"20134",2714982,18,0,"5","01","D","105","D","2012","D",.,"A",39,"D","04","D",256,"D","3","D",.,"A",500,"D",4000,"D",.,"A",,"A",256,"D",256,"D",256,"D",.,"A",.,"A",.,"A",4000,"D",.,"A","NISAD","D",,"A","2012","D"
"20134",2715312,20,0,"1","01","D","105","D","2011","D",.,"A",60,"D","11","D",390,"D","3","D",300,"D",.,"A",1500,"D",1500,"D",,"A",90,"D",90,"D",90,"D",.,"A",.,"A",.,"A",0,"D",.,"A","CHEAZ","D",,"A","2012","D"
"20134",2715312,21,0,"1","02","D","105","D","2002","D",.,"A",0,"D","09","D",217,"D","3","D",.,"A",.,"A",1,"D",200,"D",,"A",217,"D",217,"D",217,"D",.,"A",.,"A",.,"A",.,"B",.,"A","TOYAA","D",,"A","2002","D"
"20134",2715662,32,0,"5","01","D","105","D","2013","D",.,"A",24,"D","05","D",1000,"D","3","D",.,"A",.,"A",.,"A",.,"A",,"A",1000,"D",1000,"D",1000,"D",.,"A",.,"A",.,"A",.,"A",.,"A","INFAN","D",,"A","2013","D"
"20134",2717822,15,0,"5","01","D","105","D","2013","D",.,"A",60,"D","02","D",400,"D","3","D",.,"A",.,"A",4000,"D",4000,"D",,"A",400,"D",400,"D",400,"D",.,"A",.,"A",.,"A",0,"D",.,"A","HYUAE","D",,"A","2013","D"
"20134",2719092,29,0,"5","01","D","105","D","2013","D",.,"A",48,"D","06","D",596,"D","3","D",.,"A",.,"A",2200,"D",.,"A",,"A",596,"D",596,"D",596,"D",.,"A",.,"A",.,"A",2200,"D",.,"A","CHEAZ","D",,"A","2013","D"
"20134",2719092,30,0,"5","02","D","105","D","2011","D",0.75,"D",36,"D","08","D",720,"D","3","D",.,"A",.,"A",.,"A",.,"A",,"A",720,"D",720,"D",720,"D",.,"A",.,"A",.,"A",.,"A",.,"A","LEXXX","D",,"A","2011","D"
"20134",2719222,19,0,"1","01","D","105","D","2012","D",.,"A",.,"C","04","F",.,"C","3","D",.,"A",.,"A",.,"A",.,"A",,"A",400,"F",400,"F",400,"F",.,"A",.,"A",.,"A",.,"A",.,"A","ACUAG","D",,"A","2011","D"
"20134",2720062,13,0,"5","01","D","105","D","2013","D",.,"A",48,"D","04","D",374,"D","3","D",.,"A",3000,"D",.,"A",.,"A",,"A",374,"D",374,"D",374,"D",.,"A",.,"A",.,"A",.,"A",.,"A","MAZAY","D",,"A","2012","D"
"20134",2720092,9,0,"5","01","D","105","D","2013","D",.,"A",36,"D","10","D",233,"D","3","D",.,"A",.,"C",.,"A",.,"A",,"A",233,"D",233,"D",233,"D",.,"A",.,"A",.,"A",.,"A",.,"A","CHRAM","D",,"A","2012","D"
"20134",2720212,36,0,"5","01","D","105","D","2011","D",.,"A",36,"D","03","D",423,"D","3","D",.,"A",.,"A",.,"A",.,"A","09","D",423,"D",423,"D",423,"D",.,"A",.,"A",.,"A",.,"A",.,"A","FORBC","D",,"A","2011","D"
"20134",2720282,17,0,"5","01","D","105","D","2010","D",.,"A",48,"D","09","D",270,"D","3","D",.,"A",.,"A",700,"D",.,"A",,"A",270,"D",270,"D",270,"D",.,"A",.,"A",.,"A",700,"D",.,"A","JEEAD","D",,"A","2012","D"
"20134",2721102,7,0,"1","01","D","105","D","2011","D",.,"A",60,"D","07","D",238,"D","3","D",.,"A",.,"A",2000,"D",.,"A",,"A",238,"D",238,"D",238,"D",.,"A",.,"A",.,"A",2000,"D",.,"A","FORBO","D",,"A","2011","D"
"20134",2721262,5,0,"5","01","D","105","D","2012","D",.,"A",36,"D","07","D",380,"D","3","D",.,"A",.,"A",1500,"D",.,"A",,"A",380,"D",380,"D",380,"D",.,"A",.,"A",.,"A",1500,"D",.,"A","TOYAN","D",,"A","2013","D"
"20134",2721412,9,0,"5","01","D","105","D","2013","D",.,"A",36,"D","05","D",354,"D","3","D",.,"A",.,"A",.,"A",.,"A",,"A",354,"D",354,"D",354,"D",.,"A",.,"A",.,"A",.,"A",.,"A","TOYAC","D",,"A","2013","D"
"20134",2721532,5,0,"5","01","D","105","D","2001","D",.,"A",36,"D","06","D",333,"D","3","D",.,"A",.,"A",1000,"D",.,"A",,"A",333,"D",333,"D",333,"D",.,"A",.,"A",.,"A",1000,"D",.,"A","TOYAU","D",,"A","2012","D"
"20134",2722042,22,0,"5","01","D","105","D","2011","D",.,"A",36,"D","11","D",336,"D","3","D",.,"A",.,"A",.,"A",.,"A","09","D",336,"D",336,"D",336,"D",50,"D",50,"D",50,"D",.,"A",600,"D","TOYAC","D",,"A","2010","D"
"20134",2724655,15,0,"5","01","D","105","D","2009","D",.,"A",36,"D","03","D",.,"C","3","D",.,"A",.,"A",.,"A",.,"A",,"A",400,"F",400,"F",400,"F",.,"A",.,"A",.,"A",.,"A",.,"A","HONAA","D",,"A","2010","D"
"20134",2725502,23,0,"5","01","D","105","D","2011","D",.,"A",36,"D","10","D",379,"D","3","D",.,"A",7000,"D",.,"A",.,"A","09","D",379,"D",379,"D",.,"A",.,"A",.,"A",.,"A",.,"A",.,"A","CADAL","D",,"A","2010","D"
"20134",2725502,24,0,"1","02","D","105","D","2014","D",.,"A",36,"D","09","D",350,"D","3","D",.,"A",.,"A",.,"A",.,"A",,"A",.,"A",350,"D",350,"D",.,"A",.,"A",.,"A",.,"A",.,"A","FORBC","D",,"A","2013","D"
"20134",2726282,4,0,"1","01","D","105","D","2013","D",.,"A",60,"D","06","D",280,"D","3","D",.,"A",.,"A",500,"D",.,"A",,"A",280,"D",280,"D",280,"D",.,"A",.,"A",.,"A",500,"D",.,"A","FORBA","D",,"A","2013","D"
"20134",2726352,13,0,"5","01","D","105","D","2010","D",.,"A",60,"D","11","D",324,"D","3","D",.,"A",.,"A",5000,"D",.,"A",,"A",324,"D",324,"D",324,"D",.,"A",.,"A",.,"A",5000,"D",.,"A","FORAS","D",,"A","2012","D"
"20134",2726712,6,0,"1","01","D","105","D","2007","D",.,"A",.,"C","02","F",.,"C",,"C",.,"A",.,"A",.,"A",.,"A",,"A",431,"F",431,"F",431,"F",.,"A",.,"A",.,"A",.,"A",.,"A","FORAO","D",,"A","2007","D"
"20134",2726832,19,0,"1","01","D","105","D","2013","D",.,"A",36,"D","11","D",610,"D","3","D",.,"A",16000,"D",.,"A",.,"A",,"A",.,"A",.,"A",.,"A",.,"A",.,"A",.,"A",.,"A",.,"A","CHEAZ","D",,"A","2013","D"
"20134",2726902,19,0,"5","01","D","105","D","2012","D",.,"A",.,"C","10","D",.,"C","3","D",.,"A",.,"A",.,"A",.,"A","08","D",363,"D",.,"A",.,"A",.,"A",.,"A",.,"A",.,"A",.,"A","CHEAZ","D",,"A","2012","D"
"20134",2727102,8,0,"1","01","D","105","D","2012","D",.,"A",12,"D","09","D",263,"D","3","D",.,"A",.,"A",.,"A",.,"A",,"A",263,"D",263,"D",263,"D",.,"A",.,"A",.,"A",.,"A",.,"A","TOYAC","D",,"A","2012","D"
"20134",2727292,19,0,"1","01","D","105","D","2002","D",.,"A",5,"D","11","D",350,"D","3","D",.,"A",.,"A",1350,"D",.,"A",,"A",.,"A",.,"A",.,"A",.,"A",.,"A",.,"A",1350,"D",.,"A","PONAG","D",,"A","2013","D"
"20134",2727372,11,0,"5","01","D","105","D","2010","D",0.5,"D",72,"D","08","D",435,"D","3","D",.,"A",.,"A",.,"A",.,"A",,"A",435,"D",435,"D",435,"D",.,"A",.,"A",.,"A",.,"A",.,"A","TOYBB","D",,"A","2010","D"
"20134",2727382,10,0,"5","01","D","105","D","2009","D",.,"A",48,"D","08","D",250,"D","3","D",.,"A",.,"A",.,"A",.,"A",,"A",250,"D",250,"D",250,"D",.,"A",.,"A",.,"A",.,"A",.,"A","NISAD","D",,"A","2011","D"
"20134",2728092,14,0,"5","01","D","105","D","2013","D",.,"A",39,"D","04","D",342,"D","3","D",.,"A",.,"A",.,"C",.,"A",,"A",342,"D",342,"D",342,"D",.,"A",.,"A",.,"A",.,"B",.,"A","CHEBP","D",,"A","2013","D"
"20134",2728872,18,0,"5","01","D","105","D","2013","D",.,"A",36,"D","03","D",349,"D","3","D",.,"A",500,"D",.,"A",.,"A",,"A",349,"D",349,"D",349,"D",.,"A",.,"A",.,"A",.,"A",.,"A","FORBJ","D",,"A","2013","D"
"20134",2731112,9,0,"5","01","D","105","D","2005","D",.,"A",24,"D","02","D",250,"D","3","D",.,"A",.,"A",1700,"D",.,"A",,"A",250,"D",250,"D",250,"D",.,"A",.,"A",.,"A",1700,"D",.,"A","NISAM","D",,"A","2013","D"
"20134",2731202,13,0,"1","01","D","105","D","2013","D",.,"A",36,"D","02","D",160,"D","3","D",.,"A",.,"A",.,"A",.,"A",,"A",160,"D",160,"D",160,"D",.,"A",.,"A",.,"A",.,"A",.,"A","HYUAB","D",,"A","2013","D"
"20134",2731202,14,0,"1","02","D","105","D","2013","D",.,"A",36,"D","04","D",245,"D","3","D",.,"A",.,"A",.,"A",.,"A",,"A",245,"D",245,"D",245,"D",.,"A",.,"A",.,"A",.,"A",.,"A","HYUAE","D",,"A","2013","D"
"20134",2731222,33,0,"5","01","D","105","D","2013","D",.,"A",60,"D","09","D",220,"D","3","D",.,"A",.,"C",.,"A",.,"A",,"A",220,"D",220,"D",220,"D",.,"A",.,"A",.,"A",.,"A",.,"A","CHEBT","D",,"A","2012","D"
"20134",2731692,20,0,"5","01","D","105","D","2012","D",.,"A",28,"D","03","D",444,"D","3","D",.,"A",.,"A",700,"D",.,"A",,"A",444,"D",444,"D",444,"D",.,"A",.,"A",.,"A",700,"D",.,"A","CHRAM","D",,"A","2012","D"
"20134",2731852,24,0,"5","01","D","105","D","2011","D",.,"A",39,"D","10","D",305,"D","3","D",.,"A",.,"A",4000,"D",.,"A",,"A",305,"D",305,"D",305,"D",.,"A",.,"A",.,"A",4000,"D",.,"A","INFAN","D",,"A","2011","D"
"20134",2732092,12,0,"5","01","D","105","D","2010","D",.,"A",48,"D","04","D",458,"D","3","D",.,"A",.,"A",7500,"D",.,"A",,"A",458,"D",458,"D",458,"D",.,"A",.,"A",.,"A",7500,"D",.,"A","FORBM","D",,"A","2010","D"
"20134",2732692,24,0,"5","01","D","105","D","2012","D",.,"A",36,"D","12","D",599,"D","3","D",.,"A",7000,"D",3000,"D",.,"A",,"A",599,"D",599,"D",599,"D",.,"A",.,"A",.,"A",3000,"D",.,"A","CADAM","D",,"A","2012","D"
"20134",2733182,13,0,"5","01","D","105","D","2000","D",.,"A",.,"C","07","D",200,"D","3","D",.,"A",.,"A",.,"A",.,"A",,"A",200,"D",200,"D",200,"D",.,"A",.,"A",.,"A",.,"A",.,"A","DODAJ","D",,"A","2013","D"
"20134",2733572,32,0,"5","01","D","105","D","2012","D",0.9,"D",24,"D","07","D",100,"D","3","D",600,"D",.,"A",.,"A",.,"A",,"A",278,"F",278,"F",278,"F",.,"A",.,"A",.,"A",.,"A",.,"A","FORBC","D",,"A","2013","D"
"20134",2733622,23,0,"5","01","D","105","D","2013","D",.,"A",48,"D","01","D",850,"D","3","D",.,"A",.,"A",3000,"D",.,"A",,"A",850,"D",850,"D",850,"D",.,"A",.,"A",.,"A",3000,"D",.,"A","JAGAF","D",,"A","2013","D"
"20134",2734182,26,0,"5","01","D","105","D","2013","D",.,"A",36,"D","05","D",422,"D","3","D",.,"A",.,"A",600,"D",.,"A",,"A",422,"D",422,"D",422,"D",.,"A",.,"A",.,"A",600,"D",.,"A","BMWAA","D",,"A","2013","D"
"20134",2735052,13,0,"1","01","D","105","D",,"C",.,"A",.,"C","06","F",.,"C","3","D",.,"A",.,"A",.,"A",.,"A",,"A",317,"F",317,"F",317,"F",.,"A",.,"A",.,"A",.,"A",.,"A",,"A",,"A","2010","D"
"20134",2735242,19,0,"5","01","D","105","D","2011","D",.,"A",36,"D","06","D",270,"D","3","D",.,"A",.,"A",1000,"D",.,"A",,"A",270,"D",270,"D",270,"D",.,"A",.,"A",.,"A",1000,"D",.,"A","JEEAK","D",,"A","2011","D"
"20134",2735242,20,0,"5","02","D","105","D","2011","D",.,"A",36,"D","06","D",268,"D","3","D",.,"A",.,"A",1000,"D",.,"A",,"A",268,"D",268,"D",268,"D",.,"A",.,"A",.,"A",1000,"D",.,"A","CHRAL","D",,"A","2011","D"
"20134",2735812,7,0,"5","01","D","105","D","2013","D",.,"A",36,"D","07","D",359,"D","3","D",.,"A",.,"A",.,"A",.,"A",,"A",359,"D",359,"D",359,"D",.,"A",.,"A",.,"A",.,"A",.,"A","NISAA","D",,"A","2013","D"
"20134",2735962,17,0,"5","01","D","105","D","2012","D",.,"A",42,"D","12","D",460,"D","3","D",.,"A",.,"A",.,"A",.,"A",,"A",460,"D",460,"D",460,"D",.,"A",.,"A",.,"A",.,"A",.,"A","MAZAW","D",,"A","2011","D"
"20134",2736562,20,0,"1","01","D","105","D","2012","D",.,"A",48,"D","06","D",410,"D","3","D",.,"A",3000,"D",.,"A",.,"A",,"A",410,"D",410,"D",410,"D",.,"A",.,"A",.,"A",.,"A",.,"A","NISAD","D",,"A","2011","D"
"20134",2736612,24,0,"5","01","D","105","D","2014","D",.,"A",22,"D","10","D",900,"D","3","D",.,"A",.,"A",.,"A",.,"A",,"A",.,"A",900,"D",900,"D",.,"A",.,"A",.,"A",.,"A",.,"A","MRBAJ","D",,"A","2013","D"
"20134",2737322,14,0,"1","01","D","105","D","2011","D",0.01,"D",.,"C","08","F",10,"D","3","D",.,"A",.,"A",.,"A",.,"A",,"A",10,"D",10,"D",10,"D",.,"A",.,"A",.,"A",.,"A",.,"A","FORBJ","D",,"A","2011","D"
"20134",2737842,15,0,"1","01","D","105","D","2012","D",.,"A",36,"D","08","D",310,"D","3","D",.,"A",.,"A",.,"A",.,"A",,"A",310,"D",310,"D",310,"D",.,"A",.,"A",.,"A",.,"A",.,"A","KIAAG","D",,"A","2012","D"
"20134",2739123,19,0,"5","01","D","105","D","2013","D",.,"A",36,"D","12","D",275,"D","3","D",.,"A",900,"D",1000,"D",.,"A",,"A",275,"D",275,"D",275,"D",.,"A",.,"A",.,"A",1000,"D",.,"A","MINAA","D",,"A","2012","D"
"20134",2739712,22,0,"5","01","D","105","D","2011","D",0.5,"D",37,"D","12","D",431,"D","3","D",.,"A",.,"C",4000,"D",.,"A",,"A",431,"D",431,"D",431,"D",.,"A",.,"A",.,"A",4000,"D",.,"A","TOYAU","D",,"A","2011","D"
"20134",2740952,15,0,"5","01","D","105","D","2011","D",.,"A",72,"D","09","D",420,"D","3","D",.,"A",.,"A",420,"D",.,"A",,"A",420,"D",420,"D",420,"D",.,"A",.,"A",.,"A",420,"D",.,"A","FORBA","D",,"A","2011","D"
"20134",2741042,17,0,"5","01","D","105","D","2011","D",.,"A",36,"D","01","F",500,"D","3","D",.,"A",.,"A",3000,"D",.,"A",,"A",500,"D",500,"D",500,"D",.,"A",.,"A",.,"A",3000,"D",.,"A","ACUAK","D",,"A","2011","D"
"20134",2742652,41,0,"5","01","D","105","D","2012","D",0.75,"D",24,"D","01","D",341,"D","3","D",.,"A",.,"A",.,"A",.,"A",,"A",341,"D",341,"D",341,"D",.,"A",.,"A",.,"A",.,"A",.,"A","LINAL","D",,"A","2011","D"
"20134",2742652,42,0,"5","02","D","105","D","2012","D",.,"A",24,"D","07","D",347,"D","3","D",.,"A",.,"A",.,"A",.,"A",,"A",347,"D",347,"D",347,"D",.,"A",.,"A",.,"A",.,"A",.,"A","LINAL","D",,"A","2012","D"
"20134",2742802,15,0,"5","01","D","105","D","2006","D",.,"A",60,"D","12","D",300,"D","3","D",.,"A",500,"D",2000,"D",.,"A","11","D",300,"D",300,"D",300,"D",.,"A",.,"A",.,"A",2000,"D",.,"A","HONAB","D",,"A","2011","D"
"20134",2742922,15,0,"5","01","D","105","D","2013","D",.,"A",48,"D","01","D",704,"D","3","D",.,"A",.,"A",.,"A",.,"A",,"A",704,"D",704,"D",704,"D",.,"A",.,"A",.,"A",.,"A",.,"A","MRBAA","D",,"A","2013","D"
"20134",2742934,24,0,"5","01","D","105","D","2011","D",.,"A",36,"D","05","D",258,"D","3","D",.,"A",6000,"D",.,"A",.,"A","11","D",258,"D",258,"D",258,"D",.,"A",.,"A",.,"A",.,"A",.,"A","VOKAI","D",,"A","2011","D"
"20134",2742934,25,0,"5","02","D","105","D","2013","D",.,"A",39,"D","05","D",568,"D","3","D",.,"A",3500,"D",.,"A",.,"A",,"A",568,"D",568,"D",568,"D",.,"A",.,"A",.,"A",.,"A",.,"A","VOVAY","D",,"A","2013","D"
"20134",2742934,26,0,"1","03","D","105","D","2013","D",.,"A",39,"D","12","D",299,"D","3","D",.,"A",.,"C",.,"A",.,"A",,"A",.,"A",.,"A",.,"A",.,"A",.,"A",.,"A",.,"A",.,"A","VOKAK","D",,"A","2013","D"
"20134",2743592,14,0,"5","01","D","105","D","2011","D",.,"A",39,"D","05","D",360,"D","3","D",.,"A",.,"A",.,"C",.,"A",,"A",360,"D",360,"D",360,"D",.,"A",.,"A",.,"A",.,"B",.,"A","GMCAP","D",,"A","2011","D"
"20134",2743902,15,0,"5","01","D","105","D","2001","D",.,"A",36,"D","06","D",350,"D","3","D",.,"A",800,"D",1000,"D",.,"A",,"A",350,"D",350,"D",350,"D",.,"A",.,"A",.,"A",1000,"D",.,"A","CHEAD","D",,"A","2012","D"
"20134",2743932,15,0,"1","01","D","105","D","2013","D",.,"A",36,"D","11","D",350,"D","3","D",.,"A",.,"A",.,"A",.,"A",,"A",.,"A",.,"A",350,"D",.,"A",.,"A",.,"A",.,"A",.,"A","FIAXX","D",,"A","2013","D"
"20134",2744262,15,0,"5","01","D","105","D","2010","D",.,"A",50,"D","09","D",279,"D","3","D",.,"A",.,"A",.,"A",.,"A",,"A",279,"D",279,"D",279,"D",.,"A",.,"A",.,"A",.,"A",.,"A","HYUAB","D",,"A","2010","D"
"20134",2744272,30,0,"5","01","D","105","D","2012","D",.,"A",48,"D","11","D",279,"D","3","D",.,"A",.,"A",.,"A",.,"A",,"A",279,"D",279,"D",279,"D",.,"A",.,"A",.,"A",.,"A",.,"A","MAZAN","D",,"A","2011","D"
"20134",2744512,28,0,"5","01","D","105","D","2013","D",.,"A",64,"D","08","D",250,"D","3","D",.,"A",.,"A",5000,"D",.,"A",,"A",250,"D",250,"D",250,"D",.,"A",.,"A",.,"A",5000,"D",.,"A","VOKAO","D",,"A","2013","D"
"20134",2744522,18,0,"5","01","D","105","D","2013","D",.,"A",39,"D","10","D",376,"D","3","D",.,"A",.,"A",.,"A",.,"A",,"A",.,"A",376,"D",376,"D",.,"A",.,"A",.,"A",.,"A",.,"A","CHEBP","D",,"A","2013","D"
"20134",2744772,18,0,"1","01","D","105","D","2013","D",.,"A",36,"D","06","D",320,"D","3","D",.,"A",.,"A",.,"A",.,"A",,"A",320,"D",320,"D",320,"D",.,"A",.,"A",.,"A",.,"A",.,"A","HONAG","D",,"A","2013","D"
"20134",2744772,19,0,"1","02","D","105","D","2011","D",.,"A",.,"C","12","D",.,"C","3","D",.,"A",.,"A",.,"A",.,"A",,"A",.,"A",.,"A",.,"A",.,"A",.,"A",.,"A",.,"A",.,"A","BMWAN","D",,"A","2013","D"
"20134",2744772,20,0,"1","03","D","105","D","2011","D",.,"A",.,"C","06","D",.,"C","3","D",.,"A",.,"A",.,"A",.,"A",,"A",365,"F",365,"F",365,"F",.,"A",.,"A",.,"A",.,"A",.,"A","BMWAN","D",,"A","2013","D"
"20134",2745232,33,0,"5","01","D","105","D","2012","D",.,"A",24,"D","07","D",212,"D","3","D",.,"A",.,"A",.,"A",.,"A",,"A",212,"D",212,"D",212,"D",.,"A",.,"A",.,"A",.,"A",.,"A","CADAL","D",,"A","2012","D"
"20134",2745382,11,0,"5","01","D","105","D","2012","D",.,"A",36,"D","07","D",450,"D","3","D",.,"A",1000,"D",.,"A",.,"A",,"A",450,"D",450,"D",450,"D",.,"A",.,"A",.,"A",.,"A",.,"A","INFAN","D",,"A","2012","D"
"20134",2745902,6,0,"1","01","D","105","D","2012","D",.,"A",.,"C","08","D",.,"C","3","D",.,"A",.,"A",.,"A",.,"A",,"A",642,"F",642,"F",642,"F",.,"A",.,"A",.,"A",.,"A",.,"A","CADAL","D",,"A","2012","D"
"20134",2746622,25,0,"5","01","D","105","D","2011","D",.,"A",42,"D","07","D",210,"D","3","D",.,"A",.,"C",.,"A",.,"A",,"A",210,"D",210,"D",210,"D",.,"A",.,"A",.,"A",.,"A",.,"A","CADAL","D",,"A","2011","D"
"20134",2747152,13,0,"5","01","D","105","D","2008","D",.,"A",48,"D","06","D",290,"D","3","D",.,"A",.,"A",.,"A",.,"A",,"A",290,"D",290,"D",290,"D",.,"A",.,"A",.,"A",.,"A",.,"A","CHEAP","D",,"A","2013","D"
"20134",2756465,5,0,"1","01","D","105","D","2011","D",.,"A",36,"D","09","D",500,"D","3","D",.,"A",.,"A",.,"A",.,"A",,"A",500,"D",500,"D",500,"D",.,"A",.,"A",.,"A",.,"A",.,"A","TOYAR","D",,"A","2011","D"
"20141",2647595,12,0,"5","01","D","105","D","2012","D",.,"A",39,"D","07","D",292,"D","3","D",.,"A",.,"A",2500,"D",.,"A",,"A",292,"D",292,"D",292,"D",.,"A",.,"A",.,"A",2500,"D",.,"A","JEEAI","D",,"A","2012","D"
"20141",2647775,35,0,"5","01","D","105","D","2013","D",.,"A",39,"D","06","D",224,"D","3","D",.,"A",6500,"D",.,"A",.,"A",,"A",224,"D",224,"D",224,"D",.,"A",.,"A",.,"A",.,"A",.,"A","VOKAW","D",,"A","2012","D"
"20141",2648015,15,0,"5","01","D","105","D","2010","D",.,"A",36,"D","04","F",173,"D","3","D",.,"A",.,"A",.,"A",.,"A",,"A",173,"D",173,"D",173,"D",.,"A",.,"A",.,"A",.,"A",.,"A","KIAAD","D",,"A","2012","D"
"20141",2648015,16,0,"1","02","D","105","D","2008","D",.,"A",36,"D","11","D",420,"D","3","D",.,"A",.,"A",.,"A",.,"A",,"A",.,"A",420,"D",420,"D",.,"A",.,"A",.,"A",.,"A",.,"A","FORBC","D",,"A","2013","D"
"20141",2648585,19,0,"5","01","D","105","D","2013","D",.,"A",24,"D","09","D",.,"C","3","D",.,"A",.,"C",.,"C",.,"A",,"A",313,"F",313,"F",313,"F",.,"A",.,"A",.,"A",.,"B",.,"A","NISAD","D",,"A","2012","D"
"20141",2648585,20,0,"5","02","D","105","D","2010","D",.,"A",39,"D","07","F",.,"C","3","D",.,"A",.,"A",.,"A",.,"A",,"A",200,"F",200,"F",200,"F",.,"A",.,"A",.,"A",.,"A",.,"A","NISAF","D",,"A","2010","D"
"20141",2648965,17,0,"5","01","D","105","D","2011","D",.,"A",36,"D","09","D",450,"D","3","D",.,"A",.,"A",2000,"D",.,"A","10","D",450,"D",.,"A",.,"A",50,"D",.,"A",.,"A",2000,"D",.,"A","TOYAO","D",,"A","2010","D"
"20141",2649965,28,0,"5","01","D","105","D","2013","D",.,"A",48,"D","01","D",339,"D","3","D",.,"A",4000,"D",24000,"D",.,"A",,"A",339,"D",339,"D",339,"D",.,"A",.,"A",.,"A",24000,"D",.,"A","HYUAE","D",,"A","2013","D"
"20141",2650445,12,0,"5","01","D","105","D","2012","D",.,"A",39,"D","09","D",316,"D","3","D",.,"A",.,"A",1000,"D",.,"A",,"A",316,"D",316,"D",316,"D",.,"A",.,"A",.,"A",1000,"D",.,"A","BUIAN","D",,"A","2012","D"
"20141",2650495,20,0,"5","01","D","105","D","2011","D",.,"A",36,"D","10","D",433,"D","3","D",.,"A",.,"A",1000,"D",.,"A",,"A",433,"D",433,"D",433,"D",.,"A",.,"A",.,"A",1000,"D",.,"A","TOYAC","D",,"A","2011","D"
"20141",2651485,20,0,"5","02","D","105","D","2010","D",.,"A",36,"D","12","D",300,"D","3","D",.,"A",.,"A",2000,"D",.,"A","11","D",300,"D",300,"D",.,"A",.,"A",.,"A",.,"A",2000,"D",.,"A","DODAC","D",,"A","2010","D"
"20141",2651485,21,0,"5","03","D","105","D","2013","D",.,"A",39,"D","01","D",236,"D","3","D",.,"A",.,"A",.,"A",.,"A",,"A",236,"D",236,"D",236,"D",.,"A",.,"A",.,"A",.,"A",.,"A","CHEBP","D",,"A","2013","D"
"20141",2651595,23,0,"5","01","D","105","D","2011","D",.,"A",36,"D","02","D",200,"D","3","D",.,"A",.,"A",.,"A",.,"A","10","D",200,"D",.,"A",.,"A",.,"A",.,"A",.,"A",.,"A",.,"A","HONAB","D",,"A","2011","D"
"20141",2651595,24,0,"5","02","D","105","D","2012","D",.,"A",3,"D","07","D",250,"D","3","D",.,"A",.,"A",.,"A",.,"A",,"A",250,"D",250,"D",250,"D",.,"A",.,"A",.,"A",.,"A",.,"A","HYUAE","D",,"A","2012","D"
"20141",2651875,10,0,"5","01","D","105","D","2011","D",.,"A",36,"D","02","D",326,"D","3","D",.,"A",.,"A",1800,"D",.,"A",,"A",326,"D",326,"D",326,"D",.,"A",.,"A",.,"A",1800,"D",.,"A","CHEAS","D",,"A","2011","D"
"20141",2651965,15,0,"1","01","D","105","D","2014","D",.,"A",48,"D","12","D",350,"D","3","D",.,"A",.,"A",2000,"D",.,"A",,"A",.,"A",.,"A",350,"D",.,"A",.,"A",.,"A",2000,"D",.,"A","INFAP","D",,"A","2013","D"
"20141",2652165,11,0,"5","01","D","105","D","2004","D",.,"A",.,"B","04","D",325,"D","3","D",.,"A",.,"A",500,"D",.,"A","10","D",325,"D",.,"A",.,"A",.,"A",.,"A",.,"A",500,"D",.,"A","KIAAG","D",,"A","2013","D"
"20141",2652205,18,0,"5","01","D","105","D","2013","D",.,"A",36,"D","05","D",477,"D","3","D",.,"A",.,"A",3507,"D",.,"A",,"A",477,"D",477,"D",477,"D",.,"A",.,"A",.,"A",3507,"D",.,"A","XXXXX","D",,"A","2013","D"
"20141",2653375,6,0,"5","01","D","105","D","2006","D",.,"A",36,"D","11","D",300,"D","3","D",.,"A",.,"A",1500,"D",.,"A",,"A",300,"D",300,"D",300,"D",.,"A",.,"A",.,"A",1500,"D",.,"A","FORBJ","D",,"A","2012","D"
"20141",2653395,20,0,"5","01","D","105","D","2012","D",.,"A",36,"D","10","D",395,"D","3","D",.,"A",.,"A",.,"A",.,"A",,"A",395,"D",395,"D",395,"D",.,"A",.,"A",.,"A",.,"A",.,"A","TOYAC","D",,"A","2012","D"
"20141",2653535,26,0,"5","01","D","105","D","2010","D",.,"A",36,"D","11","F",250,"D","3","D",.,"A",.,"C",.,"C",.,"A",,"A",250,"D",250,"D",250,"D",.,"A",.,"A",.,"A",.,"B",.,"A","CHEAS","D",,"A","2010","D"
"20141",2654025,22,0,"5","01","D","105","D","2013","D",.,"A",36,"D","01","D",170,"D","3","D",.,"A",.,"A",.,"A",.,"A",,"A",170,"D",170,"D",170,"D",.,"A",.,"A",.,"A",.,"A",.,"A","TOYAF","D",,"A","2013","D"
"20141",2654025,23,0,"5","02","D","105","D","2013","D",.,"A",36,"D","07","D",335,"D","3","D",.,"A",12000,"D",.,"A",.,"A",,"A",335,"D",335,"D",335,"D",.,"A",.,"A",.,"A",.,"A",.,"A","FORAO","D",,"A","2013","D"
"20141",2654365,8,0,"5","01","D","105","D","2013","D",.,"A",24,"D","05","D",500,"D","3","D",.,"A",.,"A",.,"A",.,"A",,"A",500,"D",500,"D",500,"D",.,"A",.,"A",.,"A",.,"A",.,"A","LINAD","D",,"A","2013","D"
"20141",2654915,30,0,"5","01","D","105","D","2013","D",0.5,"D",24,"D","01","D",1500,"D","3","D",.,"A",.,"A",.,"A",.,"A",,"A",1500,"D",1500,"D",1500,"D",.,"A",.,"A",.,"A",.,"A",.,"A","MRBAY","D",,"A","2013","D"
"20141",2655655,36,0,"5","01","D","105","D","2012","D",.,"A",39,"D","10","D",189,"D","3","D",.,"A",3000,"D",.,"A",.,"A",,"A",189,"D",189,"D",189,"D",.,"A",.,"A",.,"A",.,"A",.,"A","NISAN","D",,"A","2012","D"
"20141",2655695,17,0,"5","01","D","105","D","2010","D",.,"A",36,"D","09","F",480,"D","3","D",.,"A",.,"A",.,"A",.,"A",,"A",480,"D",480,"D",480,"D",.,"A",.,"A",.,"A",.,"A",.,"A","HONAG","D",,"A","2010","D"
"20141",2657185,26,0,"1","01","D","105","D","2011","D",.,"A",48,"D","07","D",489,"D","3","D",.,"A",5000,"D",5000,"D",.,"A",,"A",489,"D",489,"D",489,"D",.,"A",.,"A",.,"A",5000,"D",.,"A","TOYAU","D",,"A","2011","D"
"20141",2657185,27,0,"1","02","D","105","D","2014","D",.,"A",36,"D","05","D",528,"D","3","D",.,"A",.,"A",10000,"D",.,"A",,"A",528,"D",528,"D",528,"D",.,"A",.,"A",.,"A",10000,"D",.,"A","TOYAB","D",,"A","2013","D"
"20141",2657455,14,0,"5","01","D","105","D","2012","D",.,"A",72,"D","12","D",520,"D","3","D",.,"A",.,"A",.,"A",.,"A",,"A",520,"D",520,"D",520,"D",45,"D",45,"D",45,"D",.,"A",.,"A","CHEBS","D",,"A","2012","D"
"20141",2657645,43,0,"5","01","D","105","D","2013","D",.,"A",36,"D","01","D",425,"D","3","D",.,"A",.,"A",.,"A",.,"A",,"A",425,"D",425,"D",425,"D",.,"A",.,"A",.,"A",.,"A",.,"A","FORAM","D",,"A","2013","D"
"20141",2657735,12,0,"1","01","D","105","D","2014","D",.,"A",36,"D","11","D",700,"D","3","D",.,"A",.,"A",.,"A",.,"A",,"A",.,"A",700,"D",700,"D",.,"A",.,"A",.,"A",.,"A",.,"A","LEXAG","D",,"A","2013","D"
"20141",2657955,22,0,"5","01","D","105","D","2012","D",0.5,"D",36,"D","03","D",315,"D","3","D",.,"A",.,"A",.,"A",.,"A",,"A",315,"D",315,"D",315,"D",.,"A",.,"A",.,"A",.,"A",.,"A","VOKAK","D",,"A","2012","D"
"20141",2659185,19,0,"5","01","D","105","D","2012","D",.,"A",36,"D","03","D",213,"D","3","D",.,"A",.,"A",.,"A",.,"A",,"A",213,"D",213,"D",213,"D",.,"A",.,"A",.,"A",.,"A",.,"A","HONAB","D",,"A","2013","D"
"20141",2659585,17,0,"5","01","D","105","D","2011","D",.,"A",36,"D","07","D",167,"D","3","D",.,"A",.,"A",3000,"D",.,"A",,"A",167,"D",167,"D",167,"D",.,"A",.,"A",.,"A",3000,"D",.,"A","HYUAB","D",,"A","2011","D"
"20141",2659585,18,0,"5","02","D","105","D","2011","D",.,"A",36,"D","07","D",167,"D","3","D",.,"A",.,"A",.,"A",.,"A",,"A",167,"D",167,"D",167,"D",.,"A",.,"A",.,"A",.,"A",.,"A","HYUAB","D",,"A","2011","D"
"20141",2659695,15,0,"5","01","D","105","D","2013","D",.,"A",60,"D","06","D",225,"D","3","D",.,"A",.,"A",.,"A",.,"A",,"A",225,"D",225,"D",225,"D",.,"A",.,"A",.,"A",.,"A",.,"A","TOYAF","D",,"A","2012","D"
"20141",2659695,16,0,"5","02","D","105","D","2007","D",.,"A",72,"D","08","D",456,"D","3","D",.,"A",.,"A",.,"A",.,"A","11","D",456,"D",.,"A",.,"A",.,"A",.,"A",.,"A",.,"A",.,"A","NISAS","D",,"A","2007","D"
"20141",2659835,13,0,"5","01","D","105","D","2013","D",.,"A",36,"D","09","F",475,"D","3","D",.,"A",.,"A",.,"A",.,"A",,"A",475,"D",475,"D",475,"D",.,"A",.,"A",.,"A",.,"A",.,"A","BMWAA","D",,"A","2013","D"
"20141",2661395,16,0,"5","01","D","105","D","2006","D",.,"A",60,"D","11","D",269,"D","3","D",.,"A",.,"A",.,"A",.,"A",,"A",269,"D",269,"D",269,"D",.,"A",.,"A",.,"A",.,"A",.,"A","JEEAD","D",,"A","2012","D"
"20141",2661445,7,0,"1","01","D","105","D","2006","D",.,"A",60,"D","10","D",500,"D","3","D",.,"A",.,"A",.,"A",.,"A",,"A",500,"D",500,"D",500,"D",.,"A",.,"A",.,"A",.,"A",.,"A","FORAO","D",,"A","2013","D"
"20141",2661715,26,0,"5","01","D","105","D","2012","D",.,"A",36,"D","04","D",650,"D","3","D",.,"A",.,"A",.,"C",.,"A","01","D",650,"D",650,"D",650,"D",.,"A",.,"A",.,"A",.,"B",.,"A","AUDAH","D",,"A","2012","D"
"20141",2661715,27,0,"1","02","D","105","D","2013","D",.,"A",36,"D","05","D",700,"D","3","D",.,"A",.,"A",.,"C",.,"A",,"A",700,"D",700,"D",700,"D",.,"A",.,"A",.,"A",.,"B",.,"A","AUDAY","D",,"A","2013","D"
"20141",2664145,33,0,"5","01","D","105","D","2014","D",.,"A",36,"D","07","D",230,"D","3","D",.,"A",.,"A",5000,"D",.,"A",,"A",230,"D",230,"D",230,"D",.,"A",.,"A",.,"A",5000,"D",.,"A","KIAAE","D",,"A","2013","D"
"20141",2664195,12,0,"5","01","D","105","D","2013","D",.,"A",36,"D","04","D",175,"D","3","D",.,"A",7000,"D",.,"A",.,"A",,"A",175,"D",175,"D",175,"D",.,"A",.,"A",.,"A",.,"A",.,"A","SUBAC","D",,"A","2013","D"
"20141",2664725,11,0,"5","01","D","105","D","2012","D",.,"A",36,"D","12","D",240,"D","3","D",.,"A",500,"D",3000,"D",.,"A",,"A",240,"D",240,"D",240,"D",.,"A",.,"A",.,"A",3000,"D",.,"A","NISAN","D",,"A","2012","D"
"20141",2665895,18,0,"5","01","D","105","D","2010","D",.,"A",36,"D","05","D",269,"D","3","D",.,"A",.,"A",1200,"D",.,"A",,"A",269,"D",269,"D",269,"D",.,"A",.,"A",.,"A",1200,"D",.,"A","TOYAC","D",,"A","2010","D"
"20141",2665895,19,0,"5","02","D","105","D","2009","D",.,"A",60,"D","04","D",470,"D","3","D",.,"A",3000,"D",.,"A",.,"A",,"A",470,"D",470,"D",470,"D",.,"A",.,"A",.,"A",.,"A",.,"A","HONAI","D",,"A","2009","D"
"20141",2666525,34,0,"5","01","D","105","D","2013","D",.,"A",36,"D","08","D",165,"D","3","D",.,"A",.,"A",2000,"D",.,"A",,"A",165,"D",165,"D",165,"D",.,"A",.,"A",.,"A",2000,"D",.,"A","HONAB","D",,"A","2013","D"
"20141",2666525,35,0,"5","02","D","105","D","2013","D",.,"A",36,"D","10","D",333,"D","3","D",.,"A",.,"A",3330,"D",.,"A",,"A",333,"D",333,"D",333,"D",.,"A",.,"A",.,"A",3330,"D",.,"A","HONAI","D",,"A","2013","D"
"20141",2666705,15,0,"5","01","D","105","D","2010","D",.,"A",36,"D","07","D",360,"D","3","D",.,"A",.,"A",.,"A",.,"A",,"A",360,"D",360,"D",360,"D",.,"A",.,"A",.,"A",.,"A",.,"A","FORAW","D",,"A","2011","D"
"20141",2666885,17,0,"5","01","D","105","D","2011","D",.,"A",36,"D","04","D",248,"D","3","D",.,"A",.,"A",.,"A",.,"A",,"A",248,"D",248,"D",248,"D",.,"A",.,"A",.,"A",.,"A",.,"A","KIAAL","D",,"A","2011","D"
"20141",2667125,28,0,"5","01","D","105","D","2011","D",.,"A",36,"D","05","D",346,"D","3","D",.,"A",.,"A",.,"A",.,"A",,"A",346,"D",346,"D",346,"D",.,"A",.,"A",.,"A",.,"A",.,"A","TOYAU","D",,"A","2011","D"
"20141",2667195,17,0,"5","01","D","105","D","2013","D",.,"A",60,"D","02","D",450,"D","3","D",.,"A",.,"A",.,"C",.,"A",,"A",450,"D",450,"D",450,"D",.,"A",.,"A",.,"A",.,"B",.,"A","MRBXX","D",,"A","2013","D"
"20141",2667615,7,0,"5","01","D","105","D","2013","D",.,"A",.,"C","09","D",122,"D","3","D",.,"A",.,"A",.,"A",.,"A",,"A",122,"D",122,"D",122,"D",.,"A",.,"A",.,"A",.,"A",.,"A","TOYAF","D",,"A","2013","D"
"20141",2667995,20,0,"1","01","D","105","D","2014","D",.,"A",42,"D","02","D",360,"D","3","D",.,"A",4200,"D",.,"A",.,"A",,"A",.,"A",.,"A",.,"A",.,"A",.,"A",.,"A",.,"A",.,"A","MAZAN","D",,"A","2014","D"
"20141",2668455,16,0,"5","01","D","105","D","2013","D",.,"A",42,"D","10","D",658,"D","3","D",.,"A",.,"A",.,"A",.,"A",,"A",658,"D",658,"D",658,"D",.,"A",.,"A",.,"A",.,"A",.,"A","AUDAX","D",,"A","2012","D"
"20141",2669365,12,0,"5","01","D","105","D","2012","D",.,"A",36,"D","01","D",381,"D","3","D",.,"A",.,"A",.,"A",.,"A",,"A",381,"D",381,"D",381,"D",.,"A",.,"A",.,"A",.,"A",.,"A","HONAB","D",,"A","2011","D"
"20141",2670185,17,0,"5","01","D","105","D","2014","D",.,"A",36,"D","09","D",399,"D","3","D",.,"A",.,"A",2500,"D",.,"A",,"A",399,"D",399,"D",399,"D",.,"A",.,"A",.,"A",2500,"D",.,"A","MAZAY","D",,"A","2013","D"
"20141",2670555,10,0,"5","01","D","105","D","2006","D",.,"A",26,"D","08","D",270,"D","3","D",.,"A",.,"A",1500,"D",.,"A","12","D",270,"D",.,"A",.,"A",.,"A",.,"A",.,"A",1500,"D",.,"A","CHEAP","D",,"A","2012","D"
"20141",2670555,11,0,"5","02","D","105","D","1998","D",.,"A",48,"D","12","D",200,"D","3","D",.,"A",.,"A",1000,"D",.,"A",,"A",200,"D",200,"D",200,"D",.,"A",.,"A",.,"A",1000,"D",.,"A","DODAJ","D",,"A","2012","D"
"20141",2670665,26,0,"5","01","D","105","D","2013","D",.,"A",36,"D","12","D",373,"D","3","D",.,"A",.,"A",10000,"D",.,"A",,"A",373,"D",373,"D",373,"D",.,"A",.,"A",.,"A",10000,"D",.,"A","LEXAK","D",,"A","2012","D"
"20141",2670845,29,0,"5","01","D","105","D","2012","D",.,"A",36,"D","03","D",559,"D","3","D",.,"A",.,"A",515,"D",.,"A",,"A",559,"D",559,"D",559,"D",.,"A",.,"A",.,"A",515,"D",.,"A","FORAM","D",,"A","2012","D"
"20141",2671495,15,0,"5","01","D","105","D","2012","D",.,"A",39,"D","04","D",210,"D","3","D",.,"A",6000,"D",.,"A",.,"A",,"A",210,"D",210,"D",210,"D",.,"A",.,"A",.,"A",.,"A",.,"A","CHEBT","D",,"A","2012","D"
"20141",2671735,13,0,"5","01","D","105","D","2011","D",.,"A",36,"D","02","D",274,"D","3","D",.,"A",.,"A",4000,"D",.,"A","02","D",274,"D",274,"D",274,"D",.,"A",.,"A",.,"A",4000,"D",.,"A","HONXX","D",,"A","2011","D"
"20141",2671915,12,0,"5","01","D","105","D","2012","D",.,"A",42,"D","05","D",386,"D","3","D",.,"A",.,"A",.,"A",.,"A",,"A",386,"D",386,"D",386,"D",.,"A",.,"A",.,"A",.,"A",.,"A","HONAB","D",,"A","2012","D"
"20141",2673235,13,0,"5","01","D","105","D","2010","D",.,"A",48,"D","02","D",410,"D","3","D",.,"A",.,"A",.,"A",.,"A",,"A",410,"D",410,"D",410,"D",.,"A",.,"A",.,"A",.,"A",.,"A","TOYAO","D",,"A","2010","D"
"20141",2674245,3,0,"5","01","D","105","D","2010","D",.,"A",.,"C","07","F",350,"D","3","D",.,"A",.,"A",.,"A",.,"A",,"A",350,"D",350,"D",350,"D",.,"A",.,"A",.,"A",.,"A",.,"A","SAAXX","D",,"A","2012","F"
"20141",2674485,15,0,"5","01","D","105","D","2002","D",.,"A",39,"D","12","D",169,"D","3","D",.,"A",.,"A",4000,"D",.,"A",,"A",169,"D",169,"D",169,"D",.,"A",.,"A",.,"A",4000,"D",.,"A","CHEBT","D",,"A","2011","D"
"20141",2674635,23,0,"5","01","D","105","D","2011","D",.,"A",36,"D","08","D",208,"D","3","D",.,"A",.,"A",.,"A",.,"A",,"A",208,"D",208,"D",208,"D",.,"A",.,"A",.,"A",.,"A",.,"A","HONAA","D",,"A","2011","D"
"20141",2674755,28,0,"5","01","D","105","D","2011","D",.,"A",24,"D","06","D",530,"D","3","D",.,"A",.,"A",1200,"D",.,"A",,"A",530,"D",530,"D",530,"D",.,"A",.,"A",.,"A",1200,"D",.,"A","MRBAY","D",,"A","2012","D"
"20141",2675515,21,0,"5","01","D","105","D","2013","D",.,"A",36,"D","05","D",370,"D","3","D",.,"A",.,"A",.,"A",.,"A",,"A",370,"D",370,"D",370,"D",.,"A",.,"A",.,"A",.,"A",.,"A","BUIAG","D",,"A","2013","D"
"20141",2675925,18,0,"5","01","D","105","D","2012","D",.,"A",60,"D","05","D",50,"D","3","D",.,"A",.,"A",1600,"D",.,"A",,"A",50,"D",50,"D",50,"D",.,"A",.,"A",.,"A",1600,"D",.,"A","HONAB","D",,"A","2013","D"
"20141",2676745,20,0,"5","01","D","105","D","2014","D",.,"A",.,"C","12","D",309,"D","3","D",.,"A",.,"A",.,"A",.,"A",,"A",309,"D",309,"D",309,"D",.,"A",.,"A",.,"A",.,"A",.,"A","CHEBT","D",,"A","2013","D"
"20141",2677585,27,0,"5","01","D","105","D","2013","D",.,"A",30,"D","12","D",294,"D","3","D",.,"A",6000,"D",.,"A",.,"A",,"A",294,"D",294,"D",294,"D",.,"A",.,"A",.,"A",.,"A",.,"A","TOYAO","D",,"A","2013","D"
"20141",2677895,9,0,"5","01","D","105","D",,"C",.,"A",.,"C","05","F",.,"C","3","D",.,"A",.,"A",.,"A",.,"A",,"A",286,"F",286,"F",286,"F",.,"A",.,"A",.,"A",.,"A",.,"A","CADXX","D",,"A","2012","F"
"20141",2677935,15,0,"5","01","D","105","D","2008","D",.,"A",60,"D","06","D",500,"D","3","D",.,"A",.,"A",.,"A",.,"A",,"A",500,"D",500,"D",500,"D",.,"A",.,"A",.,"A",.,"A",.,"A","TOYAT","D",,"A","2008","D"
"20141",2678605,26,0,"5","01","D","105","D","2013","D",.,"A",36,"D","11","D",300,"D","3","D",.,"A",.,"A",.,"C",.,"A",,"A",300,"D",300,"D",300,"D",.,"A",.,"A",.,"A",.,"B",.,"A","BMWAA","D",,"A","2012","D"
"20141",2678675,25,0,"1","01","D","105","D","2014","D",.,"A",.,"C","11","D",385,"D","3","D",.,"A",.,"A",.,"A",.,"A",,"A",385,"D",385,"D",385,"D",.,"A",.,"A",.,"A",.,"A",.,"A","TOYAO","D",,"A","2013","D"
"20141",2678775,20,0,"5","02","D","105","D","2013","D",.,"A",36,"D","08","D",278,"D","3","D",.,"A",.,"A",.,"A",.,"A",,"A",278,"D",278,"D",278,"D",.,"A",.,"A",.,"A",.,"A",.,"A","VOKAI","D",,"A","2013","D"
"20141",2679055,16,0,"5","01","D","105","D","2012","D",.,"A",36,"D","03","D",360,"D","3","D",.,"A",.,"A",.,"A",.,"A",,"A",360,"D",360,"D",360,"D",.,"A",.,"A",.,"A",.,"A",.,"A","TOYAC","D",,"A","2012","D"
"20141",2680304,17,0,"5","01","D","105","D","2012","D",.,"A",60,"D","11","D",475,"D","3","D",.,"A",.,"A",3000,"D",.,"A",,"A",475,"D",475,"D",475,"D",.,"A",.,"A",.,"A",3000,"D",.,"A","FORAM","D",,"A","2011","D"
"20141",2680684,13,0,"5","01","D","105","D","2012","D",.,"A",.,"C","05","F",390,"D","3","D",.,"A",.,"A",.,"A",.,"A",,"A",390,"D",390,"D",390,"D",.,"A",.,"A",.,"A",.,"A",.,"A","TOYAU","D",,"A","2012","F"
"20141",2681414,6,0,"5","01","D","105","D","2012","D",.,"A",36,"D","01","D",225,"D","3","D",.,"A",.,"A",1000,"D",.,"A",,"A",225,"D",225,"D",225,"D",.,"A",.,"A",.,"A",1000,"D",.,"A","NISAN","D",,"A","2012","D"
"20141",2682044,15,0,"5","01","D","105","D","2013","D",.,"A",.,"C","07","F",500,"D","3","D",.,"A",.,"A",.,"A",.,"A",,"A",500,"D",500,"D",500,"D",.,"A",.,"A",.,"A",.,"A",.,"A","LEXXX","D",,"A","2013","D"
"20141",2682484,16,0,"5","01","D","105","D","2003","D",.,"A",.,"C","11","D",300,"D","3","D",.,"A",.,"A",.,"A",.,"A",,"A",300,"D",300,"D",300,"D",.,"A",.,"A",.,"A",.,"A",.,"A","CHEBI","D",,"A","2006","D"
"20141",2683114,16,0,"5","01","D","105","D","2013","D",.,"A",24,"D","03","D",.,"C","3","D",.,"A",.,"A",.,"A",.,"A",,"A",321,"F",321,"F",321,"F",.,"A",.,"A",.,"A",.,"A",.,"A","JEEXX","D",,"A","2013","D"
"20141",2683314,32,0,"5","01","D","105","D",,"C",.,"A",48,"D","12","D",500,"D","3","D",.,"A",.,"A",.,"A",.,"A","11","D",500,"D",500,"D",.,"A",.,"A",.,"A",.,"A",.,"A",.,"A","VOVAW","D",,"A","2009","D"
"20141",2683314,33,0,"1","02","D","105","D","2013","D",.,"A",3,"D","12","D",600,"D","3","D",.,"A",15000,"F",.,"A",.,"A",,"A",.,"A",.,"A",600,"D",.,"A",.,"A",.,"A",.,"A",.,"A","VOVAW","D",,"A","2013","D"
"20141",2683614,14,0,"1","01","D","105","D","2012","D",.,"A",36,"D","02","D",249,"D","3","D",.,"A",.,"A",249,"D",.,"A",,"A",249,"D",249,"D",249,"D",.,"A",.,"A",.,"A",249,"D",.,"A","HONAB","D",,"A","2012","D"
"20141",2684454,17,0,"5","01","D","105","D","2013","D",.,"A",24,"D","12","D",138,"D","3","D",.,"A",1600,"D",1500,"D",.,"A",,"A",138,"D",138,"D",138,"D",.,"A",.,"A",.,"A",1500,"D",.,"A","FORBA","D",,"A","2012","D"
"20141",2685344,11,0,"5","01","D","105","D","2011","D",.,"A",36,"D","05","D",495,"D","3","D",.,"A",.,"A",.,"A",.,"A","11","D",495,"D",495,"D",.,"A",.,"A",.,"A",.,"A",.,"A",.,"A","LEXAA","D",,"A","2011","D"
"20141",2685424,10,0,"1","01","D","105","D","2014","D",.,"A",36,"D","10","D",400,"D","3","D",.,"A",.,"A",.,"A",.,"A",,"A",.,"A",.,"A",.,"A",.,"A",.,"A",.,"A",.,"A",.,"A","JEEXX","D",,"A","2014","D"
"20141",2685514,5,0,"5","01","D","105","D","2011","D",.,"A",36,"D","12","D",.,"C","3","D",.,"A",.,"A",.,"A",.,"A",,"A",352,"F",352,"F",352,"F",.,"A",.,"A",.,"A",.,"A",.,"A","KIAAG","D",,"A","2012","D"
"20141",2685654,15,0,"5","01","D","105","D","2014","D",.,"A",36,"D","03","D",330,"D","3","D",.,"A",.,"A",.,"A",.,"A",,"A",330,"D",330,"D",330,"D",.,"A",.,"A",.,"A",.,"A",.,"A","MAZAY","D",,"A","2013","D"
"20141",2686044,16,0,"5","01","D","105","D","2011","D",.,"A",36,"D","10","F",350,"D","3","D",.,"A",.,"A",1500,"D",.,"A",,"A",350,"D",350,"D",350,"D",.,"A",.,"A",.,"A",1500,"D",.,"A","VOKXX","D",,"A","2012","D"
"20141",2686744,19,0,"5","01","D","105","D","2012","D",.,"A",36,"D","03","D",353,"D","3","D",.,"A",2500,"D",.,"A",.,"A",,"A",353,"D",353,"D",353,"D",.,"A",.,"A",.,"A",.,"A",.,"A","TOYAC","D",,"A","2012","D"
"20141",2686794,33,0,"5","01","D","105","D","2004","D",.,"A",36,"D","04","D",140,"D","3","D",.,"A",4000,"D",.,"A",.,"A",,"A",140,"D",140,"D",140,"D",.,"A",.,"A",.,"A",.,"A",.,"A","TOYAO","D",,"A","2013","D"
"20141",2686794,34,0,"5","02","D","105","D","2008","D",.,"A",60,"D","06","D",320,"D","3","D",.,"A",.,"A",3000,"D",.,"A",,"A",320,"D",320,"D",320,"D",.,"A",.,"A",.,"A",3000,"D",.,"A","LEXAG","D",,"A","2013","D"
"20141",2686904,25,0,"5","01","D","105","D","2012","D",.,"A",39,"D","06","D",259,"D","3","D",.,"A",2000,"D",1000,"D",.,"A",,"A",259,"D",259,"D",259,"D",.,"A",.,"A",.,"A",1000,"D",.,"A","GMCAI","D",,"A","2012","D"
"20141",2686944,14,0,"5","01","D","105","D","2012","D",.,"A",36,"D","03","D",199,"D","3","D",.,"A",.,"A",.,"A",.,"A",,"A",199,"D",199,"D",199,"D",.,"A",.,"A",.,"A",.,"A",.,"A","HONAB","D",,"A","2012","D"
"20141",2688884,17,0,"5","01","D","105","D","2013","D",.,"A",.,"C","03","D",320,"D","3","D",.,"A",.,"A",.,"A",.,"A",,"A",320,"D",320,"D",320,"D",.,"A",.,"A",.,"A",.,"A",.,"A","BMWAA","D",,"A","2013","D"
"20141",2689154,28,0,"5","01","D","105","D","2013","D",.,"A",36,"D","04","D",319,"D","3","D",.,"A",.,"A",.,"A",.,"A",,"A",319,"D",319,"D",319,"D",.,"A",.,"A",.,"A",.,"A",.,"A","FORBC","D",,"A","2013","D"
"20141",2689584,21,0,"5","01","D","105","D","2012","D",.,"A",24,"D","08","D",321,"D","3","D",.,"A",.,"C",.,"C",.,"A",,"A",321,"D",321,"D",321,"D",.,"A",.,"A",.,"A",.,"B",.,"A","TOYAC","D",,"A","2012","D"
"20141",2690484,6,0,"1","01","D","105","D","2012","D",.,"A",39,"D","03","D",185,"D","3","D",.,"A",.,"A",1500,"D",.,"A",,"A",185,"D",185,"D",185,"D",.,"A",.,"A",.,"A",1500,"D",.,"A","TOYAF","D",,"A","2012","D"
"20141",2691064,12,0,"5","01","D","105","D","2011","D",.,"A",.,"C","12","D",270,"D","3","D",.,"A",.,"A",.,"A",.,"A",,"A",270,"D",270,"D",270,"D",.,"A",.,"A",.,"A",.,"A",.,"A","HYUAE","D",,"A","2011","D"
"20141",2691924,16,0,"5","01","D","105","D","2011","D",.,"A",36,"D","03","D",338,"D","3","D",.,"A",3000,"D",.,"A",.,"A",,"A",338,"D",338,"D",338,"D",.,"A",.,"A",.,"A",.,"A",.,"A","INFXX","D",,"A","2011","D"
"20141",2691924,17,0,"5","02","D","105","D","2011","D",.,"A",36,"D","10","D",440,"D","3","D",.,"A",.,"A",.,"A",.,"A",,"A",440,"D",440,"D",440,"D",.,"A",.,"A",.,"A",.,"A",.,"A","NISAG","D",,"A","2011","D"
"20141",2692694,21,0,"5","01","D","105","D","2007","D",.,"A",60,"D","05","D",305,"D","3","D",.,"A",.,"A",2500,"D",.,"A",,"A",305,"D",305,"D",305,"D",.,"A",.,"A",.,"A",2500,"D",.,"A","NISAM","D",,"A","2012","D"
"20141",2693124,38,0,"5","01","D","105","D","2011","D",.,"A",48,"D","06","D",330,"D","3","D",.,"A",.,"A",.,"A",.,"A",,"A",330,"D",330,"D",330,"D",.,"A",.,"A",.,"A",.,"A",.,"A","HONAG","D",,"A","2011","D"
"20141",2693274,14,0,"5","01","D","105","D","2013","D",.,"A",36,"D","03","D",214,"D","3","D",.,"A",.,"A",2000,"D",.,"A",,"A",214,"D",214,"D",214,"D",.,"A",.,"A",.,"A",2000,"D",.,"A","FORBA","D",,"A","2013","D"
"20141",2694534,18,0,"5","01","D","105","D","2006","D",.,"A",60,"D","08","D",250,"D","3","D",.,"A",.,"A",.,"A",.,"A",,"A",250,"D",250,"D",250,"D",.,"A",.,"A",.,"A",.,"A",.,"A","MITAR","D",,"A","2010","D"
"20141",2694854,12,0,"5","01","D","105","D","2011","D",.,"A",36,"D","04","D",365,"D","3","D",.,"A",.,"A",1200,"D",.,"A",,"A",365,"D",365,"D",365,"D",.,"A",.,"A",.,"A",1200,"D",.,"A","HYUAI","D",,"A","2011","D"
"20141",2695124,17,0,"5","01","D","105","D","2013","D",.,"A",36,"D","04","D",364,"D","3","D",.,"A",.,"A",.,"A",.,"A",,"A",364,"D",364,"D",364,"D",.,"A",.,"A",.,"A",.,"A",.,"A","HONAA","D",,"A","2013","D"
"20141",2695374,9,0,"1","01","D","105","D","2002","D",.,"A",23,"D","03","D",300,"D","3","D",.,"A",.,"A",3000,"D",.,"A",,"A",.,"A",.,"A",.,"A",.,"A",.,"A",.,"A",3000,"D",.,"A","GMCAM","D",,"A","2014","D"
"20141",2695474,10,0,"5","01","D","105","D","2012","D",.,"A",36,"D","01","D",250,"D","3","D",.,"A",.,"A",.,"C",.,"A",,"A",250,"D",250,"D",250,"D",.,"A",.,"A",.,"A",.,"B",.,"A","HONAA","D",,"A","2012","D"
"20141",2696994,28,0,"5","02","D","105","D","2014","D",.,"A",.,"C","09","D",420,"D","3","D",.,"A",.,"A",.,"A",.,"A",,"A",420,"D",420,"D",420,"D",.,"A",.,"A",.,"A",.,"A",.,"A","FORBM","D",,"A","2013","D"
"20141",2697374,17,0,"5","01","D","105","D","2013","D",.,"A",24,"D","06","D",376,"D","3","D",.,"A",.,"A",.,"A",.,"A",,"A",376,"D",376,"D",376,"D",.,"A",.,"A",.,"A",.,"A",.,"A","NISAW","D",,"A","2013","D"
"20141",2697954,23,0,"5","03","D","105","D","2013","D",.,"A",24,"D","09","D",392,"D","3","D",.,"A",.,"A",.,"A",.,"A",,"A",392,"D",392,"D",392,"D",.,"A",.,"A",.,"A",.,"A",.,"A","FORBK","D",,"A","2013","D"
"20141",2697954,24,0,"5","04","D","105","D","2014","D",.,"A",27,"D","10","D",720,"D","3","D",.,"A",.,"A",.,"A",.,"A",,"A",720,"D",720,"D",720,"D",.,"A",.,"A",.,"A",.,"A",.,"A","MRBXX","D",,"A","2013","D"
"20141",2698094,9,0,"5","01","D","105","D","2012","D",.,"A",36,"D","02","D",375,"D","3","D",.,"A",.,"A",2000,"D",.,"A",,"A",375,"D",375,"D",375,"D",.,"A",.,"A",.,"A",2000,"D",.,"A","NISAN","D",,"A","2012","D"
"20141",2698154,15,0,"5","01","D","105","D","2011","D",.,"A",36,"D","02","D",400,"D","3","D",.,"A",.,"A",.,"A",.,"A",,"A",400,"D",400,"D",400,"D",.,"A",.,"A",.,"A",.,"A",.,"A","TOYAX","D",,"A","2011","D"
"20141",2698204,11,0,"1","01","D","105","D","2014","D",.,"A",36,"D","01","D",334,"D","3","D",.,"A",6750,"D",2000,"D",.,"A",,"A",.,"A",.,"A",334,"D",.,"A",.,"A",.,"A",2000,"D",.,"A","FORAM","D",,"A","2014","D"
"20141",2699004,9,0,"5","01","D","105","D","2012","D",.,"A",60,"D","10","D",300,"D","3","D",.,"A",.,"A",.,"A",.,"A",,"A",300,"D",300,"D",300,"D",.,"A",.,"A",.,"A",.,"A",.,"A","ACUAG","D",,"A","2013","D"
"20141",2699314,7,0,"5","01","D","105","D","2013","D",.,"A",1,"D","01","D",1,"D","7","D",.,"A",10000,"D",.,"A",.,"A",,"A",.,"A",.,"A",.,"A",.,"A",.,"A",.,"A",.,"A",.,"A","TOYAF","D",,"A","2013","D"
"20141",2701244,10,0,"5","01","D","105","D","2012","D",.,"A",36,"D","09","D",322,"D","3","D",.,"A",.,"A",5000,"D",.,"A",,"A",322,"D",322,"D",322,"D",.,"A",.,"A",.,"A",5000,"D",.,"A","DODAM","D",,"A","2012","D"
"20141",2701304,14,0,"5","01","D","105","D","2012","D",.,"A",36,"D","05","D",390,"D","3","D",.,"A",.,"A",.,"A",.,"A",,"A",390,"D",390,"D",390,"D",.,"A",.,"A",.,"A",.,"A",.,"A","NISAW","D",,"A","2012","D"
"20141",2701304,15,0,"5","02","D","105","D","2013","D",.,"A",36,"D","11","D",269,"D","3","D",.,"A",.,"A",.,"A",.,"A",,"A",269,"D",269,"D",269,"D",.,"A",.,"A",.,"A",.,"A",.,"A","NISAN","D",,"A","2012","D"
"20141",2702004,25,0,"5","01","D","105","D","2013","D",.,"A",39,"D","04","D",.,"C","3","D",.,"A",.,"C",.,"A",.,"A",,"A",230,"F",230,"F",230,"F",.,"A",.,"A",.,"A",.,"A",.,"A","CADAQ","D",,"A","2013","D"
"20141",2702074,16,0,"5","01","D","105","D","2012","D",.,"A",36,"D","02","D",400,"D","3","D",.,"A",.,"C",.,"C",.,"A",,"A",400,"D",400,"D",400,"D",.,"A",.,"A",.,"A",.,"B",.,"A","TOYAN","D",,"A","2013","D"
"20141",2703214,25,0,"5","01","D","105","D","2012","D",.,"A",48,"D","10","D",447,"D","3","D",.,"A",.,"A",2500,"D",.,"A",,"A",447,"D",447,"D",447,"D",.,"A",.,"A",.,"A",2500,"D",.,"A","JEEAD","D",,"A","2011","D"
"20141",2703214,26,0,"5","02","D","105","D","2012","D",.,"A",48,"D","07","D",447,"D","3","D",.,"A",.,"A",.,"A",.,"A",,"A",447,"D",447,"D",447,"D",.,"A",.,"A",.,"A",.,"A",.,"A","JEEAB","D",,"A","2012","D"
"20141",2703314,12,0,"5","01","D","105","D","2012","D",.,"A",.,"C","12","D",450,"D","3","D",.,"A",.,"A",.,"C",.,"A",,"A",450,"D",450,"D",450,"D",.,"A",.,"A",.,"A",.,"B",.,"A","BMWAB","D",,"A","2012","D"
"20141",2703374,25,0,"5","01","D","105","D","2013","D",.,"A",36,"D","01","D",400,"D","3","D",.,"A",.,"A",3000,"D",.,"A",,"A",400,"D",400,"D",400,"D",.,"A",.,"A",.,"A",3000,"D",.,"A","FORBI","D",,"A","2013","D"
"20141",2703404,20,0,"1","01","D","105","D","2003","D",.,"A",1,"D","12","D",7200,"D","7","D",.,"A",.,"A",.,"A",.,"A",,"A",7200,"D",.,"A",.,"A",.,"A",.,"A",.,"A",.,"A",.,"A","MAZAN","D",,"A","2013","D"
"20141",2704254,12,0,"5","01","D","105","D","2006","D",.,"A",60,"D","02","D",313,"D","3","D",.,"A",.,"A",.,"A",.,"A",,"A",313,"D",313,"D",313,"D",.,"A",.,"A",.,"A",.,"A",.,"A","VOKAK","D",,"A","2011","D"
"20141",2704334,36,0,"5","01","D","105","D","2013","D",0.3,"D",39,"D","07","D",374,"D","3","D",.,"A",.,"A",.,"A",.,"A",,"A",374,"D",374,"D",374,"D",.,"A",.,"A",.,"A",.,"A",.,"A","VOKAK","D",,"A","2013","D"
"20141",2704334,37,0,"5","02","D","105","D","2014","D",.,"A",36,"D","10","D",545,"D","3","D",.,"A",8500,"D",545,"D",.,"A",,"A",545,"D",545,"D",545,"D",.,"A",.,"A",.,"A",545,"D",.,"A","HONAG","D",,"A","2013","D"
"20141",2704504,9,0,"5","01","D","105","D","2013","D",.,"A",.,"C","09","F",350,"D","3","D",.,"A",.,"A",3000,"D",.,"A",,"A",350,"D",350,"D",350,"D",.,"A",.,"A",.,"A",3000,"D",.,"A","LINXX","D",,"A","2013","D"
"20141",2705054,23,0,"5","01","D","105","D","2013","D",.,"A",36,"D","03","D",345,"D","3","D",.,"A",.,"A",.,"A",.,"A",,"A",345,"D",345,"D",345,"D",.,"A",.,"A",.,"A",.,"A",.,"A","FORBJ","D",,"A","2013","D"
"20141",2705644,14,0,"5","01","D","105","D","2012","D",.,"A",39,"D","03","D",365,"D","3","D",.,"A",.,"A",.,"A",.,"A",,"A",365,"D",365,"D",365,"D",.,"A",.,"A",.,"A",.,"A",.,"A","NISAG","D",,"A","2012","D"
"20141",2705644,15,0,"5","02","D","105","D","2011","D",.,"A",39,"D","09","D",290,"D","3","D",.,"A",.,"A",.,"A",.,"A",,"A",290,"D",290,"D",290,"D",.,"A",.,"A",.,"A",.,"A",.,"A","VOKAI","D",,"A","2011","D"
"20141",2706284,27,0,"5","02","D","105","D","2014","D",.,"A",60,"D","12","D",596,"D","3","D",.,"A",.,"A",.,"A",.,"A",,"A",596,"D",596,"D",596,"D",.,"A",.,"A",.,"A",.,"A",.,"A","TOYAT","D",,"A","2013","D"
"20141",2706354,8,0,"1","01","D","105","D","2013","D",.,"A",39,"D","04","D",546,"D","3","D",.,"A",.,"A",.,"A",.,"A",,"A",.,"A",.,"A",.,"A",.,"A",.,"A",.,"A",.,"A",.,"A","FORBK","D",,"A","2014","D"
"20141",2707534,9,0,"5","01","D","105","D","2012","D",.,"A",60,"D","05","D",186,"D","3","D",.,"A",.,"A",9000,"D",.,"A",,"A",186,"D",186,"D",186,"D",.,"A",.,"A",.,"A",9000,"D",.,"A","VOKAK","D",,"A","2013","D"
"20141",2708234,21,0,"5","01","D","105","D","2013","D",.,"A",36,"D","12","D",642,"D","3","D",.,"A",.,"A",.,"A",.,"A","12","D",642,"D",.,"A",.,"A",.,"A",.,"A",.,"A",.,"A",.,"A","LEXAE","D",,"A","2012","D"
"20141",2708234,22,0,"5","02","D","105","D","2013","D",.,"A",36,"D","12","D",555,"D","3","D",.,"A",.,"A",.,"A",.,"A","12","D",555,"D",.,"A",.,"A",.,"A",.,"A",.,"A",.,"A",.,"A","LEXAA","D",,"A","2012","D"
"20141",2708234,23,0,"1","03","D","105","D","2014","D",.,"A",36,"D","01","D",642,"D","3","D",.,"A",.,"A",500,"D",.,"A",,"A",.,"A",642,"D",642,"D",.,"A",.,"A",.,"A",500,"D",.,"A","LEXAE","D",,"A","2014","D"
"20141",2708234,24,0,"1","04","D","105","D","2014","D",.,"A",36,"D","01","D",555,"D","3","D",.,"A",.,"A",.,"A",.,"A",,"A",.,"A",555,"D",555,"D",.,"A",.,"A",.,"A",.,"A",.,"A","LEXAA","D",,"A","2014","D"
"20141",2708784,25,0,"5","01","D","105","D","2013","D",.,"A",36,"D","05","D",89,"D","3","D",.,"A",.,"A",3799,"D",.,"A",,"A",89,"D",89,"D",89,"D",.,"A",.,"A",.,"A",3799,"D",.,"A","VOKAI","D",,"A","2013","D"
"20141",2708784,26,0,"5","02","D","105","D","2013","D",.,"A",36,"D","05","D",89,"D","3","D",.,"A",.,"A",3800,"D",.,"A","12","D",89,"D",.,"A",.,"A",.,"A",.,"A",.,"A",3800,"D",.,"A","VOKAI","D",,"A","2013","D"
"20141",2708874,14,0,"5","01","D","105","D","2012","D",.,"A",36,"D","09","D",255,"D","3","D",.,"A",.,"A",.,"A",.,"A",,"A",255,"D",255,"D",255,"D",.,"A",.,"A",.,"A",.,"A",.,"A","HONAB","D",,"A","2012","D"
"20141",2708884,10,0,"5","01","D","105","D","2008","D",.,"A",36,"D","02","D",500,"D","3","D",.,"A",.,"A",.,"A",.,"A",,"A",500,"D",500,"D",500,"D",.,"A",.,"A",.,"A",.,"A",.,"A","MAZAW","D",,"A","2013","D"
"20141",2709474,12,0,"5","01","D","105","D","2006","D",.,"A",48,"D","02","D",150,"D","3","D",.,"A",.,"A",1000,"D",.,"A",,"A",150,"D",150,"D",150,"D",.,"A",.,"A",.,"A",1000,"D",.,"A","CHEAS","D",,"A","2010","D"
"20141",2709474,13,0,"5","02","D","105","D","2012","D",.,"A",72,"D","02","D",460,"D","3","D",.,"A",3000,"D",2000,"D",.,"A",,"A",460,"D",460,"D",460,"D",.,"A",.,"A",.,"A",2000,"D",.,"A","DODAM","D",,"A","2012","D"
"20141",2709714,14,0,"5","01","D","105","D","2011","D",.,"A",60,"D","07","D",388,"D","3","D",.,"A",.,"A",1500,"D",.,"A",,"A",388,"D",388,"D",388,"D",.,"A",.,"A",.,"A",1500,"D",.,"A","CHEBI","D",,"A","2011","D"
"20141",2709914,8,0,"5","01","D","105","D","2013","D",.,"A",36,"D","10","D",199,"D","3","D",.,"A",2200,"D",.,"A",.,"A",,"A",199,"D",199,"D",199,"D",.,"A",.,"A",.,"A",.,"A",.,"A","NISBB","D",,"A","2013","D"
"20141",2711064,34,0,"5","01","D","105","D","2013","D",.,"A",48,"D","08","D",380,"D","3","D",.,"A",6000,"D",.,"A",.,"A",,"A",380,"D",380,"D",380,"D",.,"A",.,"A",.,"A",.,"A",.,"A","MAZAP","D",,"A","2012","D"
"20141",2711364,11,0,"5","01","D","105","D","2009","D",.,"A",48,"D","05","F",250,"D","3","D",.,"A",.,"A",.,"A",.,"A",,"A",250,"D",250,"D",250,"D",.,"A",.,"A",.,"A",.,"A",.,"A","MAZAN","D",,"A","2010","D"
"20141",2711784,12,0,"5","01","D","105","D","2005","D",.,"A",72,"D","01","D",420,"D","3","D",.,"A",10000,"D",.,"A",.,"A",,"A",420,"D",420,"D",420,"D",.,"A",.,"A",.,"A",.,"A",.,"A","FORAL","D",,"A","2009","D"
"20141",2711954,11,0,"5","01","D","105","D","2011","D",.,"A",36,"D","07","D",317,"D","3","D",.,"A",.,"A",.,"A",.,"A",,"A",317,"D",317,"D",317,"D",.,"A",.,"A",.,"A",.,"A",.,"A","HONAC","D",,"A","2011","D"
"20141",2712694,31,0,"5","01","D","105","D","2011","D",.,"A",39,"D","04","D",237,"D","3","D",.,"A",1500,"D",.,"A",.,"A","02","D",237,"D",237,"D",237,"D",.,"A",.,"A",.,"A",.,"A",500,"D","CHEBT","D",,"A","2011","D"
"20141",2712744,20,0,"5","01","D","105","D","2012","D",.,"A",36,"D","02","F",.,"C","3","D",.,"A",.,"C",.,"C",.,"A",,"A",350,"F",350,"F",350,"F",.,"A",.,"A",.,"A",.,"B",.,"A","CHRAS","D",,"A","2012","D"
"20141",2712744,21,0,"5","02","D","105","D","2012","D",.,"A",36,"D","08","F",.,"C","3","D",.,"A",.,"C",.,"C",.,"A",,"A",380,"F",380,"F",380,"F",.,"A",.,"A",.,"A",.,"B",.,"A","JEEAD","D",,"A","2012","D"
"20141",2712794,7,0,"5","01","D","105","D","2013","D",.,"A",36,"D","01","D",300,"D","3","D",.,"A",.,"A",.,"A",.,"A",,"A",300,"D",300,"D",300,"D",.,"A",.,"A",.,"A",.,"A",.,"A","NISAW","D",,"A","2013","D"
"20141",2712794,8,0,"5","02","D","105","D","2014","D",.,"A",36,"D","06","D",400,"D","3","D",.,"A",.,"A",.,"A",.,"A",,"A",400,"D",400,"D",400,"D",.,"A",.,"A",.,"A",.,"A",.,"A","VOKAK","D",,"A","2013","D"
"20141",2713773,25,0,"5","01","D","105","D","2014","D",.,"A",36,"D","09","D",188,"D","3","D",.,"A",.,"A",1800,"D",.,"A",,"A",188,"D",188,"D",188,"D",.,"A",.,"A",.,"A",1800,"D",.,"A","KIAAK","D",,"A","2013","D"
"20141",2714703,13,0,"5","01","D","105","D","2013","D",.,"A",.,"C","03","F",325,"D","3","D",.,"A",.,"A",.,"A",.,"A",,"A",325,"D",325,"D",325,"D",.,"A",.,"A",.,"A",.,"A",.,"A","TOYAX","D",,"A","2013","D"
"20141",2714983,19,0,"5","01","D","105","D","2012","D",.,"A",39,"D","04","D",256,"D","3","D",.,"A",500,"D",4000,"D",.,"A",,"A",256,"D",256,"D",256,"D",.,"A",.,"A",.,"A",4000,"D",.,"A","NISAD","D",,"A","2012","D"
"20141",2715663,29,0,"5","01","D","105","D","2013","D",.,"A",24,"D","05","D",1000,"D","3","D",.,"A",.,"A",.,"A",.,"A",,"A",1000,"D",1000,"D",1000,"D",.,"A",.,"A",.,"A",.,"A",.,"A","INFAN","D",,"A","2013","D"
"20141",2717103,12,0,"1","01","D","105","D","2013","D",.,"A",36,"D","11","D",525,"D","3","D",.,"A",.,"A",1500,"D",.,"A",,"A",.,"A",525,"D",525,"D",.,"A",.,"A",.,"A",1500,"D",.,"A","BMWAA","D",,"A","2013","D"
"20141",2718743,10,0,"1","01","D","105","D","2013","D",.,"A",39,"D","07","D",389,"D","3","D",389,"D",3000,"D",.,"A",.,"A",,"A",0,"D",0,"D",0,"D",.,"A",.,"A",.,"A",.,"A",.,"A","VOKAW","D",,"A","2013","D"
"20141",2719093,29,0,"5","01","D","105","D","2013","D",.,"A",48,"D","06","D",596,"D","3","D",.,"A",.,"A",2200,"D",.,"A",,"A",596,"D",596,"D",596,"D",.,"A",.,"A",.,"A",2200,"D",.,"A","CHEAZ","D",,"A","2013","D"
"20141",2719093,30,0,"5","02","D","105","D","2011","D",0.75,"D",36,"D","08","D",720,"D","3","D",.,"A",.,"A",.,"A",.,"A",,"A",720,"D",720,"D",720,"D",.,"A",.,"A",.,"A",.,"A",.,"A","LEXXX","D",,"A","2011","D"
"20141",2719223,35,0,"5","01","D","105","D","2012","D",.,"A",.,"C","05","F",.,"C","3","D",.,"A",.,"A",.,"A",.,"A",,"A",500,"F",500,"F",500,"F",2,"F",2,"F",2,"F",.,"A",.,"A","ACUAG","D",,"A","2011","D"
"20141",2720063,21,0,"5","01","D","105","D","2013","D",.,"A",48,"D","04","D",374,"D","3","D",.,"A",3000,"D",.,"A",.,"A",,"A",374,"D",374,"D",374,"D",.,"A",.,"A",.,"A",.,"A",.,"A","MAZAY","D",,"A","2012","D"
"20141",2720283,15,0,"5","01","D","105","D","2010","D",.,"A",48,"D","09","D",270,"D","3","D",.,"A",.,"A",700,"D",.,"A",,"A",270,"D",270,"D",270,"D",.,"A",.,"A",.,"A",700,"D",.,"A","JEEAD","D",,"A","2012","D"
"20141",2721103,8,0,"5","01","D","105","D","2011","D",.,"A",60,"D","07","D",238,"D","3","D",.,"A",.,"A",2000,"D",.,"A",,"A",238,"D",238,"D",238,"D",.,"A",.,"A",.,"A",2000,"D",.,"A","FORBO","D",,"A","2011","D"
"20141",2721263,9,0,"5","01","D","105","D","2012","D",.,"A",36,"D","07","D",380,"D","3","D",.,"A",.,"A",1500,"D",.,"A",,"A",380,"D",380,"D",380,"D",.,"A",.,"A",.,"A",1500,"D",.,"A","TOYAN","D",,"A","2013","D"
"20141",2721413,12,0,"5","01","D","105","D","2013","D",.,"A",36,"D","05","D",354,"D","3","D",.,"A",.,"A",.,"A",.,"A",,"A",354,"D",354,"D",354,"D",.,"A",.,"A",.,"A",.,"A",.,"A","TOYAC","D",,"A","2013","D"
"20141",2721533,6,0,"5","01","D","105","D","2001","D",.,"A",36,"D","06","D",333,"D","3","D",.,"A",.,"A",1000,"D",.,"A",,"A",333,"D",333,"D",333,"D",.,"A",.,"A",.,"A",1000,"D",.,"A","TOYAU","D",,"A","2012","D"
"20141",2723653,16,0,"1","01","D","105","D","2013","D",.,"A",36,"D","01","D",201,"D","3","D",.,"A",.,"A",3500,"D",.,"A",,"A",.,"A",.,"A",.,"A",.,"A",.,"A",.,"A",3500,"D",.,"A","NISAN","D",,"A","2014","D"
"20141",2724903,38,0,"1","01","D","105","D","2014","D",.,"A",36,"D","01","D",527,"D","3","D",.,"A",.,"A",899,"D",.,"A",,"A",.,"A",.,"A",527,"D",.,"A",.,"A",.,"A",899,"D",.,"A","CADAL","D",,"A","2014","D"
"20141",2725283,9,0,"1","01","D","105","D","2011","D",.,"A",48,"D","12","D",1000,"D","3","D",.,"A",.,"A",10000,"D",.,"A",,"A",.,"A",1000,"D",1000,"D",.,"A",.,"A",.,"A",10000,"D",.,"A","CHEAE","D",,"A","2013","D"
"20141",2725503,32,0,"5","02","D","105","D","2014","D",.,"A",36,"D","09","D",350,"D","3","D",.,"A",.,"A",.,"A",.,"A",,"A",350,"D",350,"D",350,"D",.,"A",.,"A",.,"A",.,"A",.,"A","FORBC","D",,"A","2013","D"
"20141",2726283,7,0,"5","01","D","105","D","2013","D",.,"A",60,"D","06","D",280,"D","3","D",.,"A",.,"A",500,"D",.,"A",,"A",280,"D",280,"D",280,"D",.,"A",.,"A",.,"A",500,"D",.,"A","FORBA","D",,"A","2013","D"
"20141",2726353,11,0,"5","01","D","105","D","2010","D",.,"A",60,"D","11","D",324,"D","3","D",.,"A",.,"A",5000,"D",.,"A",,"A",324,"D",324,"D",324,"D",.,"A",.,"A",.,"A",5000,"D",.,"A","FORAS","D",,"A","2012","D"
"20141",2726713,8,0,"5","01","D","105","D","2007","D",.,"A",.,"C","04","F",.,"C",,"C",.,"A",.,"A",.,"A",.,"A",,"A",420,"F",420,"F",420,"F",.,"A",.,"A",.,"A",.,"A",.,"A","FORAO","D",,"A","2012","F"
"20141",2727103,43,0,"5","01","D","105","D","2012","D",.,"A",12,"D","09","D",263,"D","3","D",.,"A",.,"A",.,"A",.,"A",,"A",263,"D",263,"D",263,"D",.,"A",.,"A",.,"A",.,"A",.,"A","TOYAC","D",,"A","2012","D"
"20141",2727293,21,0,"5","01","D","105","D","2002","D",.,"A",5,"D","11","D",350,"D","3","D",.,"A",.,"A",1350,"D",.,"A",,"A",350,"D",350,"D",350,"D",.,"A",.,"A",.,"A",1350,"D",.,"A","PONAG","D",,"A","2013","D"
"20141",2727373,10,0,"5","01","D","105","D","2010","D",0.5,"D",72,"D","08","D",435,"D","3","D",.,"A",.,"A",.,"A",.,"A",,"A",435,"D",435,"D",435,"D",.,"A",.,"A",.,"A",.,"A",.,"A","TOYBB","D",,"A","2010","D"
"20141",2727383,14,0,"5","01","D","105","D","2009","D",.,"A",48,"D","08","D",250,"D","3","D",.,"A",.,"A",.,"A",.,"A",,"A",250,"D",250,"D",250,"D",.,"A",.,"A",.,"A",.,"A",.,"A","NISAD","D",,"A","2011","D"
"20141",2728093,21,0,"5","01","D","105","D","2013","D",.,"A",39,"D","04","D",342,"D","3","D",.,"A",.,"A",.,"C",.,"A",,"A",342,"D",342,"D",342,"D",.,"A",.,"A",.,"A",.,"B",.,"A","CHEBP","D",,"A","2013","D"
"20141",2728873,23,0,"5","01","D","105","D","2013","D",.,"A",36,"D","03","D",349,"D","3","D",.,"A",500,"D",.,"A",.,"A",,"A",349,"D",349,"D",349,"D",.,"A",.,"A",.,"A",.,"A",.,"A","FORBJ","D",,"A","2013","D"
"20141",2731113,9,0,"5","01","D","105","D","2005","D",.,"A",24,"D","02","D",250,"D","3","D",.,"A",.,"A",1700,"D",.,"A",,"A",250,"D",250,"D",250,"D",.,"A",.,"A",.,"A",1700,"D",.,"A","NISAM","D",,"A","2013","D"
"20141",2731223,33,0,"5","01","D","105","D","2013","D",.,"A",60,"D","09","D",220,"D","3","D",.,"A",.,"C",.,"A",.,"A",,"A",220,"D",220,"D",220,"D",.,"A",.,"A",.,"A",.,"A",.,"A","CHEBT","D",,"A","2012","D"
"20141",2731693,19,0,"5","01","D","105","D","2012","D",.,"A",28,"D","03","D",444,"D","3","D",.,"A",.,"A",700,"D",.,"A",,"A",444,"D",444,"D",444,"D",.,"A",.,"A",.,"A",700,"D",.,"A","CHRAM","D",,"A","2012","D"
"20141",2731853,30,0,"5","01","D","105","D","2011","D",.,"A",39,"D","10","D",305,"D","3","D",.,"A",.,"A",4000,"D",.,"A",,"A",305,"D",305,"D",305,"D",.,"A",.,"A",.,"A",4000,"D",.,"A","INFAN","D",,"A","2011","D"
"20141",2732043,11,0,"1","01","D","105","D","2014","D",0.5,"D",36,"D","12","D",364,"D","3","D",.,"A",.,"A",3500,"D",.,"A",,"A",.,"A",364,"D",364,"D",.,"A",.,"A",.,"A",3500,"D",.,"A","BMWAY","D",,"A","2013","D"
"20141",2732693,21,0,"5","01","D","105","D","2012","D",.,"A",36,"D","12","D",599,"D","3","D",.,"A",7000,"D",3000,"D",.,"A",,"A",599,"D",599,"D",599,"D",.,"A",.,"A",.,"A",3000,"D",.,"A","CADAM","D",,"A","2012","D"
"20141",2733183,14,0,"5","01","D","105","D","2000","D",.,"A",.,"C","07","D",200,"D","3","D",.,"A",.,"A",.,"A",.,"A",,"A",200,"D",200,"D",200,"D",.,"A",.,"A",.,"A",.,"A",.,"A","DODAJ","D",,"A","2013","D"
"20141",2733573,39,0,"5","01","D","105","D","2012","D",0.9,"D",24,"D","07","D",100,"D","3","D",600,"D",.,"A",.,"A",.,"A",,"A",275,"F",275,"F",275,"F",.,"A",.,"A",.,"A",.,"A",.,"A","FORBC","D",,"A","2013","D"
"20141",2733623,19,0,"5","01","D","105","D","2013","D",.,"A",48,"D","01","D",850,"D","3","D",.,"A",.,"A",3000,"D",.,"A",,"A",850,"D",850,"D",850,"D",.,"A",.,"A",.,"A",3000,"D",.,"A","JAGAF","D",,"A","2013","D"
"20141",2734063,23,0,"5","01","D","105","D","2004","D",.,"A",.,"C","10","F",25000,"D","7","D",.,"A",.,"A",.,"A",.,"A",,"A",.,"A",.,"A",.,"A",.,"A",.,"A",.,"A",.,"A",.,"A","HONAI","D",,"A","2008","D"
"20141",2734063,24,0,"5","02","D","105","D",,"C",.,"A",1,"D","05","D",6000,"D","7","D",.,"A",.,"A",.,"A",.,"A",,"A",.,"A",.,"A",.,"A",.,"A",.,"A",.,"A",.,"A",.,"A","TOYAR","D",,"A","2010","D"
"20141",2734063,25,0,"5","03","D","105","D",,"C",.,"A",1,"D","03","F",5500,"D","7","D",.,"A",.,"A",.,"A",.,"A",,"A",.,"A",.,"A",.,"A",.,"A",.,"A",.,"A",.,"A",.,"A",,"A",,"A","2011","D"
"20141",2734063,26,0,"5","04","D","105","D",,"C",.,"A",1,"D","11","F",3000,"D","7","D",.,"A",.,"A",.,"A",.,"A",,"A",.,"A",.,"A",.,"A",.,"A",.,"A",.,"A",.,"A",.,"A","NISAN","D",,"A","2012","D"
"20141",2734183,37,0,"5","01","D","105","D","2013","D",.,"A",36,"D","05","D",422,"D","3","D",.,"A",.,"A",600,"D",.,"A",,"A",422,"D",422,"D",422,"D",.,"A",.,"A",.,"A",600,"D",.,"A","BMWAA","D",,"A","2013","D"
"20141",2735053,21,0,"5","01","D","105","D",,"C",.,"A",.,"C","04","F",.,"C","3","D",.,"A",.,"A",.,"A",.,"A",,"A",89,"F",89,"F",89,"F",.,"A",.,"A",.,"A",.,"A",.,"A",,"A",,"A","2010","D"
"20141",2735243,18,0,"5","01","D","105","D","2011","D",.,"A",36,"D","06","D",270,"D","3","D",.,"A",.,"A",1000,"D",.,"A",,"A",270,"D",270,"D",270,"D",.,"A",.,"A",.,"A",1000,"D",.,"A","JEEAK","D",,"A","2011","D"
"20141",2735243,19,0,"5","02","D","105","D","2011","D",.,"A",36,"D","06","D",268,"D","3","D",.,"A",.,"A",1000,"D",.,"A",,"A",268,"D",268,"D",268,"D",.,"A",.,"A",.,"A",1000,"D",.,"A","CHRAL","D",,"A","2011","D"
"20141",2736563,21,0,"5","01","D","105","D","2012","D",.,"A",48,"D","06","D",410,"D","3","D",.,"A",3000,"D",.,"A",.,"A",,"A",410,"D",410,"D",410,"D",.,"A",.,"A",.,"A",.,"A",.,"A","NISAD","D",,"A","2011","D"
"20141",2736613,17,0,"5","01","D","105","D","2014","D",.,"A",22,"D","10","D",900,"D","3","D",.,"A",.,"A",.,"A",.,"A",,"A",900,"D",900,"D",900,"D",.,"A",.,"A",.,"A",.,"A",.,"A","MRBAJ","D",,"A","2013","D"
"20141",2736823,19,0,"1","01","D","105","D","2014","D",.,"A",48,"D","03","D",360,"D","3","D",.,"A",.,"A",2000,"D",.,"A",,"A",.,"A",.,"A",.,"A",.,"A",.,"A",.,"A",2000,"D",.,"A","MAZAP","D",,"A","2014","D"
"20141",2737003,13,0,"1","01","D","105","D","2011","D",.,"A",36,"D","05","D",300,"D","3","D",.,"A",6500,"D",6500,"D",.,"A",,"A",300,"D",300,"D",300,"D",.,"A",.,"A",.,"A",6500,"D",.,"A","NISAW","D",,"A","2013","D"
"20141",2737003,14,0,"1","02","D","105","D","2009","D",.,"A",48,"D","03","D",540,"D","3","D",.,"A",.,"A",5000,"D",.,"A",,"A",540,"D",540,"D",540,"D",.,"A",.,"A",.,"A",5000,"D",.,"A","CHEBD","D",,"A","2012","D"
"20141",2737003,15,0,"1","03","D","105","D","2008","D",.,"A",36,"D","05","D",0,"D","3","D",.,"A",10000,"D",.,"A",.,"A",,"A",.,"A",.,"A",.,"A",.,"A",.,"A",.,"A",.,"A",.,"A","NISAD","D",,"A","2010","D"
"20141",2737003,16,0,"1","04","D","105","D","2000","D",.,"A",36,"D","12","D",0,"D","3","D",.,"A",.,"A",2500,"D",.,"A",,"A",.,"A",.,"A",.,"A",.,"A",.,"A",.,"A",2500,"D",.,"A","TOYAR","D",,"A","2001","D"
"20141",2738213,6,0,"1","01","D","105","D","2006","D",.,"A",.,"C","05","F",455,"D","3","D",.,"A",.,"A",.,"C",.,"A",,"A",455,"D",455,"D",455,"D",.,"A",.,"A",.,"A",.,"B",.,"A","DODAD","D",,"A","2010","D"
"20141",2739073,16,0,"5","01","D","105","D","2013","D",.,"A",36,"D","07","D",621,"D","3","D",.,"A",3000,"D",.,"A",.,"A",,"A",621,"D",621,"D",621,"D",.,"A",.,"A",.,"A",.,"A",.,"A","CADAM","D",,"A","2013","D"
"20141",2739124,24,0,"5","01","D","105","D","2013","D",.,"A",36,"D","12","D",275,"D","3","D",.,"A",900,"D",1000,"D",.,"A",,"A",275,"D",275,"D",275,"D",.,"A",.,"A",.,"A",1000,"D",.,"A","MINAA","D",,"A","2012","D"
"20141",2739223,16,0,"1","01","D","105","D","2014","D",.,"A",36,"D","01","D",695,"D","3","D",.,"A",32000,"D",.,"A",.,"A",,"A",.,"A",695,"D",695,"D",.,"A",.,"A",.,"A",.,"A",.,"A","DODAX","D",,"A","2014","D"
"20141",2739713,23,0,"5","01","D","105","D","2011","D",0.5,"D",37,"D","12","D",431,"D","3","D",.,"A",.,"C",4000,"D",.,"A",,"A",431,"D",431,"D",431,"D",.,"A",.,"A",.,"A",4000,"D",.,"A","TOYAU","D",,"A","2011","D"
"20141",2740953,13,0,"5","01","D","105","D","2011","D",.,"A",72,"D","09","D",420,"D","3","D",.,"A",.,"A",420,"D",.,"A",,"A",420,"D",420,"D",420,"D",.,"A",.,"A",.,"A",420,"D",.,"A","FORBA","D",,"A","2011","D"
"20141",2741043,19,0,"5","01","D","105","D","2011","D",.,"A",36,"D","08","F",500,"D","3","D",.,"A",.,"A",3000,"D",.,"A",,"A",500,"D",500,"D",500,"D",.,"A",.,"A",.,"A",3000,"D",.,"A","ACUAK","D",,"A","2011","D"
"20141",2742653,49,0,"5","01","D","105","D","2012","D",0.75,"D",24,"D","01","D",341,"D","3","D",.,"A",.,"A",.,"A",.,"A","01","D",341,"D",341,"D",341,"D",.,"A",.,"A",.,"A",.,"A",.,"A","LINAL","D",,"A","2011","D"
"20141",2742653,50,0,"5","02","D","105","D","2012","D",.,"A",24,"D","07","D",347,"D","3","D",.,"A",.,"A",.,"A",.,"A",,"A",347,"D",347,"D",347,"D",.,"A",.,"A",.,"A",.,"A",.,"A","LINAL","D",,"A","2012","D"
"20141",2742653,51,0,"1","03","D","105","D","2014","D",0.5,"D",24,"D","02","D",361,"D","3","D",.,"A",.,"A",925,"D",.,"A",,"A",.,"A",.,"A",361,"D",.,"A",.,"A",12,"D",925,"D",.,"A","LINAL","D",,"A","2014","D"
"20141",2743593,19,0,"5","01","D","105","D","2011","D",.,"A",39,"D","05","D",360,"D","3","D",.,"A",.,"A",.,"C",.,"A",,"A",360,"D",360,"D",360,"D",.,"A",.,"A",.,"A",.,"B",.,"A","GMCAP","D",,"A","2011","D"
"20141",2743903,25,0,"5","01","D","105","D","2001","D",.,"A",36,"D","06","D",350,"D","3","D",.,"A",800,"D",1000,"D",.,"A",,"A",350,"D",350,"D",350,"D",.,"A",.,"A",.,"A",1000,"D",.,"A","CHEAD","D",,"A","2012","D"
"20141",2743933,11,0,"5","01","D","105","D","2013","D",.,"A",36,"D","11","D",350,"D","3","D",.,"A",.,"A",.,"A",.,"A",,"A",350,"D",350,"D",350,"D",.,"A",.,"A",.,"A",.,"A",.,"A","FIAXX","D",,"A","2013","D"
"20141",2744273,27,0,"5","01","D","105","D","2012","D",.,"A",48,"D","11","D",279,"D","3","D",.,"A",.,"A",.,"A",.,"A",,"A",279,"D",279,"D",279,"D",.,"A",.,"A",.,"A",.,"A",.,"A","MAZAN","D",,"A","2011","D"
"20141",2744513,27,0,"5","01","D","105","D","2013","D",.,"A",64,"D","08","D",250,"D","3","D",.,"A",.,"A",5000,"D",.,"A","12","D",250,"D",.,"A",.,"A",.,"A",.,"A",.,"A",5000,"D",.,"A","VOKAO","D",,"A","2013","D"
"20141",2744523,18,0,"5","01","D","105","D","2013","D",.,"A",39,"D","10","D",376,"D","3","D",.,"A",.,"A",.,"A",.,"A",,"A",376,"D",376,"D",376,"D",.,"A",.,"A",.,"A",.,"A",.,"A","CHEBP","D",,"A","2013","D"
"20141",2745233,23,0,"5","01","D","105","D","2012","D",.,"A",24,"D","07","D",212,"D","3","D",.,"A",.,"A",.,"A",.,"A","01","D",212,"D",212,"D",212,"D",.,"A",.,"A",.,"A",.,"A",.,"A","CADAL","D",,"A","2012","D"
"20141",2745233,24,0,"1","02","D","105","D","2014","D",.,"A",24,"D","01","D",219,"D","3","D",.,"A",.,"A",.,"A",.,"A",,"A",.,"A",219,"D",219,"D",.,"A",.,"A",.,"A",.,"A",.,"A","GMCAP","D",,"A","2014","D"
"20141",2745383,11,0,"5","01","D","105","D","2012","D",.,"A",36,"D","07","D",450,"D","3","D",.,"A",1000,"D",.,"A",.,"A",,"A",450,"D",450,"D",450,"D",.,"A",.,"A",.,"A",.,"A",.,"A","INFAN","D",,"A","2012","D"
"20141",2745903,11,0,"5","01","D","105","D","2012","D",.,"A",.,"C","08","D",.,"C","3","D",.,"A",.,"A",.,"A",.,"A",,"A",248,"F",248,"F",248,"F",.,"A",.,"A",.,"A",.,"A",.,"A","CADAL","D",,"A","2012","D"
"20141",2746623,38,0,"5","01","D","105","D","2011","D",.,"A",42,"D","07","D",210,"D","3","D",.,"A",.,"C",.,"A",.,"A",,"A",210,"D",210,"D",210,"D",.,"A",.,"A",.,"A",.,"A",.,"A","CADAL","D",,"A","2011","D"
"20141",2747153,14,0,"5","01","D","105","D","2008","D",.,"A",48,"D","06","D",290,"D","3","D",.,"A",.,"A",.,"A",.,"A",,"A",290,"D",290,"D",290,"D",.,"A",.,"A",.,"A",.,"A",.,"A","CHEAP","D",,"A","2013","D"
"20141",2747712,18,0,"5","01","D","105","D","2006","D",.,"A",60,"D","03","D",286,"D","3","D",.,"A",.,"A",.,"A",.,"A",,"A",286,"D",286,"D",286,"D",.,"A",.,"A",.,"A",.,"A",.,"A","NISAP","D",,"A","2011","D"
"20141",2747712,19,0,"5","02","D","105","D","1999","D",.,"A",36,"D","10","D",200,"D","3","D",.,"A",.,"A",.,"A",.,"A",,"A",200,"D",200,"D",200,"D",.,"A",.,"A",.,"A",.,"A",.,"A","TOYAR","D",,"A","2008","D"
"20141",2748342,21,0,"5","01","D","105","D","2012","D",.,"A",36,"D","09","D",260,"D","3","D",.,"A",.,"A",2000,"D",.,"A",,"A",260,"D",260,"D",260,"D",.,"A",.,"A",.,"A",2000,"D",.,"A","VOKAI","D",,"A","2012","D"
"20141",2748362,16,0,"5","01","D","105","D","2012","D",.,"A",39,"D","06","D",175,"D","3","D",.,"A",.,"C",.,"A",.,"A",,"A",175,"D",175,"D",175,"D",.,"A",.,"A",.,"A",.,"A",.,"A","NISAD","D",,"A","2012","D"
"20141",2749002,20,0,"5","01","D","105","D","2012","D",0.6,"D",36,"D","05","D",908,"D","3","D",.,"A",.,"A",.,"A",.,"A",,"A",908,"D",908,"D",908,"D",.,"A",.,"A",.,"A",.,"A",.,"A","BMWAB","D",,"A","2012","D"
"20141",2749042,13,0,"5","01","D","105","D","2012","D",.,"A",39,"D","05","D",318,"D","3","D",.,"A",.,"A",.,"A",.,"A",,"A",318,"D",318,"D",318,"D",.,"A",.,"A",.,"A",.,"A",.,"A","CHEBP","D",,"A","2012","D"
"20141",2749202,12,0,"5","01","D","105","D","2011","D",.,"A",39,"D","05","D",331,"D","3","D",.,"A",12000,"D",.,"A",.,"A","10","D",331,"D",.,"A",.,"A",.,"A",.,"A",.,"A",.,"A",.,"A","JEEAI","D",,"A","2011","D"
"20141",2749282,17,0,"1","01","D","105","D","2014","D",.,"A",36,"D","12","D",320,"D","3","D",.,"A",1200,"D",.,"A",.,"A",,"A",.,"A",.,"A",.,"A",.,"A",.,"A",.,"A",.,"A",.,"A","INFXX","D",,"A","2014","D"
"20141",2749882,10,0,"5","01","D","105","D","2012","D",.,"A",36,"D","05","D",230,"D","3","D",.,"A",.,"A",.,"A",.,"A",,"A",230,"D",230,"D",230,"D",.,"A",.,"A",.,"A",.,"A",.,"A","HONAB","D",,"A","2012","D"
"20141",2750592,16,0,"5","01","D","105","D","2011","D",.,"A",.,"C","05","D",300,"D","3","D",.,"A",.,"C",.,"A",.,"A","10","D",300,"D",.,"A",.,"A",.,"A",.,"A",.,"A",.,"A",.,"A","JEEAH","D",,"A","2013","D"
"20141",2750852,14,0,"5","01","D","105","D","2011","D",.,"A",24,"D","02","D",.,"C","3","D",.,"A",.,"A",.,"A",.,"A",,"A",250,"F",250,"F",250,"F",.,"A",.,"A",.,"A",.,"A",.,"A","BUIAN","D",,"A","2012","D"
"20141",2751202,48,0,"5","01","D","105","D","2012","D",.,"A",36,"D","04","D",269,"D","3","D",.,"A",.,"A",.,"A",.,"A",,"A",269,"D",269,"D",269,"D",.,"A",.,"A",.,"A",.,"A",.,"A","CHEAS","D",,"A","2012","D"
"20141",2751842,31,0,"5","01","D","105","D","2012","D",0.5,"D",18,"D","04","D",490,"D","3","D",350,"D",10000,"D",2000,"D",.,"A",,"A",140,"D",140,"D",140,"D",.,"A",.,"A",.,"A",2000,"D",.,"A","INFAH","D",,"A","2012","D"
"20141",2752682,17,0,"5","01","D","105","D","2013","D",.,"A",36,"D","11","D",310,"D","3","D",.,"A",.,"A",.,"A",.,"A",,"A",.,"A",310,"D",310,"D",.,"A",.,"A",.,"A",.,"A",.,"A","TOYAX","D",,"A","2013","D"
"20141",2752822,19,0,"1","01","D","105","D","2011","D",.,"A",60,"D","07","D",477,"D","3","D",.,"A",.,"A",.,"A",.,"A",,"A",477,"D",477,"D",477,"D",.,"A",.,"A",.,"A",.,"A",.,"A","TOYAC","D",,"A","2011","D"
"20141",2752902,12,0,"5","01","D","105","D","2013","D",.,"A",36,"D","07","D",550,"D","3","D",.,"A",.,"A",.,"A",.,"A",,"A",550,"D",550,"D",550,"D",.,"A",.,"A",.,"A",.,"A",.,"A","LEXAE","D",,"A","2012","D"
"20141",2753622,24,0,"5","01","D","105","D","2012","D",.,"A",36,"D","05","D",397,"D","3","D",.,"A",.,"A",1,"D",.,"A",,"A",397,"D",397,"D",397,"D",.,"A",.,"A",.,"A",1,"D",.,"A","HONAA","D",,"A","2012","D"
"20141",2753782,18,0,"1","01","D","105","D","2014","D",.,"A",39,"D","11","D",610,"D","3","D",.,"A",.,"A",.,"A",.,"A",,"A",.,"A",610,"D",610,"D",.,"A",.,"A",.,"A",.,"A",.,"A","CADAR","D",,"A","2013","D"
"20141",2753962,19,0,"5","01","D","105","D","2012","D",.,"A",36,"D","11","D",299,"D","3","D",.,"A",.,"A",.,"A",.,"A","11","F",299,"D",299,"D",299,"D",.,"A",.,"A",.,"A",.,"A",.,"A","TOYAC","D",,"A","2012","D"
"20141",2753962,20,0,"1","02","D","105","D","2007","D",.,"A",1,"D","01","D",0,"D","3","D",.,"A",.,"A",.,"A",.,"A","11","F",.,"A",.,"A",.,"A",.,"A",.,"A",.,"A",.,"A",.,"A","TOYAV","D","2014","D","2007","D"
"20141",2754212,27,0,"5","01","D","105","D","2012","D",.,"A",36,"D","01","D",268,"D","3","D",.,"A",.,"A",.,"A",.,"A",,"A",268,"D",268,"D",268,"D",.,"A",.,"A",.,"A",.,"A",.,"A","VOKAI","D",,"A","2012","D"
"20141",2754542,9,0,"5","01","D","105","D","2013","D",.,"A",48,"D","09","D",425,"D","3","D",.,"A",.,"A",.,"A",.,"A",,"A",425,"D",425,"D",425,"D",.,"A",.,"A",.,"A",.,"A",.,"A","SCIAF","D",,"A","2013","D"
"20141",2754742,50,0,"5","01","D","105","D","2012","D",.,"A",36,"D","11","D",305,"D","3","D",.,"A",.,"A",.,"A",.,"A",,"A",305,"D",305,"D",305,"D",.,"A",.,"A",.,"A",.,"A",.,"A","HONAG","D",,"A","2012","D"
"20141",2756052,11,0,"1","01","D","105","D","2011","D",.,"A",39,"D","01","D",321,"D","3","D",.,"A",.,"A",.,"A",.,"A",,"A",321,"D",321,"D",321,"D",.,"A",.,"A",.,"A",.,"A",.,"A","BUIAN","D",,"A","2012","D"
"20141",2756182,28,0,"5","01","D","105","D","2014","D",.,"A",36,"D","10","D",240,"D","3","D",.,"A",.,"A",.,"A",.,"A",,"A",240,"D",240,"D",240,"D",.,"A",.,"A",.,"A",.,"A",.,"A","SUBAH","D",,"A","2013","D"
"20141",2756372,23,0,"5","01","D","105","D","2012","D",.,"A",48,"D","06","D",289,"D","3","D",.,"A",.,"A",.,"A",.,"A",,"A",289,"D",289,"D",289,"D",.,"A",.,"A",.,"A",.,"A",.,"A","MAZAP","D",,"A","2012","D"
"20141",2756622,21,0,"5","01","D","105","D","2006","D",.,"A",60,"D","05","D",500,"D","3","D",.,"A",.,"A",.,"A",.,"A","12","D",500,"D",500,"D",500,"D",2,"D",2,"D",2,"D",.,"A",2500,"D","NISAS","D",,"A","2006","D"
"20141",2756802,21,0,"5","01","D","105","D","2013","D",.,"A",36,"D","04","D",235,"D","3","D",.,"A",5000,"D",.,"A",.,"A",,"A",235,"D",235,"D",235,"D",.,"A",.,"A",.,"A",.,"A",.,"A","CHEAS","D",,"A","2013","D"
"20141",2756832,17,0,"5","01","D","105","D","2013","D",0.75,"D",36,"D","10","D",.,"C","3","D",.,"A",.,"A",.,"C",.,"A",,"A",318,"F",318,"F",318,"F",.,"A",.,"A",.,"A",2000,"F",.,"A","LEXAE","D",,"A","2013","D"
"20141",2757182,21,0,"5","01","D","105","D","2011","D",.,"A",48,"D","06","D",567,"D","3","D",.,"A",.,"A",.,"A",.,"A",,"A",567,"D",567,"D",567,"D",.,"A",.,"A",.,"A",.,"A",.,"A","VOVAC","D",,"A","2010","D"
"20141",2757502,17,0,"1","01","D","105","D","2012","D",.,"A",36,"D","04","D",420,"D","3","D",.,"A",.,"A",.,"A",.,"A",,"A",420,"D",420,"D",420,"D",.,"A",.,"A",.,"A",.,"A",.,"A","TOYAU","D",,"A","2012","D"
"20141",2758272,17,0,"1","01","D","105","D","2014","D",.,"A",36,"D","11","D",430,"D","3","D",.,"A",2500,"D",.,"A",.,"A",,"A",.,"A",.,"A",.,"A",.,"A",.,"A",.,"A",.,"A",.,"A","HONAI","D",,"A","2014","D"
"20141",2758272,18,0,"1","02","D","105","D","2014","D",.,"A",48,"D","01","D",232,"D","3","D",.,"A",.,"A",.,"A",.,"A",,"A",.,"A",.,"A",.,"A",.,"A",.,"A",.,"A",.,"A",.,"A","HONAB","D",,"A","2014","D"
"20141",2758282,21,0,"5","01","D","105","D","2012","D",.,"A",36,"D","12","D",314,"D","3","D",.,"A",.,"A",3000,"D",.,"A",,"A",314,"D",314,"D",314,"D",.,"A",.,"A",.,"A",3000,"D",.,"A","ACUAK","D",,"A","2011","D"
"20141",2758442,5,0,"5","01","D","105","D","2012","D",.,"A",36,"D","12","D",500,"D","3","D",.,"A",.,"A",4200,"D",.,"A",,"A",500,"D",500,"D",500,"D",.,"A",.,"A",.,"A",4200,"D",.,"A","HONAI","D",,"A","2011","D"
"20141",2758552,15,0,"5","01","D","105","D","2012","D",.,"A",36,"D","08","D",549,"D","3","D",.,"A",.,"A",5000,"D",.,"A",,"A",549,"D",549,"D",549,"D",.,"A",.,"A",.,"A",5000,"D",.,"A","BMWAA","D",,"A","2012","D"
"20141",2759842,28,0,"5","01","D","105","D","2011","D",.,"A",36,"D","08","D",352,"D","3","D",.,"A",.,"A",3000,"D",.,"A",,"A",352,"D",352,"D",352,"D",.,"A",.,"A",.,"A",3000,"D",.,"A","HONAB","D",,"A","2011","D"
"20141",2761222,8,0,"5","01","D","105","D",,"C",.,"A",.,"C","03","F",550,"D","3","D",.,"A",.,"A",.,"C",.,"A",,"A",550,"D",550,"D",550,"D",.,"A",.,"A",.,"A",.,"B",.,"A","FORAK","D",,"A","2011","F"
"20141",2763422,8,0,"1","01","D","105","D","2013","D",.,"A",.,"C","04","D",330,"D","3","D",.,"A",.,"A",.,"A",.,"A",,"A",330,"D",330,"D",330,"D",.,"A",.,"A",.,"A",.,"A",.,"A","MAZAX","D",,"A","2013","D"
"20141",2764002,25,0,"5","01","D","105","D","2013","D",0.1,"D",36,"D","07","D",449,"D","3","D",.,"A",.,"A",2400,"D",.,"A",,"A",449,"D",449,"D",449,"D",.,"A",.,"A",.,"A",2400,"D",.,"A","HONAI","D",,"A","2013","D"
"20141",2764232,8,0,"5","01","D","105","D","2014","D",.,"A",36,"D","10","D",245,"D","3","D",.,"A",.,"A",2000,"D",.,"A",,"A",245,"D",245,"D",245,"D",.,"A",.,"A",.,"A",2000,"D",.,"A","HYUAE","D",,"A","2013","D"
"20141",2764232,9,0,"5","02","D","105","D","2014","D",.,"A",48,"D","06","D",309,"D","3","D",.,"A",6000,"D",.,"A",.,"A",,"A",309,"D",309,"D",309,"D",.,"A",.,"A",.,"A",.,"A",.,"A","SUBAC","D",,"A","2013","D"
"20141",2765122,21,0,"5","01","D","105","D","2010","D",.,"A",72,"D","03","D",372,"D","3","D",.,"A",.,"A",2000,"D",.,"A",,"A",372,"D",372,"D",372,"D",.,"A",.,"A",.,"A",2000,"D",.,"A","LINAE","D",,"A","2013","D"
"20141",2765172,28,0,"5","01","D","105","D","2012","D",.,"A",36,"D","11","D",350,"D","3","D",.,"A",.,"C",.,"A",.,"A",,"A",350,"D",350,"D",350,"D",.,"A",.,"A",.,"A",.,"A",.,"A","FORAM","D",,"A","2012","D"
"20141",2765562,20,0,"5","01","D","105","D","2012","D",.,"A",36,"D","12","D",360,"D","3","D",.,"A",.,"A",.,"A",.,"A",,"A",360,"D",360,"D",360,"D",.,"A",.,"A",.,"A",.,"A",.,"A","HONAA","D",,"A","2012","D"
"20141",2766402,17,0,"5","01","D","105","D","2012","D",.,"A",36,"D","10","D",596,"D","3","D",.,"A",.,"A",.,"A",.,"A",,"A",596,"D",596,"D",596,"D",.,"A",.,"A",.,"A",.,"A",.,"A","HONAG","D",,"A","2011","D"
"20141",2768992,15,0,"5","01","D","105","D","2011","D",.,"A",36,"D","10","F",400,"D","3","D",.,"A",.,"A",.,"C",.,"A",,"A",400,"D",400,"D",400,"D",.,"A",.,"A",.,"A",.,"B",.,"A","MRBAI","D",,"A","2011","D"
"20141",2768992,16,0,"5","02","D","105","D","2011","D",.,"A",36,"D","11","F",500,"D","3","D",.,"A",.,"A",.,"A",.,"A",,"A",500,"D",500,"D",500,"D",.,"A",.,"A",.,"A",.,"A",.,"A","LEXAA","D",,"A","2010","D"
"20141",2769202,24,0,"5","01","D","105","D","2013","D",.,"A",36,"D","05","D",324,"D","3","D",.,"A",.,"A",.,"A",.,"A",,"A",324,"D",324,"D",324,"D",.,"A",.,"A",.,"A",.,"A",.,"A","CHEBS","D",,"A","2013","D"
"20141",2769492,7,0,"1","01","D","105","D","2006","D",.,"A",.,"C","12","F",.,"C","3","D",.,"A",.,"A",2000,"D",.,"A","11","F",185,"F",185,"F",185,"F",.,"A",.,"A",.,"A",2000,"D",.,"A","TOYAO","D","2014","D","2006","D"
"20141",2769562,14,0,"5","01","D","105","D","2011","D",.,"A",36,"D","11","D",430,"D","3","D",.,"A",.,"A",.,"A",.,"A",,"A",430,"D",430,"D",430,"D",.,"A",.,"A",.,"A",.,"A",.,"A","BMWAA","D",,"A","2011","D"
"20141",2769722,26,0,"5","01","D","105","D","2014","D",.,"A",36,"D","11","D",402,"D","3","D",.,"A",.,"A",.,"A",.,"A",,"A",402,"D",402,"D",402,"D",16,"D",16,"D",16,"D",.,"A",.,"A","KIAAE","D",,"A","2013","D"
"20141",2770132,21,0,"5","01","D","105","D","2011","D",.,"A",48,"D","11","D",600,"D","3","D",.,"A",.,"A",.,"A",.,"A",,"A",600,"D",600,"D",600,"D",.,"A",.,"A",.,"A",.,"A",.,"A","TOYAB","D",,"A","2011","D"
"20141",2770152,11,0,"5","01","D","105","D","2014","D",.,"A",36,"D","12","D",270,"D","3","D",.,"A",500,"D",.,"A",.,"A",,"A",270,"D",270,"D",270,"D",.,"A",.,"A",.,"A",.,"A",.,"A","FORBJ","D",,"A","2013","D"
"20141",2771542,10,0,"5","01","D","105","D","2007","D",.,"A",60,"D","07","F",260,"D","3","D",.,"A",.,"A",.,"C",.,"A",,"A",260,"D",260,"D",260,"D",.,"A",.,"A",.,"A",.,"B",.,"A","HONAA","D",,"A","2010","D"
"20141",2771692,12,0,"5","01","D","105","D","2008","D",.,"A",.,"C","02","D",420,"D","3","D",.,"A",1500,"D",3000,"D",.,"A",,"A",420,"D",420,"D",420,"D",.,"A",.,"A",.,"A",3000,"D",.,"A","MRBAA","D",,"A","2013","D"
"20141",2771692,13,0,"5","02","D","105","D","2005","D",.,"A",60,"D","03","D",431,"D","3","D",.,"A",.,"A",.,"A",.,"A",,"A",431,"D",431,"D",431,"D",.,"A",.,"A",.,"A",.,"A",.,"A","FORAM","D",,"A","2007","D"
"20141",2771962,12,0,"5","01","D","105","D","2007","D",.,"A",24,"D","03","D",250,"D","3","D",.,"A",1000,"D",1000,"D",.,"A",,"A",250,"D",250,"D",250,"D",.,"A",.,"A",.,"A",1000,"D",.,"A","NISAM","D",,"A","2010","D"
"20141",2772072,19,0,"1","01","D","105","D",,"C",.,"A",.,"C","01","D",400,"D","3","D",.,"A",.,"A",.,"A",.,"A",,"A",.,"A",400,"D",400,"D",.,"A",.,"A",.,"A",.,"A",.,"A",,"A",,"A","2014","D"
"20141",2772222,10,0,"1","02","D","105","D","2013","D",0.02,"D",60,"D","06","D",.,"C","3","D",.,"A",.,"A",.,"A",.,"A","01","D",550,"F",550,"F",550,"F",.,"A",.,"A",.,"A",.,"A",.,"A","FORBA","D",,"C","2013","D"
"20141",2773822,5,0,"5","01","D","105","D","2013","D",.,"A",50,"D","11","D",420,"D","3","D",.,"A",.,"A",.,"A",.,"A",,"A",420,"D",420,"D",420,"D",.,"A",.,"A",.,"A",.,"A",.,"A","CHEBT","D",,"A","2013","D"
"20141",2774582,22,0,"5","01","D","105","D","2011","D",.,"A",36,"D","05","D",230,"D","3","D",.,"A",.,"A",.,"A",.,"A",,"A",230,"D",230,"D",230,"D",.,"A",.,"A",.,"A",.,"A",.,"A","TOYAN","D",,"A","2011","D"
"20141",2775042,14,0,"5","01","D","105","D","2013","D",.,"A",48,"D","12","D",450,"D","3","D",.,"A",.,"A",2500,"D",.,"A",,"A",450,"D",450,"D",450,"D",.,"A",.,"A",.,"A",2500,"D",.,"A","CHEBP","D",,"A","2012","D"
"20141",2775432,17,0,"1","01","D","105","D","2014","D",.,"A",36,"D","01","D",279,"D","3","D",.,"A",.,"A",.,"A",.,"A",,"A",.,"A",279,"D",279,"D",.,"A",.,"A",.,"A",.,"A",.,"A","NISAG","D",,"A","2014","D"
"20141",2775852,19,0,"1","01","D","105","D","2012","D",0.65,"D",24,"D","07","F",.,"C","3","D",.,"A",.,"A",.,"A",.,"A",,"A",599,"F",599,"F",599,"F",.,"A",.,"A",.,"A",.,"A",.,"A","BMWAB","D",,"A","2012","D"
"20141",2776172,13,0,"1","01","D","105","D","2013","D",.,"A",36,"D","03","D",511,"D","3","D",.,"A",.,"A",.,"A",.,"A",,"A",511,"D",511,"D",511,"D",.,"A",.,"A",.,"A",.,"A",.,"A","CADAR","D",,"A","2013","D"
"20141",2776422,10,0,"1","01","D","105","D","2013","D",.,"A",39,"D","04","D",510,"D","3","D",.,"A",15000,"D",.,"A",.,"A",,"A",510,"D",510,"D",510,"D",.,"A",.,"A",.,"A",.,"A",.,"A","INFAN","D",,"A","2013","D"
"20141",2776422,11,0,"1","02","D","105","D","2013","D",.,"A",24,"D","11","D",279,"D","3","D",.,"A",.,"A",3000,"D",.,"A",,"A",279,"D",279,"D",279,"D",.,"A",.,"A",.,"A",3000,"D",.,"A","INFAN","D",,"A","2013","D"
"20141",2776662,14,0,"5","01","D","105","D","2012","D",.,"A",36,"D","06","D",413,"D","3","D",.,"A",.,"A",5000,"D",.,"A",,"A",413,"D",413,"D",413,"D",.,"A",.,"A",.,"A",5000,"D",.,"A","BMWAA","D",,"A","2012","D"
"20141",2776852,19,0,"5","01","D","105","D","2014","D",.,"A",36,"D","08","D",350,"D","3","D",.,"A",.,"A",1000,"D",.,"A",,"A",350,"D",350,"D",350,"D",.,"A",.,"A",.,"A",1000,"D",.,"A","SUBAC","D",,"A","2013","D"
"20141",2776952,27,0,"5","01","D","105","D","2013","D",.,"A",36,"D","01","D",400,"D","3","D",.,"A",.,"A",4000,"D",.,"A",,"A",400,"D",400,"D",400,"D",.,"A",.,"A",.,"A",4000,"D",.,"A","LINAK","D",,"A","2013","D"
"20141",2777512,23,0,"5","01","D","105","D","2013","D",.,"A",36,"D","11","D",300,"D","3","D",.,"A",.,"A",3000,"D",.,"A",,"A",300,"D",300,"D",300,"D",.,"A",.,"A",.,"A",3000,"D",.,"A","NISAD","D",,"A","2013","D"
"20141",2777692,12,0,"1","01","D","105","D","2013","D",.,"A",24,"D","08","D",400,"D","3","D",.,"A",1200,"D",.,"A",.,"A",,"A",400,"D",400,"D",400,"D",.,"A",.,"A",.,"A",.,"A",.,"A","FORBC","D",,"A","2012","D"
"20141",2777932,39,0,"5","01","D","105","D","2012","D",.,"A",36,"D","09","D",443,"D","3","D",.,"A",.,"A",.,"A",.,"A",,"A",443,"D",443,"D",443,"D",.,"A",.,"A",.,"A",.,"A",.,"A","HYUAI","D",,"A","2012","D"
"20141",2778092,23,0,"5","01","D","105","D","2014","D",.,"A",12,"D","09","D",420,"D","3","D",.,"A",.,"A",.,"A",.,"A",,"A",420,"D",420,"D",420,"D",.,"A",.,"A",.,"A",.,"A",.,"A","LINAN","D",,"A","2013","D"
"20141",2778092,24,0,"5","02","D","105","D","2013","D",.,"A",12,"D","01","D",380,"D","3","D",.,"A",.,"A",.,"A",.,"A",,"A",380,"D",380,"D",380,"D",.,"C",.,"C",.,"C",.,"A",.,"A","FORBJ","D",,"A","2013","D"
"20141",2778092,25,0,"5","03","D","105","D","2014","D",.,"A",12,"D","10","D",230,"D","3","D",.,"A",.,"A",.,"A",.,"A",,"A",230,"D",230,"D",230,"D",.,"A",.,"A",.,"A",.,"A",.,"A","FORBO","D",,"A","2013","D"
"20141",2779072,23,0,"5","01","D","105","D","2012","D",.,"A",36,"D","05","D",385,"D","3","D",.,"A",.,"A",.,"A",.,"A",,"A",385,"D",385,"D",385,"D",.,"A",.,"A",.,"A",.,"A",.,"A","HONAI","D",,"A","2012","D"
"20141",2779382,10,0,"1","01","D","105","D","2014","D",.,"A",36,"D","01","D",401,"D","3","D",.,"A",.,"A",.,"A",.,"A",,"A",.,"A",401,"D",401,"D",.,"A",.,"A",.,"A",.,"A",.,"A","LEXAJ","D",,"A","2014","D"
"20141",2779712,18,0,"5","01","D","105","D","2011","D",.,"A",39,"D","06","D",628,"D","3","D",.,"A",.,"A",.,"A",.,"A",,"A",628,"D",628,"D",628,"D",.,"A",.,"A",.,"A",.,"A",.,"A","INFAN","D",,"A","2011","D"
"20141",2780272,27,0,"5","01","D","105","D","2009","D",.,"A",39,"D","04","D",347,"D","3","D",.,"A",8000,"D",.,"A",.,"A",,"A",347,"D",347,"D",347,"D",.,"A",.,"A",.,"A",.,"A",.,"A","CADAL","D",,"A","2011","D"
"20141",2780272,28,0,"5","02","D","105","D","2013","D",.,"A",36,"D","09","D",486,"D","3","D",.,"A",.,"A",.,"A",.,"A",,"A",486,"D",486,"D",486,"D",.,"A",.,"A",.,"A",.,"A",.,"A","CADAM","D",,"A","2013","D"
"20141",2780342,13,0,"5","01","D","105","D","2013","D",0.8,"D",36,"D","02","D",400,"D","3","D",.,"A",.,"A",900,"D",.,"A",,"A",400,"D",400,"D",400,"D",.,"A",.,"A",.,"A",900,"D",.,"A","TOYAR","D",,"A","2013","D"
"20141",2780622,16,0,"5","01","D","105","D","2011","D",.,"A",36,"D","07","D",430,"D","3","D",.,"A",.,"A",.,"A",.,"A",,"A",430,"D",430,"D",430,"D",.,"A",.,"A",.,"A",.,"A",.,"A","CHEAZ","D",,"A","2010","D"
"20141",2782644,13,0,"1","01","D","105","D","2005","D",.,"A",60,"D","07","F",313,"D","3","D",.,"A",1500,"D",500,"D",.,"A",,"A",313,"D",313,"D",313,"D",.,"A",.,"A",.,"A",500,"D",.,"A","SCIAB","D",,"A","2005","D"
"20141",2785525,11,0,"1","01","D","105","D","2014","D",.,"A",24,"D","11","D",430,"D","3","D",.,"A",.,"A",.,"A",.,"A",,"A",.,"A",430,"D",430,"D",.,"A",.,"A",.,"A",.,"A",.,"A","TOYAF","D",,"A","2013","D"
"20141",2791645,5,0,"1","01","D","105","D","2008","D",.,"A",24,"D","06","D",318,"D","3","D",.,"A",.,"A",.,"A",.,"A",,"A",318,"D",318,"D",318,"D",.,"A",.,"A",.,"A",.,"A",.,"A","TOYAF","D",,"A","2011","D"
"20141",2806174,3,0,"1","01","D","105","D","1999","D",.,"A",24,"D","02","D",300,"D","3","D",.,"A",.,"A",500,"D",.,"A",,"A",.,"A",.,"A",300,"D",.,"A",.,"A",1,"D",500,"D",.,"A","BUIAG","D",,"A","2014","D"
"20141",2810312,8,0,"1","01","D","105","D","2004","D",.,"A",48,"D","07","D",270,"D","3","D",.,"A",.,"A",5000,"D",.,"A",,"A",270,"D",270,"D",270,"D",.,"A",.,"A",.,"A",5000,"D",.,"A","FORAL","D",,"A","2011","D"
