"QYEAR","NEWID","SEQNO","ALCNO","REC_ORIG","VOPREGY","VOPREGY_","VOPMO_C","VOPMO_C_","VOPREGX","VOPREGX_","VOPRGY1","VOPRGY1_","VOPRGY2","VOPRGY2_","VOPRGY3","VOPRGY3_","VOPRGY4","VOPRGY4_"
"20131",2511575,62,0,"1","420","D","11","D",70,"D",,"A",,"A",,"A",,"A"
"20131",2511595,77,0,"1","410","D","12","D",29,"D",,"A",,"A",,"A",,"A"
"20131",2511695,130,0,"1","420","D","11","D",197,"D",,"A",,"A",,"A",,"A"
"20131",2511765,53,0,"1","420","D","12","D",88,"D",,"A",,"A",,"A",,"A"
"20131",2511815,45,0,"1","430","D","12","D",.,"H","415","D","410","D",,"A",,"A"
"20131",2511815,45,1,"1","420","D","12","D",99,"E",,"A",,"A",,"A",,"A"
"20131",2511815,45,2,"1","410","D","12","D",26,"E",,"A",,"A",,"A",,"A"
"20131",2511965,40,0,"1","400","D","12","D",30,"D",,"A",,"A",,"A",,"A"
"20131",2511965,41,0,"1","430","D","12","D",.,"H","415","D","410","D",,"A",,"A"
"20131",2511965,41,1,"1","420","D","12","D",118,"E",,"A",,"A",,"A",,"A"
"20131",2511965,41,2,"1","410","D","12","D",32,"E",,"A",,"A",,"A",,"A"
"20131",2511985,51,0,"1","410","D","12","D",36,"D",,"A",,"A",,"A",,"A"
"20131",2511995,101,0,"1","400","D","12","D",30,"D",,"A",,"A",,"A",,"A"
"20131",2511995,102,0,"1","420","D","11","D",156,"D",,"A",,"A",,"A",,"A"
"20131",2511995,103,0,"1","420","D","11","D",179,"D",,"A",,"A",,"A",,"A"
"20131",2511995,104,0,"1","420","D","11","D",99,"D",,"A",,"A",,"A",,"A"
"20131",2511995,105,0,"2","420","D","10","D",97,"D",,"A",,"A",,"A",,"A"
"20131",2512105,58,0,"1","400","D","10","D",60,"D",,"A",,"A",,"A",,"A"
"20131",2512205,70,0,"1","420","D","12","D",36,"D",,"A",,"A",,"A",,"A"
"20131",2512205,71,0,"1","420","D","12","D",28,"D",,"A",,"A",,"A",,"A"
"20131",2512295,51,0,"2","420","D","10","D",37,"D",,"A",,"A",,"A",,"A"
"20131",2512465,36,0,"1","420","D","10","D",500,"D",,"A",,"A",,"A",,"A"
"20131",2512535,41,0,"1","420","D","10","D",81,"D",,"A",,"A",,"A",,"A"
"20131",2512685,61,0,"1","410","D","12","D",18,"D",,"A",,"A",,"A",,"A"
"20131",2512795,48,0,"1","410","D","11","D",55,"D",,"A",,"A",,"A",,"A"
"20131",2512795,49,0,"1","420","D","11","D",94,"D",,"A",,"A",,"A",,"A"
"20131",2513015,73,0,"1","400","D","12","D",50,"D",,"A",,"A",,"A",,"A"
"20131",2513185,44,0,"1","410","D","12","D",15,"D",,"A",,"A",,"A",,"A"
"20131",2513235,65,0,"1","420","D","10","D",40,"D",,"A",,"A",,"A",,"A"
"20131",2513245,67,0,"1","420","D","11","D",56,"D",,"A",,"A",,"A",,"A"
"20131",2513405,63,0,"1","400","D","12","D",129,"D",,"A",,"A",,"A",,"A"
"20131",2513435,84,0,"1","420","D","12","D",232,"D",,"A",,"A",,"A",,"A"
"20131",2513455,38,0,"1","420","D","12","D",250,"D",,"A",,"A",,"A",,"A"
"20131",2513525,40,0,"1","420","D","12","D",89,"D",,"A",,"A",,"A",,"A"
"20131",2513565,70,0,"1","420","D","10","D",64,"D",,"A",,"A",,"A",,"A"
"20131",2513615,62,0,"2","400","D","10","D",20,"D",,"A",,"A",,"A",,"A"
"20131",2513775,50,0,"1","420","D","11","D",135,"F",,"A",,"A",,"A",,"A"
"20131",2513775,51,0,"1","420","D","11","D",63,"F",,"A",,"A",,"A",,"A"
"20131",2513935,78,0,"1","410","D","11","D",30,"D",,"A",,"A",,"A",,"A"
"20131",2513935,79,0,"1","420","D","11","D",70,"D",,"A",,"A",,"A",,"A"
"20131",2513955,34,0,"1","420","D","10","D",189,"D",,"A",,"A",,"A",,"A"
"20131",2513955,35,0,"1","410","D","10","D",12,"D",,"A",,"A",,"A",,"A"
"20131",2513985,39,0,"2","420","D","10","D",150,"D",,"A",,"A",,"A",,"A"
"20131",2514215,57,0,"1","410","D","12","D",20,"D",,"A",,"A",,"A",,"A"
"20131",2514215,58,0,"1","420","D","12","D",73,"D",,"A",,"A",,"A",,"A"
"20131",2514215,59,0,"2","410","D","10","D",19,"D",,"A",,"A",,"A",,"A"
"20131",2514305,26,0,"1","400","D","10","D",100,"D",,"A",,"A",,"A",,"A"
"20131",2514325,49,0,"1","420","D","12","D",45,"D",,"A",,"A",,"A",,"A"
"20131",2514325,50,0,"1","420","D","12","D",35,"D",,"A",,"A",,"A",,"A"
"20131",2514515,94,0,"2","410","D","10","D",42,"D",,"A",,"A",,"A",,"A"
"20131",2514515,95,0,"2","420","D","10","D",240,"D",,"A",,"A",,"A",,"A"
"20131",2514515,96,0,"2","420","D","10","D",80,"D",,"A",,"A",,"A",,"A"
"20131",2514575,35,0,"2","420","D","10","D",36,"D",,"A",,"A",,"A",,"A"
"20131",2514715,33,0,"1","420","D","11","D",58,"D",,"A",,"A",,"A",,"A"
"20131",2514725,42,0,"1","420","D","10","D",102,"D",,"A",,"A",,"A",,"A"
"20131",2514875,28,0,"1","420","D","11","D",62,"D",,"A",,"A",,"A",,"A"
"20131",2514935,55,0,"1","420","D","12","D",220,"D",,"A",,"A",,"A",,"A"
"20131",2514965,53,0,"1","400","D","12","D",24,"D",,"A",,"A",,"A",,"A"
"20131",2514975,59,0,"1","410","D","12","D",50,"D",,"A",,"A",,"A",,"A"
"20131",2514975,60,0,"1","420","D","12","D",36,"D",,"A",,"A",,"A",,"A"
"20131",2514975,61,0,"2","420","D","10","D",200,"D",,"A",,"A",,"A",,"A"
"20131",2514975,62,0,"2","410","D","10","D",100,"D",,"A",,"A",,"A",,"A"
"20131",2514985,73,0,"1","430","D","11","D",.,"H","425","D","415","D",,"A",,"A"
"20131",2514985,73,1,"1","420","D","11","D",49,"E",,"A",,"A",,"A",,"A"
"20131",2514995,80,0,"1","410","D","12","D",21,"D",,"A",,"A",,"A",,"A"
"20131",2514995,81,0,"1","400","D","12","D",65,"D",,"A",,"A",,"A",,"A"
"20131",2515025,83,0,"1","420","D","11","D",106,"D",,"A",,"A",,"A",,"A"
"20131",2515055,80,0,"1","400","D","11","D",32,"D",,"A",,"A",,"A",,"A"
"20131",2515055,81,0,"1","420","D","12","D",119,"D",,"A",,"A",,"A",,"A"
"20131",2515055,82,0,"2","420","D","10","D",16,"D",,"A",,"A",,"A",,"A"
"20131",2515115,67,0,"1","420","D","12","D",700,"D",,"A",,"A",,"A",,"A"
"20131",2515145,75,0,"1","400","D","12","D",5,"D",,"A",,"A",,"A",,"A"
"20131",2515295,68,0,"1","410","D","10","D",10,"D",,"A",,"A",,"A",,"A"
"20131",2515295,69,0,"1","420","D","10","D",27,"D",,"A",,"A",,"A",,"A"
"20131",2515295,70,0,"1","420","D","11","D",27,"D",,"A",,"A",,"A",,"A"
"20131",2515395,53,0,"1","420","D","11","D",100,"D",,"A",,"A",,"A",,"A"
"20131",2515395,54,0,"2","420","D","10","D",90,"D",,"A",,"A",,"A",,"A"
"20131",2515565,52,0,"1","400","D","12","D",35,"D",,"A",,"A",,"A",,"A"
"20131",2515605,60,0,"1","400","D","12","D",50,"D",,"A",,"A",,"A",,"A"
"20131",2515605,61,0,"1","420","D","12","D",50,"D",,"A",,"A",,"A",,"A"
"20131",2515795,35,0,"1","420","D","11","D",190,"D",,"A",,"A",,"A",,"A"
"20131",2515805,71,0,"1","420","D","12","D",63,"D",,"A",,"A",,"A",,"A"
"20131",2515825,32,0,"1","410","D","11","D",29,"D",,"A",,"A",,"A",,"A"
"20131",2515885,56,0,"1","420","D","12","D",116,"D",,"A",,"A",,"A",,"A"
"20131",2515985,41,0,"1","400","D","11","D",32,"D",,"A",,"A",,"A",,"A"
"20131",2516055,61,0,"1","420","D","11","D",69,"D",,"A",,"A",,"A",,"A"
"20131",2516335,74,0,"1","410","D","11","D",26,"D",,"A",,"A",,"A",,"A"
"20131",2516595,59,0,"1","420","D","12","D",60,"D",,"A",,"A",,"A",,"A"
"20131",2516655,60,0,"1","410","D","11","D",14,"D",,"A",,"A",,"A",,"A"
"20131",2516835,76,0,"1","410","D","10","D",36,"D",,"A",,"A",,"A",,"A"
"20131",2516865,75,0,"1","400","D","10","D",16,"D",,"A",,"A",,"A",,"A"
"20131",2516895,39,0,"1","420","D","12","D",68,"D",,"A",,"A",,"A",,"A"
"20131",2516905,84,0,"1","400","D","12","D",89,"D",,"A",,"A",,"A",,"A"
"20131",2516985,25,0,"1","410","D","10","D",16,"F",,"A",,"A",,"A",,"A"
"20131",2517025,57,0,"1","420","D","12","D",360,"D",,"A",,"A",,"A",,"A"
"20131",2517045,30,0,"1","400","D","12","D",25,"D",,"A",,"A",,"A",,"A"
"20131",2517065,36,0,"1","420","D","11","D",75,"D",,"A",,"A",,"A",,"A"
"20131",2517185,74,0,"1","420","D","11","D",99,"D",,"A",,"A",,"A",,"A"
"20131",2517325,78,0,"1","420","D","10","D",47,"D",,"A",,"A",,"A",,"A"
"20131",2517325,79,0,"2","420","D","10","D",47,"D",,"A",,"A",,"A",,"A"
"20131",2517375,56,0,"2","420","D","10","D",64,"D",,"A",,"A",,"A",,"A"
"20131",2517435,46,0,"1","410","D","11","D",15,"D",,"A",,"A",,"A",,"A"
"20131",2517525,67,0,"1","420","D","11","D",120,"D",,"A",,"A",,"A",,"A"
"20131",2517525,68,0,"2","410","D","10","D",5,"D",,"A",,"A",,"A",,"A"
"20131",2517565,40,0,"1","430","D","10","D",.,"H","400","D","425","D",,"A",,"A"
"20131",2517565,40,1,"1","400","D","10","D",84,"E",,"A",,"A",,"A",,"A"
"20131",2517565,40,2,"1","420","D","10","D",116,"E",,"A",,"A",,"A",,"A"
"20131",2517575,51,0,"1","420","D","12","D",120,"D",,"A",,"A",,"A",,"A"
"20131",2517585,92,0,"1","400","D","11","D",32,"D",,"A",,"A",,"A",,"A"
"20131",2517585,93,0,"1","400","D","12","D",32,"D",,"A",,"A",,"A",,"A"
"20131",2517585,94,0,"1","410","D","12","D",17,"D",,"A",,"A",,"A",,"A"
"20131",2517585,95,0,"1","420","D","10","D",99,"D",,"A",,"A",,"A",,"A"
"20131",2517805,67,0,"1","420","D","12","D",130,"D",,"A",,"A",,"A",,"A"
"20131",2518135,78,0,"1","410","D","12","D",15,"D",,"A",,"A",,"A",,"A"
"20131",2518135,79,0,"1","420","D","11","D",38,"D",,"A",,"A",,"A",,"A"
"20131",2518135,80,0,"1","420","D","12","D",650,"D",,"A",,"A",,"A",,"A"
"20131",2518315,84,0,"1","400","D","12","D",16,"D",,"A",,"A",,"A",,"A"
"20131",2518315,85,0,"1","410","D","12","D",15,"D",,"A",,"A",,"A",,"A"
"20131",2518385,68,0,"1","400","D","12","D",36,"D",,"A",,"A",,"A",,"A"
"20131",2518605,52,0,"1","410","D","12","D",48,"D",,"A",,"A",,"A",,"A"
"20131",2518655,61,0,"1","420","D","10","D",30,"D",,"A",,"A",,"A",,"A"
"20131",2518655,62,0,"2","420","D","10","D",30,"D",,"A",,"A",,"A",,"A"
"20131",2518695,53,0,"1","410","D","10","D",100,"D",,"A",,"A",,"A",,"A"
"20131",2518835,87,0,"1","420","D","12","D",170,"D",,"A",,"A",,"A",,"A"
"20131",2518935,48,0,"1","420","D","10","D",75,"D",,"A",,"A",,"A",,"A"
"20131",2518965,51,0,"1","420","D","11","D",20,"F",,"A",,"A",,"A",,"A"
"20131",2519245,42,0,"1","420","D","12","D",60,"D",,"A",,"A",,"A",,"A"
"20131",2519245,43,0,"2","420","D","10","D",65,"D",,"A",,"A",,"A",,"A"
"20131",2519435,46,0,"1","400","D","11","D",73,"D",,"A",,"A",,"A",,"A"
"20131",2519465,43,0,"1","420","D","11","D",98,"D",,"A",,"A",,"A",,"A"
"20131",2519475,60,0,"1","420","D","12","D",122,"D",,"A",,"A",,"A",,"A"
"20131",2519595,47,0,"1","420","D","10","D",140,"D",,"A",,"A",,"A",,"A"
"20131",2519875,71,0,"1","420","D","11","D",90,"D",,"A",,"A",,"A",,"A"
"20131",2519935,82,0,"1","420","D","11","D",45,"D",,"A",,"A",,"A",,"A"
"20131",2520095,56,0,"2","420","D","10","D",36,"D",,"A",,"A",,"A",,"A"
"20131",2520165,52,0,"1","400","D","12","D",32,"D",,"A",,"A",,"A",,"A"
"20131",2520165,53,0,"1","410","D","12","D",16,"D",,"A",,"A",,"A",,"A"
"20131",2520185,53,0,"1","420","D","12","D",77,"D",,"A",,"A",,"A",,"A"
"20131",2520255,34,0,"1","420","D","10","D",65,"D",,"A",,"A",,"A",,"A"
"20131",2520255,35,0,"1","420","D","11","D",65,"D",,"A",,"A",,"A",,"A"
"20131",2520255,36,0,"2","420","D","10","D",120,"D",,"A",,"A",,"A",,"A"
"20131",2520265,65,0,"1","420","D","12","D",65,"D",,"A",,"A",,"A",,"A"
"20131",2520345,80,0,"1","420","D","11","D",86,"D",,"A",,"A",,"A",,"A"
"20131",2520425,148,0,"1","430","D","11","D",.,"H","425","D","415","D",,"A",,"A"
"20131",2520425,148,1,"1","420","D","11","D",60,"E",,"A",,"A",,"A",,"A"
"20131",2520425,149,0,"1","420","D","12","D",24,"D",,"A",,"A",,"A",,"A"
"20131",2520465,96,0,"1","420","D","12","D",39,"D",,"A",,"A",,"A",,"A"
"20131",2520485,40,0,"2","420","D","10","D",24,"D",,"A",,"A",,"A",,"A"
"20131",2520765,31,0,"1","420","D","10","D",130,"D",,"A",,"A",,"A",,"A"
"20131",2520915,61,0,"1","400","D","11","D",20,"D",,"A",,"A",,"A",,"A"
"20131",2521015,69,0,"1","410","D","10","D",13,"D",,"A",,"A",,"A",,"A"
"20131",2521015,70,0,"2","420","D","10","D",205,"D",,"A",,"A",,"A",,"A"
"20131",2521055,44,0,"1","420","D","11","D",160,"D",,"A",,"A",,"A",,"A"
"20131",2521055,45,0,"1","420","D","12","D",150,"D",,"A",,"A",,"A",,"A"
"20131",2521095,102,0,"1","420","D","11","D",75,"D",,"A",,"A",,"A",,"A"
"20131",2521095,103,0,"1","420","D","12","D",75,"D",,"A",,"A",,"A",,"A"
"20131",2521105,50,0,"1","410","D","11","D",40,"D",,"A",,"A",,"A",,"A"
"20131",2521165,53,0,"1","420","D","11","D",75,"D",,"A",,"A",,"A",,"A"
"20131",2521465,68,0,"1","420","D","11","D",580,"D",,"A",,"A",,"A",,"A"
"20131",2521635,134,0,"1","420","D","12","D",256,"D",,"A",,"A",,"A",,"A"
"20131",2521655,51,0,"1","420","D","11","D",84,"D",,"A",,"A",,"A",,"A"
"20131",2522045,113,0,"1","420","D","10","D",98,"D",,"A",,"A",,"A",,"A"
"20131",2522095,42,0,"1","420","D","11","D",55,"D",,"A",,"A",,"A",,"A"
"20131",2522165,59,0,"1","420","D","11","D",120,"D",,"A",,"A",,"A",,"A"
"20131",2522355,53,0,"1","410","D","10","D",36,"D",,"A",,"A",,"A",,"A"
"20131",2522435,47,0,"1","400","D","10","D",25,"D",,"A",,"A",,"A",,"A"
"20131",2522435,48,0,"2","410","D","10","D",39,"D",,"A",,"A",,"A",,"A"
"20131",2522575,31,0,"1","410","D","10","D",55,"D",,"A",,"A",,"A",,"A"
"20131",2522575,32,0,"1","420","D","10","D",35,"D",,"A",,"A",,"A",,"A"
"20131",2522615,84,0,"1","420","D","12","D",36,"D",,"A",,"A",,"A",,"A"
"20131",2522625,43,0,"1","420","D","11","D",124,"D",,"A",,"A",,"A",,"A"
"20131",2522835,53,0,"1","420","D","01","D",78,"D",,"A",,"A",,"A",,"A"
"20131",2522845,41,0,"1","420","D","01","D",280,"D",,"A",,"A",,"A",,"A"
"20131",2522885,55,0,"2","420","D","11","D",42,"D",,"A",,"A",,"A",,"A"
"20131",2522895,26,0,"1","420","D","11","D",40,"D",,"A",,"A",,"A",,"A"
"20131",2522895,27,0,"1","400","D","11","D",25,"D",,"A",,"A",,"A",,"A"
"20131",2522915,54,0,"1","420","D","01","D",36,"D",,"A",,"A",,"A",,"A"
"20131",2522915,55,0,"1","410","D","01","D",55,"D",,"A",,"A",,"A",,"A"
"20131",2523145,52,0,"1","410","D","12","D",40,"D",,"A",,"A",,"A",,"A"
"20131",2523205,50,0,"1","420","D","01","D",85,"D",,"A",,"A",,"A",,"A"
"20131",2523245,71,0,"1","420","D","12","D",50,"D",,"A",,"A",,"A",,"A"
"20131",2523405,72,0,"1","420","D","01","D",36,"D",,"A",,"A",,"A",,"A"
"20131",2523505,60,0,"1","420","D","12","D",28,"D",,"A",,"A",,"A",,"A"
"20131",2523545,40,0,"1","430","D","01","D",.,"H","415","D","410","D",,"A",,"A"
"20131",2523545,40,1,"1","420","D","01","D",228,"E",,"A",,"A",,"A",,"A"
"20131",2523545,40,2,"1","410","D","01","D",82,"E",,"A",,"A",,"A",,"A"
"20131",2523625,48,0,"1","420","D","12","D",31,"D",,"A",,"A",,"A",,"A"
"20131",2523625,49,0,"1","410","D","12","D",5,"D",,"A",,"A",,"A",,"A"
"20131",2523735,69,0,"1","410","D","12","D",50,"D",,"A",,"A",,"A",,"A"
"20131",2523735,70,0,"1","420","D","12","D",90,"D",,"A",,"A",,"A",,"A"
"20131",2523795,129,0,"1","400","D","01","D",38,"D",,"A",,"A",,"A",,"A"
"20131",2523795,130,0,"1","410","D","12","D",14,"D",,"A",,"A",,"A",,"A"
"20131",2523815,35,0,"1","420","D","01","D",96,"D",,"A",,"A",,"A",,"A"
"20131",2523845,58,0,"2","410","D","11","D",29,"D",,"A",,"A",,"A",,"A"
"20131",2523905,72,0,"1","420","D","11","D",85,"D",,"A",,"A",,"A",,"A"
"20131",2524015,96,0,"1","420","D","11","D",240,"D",,"A",,"A",,"A",,"A"
"20131",2524015,97,0,"1","420","D","12","D",140,"D",,"A",,"A",,"A",,"A"
"20131",2524035,51,0,"1","420","D","12","D",75,"D",,"A",,"A",,"A",,"A"
"20131",2524085,60,0,"1","420","D","11","D",421,"D",,"A",,"A",,"A",,"A"
"20131",2524155,42,0,"1","420","D","01","D",137,"D",,"A",,"A",,"A",,"A"
"20131",2524305,64,0,"1","420","D","12","D",25,"D",,"A",,"A",,"A",,"A"
"20131",2524365,70,0,"1","420","D","01","D",140,"D",,"A",,"A",,"A",,"A"
"20131",2524435,40,0,"1","430","D","01","D",.,"H","410","D","415","D",,"A",,"A"
"20131",2524435,40,1,"1","410","D","01","D",23,"E",,"A",,"A",,"A",,"A"
"20131",2524435,40,2,"1","420","D","01","D",42,"E",,"A",,"A",,"A",,"A"
"20131",2524455,34,0,"2","400","D","11","D",24,"D",,"A",,"A",,"A",,"A"
"20131",2524555,55,0,"1","400","D","01","D",24,"D",,"A",,"A",,"A",,"A"
"20131",2524595,81,0,"1","430","D","01","D",.,"H","415","D","410","D",,"A",,"A"
"20131",2524595,81,1,"1","420","D","01","D",91,"E",,"A",,"A",,"A",,"A"
"20131",2524595,81,2,"1","410","D","01","D",24,"E",,"A",,"A",,"A",,"A"
"20131",2524775,48,0,"1","410","D","12","D",70,"D",,"A",,"A",,"A",,"A"
"20131",2524825,61,0,"1","420","D","11","D",16,"D",,"A",,"A",,"A",,"A"
"20131",2525075,74,0,"1","420","D","01","D",306,"D",,"A",,"A",,"A",,"A"
"20131",2525075,75,0,"2","420","D","11","D",440,"D",,"A",,"A",,"A",,"A"
"20131",2525095,61,0,"1","410","D","12","D",20,"D",,"A",,"A",,"A",,"A"
"20131",2525125,72,0,"1","420","D","11","D",99,"D",,"A",,"A",,"A",,"A"
"20131",2525145,93,0,"1","420","D","11","D",159,"D",,"A",,"A",,"A",,"A"
"20131",2525425,72,0,"1","410","D","01","D",40,"D",,"A",,"A",,"A",,"A"
"20131",2525425,73,0,"1","420","D","01","D",45,"D",,"A",,"A",,"A",,"A"
"20131",2525445,58,0,"1","420","D","01","D",20,"D",,"A",,"A",,"A",,"A"
"20131",2525595,46,0,"1","400","D","01","D",26,"D",,"A",,"A",,"A",,"A"
"20131",2525975,74,0,"1","400","D","01","D",80,"D",,"A",,"A",,"A",,"A"
"20131",2525975,75,0,"1","420","D","12","D",80,"D",,"A",,"A",,"A",,"A"
"20131",2526045,27,0,"1","420","D","01","D",60,"D",,"A",,"A",,"A",,"A"
"20131",2526115,45,0,"1","420","D","11","D",300,"D",,"A",,"A",,"A",,"A"
"20131",2526135,50,0,"2","400","D","11","D",21,"D",,"A",,"A",,"A",,"A"
"20131",2526145,63,0,"1","420","D","11","D",150,"D",,"A",,"A",,"A",,"A"
"20131",2526185,131,0,"1","420","D","11","D",172,"D",,"A",,"A",,"A",,"A"
"20131",2526185,132,0,"1","420","D","01","D",197,"D",,"A",,"A",,"A",,"A"
"20131",2526355,38,0,"1","410","D","12","D",40,"D",,"A",,"A",,"A",,"A"
"20131",2526395,84,0,"1","420","D","12","D",160,"D",,"A",,"A",,"A",,"A"
"20131",2526395,85,0,"1","420","D","01","D",16,"D",,"A",,"A",,"A",,"A"
"20131",2526395,86,0,"2","420","D","11","D",167,"D",,"A",,"A",,"A",,"A"
"20131",2526515,79,0,"1","420","D","11","D",266,"D",,"A",,"A",,"A",,"A"
"20131",2526725,45,0,"1","400","D","01","D",20,"D",,"A",,"A",,"A",,"A"
"20131",2526765,54,0,"1","400","D","12","D",35,"D",,"A",,"A",,"A",,"A"
"20131",2527085,54,0,"1","400","D","01","D",21,"D",,"A",,"A",,"A",,"A"
"20131",2527205,76,0,"1","420","D","01","D",75,"D",,"A",,"A",,"A",,"A"
"20131",2527295,31,0,"1","410","D","12","D",43,"D",,"A",,"A",,"A",,"A"
"20131",2527345,46,0,"2","420","D","11","D",260,"D",,"A",,"A",,"A",,"A"
"20131",2527385,67,0,"1","410","D","11","D",70,"D",,"A",,"A",,"A",,"A"
"20131",2527385,68,0,"1","420","D","11","D",25,"D",,"A",,"A",,"A",,"A"
"20131",2527425,62,0,"1","400","D","01","D",50,"D",,"A",,"A",,"A",,"A"
"20131",2527455,44,0,"1","420","D","12","D",99,"D",,"A",,"A",,"A",,"A"
"20131",2527485,31,0,"1","420","D","11","D",175,"D",,"A",,"A",,"A",,"A"
"20131",2527515,79,0,"1","400","D","12","D",35,"D",,"A",,"A",,"A",,"A"
"20131",2527625,38,0,"1","400","D","01","D",48,"D",,"A",,"A",,"A",,"A"
"20131",2527715,42,0,"1","420","D","11","D",45,"D",,"A",,"A",,"A",,"A"
"20131",2527775,48,0,"1","420","D","12","D",65,"D",,"A",,"A",,"A",,"A"
"20131",2527895,88,0,"1","400","D","01","D",34,"D",,"A",,"A",,"A",,"A"
"20131",2527955,100,0,"2","420","D","11","D",89,"D",,"A",,"A",,"A",,"A"
"20131",2527965,65,0,"1","420","D","01","D",85,"D",,"A",,"A",,"A",,"A"
"20131",2527985,95,0,"1","420","D","12","D",36,"D",,"A",,"A",,"A",,"A"
"20131",2527985,96,0,"2","410","D","11","D",35,"D",,"A",,"A",,"A",,"A"
"20131",2528105,38,0,"1","410","D","11","D",49,"D",,"A",,"A",,"A",,"A"
"20131",2528145,48,0,"1","420","D","01","D",72,"D",,"A",,"A",,"A",,"A"
"20131",2528165,53,0,"1","400","D","11","D",26,"D",,"A",,"A",,"A",,"A"
"20131",2528175,51,0,"1","420","D","12","D",95,"D",,"A",,"A",,"A",,"A"
"20131",2528185,59,0,"1","400","D","01","D",73,"D",,"A",,"A",,"A",,"A"
"20131",2528205,68,0,"1","420","D","12","D",20,"D",,"A",,"A",,"A",,"A"
"20131",2528265,60,0,"1","400","D","12","D",25,"D",,"A",,"A",,"A",,"A"
"20131",2528485,81,0,"1","410","D","12","D",25,"D",,"A",,"A",,"A",,"A"
"20131",2528485,82,0,"1","420","D","12","D",60,"D",,"A",,"A",,"A",,"A"
"20131",2528495,69,0,"1","420","D","01","D",708,"D",,"A",,"A",,"A",,"A"
"20131",2528515,61,0,"2","420","D","11","D",35,"D",,"A",,"A",,"A",,"A"
"20131",2528525,49,0,"1","400","D","01","D",38,"D",,"A",,"A",,"A",,"A"
"20131",2528705,34,0,"1","420","D","01","D",300,"D",,"A",,"A",,"A",,"A"
"20131",2528725,44,0,"1","400","D","11","D",21,"D",,"A",,"A",,"A",,"A"
"20131",2528755,36,0,"2","420","D","11","D",125,"D",,"A",,"A",,"A",,"A"
"20131",2528975,68,0,"1","420","D","01","D",107,"D",,"A",,"A",,"A",,"A"
"20131",2528995,44,0,"2","420","D","11","D",96,"D",,"A",,"A",,"A",,"A"
"20131",2529035,63,0,"1","420","D","01","D",78,"D",,"A",,"A",,"A",,"A"
"20131",2529035,64,0,"1","410","D","01","D",40,"D",,"A",,"A",,"A",,"A"
"20131",2529215,59,0,"2","410","D","11","D",25,"D",,"A",,"A",,"A",,"A"
"20131",2529215,60,0,"2","420","D","11","D",149,"D",,"A",,"A",,"A",,"A"
"20131",2529275,65,0,"1","420","D","12","D",46,"D",,"A",,"A",,"A",,"A"
"20131",2529325,88,0,"1","420","D","01","D",115,"D",,"A",,"A",,"A",,"A"
"20131",2529515,63,0,"1","420","D","11","D",249,"D",,"A",,"A",,"A",,"A"
"20131",2529515,64,0,"1","420","D","12","D",238,"D",,"A",,"A",,"A",,"A"
"20131",2529675,50,0,"1","420","D","11","D",35,"D",,"A",,"A",,"A",,"A"
"20131",2529715,29,0,"1","420","D","12","D",35,"F",,"A",,"A",,"A",,"A"
"20131",2529765,79,0,"2","400","D","11","D",43,"D",,"A",,"A",,"A",,"A"
"20131",2529785,45,0,"1","420","D","01","D",80,"D",,"A",,"A",,"A",,"A"
"20131",2529785,46,0,"1","410","D","01","D",25,"D",,"A",,"A",,"A",,"A"
"20131",2529855,54,0,"1","410","D","12","D",40,"D",,"A",,"A",,"A",,"A"
"20131",2529855,55,0,"1","420","D","12","D",250,"D",,"A",,"A",,"A",,"A"
"20131",2529945,89,0,"1","420","D","11","D",25,"D",,"A",,"A",,"A",,"A"
"20131",2530195,38,0,"1","420","D","11","D",24,"D",,"A",,"A",,"A",,"A"
"20131",2530225,62,0,"1","410","D","01","D",29,"D",,"A",,"A",,"A",,"A"
"20131",2530255,54,0,"1","430","D","01","D",.,"H","415","D","410","D",,"A",,"A"
"20131",2530255,54,1,"1","420","D","01","D",58,"E",,"A",,"A",,"A",,"A"
"20131",2530255,54,2,"1","410","D","01","D",47,"E",,"A",,"A",,"A",,"A"
"20131",2530255,55,0,"2","420","D","11","D",130,"D",,"A",,"A",,"A",,"A"
"20131",2530545,43,0,"1","420","D","01","D",80,"D",,"A",,"A",,"A",,"A"
"20131",2530575,77,0,"1","410","D","01","D",29,"D",,"A",,"A",,"A",,"A"
"20131",2530575,78,0,"2","420","D","11","D",50,"D",,"A",,"A",,"A",,"A"
"20131",2530675,34,0,"1","420","D","12","D",400,"D",,"A",,"A",,"A",,"A"
"20131",2530705,58,0,"1","420","D","01","D",71,"D",,"A",,"A",,"A",,"A"
"20131",2530755,30,0,"1","400","D","01","D",50,"D",,"A",,"A",,"A",,"A"
"20131",2530755,31,0,"1","410","D","12","D",32,"D",,"A",,"A",,"A",,"A"
"20131",2530895,60,0,"1","430","D","01","D",.,"H","425","D","415","D",,"A",,"A"
"20131",2530895,60,1,"1","420","D","01","D",686,"E",,"A",,"A",,"A",,"A"
"20131",2530895,60,2,"1","420","D","01","D",814,"E",,"A",,"A",,"A",,"A"
"20131",2530955,65,0,"2","420","D","11","D",35,"D",,"A",,"A",,"A",,"A"
"20131",2530985,53,0,"1","420","D","11","D",58,"D",,"A",,"A",,"A",,"A"
"20131",2531015,38,0,"1","420","D","11","D",60,"D",,"A",,"A",,"A",,"A"
"20131",2531045,67,0,"1","410","D","01","D",45,"D",,"A",,"A",,"A",,"A"
"20131",2531045,68,0,"1","420","D","01","D",169,"D",,"A",,"A",,"A",,"A"
"20131",2531145,59,0,"1","410","D","01","D",20,"D",,"A",,"A",,"A",,"A"
"20131",2531305,82,0,"1","400","D","01","D",29,"D",,"A",,"A",,"A",,"A"
"20131",2531435,66,0,"2","420","D","11","D",60,"D",,"A",,"A",,"A",,"A"
"20131",2531435,67,0,"2","410","D","11","D",65,"D",,"A",,"A",,"A",,"A"
"20131",2531475,84,0,"1","410","D","01","D",16,"D",,"A",,"A",,"A",,"A"
"20131",2531495,40,0,"1","410","D","01","D",40,"D",,"A",,"A",,"A",,"A"
"20131",2531535,66,0,"1","420","D","12","D",120,"D",,"A",,"A",,"A",,"A"
"20131",2531535,67,0,"1","410","D","12","D",48,"D",,"A",,"A",,"A",,"A"
"20131",2531635,84,0,"1","430","D","01","D",.,"H","425","D","415","D",,"A",,"A"
"20131",2531635,84,1,"1","420","D","01","D",51,"E",,"A",,"A",,"A",,"A"
"20131",2531745,49,0,"1","420","D","12","D",103,"D",,"A",,"A",,"A",,"A"
"20131",2531755,41,0,"1","420","D","12","D",112,"D",,"A",,"A",,"A",,"A"
"20131",2531815,63,0,"1","420","D","01","D",160,"D",,"A",,"A",,"A",,"A"
"20131",2531845,52,0,"1","420","D","11","D",99,"D",,"A",,"A",,"A",,"A"
"20131",2531865,69,0,"1","420","D","01","D",85,"D",,"A",,"A",,"A",,"A"
"20131",2531945,51,0,"1","410","D","01","D",18,"D",,"A",,"A",,"A",,"A"
"20131",2531975,51,0,"1","400","D","01","D",32,"D",,"A",,"A",,"A",,"A"
"20131",2532005,62,0,"1","420","D","12","D",362,"D",,"A",,"A",,"A",,"A"
"20131",2532015,37,0,"2","400","D","11","D",7,"D",,"A",,"A",,"A",,"A"
"20131",2532195,32,0,"1","420","D","01","D",75,"D",,"A",,"A",,"A",,"A"
"20131",2532285,77,0,"1","420","D","11","D",50,"D",,"A",,"A",,"A",,"A"
"20131",2532455,76,0,"2","400","D","11","D",23,"D",,"A",,"A",,"A",,"A"
"20131",2532475,59,0,"1","410","D","12","D",30,"D",,"A",,"A",,"A",,"A"
"20131",2532475,60,0,"1","420","D","12","D",28,"D",,"A",,"A",,"A",,"A"
"20131",2532475,61,0,"1","420","D","12","D",112,"D",,"A",,"A",,"A",,"A"
"20131",2532655,60,0,"1","420","D","01","D",258,"D",,"A",,"A",,"A",,"A"
"20131",2532795,54,0,"1","420","D","12","D",194,"D",,"A",,"A",,"A",,"A"
"20131",2532855,73,0,"1","420","D","01","D",100,"D",,"A",,"A",,"A",,"A"
"20131",2532855,74,0,"1","420","D","01","D",100,"D",,"A",,"A",,"A",,"A"
"20131",2532905,85,0,"1","420","D","01","D",60,"D",,"A",,"A",,"A",,"A"
"20131",2532945,51,0,"1","420","D","12","D",31,"D",,"A",,"A",,"A",,"A"
"20131",2532975,56,0,"1","420","D","01","D",102,"D",,"A",,"A",,"A",,"A"
"20131",2533145,51,0,"1","420","D","12","D",101,"D",,"A",,"A",,"A",,"A"
"20131",2533175,54,0,"1","420","D","11","D",140,"D",,"A",,"A",,"A",,"A"
"20131",2533185,79,0,"1","410","D","12","D",100,"D",,"A",,"A",,"A",,"A"
"20131",2533185,80,0,"1","420","D","12","D",212,"D",,"A",,"A",,"A",,"A"
"20131",2533195,42,0,"1","400","D","01","D",25,"D",,"A",,"A",,"A",,"A"
"20131",2533405,51,0,"1","410","D","11","D",20,"D",,"A",,"A",,"A",,"A"
"20131",2533405,52,0,"1","420","D","11","D",80,"D",,"A",,"A",,"A",,"A"
"20131",2533445,39,0,"1","420","D","01","D",65,"D",,"A",,"A",,"A",,"A"
"20131",2533595,34,0,"1","400","D","11","D",27,"D",,"A",,"A",,"A",,"A"
"20131",2533615,44,0,"1","420","D","12","D",102,"D",,"A",,"A",,"A",,"A"
"20131",2533825,45,0,"1","420","D","12","D",180,"D",,"A",,"A",,"A",,"A"
"20131",2534045,62,0,"1","400","D","02","D",24,"D",,"A",,"A",,"A",,"A"
"20131",2534225,81,0,"1","420","D","02","D",375,"D",,"A",,"A",,"A",,"A"
"20131",2534265,72,0,"1","420","D","12","D",400,"D",,"A",,"A",,"A",,"A"
"20131",2534295,35,0,"1","420","D","01","D",60,"D",,"A",,"A",,"A",,"A"
"20131",2534525,29,0,"1","430","D","12","D",.,"H","425","D","415","D",,"A",,"A"
"20131",2534525,29,1,"1","420","D","12","D",150,"E",,"A",,"A",,"A",,"A"
"20131",2534705,43,0,"2","400","D","12","D",90,"D",,"A",,"A",,"A",,"A"
"20131",2534815,63,0,"1","410","D","02","D",20,"D",,"A",,"A",,"A",,"A"
"20131",2534955,38,0,"1","430","D","12","D",.,"H","400","D","415","D",,"A",,"A"
"20131",2534955,38,1,"1","400","D","12","D",219,"E",,"A",,"A",,"A",,"A"
"20131",2534955,38,2,"1","420","D","12","D",361,"E",,"A",,"A",,"A",,"A"
"20131",2535215,69,0,"1","410","D","02","D",36,"D",,"A",,"A",,"A",,"A"
"20131",2535255,47,0,"1","420","D","02","D",120,"D",,"A",,"A",,"A",,"A"
"20131",2535285,59,0,"1","420","D","02","D",450,"D",,"A",,"A",,"A",,"A"
"20131",2535285,60,0,"1","410","D","02","D",50,"D",,"A",,"A",,"A",,"A"
"20131",2535465,51,0,"2","400","D","12","D",45,"D",,"A",,"A",,"A",,"A"
"20131",2535595,46,0,"1","420","D","01","D",200,"D",,"A",,"A",,"A",,"A"
"20131",2535865,56,0,"1","420","D","02","D",40,"D",,"A",,"A",,"A",,"A"
"20131",2535945,90,0,"1","410","D","12","D",16,"D",,"A",,"A",,"A",,"A"
"20131",2535945,91,0,"1","420","D","01","D",46,"D",,"A",,"A",,"A",,"A"
"20131",2536105,37,0,"1","430","D","02","D",.,"H","425","D","415","D",,"A",,"A"
"20131",2536105,37,1,"1","420","D","02","D",20,"E",,"A",,"A",,"A",,"A"
"20131",2536105,37,2,"1","420","D","02","D",20,"E",,"A",,"A",,"A",,"A"
"20131",2536155,39,0,"1","420","D","02","D",63,"D",,"A",,"A",,"A",,"A"
"20131",2536175,68,0,"1","420","D","01","D",840,"D",,"A",,"A",,"A",,"A"
"20131",2536185,46,0,"1","420","D","02","D",300,"D",,"A",,"A",,"A",,"A"
"20131",2536185,47,0,"1","400","D","01","D",80,"D",,"A",,"A",,"A",,"A"
"20131",2536205,48,0,"1","420","D","02","D",36,"D",,"A",,"A",,"A",,"A"
"20131",2536205,49,0,"1","400","D","02","D",30,"D",,"A",,"A",,"A",,"A"
"20131",2536265,35,0,"1","420","D","01","D",120,"D",,"A",,"A",,"A",,"A"
"20131",2536355,46,0,"1","420","D","01","D",80,"D",,"A",,"A",,"A",,"A"
"20131",2536365,62,0,"2","420","D","12","D",65,"D",,"A",,"A",,"A",,"A"
"20131",2536385,64,0,"2","410","D","12","D",60,"D",,"A",,"A",,"A",,"A"
"20131",2536385,65,0,"2","420","D","12","D",65,"D",,"A",,"A",,"A",,"A"
"20131",2536455,43,0,"1","410","D","02","D",40,"D",,"A",,"A",,"A",,"A"
"20131",2536455,44,0,"1","420","D","01","D",55,"D",,"A",,"A",,"A",,"A"
"20131",2536505,75,0,"1","420","D","12","D",99,"D",,"A",,"A",,"A",,"A"
"20131",2536575,46,0,"1","410","D","02","D",28,"D",,"A",,"A",,"A",,"A"
"20131",2536705,131,0,"1","410","D","12","D",18,"D",,"A",,"A",,"A",,"A"
"20131",2536705,132,0,"1","410","D","12","D",48,"D",,"A",,"A",,"A",,"A"
"20131",2536715,44,0,"1","400","D","02","D",35,"D",,"A",,"A",,"A",,"A"
"20131",2536725,69,0,"1","420","D","01","D",208,"D",,"A",,"A",,"A",,"A"
"20131",2536725,70,0,"1","410","D","01","D",28,"D",,"A",,"A",,"A",,"A"
"20131",2536785,27,0,"1","410","D","02","D",13,"D",,"A",,"A",,"A",,"A"
"20131",2536965,43,0,"1","420","D","02","D",80,"D",,"A",,"A",,"A",,"A"
"20131",2537035,71,0,"1","420","D","02","D",35,"D",,"A",,"A",,"A",,"A"
"20131",2537035,72,0,"1","400","D","02","D",15,"D",,"A",,"A",,"A",,"A"
"20131",2537085,71,0,"1","410","D","01","D",16,"D",,"A",,"A",,"A",,"A"
"20131",2537085,72,0,"1","410","D","12","D",16,"D",,"A",,"A",,"A",,"A"
"20131",2537085,73,0,"1","420","D","12","D",65,"D",,"A",,"A",,"A",,"A"
"20131",2537135,45,0,"1","410","D","01","D",18,"D",,"A",,"A",,"A",,"A"
"20131",2537235,46,0,"1","410","D","02","D",40,"D",,"A",,"A",,"A",,"A"
"20131",2537235,47,0,"1","420","D","12","D",80,"D",,"A",,"A",,"A",,"A"
"20131",2537465,68,0,"1","420","D","02","D",90,"D",,"A",,"A",,"A",,"A"
"20131",2537505,67,0,"2","430","D","12","D",.,"H","425","D","415","D",,"A",,"A"
"20131",2537505,67,1,"2","420","D","12","D",50,"E",,"A",,"A",,"A",,"A"
"20131",2537515,59,0,"1","410","D","12","D",35,"D",,"A",,"A",,"A",,"A"
"20131",2537685,43,0,"1","420","D","01","D",61,"D",,"A",,"A",,"A",,"A"
"20131",2537755,62,0,"1","420","D","01","D",64,"D",,"A",,"A",,"A",,"A"
"20131",2537895,58,0,"1","420","D","01","D",63,"D",,"A",,"A",,"A",,"A"
"20131",2537895,59,0,"1","420","D","01","D",63,"D",,"A",,"A",,"A",,"A"
"20131",2537895,60,0,"1","410","D","02","D",27,"D",,"A",,"A",,"A",,"A"
"20131",2537895,61,0,"1","410","D","02","D",27,"D",,"A",,"A",,"A",,"A"
"20131",2537965,80,0,"1","420","D","12","D",28,"D",,"A",,"A",,"A",,"A"
"20131",2538045,39,0,"1","420","D","02","D",182,"D",,"A",,"A",,"A",,"A"
"20131",2538185,62,0,"1","420","D","02","D",50,"D",,"A",,"A",,"A",,"A"
"20131",2538235,83,0,"1","420","D","01","D",128,"D",,"A",,"A",,"A",,"A"
"20131",2538575,47,0,"1","400","D","12","D",50,"D",,"A",,"A",,"A",,"A"
"20131",2538575,48,0,"1","420","D","02","D",60,"D",,"A",,"A",,"A",,"A"
"20131",2538655,70,0,"2","410","D","12","D",59,"D",,"A",,"A",,"A",,"A"
"20131",2538655,71,0,"2","410","D","12","D",59,"D",,"A",,"A",,"A",,"A"
"20131",2538715,30,0,"1","400","D","12","D",35,"D",,"A",,"A",,"A",,"A"
"20131",2538715,31,0,"1","420","D","12","D",56,"D",,"A",,"A",,"A",,"A"
"20131",2538735,47,0,"1","420","D","12","D",21,"D",,"A",,"A",,"A",,"A"
"20131",2538735,48,0,"2","420","D","12","D",21,"D",,"A",,"A",,"A",,"A"
"20131",2538765,79,0,"1","420","D","02","D",43,"D",,"A",,"A",,"A",,"A"
"20131",2538765,80,0,"2","420","D","12","D",46,"D",,"A",,"A",,"A",,"A"
"20131",2538795,53,0,"2","420","D","12","D",179,"D",,"A",,"A",,"A",,"A"
"20131",2538875,53,0,"1","420","D","02","D",45,"D",,"A",,"A",,"A",,"A"
"20131",2539025,68,0,"1","420","D","02","D",244,"F",,"A",,"A",,"A",,"A"
"20131",2539185,62,0,"1","420","D","02","D",100,"D",,"A",,"A",,"A",,"A"
"20131",2539295,78,0,"1","420","D","02","D",46,"D",,"A",,"A",,"A",,"A"
"20131",2539535,38,0,"1","400","D","01","D",110,"D",,"A",,"A",,"A",,"A"
"20131",2539535,39,0,"1","420","D","01","D",70,"D",,"A",,"A",,"A",,"A"
"20131",2539535,40,0,"1","420","D","01","D",80,"D",,"A",,"A",,"A",,"A"
"20131",2539575,54,0,"2","420","D","12","D",5,"D",,"A",,"A",,"A",,"A"
"20131",2539575,55,0,"2","420","D","12","D",34,"D",,"A",,"A",,"A",,"A"
"20131",2539605,76,0,"1","420","D","01","D",110,"D",,"A",,"A",,"A",,"A"
"20131",2539625,93,0,"1","420","D","02","D",150,"D",,"A",,"A",,"A",,"A"
"20131",2539655,43,0,"1","400","D","01","D",84,"D",,"A",,"A",,"A",,"A"
"20131",2539695,54,0,"1","420","D","01","D",35,"D",,"A",,"A",,"A",,"A"
"20131",2539755,110,0,"1","420","D","01","D",76,"D",,"A",,"A",,"A",,"A"
"20131",2539825,47,0,"1","420","D","12","D",368,"D",,"A",,"A",,"A",,"A"
"20131",2539865,93,0,"1","410","D","01","D",40,"D",,"A",,"A",,"A",,"A"
"20131",2539965,92,0,"1","410","D","02","D",29,"D",,"A",,"A",,"A",,"A"
"20131",2539965,93,0,"1","410","D","01","D",16,"D",,"A",,"A",,"A",,"A"
"20131",2540015,43,0,"1","410","D","01","D",100,"F",,"A",,"A",,"A",,"A"
"20131",2540065,64,0,"1","420","D","02","D",45,"D",,"A",,"A",,"A",,"A"
"20131",2540255,42,0,"1","420","D","01","D",55,"D",,"A",,"A",,"A",,"A"
"20131",2540265,79,0,"1","400","D","01","D",10,"D",,"A",,"A",,"A",,"A"
"20131",2540365,64,0,"1","420","D","02","D",117,"D",,"A",,"A",,"A",,"A"
"20131",2540365,65,0,"2","420","D","12","D",221,"D",,"A",,"A",,"A",,"A"
"20131",2540645,73,0,"1","410","D","12","D",43,"D",,"A",,"A",,"A",,"A"
"20131",2540645,74,0,"1","420","D","12","D",158,"D",,"A",,"A",,"A",,"A"
"20131",2540665,64,0,"1","420","D","01","D",106,"D",,"A",,"A",,"A",,"A"
"20131",2540665,65,0,"2","410","D","12","D",5,"D",,"A",,"A",,"A",,"A"
"20131",2540685,38,0,"1","420","D","02","D",50,"D",,"A",,"A",,"A",,"A"
"20131",2540785,68,0,"1","430","D","02","D",.,"H","425","D","415","D",,"A",,"A"
"20131",2540785,68,1,"1","420","D","02","D",51,"E",,"A",,"A",,"A",,"A"
"20131",2540885,52,0,"1","420","D","02","D",85,"D",,"A",,"A",,"A",,"A"
"20131",2540905,45,0,"1","420","D","02","D",65,"D",,"A",,"A",,"A",,"A"
"20131",2540905,46,0,"1","410","D","02","D",40,"D",,"A",,"A",,"A",,"A"
"20131",2540905,47,0,"2","400","D","12","D",11,"D",,"A",,"A",,"A",,"A"
"20131",2540945,69,0,"1","400","D","02","D",32,"D",,"A",,"A",,"A",,"A"
"20131",2540975,66,0,"1","410","D","01","D",40,"D",,"A",,"A",,"A",,"A"
"20131",2540975,67,0,"1","420","D","01","D",160,"D",,"A",,"A",,"A",,"A"
"20131",2541005,67,0,"1","420","D","01","D",3,"D",,"A",,"A",,"A",,"A"
"20131",2541005,68,0,"1","410","D","12","D",14,"D",,"A",,"A",,"A",,"A"
"20131",2541465,55,0,"2","420","D","12","D",227,"D",,"A",,"A",,"A",,"A"
"20131",2541485,61,0,"1","400","D","02","D",65,"D",,"A",,"A",,"A",,"A"
"20131",2541485,62,0,"1","420","D","02","D",140,"D",,"A",,"A",,"A",,"A"
"20131",2541585,38,0,"1","410","D","02","D",20,"D",,"A",,"A",,"A",,"A"
"20131",2541695,77,0,"1","420","D","01","D",63,"D",,"A",,"A",,"A",,"A"
"20131",2541745,32,0,"1","420","D","02","D",150,"D",,"A",,"A",,"A",,"A"
"20131",2541825,48,0,"1","420","D","12","D",346,"D",,"A",,"A",,"A",,"A"
"20131",2541825,49,0,"1","420","D","01","D",240,"D",,"A",,"A",,"A",,"A"
"20131",2541845,35,0,"1","400","D","01","D",49,"D",,"A",,"A",,"A",,"A"
"20131",2541895,46,0,"1","420","D","01","D",128,"D",,"A",,"A",,"A",,"A"
"20131",2541915,51,0,"1","420","D","01","D",296,"D",,"A",,"A",,"A",,"A"
"20131",2541925,65,0,"2","410","D","12","D",35,"D",,"A",,"A",,"A",,"A"
"20131",2542345,37,0,"1","410","D","01","D",75,"D",,"A",,"A",,"A",,"A"
"20131",2542405,70,0,"1","420","D","12","D",75,"D",,"A",,"A",,"A",,"A"
"20131",2542455,42,0,"1","420","D","02","D",54,"D",,"A",,"A",,"A",,"A"
"20131",2542475,68,0,"1","400","D","01","D",65,"D",,"A",,"A",,"A",,"A"
"20131",2542495,65,0,"1","400","D","02","D",81,"D",,"A",,"A",,"A",,"A"
"20131",2542545,53,0,"1","410","D","01","D",25,"D",,"A",,"A",,"A",,"A"
"20131",2542625,40,0,"1","410","D","12","D",50,"D",,"A",,"A",,"A",,"A"
"20131",2542675,41,0,"2","420","D","12","D",71,"D",,"A",,"A",,"A",,"A"
"20131",2542705,61,0,"1","410","D","01","D",60,"D",,"A",,"A",,"A",,"A"
"20131",2542705,62,0,"1","420","D","01","D",110,"D",,"A",,"A",,"A",,"A"
"20131",2542735,38,0,"1","410","D","02","D",29,"D",,"A",,"A",,"A",,"A"
"20131",2542785,38,0,"1","400","D","02","D",31,"D",,"A",,"A",,"A",,"A"
"20131",2542795,52,0,"1","420","D","02","D",150,"D",,"A",,"A",,"A",,"A"
"20131",2542855,30,0,"1","420","D","01","D",60,"D",,"A",,"A",,"A",,"A"
"20131",2543085,39,0,"1","420","D","02","D",90,"D",,"A",,"A",,"A",,"A"
"20131",2543095,54,0,"1","400","D","02","D",36,"D",,"A",,"A",,"A",,"A"
"20131",2543285,66,0,"1","400","D","02","D",64,"D",,"A",,"A",,"A",,"A"
"20131",2543295,36,0,"1","400","D","02","D",25,"D",,"A",,"A",,"A",,"A"
"20131",2543295,37,0,"1","410","D","01","D",15,"D",,"A",,"A",,"A",,"A"
"20131",2543355,71,0,"1","410","D","12","D",20,"D",,"A",,"A",,"A",,"A"
"20131",2543395,64,0,"1","410","D","01","D",40,"D",,"A",,"A",,"A",,"A"
"20131",2543395,65,0,"1","420","D","01","D",120,"D",,"A",,"A",,"A",,"A"
"20131",2543495,29,0,"1","420","D","12","D",90,"D",,"A",,"A",,"A",,"A"
"20131",2543725,51,0,"1","420","D","02","D",80,"D",,"A",,"A",,"A",,"A"
"20131",2543845,60,0,"1","400","D","01","D",36,"D",,"A",,"A",,"A",,"A"
"20131",2543845,61,0,"1","420","D","12","D",124,"D",,"A",,"A",,"A",,"A"
"20131",2544005,30,0,"1","420","D","01","D",46,"D",,"A",,"A",,"A",,"A"
"20131",2544155,69,0,"1","420","D","01","D",110,"D",,"A",,"A",,"A",,"A"
"20131",2544245,32,0,"1","420","D","12","D",60,"D",,"A",,"A",,"A",,"A"
"20131",2544585,48,0,"1","430","D","02","D",.,"H","425","D","415","D",,"A",,"A"
"20131",2544585,48,1,"1","420","D","02","D",250,"E",,"A",,"A",,"A",,"A"
"20131",2544675,29,0,"1","410","D","02","D",15,"D",,"A",,"A",,"A",,"A"
"20131",2544865,61,0,"1","420","D","02","D",90,"D",,"A",,"A",,"A",,"A"
"20131",2544875,91,0,"1","410","D","02","D",15,"D",,"A",,"A",,"A",,"A"
"20131",2544995,58,0,"1","400","D","01","D",69,"D",,"A",,"A",,"A",,"A"
"20131",2544995,59,0,"1","420","D","12","D",36,"D",,"A",,"A",,"A",,"A"
"20131",2545165,32,0,"1","410","D","02","D",86,"D",,"A",,"A",,"A",,"A"
"20131",2545254,39,0,"1","410","D","11","D",17,"D",,"A",,"A",,"A",,"A"
"20131",2545254,40,0,"1","420","D","10","D",30,"D",,"A",,"A",,"A",,"A"
"20131",2545274,68,0,"1","420","D","12","D",55,"D",,"A",,"A",,"A",,"A"
"20131",2545474,75,0,"1","410","D","11","D",22,"D",,"A",,"A",,"A",,"A"
"20131",2545524,84,0,"1","420","D","10","D",140,"D",,"A",,"A",,"A",,"A"
"20131",2545534,45,0,"1","420","D","11","D",60,"D",,"A",,"A",,"A",,"A"
"20131",2545594,56,0,"1","410","D","10","D",50,"D",,"A",,"A",,"A",,"A"
"20131",2545664,45,0,"1","410","D","12","D",40,"D",,"A",,"A",,"A",,"A"
"20131",2545684,64,0,"1","410","D","10","D",60,"D",,"A",,"A",,"A",,"A"
"20131",2545694,49,0,"1","400","D","12","D",34,"D",,"A",,"A",,"A",,"A"
"20131",2545784,58,0,"1","420","D","12","D",188,"D",,"A",,"A",,"A",,"A"
"20131",2545814,64,0,"1","420","D","12","D",58,"D",,"A",,"A",,"A",,"A"
"20131",2545884,58,0,"1","420","D","12","D",309,"D",,"A",,"A",,"A",,"A"
"20131",2545944,41,0,"1","420","D","10","D",108,"D",,"A",,"A",,"A",,"A"
"20131",2546154,78,0,"1","420","D","10","D",68,"D",,"A",,"A",,"A",,"A"
"20131",2546434,43,0,"1","420","D","12","D",55,"D",,"A",,"A",,"A",,"A"
"20131",2546454,37,0,"1","420","D","10","D",30,"D",,"A",,"A",,"A",,"A"
"20131",2546514,40,0,"2","430","D","10","D",.,"H","415","D","410","D",,"A",,"A"
"20131",2546514,40,1,"2","420","D","10","D",21,"E",,"A",,"A",,"A",,"A"
"20131",2546514,40,2,"2","410","D","10","D",22,"E",,"A",,"A",,"A",,"A"
"20131",2546575,48,0,"1","420","D","12","D",890,"D",,"A",,"A",,"A",,"A"
"20131",2546684,37,0,"1","420","D","11","D",60,"D",,"A",,"A",,"A",,"A"
"20131",2546734,62,0,"1","420","D","10","D",36,"D",,"A",,"A",,"A",,"A"
"20131",2546784,57,0,"1","420","D","12","D",70,"D",,"A",,"A",,"A",,"A"
"20131",2546884,46,0,"1","400","D","12","D",20,"D",,"A",,"A",,"A",,"A"
"20131",2546884,47,0,"1","410","D","12","D",20,"D",,"A",,"A",,"A",,"A"
"20131",2546884,48,0,"1","430","D","12","D",.,"H","425","D","415","D",,"A",,"A"
"20131",2546884,48,1,"1","420","D","12","D",28,"E",,"A",,"A",,"A",,"A"
"20131",2546884,48,2,"1","420","D","12","D",58,"E",,"A",,"A",,"A",,"A"
"20131",2546904,60,0,"1","420","D","11","D",163,"D",,"A",,"A",,"A",,"A"
"20131",2546994,69,0,"1","420","D","11","D",75,"D",,"A",,"A",,"A",,"A"
"20131",2546994,70,0,"1","420","D","10","D",84,"D",,"A",,"A",,"A",,"A"
"20131",2547094,54,0,"1","420","D","12","D",99,"D",,"A",,"A",,"A",,"A"
"20131",2547144,82,0,"1","420","D","12","D",252,"D",,"A",,"A",,"A",,"A"
"20131",2547214,33,0,"1","400","D","12","D",35,"D",,"A",,"A",,"A",,"A"
"20131",2547304,23,0,"1","400","D","10","D",20,"D",,"A",,"A",,"A",,"A"
"20131",2547384,73,0,"1","420","D","11","D",89,"D",,"A",,"A",,"A",,"A"
"20131",2547474,59,0,"2","420","D","10","D",25,"D",,"A",,"A",,"A",,"A"
"20131",2547514,63,0,"1","420","D","10","D",28,"D",,"A",,"A",,"A",,"A"
"20131",2547524,84,0,"1","420","D","10","D",70,"D",,"A",,"A",,"A",,"A"
"20131",2547524,85,0,"1","410","D","10","D",39,"D",,"A",,"A",,"A",,"A"
"20131",2547624,35,0,"1","420","D","10","D",89,"D",,"A",,"A",,"A",,"A"
"20131",2547824,35,0,"1","430","D","11","D",.,"H","410","D","415","D",,"A",,"A"
"20131",2547824,35,1,"1","410","D","11","D",33,"E",,"A",,"A",,"A",,"A"
"20131",2547824,35,2,"1","420","D","11","D",93,"E",,"A",,"A",,"A",,"A"
"20131",2547834,32,0,"1","400","D","10","D",24,"D",,"A",,"A",,"A",,"A"
"20131",2547854,53,0,"1","400","D","10","D",65,"D",,"A",,"A",,"A",,"A"
"20131",2547914,25,0,"1","420","D","11","D",75,"D",,"A",,"A",,"A",,"A"
"20131",2547944,38,0,"1","420","D","11","D",225,"D",,"A",,"A",,"A",,"A"
"20131",2547954,72,0,"1","410","D","12","D",29,"D",,"A",,"A",,"A",,"A"
"20131",2547964,73,0,"1","420","D","12","D",137,"D",,"A",,"A",,"A",,"A"
"20131",2548044,61,0,"1","420","D","11","D",138,"D",,"A",,"A",,"A",,"A"
"20131",2548104,41,0,"1","420","D","11","D",300,"D",,"A",,"A",,"A",,"A"
"20131",2548144,81,0,"1","420","D","10","D",103,"D",,"A",,"A",,"A",,"A"
"20131",2548154,55,0,"1","400","D","12","D",24,"D",,"A",,"A",,"A",,"A"
"20131",2548354,42,0,"1","410","D","11","D",40,"D",,"A",,"A",,"A",,"A"
"20131",2548354,43,0,"1","420","D","11","D",98,"D",,"A",,"A",,"A",,"A"
"20131",2548514,64,0,"1","410","D","11","D",46,"D",,"A",,"A",,"A",,"A"
"20131",2548514,65,0,"1","420","D","11","D",98,"D",,"A",,"A",,"A",,"A"
"20131",2548564,71,0,"1","420","D","11","D",106,"D",,"A",,"A",,"A",,"A"
"20131",2548614,42,0,"1","420","D","12","D",75,"D",,"A",,"A",,"A",,"A"
"20131",2548624,81,0,"1","410","D","12","D",99,"D",,"A",,"A",,"A",,"A"
"20131",2548624,82,0,"1","420","D","12","D",150,"D",,"A",,"A",,"A",,"A"
"20131",2548664,65,0,"1","420","D","11","D",6,"D",,"A",,"A",,"A",,"A"
"20131",2548674,66,0,"1","420","D","10","D",20,"D",,"A",,"A",,"A",,"A"
"20131",2548744,65,0,"1","420","D","12","D",76,"D",,"A",,"A",,"A",,"A"
"20131",2548794,61,0,"1","400","D","11","D",10,"D",,"A",,"A",,"A",,"A"
"20131",2548794,62,0,"1","420","D","10","D",45,"D",,"A",,"A",,"A",,"A"
"20131",2549244,46,0,"1","420","D","12","D",265,"D",,"A",,"A",,"A",,"A"
"20131",2549264,51,0,"1","420","D","12","D",16,"D",,"A",,"A",,"A",,"A"
"20131",2549264,52,0,"1","420","D","12","D",16,"D",,"A",,"A",,"A",,"A"
"20131",2549634,72,0,"1","420","D","10","D",76,"D",,"A",,"A",,"A",,"A"
"20131",2549654,40,0,"1","400","D","11","D",13,"D",,"A",,"A",,"A",,"A"
"20131",2549654,41,0,"1","420","D","10","D",42,"D",,"A",,"A",,"A",,"A"
"20131",2549834,48,0,"1","420","D","12","D",170,"D",,"A",,"A",,"A",,"A"
"20131",2549854,90,0,"1","410","D","11","D",21,"D",,"A",,"A",,"A",,"A"
"20131",2549894,100,0,"2","420","D","10","D",24,"D",,"A",,"A",,"A",,"A"
"20131",2549924,50,0,"1","420","D","11","D",214,"D",,"A",,"A",,"A",,"A"
"20131",2549984,43,0,"1","420","D","10","D",35,"D",,"A",,"A",,"A",,"A"
"20131",2549994,76,0,"1","420","D","11","D",20,"D",,"A",,"A",,"A",,"A"
"20131",2550014,53,0,"1","420","D","11","D",50,"D",,"A",,"A",,"A",,"A"
"20131",2550154,67,0,"1","420","D","10","D",45,"D",,"A",,"A",,"A",,"A"
"20131",2550224,73,0,"1","400","D","11","D",39,"D",,"A",,"A",,"A",,"A"
"20131",2550274,51,0,"2","420","D","10","D",135,"D",,"A",,"A",,"A",,"A"
"20131",2550304,43,0,"1","420","D","11","D",65,"D",,"A",,"A",,"A",,"A"
"20131",2550374,43,0,"1","400","D","12","D",57,"D",,"A",,"A",,"A",,"A"
"20131",2550374,44,0,"1","420","D","12","D",55,"D",,"A",,"A",,"A",,"A"
"20131",2550514,37,0,"1","410","D","12","D",62,"D",,"A",,"A",,"A",,"A"
"20131",2550544,89,0,"1","420","D","12","D",99,"D",,"A",,"A",,"A",,"A"
"20131",2550554,49,0,"1","410","D","11","D",18,"D",,"A",,"A",,"A",,"A"
"20131",2550614,73,0,"1","420","D","11","D",100,"D",,"A",,"A",,"A",,"A"
"20131",2550634,58,0,"1","410","D","11","D",28,"D",,"A",,"A",,"A",,"A"
"20131",2550634,59,0,"1","420","D","11","D",63,"D",,"A",,"A",,"A",,"A"
"20131",2550634,60,0,"1","410","D","12","D",28,"D",,"A",,"A",,"A",,"A"
"20131",2550644,66,0,"1","400","D","12","D",75,"D",,"A",,"A",,"A",,"A"
"20131",2550644,67,0,"1","400","D","10","D",75,"D",,"A",,"A",,"A",,"A"
"20131",2550694,32,0,"1","420","D","11","D",100,"D",,"A",,"A",,"A",,"A"
"20131",2550804,34,0,"1","420","D","10","D",55,"D",,"A",,"A",,"A",,"A"
"20131",2550804,35,0,"1","420","D","12","D",70,"D",,"A",,"A",,"A",,"A"
"20131",2550924,91,0,"1","420","D","11","D",35,"D",,"A",,"A",,"A",,"A"
"20131",2550934,27,0,"1","420","D","11","D",30,"D",,"A",,"A",,"A",,"A"
"20131",2551014,46,0,"1","410","D","10","D",30,"D",,"A",,"A",,"A",,"A"
"20131",2551014,47,0,"1","420","D","10","D",180,"D",,"A",,"A",,"A",,"A"
"20131",2551204,59,0,"1","410","D","10","D",50,"D",,"A",,"A",,"A",,"A"
"20131",2551254,32,0,"1","420","D","12","D",64,"D",,"A",,"A",,"A",,"A"
"20131",2551404,41,0,"1","420","D","12","D",120,"D",,"A",,"A",,"A",,"A"
"20131",2551424,64,0,"1","410","D","11","D",35,"D",,"A",,"A",,"A",,"A"
"20131",2551694,50,0,"1","420","D","12","D",49,"D",,"A",,"A",,"A",,"A"
"20131",2551874,89,0,"1","420","D","10","D",60,"D",,"A",,"A",,"A",,"A"
"20131",2551884,38,0,"1","410","D","12","D",29,"D",,"A",,"A",,"A",,"A"
"20131",2551894,45,0,"1","400","D","10","D",31,"D",,"A",,"A",,"A",,"A"
"20131",2551964,63,0,"2","420","D","10","D",184,"D",,"A",,"A",,"A",,"A"
"20131",2552054,49,0,"1","410","D","10","D",39,"D",,"A",,"A",,"A",,"A"
"20131",2552054,50,0,"1","420","D","10","D",68,"D",,"A",,"A",,"A",,"A"
"20131",2552064,58,0,"1","410","D","11","D",35,"D",,"A",,"A",,"A",,"A"
"20131",2552064,59,0,"1","410","D","12","D",20,"D",,"A",,"A",,"A",,"A"
"20131",2552064,60,0,"1","420","D","11","D",173,"D",,"A",,"A",,"A",,"A"
"20131",2552064,61,0,"1","420","D","12","D",204,"D",,"A",,"A",,"A",,"A"
"20131",2552094,75,0,"2","410","D","10","D",42,"D",,"A",,"A",,"A",,"A"
"20131",2552094,76,0,"2","420","D","10","D",137,"D",,"A",,"A",,"A",,"A"
"20131",2552144,71,0,"1","420","D","12","D",50,"D",,"A",,"A",,"A",,"A"
"20131",2552174,62,0,"1","420","D","10","D",32,"D",,"A",,"A",,"A",,"A"
"20131",2552294,57,0,"1","400","D","11","D",50,"D",,"A",,"A",,"A",,"A"
"20131",2552374,37,0,"2","410","D","10","D",40,"D",,"A",,"A",,"A",,"A"
"20131",2552384,61,0,"1","410","D","11","D",18,"D",,"A",,"A",,"A",,"A"
"20131",2552714,50,0,"1","410","D","12","D",40,"D",,"A",,"A",,"A",,"A"
"20131",2552834,41,0,"1","410","D","10","D",29,"D",,"A",,"A",,"A",,"A"
"20131",2552874,51,0,"1","420","D","12","D",140,"D",,"A",,"A",,"A",,"A"
"20131",2553184,63,0,"1","400","D","12","D",30,"D",,"A",,"A",,"A",,"A"
"20131",2553184,64,0,"1","420","D","11","D",99,"D",,"A",,"A",,"A",,"A"
"20131",2553204,57,0,"1","420","D","11","D",70,"D",,"A",,"A",,"A",,"A"
"20131",2553274,39,0,"2","420","D","10","D",120,"D",,"A",,"A",,"A",,"A"
"20131",2553344,69,0,"1","420","D","12","D",70,"D",,"A",,"A",,"A",,"A"
"20131",2553454,48,0,"1","420","D","11","D",220,"D",,"A",,"A",,"A",,"A"
"20131",2553544,61,0,"1","400","D","10","D",26,"D",,"A",,"A",,"A",,"A"
"20131",2553614,50,0,"1","420","D","10","D",110,"D",,"A",,"A",,"A",,"A"
"20131",2553644,46,0,"1","420","D","11","D",75,"D",,"A",,"A",,"A",,"A"
"20131",2553834,94,0,"1","420","D","11","D",75,"F",,"A",,"A",,"A",,"A"
"20131",2554104,41,0,"1","420","D","10","D",128,"D",,"A",,"A",,"A",,"A"
"20131",2554114,40,0,"1","420","D","12","D",120,"D",,"A",,"A",,"A",,"A"
"20131",2554324,105,0,"1","400","D","11","D",30,"D",,"A",,"A",,"A",,"A"
"20131",2554504,73,0,"1","420","D","11","D",75,"D",,"A",,"A",,"A",,"A"
"20131",2554684,48,0,"1","420","D","10","D",50,"D",,"A",,"A",,"A",,"A"
"20131",2554744,97,0,"1","420","D","12","D",75,"D",,"A",,"A",,"A",,"A"
"20131",2554774,84,0,"1","420","D","12","D",7,"D",,"A",,"A",,"A",,"A"
"20131",2554814,46,0,"1","400","D","12","D",60,"D",,"A",,"A",,"A",,"A"
"20131",2554944,64,0,"1","420","D","10","D",110,"D",,"A",,"A",,"A",,"A"
"20131",2555014,53,0,"1","420","D","12","D",65,"D",,"A",,"A",,"A",,"A"
"20131",2555324,47,0,"2","410","D","10","D",39,"D",,"A",,"A",,"A",,"A"
"20131",2555324,48,0,"2","420","D","10","D",70,"D",,"A",,"A",,"A",,"A"
"20131",2555384,40,0,"1","410","D","11","D",38,"D",,"A",,"A",,"A",,"A"
"20131",2555444,64,0,"1","400","D","11","D",28,"D",,"A",,"A",,"A",,"A"
"20131",2555444,65,0,"1","420","D","11","D",358,"D",,"A",,"A",,"A",,"A"
"20131",2555534,46,0,"1","420","D","12","D",75,"D",,"A",,"A",,"A",,"A"
"20131",2555544,40,0,"1","420","D","11","D",16,"F",,"A",,"A",,"A",,"A"
"20131",2555684,54,0,"1","420","D","11","D",84,"D",,"A",,"A",,"A",,"A"
"20131",2555734,45,0,"1","410","D","10","D",80,"D",,"A",,"A",,"A",,"A"
"20131",2555734,46,0,"1","420","D","12","D",39,"D",,"A",,"A",,"A",,"A"
"20131",2555734,47,0,"1","400","D","12","D",39,"D",,"A",,"A",,"A",,"A"
"20131",2555964,51,0,"1","420","D","11","D",420,"D",,"A",,"A",,"A",,"A"
"20131",2555984,55,0,"1","420","D","12","D",152,"D",,"A",,"A",,"A",,"A"
"20131",2555994,42,0,"1","420","D","12","D",112,"D",,"A",,"A",,"A",,"A"
"20131",2556004,68,0,"1","410","D","12","D",14,"D",,"A",,"A",,"A",,"A"
"20131",2556134,57,0,"2","420","D","10","D",45,"D",,"A",,"A",,"A",,"A"
"20131",2556204,38,0,"1","400","D","12","D",1000,"D",,"A",,"A",,"A",,"A"
"20131",2556224,55,0,"1","410","D","12","D",20,"D",,"A",,"A",,"A",,"A"
"20131",2556254,71,0,"2","420","D","10","D",99,"D",,"A",,"A",,"A",,"A"
"20131",2556284,58,0,"1","420","D","10","D",95,"D",,"A",,"A",,"A",,"A"
"20131",2556334,136,0,"1","400","D","12","D",32,"D",,"A",,"A",,"A",,"A"
"20131",2556374,78,0,"1","400","D","12","D",50,"D",,"A",,"A",,"A",,"A"
"20131",2556404,52,0,"1","420","D","12","D",215,"D",,"A",,"A",,"A",,"A"
"20131",2556514,39,0,"1","420","D","01","D",109,"D",,"A",,"A",,"A",,"A"
"20131",2556514,40,0,"1","400","D","12","D",20,"D",,"A",,"A",,"A",,"A"
"20131",2556514,41,0,"2","400","D","11","D",18,"D",,"A",,"A",,"A",,"A"
"20131",2556674,86,0,"1","420","D","01","D",36,"D",,"A",,"A",,"A",,"A"
"20131",2556674,87,0,"1","410","D","01","D",45,"D",,"A",,"A",,"A",,"A"
"20131",2556674,88,0,"2","420","D","11","D",36,"D",,"A",,"A",,"A",,"A"
"20131",2556774,51,0,"1","400","D","11","D",21,"D",,"A",,"A",,"A",,"A"
"20131",2556874,45,0,"1","420","D","01","D",105,"F",,"A",,"A",,"A",,"A"
"20131",2557024,26,0,"1","420","D","11","D",50,"D",,"A",,"A",,"A",,"A"
"20131",2557064,30,0,"1","420","D","11","D",48,"D",,"A",,"A",,"A",,"A"
"20131",2557094,46,0,"1","420","D","12","D",108,"D",,"A",,"A",,"A",,"A"
"20131",2557094,47,0,"1","410","D","12","D",39,"D",,"A",,"A",,"A",,"A"
"20131",2557134,67,0,"2","410","D","11","D",38,"D",,"A",,"A",,"A",,"A"
"20131",2557214,62,0,"1","420","D","12","D",50,"D",,"A",,"A",,"A",,"A"
"20131",2557504,31,0,"1","410","D","12","D",180,"D",,"A",,"A",,"A",,"A"
"20131",2557504,32,0,"1","420","D","12","D",150,"D",,"A",,"A",,"A",,"A"
"20131",2557574,39,0,"1","410","D","12","D",45,"D",,"A",,"A",,"A",,"A"
"20131",2557574,40,0,"1","420","D","12","D",100,"D",,"A",,"A",,"A",,"A"
"20131",2557574,41,0,"2","400","D","11","D",50,"D",,"A",,"A",,"A",,"A"
"20131",2557714,73,0,"1","420","D","12","D",95,"D",,"A",,"A",,"A",,"A"
"20131",2557714,74,0,"1","420","D","01","D",97,"D",,"A",,"A",,"A",,"A"
"20131",2557784,34,0,"1","420","D","11","D",200,"D",,"A",,"A",,"A",,"A"
"20131",2557854,48,0,"1","420","D","01","D",40,"D",,"A",,"A",,"A",,"A"
"20131",2557904,95,0,"1","420","D","11","D",50,"D",,"A",,"A",,"A",,"A"
"20131",2557904,96,0,"1","420","D","12","D",100,"D",,"A",,"A",,"A",,"A"
"20131",2558164,27,0,"1","410","D","01","D",5,"D",,"A",,"A",,"A",,"A"
"20131",2558244,49,0,"1","420","D","12","D",75,"D",,"A",,"A",,"A",,"A"
"20131",2558254,61,0,"1","400","D","12","D",25,"D",,"A",,"A",,"A",,"A"
"20131",2558254,62,0,"2","400","D","11","D",20,"D",,"A",,"A",,"A",,"A"
"20131",2558444,55,0,"1","410","D","01","D",55,"D",,"A",,"A",,"A",,"A"
"20131",2558454,31,0,"1","410","D","01","D",40,"D",,"A",,"A",,"A",,"A"
"20131",2558454,32,0,"1","420","D","01","D",163,"D",,"A",,"A",,"A",,"A"
"20131",2558464,61,0,"2","400","D","11","D",29,"D",,"A",,"A",,"A",,"A"
"20131",2558554,63,0,"1","420","D","01","D",120,"D",,"A",,"A",,"A",,"A"
"20131",2558554,64,0,"1","410","D","01","D",30,"D",,"A",,"A",,"A",,"A"
"20131",2558654,82,0,"1","420","D","01","D",38,"D",,"A",,"A",,"A",,"A"
"20131",2558794,116,0,"1","400","D","01","D",3,"D",,"A",,"A",,"A",,"A"
"20131",2558794,117,0,"1","410","D","12","D",15,"D",,"A",,"A",,"A",,"A"
"20131",2558794,118,0,"1","410","D","01","D",1021,"D",,"A",,"A",,"A",,"A"
"20131",2558794,119,0,"1","420","D","12","D",10,"D",,"A",,"A",,"A",,"A"
"20131",2558794,120,0,"1","420","D","11","D",256,"D",,"A",,"A",,"A",,"A"
"20131",2558874,57,0,"1","430","D","01","D",.,"H","410","D","415","D",,"A",,"A"
"20131",2558874,57,1,"1","410","D","01","D",131,"E",,"A",,"A",,"A",,"A"
"20131",2558874,57,2,"1","420","D","01","D",369,"E",,"A",,"A",,"A",,"A"
"20131",2558914,45,0,"1","400","D","01","D",30,"D",,"A",,"A",,"A",,"A"
"20131",2559074,48,0,"1","420","D","01","D",85,"D",,"A",,"A",,"A",,"A"
"20131",2559074,49,0,"2","420","D","11","D",174,"D",,"A",,"A",,"A",,"A"
"20131",2559224,43,0,"1","420","D","11","D",35,"D",,"A",,"A",,"A",,"A"
"20131",2559224,44,0,"1","410","D","11","D",5,"D",,"A",,"A",,"A",,"A"
"20131",2559284,28,0,"1","410","D","11","D",17,"D",,"A",,"A",,"A",,"A"
"20131",2559284,29,0,"1","420","D","12","D",65,"D",,"A",,"A",,"A",,"A"
"20131",2559424,106,0,"1","410","D","01","D",10,"D",,"A",,"A",,"A",,"A"
"20131",2559474,57,0,"1","400","D","12","D",19,"D",,"A",,"A",,"A",,"A"
"20131",2559594,50,0,"1","400","D","11","D",40,"D",,"A",,"A",,"A",,"A"
"20131",2559644,41,0,"2","420","D","11","D",58,"D",,"A",,"A",,"A",,"A"
"20131",2559794,57,0,"1","410","D","01","D",37,"D",,"A",,"A",,"A",,"A"
"20131",2559794,58,0,"2","420","D","11","D",129,"D",,"A",,"A",,"A",,"A"
"20131",2559854,49,0,"1","400","D","12","D",10,"D",,"A",,"A",,"A",,"A"
"20131",2559854,50,0,"1","410","D","12","D",15,"D",,"A",,"A",,"A",,"A"
"20131",2559854,51,0,"1","420","D","12","D",69,"D",,"A",,"A",,"A",,"A"
"20131",2559934,36,0,"1","400","D","01","D",64,"D",,"A",,"A",,"A",,"A"
"20131",2560184,67,0,"1","400","D","01","D",50,"D",,"A",,"A",,"A",,"A"
"20131",2560244,83,0,"2","400","D","11","D",14,"D",,"A",,"A",,"A",,"A"
"20131",2560264,69,0,"1","420","D","12","D",304,"D",,"A",,"A",,"A",,"A"
"20131",2560424,42,0,"1","420","D","12","D",188,"D",,"A",,"A",,"A",,"A"
"20131",2560444,50,0,"1","400","D","01","D",20,"D",,"A",,"A",,"A",,"A"
"20131",2560484,39,0,"1","430","D","11","D",.,"H","415","D","400","D",,"A",,"A"
"20131",2560484,39,1,"1","420","D","11","D",81,"E",,"A",,"A",,"A",,"A"
"20131",2560484,39,2,"1","400","D","11","D",49,"E",,"A",,"A",,"A",,"A"
"20131",2560494,53,0,"1","420","D","01","D",27,"D",,"A",,"A",,"A",,"A"
"20131",2560524,56,0,"1","420","D","12","D",128,"D",,"A",,"A",,"A",,"A"
"20131",2560524,57,0,"1","420","D","01","D",63,"D",,"A",,"A",,"A",,"A"
"20131",2560524,58,0,"1","410","D","12","D",21,"D",,"A",,"A",,"A",,"A"
"20131",2560534,58,0,"1","420","D","12","D",40,"D",,"A",,"A",,"A",,"A"
"20131",2560714,27,0,"1","400","D","12","D",55,"D",,"A",,"A",,"A",,"A"
"20131",2560774,38,0,"1","420","D","12","D",15,"D",,"A",,"A",,"A",,"A"
"20131",2560864,51,0,"1","430","D","12","D",.,"H","410","D","415","D",,"A",,"A"
"20131",2560864,51,1,"1","410","D","12","D",22,"E",,"A",,"A",,"A",,"A"
"20131",2560864,51,2,"1","420","D","12","D",78,"E",,"A",,"A",,"A",,"A"
"20131",2560894,38,0,"1","420","D","12","D",100,"D",,"A",,"A",,"A",,"A"
"20131",2560904,61,0,"1","420","D","11","D",75,"D",,"A",,"A",,"A",,"A"
"20131",2560924,72,0,"1","420","D","01","D",200,"D",,"A",,"A",,"A",,"A"
"20131",2560924,73,0,"2","420","D","11","D",34,"D",,"A",,"A",,"A",,"A"
"20131",2560934,56,0,"1","410","D","11","D",55,"D",,"A",,"A",,"A",,"A"
"20131",2560934,57,0,"1","420","D","11","D",36,"D",,"A",,"A",,"A",,"A"
"20131",2561104,53,0,"1","410","D","12","D",45,"D",,"A",,"A",,"A",,"A"
"20131",2561104,54,0,"1","420","D","12","D",75,"D",,"A",,"A",,"A",,"A"
"20131",2561134,71,0,"1","420","D","01","D",75,"D",,"A",,"A",,"A",,"A"
"20131",2561184,59,0,"1","420","D","12","D",400,"D",,"A",,"A",,"A",,"A"
"20131",2561264,34,0,"1","420","D","01","D",75,"D",,"A",,"A",,"A",,"A"
"20131",2561274,43,0,"1","420","D","12","D",175,"D",,"A",,"A",,"A",,"A"
"20131",2561464,54,0,"1","420","D","11","D",64,"D",,"A",,"A",,"A",,"A"
"20131",2561464,55,0,"1","420","D","01","D",161,"D",,"A",,"A",,"A",,"A"
"20131",2561654,48,0,"1","420","D","01","D",76,"D",,"A",,"A",,"A",,"A"
"20131",2561704,46,0,"1","400","D","11","D",30,"D",,"A",,"A",,"A",,"A"
"20131",2561704,47,0,"1","410","D","12","D",120,"D",,"A",,"A",,"A",,"A"
"20131",2561704,48,0,"1","420","D","01","D",120,"D",,"A",,"A",,"A",,"A"
"20131",2561804,49,0,"1","420","D","01","D",150,"D",,"A",,"A",,"A",,"A"
"20131",2561854,48,0,"2","430","D","11","D",.,"H","415","D","410","D",,"A",,"A"
"20131",2561854,48,1,"2","420","D","11","D",195,"E",,"A",,"A",,"A",,"A"
"20131",2561854,48,2,"2","410","D","11","D",55,"E",,"A",,"A",,"A",,"A"
"20131",2562044,53,0,"1","400","D","12","D",40,"D",,"A",,"A",,"A",,"A"
"20131",2562234,87,0,"1","420","D","12","D",50,"D",,"A",,"A",,"A",,"A"
"20131",2562234,88,0,"1","420","D","12","D",50,"D",,"A",,"A",,"A",,"A"
"20131",2562234,89,0,"1","420","D","01","D",50,"D",,"A",,"A",,"A",,"A"
"20131",2562234,90,0,"1","410","D","01","D",60,"D",,"A",,"A",,"A",,"A"
"20131",2562265,56,0,"1","410","D","01","D",20,"D",,"A",,"A",,"A",,"A"
"20131",2562265,57,0,"1","420","D","12","D",380,"D",,"A",,"A",,"A",,"A"
"20131",2562265,58,0,"1","420","D","11","D",270,"D",,"A",,"A",,"A",,"A"
"20131",2562284,55,0,"1","420","D","01","D",65,"D",,"A",,"A",,"A",,"A"
"20131",2562444,50,0,"1","420","D","12","D",105,"D",,"A",,"A",,"A",,"A"
"20131",2562444,51,0,"1","420","D","01","D",63,"D",,"A",,"A",,"A",,"A"
"20131",2562464,86,0,"1","400","D","12","D",50,"D",,"A",,"A",,"A",,"A"
"20131",2562464,87,0,"1","420","D","12","D",38,"D",,"A",,"A",,"A",,"A"
"20131",2562474,76,0,"1","420","D","01","D",80,"D",,"A",,"A",,"A",,"A"
"20131",2562474,77,0,"2","410","D","11","D",40,"D",,"A",,"A",,"A",,"A"
"20131",2562474,78,0,"2","420","D","11","D",79,"D",,"A",,"A",,"A",,"A"
"20131",2562544,46,0,"1","420","D","12","D",60,"D",,"A",,"A",,"A",,"A"
"20131",2562594,34,0,"1","420","D","12","D",100,"D",,"A",,"A",,"A",,"A"
"20131",2562724,49,0,"2","420","D","11","D",130,"D",,"A",,"A",,"A",,"A"
"20131",2562744,67,0,"1","420","D","11","D",18,"D",,"A",,"A",,"A",,"A"
"20131",2562834,74,0,"1","420","D","12","D",278,"D",,"A",,"A",,"A",,"A"
"20131",2562984,69,0,"2","400","D","11","D",45,"D",,"A",,"A",,"A",,"A"
"20131",2563174,24,0,"1","420","D","01","D",50,"D",,"A",,"A",,"A",,"A"
"20131",2563184,42,0,"1","420","D","01","D",42,"D",,"A",,"A",,"A",,"A"
"20131",2563184,43,0,"1","400","D","01","D",25,"D",,"A",,"A",,"A",,"A"
"20131",2563224,101,0,"1","420","D","01","D",274,"D",,"A",,"A",,"A",,"A"
"20131",2563224,102,0,"1","420","D","12","D",100,"D",,"A",,"A",,"A",,"A"
"20131",2563334,60,0,"2","400","D","11","D",45,"D",,"A",,"A",,"A",,"A"
"20131",2563444,46,0,"2","420","D","11","D",36,"D",,"A",,"A",,"A",,"A"
"20131",2563564,46,0,"1","410","D","01","D",45,"D",,"A",,"A",,"A",,"A"
"20131",2563974,35,0,"1","420","D","11","D",58,"D",,"A",,"A",,"A",,"A"
"20131",2564004,131,0,"1","420","D","01","D",36,"D",,"A",,"A",,"A",,"A"
"20131",2564034,51,0,"1","420","D","12","D",105,"D",,"A",,"A",,"A",,"A"
"20131",2564114,108,0,"1","420","D","12","D",85,"D",,"A",,"A",,"A",,"A"
"20131",2564294,59,0,"1","400","D","12","D",25,"D",,"A",,"A",,"A",,"A"
"20131",2564294,60,0,"2","410","D","11","D",5,"D",,"A",,"A",,"A",,"A"
"20131",2564384,85,0,"1","420","D","11","D",240,"D",,"A",,"A",,"A",,"A"
"20131",2564384,86,0,"2","420","D","11","D",220,"D",,"A",,"A",,"A",,"A"
"20131",2564554,53,0,"1","420","D","01","D",213,"D",,"A",,"A",,"A",,"A"
"20131",2564584,54,0,"1","420","D","01","D",59,"D",,"A",,"A",,"A",,"A"
"20131",2564614,99,0,"1","420","D","11","D",146,"D",,"A",,"A",,"A",,"A"
"20131",2564614,100,0,"1","420","D","12","D",36,"D",,"A",,"A",,"A",,"A"
"20131",2564614,101,0,"1","420","D","01","D",36,"D",,"A",,"A",,"A",,"A"
"20131",2564624,41,0,"1","420","D","12","D",78,"D",,"A",,"A",,"A",,"A"
"20131",2564804,72,0,"1","420","D","12","D",146,"D",,"A",,"A",,"A",,"A"
"20131",2564844,53,0,"1","420","D","01","D",160,"D",,"A",,"A",,"A",,"A"
"20131",2564844,54,0,"1","420","D","11","D",140,"D",,"A",,"A",,"A",,"A"
"20131",2565174,66,0,"1","410","D","12","D",40,"D",,"A",,"A",,"A",,"A"
"20131",2565174,67,0,"2","420","D","11","D",65,"D",,"A",,"A",,"A",,"A"
"20131",2565384,42,0,"1","420","D","11","D",120,"D",,"A",,"A",,"A",,"A"
"20131",2565394,42,0,"1","420","D","01","D",36,"D",,"A",,"A",,"A",,"A"
"20131",2565424,51,0,"1","420","D","01","D",115,"D",,"A",,"A",,"A",,"A"
"20131",2565434,45,0,"1","420","D","01","D",90,"D",,"A",,"A",,"A",,"A"
"20131",2565434,46,0,"1","410","D","01","D",10,"D",,"A",,"A",,"A",,"A"
"20131",2565584,66,0,"1","420","D","11","D",47,"D",,"A",,"A",,"A",,"A"
"20131",2565764,33,0,"1","420","D","11","D",300,"D",,"A",,"A",,"A",,"A"
"20131",2565804,26,0,"1","400","D","01","D",25,"D",,"A",,"A",,"A",,"A"
"20131",2565924,61,0,"1","420","D","01","D",60,"D",,"A",,"A",,"A",,"A"
"20131",2565934,62,0,"1","400","D","12","D",45,"F",,"A",,"A",,"A",,"A"
"20131",2566294,49,0,"1","400","D","12","D",62,"D",,"A",,"A",,"A",,"A"
"20131",2566294,50,0,"2","400","D","11","D",31,"D",,"A",,"A",,"A",,"A"
"20131",2566294,51,0,"2","400","D","11","D",31,"D",,"A",,"A",,"A",,"A"
"20131",2566404,96,0,"1","420","D","01","D",140,"D",,"A",,"A",,"A",,"A"
"20131",2566484,74,0,"1","410","D","01","D",20,"D",,"A",,"A",,"A",,"A"
"20131",2566484,75,0,"1","420","D","01","D",78,"D",,"A",,"A",,"A",,"A"
"20131",2566634,48,0,"1","410","D","01","D",10,"D",,"A",,"A",,"A",,"A"
"20131",2566754,58,0,"1","410","D","11","D",20,"D",,"A",,"A",,"A",,"A"
"20131",2566754,59,0,"1","420","D","11","D",236,"D",,"A",,"A",,"A",,"A"
"20131",2566784,33,0,"1","420","D","12","D",27,"D",,"A",,"A",,"A",,"A"
"20131",2566854,31,0,"1","410","D","01","D",60,"D",,"A",,"A",,"A",,"A"
"20131",2566874,36,0,"1","410","D","01","D",100,"D",,"A",,"A",,"A",,"A"
"20131",2567014,42,0,"1","400","D","01","D",50,"D",,"A",,"A",,"A",,"A"
"20131",2567064,37,0,"1","420","D","12","D",140,"D",,"A",,"A",,"A",,"A"
"20131",2567084,87,0,"1","420","D","12","D",110,"D",,"A",,"A",,"A",,"A"
"20131",2567094,137,0,"1","410","D","01","D",75,"D",,"A",,"A",,"A",,"A"
"20131",2567094,138,0,"1","410","D","01","D",14,"D",,"A",,"A",,"A",,"A"
"20131",2567114,75,0,"1","420","D","12","D",130,"D",,"A",,"A",,"A",,"A"
"20131",2567174,38,0,"2","420","D","11","D",99,"D",,"A",,"A",,"A",,"A"
"20131",2567214,47,0,"1","420","D","01","D",101,"D",,"A",,"A",,"A",,"A"
"20131",2567324,36,0,"2","420","D","11","D",130,"D",,"A",,"A",,"A",,"A"
"20131",2567404,66,0,"1","410","D","12","D",20,"D",,"A",,"A",,"A",,"A"
"20131",2567894,40,0,"1","400","D","01","D",36,"D",,"A",,"A",,"A",,"A"
"20131",2567934,49,0,"1","420","D","02","D",128,"F",,"A",,"A",,"A",,"A"
"20131",2568014,57,0,"1","410","D","02","D",60,"D",,"A",,"A",,"A",,"A"
"20131",2568154,56,0,"1","420","D","01","D",56,"D",,"A",,"A",,"A",,"A"
"20131",2568164,67,0,"1","420","D","02","D",98,"D",,"A",,"A",,"A",,"A"
"20131",2568224,33,0,"1","420","D","01","D",169,"F",,"A",,"A",,"A",,"A"
"20131",2568324,45,0,"1","400","D","01","D",35,"D",,"A",,"A",,"A",,"A"
"20131",2568694,76,0,"1","400","D","02","D",65,"D",,"A",,"A",,"A",,"A"
"20131",2568694,77,0,"1","420","D","01","D",180,"D",,"A",,"A",,"A",,"A"
"20131",2568714,63,0,"1","400","D","02","D",45,"D",,"A",,"A",,"A",,"A"
"20131",2568714,64,0,"1","420","D","02","D",93,"D",,"A",,"A",,"A",,"A"
"20131",2568714,65,0,"1","410","D","02","D",15,"D",,"A",,"A",,"A",,"A"
"20131",2568964,69,0,"2","410","D","12","D",5,"D",,"A",,"A",,"A",,"A"
"20131",2568964,70,0,"2","420","D","12","D",39,"D",,"A",,"A",,"A",,"A"
"20131",2569164,78,0,"1","420","D","01","D",102,"D",,"A",,"A",,"A",,"A"
"20131",2569164,79,0,"1","410","D","01","D",16,"D",,"A",,"A",,"A",,"A"
"20131",2569264,63,0,"1","400","D","02","D",261,"D",,"A",,"A",,"A",,"A"
"20131",2569294,50,0,"1","420","D","02","D",63,"D",,"A",,"A",,"A",,"A"
"20131",2569294,51,0,"1","410","D","02","D",29,"D",,"A",,"A",,"A",,"A"
"20131",2569324,70,0,"1","420","D","01","D",320,"D",,"A",,"A",,"A",,"A"
"20131",2569654,63,0,"1","420","D","02","D",76,"D",,"A",,"A",,"A",,"A"
"20131",2569654,64,0,"1","420","D","02","D",85,"D",,"A",,"A",,"A",,"A"
"20131",2569654,65,0,"2","420","D","12","D",99,"D",,"A",,"A",,"A",,"A"
"20131",2569824,32,0,"1","420","D","12","D",57,"D",,"A",,"A",,"A",,"A"
"20131",2569854,62,0,"1","420","D","12","D",144,"D",,"A",,"A",,"A",,"A"
"20131",2569894,72,0,"1","420","D","01","D",111,"D",,"A",,"A",,"A",,"A"
"20131",2570154,87,0,"1","410","D","01","D",120,"D",,"A",,"A",,"A",,"A"
"20131",2570154,88,0,"1","420","D","01","D",120,"D",,"A",,"A",,"A",,"A"
"20131",2570274,43,0,"1","400","D","02","D",40,"D",,"A",,"A",,"A",,"A"
"20131",2570284,74,0,"1","410","D","12","D",29,"D",,"A",,"A",,"A",,"A"
"20131",2570484,33,0,"1","410","D","01","D",100,"D",,"A",,"A",,"A",,"A"
"20131",2570594,77,0,"1","410","D","01","D",80,"D",,"A",,"A",,"A",,"A"
"20131",2570594,78,0,"1","420","D","01","D",25,"D",,"A",,"A",,"A",,"A"
"20131",2570634,41,0,"1","410","D","12","D",15,"D",,"A",,"A",,"A",,"A"
"20131",2570764,42,0,"1","400","D","02","D",11,"D",,"A",,"A",,"A",,"A"
"20131",2570824,58,0,"1","420","D","02","D",289,"D",,"A",,"A",,"A",,"A"
"20131",2570864,36,0,"1","410","D","01","D",37,"D",,"A",,"A",,"A",,"A"
"20131",2571004,35,0,"1","410","D","12","D",65,"D",,"A",,"A",,"A",,"A"
"20131",2571144,62,0,"1","400","D","01","D",15,"D",,"A",,"A",,"A",,"A"
"20131",2571164,36,0,"1","410","D","02","D",15,"D",,"A",,"A",,"A",,"A"
"20131",2571214,38,0,"1","430","D","02","D",.,"H","410","D","415","D","400","D",,"A"
"20131",2571214,38,1,"1","410","D","02","D",139,"E",,"A",,"A",,"A",,"A"
"20131",2571214,38,2,"1","420","D","02","D",669,"E",,"A",,"A",,"A",,"A"
"20131",2571214,38,3,"1","400","D","02","D",57,"E",,"A",,"A",,"A",,"A"
"20131",2571234,39,0,"2","420","D","12","D",100,"D",,"A",,"A",,"A",,"A"
"20131",2571254,51,0,"2","410","D","12","D",28,"D",,"A",,"A",,"A",,"A"
"20131",2571254,52,0,"2","420","D","12","D",63,"D",,"A",,"A",,"A",,"A"
"20131",2571274,61,0,"1","430","D","02","D",.,"H","425","D","410","D","415","D",,"A"
"20131",2571274,61,1,"1","420","D","02","D",720,"E",,"A",,"A",,"A",,"A"
"20131",2571274,61,2,"1","410","D","02","D",240,"E",,"A",,"A",,"A",,"A"
"20131",2571274,61,3,"1","420","D","02","D",540,"E",,"A",,"A",,"A",,"A"
"20131",2571414,81,0,"1","420","D","12","D",330,"D",,"A",,"A",,"A",,"A"
"20131",2571654,56,0,"1","420","D","01","D",150,"D",,"A",,"A",,"A",,"A"
"20131",2571714,54,0,"1","420","D","02","D",300,"D",,"A",,"A",,"A",,"A"
"20131",2571734,63,0,"1","420","D","02","D",99,"D",,"A",,"A",,"A",,"A"
"20131",2571744,87,0,"1","400","D","02","D",30,"D",,"A",,"A",,"A",,"A"
"20131",2571744,88,0,"1","410","D","01","D",15,"D",,"A",,"A",,"A",,"A"
"20131",2571744,89,0,"1","420","D","12","D",299,"D",,"A",,"A",,"A",,"A"
"20131",2571744,90,0,"1","420","D","12","D",255,"D",,"A",,"A",,"A",,"A"
"20131",2571754,81,0,"1","420","D","02","D",263,"D",,"A",,"A",,"A",,"A"
"20131",2571754,82,0,"1","420","D","01","D",155,"D",,"A",,"A",,"A",,"A"
"20131",2571854,52,0,"1","420","D","01","D",61,"D",,"A",,"A",,"A",,"A"
"20131",2572024,27,0,"1","420","D","02","D",84,"D",,"A",,"A",,"A",,"A"
"20131",2572204,66,0,"1","410","D","12","D",40,"D",,"A",,"A",,"A",,"A"
"20131",2572324,49,0,"1","420","D","02","D",60,"D",,"A",,"A",,"A",,"A"
"20131",2572334,93,0,"1","420","D","12","D",99,"D",,"A",,"A",,"A",,"A"
"20131",2572344,45,0,"1","420","D","02","D",240,"D",,"A",,"A",,"A",,"A"
"20131",2572514,54,0,"1","420","D","01","D",295,"D",,"A",,"A",,"A",,"A"
"20131",2572794,73,0,"1","420","D","01","D",58,"D",,"A",,"A",,"A",,"A"
"20131",2572794,74,0,"1","420","D","02","D",220,"D",,"A",,"A",,"A",,"A"
"20131",2572884,52,0,"1","420","D","02","D",46,"D",,"A",,"A",,"A",,"A"
"20131",2573194,39,0,"1","410","D","02","D",40,"D",,"A",,"A",,"A",,"A"
"20131",2573194,40,0,"1","420","D","02","D",62,"D",,"A",,"A",,"A",,"A"
"20131",2573384,45,0,"1","420","D","01","D",120,"D",,"A",,"A",,"A",,"A"
"20131",2573574,58,0,"1","400","D","01","D",45,"D",,"A",,"A",,"A",,"A"
"20131",2573574,59,0,"1","420","D","02","D",75,"D",,"A",,"A",,"A",,"A"
"20131",2573784,38,0,"1","430","D","01","D",.,"H","415","D","400","D",,"A",,"A"
"20131",2573784,38,1,"1","420","D","01","D",44,"E",,"A",,"A",,"A",,"A"
"20131",2573784,38,2,"1","400","D","01","D",22,"E",,"A",,"A",,"A",,"A"
"20131",2573804,43,0,"2","420","D","12","D",60,"D",,"A",,"A",,"A",,"A"
"20131",2573954,42,0,"1","410","D","12","D",15,"D",,"A",,"A",,"A",,"A"
"20131",2573974,33,0,"1","420","D","01","D",85,"D",,"A",,"A",,"A",,"A"
"20131",2574004,67,0,"1","420","D","12","D",205,"D",,"A",,"A",,"A",,"A"
"20131",2574004,68,0,"2","420","D","12","D",30,"D",,"A",,"A",,"A",,"A"
"20131",2574014,65,0,"1","410","D","12","D",21,"D",,"A",,"A",,"A",,"A"
"20131",2574014,66,0,"1","420","D","01","D",89,"D",,"A",,"A",,"A",,"A"
"20131",2574054,26,0,"1","420","D","02","D",110,"D",,"A",,"A",,"A",,"A"
"20131",2574104,71,0,"1","420","D","02","D",169,"D",,"A",,"A",,"A",,"A"
"20131",2574224,76,0,"1","420","D","01","D",86,"D",,"A",,"A",,"A",,"A"
"20131",2574324,44,0,"2","420","D","12","D",22,"D",,"A",,"A",,"A",,"A"
"20131",2574354,31,0,"2","410","D","12","D",32,"D",,"A",,"A",,"A",,"A"
"20131",2574634,46,0,"1","410","D","01","D",54,"D",,"A",,"A",,"A",,"A"
"20131",2574644,43,0,"1","420","D","02","D",100,"D",,"A",,"A",,"A",,"A"
"20131",2574674,60,0,"2","410","D","12","D",15,"D",,"A",,"A",,"A",,"A"
"20131",2574674,61,0,"2","420","D","12","D",206,"D",,"A",,"A",,"A",,"A"
"20131",2574714,53,0,"2","410","D","12","D",28,"D",,"A",,"A",,"A",,"A"
"20131",2574714,54,0,"2","420","D","12","D",65,"D",,"A",,"A",,"A",,"A"
"20131",2574744,35,0,"1","420","D","01","D",246,"D",,"A",,"A",,"A",,"A"
"20131",2574784,62,0,"1","400","D","02","D",20,"F",,"A",,"A",,"A",,"A"
"20131",2574784,63,0,"1","410","D","02","D",44,"D",,"A",,"A",,"A",,"A"
"20131",2574964,47,0,"1","420","D","12","D",105,"D",,"A",,"A",,"A",,"A"
"20131",2574984,66,0,"1","400","D","02","D",80,"D",,"A",,"A",,"A",,"A"
"20131",2574984,67,0,"1","420","D","02","D",390,"D",,"A",,"A",,"A",,"A"
"20131",2574994,49,0,"1","420","D","02","D",106,"D",,"A",,"A",,"A",,"A"
"20131",2575014,42,0,"1","430","D","01","D",.,"H","415","D","410","D",,"A",,"A"
"20131",2575014,42,1,"1","420","D","01","D",77,"E",,"A",,"A",,"A",,"A"
"20131",2575014,42,2,"1","410","D","01","D",62,"E",,"A",,"A",,"A",,"A"
"20131",2575234,91,0,"1","400","D","12","D",15,"D",,"A",,"A",,"A",,"A"
"20131",2575374,63,0,"1","400","D","01","D",27,"D",,"A",,"A",,"A",,"A"
"20131",2575464,55,0,"1","410","D","02","D",60,"D",,"A",,"A",,"A",,"A"
"20131",2575584,86,0,"1","410","D","02","D",120,"D",,"A",,"A",,"A",,"A"
"20131",2575584,87,0,"1","420","D","02","D",160,"D",,"A",,"A",,"A",,"A"
"20131",2575584,88,0,"1","420","D","02","D",330,"D",,"A",,"A",,"A",,"A"
"20131",2575654,77,0,"1","400","D","02","D",32,"D",,"A",,"A",,"A",,"A"
"20131",2575804,77,0,"1","420","D","12","D",50,"F",,"A",,"A",,"A",,"A"
"20131",2576024,35,0,"1","420","D","12","D",121,"D",,"A",,"A",,"A",,"A"
"20131",2576164,97,0,"1","410","D","12","D",29,"D",,"A",,"A",,"A",,"A"
"20131",2576164,98,0,"1","420","D","12","D",50,"D",,"A",,"A",,"A",,"A"
"20131",2576174,49,0,"1","420","D","02","D",31,"D",,"A",,"A",,"A",,"A"
"20131",2576244,41,0,"1","420","D","02","D",60,"D",,"A",,"A",,"A",,"A"
"20131",2576334,66,0,"1","420","D","01","D",75,"D",,"A",,"A",,"A",,"A"
"20131",2576334,67,0,"1","400","D","01","D",75,"D",,"A",,"A",,"A",,"A"
"20131",2576404,43,0,"1","420","D","01","D",112,"D",,"A",,"A",,"A",,"A"
"20131",2576414,67,0,"1","400","D","02","D",260,"D",,"A",,"A",,"A",,"A"
"20131",2576484,101,0,"2","410","D","12","D",100,"D",,"A",,"A",,"A",,"A"
"20131",2576494,66,0,"1","420","D","02","D",146,"D",,"A",,"A",,"A",,"A"
"20131",2576584,45,0,"1","410","D","01","D",18,"D",,"A",,"A",,"A",,"A"
"20131",2576704,58,0,"1","420","D","02","D",264,"D",,"A",,"A",,"A",,"A"
"20131",2577044,20,0,"1","400","D","02","D",35,"D",,"A",,"A",,"A",,"A"
"20131",2577094,55,0,"1","420","D","01","D",98,"D",,"A",,"A",,"A",,"A"
"20131",2577104,69,0,"1","400","D","12","D",24,"F",,"A",,"A",,"A",,"A"
"20131",2577134,63,0,"2","400","D","12","D",50,"D",,"A",,"A",,"A",,"A"
"20131",2577274,77,0,"1","420","D","02","D",72,"D",,"A",,"A",,"A",,"A"
"20131",2577284,63,0,"2","420","D","12","D",360,"D",,"A",,"A",,"A",,"A"
"20131",2577394,53,0,"1","420","D","12","D",75,"D",,"A",,"A",,"A",,"A"
"20131",2577624,57,0,"1","420","D","02","D",39,"D",,"A",,"A",,"A",,"A"
"20131",2577644,74,0,"1","410","D","02","D",13,"D",,"A",,"A",,"A",,"A"
"20131",2577694,32,0,"1","420","D","01","D",64,"D",,"A",,"A",,"A",,"A"
"20131",2577764,79,0,"1","420","D","02","D",99,"D",,"A",,"A",,"A",,"A"
"20131",2577764,80,0,"1","420","D","02","D",18,"D",,"A",,"A",,"A",,"A"
"20131",2577824,38,0,"1","430","D","01","D",.,"H","425","D","415","D",,"A",,"A"
"20131",2577824,38,1,"1","420","D","01","D",60,"E",,"A",,"A",,"A",,"A"
"20131",2577914,39,0,"1","420","D","02","D",64,"D",,"A",,"A",,"A",,"A"
"20131",2577984,39,0,"1","400","D","01","D",36,"D",,"A",,"A",,"A",,"A"
"20131",2578204,58,0,"1","420","D","02","D",411,"D",,"A",,"A",,"A",,"A"
"20131",2578254,36,0,"1","420","D","12","D",60,"D",,"A",,"A",,"A",,"A"
"20131",2578254,37,0,"2","420","D","12","D",62,"D",,"A",,"A",,"A",,"A"
"20131",2578274,69,0,"1","410","D","02","D",50,"D",,"A",,"A",,"A",,"A"
"20131",2578434,66,0,"1","420","D","01","D",145,"D",,"A",,"A",,"A",,"A"
"20131",2578554,59,0,"1","410","D","02","D",37,"D",,"A",,"A",,"A",,"A"
"20131",2578564,70,0,"1","400","D","12","D",36,"D",,"A",,"A",,"A",,"A"
"20131",2578644,53,0,"1","420","D","02","D",72,"D",,"A",,"A",,"A",,"A"
"20131",2578784,64,0,"1","400","D","12","D",20,"D",,"A",,"A",,"A",,"A"
"20131",2578784,65,0,"1","400","D","02","D",20,"D",,"A",,"A",,"A",,"A"
"20131",2578804,89,0,"1","420","D","01","D",150,"D",,"A",,"A",,"A",,"A"
"20131",2578843,31,0,"1","420","D","11","D",40,"D",,"A",,"A",,"A",,"A"
"20131",2578853,95,0,"1","400","D","11","D",20,"D",,"A",,"A",,"A",,"A"
"20131",2578893,45,0,"1","410","D","10","D",13,"D",,"A",,"A",,"A",,"A"
"20131",2578963,94,0,"1","400","D","11","D",36,"D",,"A",,"A",,"A",,"A"
"20131",2579003,64,0,"1","410","D","11","D",15,"D",,"A",,"A",,"A",,"A"
"20131",2579003,65,0,"1","420","D","11","D",66,"D",,"A",,"A",,"A",,"A"
"20131",2579223,36,0,"1","420","D","11","D",94,"D",,"A",,"A",,"A",,"A"
"20131",2579373,39,0,"2","410","D","10","D",16,"D",,"A",,"A",,"A",,"A"
"20131",2579373,40,0,"2","420","D","10","D",40,"D",,"A",,"A",,"A",,"A"
"20131",2579403,43,0,"1","400","D","11","D",30,"D",,"A",,"A",,"A",,"A"
"20131",2579633,35,0,"1","420","D","11","D",84,"D",,"A",,"A",,"A",,"A"
"20131",2579893,50,0,"1","410","D","11","D",60,"D",,"A",,"A",,"A",,"A"
"20131",2579893,51,0,"1","420","D","11","D",36,"D",,"A",,"A",,"A",,"A"
"20131",2579993,31,0,"1","400","D","11","D",70,"D",,"A",,"A",,"A",,"A"
"20131",2580003,50,0,"2","420","D","10","D",56,"D",,"A",,"A",,"A",,"A"
"20131",2580173,34,0,"1","430","D","10","D",.,"H","415","D","410","D",,"A",,"A"
"20131",2580173,34,1,"1","420","D","10","D",36,"E",,"A",,"A",,"A",,"A"
"20131",2580173,34,2,"1","410","D","10","D",19,"E",,"A",,"A",,"A",,"A"
"20131",2580173,35,0,"1","420","D","11","D",15,"D",,"A",,"A",,"A",,"A"
"20131",2580343,37,0,"1","430","D","10","D",.,"H","410","D","415","D",,"A",,"A"
"20131",2580343,37,1,"1","410","D","10","D",105,"E",,"A",,"A",,"A",,"A"
"20131",2580343,37,2,"1","420","D","10","D",195,"E",,"A",,"A",,"A",,"A"
"20131",2580433,37,0,"1","420","D","11","D",78,"D",,"A",,"A",,"A",,"A"
"20131",2580433,38,0,"1","420","D","11","D",89,"D",,"A",,"A",,"A",,"A"
"20131",2580503,44,0,"1","410","D","11","D",80,"D",,"A",,"A",,"A",,"A"
"20131",2580583,38,0,"1","410","D","11","D",28,"D",,"A",,"A",,"A",,"A"
"20131",2580603,39,0,"1","400","D","12","D",30,"D",,"A",,"A",,"A",,"A"
"20131",2580673,60,0,"1","420","D","10","D",120,"D",,"A",,"A",,"A",,"A"
"20131",2580743,47,0,"1","410","D","10","D",20,"D",,"A",,"A",,"A",,"A"
"20131",2580863,73,0,"1","410","D","12","D",73,"F",,"A",,"A",,"A",,"A"
"20131",2580903,33,0,"1","420","D","11","D",75,"D",,"A",,"A",,"A",,"A"
"20131",2580913,60,0,"1","410","D","10","D",54,"D",,"A",,"A",,"A",,"A"
"20131",2580913,61,0,"1","420","D","10","D",52,"D",,"A",,"A",,"A",,"A"
"20131",2580973,74,0,"1","400","D","11","D",30,"D",,"A",,"A",,"A",,"A"
"20131",2581003,39,0,"1","420","D","12","D",95,"D",,"A",,"A",,"A",,"A"
"20131",2581083,51,0,"1","420","D","12","D",54,"D",,"A",,"A",,"A",,"A"
"20131",2581143,56,0,"1","410","D","10","D",36,"D",,"A",,"A",,"A",,"A"
"20131",2581313,82,0,"2","400","D","10","D",75,"D",,"A",,"A",,"A",,"A"
"20131",2581333,56,0,"1","420","D","11","D",75,"D",,"A",,"A",,"A",,"A"
"20131",2581333,57,0,"1","420","D","12","D",75,"D",,"A",,"A",,"A",,"A"
"20131",2581453,68,0,"1","410","D","11","D",80,"D",,"A",,"A",,"A",,"A"
"20131",2581453,69,0,"1","420","D","12","D",100,"D",,"A",,"A",,"A",,"A"
"20131",2581483,97,0,"1","410","D","11","D",28,"D",,"A",,"A",,"A",,"A"
"20131",2581483,98,0,"1","420","D","11","D",76,"D",,"A",,"A",,"A",,"A"
"20131",2581503,57,0,"1","420","D","12","D",218,"D",,"A",,"A",,"A",,"A"
"20131",2581583,55,0,"1","400","D","11","D",66,"D",,"A",,"A",,"A",,"A"
"20131",2581614,50,0,"1","410","D","12","D",15,"D",,"A",,"A",,"A",,"A"
"20131",2581623,55,0,"1","430","D","11","D",.,"H","410","D","415","D",,"A",,"A"
"20131",2581623,55,1,"1","410","D","11","D",55,"E",,"A",,"A",,"A",,"A"
"20131",2581623,55,2,"1","420","D","11","D",155,"E",,"A",,"A",,"A",,"A"
"20131",2581923,59,0,"1","420","D","10","D",60,"D",,"A",,"A",,"A",,"A"
"20131",2582143,96,0,"1","420","D","12","D",150,"D",,"A",,"A",,"A",,"A"
"20131",2582163,68,0,"1","420","D","11","D",90,"D",,"A",,"A",,"A",,"A"
"20131",2582193,46,0,"1","420","D","12","D",80,"D",,"A",,"A",,"A",,"A"
"20131",2582233,70,0,"1","420","D","12","D",30,"D",,"A",,"A",,"A",,"A"
"20131",2582253,45,0,"1","400","D","11","D",20,"D",,"A",,"A",,"A",,"A"
"20131",2582365,71,0,"1","400","D","12","D",63,"D",,"A",,"A",,"A",,"A"
"20131",2582373,89,0,"1","420","D","10","D",128,"D",,"A",,"A",,"A",,"A"
"20131",2582403,44,0,"1","420","D","11","D",78,"D",,"A",,"A",,"A",,"A"
"20131",2582724,54,0,"1","420","D","10","D",165,"D",,"A",,"A",,"A",,"A"
"20131",2582753,31,0,"2","420","D","10","D",75,"D",,"A",,"A",,"A",,"A"
"20131",2582823,60,0,"1","400","D","10","D",50,"D",,"A",,"A",,"A",,"A"
"20131",2582823,61,0,"1","410","D","10","D",80,"D",,"A",,"A",,"A",,"A"
"20131",2582823,62,0,"1","420","D","10","D",80,"D",,"A",,"A",,"A",,"A"
"20131",2582823,63,0,"1","420","D","10","D",230,"D",,"A",,"A",,"A",,"A"
"20131",2582843,59,0,"1","420","D","12","D",168,"D",,"A",,"A",,"A",,"A"
"20131",2582843,60,0,"2","420","D","10","D",169,"D",,"A",,"A",,"A",,"A"
"20131",2582963,49,0,"2","420","D","10","D",56,"D",,"A",,"A",,"A",,"A"
"20131",2582983,31,0,"1","420","D","10","D",250,"D",,"A",,"A",,"A",,"A"
"20131",2582993,68,0,"2","410","D","10","D",100,"D",,"A",,"A",,"A",,"A"
"20131",2582993,69,0,"2","420","D","10","D",95,"D",,"A",,"A",,"A",,"A"
"20131",2583123,56,0,"1","420","D","10","D",75,"D",,"A",,"A",,"A",,"A"
"20131",2583133,77,0,"1","410","D","11","D",37,"D",,"A",,"A",,"A",,"A"
"20131",2583133,78,0,"2","420","D","10","D",60,"D",,"A",,"A",,"A",,"A"
"20131",2583163,43,0,"1","420","D","12","D",22,"D",,"A",,"A",,"A",,"A"
"20131",2583193,41,0,"1","420","D","11","D",80,"D",,"A",,"A",,"A",,"A"
"20131",2583303,38,0,"1","420","D","12","D",70,"D",,"A",,"A",,"A",,"A"
"20131",2583363,48,0,"1","410","D","10","D",16,"D",,"A",,"A",,"A",,"A"
"20131",2583363,49,0,"1","420","D","11","D",62,"D",,"A",,"A",,"A",,"A"
"20131",2583533,53,0,"1","400","D","12","D",10,"D",,"A",,"A",,"A",,"A"
"20131",2583533,54,0,"2","420","D","10","D",205,"F",,"A",,"A",,"A",,"A"
"20131",2583843,68,0,"1","400","D","11","D",50,"D",,"A",,"A",,"A",,"A"
"20131",2583883,37,0,"1","420","D","10","D",65,"D",,"A",,"A",,"A",,"A"
"20131",2583893,48,0,"2","420","D","10","D",77,"D",,"A",,"A",,"A",,"A"
"20131",2583953,86,0,"1","400","D","12","D",25,"D",,"A",,"A",,"A",,"A"
"20131",2584093,57,0,"1","420","D","12","D",78,"D",,"A",,"A",,"A",,"A"
"20131",2584193,50,0,"1","420","D","11","D",255,"D",,"A",,"A",,"A",,"A"
"20131",2584273,67,0,"1","420","D","11","D",110,"D",,"A",,"A",,"A",,"A"
"20131",2584413,63,0,"2","420","D","10","D",140,"D",,"A",,"A",,"A",,"A"
"20131",2584413,64,0,"2","410","D","10","D",20,"D",,"A",,"A",,"A",,"A"
"20131",2584453,52,0,"2","420","D","10","D",198,"D",,"A",,"A",,"A",,"A"
"20131",2584573,44,0,"1","410","D","12","D",20,"D",,"A",,"A",,"A",,"A"
"20131",2584813,53,0,"2","400","D","10","D",5,"D",,"A",,"A",,"A",,"A"
"20131",2584973,29,0,"1","420","D","11","D",90,"D",,"A",,"A",,"A",,"A"
"20131",2585023,38,0,"2","420","D","10","D",47,"D",,"A",,"A",,"A",,"A"
"20131",2585033,35,0,"1","420","D","12","D",104,"D",,"A",,"A",,"A",,"A"
"20131",2585063,82,0,"2","420","D","10","D",320,"D",,"A",,"A",,"A",,"A"
"20131",2585063,83,0,"2","410","D","10","D",30,"D",,"A",,"A",,"A",,"A"
"20131",2585233,40,0,"1","420","D","12","D",121,"D",,"A",,"A",,"A",,"A"
"20131",2585303,56,0,"1","420","D","11","D",48,"D",,"A",,"A",,"A",,"A"
"20131",2585303,57,0,"1","420","D","11","D",48,"D",,"A",,"A",,"A",,"A"
"20131",2585303,58,0,"1","420","D","11","D",48,"D",,"A",,"A",,"A",,"A"
"20131",2585353,45,0,"2","420","D","10","D",127,"D",,"A",,"A",,"A",,"A"
"20131",2585483,28,0,"1","400","D","11","D",26,"D",,"A",,"A",,"A",,"A"
"20131",2585483,29,0,"1","410","D","11","D",15,"D",,"A",,"A",,"A",,"A"
"20131",2585483,30,0,"1","420","D","11","D",55,"D",,"A",,"A",,"A",,"A"
"20131",2585553,58,0,"2","400","D","10","D",5,"D",,"A",,"A",,"A",,"A"
"20131",2585603,55,0,"1","420","D","11","D",105,"D",,"A",,"A",,"A",,"A"
"20131",2585723,70,0,"2","400","D","10","D",35,"D",,"A",,"A",,"A",,"A"
"20131",2585903,37,0,"1","420","D","12","D",180,"D",,"A",,"A",,"A",,"A"
"20131",2585963,94,0,"1","400","D","12","D",45,"D",,"A",,"A",,"A",,"A"
"20131",2585963,95,0,"1","420","D","12","D",48,"D",,"A",,"A",,"A",,"A"
"20131",2586003,66,0,"1","420","D","12","D",50,"D",,"A",,"A",,"A",,"A"
"20131",2586003,67,0,"1","420","D","12","D",230,"D",,"A",,"A",,"A",,"A"
"20131",2586073,50,0,"1","410","D","12","D",15,"D",,"A",,"A",,"A",,"A"
"20131",2586273,70,0,"1","410","D","11","D",18,"F",,"A",,"A",,"A",,"A"
"20131",2586363,57,0,"2","420","D","10","D",31,"D",,"A",,"A",,"A",,"A"
"20131",2586423,48,0,"1","420","D","10","D",25,"D",,"A",,"A",,"A",,"A"
"20131",2586673,33,0,"1","420","D","11","D",200,"D",,"A",,"A",,"A",,"A"
"20131",2586703,56,0,"1","400","D","10","D",12,"D",,"A",,"A",,"A",,"A"
"20131",2586793,29,0,"1","400","D","10","D",50,"D",,"A",,"A",,"A",,"A"
"20131",2586793,30,0,"1","420","D","10","D",70,"D",,"A",,"A",,"A",,"A"
"20131",2587043,37,0,"1","410","D","12","D",20,"D",,"A",,"A",,"A",,"A"
"20131",2587373,59,0,"1","400","D","11","D",30,"D",,"A",,"A",,"A",,"A"
"20131",2587433,57,0,"1","420","D","11","D",48,"D",,"A",,"A",,"A",,"A"
"20131",2587544,30,0,"1","400","D","10","D",20,"D",,"A",,"A",,"A",,"A"
"20131",2587643,75,0,"1","400","D","12","D",48,"D",,"A",,"A",,"A",,"A"
"20131",2587643,76,0,"1","420","D","12","D",120,"D",,"A",,"A",,"A",,"A"
"20131",2587653,60,0,"2","400","D","10","D",40,"D",,"A",,"A",,"A",,"A"
"20131",2587993,42,0,"1","420","D","10","D",29,"D",,"A",,"A",,"A",,"A"
"20131",2588063,54,0,"1","420","D","12","D",160,"D",,"A",,"A",,"A",,"A"
"20131",2588323,39,0,"1","420","D","12","D",80,"D",,"A",,"A",,"A",,"A"
"20131",2588333,80,0,"1","420","D","10","D",250,"D",,"A",,"A",,"A",,"A"
"20131",2588413,74,0,"1","420","D","10","D",37,"D",,"A",,"A",,"A",,"A"
"20131",2588413,75,0,"1","410","D","10","D",45,"D",,"A",,"A",,"A",,"A"
"20131",2588523,62,0,"1","400","D","10","D",32,"D",,"A",,"A",,"A",,"A"
"20131",2588523,63,0,"1","400","D","12","D",32,"D",,"A",,"A",,"A",,"A"
"20131",2588533,51,0,"1","400","D","12","D",36,"D",,"A",,"A",,"A",,"A"
"20131",2588533,52,0,"2","410","D","10","D",14,"D",,"A",,"A",,"A",,"A"
"20131",2588623,54,0,"1","410","D","12","D",40,"D",,"A",,"A",,"A",,"A"
"20131",2588623,55,0,"1","420","D","12","D",65,"D",,"A",,"A",,"A",,"A"
"20131",2588673,41,0,"1","420","D","10","D",51,"D",,"A",,"A",,"A",,"A"
"20131",2588673,42,0,"1","410","D","10","D",25,"D",,"A",,"A",,"A",,"A"
"20131",2588713,59,0,"2","400","D","10","D",50,"D",,"A",,"A",,"A",,"A"
"20131",2588713,60,0,"2","420","D","10","D",166,"D",,"A",,"A",,"A",,"A"
"20131",2588823,55,0,"1","420","D","11","D",38,"D",,"A",,"A",,"A",,"A"
"20131",2588833,42,0,"1","420","D","10","D",134,"D",,"A",,"A",,"A",,"A"
"20131",2588933,52,0,"1","420","D","10","D",54,"D",,"A",,"A",,"A",,"A"
"20131",2588933,53,0,"1","410","D","12","D",40,"D",,"A",,"A",,"A",,"A"
"20131",2589253,65,0,"1","400","D","12","D",40,"D",,"A",,"A",,"A",,"A"
"20131",2589253,66,0,"1","420","D","12","D",130,"D",,"A",,"A",,"A",,"A"
"20131",2589373,48,0,"1","420","D","12","D",390,"D",,"A",,"A",,"A",,"A"
"20131",2589403,48,0,"1","400","D","12","D",36,"D",,"A",,"A",,"A",,"A"
"20131",2589463,37,0,"2","400","D","10","D",13,"D",,"A",,"A",,"A",,"A"
"20131",2589473,78,0,"1","410","D","11","D",18,"D",,"A",,"A",,"A",,"A"
"20131",2589473,79,0,"1","400","D","10","D",25,"D",,"A",,"A",,"A",,"A"
"20131",2589543,30,0,"1","410","D","11","D",55,"D",,"A",,"A",,"A",,"A"
"20131",2589613,102,0,"1","420","D","10","D",300,"D",,"A",,"A",,"A",,"A"
"20131",2589653,42,0,"1","420","D","12","D",151,"D",,"A",,"A",,"A",,"A"
"20131",2589683,43,0,"1","420","D","12","D",75,"D",,"A",,"A",,"A",,"A"
"20131",2589693,70,0,"1","410","D","11","D",45,"D",,"A",,"A",,"A",,"A"
"20131",2589693,71,0,"1","420","D","11","D",175,"D",,"A",,"A",,"A",,"A"
"20131",2589703,61,0,"1","420","D","11","D",31,"D",,"A",,"A",,"A",,"A"
"20131",2589703,62,0,"1","420","D","11","D",81,"D",,"A",,"A",,"A",,"A"
"20131",2589763,40,0,"1","420","D","12","D",164,"D",,"A",,"A",,"A",,"A"
"20131",2589813,35,0,"1","420","D","12","D",75,"D",,"A",,"A",,"A",,"A"
"20131",2590053,35,0,"1","420","D","11","D",78,"D",,"A",,"A",,"A",,"A"
"20131",2590053,36,0,"1","400","D","11","D",20,"D",,"A",,"A",,"A",,"A"
"20131",2590063,57,0,"1","430","D","11","D",.,"H","415","D","410","D",,"A",,"A"
"20131",2590063,57,1,"1","420","D","11","D",79,"E",,"A",,"A",,"A",,"A"
"20131",2590063,57,2,"1","410","D","11","D",121,"E",,"A",,"A",,"A",,"A"
"20131",2590363,42,0,"1","420","D","12","D",100,"D",,"A",,"A",,"A",,"A"
"20131",2590463,54,0,"1","410","D","11","D",25,"D",,"A",,"A",,"A",,"A"
"20131",2590493,42,0,"1","420","D","12","D",64,"D",,"A",,"A",,"A",,"A"
"20131",2590493,43,0,"1","410","D","12","D",40,"D",,"A",,"A",,"A",,"A"
"20131",2590573,41,0,"1","420","D","12","D",137,"D",,"A",,"A",,"A",,"A"
"20131",2590603,38,0,"2","410","D","11","D",20,"D",,"A",,"A",,"A",,"A"
"20131",2590673,59,0,"1","410","D","01","D",20,"F",,"A",,"A",,"A",,"A"
"20131",2591103,55,0,"1","400","D","11","D",65,"D",,"A",,"A",,"A",,"A"
"20131",2591163,46,0,"1","420","D","11","D",187,"D",,"A",,"A",,"A",,"A"
"20131",2591193,41,0,"1","410","D","01","D",86,"D",,"A",,"A",,"A",,"A"
"20131",2591263,38,0,"1","400","D","11","D",26,"D",,"A",,"A",,"A",,"A"
"20131",2591273,57,0,"1","420","D","01","D",139,"D",,"A",,"A",,"A",,"A"
"20131",2591483,55,0,"1","410","D","11","D",20,"D",,"A",,"A",,"A",,"A"
"20131",2591513,49,0,"1","420","D","01","D",58,"D",,"A",,"A",,"A",,"A"
"20131",2591653,36,0,"1","420","D","12","D",86,"D",,"A",,"A",,"A",,"A"
"20131",2591903,43,0,"1","420","D","01","D",150,"D",,"A",,"A",,"A",,"A"
"20131",2591943,67,0,"1","420","D","11","D",800,"D",,"A",,"A",,"A",,"A"
"20131",2591963,66,0,"1","400","D","12","D",200,"D",,"A",,"A",,"A",,"A"
"20131",2591963,67,0,"1","420","D","11","D",600,"D",,"A",,"A",,"A",,"A"
"20131",2592143,34,0,"2","400","D","11","D",36,"D",,"A",,"A",,"A",,"A"
"20131",2592503,51,0,"1","400","D","01","D",32,"D",,"A",,"A",,"A",,"A"
"20131",2592673,59,0,"1","420","D","01","D",600,"D",,"A",,"A",,"A",,"A"
"20131",2592683,43,0,"2","420","D","11","D",75,"D",,"A",,"A",,"A",,"A"
"20131",2592893,35,0,"1","420","D","12","D",80,"D",,"A",,"A",,"A",,"A"
"20131",2592903,81,0,"1","400","D","01","D",28,"D",,"A",,"A",,"A",,"A"
"20131",2592973,46,0,"2","400","D","11","D",38,"D",,"A",,"A",,"A",,"A"
"20131",2593093,49,0,"1","400","D","12","D",30,"D",,"A",,"A",,"A",,"A"
"20131",2593303,65,0,"1","420","D","01","D",130,"D",,"A",,"A",,"A",,"A"
"20131",2593303,66,0,"1","420","D","01","D",80,"D",,"A",,"A",,"A",,"A"
"20131",2593323,56,0,"2","420","D","11","D",21,"F",,"A",,"A",,"A",,"A"
"20131",2593353,29,0,"1","420","D","11","D",242,"D",,"A",,"A",,"A",,"A"
"20131",2593425,70,0,"1","420","D","01","D",65,"D",,"A",,"A",,"A",,"A"
"20131",2593425,71,0,"1","420","D","12","D",65,"D",,"A",,"A",,"A",,"A"
"20131",2593425,72,0,"1","400","D","11","D",120,"D",,"A",,"A",,"A",,"A"
"20131",2593543,70,0,"2","420","D","11","D",50,"D",,"A",,"A",,"A",,"A"
"20131",2593773,28,0,"1","400","D","01","D",25,"D",,"A",,"A",,"A",,"A"
"20131",2593773,29,0,"1","420","D","01","D",65,"D",,"A",,"A",,"A",,"A"
"20131",2593803,56,0,"2","420","D","11","D",400,"D",,"A",,"A",,"A",,"A"
"20131",2593923,52,0,"1","410","D","01","D",15,"D",,"A",,"A",,"A",,"A"
"20131",2594023,58,0,"1","420","D","01","D",100,"D",,"A",,"A",,"A",,"A"
"20131",2594093,85,0,"1","420","D","11","D",200,"D",,"A",,"A",,"A",,"A"
"20131",2594093,86,0,"1","420","D","12","D",325,"D",,"A",,"A",,"A",,"A"
"20131",2594163,50,0,"2","420","D","11","D",180,"D",,"A",,"A",,"A",,"A"
"20131",2594313,66,0,"1","420","D","11","D",65,"F",,"A",,"A",,"A",,"A"
"20131",2594343,57,0,"1","420","D","11","D",200,"D",,"A",,"A",,"A",,"A"
"20131",2594463,46,0,"1","400","D","12","D",50,"D",,"A",,"A",,"A",,"A"
"20131",2594513,51,0,"1","420","D","01","D",36,"D",,"A",,"A",,"A",,"A"
"20131",2594513,52,0,"1","410","D","01","D",50,"D",,"A",,"A",,"A",,"A"
"20131",2594743,47,0,"2","420","D","11","D",48,"D",,"A",,"A",,"A",,"A"
"20131",2594843,64,0,"1","420","D","12","D",520,"D",,"A",,"A",,"A",,"A"
"20131",2594843,65,0,"1","410","D","12","D",18,"D",,"A",,"A",,"A",,"A"
"20131",2595053,49,0,"1","400","D","01","D",12,"D",,"A",,"A",,"A",,"A"
"20131",2595503,53,0,"1","420","D","11","D",130,"D",,"A",,"A",,"A",,"A"
"20131",2595603,48,0,"1","430","D","11","D",.,"H","410","D","415","D",,"A",,"A"
"20131",2595603,48,1,"1","410","D","11","D",132,"E",,"A",,"A",,"A",,"A"
"20131",2595603,48,2,"1","420","D","11","D",368,"E",,"A",,"A",,"A",,"A"
"20131",2595693,36,0,"1","420","D","11","D",265,"D",,"A",,"A",,"A",,"A"
"20131",2595763,43,0,"1","420","D","01","D",60,"D",,"A",,"A",,"A",,"A"
"20131",2595763,44,0,"1","410","D","01","D",25,"D",,"A",,"A",,"A",,"A"
"20131",2595843,46,0,"1","420","D","12","D",115,"D",,"A",,"A",,"A",,"A"
"20131",2595893,62,0,"1","420","D","11","D",95,"D",,"A",,"A",,"A",,"A"
"20131",2595933,41,0,"2","400","D","11","D",12,"D",,"A",,"A",,"A",,"A"
"20131",2595933,42,0,"2","420","D","11","D",78,"D",,"A",,"A",,"A",,"A"
"20131",2596073,25,0,"1","420","D","12","D",169,"D",,"A",,"A",,"A",,"A"
"20131",2596143,70,0,"1","420","D","11","D",75,"D",,"A",,"A",,"A",,"A"
"20131",2596143,71,0,"1","420","D","12","D",75,"D",,"A",,"A",,"A",,"A"
"20131",2596143,72,0,"1","410","D","11","D",15,"D",,"A",,"A",,"A",,"A"
"20131",2596153,40,0,"2","430","D","11","D",.,"H","415","D","410","D",,"A",,"A"
"20131",2596153,40,1,"2","420","D","11","D",13,"E",,"A",,"A",,"A",,"A"
"20131",2596153,40,2,"2","410","D","11","D",15,"E",,"A",,"A",,"A",,"A"
"20131",2596183,50,0,"2","420","D","11","D",65,"D",,"A",,"A",,"A",,"A"
"20131",2596233,78,0,"2","420","D","11","D",82,"D",,"A",,"A",,"A",,"A"
"20131",2596243,34,0,"1","420","D","01","D",66,"D",,"A",,"A",,"A",,"A"
"20131",2596393,51,0,"1","420","D","01","D",147,"D",,"A",,"A",,"A",,"A"
"20131",2596453,68,0,"1","400","D","11","D",16,"D",,"A",,"A",,"A",,"A"
"20131",2596473,36,0,"1","420","D","12","D",1000,"D",,"A",,"A",,"A",,"A"
"20131",2596793,61,0,"1","410","D","01","D",29,"D",,"A",,"A",,"A",,"A"
"20131",2596793,62,0,"2","420","D","11","D",45,"D",,"A",,"A",,"A",,"A"
"20131",2596843,57,0,"1","420","D","01","D",70,"D",,"A",,"A",,"A",,"A"
"20131",2596893,43,0,"1","410","D","12","D",50,"D",,"A",,"A",,"A",,"A"
"20131",2596993,48,0,"1","420","D","12","D",59,"D",,"A",,"A",,"A",,"A"
"20131",2596993,49,0,"1","410","D","12","D",12,"D",,"A",,"A",,"A",,"A"
"20131",2597083,67,0,"1","420","D","12","D",46,"D",,"A",,"A",,"A",,"A"
"20131",2597163,88,0,"1","420","D","11","D",81,"D",,"A",,"A",,"A",,"A"
"20131",2597323,72,0,"1","420","D","01","D",75,"D",,"A",,"A",,"A",,"A"
"20131",2597423,53,0,"1","410","D","12","D",20,"D",,"A",,"A",,"A",,"A"
"20131",2597423,54,0,"1","420","D","12","D",176,"D",,"A",,"A",,"A",,"A"
"20131",2597603,53,0,"1","420","D","12","D",110,"D",,"A",,"A",,"A",,"A"
"20131",2597813,66,0,"1","420","D","12","D",80,"D",,"A",,"A",,"A",,"A"
"20131",2597933,70,0,"2","420","D","11","D",145,"D",,"A",,"A",,"A",,"A"
"20131",2598003,65,0,"1","410","D","11","D",15,"D",,"A",,"A",,"A",,"A"
"20131",2598003,66,0,"1","420","D","11","D",320,"D",,"A",,"A",,"A",,"A"
"20131",2598123,38,0,"1","420","D","12","D",180,"D",,"A",,"A",,"A",,"A"
"20131",2598163,54,0,"1","410","D","01","D",41,"D",,"A",,"A",,"A",,"A"
"20131",2598273,70,0,"1","400","D","12","D",64,"D",,"A",,"A",,"A",,"A"
"20131",2598273,71,0,"1","420","D","01","D",99,"D",,"A",,"A",,"A",,"A"
"20131",2598393,44,0,"1","420","D","01","D",160,"D",,"A",,"A",,"A",,"A"
"20131",2598433,41,0,"1","410","D","11","D",27,"D",,"A",,"A",,"A",,"A"
"20131",2598453,44,0,"1","430","D","01","D",.,"H","410","D","415","D",,"A",,"A"
"20131",2598453,44,1,"1","410","D","01","D",30,"E",,"A",,"A",,"A",,"A"
"20131",2598453,44,2,"1","420","D","01","D",109,"E",,"A",,"A",,"A",,"A"
"20131",2598523,54,0,"1","420","D","11","D",378,"D",,"A",,"A",,"A",,"A"
"20131",2598523,55,0,"1","410","D","11","D",10,"D",,"A",,"A",,"A",,"A"
"20131",2598593,60,0,"1","420","D","12","D",85,"D",,"A",,"A",,"A",,"A"
"20131",2598593,61,0,"1","400","D","12","D",35,"D",,"A",,"A",,"A",,"A"
"20131",2598625,22,0,"1","400","D","01","D",10,"D",,"A",,"A",,"A",,"A"
"20131",2598743,48,0,"2","420","D","11","D",288,"D",,"A",,"A",,"A",,"A"
"20131",2598893,47,0,"1","420","D","11","D",300,"D",,"A",,"A",,"A",,"A"
"20131",2599053,74,0,"1","400","D","01","D",25,"D",,"A",,"A",,"A",,"A"
"20131",2599103,64,0,"1","400","D","12","D",40,"D",,"A",,"A",,"A",,"A"
"20131",2599103,65,0,"1","410","D","12","D",40,"D",,"A",,"A",,"A",,"A"
"20131",2599103,66,0,"1","420","D","12","D",70,"D",,"A",,"A",,"A",,"A"
"20131",2599153,71,0,"1","410","D","11","D",40,"D",,"A",,"A",,"A",,"A"
"20131",2599273,67,0,"2","410","D","11","D",25,"D",,"A",,"A",,"A",,"A"
"20131",2599363,40,0,"1","420","D","01","D",400,"D",,"A",,"A",,"A",,"A"
"20131",2599403,59,0,"2","420","D","11","D",323,"D",,"A",,"A",,"A",,"A"
"20131",2599443,37,0,"1","420","D","01","D",100,"D",,"A",,"A",,"A",,"A"
"20131",2599453,89,0,"1","420","D","01","D",200,"D",,"A",,"A",,"A",,"A"
"20131",2599453,90,0,"1","410","D","12","D",20,"D",,"A",,"A",,"A",,"A"
"20131",2599513,40,0,"1","420","D","01","D",84,"D",,"A",,"A",,"A",,"A"
"20131",2599533,42,0,"1","420","D","01","D",160,"D",,"A",,"A",,"A",,"A"
"20131",2600043,64,0,"2","420","D","11","D",140,"D",,"A",,"A",,"A",,"A"
"20131",2600153,34,0,"1","420","D","11","D",90,"D",,"A",,"A",,"A",,"A"
"20131",2600223,72,0,"1","420","D","12","D",25,"D",,"A",,"A",,"A",,"A"
"20131",2600273,36,0,"1","420","D","01","D",293,"D",,"A",,"A",,"A",,"A"
"20131",2600393,43,0,"1","420","D","12","D",190,"D",,"A",,"A",,"A",,"A"
"20131",2600493,37,0,"1","400","D","01","D",36,"D",,"A",,"A",,"A",,"A"
"20131",2600563,53,0,"1","420","D","01","D",18,"D",,"A",,"A",,"A",,"A"
"20131",2600603,40,0,"1","420","D","01","D",10,"D",,"A",,"A",,"A",,"A"
"20131",2600613,85,0,"1","430","D","12","D",.,"H","425","D","415","D",,"A",,"A"
"20131",2600613,85,1,"1","420","D","12","D",423,"E",,"A",,"A",,"A",,"A"
"20131",2600613,85,2,"1","420","D","12","D",377,"E",,"A",,"A",,"A",,"A"
"20131",2600673,37,0,"1","410","D","12","D",18,"D",,"A",,"A",,"A",,"A"
"20131",2600673,38,0,"1","420","D","12","D",85,"D",,"A",,"A",,"A",,"A"
"20131",2600693,62,0,"1","420","D","11","D",56,"D",,"A",,"A",,"A",,"A"
"20131",2600693,63,0,"2","420","D","11","D",46,"D",,"A",,"A",,"A",,"A"
"20131",2600733,44,0,"1","420","D","01","D",100,"D",,"A",,"A",,"A",,"A"
"20131",2600753,58,0,"1","430","D","11","D",.,"H","410","D","415","D",,"A",,"A"
"20131",2600753,58,1,"1","410","D","11","D",49,"E",,"A",,"A",,"A",,"A"
"20131",2600753,58,2,"1","420","D","11","D",137,"E",,"A",,"A",,"A",,"A"
"20131",2600803,99,0,"1","420","D","12","D",99,"D",,"A",,"A",,"A",,"A"
"20131",2600803,100,0,"1","420","D","12","D",99,"D",,"A",,"A",,"A",,"A"
"20131",2600803,101,0,"1","420","D","01","D",115,"D",,"A",,"A",,"A",,"A"
"20131",2600943,56,0,"1","400","D","12","D",20,"D",,"A",,"A",,"A",,"A"
"20131",2601163,82,0,"1","420","D","01","D",150,"D",,"A",,"A",,"A",,"A"
"20131",2601203,58,0,"1","410","D","12","D",85,"D",,"A",,"A",,"A",,"A"
"20131",2601203,59,0,"1","420","D","12","D",142,"D",,"A",,"A",,"A",,"A"
"20131",2601363,48,0,"1","400","D","02","D",65,"D",,"A",,"A",,"A",,"A"
"20131",2601643,53,0,"1","420","D","02","D",150,"D",,"A",,"A",,"A",,"A"
"20131",2601763,65,0,"1","400","D","02","D",23,"D",,"A",,"A",,"A",,"A"
"20131",2601893,56,0,"1","420","D","01","D",150,"D",,"A",,"A",,"A",,"A"
"20131",2602143,47,0,"2","420","D","12","D",285,"D",,"A",,"A",,"A",,"A"
"20131",2602233,40,0,"1","400","D","02","D",32,"D",,"A",,"A",,"A",,"A"
"20131",2602263,41,0,"1","420","D","02","D",55,"D",,"A",,"A",,"A",,"A"
"20131",2602263,42,0,"1","410","D","02","D",35,"D",,"A",,"A",,"A",,"A"
"20131",2602293,64,0,"1","420","D","02","D",1350,"D",,"A",,"A",,"A",,"A"
"20131",2602293,65,0,"2","420","D","12","D",155,"D",,"A",,"A",,"A",,"A"
"20131",2602303,108,0,"2","420","D","12","D",73,"D",,"A",,"A",,"A",,"A"
"20131",2602363,63,0,"1","420","D","01","D",65,"D",,"A",,"A",,"A",,"A"
"20131",2602383,28,0,"1","420","D","01","D",90,"D",,"A",,"A",,"A",,"A"
"20131",2602693,33,0,"1","420","D","02","D",95,"D",,"A",,"A",,"A",,"A"
"20131",2602703,84,0,"1","420","D","12","D",256,"D",,"A",,"A",,"A",,"A"
"20131",2602703,85,0,"1","420","D","12","D",302,"D",,"A",,"A",,"A",,"A"
"20131",2602763,56,0,"2","420","D","12","D",65,"D",,"A",,"A",,"A",,"A"
"20131",2602873,71,0,"1","420","D","12","D",70,"F",,"A",,"A",,"A",,"A"
"20131",2602873,72,0,"1","400","D","02","D",40,"F",,"A",,"A",,"A",,"A"
"20131",2603013,60,0,"1","400","D","12","D",32,"F",,"A",,"A",,"A",,"A"
"20131",2603083,52,0,"1","420","D","12","D",209,"D",,"A",,"A",,"A",,"A"
"20131",2603083,53,0,"1","420","D","02","D",75,"D",,"A",,"A",,"A",,"A"
"20131",2603173,71,0,"2","420","D","12","D",130,"D",,"A",,"A",,"A",,"A"
"20131",2603193,43,0,"1","420","D","01","D",36,"D",,"A",,"A",,"A",,"A"
"20131",2603193,44,0,"1","420","D","01","D",36,"D",,"A",,"A",,"A",,"A"
"20131",2603273,73,0,"1","400","D","12","D",20,"D",,"A",,"A",,"A",,"A"
"20131",2603273,74,0,"1","420","D","12","D",118,"D",,"A",,"A",,"A",,"A"
"20131",2603273,75,0,"1","420","D","02","D",92,"D",,"A",,"A",,"A",,"A"
"20131",2603273,76,0,"2","400","D","12","D",22,"D",,"A",,"A",,"A",,"A"
"20131",2603273,77,0,"2","420","D","12","D",123,"D",,"A",,"A",,"A",,"A"
"20131",2603333,65,0,"1","410","D","01","D",15,"D",,"A",,"A",,"A",,"A"
"20131",2603463,80,0,"1","400","D","01","D",33,"D",,"A",,"A",,"A",,"A"
"20131",2603603,78,0,"1","400","D","02","D",37,"D",,"A",,"A",,"A",,"A"
"20131",2603733,31,0,"1","420","D","01","D",44,"D",,"A",,"A",,"A",,"A"
"20131",2603813,50,0,"1","420","D","01","D",65,"D",,"A",,"A",,"A",,"A"
"20131",2603863,30,0,"1","420","D","12","D",80,"D",,"A",,"A",,"A",,"A"
"20131",2603933,67,0,"2","400","D","12","D",27,"D",,"A",,"A",,"A",,"A"
"20131",2603933,68,0,"2","420","D","12","D",250,"D",,"A",,"A",,"A",,"A"
"20131",2603945,33,0,"1","410","D","12","D",15,"D",,"A",,"A",,"A",,"A"
"20131",2603945,34,0,"1","420","D","12","D",64,"D",,"A",,"A",,"A",,"A"
"20131",2603973,60,0,"1","400","D","12","D",24,"D",,"A",,"A",,"A",,"A"
"20131",2603973,61,0,"2","400","D","12","D",23,"D",,"A",,"A",,"A",,"A"
"20131",2604033,74,0,"1","400","D","01","D",25,"D",,"A",,"A",,"A",,"A"
"20131",2604033,75,0,"2","400","D","12","D",25,"D",,"A",,"A",,"A",,"A"
"20131",2604103,52,0,"1","420","D","01","D",110,"D",,"A",,"A",,"A",,"A"
"20131",2604103,53,0,"1","420","D","01","D",100,"D",,"A",,"A",,"A",,"A"
"20131",2604113,48,0,"1","410","D","02","D",35,"D",,"A",,"A",,"A",,"A"
"20131",2604143,29,0,"2","420","D","12","D",70,"D",,"A",,"A",,"A",,"A"
"20131",2604173,55,0,"1","420","D","01","D",115,"D",,"A",,"A",,"A",,"A"
"20131",2604173,56,0,"1","420","D","01","D",115,"D",,"A",,"A",,"A",,"A"
"20131",2604193,53,0,"1","420","D","02","D",190,"D",,"A",,"A",,"A",,"A"
"20131",2604243,30,0,"1","400","D","01","D",30,"D",,"A",,"A",,"A",,"A"
"20131",2604263,56,0,"1","410","D","01","D",15,"D",,"A",,"A",,"A",,"A"
"20131",2604263,57,0,"1","420","D","01","D",28,"D",,"A",,"A",,"A",,"A"
"20131",2604473,58,0,"1","420","D","12","D",53,"D",,"A",,"A",,"A",,"A"
"20131",2604493,44,0,"1","420","D","02","D",35,"D",,"A",,"A",,"A",,"A"
"20131",2604503,67,0,"1","420","D","12","D",100,"D",,"A",,"A",,"A",,"A"
"20131",2604503,68,0,"1","410","D","12","D",15,"D",,"A",,"A",,"A",,"A"
"20131",2604523,42,0,"1","420","D","02","D",84,"D",,"A",,"A",,"A",,"A"
"20131",2604553,58,0,"1","420","D","12","D",30,"D",,"A",,"A",,"A",,"A"
"20131",2604563,33,0,"1","400","D","12","D",32,"D",,"A",,"A",,"A",,"A"
"20131",2604573,38,0,"1","420","D","02","D",310,"D",,"A",,"A",,"A",,"A"
"20131",2604833,68,0,"1","420","D","01","D",108,"D",,"A",,"A",,"A",,"A"
"20131",2604983,94,0,"1","420","D","02","D",52,"D",,"A",,"A",,"A",,"A"
"20131",2605173,36,0,"1","420","D","12","D",125,"D",,"A",,"A",,"A",,"A"
"20131",2605283,61,0,"1","420","D","12","D",36,"D",,"A",,"A",,"A",,"A"
"20131",2605283,62,0,"1","400","D","01","D",34,"D",,"A",,"A",,"A",,"A"
"20131",2605283,63,0,"2","410","D","12","D",79,"D",,"A",,"A",,"A",,"A"
"20131",2605293,57,0,"1","410","D","02","D",90,"D",,"A",,"A",,"A",,"A"
"20131",2605293,58,0,"1","420","D","02","D",175,"D",,"A",,"A",,"A",,"A"
"20131",2605293,59,0,"1","420","D","02","D",210,"D",,"A",,"A",,"A",,"A"
"20131",2605303,51,0,"1","410","D","12","D",135,"D",,"A",,"A",,"A",,"A"
"20131",2605303,52,0,"2","410","D","12","D",95,"D",,"A",,"A",,"A",,"A"
"20131",2605303,53,0,"2","420","D","12","D",36,"D",,"A",,"A",,"A",,"A"
"20131",2605333,67,0,"1","410","D","02","D",20,"D",,"A",,"A",,"A",,"A"
"20131",2605353,108,0,"1","420","D","01","D",116,"D",,"A",,"A",,"A",,"A"
"20131",2605433,50,0,"1","420","D","02","D",75,"D",,"A",,"A",,"A",,"A"
"20131",2605523,58,0,"1","420","D","02","D",300,"D",,"A",,"A",,"A",,"A"
"20131",2605563,62,0,"1","420","D","02","D",65,"D",,"A",,"A",,"A",,"A"
"20131",2605593,67,0,"2","410","D","12","D",28,"D",,"A",,"A",,"A",,"A"
"20131",2605593,68,0,"2","420","D","12","D",99,"D",,"A",,"A",,"A",,"A"
"20131",2605783,44,0,"1","400","D","01","D",25,"D",,"A",,"A",,"A",,"A"
"20131",2605783,45,0,"1","420","D","01","D",50,"D",,"A",,"A",,"A",,"A"
"20131",2605783,46,0,"2","420","D","12","D",50,"D",,"A",,"A",,"A",,"A"
"20131",2605933,52,0,"1","400","D","01","D",20,"D",,"A",,"A",,"A",,"A"
"20131",2605953,47,0,"2","430","D","12","D",.,"H","425","D","415","D",,"A",,"A"
"20131",2605953,47,1,"2","420","D","12","D",250,"E",,"A",,"A",,"A",,"A"
"20131",2606243,36,0,"1","410","D","12","D",200,"D",,"A",,"A",,"A",,"A"
"20131",2606253,38,0,"1","420","D","02","D",95,"D",,"A",,"A",,"A",,"A"
"20131",2606263,40,0,"1","430","D","02","D",.,"H","410","D","415","D",,"A",,"A"
"20131",2606263,40,1,"1","410","D","02","D",29,"E",,"A",,"A",,"A",,"A"
"20131",2606263,40,2,"1","420","D","02","D",80,"E",,"A",,"A",,"A",,"A"
"20131",2606293,42,0,"1","420","D","02","D",57,"D",,"A",,"A",,"A",,"A"
"20131",2606333,48,0,"2","420","D","12","D",120,"D",,"A",,"A",,"A",,"A"
"20131",2606343,61,0,"1","420","D","02","D",86,"D",,"A",,"A",,"A",,"A"
"20131",2606473,76,0,"1","420","D","01","D",35,"D",,"A",,"A",,"A",,"A"
"20131",2606473,77,0,"2","400","D","12","D",35,"D",,"A",,"A",,"A",,"A"
"20131",2606553,75,0,"1","420","D","12","D",30,"D",,"A",,"A",,"A",,"A"
"20131",2606553,76,0,"1","420","D","02","D",20,"D",,"A",,"A",,"A",,"A"
"20131",2606883,41,0,"1","420","D","01","D",60,"D",,"A",,"A",,"A",,"A"
"20131",2606913,44,0,"1","420","D","01","D",227,"D",,"A",,"A",,"A",,"A"
"20131",2607003,101,0,"1","420","D","02","D",140,"D",,"A",,"A",,"A",,"A"
"20131",2607003,102,0,"1","420","D","02","D",166,"D",,"A",,"A",,"A",,"A"
"20131",2607053,87,0,"1","420","D","01","D",81,"D",,"A",,"A",,"A",,"A"
"20131",2607053,88,0,"1","420","D","01","D",198,"D",,"A",,"A",,"A",,"A"
"20131",2607093,88,0,"1","410","D","02","D",16,"D",,"A",,"A",,"A",,"A"
"20131",2607093,89,0,"1","420","D","01","D",75,"D",,"A",,"A",,"A",,"A"
"20131",2607093,90,0,"1","420","D","01","D",75,"D",,"A",,"A",,"A",,"A"
"20131",2607113,36,0,"1","410","D","01","D",15,"D",,"A",,"A",,"A",,"A"
"20131",2607113,37,0,"1","410","D","01","D",15,"D",,"A",,"A",,"A",,"A"
"20131",2607113,38,0,"1","420","D","01","D",65,"D",,"A",,"A",,"A",,"A"
"20131",2607113,39,0,"2","420","D","12","D",15,"D",,"A",,"A",,"A",,"A"
"20131",2607123,38,0,"2","410","D","12","D",120,"D",,"A",,"A",,"A",,"A"
"20131",2607243,72,0,"1","400","D","01","D",28,"D",,"A",,"A",,"A",,"A"
"20131",2607393,53,0,"1","400","D","02","D",31,"D",,"A",,"A",,"A",,"A"
"20131",2607393,54,0,"2","420","D","12","D",104,"D",,"A",,"A",,"A",,"A"
"20131",2607423,57,0,"1","400","D","01","D",25,"D",,"A",,"A",,"A",,"A"
"20131",2607443,47,0,"1","400","D","12","D",10,"D",,"A",,"A",,"A",,"A"
"20131",2607443,48,0,"1","400","D","02","D",10,"D",,"A",,"A",,"A",,"A"
"20131",2607543,39,0,"1","420","D","02","D",67,"D",,"A",,"A",,"A",,"A"
"20131",2607653,67,0,"1","410","D","02","D",16,"D",,"A",,"A",,"A",,"A"
"20131",2607773,36,0,"1","420","D","01","D",200,"D",,"A",,"A",,"A",,"A"
"20131",2607813,73,0,"1","410","D","02","D",29,"D",,"A",,"A",,"A",,"A"
"20131",2607813,74,0,"1","420","D","02","D",48,"D",,"A",,"A",,"A",,"A"
"20131",2607853,49,0,"1","410","D","02","D",15,"D",,"A",,"A",,"A",,"A"
"20131",2607853,50,0,"1","420","D","02","D",57,"D",,"A",,"A",,"A",,"A"
"20131",2607893,67,0,"1","420","D","12","D",130,"D",,"A",,"A",,"A",,"A"
"20131",2607923,79,0,"2","410","D","12","D",15,"D",,"A",,"A",,"A",,"A"
"20131",2608083,38,0,"1","400","D","01","D",20,"D",,"A",,"A",,"A",,"A"
"20131",2608263,57,0,"1","420","D","01","D",75,"D",,"A",,"A",,"A",,"A"
"20131",2608293,74,0,"1","400","D","02","D",25,"D",,"A",,"A",,"A",,"A"
"20131",2608363,57,0,"1","430","D","02","D",.,"H","415","D","410","D",,"A",,"A"
"20131",2608363,57,1,"1","420","D","02","D",308,"E",,"A",,"A",,"A",,"A"
"20131",2608363,57,2,"1","410","D","02","D",42,"E",,"A",,"A",,"A",,"A"
"20131",2608633,30,0,"1","400","D","02","D",300,"D",,"A",,"A",,"A",,"A"
"20131",2608643,55,0,"1","420","D","12","D",84,"D",,"A",,"A",,"A",,"A"
"20131",2608703,57,0,"1","420","D","02","D",72,"D",,"A",,"A",,"A",,"A"
"20131",2608783,54,0,"2","400","D","12","D",16,"F",,"A",,"A",,"A",,"A"
"20131",2608853,29,0,"1","420","D","01","D",350,"D",,"A",,"A",,"A",,"A"
"20131",2608963,46,0,"1","420","D","02","D",137,"D",,"A",,"A",,"A",,"A"
"20131",2609033,53,0,"1","410","D","01","D",15,"F",,"A",,"A",,"A",,"A"
"20131",2609183,41,0,"1","420","D","02","D",48,"D",,"A",,"A",,"A",,"A"
"20131",2609233,55,0,"1","410","D","02","D",55,"D",,"A",,"A",,"A",,"A"
"20131",2609243,41,0,"1","410","D","12","D",50,"F",,"A",,"A",,"A",,"A"
"20131",2609243,42,0,"1","420","D","12","D",36,"D",,"A",,"A",,"A",,"A"
"20131",2609253,37,0,"1","420","D","12","D",175,"D",,"A",,"A",,"A",,"A"
"20131",2609573,33,0,"1","420","D","02","D",15,"D",,"A",,"A",,"A",,"A"
"20131",2609683,45,0,"1","400","D","01","D",20,"F",,"A",,"A",,"A",,"A"
"20131",2609745,36,0,"1","420","D","01","D",10,"D",,"A",,"A",,"A",,"A"
"20131",2610033,61,0,"1","420","D","01","D",300,"D",,"A",,"A",,"A",,"A"
"20131",2610133,58,0,"1","410","D","02","D",30,"D",,"A",,"A",,"A",,"A"
"20131",2610133,59,0,"2","400","D","12","D",22,"D",,"A",,"A",,"A",,"A"
"20131",2610233,49,0,"1","420","D","02","D",300,"D",,"A",,"A",,"A",,"A"
"20131",2610363,31,0,"1","420","D","02","D",68,"D",,"A",,"A",,"A",,"A"
"20131",2610443,36,0,"1","420","D","02","D",250,"D",,"A",,"A",,"A",,"A"
"20131",2610583,61,0,"1","420","D","01","D",125,"D",,"A",,"A",,"A",,"A"
"20131",2610613,43,0,"1","420","D","01","D",120,"D",,"A",,"A",,"A",,"A"
"20131",2610663,58,0,"1","420","D","02","D",167,"D",,"A",,"A",,"A",,"A"
"20131",2610843,66,0,"1","400","D","12","D",20,"D",,"A",,"A",,"A",,"A"
"20131",2610873,88,0,"1","420","D","02","D",100,"D",,"A",,"A",,"A",,"A"
"20131",2610893,44,0,"1","420","D","12","D",138,"D",,"A",,"A",,"A",,"A"
"20131",2610953,107,0,"1","420","D","02","D",50,"D",,"A",,"A",,"A",,"A"
"20131",2611203,67,0,"1","400","D","12","D",45,"D",,"A",,"A",,"A",,"A"
"20131",2611325,24,0,"2","410","D","12","D",86,"D",,"A",,"A",,"A",,"A"
"20131",2611363,42,0,"1","410","D","01","D",80,"D",,"A",,"A",,"A",,"A"
"20131",2611373,42,0,"1","420","D","02","D",172,"D",,"A",,"A",,"A",,"A"
"20131",2611403,37,0,"1","420","D","01","D",200,"D",,"A",,"A",,"A",,"A"
"20131",2611453,36,0,"1","400","D","01","D",25,"D",,"A",,"A",,"A",,"A"
"20131",2611473,75,0,"1","400","D","02","D",40,"D",,"A",,"A",,"A",,"A"
"20131",2611473,76,0,"1","420","D","02","D",226,"D",,"A",,"A",,"A",,"A"
"20131",2611483,37,0,"1","400","D","01","D",40,"F",,"A",,"A",,"A",,"A"
"20131",2611483,38,0,"1","420","D","02","D",58,"F",,"A",,"A",,"A",,"A"
"20131",2611623,75,0,"1","400","D","02","D",30,"D",,"A",,"A",,"A",,"A"
"20131",2611643,41,0,"1","430","D","01","D",.,"H","415","D","425","D",,"A",,"A"
"20131",2611643,41,1,"1","420","D","01","D",70,"E",,"A",,"A",,"A",,"A"
"20131",2611643,41,2,"1","420","D","01","D",150,"E",,"A",,"A",,"A",,"A"
"20131",2611683,44,0,"2","400","D","12","D",30,"D",,"A",,"A",,"A",,"A"
"20131",2611723,65,0,"1","430","D","02","D",.,"H","410","D","415","D",,"A",,"A"
"20131",2611723,65,1,"1","410","D","02","D",43,"E",,"A",,"A",,"A",,"A"
"20131",2611723,65,2,"1","420","D","02","D",122,"E",,"A",,"A",,"A",,"A"
"20131",2611793,42,0,"1","420","D","02","D",57,"D",,"A",,"A",,"A",,"A"
"20131",2611953,51,0,"1","420","D","01","D",209,"D",,"A",,"A",,"A",,"A"
"20131",2612333,31,0,"1","430","D","12","D",.,"H","400","D","415","D",,"A",,"A"
"20131",2612333,31,1,"1","400","D","12","D",16,"E",,"A",,"A",,"A",,"A"
"20131",2612333,31,2,"1","420","D","12","D",32,"E",,"A",,"A",,"A",,"A"
"20131",2612403,38,0,"1","400","D","01","D",25,"D",,"A",,"A",,"A",,"A"
"20131",2612503,35,0,"2","420","D","12","D",128,"D",,"A",,"A",,"A",,"A"
"20131",2612525,49,0,"2","420","D","12","D",110,"D",,"A",,"A",,"A",,"A"
"20131",2612593,44,0,"1","420","D","12","D",120,"D",,"A",,"A",,"A",,"A"
"20131",2612623,47,0,"2","420","D","12","D",80,"D",,"A",,"A",,"A",,"A"
"20131",2612673,78,0,"1","420","D","01","D",145,"D",,"A",,"A",,"A",,"A"
"20131",2612772,114,0,"1","420","D","10","D",86,"D",,"A",,"A",,"A",,"A"
"20131",2612822,75,0,"2","420","D","10","D",200,"D",,"A",,"A",,"A",,"A"
"20131",2612922,48,0,"1","420","D","10","D",156,"D",,"A",,"A",,"A",,"A"
"20131",2612932,47,0,"1","420","D","10","D",75,"D",,"A",,"A",,"A",,"A"
"20131",2612962,25,0,"2","420","D","10","D",110,"D",,"A",,"A",,"A",,"A"
"20131",2612972,89,0,"1","400","D","11","D",10,"D",,"A",,"A",,"A",,"A"
"20131",2613002,37,0,"1","420","D","11","D",88,"D",,"A",,"A",,"A",,"A"
"20131",2613002,38,0,"2","400","D","10","D",66,"F",,"A",,"A",,"A",,"A"
"20131",2613142,39,0,"1","400","D","12","D",63,"D",,"A",,"A",,"A",,"A"
"20131",2613202,35,0,"1","400","D","12","D",14,"D",,"A",,"A",,"A",,"A"
"20131",2613242,76,0,"1","420","D","10","D",34,"D",,"A",,"A",,"A",,"A"
"20131",2613242,77,0,"2","400","D","10","D",24,"D",,"A",,"A",,"A",,"A"
"20131",2613282,48,0,"1","420","D","10","D",70,"D",,"A",,"A",,"A",,"A"
"20131",2613292,59,0,"1","410","D","10","D",35,"D",,"A",,"A",,"A",,"A"
"20131",2613332,40,0,"1","400","D","12","D",27,"D",,"A",,"A",,"A",,"A"
"20131",2613352,68,0,"1","430","D","11","D",.,"H","415","D","425","D","410","D",,"A"
"20131",2613352,68,1,"1","420","D","11","D",222,"E",,"A",,"A",,"A",,"A"
"20131",2613352,68,2,"1","410","D","11","D",78,"E",,"A",,"A",,"A",,"A"
"20131",2613362,44,0,"1","410","D","12","D",44,"D",,"A",,"A",,"A",,"A"
"20131",2613372,87,0,"1","420","D","11","D",37,"D",,"A",,"A",,"A",,"A"
"20131",2613442,63,0,"2","400","D","10","D",40,"D",,"A",,"A",,"A",,"A"
"20131",2613442,64,0,"2","410","D","10","D",16,"D",,"A",,"A",,"A",,"A"
"20131",2613442,65,0,"2","420","D","10","D",236,"D",,"A",,"A",,"A",,"A"
"20131",2613622,46,0,"1","410","D","12","D",20,"D",,"A",,"A",,"A",,"A"
"20131",2613682,35,0,"1","400","D","11","D",160,"D",,"A",,"A",,"A",,"A"
"20131",2613682,36,0,"1","420","D","11","D",58,"D",,"A",,"A",,"A",,"A"
"20131",2613732,96,0,"1","400","D","10","D",16,"D",,"A",,"A",,"A",,"A"
"20131",2613732,97,0,"1","420","D","10","D",30,"D",,"A",,"A",,"A",,"A"
"20131",2613862,52,0,"1","400","D","10","D",22,"D",,"A",,"A",,"A",,"A"
"20131",2613902,60,0,"1","410","D","12","D",553,"D",,"A",,"A",,"A",,"A"
"20131",2613952,38,0,"2","410","D","10","D",35,"D",,"A",,"A",,"A",,"A"
"20131",2613972,36,0,"1","410","D","11","D",29,"D",,"A",,"A",,"A",,"A"
"20131",2613972,37,0,"2","420","D","10","D",101,"D",,"A",,"A",,"A",,"A"
"20131",2614212,63,0,"1","410","D","10","D",80,"D",,"A",,"A",,"A",,"A"
"20131",2614212,64,0,"1","420","D","10","D",100,"D",,"A",,"A",,"A",,"A"
"20131",2614422,181,0,"1","400","D","11","D",45,"D",,"A",,"A",,"A",,"A"
"20131",2614422,182,0,"1","430","D","12","D",.,"H","425","D","415","D",,"A",,"A"
"20131",2614422,182,1,"1","420","D","12","D",235,"E",,"A",,"A",,"A",,"A"
"20131",2614422,182,2,"1","420","D","12","D",220,"E",,"A",,"A",,"A",,"A"
"20131",2614422,183,0,"1","430","D","12","D",.,"H","425","D","415","D",,"A",,"A"
"20131",2614422,183,1,"1","420","D","12","D",116,"E",,"A",,"A",,"A",,"A"
"20131",2614422,183,2,"1","420","D","12","D",109,"E",,"A",,"A",,"A",,"A"
"20131",2614422,184,0,"1","430","D","12","D",.,"H","425","D","415","D",,"A",,"A"
"20131",2614422,184,1,"1","420","D","12","D",165,"E",,"A",,"A",,"A",,"A"
"20131",2614422,184,2,"1","420","D","12","D",154,"E",,"A",,"A",,"A",,"A"
"20131",2614442,83,0,"1","400","D","12","D",30,"D",,"A",,"A",,"A",,"A"
"20131",2614512,57,0,"1","420","D","11","D",200,"D",,"A",,"A",,"A",,"A"
"20131",2614582,74,0,"1","410","D","11","D",19,"D",,"A",,"A",,"A",,"A"
"20131",2614582,75,0,"1","410","D","11","D",19,"D",,"A",,"A",,"A",,"A"
"20131",2614582,76,0,"1","420","D","11","D",205,"D",,"A",,"A",,"A",,"A"
"20131",2614582,77,0,"2","410","D","10","D",19,"D",,"A",,"A",,"A",,"A"
"20131",2614592,65,0,"1","420","D","11","D",80,"D",,"A",,"A",,"A",,"A"
"20131",2614592,66,0,"1","420","D","12","D",80,"D",,"A",,"A",,"A",,"A"
"20131",2614662,67,0,"1","410","D","12","D",16,"D",,"A",,"A",,"A",,"A"
"20131",2614682,110,0,"1","410","D","12","D",15,"D",,"A",,"A",,"A",,"A"
"20131",2614682,111,0,"1","400","D","12","D",25,"D",,"A",,"A",,"A",,"A"
"20131",2614682,112,0,"1","420","D","11","D",59,"D",,"A",,"A",,"A",,"A"
"20131",2614722,50,0,"1","420","D","10","D",40,"D",,"A",,"A",,"A",,"A"
"20131",2614722,51,0,"1","410","D","10","D",5,"D",,"A",,"A",,"A",,"A"
"20131",2614822,46,0,"1","430","D","11","D",.,"H","410","D","415","D",,"A",,"A"
"20131",2614822,46,1,"1","410","D","11","D",33,"E",,"A",,"A",,"A",,"A"
"20131",2614822,46,2,"1","420","D","11","D",117,"E",,"A",,"A",,"A",,"A"
"20131",2614902,87,0,"1","410","D","10","D",46,"D",,"A",,"A",,"A",,"A"
"20131",2614972,106,0,"1","420","D","10","D",69,"D",,"A",,"A",,"A",,"A"
"20131",2614972,107,0,"1","410","D","12","D",89,"D",,"A",,"A",,"A",,"A"
"20131",2615322,46,0,"1","400","D","10","D",16,"D",,"A",,"A",,"A",,"A"
"20131",2615422,42,0,"2","420","D","10","D",81,"D",,"A",,"A",,"A",,"A"
"20131",2615662,50,0,"1","420","D","12","D",150,"D",,"A",,"A",,"A",,"A"
"20131",2615822,32,0,"1","410","D","11","D",20,"D",,"A",,"A",,"A",,"A"
"20131",2615822,33,0,"1","420","D","11","D",451,"D",,"A",,"A",,"A",,"A"
"20131",2615882,73,0,"2","420","D","10","D",127,"D",,"A",,"A",,"A",,"A"
"20131",2615892,48,0,"1","410","D","12","D",10,"D",,"A",,"A",,"A",,"A"
"20131",2615942,62,0,"1","400","D","12","D",40,"D",,"A",,"A",,"A",,"A"
"20131",2615975,70,0,"1","420","D","12","D",75,"D",,"A",,"A",,"A",,"A"
"20131",2616202,39,0,"2","410","D","10","D",75,"D",,"A",,"A",,"A",,"A"
"20131",2616372,97,0,"1","420","D","12","D",27,"D",,"A",,"A",,"A",,"A"
"20131",2616372,98,0,"1","420","D","10","D",27,"D",,"A",,"A",,"A",,"A"
"20131",2616452,35,0,"1","420","D","12","D",115,"D",,"A",,"A",,"A",,"A"
"20131",2616482,50,0,"1","410","D","11","D",65,"D",,"A",,"A",,"A",,"A"
"20131",2616482,51,0,"1","420","D","11","D",96,"D",,"A",,"A",,"A",,"A"
"20131",2616522,55,0,"1","400","D","12","D",45,"D",,"A",,"A",,"A",,"A"
"20131",2616542,33,0,"2","420","D","10","D",75,"D",,"A",,"A",,"A",,"A"
"20131",2616562,58,0,"1","420","D","12","D",171,"D",,"A",,"A",,"A",,"A"
"20131",2616592,46,0,"1","420","D","11","D",145,"D",,"A",,"A",,"A",,"A"
"20131",2616682,57,0,"1","400","D","12","D",20,"D",,"A",,"A",,"A",,"A"
"20131",2616832,61,0,"1","400","D","12","D",49,"D",,"A",,"A",,"A",,"A"
"20131",2616852,31,0,"1","410","D","11","D",20,"D",,"A",,"A",,"A",,"A"
"20131",2616852,32,0,"1","420","D","11","D",55,"D",,"A",,"A",,"A",,"A"
"20131",2616872,72,0,"1","400","D","12","D",42,"D",,"A",,"A",,"A",,"A"
"20131",2616922,54,0,"1","420","D","12","D",37,"D",,"A",,"A",,"A",,"A"
"20131",2617102,71,0,"1","410","D","10","D",40,"D",,"A",,"A",,"A",,"A"
"20131",2617112,51,0,"1","400","D","10","D",20,"D",,"A",,"A",,"A",,"A"
"20131",2617242,98,0,"1","410","D","10","D",39,"D",,"A",,"A",,"A",,"A"
"20131",2617242,99,0,"1","410","D","12","D",62,"D",,"A",,"A",,"A",,"A"
"20131",2617242,100,0,"2","410","D","10","D",16,"D",,"A",,"A",,"A",,"A"
"20131",2617242,101,0,"2","420","D","10","D",82,"D",,"A",,"A",,"A",,"A"
"20131",2617382,108,0,"1","420","D","12","D",15,"D",,"A",,"A",,"A",,"A"
"20131",2617382,109,0,"2","420","D","10","D",82,"D",,"A",,"A",,"A",,"A"
"20131",2617382,110,0,"2","400","D","10","D",18,"D",,"A",,"A",,"A",,"A"
"20131",2617402,53,0,"1","410","D","12","D",40,"D",,"A",,"A",,"A",,"A"
"20131",2617402,54,0,"1","410","D","11","D",40,"D",,"A",,"A",,"A",,"A"
"20131",2617402,55,0,"1","420","D","11","D",140,"D",,"A",,"A",,"A",,"A"
"20131",2617402,56,0,"1","420","D","12","D",140,"D",,"A",,"A",,"A",,"A"
"20131",2617462,77,0,"1","420","D","11","D",121,"D",,"A",,"A",,"A",,"A"
"20131",2617472,33,0,"1","410","D","11","D",35,"D",,"A",,"A",,"A",,"A"
"20131",2617472,34,0,"1","420","D","11","D",60,"F",,"A",,"A",,"A",,"A"
"20131",2617592,63,0,"1","420","D","10","D",125,"D",,"A",,"A",,"A",,"A"
"20131",2617672,40,0,"1","420","D","10","D",50,"D",,"A",,"A",,"A",,"A"
"20131",2617682,31,0,"1","420","D","10","D",45,"D",,"A",,"A",,"A",,"A"
"20131",2617892,65,0,"1","400","D","12","D",35,"D",,"A",,"A",,"A",,"A"
"20131",2617892,66,0,"1","420","D","12","D",18,"D",,"A",,"A",,"A",,"A"
"20131",2617892,67,0,"1","420","D","11","D",99,"D",,"A",,"A",,"A",,"A"
"20131",2617902,47,0,"1","420","D","12","D",24,"D",,"A",,"A",,"A",,"A"
"20131",2617992,71,0,"1","410","D","11","D",25,"D",,"A",,"A",,"A",,"A"
"20131",2617992,72,0,"1","420","D","11","D",15,"D",,"A",,"A",,"A",,"A"
"20131",2618132,91,0,"1","420","D","11","D",138,"D",,"A",,"A",,"A",,"A"
"20131",2618132,92,0,"1","410","D","11","D",17,"D",,"A",,"A",,"A",,"A"
"20131",2618232,39,0,"1","410","D","11","D",29,"D",,"A",,"A",,"A",,"A"
"20131",2618242,130,0,"1","400","D","12","D",27,"D",,"A",,"A",,"A",,"A"
"20131",2618432,40,0,"1","400","D","11","D",80,"D",,"A",,"A",,"A",,"A"
"20131",2618602,66,0,"1","410","D","11","D",5,"D",,"A",,"A",,"A",,"A"
"20131",2618602,67,0,"1","420","D","11","D",880,"D",,"A",,"A",,"A",,"A"
"20131",2618602,68,0,"1","420","D","12","D",300,"D",,"A",,"A",,"A",,"A"
"20131",2618792,53,0,"1","420","D","11","D",100,"D",,"A",,"A",,"A",,"A"
"20131",2618863,23,0,"1","410","D","12","D",1,"D",,"A",,"A",,"A",,"A"
"20131",2618892,44,0,"1","420","D","10","D",700,"D",,"A",,"A",,"A",,"A"
"20131",2618892,45,0,"2","400","D","10","D",20,"D",,"A",,"A",,"A",,"A"
"20131",2618972,45,0,"1","420","D","12","D",173,"D",,"A",,"A",,"A",,"A"
"20131",2618972,46,0,"1","420","D","12","D",41,"D",,"A",,"A",,"A",,"A"
"20131",2619032,106,0,"1","420","D","11","D",36,"D",,"A",,"A",,"A",,"A"
"20131",2619032,107,0,"2","400","D","10","D",36,"D",,"A",,"A",,"A",,"A"
"20131",2619042,52,0,"2","410","D","10","D",50,"D",,"A",,"A",,"A",,"A"
"20131",2619082,44,0,"1","400","D","12","D",50,"D",,"A",,"A",,"A",,"A"
"20131",2619142,72,0,"1","420","D","11","D",42,"D",,"A",,"A",,"A",,"A"
"20131",2619142,73,0,"1","420","D","12","D",319,"D",,"A",,"A",,"A",,"A"
"20131",2619322,65,0,"1","410","D","11","D",20,"D",,"A",,"A",,"A",,"A"
"20131",2619342,28,0,"1","430","D","12","D",.,"H","415","D","400","D",,"A",,"A"
"20131",2619342,28,1,"1","420","D","12","D",168,"E",,"A",,"A",,"A",,"A"
"20131",2619342,28,2,"1","400","D","12","D",32,"E",,"A",,"A",,"A",,"A"
"20131",2619692,63,0,"1","400","D","11","D",22,"F",,"A",,"A",,"A",,"A"
"20131",2619762,46,0,"2","420","D","10","D",92,"D",,"A",,"A",,"A",,"A"
"20131",2619852,75,0,"2","420","D","10","D",371,"D",,"A",,"A",,"A",,"A"
"20131",2619862,63,0,"1","420","D","12","D",189,"D",,"A",,"A",,"A",,"A"
"20131",2620182,58,0,"1","430","D","11","D",.,"H","415","D","410","D",,"A",,"A"
"20131",2620182,58,1,"1","420","D","11","D",58,"E",,"A",,"A",,"A",,"A"
"20131",2620182,58,2,"1","410","D","11","D",32,"E",,"A",,"A",,"A",,"A"
"20131",2620182,59,0,"1","430","D","12","D",.,"H","415","D","410","D",,"A",,"A"
"20131",2620182,59,1,"1","420","D","12","D",58,"E",,"A",,"A",,"A",,"A"
"20131",2620182,59,2,"1","410","D","12","D",32,"E",,"A",,"A",,"A",,"A"
"20131",2620222,63,0,"1","420","D","10","D",85,"D",,"A",,"A",,"A",,"A"
"20131",2620222,64,0,"1","420","D","11","D",75,"D",,"A",,"A",,"A",,"A"
"20131",2620222,65,0,"2","420","D","10","D",85,"D",,"A",,"A",,"A",,"A"
"20131",2620292,76,0,"1","420","D","11","D",60,"D",,"A",,"A",,"A",,"A"
"20131",2620372,45,0,"1","420","D","12","D",125,"F",,"A",,"A",,"A",,"A"
"20131",2620382,52,0,"1","420","D","12","D",122,"D",,"A",,"A",,"A",,"A"
"20131",2620452,44,0,"1","420","D","10","D",170,"D",,"A",,"A",,"A",,"A"
"20131",2620452,45,0,"1","420","D","12","D",170,"D",,"A",,"A",,"A",,"A"
"20131",2620482,63,0,"1","420","D","12","D",49,"D",,"A",,"A",,"A",,"A"
"20131",2620542,48,0,"1","420","D","10","D",262,"D",,"A",,"A",,"A",,"A"
"20131",2620542,49,0,"1","420","D","11","D",359,"D",,"A",,"A",,"A",,"A"
"20131",2620562,49,0,"1","420","D","11","D",90,"D",,"A",,"A",,"A",,"A"
"20131",2620582,35,0,"1","420","D","12","D",128,"D",,"A",,"A",,"A",,"A"
"20131",2620603,54,0,"2","400","D","10","D",65,"D",,"A",,"A",,"A",,"A"
"20131",2620603,55,0,"2","420","D","10","D",200,"D",,"A",,"A",,"A",,"A"
"20131",2620682,51,0,"2","410","D","10","D",40,"D",,"A",,"A",,"A",,"A"
"20131",2620772,81,0,"1","420","D","11","D",297,"D",,"A",,"A",,"A",,"A"
"20131",2620802,71,0,"1","410","D","11","D",30,"D",,"A",,"A",,"A",,"A"
"20131",2620802,72,0,"1","420","D","11","D",90,"D",,"A",,"A",,"A",,"A"
"20131",2620802,73,0,"2","410","D","10","D",15,"D",,"A",,"A",,"A",,"A"
"20131",2620882,78,0,"1","410","D","11","D",21,"D",,"A",,"A",,"A",,"A"
"20131",2620914,25,0,"1","420","D","11","D",125,"D",,"A",,"A",,"A",,"A"
"20131",2620932,67,0,"1","420","D","12","D",324,"D",,"A",,"A",,"A",,"A"
"20131",2620952,43,0,"2","400","D","10","D",25,"D",,"A",,"A",,"A",,"A"
"20131",2620952,44,0,"2","410","D","10","D",80,"D",,"A",,"A",,"A",,"A"
"20131",2620952,45,0,"2","420","D","10","D",340,"D",,"A",,"A",,"A",,"A"
"20131",2621062,58,0,"1","420","D","12","D",36,"D",,"A",,"A",,"A",,"A"
"20131",2621112,60,0,"1","410","D","12","D",35,"D",,"A",,"A",,"A",,"A"
"20131",2621112,61,0,"1","420","D","12","D",110,"D",,"A",,"A",,"A",,"A"
"20131",2621122,106,0,"1","410","D","11","D",50,"D",,"A",,"A",,"A",,"A"
"20131",2621182,88,0,"1","400","D","11","D",20,"D",,"A",,"A",,"A",,"A"
"20131",2621192,87,0,"1","430","D","12","D",.,"H","415","D","400","D",,"A",,"A"
"20131",2621192,87,1,"1","420","D","12","D",167,"E",,"A",,"A",,"A",,"A"
"20131",2621192,87,2,"1","400","D","12","D",33,"E",,"A",,"A",,"A",,"A"
"20131",2621242,53,0,"1","420","D","12","D",160,"D",,"A",,"A",,"A",,"A"
"20131",2621392,71,0,"1","410","D","10","D",16,"D",,"A",,"A",,"A",,"A"
"20131",2621452,39,0,"1","400","D","11","D",50,"D",,"A",,"A",,"A",,"A"
"20131",2621462,45,0,"2","410","D","10","D",30,"D",,"A",,"A",,"A",,"A"
"20131",2621482,45,0,"1","420","D","12","D",56,"D",,"A",,"A",,"A",,"A"
"20131",2621542,67,0,"2","420","D","10","D",99,"D",,"A",,"A",,"A",,"A"
"20131",2621582,60,0,"1","410","D","12","D",16,"D",,"A",,"A",,"A",,"A"
"20131",2621702,36,0,"1","420","D","10","D",47,"D",,"A",,"A",,"A",,"A"
"20131",2621712,45,0,"1","400","D","10","D",11,"D",,"A",,"A",,"A",,"A"
"20131",2621964,88,0,"2","420","D","10","D",150,"D",,"A",,"A",,"A",,"A"
"20131",2621964,89,0,"2","420","D","10","D",50,"D",,"A",,"A",,"A",,"A"
"20131",2622192,46,0,"1","420","D","10","D",325,"D",,"A",,"A",,"A",,"A"
"20131",2622222,99,0,"1","410","D","10","D",80,"D",,"A",,"A",,"A",,"A"
"20131",2622222,100,0,"1","420","D","10","D",36,"D",,"A",,"A",,"A",,"A"
"20131",2622242,89,0,"1","410","D","10","D",55,"D",,"A",,"A",,"A",,"A"
"20131",2622252,41,0,"1","400","D","11","D",30,"D",,"A",,"A",,"A",,"A"
"20131",2622332,43,0,"1","420","D","12","D",54,"D",,"A",,"A",,"A",,"A"
"20131",2622362,54,0,"1","420","D","11","D",58,"D",,"A",,"A",,"A",,"A"
"20131",2622402,64,0,"1","410","D","11","D",100,"D",,"A",,"A",,"A",,"A"
"20131",2622492,45,0,"1","420","D","11","D",350,"D",,"A",,"A",,"A",,"A"
"20131",2622572,83,0,"1","420","D","12","D",245,"D",,"A",,"A",,"A",,"A"
"20131",2622572,84,0,"2","420","D","10","D",186,"D",,"A",,"A",,"A",,"A"
"20131",2622572,85,0,"2","410","D","10","D",55,"D",,"A",,"A",,"A",,"A"
"20131",2622612,50,0,"1","410","D","12","D",25,"D",,"A",,"A",,"A",,"A"
"20131",2622662,53,0,"1","420","D","12","D",84,"D",,"A",,"A",,"A",,"A"
"20131",2622692,47,0,"1","410","D","11","D",13,"D",,"A",,"A",,"A",,"A"
"20131",2622692,48,0,"1","420","D","11","D",250,"D",,"A",,"A",,"A",,"A"
"20131",2622692,49,0,"1","420","D","11","D",250,"D",,"A",,"A",,"A",,"A"
"20131",2622792,110,0,"1","420","D","12","D",280,"D",,"A",,"A",,"A",,"A"
"20131",2622792,111,0,"1","410","D","11","D",37,"D",,"A",,"A",,"A",,"A"
"20131",2622842,72,0,"1","400","D","12","D",20,"D",,"A",,"A",,"A",,"A"
"20131",2622842,73,0,"1","410","D","12","D",40,"D",,"A",,"A",,"A",,"A"
"20131",2622842,74,0,"1","420","D","12","D",50,"D",,"A",,"A",,"A",,"A"
"20131",2622902,49,0,"1","410","D","11","D",36,"D",,"A",,"A",,"A",,"A"
"20131",2623052,79,0,"1","400","D","11","D",60,"D",,"A",,"A",,"A",,"A"
"20131",2623112,57,0,"1","400","D","11","D",16,"D",,"A",,"A",,"A",,"A"
"20131",2623112,58,0,"1","420","D","11","D",36,"D",,"A",,"A",,"A",,"A"
"20131",2623132,48,0,"1","410","D","11","D",15,"D",,"A",,"A",,"A",,"A"
"20131",2623202,51,0,"1","420","D","11","D",40,"D",,"A",,"A",,"A",,"A"
"20131",2623202,52,0,"1","430","D","12","D",.,"H","410","D","425","D","415","D",,"A"
"20131",2623202,52,1,"1","410","D","12","D",227,"E",,"A",,"A",,"A",,"A"
"20131",2623202,52,2,"1","420","D","12","D",227,"E",,"A",,"A",,"A",,"A"
"20131",2623202,52,3,"1","420","D","12","D",246,"E",,"A",,"A",,"A",,"A"
"20131",2623242,131,0,"1","420","D","11","D",369,"D",,"A",,"A",,"A",,"A"
"20131",2623252,55,0,"2","420","D","10","D",385,"D",,"A",,"A",,"A",,"A"
"20131",2623322,54,0,"1","410","D","12","D",29,"D",,"A",,"A",,"A",,"A"
"20131",2623382,67,0,"1","420","D","11","D",350,"D",,"A",,"A",,"A",,"A"
"20131",2623402,54,0,"1","420","D","12","D",250,"D",,"A",,"A",,"A",,"A"
"20131",2623402,55,0,"1","410","D","12","D",40,"D",,"A",,"A",,"A",,"A"
"20131",2623402,56,0,"2","410","D","10","D",40,"D",,"A",,"A",,"A",,"A"
"20131",2623522,62,0,"1","420","D","12","D",47,"D",,"A",,"A",,"A",,"A"
"20131",2623522,63,0,"1","420","D","12","D",70,"D",,"A",,"A",,"A",,"A"
"20131",2623582,61,0,"1","420","D","12","D",27,"D",,"A",,"A",,"A",,"A"
"20131",2623632,41,0,"1","410","D","11","D",15,"D",,"A",,"A",,"A",,"A"
"20131",2623632,42,0,"1","410","D","11","D",15,"D",,"A",,"A",,"A",,"A"
"20131",2623632,43,0,"1","420","D","12","D",58,"D",,"A",,"A",,"A",,"A"
"20131",2623632,44,0,"1","420","D","12","D",67,"D",,"A",,"A",,"A",,"A"
"20131",2623655,34,0,"1","410","D","10","D",35,"D",,"A",,"A",,"A",,"A"
"20131",2623655,35,0,"1","420","D","10","D",180,"D",,"A",,"A",,"A",,"A"
"20131",2623772,45,0,"1","420","D","11","D",94,"D",,"A",,"A",,"A",,"A"
"20131",2623812,32,0,"1","410","D","12","D",120,"D",,"A",,"A",,"A",,"A"
"20131",2623942,61,0,"1","420","D","12","D",148,"D",,"A",,"A",,"A",,"A"
"20131",2623972,42,0,"1","420","D","11","D",80,"F",,"A",,"A",,"A",,"A"
"20131",2623992,42,0,"2","420","D","10","D",97,"D",,"A",,"A",,"A",,"A"
"20131",2624022,38,0,"2","420","D","10","D",16,"D",,"A",,"A",,"A",,"A"
"20131",2624112,28,0,"1","420","D","10","D",97,"D",,"A",,"A",,"A",,"A"
"20131",2624192,63,0,"2","420","D","11","D",100,"D",,"A",,"A",,"A",,"A"
"20131",2624452,44,0,"1","420","D","12","D",142,"D",,"A",,"A",,"A",,"A"
"20131",2624572,53,0,"1","420","D","01","D",210,"D",,"A",,"A",,"A",,"A"
"20131",2624632,31,0,"1","410","D","12","D",37,"D",,"A",,"A",,"A",,"A"
"20131",2624712,74,0,"1","420","D","01","D",230,"D",,"A",,"A",,"A",,"A"
"20131",2624792,83,0,"1","420","D","01","D",35,"D",,"A",,"A",,"A",,"A"
"20131",2625032,68,0,"1","410","D","12","D",200,"D",,"A",,"A",,"A",,"A"
"20131",2625032,69,0,"1","400","D","12","D",31,"D",,"A",,"A",,"A",,"A"
"20131",2625102,43,0,"1","420","D","11","D",99,"D",,"A",,"A",,"A",,"A"
"20131",2625292,47,0,"1","420","D","01","D",256,"D",,"A",,"A",,"A",,"A"
"20131",2625332,58,0,"1","400","D","01","D",55,"D",,"A",,"A",,"A",,"A"
"20131",2625352,29,0,"1","420","D","01","D",75,"D",,"A",,"A",,"A",,"A"
"20131",2625382,54,0,"1","420","D","12","D",200,"D",,"A",,"A",,"A",,"A"
"20131",2625642,89,0,"1","410","D","01","D",38,"D",,"A",,"A",,"A",,"A"
"20131",2625752,44,0,"2","420","D","11","D",53,"D",,"A",,"A",,"A",,"A"
"20131",2625802,39,0,"1","410","D","01","D",79,"D",,"A",,"A",,"A",,"A"
"20131",2625814,82,0,"1","420","D","01","D",100,"D",,"A",,"A",,"A",,"A"
"20131",2625974,34,0,"2","420","D","11","D",220,"D",,"A",,"A",,"A",,"A"
"20131",2626092,43,0,"1","410","D","01","D",80,"D",,"A",,"A",,"A",,"A"
"20131",2626092,44,0,"1","420","D","01","D",200,"D",,"A",,"A",,"A",,"A"
"20131",2626142,82,0,"1","420","D","12","D",77,"D",,"A",,"A",,"A",,"A"
"20131",2626262,106,0,"1","410","D","01","D",25,"D",,"A",,"A",,"A",,"A"
"20131",2626262,107,0,"1","420","D","01","D",50,"D",,"A",,"A",,"A",,"A"
"20131",2626312,74,0,"1","420","D","11","D",38,"D",,"A",,"A",,"A",,"A"
"20131",2626312,75,0,"1","420","D","11","D",68,"D",,"A",,"A",,"A",,"A"
"20131",2626382,52,0,"1","420","D","11","D",92,"D",,"A",,"A",,"A",,"A"
"20131",2626532,67,0,"1","410","D","12","D",18,"D",,"A",,"A",,"A",,"A"
"20131",2626532,68,0,"1","410","D","01","D",18,"D",,"A",,"A",,"A",,"A"
"20131",2626532,69,0,"1","420","D","12","D",20,"D",,"A",,"A",,"A",,"A"
"20131",2626592,54,0,"1","410","D","01","D",13,"D",,"A",,"A",,"A",,"A"
"20131",2626985,54,0,"1","400","D","01","D",200,"D",,"A",,"A",,"A",,"A"
"20131",2627022,44,0,"2","400","D","11","D",6,"D",,"A",,"A",,"A",,"A"
"20131",2627062,55,0,"1","400","D","11","D",30,"D",,"A",,"A",,"A",,"A"
"20131",2627152,50,0,"1","400","D","12","D",30,"D",,"A",,"A",,"A",,"A"
"20131",2627152,51,0,"1","420","D","12","D",100,"D",,"A",,"A",,"A",,"A"
"20131",2627242,50,0,"1","420","D","01","D",85,"D",,"A",,"A",,"A",,"A"
"20131",2627612,45,0,"1","410","D","01","D",21,"D",,"A",,"A",,"A",,"A"
"20131",2627652,44,0,"1","400","D","11","D",40,"D",,"A",,"A",,"A",,"A"
"20131",2627652,45,0,"1","420","D","11","D",800,"D",,"A",,"A",,"A",,"A"
"20131",2627702,37,0,"1","400","D","12","D",42,"D",,"A",,"A",,"A",,"A"
"20131",2627762,44,0,"1","420","D","11","D",50,"D",,"A",,"A",,"A",,"A"
"20131",2627842,42,0,"1","420","D","01","D",58,"D",,"A",,"A",,"A",,"A"
"20131",2628162,68,0,"1","420","D","01","D",300,"D",,"A",,"A",,"A",,"A"
"20131",2628162,69,0,"2","410","D","11","D",15,"D",,"A",,"A",,"A",,"A"
"20131",2628162,70,0,"2","420","D","11","D",240,"D",,"A",,"A",,"A",,"A"
"20131",2628252,34,0,"1","410","D","01","D",29,"D",,"A",,"A",,"A",,"A"
"20131",2628252,35,0,"1","420","D","01","D",49,"D",,"A",,"A",,"A",,"A"
"20131",2628332,54,0,"1","400","D","01","D",25,"D",,"A",,"A",,"A",,"A"
"20131",2628332,55,0,"2","420","D","11","D",68,"D",,"A",,"A",,"A",,"A"
"20131",2628342,73,0,"1","410","D","01","D",40,"D",,"A",,"A",,"A",,"A"
"20131",2628342,74,0,"1","420","D","11","D",140,"D",,"A",,"A",,"A",,"A"
"20131",2628382,58,0,"1","420","D","01","D",118,"D",,"A",,"A",,"A",,"A"
"20131",2628442,65,0,"1","400","D","01","D",30,"D",,"A",,"A",,"A",,"A"
"20131",2628472,53,0,"1","420","D","01","D",24,"D",,"A",,"A",,"A",,"A"
"20131",2628532,59,0,"1","400","D","11","D",25,"D",,"A",,"A",,"A",,"A"
"20131",2628555,44,0,"1","400","D","11","D",25,"D",,"A",,"A",,"A",,"A"
"20131",2628602,34,0,"1","420","D","12","D",47,"D",,"A",,"A",,"A",,"A"
"20131",2628632,46,0,"1","420","D","12","D",240,"D",,"A",,"A",,"A",,"A"
"20131",2628662,59,0,"1","420","D","01","D",24,"D",,"A",,"A",,"A",,"A"
"20131",2628742,55,0,"1","420","D","01","D",50,"D",,"A",,"A",,"A",,"A"
"20131",2628802,101,0,"1","420","D","12","D",50,"D",,"A",,"A",,"A",,"A"
"20131",2628842,65,0,"1","420","D","11","D",26,"D",,"A",,"A",,"A",,"A"
"20131",2628852,80,0,"1","410","D","12","D",25,"D",,"A",,"A",,"A",,"A"
"20131",2628852,81,0,"1","420","D","12","D",48,"D",,"A",,"A",,"A",,"A"
"20131",2628872,65,0,"1","420","D","11","D",129,"D",,"A",,"A",,"A",,"A"
"20131",2628872,66,0,"1","420","D","11","D",29,"D",,"A",,"A",,"A",,"A"
"20131",2628902,55,0,"1","420","D","12","D",235,"D",,"A",,"A",,"A",,"A"
"20131",2628902,56,0,"2","400","D","11","D",22,"D",,"A",,"A",,"A",,"A"
"20131",2628952,42,0,"1","410","D","01","D",28,"D",,"A",,"A",,"A",,"A"
"20131",2628952,43,0,"1","420","D","01","D",63,"D",,"A",,"A",,"A",,"A"
"20131",2628972,61,0,"1","410","D","12","D",29,"D",,"A",,"A",,"A",,"A"
"20131",2628972,62,0,"1","410","D","12","D",29,"D",,"A",,"A",,"A",,"A"
"20131",2628972,63,0,"1","420","D","01","D",35,"D",,"A",,"A",,"A",,"A"
"20131",2629022,49,0,"1","430","D","11","D",.,"H","410","D","400","D",,"A",,"A"
"20131",2629022,49,1,"1","410","D","11","D",16,"E",,"A",,"A",,"A",,"A"
"20131",2629022,49,2,"1","400","D","11","D",24,"E",,"A",,"A",,"A",,"A"
"20131",2629082,47,0,"1","410","D","12","D",70,"D",,"A",,"A",,"A",,"A"
"20131",2629174,38,0,"1","410","D","11","D",20,"D",,"A",,"A",,"A",,"A"
"20131",2629232,45,0,"1","420","D","11","D",30,"D",,"A",,"A",,"A",,"A"
"20131",2629242,54,0,"1","420","D","01","D",204,"D",,"A",,"A",,"A",,"A"
"20131",2629292,52,0,"1","420","D","01","D",77,"D",,"A",,"A",,"A",,"A"
"20131",2629352,54,0,"1","420","D","12","D",45,"D",,"A",,"A",,"A",,"A"
"20131",2629352,55,0,"2","420","D","11","D",44,"D",,"A",,"A",,"A",,"A"
"20131",2629382,93,0,"1","420","D","01","D",86,"D",,"A",,"A",,"A",,"A"
"20131",2629562,46,0,"1","420","D","01","D",175,"D",,"A",,"A",,"A",,"A"
"20131",2629582,37,0,"1","420","D","11","D",49,"D",,"A",,"A",,"A",,"A"
"20131",2629722,47,0,"2","400","D","11","D",235,"D",,"A",,"A",,"A",,"A"
"20131",2629722,48,0,"2","420","D","11","D",800,"D",,"A",,"A",,"A",,"A"
"20131",2629762,37,0,"1","400","D","01","D",20,"D",,"A",,"A",,"A",,"A"
"20131",2629892,66,0,"2","420","D","11","D",65,"D",,"A",,"A",,"A",,"A"
"20131",2629912,62,0,"1","400","D","11","D",10,"D",,"A",,"A",,"A",,"A"
"20131",2629912,63,0,"1","420","D","12","D",175,"D",,"A",,"A",,"A",,"A"
"20131",2629912,64,0,"1","420","D","12","D",65,"D",,"A",,"A",,"A",,"A"
"20131",2629932,39,0,"2","420","D","11","D",100,"D",,"A",,"A",,"A",,"A"
"20131",2630002,33,0,"2","400","D","11","D",75,"D",,"A",,"A",,"A",,"A"
"20131",2630022,48,0,"1","420","D","12","D",100,"D",,"A",,"A",,"A",,"A"
"20131",2630032,81,0,"1","420","D","12","D",45,"D",,"A",,"A",,"A",,"A"
"20131",2630032,82,0,"1","410","D","11","D",13,"D",,"A",,"A",,"A",,"A"
"20131",2630062,47,0,"1","400","D","01","D",16,"D",,"A",,"A",,"A",,"A"
"20131",2630242,126,0,"1","420","D","01","D",84,"D",,"A",,"A",,"A",,"A"
"20131",2630312,68,0,"2","410","D","11","D",16,"D",,"A",,"A",,"A",,"A"
"20131",2630372,29,0,"1","410","D","01","D",68,"D",,"A",,"A",,"A",,"A"
"20131",2630372,30,0,"1","420","D","01","D",51,"D",,"A",,"A",,"A",,"A"
"20131",2630412,33,0,"1","420","D","12","D",40,"D",,"A",,"A",,"A",,"A"
"20131",2630442,54,0,"1","400","D","12","D",50,"F",,"A",,"A",,"A",,"A"
"20131",2630442,55,0,"1","420","D","01","D",90,"D",,"A",,"A",,"A",,"A"
"20131",2630522,98,0,"1","400","D","12","D",20,"D",,"A",,"A",,"A",,"A"
"20131",2630522,99,0,"1","420","D","11","D",55,"D",,"A",,"A",,"A",,"A"
"20131",2630712,63,0,"2","420","D","11","D",48,"D",,"A",,"A",,"A",,"A"
"20131",2630782,51,0,"1","420","D","01","D",104,"D",,"A",,"A",,"A",,"A"
"20131",2630852,70,0,"1","420","D","12","D",87,"D",,"A",,"A",,"A",,"A"
"20131",2630852,71,0,"2","420","D","11","D",102,"D",,"A",,"A",,"A",,"A"
"20131",2630892,69,0,"1","420","D","12","D",67,"D",,"A",,"A",,"A",,"A"
"20131",2630932,42,0,"1","410","D","01","D",20,"D",,"A",,"A",,"A",,"A"
"20131",2630932,43,0,"1","420","D","01","D",110,"D",,"A",,"A",,"A",,"A"
"20131",2630972,68,0,"1","420","D","01","D",90,"D",,"A",,"A",,"A",,"A"
"20131",2631002,26,0,"2","400","D","11","D",25,"D",,"A",,"A",,"A",,"A"
"20131",2631012,53,0,"2","420","D","11","D",200,"D",,"A",,"A",,"A",,"A"
"20131",2631052,57,0,"1","410","D","12","D",25,"D",,"A",,"A",,"A",,"A"
"20131",2631052,58,0,"1","420","D","12","D",140,"D",,"A",,"A",,"A",,"A"
"20131",2631242,36,0,"1","420","D","11","D",45,"D",,"A",,"A",,"A",,"A"
"20131",2631302,40,0,"1","400","D","12","D",66,"D",,"A",,"A",,"A",,"A"
"20131",2631362,45,0,"1","420","D","11","D",94,"D",,"A",,"A",,"A",,"A"
"20131",2631482,29,0,"2","420","D","11","D",20,"D",,"A",,"A",,"A",,"A"
"20131",2631602,39,0,"1","420","D","12","D",198,"D",,"A",,"A",,"A",,"A"
"20131",2631673,41,0,"1","400","D","11","D",20,"D",,"A",,"A",,"A",,"A"
"20131",2631712,42,0,"1","420","D","01","D",40,"D",,"A",,"A",,"A",,"A"
"20131",2631762,81,0,"1","420","D","01","D",296,"D",,"A",,"A",,"A",,"A"
"20131",2631762,82,0,"1","420","D","12","D",127,"D",,"A",,"A",,"A",,"A"
"20131",2631762,83,0,"1","410","D","11","D",20,"D",,"A",,"A",,"A",,"A"
"20131",2631832,26,0,"1","420","D","11","D",125,"D",,"A",,"A",,"A",,"A"
"20131",2631962,68,0,"1","400","D","01","D",30,"D",,"A",,"A",,"A",,"A"
"20131",2632002,58,0,"1","400","D","12","D",32,"D",,"A",,"A",,"A",,"A"
"20131",2632032,68,0,"1","410","D","01","D",15,"D",,"A",,"A",,"A",,"A"
"20131",2632082,109,0,"1","420","D","12","D",23,"D",,"A",,"A",,"A",,"A"
"20131",2632192,62,0,"1","410","D","11","D",25,"D",,"A",,"A",,"A",,"A"
"20131",2632192,63,0,"1","420","D","11","D",200,"D",,"A",,"A",,"A",,"A"
"20131",2632282,62,0,"1","420","D","11","D",168,"D",,"A",,"A",,"A",,"A"
"20131",2632482,52,0,"1","420","D","12","D",144,"D",,"A",,"A",,"A",,"A"
"20131",2632612,46,0,"1","420","D","01","D",55,"D",,"A",,"A",,"A",,"A"
"20131",2632612,47,0,"1","420","D","12","D",20,"D",,"A",,"A",,"A",,"A"
"20131",2632692,105,0,"1","420","D","12","D",370,"D",,"A",,"A",,"A",,"A"
"20131",2632802,71,0,"1","420","D","01","D",300,"D",,"A",,"A",,"A",,"A"
"20131",2632902,42,0,"1","410","D","01","D",28,"D",,"A",,"A",,"A",,"A"
"20131",2632902,43,0,"1","420","D","01","D",140,"D",,"A",,"A",,"A",,"A"
"20131",2633022,32,0,"1","420","D","01","D",60,"D",,"A",,"A",,"A",,"A"
"20131",2633182,48,0,"1","400","D","12","D",30,"D",,"A",,"A",,"A",,"A"
"20131",2633192,62,0,"1","420","D","12","D",262,"D",,"A",,"A",,"A",,"A"
"20131",2633192,63,0,"1","420","D","12","D",47,"D",,"A",,"A",,"A",,"A"
"20131",2633282,35,0,"2","420","D","11","D",102,"D",,"A",,"A",,"A",,"A"
"20131",2633332,41,0,"1","420","D","01","D",180,"D",,"A",,"A",,"A",,"A"
"20131",2633483,69,0,"1","420","D","01","D",183,"D",,"A",,"A",,"A",,"A"
"20131",2633582,58,0,"1","420","D","01","D",360,"D",,"A",,"A",,"A",,"A"
"20131",2633652,53,0,"1","400","D","01","D",25,"D",,"A",,"A",,"A",,"A"
"20131",2633662,49,0,"1","400","D","11","D",54,"D",,"A",,"A",,"A",,"A"
"20131",2633912,77,0,"1","420","D","11","D",65,"D",,"A",,"A",,"A",,"A"
"20131",2633912,78,0,"2","400","D","11","D",20,"D",,"A",,"A",,"A",,"A"
"20131",2633952,49,0,"1","420","D","12","D",110,"D",,"A",,"A",,"A",,"A"
"20131",2634062,73,0,"1","400","D","01","D",35,"D",,"A",,"A",,"A",,"A"
"20131",2634102,78,0,"1","410","D","01","D",52,"D",,"A",,"A",,"A",,"A"
"20131",2634102,79,0,"1","420","D","12","D",36,"D",,"A",,"A",,"A",,"A"
"20131",2634272,36,0,"1","420","D","11","D",280,"D",,"A",,"A",,"A",,"A"
"20131",2634352,42,0,"1","410","D","01","D",15,"D",,"A",,"A",,"A",,"A"
"20131",2634435,31,0,"1","420","D","01","D",20,"D",,"A",,"A",,"A",,"A"
"20131",2634532,37,0,"1","410","D","01","D",35,"D",,"A",,"A",,"A",,"A"
"20131",2634532,38,0,"1","420","D","01","D",70,"D",,"A",,"A",,"A",,"A"
"20131",2634572,33,0,"1","420","D","12","D",30,"D",,"A",,"A",,"A",,"A"
"20131",2634632,43,0,"1","400","D","11","D",55,"D",,"A",,"A",,"A",,"A"
"20131",2634675,33,0,"1","420","D","12","D",110,"D",,"A",,"A",,"A",,"A"
"20131",2634712,50,0,"1","420","D","12","D",78,"D",,"A",,"A",,"A",,"A"
"20131",2634732,60,0,"1","420","D","11","D",80,"D",,"A",,"A",,"A",,"A"
"20131",2634812,41,0,"2","420","D","11","D",41,"D",,"A",,"A",,"A",,"A"
"20131",2635052,36,0,"1","410","D","11","D",29,"D",,"A",,"A",,"A",,"A"
"20131",2635152,54,0,"1","410","D","11","D",20,"D",,"A",,"A",,"A",,"A"
"20131",2635172,41,0,"1","420","D","01","D",72,"D",,"A",,"A",,"A",,"A"
"20131",2635342,46,0,"1","410","D","12","D",20,"D",,"A",,"A",,"A",,"A"
"20131",2635342,47,0,"1","420","D","12","D",85,"D",,"A",,"A",,"A",,"A"
"20131",2635552,62,0,"1","420","D","01","D",620,"D",,"A",,"A",,"A",,"A"
"20131",2635673,55,0,"1","420","D","12","D",138,"D",,"A",,"A",,"A",,"A"
"20131",2635712,40,0,"1","420","D","01","D",63,"D",,"A",,"A",,"A",,"A"
"20131",2635732,69,0,"1","420","D","12","D",34,"D",,"A",,"A",,"A",,"A"
"20131",2635912,56,0,"2","400","D","12","D",56,"D",,"A",,"A",,"A",,"A"
"20131",2635912,57,0,"2","420","D","12","D",204,"D",,"A",,"A",,"A",,"A"
"20131",2636012,42,0,"1","420","D","02","D",545,"D",,"A",,"A",,"A",,"A"
"20131",2636032,31,0,"1","410","D","01","D",174,"D",,"A",,"A",,"A",,"A"
"20131",2636042,58,0,"1","410","D","02","D",40,"D",,"A",,"A",,"A",,"A"
"20131",2636042,59,0,"1","420","D","02","D",65,"D",,"A",,"A",,"A",,"A"
"20131",2636132,104,0,"1","420","D","01","D",38,"D",,"A",,"A",,"A",,"A"
"20131",2636132,105,0,"1","420","D","12","D",90,"D",,"A",,"A",,"A",,"A"
"20131",2636262,30,0,"1","420","D","02","D",60,"D",,"A",,"A",,"A",,"A"
"20131",2636272,39,0,"1","420","D","01","D",63,"D",,"A",,"A",,"A",,"A"
"20131",2636352,54,0,"1","420","D","02","D",98,"D",,"A",,"A",,"A",,"A"
"20131",2636382,38,0,"1","420","D","02","D",171,"D",,"A",,"A",,"A",,"A"
"20131",2636382,39,0,"1","420","D","02","D",198,"D",,"A",,"A",,"A",,"A"
"20131",2636452,52,0,"2","420","D","12","D",60,"D",,"A",,"A",,"A",,"A"
"20131",2636622,66,0,"1","420","D","12","D",75,"D",,"A",,"A",,"A",,"A"
"20131",2636622,67,0,"2","420","D","12","D",84,"D",,"A",,"A",,"A",,"A"
"20131",2636692,48,0,"1","420","D","01","D",95,"D",,"A",,"A",,"A",,"A"
"20131",2637072,45,0,"2","420","D","12","D",269,"D",,"A",,"A",,"A",,"A"
"20131",2637092,48,0,"1","410","D","02","D",30,"D",,"A",,"A",,"A",,"A"
"20131",2637092,49,0,"1","420","D","02","D",196,"D",,"A",,"A",,"A",,"A"
"20131",2637102,23,0,"1","420","D","01","D",24,"D",,"A",,"A",,"A",,"A"
"20131",2637112,36,0,"1","420","D","01","D",15,"D",,"A",,"A",,"A",,"A"
"20131",2637182,36,0,"2","430","D","12","D",.,"H","415","D","410","D",,"A",,"A"
"20131",2637182,36,1,"2","420","D","12","D",52,"E",,"A",,"A",,"A",,"A"
"20131",2637182,36,2,"2","410","D","12","D",23,"E",,"A",,"A",,"A",,"A"
"20131",2637372,59,0,"1","420","D","02","D",90,"D",,"A",,"A",,"A",,"A"
"20131",2637452,43,0,"1","420","D","12","D",90,"D",,"A",,"A",,"A",,"A"
"20131",2637702,42,0,"1","400","D","12","D",45,"D",,"A",,"A",,"A",,"A"
"20131",2637732,68,0,"1","400","D","01","D",23,"D",,"A",,"A",,"A",,"A"
"20131",2637732,69,0,"1","420","D","01","D",244,"D",,"A",,"A",,"A",,"A"
"20131",2637852,40,0,"2","420","D","12","D",89,"D",,"A",,"A",,"A",,"A"
"20131",2637892,76,0,"1","420","D","01","D",150,"D",,"A",,"A",,"A",,"A"
"20131",2637912,59,0,"1","420","D","12","D",65,"D",,"A",,"A",,"A",,"A"
"20131",2637932,36,0,"1","420","D","02","D",24,"D",,"A",,"A",,"A",,"A"
"20131",2637982,37,0,"1","410","D","02","D",69,"D",,"A",,"A",,"A",,"A"
"20131",2637982,38,0,"1","410","D","02","D",40,"D",,"A",,"A",,"A",,"A"
"20131",2637982,39,0,"1","420","D","02","D",192,"D",,"A",,"A",,"A",,"A"
"20131",2637982,40,0,"1","420","D","12","D",36,"F",,"A",,"A",,"A",,"A"
"20131",2638012,40,0,"1","430","D","12","D",.,"H","425","D","415","D","400","D",,"A"
"20131",2638012,40,1,"1","420","D","12","D",116,"E",,"A",,"A",,"A",,"A"
"20131",2638012,40,2,"1","420","D","12","D",126,"E",,"A",,"A",,"A",,"A"
"20131",2638012,40,3,"1","400","D","12","D",58,"E",,"A",,"A",,"A",,"A"
"20131",2638172,42,0,"1","410","D","12","D",25,"D",,"A",,"A",,"A",,"A"
"20131",2638172,43,0,"1","420","D","01","D",125,"D",,"A",,"A",,"A",,"A"
"20131",2638242,84,0,"1","420","D","02","D",71,"D",,"A",,"A",,"A",,"A"
"20131",2638242,85,0,"2","400","D","12","D",31,"D",,"A",,"A",,"A",,"A"
"20131",2638252,56,0,"1","400","D","02","D",40,"D",,"A",,"A",,"A",,"A"
"20131",2638252,57,0,"2","420","D","12","D",18,"D",,"A",,"A",,"A",,"A"
"20131",2638442,49,0,"1","410","D","02","D",20,"D",,"A",,"A",,"A",,"A"
"20131",2638442,50,0,"1","420","D","02","D",45,"D",,"A",,"A",,"A",,"A"
"20131",2638462,40,0,"1","410","D","12","D",32,"D",,"A",,"A",,"A",,"A"
"20131",2638492,104,0,"1","420","D","02","D",39,"D",,"A",,"A",,"A",,"A"
"20131",2638502,44,0,"1","420","D","01","D",185,"D",,"A",,"A",,"A",,"A"
"20131",2638652,41,0,"1","400","D","02","D",40,"D",,"A",,"A",,"A",,"A"
"20131",2638652,42,0,"1","420","D","02","D",60,"D",,"A",,"A",,"A",,"A"
"20131",2638732,38,0,"1","410","D","01","D",16,"D",,"A",,"A",,"A",,"A"
"20131",2638742,58,0,"2","420","D","12","D",5,"F",,"A",,"A",,"A",,"A"
"20131",2638752,42,0,"1","420","D","02","D",85,"D",,"A",,"A",,"A",,"A"
"20131",2638752,43,0,"2","420","D","12","D",85,"D",,"A",,"A",,"A",,"A"
"20131",2638852,56,0,"1","400","D","12","D",50,"D",,"A",,"A",,"A",,"A"
"20131",2638932,38,0,"1","400","D","01","D",20,"D",,"A",,"A",,"A",,"A"
"20131",2639132,34,0,"1","420","D","01","D",56,"D",,"A",,"A",,"A",,"A"
"20131",2639242,83,0,"1","420","D","01","D",460,"D",,"A",,"A",,"A",,"A"
"20131",2639322,62,0,"1","420","D","02","D",315,"D",,"A",,"A",,"A",,"A"
"20131",2639392,49,0,"1","410","D","01","D",40,"D",,"A",,"A",,"A",,"A"
"20131",2639392,50,0,"1","420","D","01","D",60,"D",,"A",,"A",,"A",,"A"
"20131",2639462,34,0,"1","420","D","12","D",195,"D",,"A",,"A",,"A",,"A"
"20131",2639532,87,0,"1","420","D","02","D",21,"D",,"A",,"A",,"A",,"A"
"20131",2639572,35,0,"1","420","D","12","D",115,"D",,"A",,"A",,"A",,"A"
"20131",2639572,36,0,"1","420","D","01","D",128,"D",,"A",,"A",,"A",,"A"
"20131",2639672,50,0,"1","400","D","02","D",88,"D",,"A",,"A",,"A",,"A"
"20131",2639682,42,0,"1","400","D","01","D",25,"D",,"A",,"A",,"A",,"A"
"20131",2639692,34,0,"2","420","D","12","D",169,"D",,"A",,"A",,"A",,"A"
"20131",2639912,71,0,"1","400","D","12","D",23,"D",,"A",,"A",,"A",,"A"
"20131",2639912,72,0,"1","420","D","02","D",209,"D",,"A",,"A",,"A",,"A"
"20131",2639972,55,0,"1","420","D","02","D",36,"D",,"A",,"A",,"A",,"A"
"20131",2640052,79,0,"1","410","D","01","D",14,"D",,"A",,"A",,"A",,"A"
"20131",2640052,80,0,"1","420","D","01","D",155,"D",,"A",,"A",,"A",,"A"
"20131",2640232,57,0,"2","410","D","12","D",14,"D",,"A",,"A",,"A",,"A"
"20131",2640242,54,0,"2","410","D","12","D",52,"D",,"A",,"A",,"A",,"A"
"20131",2640283,49,0,"1","420","D","02","D",297,"D",,"A",,"A",,"A",,"A"
"20131",2640283,50,0,"2","420","D","12","D",420,"D",,"A",,"A",,"A",,"A"
"20131",2640302,70,0,"1","410","D","01","D",40,"D",,"A",,"A",,"A",,"A"
"20131",2640302,71,0,"1","410","D","12","D",15,"D",,"A",,"A",,"A",,"A"
"20131",2640302,72,0,"1","410","D","12","D",15,"D",,"A",,"A",,"A",,"A"
"20131",2640302,73,0,"1","420","D","01","D",63,"D",,"A",,"A",,"A",,"A"
"20131",2640502,55,0,"1","400","D","01","D",11,"D",,"A",,"A",,"A",,"A"
"20131",2640632,55,0,"1","420","D","12","D",70,"D",,"A",,"A",,"A",,"A"
"20131",2640732,53,0,"1","400","D","12","D",35,"D",,"A",,"A",,"A",,"A"
"20131",2640732,54,0,"2","420","D","12","D",223,"D",,"A",,"A",,"A",,"A"
"20131",2640752,28,0,"1","420","D","01","D",194,"D",,"A",,"A",,"A",,"A"
"20131",2640762,34,0,"1","430","D","01","D",.,"H","415","D","410","D",,"A",,"A"
"20131",2640762,34,1,"1","420","D","01","D",78,"E",,"A",,"A",,"A",,"A"
"20131",2640762,34,2,"1","410","D","01","D",22,"E",,"A",,"A",,"A",,"A"
"20131",2640785,39,0,"1","420","D","02","D",270,"D",,"A",,"A",,"A",,"A"
"20131",2640845,53,0,"2","410","D","12","D",20,"D",,"A",,"A",,"A",,"A"
"20131",2640882,48,0,"1","420","D","01","D",50,"D",,"A",,"A",,"A",,"A"
"20131",2640952,54,0,"1","420","D","02","D",100,"D",,"A",,"A",,"A",,"A"
"20131",2640992,44,0,"1","420","D","01","D",68,"D",,"A",,"A",,"A",,"A"
"20131",2641062,55,0,"1","410","D","12","D",50,"D",,"A",,"A",,"A",,"A"
"20131",2641062,56,0,"1","420","D","12","D",104,"D",,"A",,"A",,"A",,"A"
"20131",2641132,35,0,"1","420","D","02","D",72,"D",,"A",,"A",,"A",,"A"
"20131",2641392,53,0,"1","400","D","02","D",25,"D",,"A",,"A",,"A",,"A"
"20131",2641522,123,0,"1","420","D","02","D",120,"D",,"A",,"A",,"A",,"A"
"20131",2641622,40,0,"1","420","D","01","D",200,"D",,"A",,"A",,"A",,"A"
"20131",2641632,73,0,"1","420","D","01","D",175,"D",,"A",,"A",,"A",,"A"
"20131",2641632,74,0,"1","420","D","01","D",89,"D",,"A",,"A",,"A",,"A"
"20131",2641742,84,0,"1","430","D","01","D",.,"H","415","D","410","D",,"A",,"A"
"20131",2641742,84,1,"1","420","D","01","D",21,"E",,"A",,"A",,"A",,"A"
"20131",2641742,84,2,"1","410","D","01","D",22,"E",,"A",,"A",,"A",,"A"
"20131",2641772,51,0,"1","420","D","01","D",710,"D",,"A",,"A",,"A",,"A"
"20131",2641862,56,0,"1","420","D","12","D",99,"F",,"A",,"A",,"A",,"A"
"20131",2641982,63,0,"1","420","D","02","D",102,"D",,"A",,"A",,"A",,"A"
"20131",2641982,64,0,"2","400","D","12","D",50,"D",,"A",,"A",,"A",,"A"
"20131",2641982,65,0,"2","420","D","12","D",50,"D",,"A",,"A",,"A",,"A"
"20131",2642032,66,0,"1","410","D","02","D",25,"D",,"A",,"A",,"A",,"A"
"20131",2642073,42,0,"1","420","D","01","D",120,"D",,"A",,"A",,"A",,"A"
"20131",2642202,55,0,"2","420","D","12","D",49,"D",,"A",,"A",,"A",,"A"
"20131",2642232,34,0,"1","410","D","02","D",65,"D",,"A",,"A",,"A",,"A"
"20131",2642252,45,0,"2","420","D","12","D",99,"D",,"A",,"A",,"A",,"A"
"20131",2642335,46,0,"1","420","D","01","D",39,"D",,"A",,"A",,"A",,"A"
"20131",2642682,57,0,"1","410","D","01","D",25,"D",,"A",,"A",,"A",,"A"
"20131",2642742,68,0,"1","420","D","01","D",36,"D",,"A",,"A",,"A",,"A"
"20131",2642742,69,0,"1","400","D","02","D",30,"D",,"A",,"A",,"A",,"A"
"20131",2642782,49,0,"1","410","D","02","D",30,"D",,"A",,"A",,"A",,"A"
"20131",2642872,43,0,"2","410","D","12","D",39,"D",,"A",,"A",,"A",,"A"
"20131",2643085,73,0,"2","400","D","12","D",100,"D",,"A",,"A",,"A",,"A"
"20131",2643085,74,0,"2","420","D","12","D",460,"D",,"A",,"A",,"A",,"A"
"20131",2643162,74,0,"1","420","D","02","D",55,"D",,"A",,"A",,"A",,"A"
"20131",2643292,52,0,"1","400","D","01","D",25,"D",,"A",,"A",,"A",,"A"
"20131",2643292,53,0,"1","420","D","02","D",300,"D",,"A",,"A",,"A",,"A"
"20131",2643402,55,0,"1","420","D","01","D",36,"D",,"A",,"A",,"A",,"A"
"20131",2643412,40,0,"2","410","D","12","D",39,"D",,"A",,"A",,"A",,"A"
"20131",2643482,34,0,"1","420","D","02","D",26,"D",,"A",,"A",,"A",,"A"
"20131",2643482,35,0,"2","400","D","12","D",26,"D",,"A",,"A",,"A",,"A"
"20131",2643552,33,0,"1","400","D","02","D",80,"D",,"A",,"A",,"A",,"A"
"20131",2643642,48,0,"1","420","D","02","D",80,"D",,"A",,"A",,"A",,"A"
"20131",2643672,54,0,"1","420","D","01","D",69,"D",,"A",,"A",,"A",,"A"
"20131",2643732,58,0,"1","420","D","02","D",84,"F",,"A",,"A",,"A",,"A"
"20131",2643862,77,0,"1","420","D","02","D",136,"D",,"A",,"A",,"A",,"A"
"20131",2643882,50,0,"1","400","D","01","D",50,"D",,"A",,"A",,"A",,"A"
"20131",2643882,51,0,"1","420","D","12","D",100,"D",,"A",,"A",,"A",,"A"
"20131",2643942,34,0,"1","420","D","01","D",138,"D",,"A",,"A",,"A",,"A"
"20131",2643942,35,0,"2","420","D","12","D",99,"D",,"A",,"A",,"A",,"A"
"20131",2643942,36,0,"2","420","D","12","D",39,"D",,"A",,"A",,"A",,"A"
"20131",2643942,37,0,"2","420","D","12","D",39,"D",,"A",,"A",,"A",,"A"
"20131",2644002,54,0,"1","410","D","12","D",15,"D",,"A",,"A",,"A",,"A"
"20131",2644002,55,0,"1","420","D","12","D",137,"D",,"A",,"A",,"A",,"A"
"20131",2644002,56,0,"1","420","D","01","D",137,"D",,"A",,"A",,"A",,"A"
"20131",2644002,57,0,"1","410","D","01","D",15,"D",,"A",,"A",,"A",,"A"
"20131",2644152,54,0,"1","420","D","02","D",300,"D",,"A",,"A",,"A",,"A"
"20131",2644152,55,0,"2","410","D","12","D",13,"D",,"A",,"A",,"A",,"A"
"20131",2644252,46,0,"1","410","D","02","D",16,"D",,"A",,"A",,"A",,"A"
"20131",2644342,40,0,"1","410","D","01","D",60,"D",,"A",,"A",,"A",,"A"
"20131",2644352,30,0,"1","410","D","12","D",50,"D",,"A",,"A",,"A",,"A"
"20131",2644522,81,0,"1","430","D","02","D",.,"H","415","D","400","D",,"A",,"A"
"20131",2644522,81,1,"1","420","D","02","D",197,"E",,"A",,"A",,"A",,"A"
"20131",2644522,81,2,"1","400","D","02","D",91,"E",,"A",,"A",,"A",,"A"
"20131",2644532,50,0,"1","430","D","01","D",.,"H","425","D","415","D",,"A",,"A"
"20131",2644532,50,1,"1","420","D","01","D",69,"E",,"A",,"A",,"A",,"A"
"20131",2644642,76,0,"1","420","D","01","D",47,"D",,"A",,"A",,"A",,"A"
"20131",2644712,72,0,"1","420","D","12","D",99,"D",,"A",,"A",,"A",,"A"
"20131",2644752,50,0,"1","420","D","02","D",75,"D",,"A",,"A",,"A",,"A"
"20131",2644762,30,0,"1","400","D","12","D",60,"D",,"A",,"A",,"A",,"A"
"20131",2644882,29,0,"1","420","D","01","D",35,"D",,"A",,"A",,"A",,"A"
"20131",2645052,32,0,"2","410","D","12","D",80,"D",,"A",,"A",,"A",,"A"
"20131",2645132,49,0,"1","410","D","01","D",15,"D",,"A",,"A",,"A",,"A"
"20131",2645132,50,0,"1","420","D","01","D",70,"D",,"A",,"A",,"A",,"A"
"20131",2645172,44,0,"1","400","D","01","D",25,"D",,"A",,"A",,"A",,"A"
"20131",2645182,28,0,"1","420","D","12","D",24,"D",,"A",,"A",,"A",,"A"
"20131",2645192,42,0,"1","400","D","12","D",760,"D",,"A",,"A",,"A",,"A"
"20131",2645262,53,0,"1","420","D","12","D",102,"D",,"A",,"A",,"A",,"A"
"20131",2645382,39,0,"1","410","D","02","D",60,"D",,"A",,"A",,"A",,"A"
"20131",2645702,55,0,"1","420","D","02","D",73,"D",,"A",,"A",,"A",,"A"
"20131",2645722,102,0,"1","410","D","12","D",16,"D",,"A",,"A",,"A",,"A"
"20131",2645722,103,0,"1","420","D","12","D",45,"D",,"A",,"A",,"A",,"A"
"20131",2645744,72,0,"1","420","D","02","D",65,"D",,"A",,"A",,"A",,"A"
"20131",2645744,73,0,"2","400","D","12","D",25,"D",,"A",,"A",,"A",,"A"
"20131",2645772,36,0,"1","420","D","01","D",45,"D",,"A",,"A",,"A",,"A"
"20131",2645882,58,0,"1","410","D","12","D",40,"D",,"A",,"A",,"A",,"A"
"20131",2645882,59,0,"2","410","D","12","D",40,"D",,"A",,"A",,"A",,"A"
"20131",2645902,65,0,"1","400","D","01","D",30,"D",,"A",,"A",,"A",,"A"
"20131",2645902,66,0,"1","420","D","02","D",50,"D",,"A",,"A",,"A",,"A"
"20131",2646292,53,0,"1","420","D","02","D",76,"D",,"A",,"A",,"A",,"A"
"20131",2646342,46,0,"1","420","D","01","D",146,"D",,"A",,"A",,"A",,"A"
"20131",2646362,73,0,"1","410","D","02","D",25,"D",,"A",,"A",,"A",,"A"
"20131",2646542,67,0,"2","400","D","12","D",32,"D",,"A",,"A",,"A",,"A"
"20131",2646572,53,0,"1","400","D","02","D",32,"D",,"A",,"A",,"A",,"A"
"20131",2646572,54,0,"1","420","D","01","D",130,"D",,"A",,"A",,"A",,"A"
"20131",2646712,32,0,"1","420","D","02","D",100,"D",,"A",,"A",,"A",,"A"
"20131",2646772,53,0,"1","430","D","02","D",.,"H","410","D","415","D",,"A",,"A"
"20131",2646772,53,1,"1","410","D","02","D",55,"E",,"A",,"A",,"A",,"A"
"20131",2646772,53,2,"1","420","D","02","D",155,"E",,"A",,"A",,"A",,"A"
"20131",2646812,42,0,"2","410","D","12","D",73,"D",,"A",,"A",,"A",,"A"
"20131",2646822,67,0,"1","420","D","01","D",65,"D",,"A",,"A",,"A",,"A"
"20131",2646842,47,0,"1","410","D","02","D",14,"D",,"A",,"A",,"A",,"A"
"20131",2646842,48,0,"1","420","D","02","D",65,"D",,"A",,"A",,"A",,"A"
"20131",2646862,48,0,"1","420","D","02","D",100,"D",,"A",,"A",,"A",,"A"
"20131",2646902,35,0,"1","410","D","02","D",15,"D",,"A",,"A",,"A",,"A"
"20131",2646922,43,0,"1","410","D","12","D",16,"D",,"A",,"A",,"A",,"A"
"20131",2647012,38,0,"1","420","D","02","D",180,"D",,"A",,"A",,"A",,"A"
"20131",2650664,66,0,"1","400","D","12","D",50,"D",,"A",,"A",,"A",,"A"
"20131",2650664,67,0,"1","410","D","11","D",29,"D",,"A",,"A",,"A",,"A"
"20131",2650664,68,0,"1","420","D","11","D",50,"D",,"A",,"A",,"A",,"A"
"20131",2650922,56,0,"1","400","D","11","D",12,"D",,"A",,"A",,"A",,"A"
"20131",2654463,28,0,"1","400","D","12","D",20,"D",,"A",,"A",,"A",,"A"
"20131",2655595,38,0,"1","420","D","11","D",65,"D",,"A",,"A",,"A",,"A"
"20131",2655704,80,0,"1","400","D","12","D",20,"D",,"A",,"A",,"A",,"A"
"20131",2656352,29,0,"1","410","D","11","D",40,"D",,"A",,"A",,"A",,"A"
"20131",2656352,30,0,"1","420","D","10","D",65,"D",,"A",,"A",,"A",,"A"
"20131",2658775,33,0,"1","400","D","12","D",32,"D",,"A",,"A",,"A",,"A"
"20131",2659953,39,0,"1","420","D","11","D",212,"D",,"A",,"A",,"A",,"A"
"20131",2659953,40,0,"1","410","D","11","D",135,"D",,"A",,"A",,"A",,"A"
"20131",2661233,38,0,"1","410","D","01","D",25,"D",,"A",,"A",,"A",,"A"
"20131",2661233,39,0,"1","420","D","01","D",75,"D",,"A",,"A",,"A",,"A"
"20131",2662095,36,0,"1","420","D","11","D",129,"D",,"A",,"A",,"A",,"A"
"20131",2662233,43,0,"1","420","D","01","D",197,"D",,"A",,"A",,"A",,"A"
"20131",2662474,55,0,"1","420","D","12","D",200,"D",,"A",,"A",,"A",,"A"
"20131",2665434,53,0,"1","400","D","01","D",45,"D",,"A",,"A",,"A",,"A"
"20131",2667093,47,0,"1","410","D","12","D",10,"D",,"A",,"A",,"A",,"A"
"20131",2667103,35,0,"1","400","D","12","D",20,"D",,"A",,"A",,"A",,"A"
"20131",2670233,27,0,"1","420","D","02","D",100,"D",,"A",,"A",,"A",,"A"
"20131",2674575,45,0,"1","410","D","01","D",16,"D",,"A",,"A",,"A",,"A"
"20131",2674575,46,0,"1","400","D","01","D",35,"D",,"A",,"A",,"A",,"A"
"20131",2674575,47,0,"1","420","D","01","D",149,"D",,"A",,"A",,"A",,"A"
"20131",2675984,34,0,"1","400","D","01","D",15,"D",,"A",,"A",,"A",,"A"
"20131",2676205,27,0,"1","420","D","02","D",85,"D",,"A",,"A",,"A",,"A"
"20131",2676863,24,0,"1","420","D","01","D",200,"D",,"A",,"A",,"A",,"A"
"20131",2677263,56,0,"1","400","D","12","D",10,"D",,"A",,"A",,"A",,"A"
"20131",2678004,31,0,"1","410","D","01","D",20,"D",,"A",,"A",,"A",,"A"
"20131",2678004,32,0,"1","420","D","01","D",200,"D",,"A",,"A",,"A",,"A"
"20132",2545275,48,0,"1","410","D","03","D",22,"D",,"A",,"A",,"A",,"A"
"20132",2545305,119,0,"2","410","D","01","D",29,"D",,"A",,"A",,"A",,"A"
"20132",2545365,43,0,"1","410","D","03","D",475,"D",,"A",,"A",,"A",,"A"
"20132",2545365,44,0,"1","420","D","03","D",100,"D",,"A",,"A",,"A",,"A"
"20132",2545405,56,0,"1","400","D","03","D",35,"D",,"A",,"A",,"A",,"A"
"20132",2545475,57,0,"1","405","D","03","D",300,"D",,"A",,"A",,"A",,"A"
"20132",2545515,57,0,"1","420","D","02","D",71,"D",,"A",,"A",,"A",,"A"
"20132",2545595,40,0,"1","400","D","03","D",20,"D",,"A",,"A",,"A",,"A"
"20132",2545595,41,0,"1","410","D","03","D",50,"D",,"A",,"A",,"A",,"A"
"20132",2545655,34,0,"1","410","D","03","D",45,"D",,"A",,"A",,"A",,"A"
"20132",2545655,35,0,"1","420","D","03","D",90,"D",,"A",,"A",,"A",,"A"
"20132",2545785,52,0,"1","400","D","02","D",25,"D",,"A",,"A",,"A",,"A"
"20132",2546015,28,0,"1","420","D","02","D",85,"D",,"A",,"A",,"A",,"A"
"20132",2546145,42,0,"1","410","D","03","D",32,"D",,"A",,"A",,"A",,"A"
"20132",2546145,43,0,"1","420","D","03","D",40,"D",,"A",,"A",,"A",,"A"
"20132",2546475,48,0,"1","410","D","03","D",10,"D",,"A",,"A",,"A",,"A"
"20132",2546505,39,0,"1","420","D","02","D",76,"D",,"A",,"A",,"A",,"A"
"20132",2546505,40,0,"1","420","D","03","D",76,"D",,"A",,"A",,"A",,"A"
"20132",2546635,31,0,"1","420","D","01","D",200,"D",,"A",,"A",,"A",,"A"
"20132",2546635,32,0,"2","400","D","01","D",125,"D",,"A",,"A",,"A",,"A"
"20132",2546655,47,0,"1","420","D","02","D",100,"D",,"A",,"A",,"A",,"A"
"20132",2546675,42,0,"1","420","D","03","D",34,"D",,"A",,"A",,"A",,"A"
"20132",2546715,33,0,"1","420","D","01","D",150,"D",,"A",,"A",,"A",,"A"
"20132",2546725,42,0,"2","410","D","01","D",55,"D",,"A",,"A",,"A",,"A"
"20132",2546725,43,0,"2","420","D","01","D",60,"D",,"A",,"A",,"A",,"A"
"20132",2546735,43,0,"1","410","D","03","D",130,"D",,"A",,"A",,"A",,"A"
"20132",2546785,46,0,"1","420","D","03","D",65,"D",,"A",,"A",,"A",,"A"
"20132",2546795,47,0,"1","405","D","01","D",800,"D",,"A",,"A",,"A",,"A"
"20132",2546875,55,0,"1","400","D","02","D",36,"D",,"A",,"A",,"A",,"A"
"20132",2547095,38,0,"1","400","D","03","D",61,"D",,"A",,"A",,"A",,"A"
"20132",2547125,29,0,"1","420","D","01","D",200,"D",,"A",,"A",,"A",,"A"
"20132",2547125,30,0,"1","400","D","01","D",18,"D",,"A",,"A",,"A",,"A"
"20132",2547145,61,0,"1","420","D","02","D",407,"D",,"A",,"A",,"A",,"A"
"20132",2547165,62,0,"1","430","D","02","D",.,"H","405","D","415","D",,"A",,"A"
"20132",2547165,62,1,"1","405","D","02","D",85,"E",,"A",,"A",,"A",,"A"
"20132",2547165,62,2,"1","420","D","02","D",65,"E",,"A",,"A",,"A",,"A"
"20132",2547265,13,0,"1","420","D","02","D",24,"D",,"A",,"A",,"A",,"A"
"20132",2547295,46,0,"1","420","D","03","D",220,"D",,"A",,"A",,"A",,"A"
"20132",2547315,17,0,"1","405","D","02","D",69,"D",,"A",,"A",,"A",,"A"
"20132",2547325,42,0,"1","420","D","02","D",128,"D",,"A",,"A",,"A",,"A"
"20132",2547325,43,0,"1","410","D","02","D",25,"D",,"A",,"A",,"A",,"A"
"20132",2547325,44,0,"1","410","D","02","D",35,"D",,"A",,"A",,"A",,"A"
"20132",2547405,23,0,"1","405","D","03","D",185,"D",,"A",,"A",,"A",,"A"
"20132",2547425,44,0,"1","410","D","03","D",30,"D",,"A",,"A",,"A",,"A"
"20132",2547475,46,0,"1","420","D","01","D",25,"D",,"A",,"A",,"A",,"A"
"20132",2547605,35,0,"1","400","D","01","D",18,"D",,"A",,"A",,"A",,"A"
"20132",2547605,36,0,"1","420","D","03","D",146,"D",,"A",,"A",,"A",,"A"
"20132",2547825,18,0,"1","420","D","01","D",200,"D",,"A",,"A",,"A",,"A"
"20132",2547935,30,0,"1","410","D","01","D",14,"D",,"A",,"A",,"A",,"A"
"20132",2547935,31,0,"1","420","D","01","D",63,"D",,"A",,"A",,"A",,"A"
"20132",2547955,63,0,"1","405","D","03","D",52,"D",,"A",,"A",,"A",,"A"
"20132",2547975,31,0,"1","420","D","03","D",118,"D",,"A",,"A",,"A",,"A"
"20132",2547995,38,0,"1","420","D","03","D",36,"D",,"A",,"A",,"A",,"A"
"20132",2547995,39,0,"1","410","D","03","D",68,"D",,"A",,"A",,"A",,"A"
"20132",2548145,72,0,"1","430","D","03","D",.,"H","415","D","405","D",,"A",,"A"
"20132",2548145,72,1,"1","420","D","03","D",56,"E",,"A",,"A",,"A",,"A"
"20132",2548145,72,2,"1","405","D","03","D",150,"E",,"A",,"A",,"A",,"A"
"20132",2548345,39,0,"1","405","D","02","D",234,"D",,"A",,"A",,"A",,"A"
"20132",2548355,27,0,"1","410","D","02","D",45,"D",,"A",,"A",,"A",,"A"
"20132",2548355,28,0,"1","420","D","02","D",85,"D",,"A",,"A",,"A",,"A"
"20132",2548385,39,0,"1","420","D","02","D",226,"D",,"A",,"A",,"A",,"A"
"20132",2548455,43,0,"1","420","D","02","D",65,"D",,"A",,"A",,"A",,"A"
"20132",2548495,12,0,"1","420","D","03","D",68,"D",,"A",,"A",,"A",,"A"
"20132",2548505,32,0,"1","420","D","02","D",120,"D",,"A",,"A",,"A",,"A"
"20132",2548505,33,0,"1","420","D","03","D",100,"D",,"A",,"A",,"A",,"A"
"20132",2548665,57,0,"1","420","D","03","D",137,"D",,"A",,"A",,"A",,"A"
"20132",2548775,32,0,"1","420","D","03","D",76,"D",,"A",,"A",,"A",,"A"
"20132",2548805,34,0,"1","420","D","02","D",300,"D",,"A",,"A",,"A",,"A"
"20132",2548945,33,0,"1","420","D","01","D",50,"D",,"A",,"A",,"A",,"A"
"20132",2548945,34,0,"1","410","D","01","D",30,"D",,"A",,"A",,"A",,"A"
"20132",2548945,35,0,"1","405","D","01","D",56,"D",,"A",,"A",,"A",,"A"
"20132",2549015,48,0,"1","405","D","01","D",554,"D",,"A",,"A",,"A",,"A"
"20132",2549115,46,0,"1","410","D","01","D",119,"D",,"A",,"A",,"A",,"A"
"20132",2549115,47,0,"1","420","D","01","D",36,"D",,"A",,"A",,"A",,"A"
"20132",2549205,33,0,"1","420","D","02","D",190,"D",,"A",,"A",,"A",,"A"
"20132",2549275,27,0,"1","420","D","03","D",122,"D",,"A",,"A",,"A",,"A"
"20132",2549335,37,0,"1","410","D","03","D",45,"D",,"A",,"A",,"A",,"A"
"20132",2549335,38,0,"1","420","D","03","D",56,"D",,"A",,"A",,"A",,"A"
"20132",2549345,47,0,"1","400","D","02","D",32,"D",,"A",,"A",,"A",,"A"
"20132",2549345,48,0,"1","410","D","01","D",16,"D",,"A",,"A",,"A",,"A"
"20132",2549345,49,0,"1","420","D","03","D",65,"D",,"A",,"A",,"A",,"A"
"20132",2549345,50,0,"2","420","D","01","D",39,"D",,"A",,"A",,"A",,"A"
"20132",2549475,34,0,"1","420","D","02","D",59,"D",,"A",,"A",,"A",,"A"
"20132",2549475,35,0,"1","400","D","01","D",38,"D",,"A",,"A",,"A",,"A"
"20132",2549515,34,0,"2","410","D","01","D",29,"D",,"A",,"A",,"A",,"A"
"20132",2549545,27,0,"1","420","D","03","D",34,"D",,"A",,"A",,"A",,"A"
"20132",2549575,43,0,"1","420","D","01","D",48,"D",,"A",,"A",,"A",,"A"
"20132",2549635,42,0,"1","420","D","01","D",69,"D",,"A",,"A",,"A",,"A"
"20132",2549685,75,0,"1","410","D","02","D",130,"D",,"A",,"A",,"A",,"A"
"20132",2549685,76,0,"1","400","D","03","D",37,"D",,"A",,"A",,"A",,"A"
"20132",2549685,77,0,"1","420","D","03","D",36,"D",,"A",,"A",,"A",,"A"
"20132",2549685,78,0,"1","420","D","03","D",67,"D",,"A",,"A",,"A",,"A"
"20132",2549705,24,0,"1","420","D","01","D",90,"D",,"A",,"A",,"A",,"A"
"20132",2549765,17,0,"1","420","D","02","D",55,"D",,"A",,"A",,"A",,"A"
"20132",2549785,39,0,"1","410","D","01","D",13,"D",,"A",,"A",,"A",,"A"
"20132",2549785,40,0,"1","410","D","02","D",30,"D",,"A",,"A",,"A",,"A"
"20132",2549785,41,0,"1","420","D","01","D",27,"D",,"A",,"A",,"A",,"A"
"20132",2549785,42,0,"1","420","D","02","D",27,"D",,"A",,"A",,"A",,"A"
"20132",2549855,81,0,"1","400","D","03","D",65,"D",,"A",,"A",,"A",,"A"
"20132",2549855,82,0,"1","420","D","02","D",99,"D",,"A",,"A",,"A",,"A"
"20132",2549895,75,0,"1","420","D","02","D",24,"D",,"A",,"A",,"A",,"A"
"20132",2550045,33,0,"1","400","D","02","D",40,"D",,"A",,"A",,"A",,"A"
"20132",2550245,46,0,"1","420","D","03","D",120,"D",,"A",,"A",,"A",,"A"
"20132",2550265,53,0,"1","420","D","03","D",60,"F",,"A",,"A",,"A",,"A"
"20132",2550275,36,0,"1","420","D","02","D",157,"D",,"A",,"A",,"A",,"A"
"20132",2550275,37,0,"1","410","D","03","D",37,"D",,"A",,"A",,"A",,"A"
"20132",2550295,14,0,"1","420","D","03","D",46,"D",,"A",,"A",,"A",,"A"
"20132",2550305,28,0,"1","400","D","02","D",25,"D",,"A",,"A",,"A",,"A"
"20132",2550335,20,0,"1","410","D","01","D",15,"D",,"A",,"A",,"A",,"A"
"20132",2550355,22,0,"1","420","D","01","D",45,"D",,"A",,"A",,"A",,"A"
"20132",2550405,63,0,"1","420","D","03","D",10,"D",,"A",,"A",,"A",,"A"
"20132",2550615,60,0,"1","420","D","01","D",165,"D",,"A",,"A",,"A",,"A"
"20132",2550635,53,0,"1","420","D","02","D",64,"D",,"A",,"A",,"A",,"A"
"20132",2550695,30,0,"1","420","D","01","D",120,"D",,"A",,"A",,"A",,"A"
"20132",2550735,49,0,"1","420","D","01","D",180,"D",,"A",,"A",,"A",,"A"
"20132",2550875,48,0,"1","430","D","03","D",.,"H","415","D","410","D",,"A",,"A"
"20132",2550875,48,1,"1","420","D","03","D",46,"E",,"A",,"A",,"A",,"A"
"20132",2550875,48,2,"1","410","D","03","D",19,"E",,"A",,"A",,"A",,"A"
"20132",2550925,88,0,"2","400","D","01","D",24,"D",,"A",,"A",,"A",,"A"
"20132",2550945,34,0,"1","410","D","03","D",40,"D",,"A",,"A",,"A",,"A"
"20132",2551135,24,0,"1","420","D","03","D",16,"D",,"A",,"A",,"A",,"A"
"20132",2551145,29,0,"1","420","D","03","D",850,"D",,"A",,"A",,"A",,"A"
"20132",2551155,31,0,"1","420","D","01","D",25,"D",,"A",,"A",,"A",,"A"
"20132",2551185,49,0,"1","420","D","03","D",117,"D",,"A",,"A",,"A",,"A"
"20132",2551205,39,0,"1","405","D","02","D",60,"D",,"A",,"A",,"A",,"A"
"20132",2551225,51,0,"1","405","D","03","D",530,"D",,"A",,"A",,"A",,"A"
"20132",2551435,37,0,"1","420","D","03","D",130,"D",,"A",,"A",,"A",,"A"
"20132",2551445,28,0,"1","420","D","02","D",89,"D",,"A",,"A",,"A",,"A"
"20132",2551495,26,0,"1","420","D","01","D",183,"D",,"A",,"A",,"A",,"A"
"20132",2551565,54,0,"1","400","D","01","D",5,"D",,"A",,"A",,"A",,"A"
"20132",2551595,31,0,"1","400","D","03","D",40,"D",,"A",,"A",,"A",,"A"
"20132",2551655,26,0,"1","410","D","02","D",15,"D",,"A",,"A",,"A",,"A"
"20132",2551655,27,0,"1","420","D","02","D",65,"D",,"A",,"A",,"A",,"A"
"20132",2551665,33,0,"1","410","D","02","D",10,"D",,"A",,"A",,"A",,"A"
"20132",2551665,34,0,"1","420","D","02","D",50,"D",,"A",,"A",,"A",,"A"
"20132",2551845,56,0,"1","410","D","03","D",60,"D",,"A",,"A",,"A",,"A"
"20132",2551845,57,0,"1","420","D","03","D",500,"D",,"A",,"A",,"A",,"A"
"20132",2551895,35,0,"1","410","D","02","D",40,"D",,"A",,"A",,"A",,"A"
"20132",2551895,36,0,"1","420","D","02","D",80,"D",,"A",,"A",,"A",,"A"
"20132",2551935,37,0,"2","420","D","01","D",150,"D",,"A",,"A",,"A",,"A"
"20132",2551975,34,0,"1","420","D","03","D",20,"D",,"A",,"A",,"A",,"A"
"20132",2551975,35,0,"1","405","D","03","D",30,"D",,"A",,"A",,"A",,"A"
"20132",2552095,56,0,"1","430","D","02","D",.,"H","410","D","415","D",,"A",,"A"
"20132",2552095,56,1,"1","410","D","02","D",31,"E",,"A",,"A",,"A",,"A"
"20132",2552095,56,2,"1","420","D","02","D",119,"E",,"A",,"A",,"A",,"A"
"20132",2552175,51,0,"1","420","D","03","D",32,"D",,"A",,"A",,"A",,"A"
"20132",2552225,24,0,"1","420","D","01","D",80,"D",,"A",,"A",,"A",,"A"
"20132",2552295,39,0,"1","420","D","03","D",120,"D",,"A",,"A",,"A",,"A"
"20132",2552295,40,0,"1","420","D","03","D",44,"D",,"A",,"A",,"A",,"A"
"20132",2552345,54,0,"1","420","D","02","D",180,"D",,"A",,"A",,"A",,"A"
"20132",2552565,23,0,"1","420","D","01","D",55,"D",,"A",,"A",,"A",,"A"
"20132",2552585,43,0,"1","420","D","02","D",150,"D",,"A",,"A",,"A",,"A"
"20132",2552585,44,0,"1","400","D","02","D",24,"D",,"A",,"A",,"A",,"A"
"20132",2552835,22,0,"1","405","D","03","D",45,"D",,"A",,"A",,"A",,"A"
"20132",2552955,46,0,"1","430","D","03","D",.,"H","415","D","410","D",,"A",,"A"
"20132",2552955,46,1,"1","420","D","03","D",147,"E",,"A",,"A",,"A",,"A"
"20132",2552955,46,2,"1","410","D","03","D",53,"E",,"A",,"A",,"A",,"A"
"20132",2553025,28,0,"1","410","D","01","D",15,"D",,"A",,"A",,"A",,"A"
"20132",2553055,41,0,"1","420","D","01","D",65,"D",,"A",,"A",,"A",,"A"
"20132",2553135,104,0,"1","420","D","03","D",80,"D",,"A",,"A",,"A",,"A"
"20132",2553145,68,0,"1","400","D","03","D",25,"D",,"A",,"A",,"A",,"A"
"20132",2553145,69,0,"1","420","D","01","D",9,"D",,"A",,"A",,"A",,"A"
"20132",2553205,38,0,"1","420","D","02","D",60,"D",,"A",,"A",,"A",,"A"
"20132",2553215,47,0,"1","420","D","01","D",129,"D",,"A",,"A",,"A",,"A"
"20132",2553245,58,0,"1","430","D","02","D",.,"H","415","D","410","D",,"A",,"A"
"20132",2553245,58,1,"1","420","D","02","D",21,"E",,"A",,"A",,"A",,"A"
"20132",2553245,58,2,"1","410","D","02","D",22,"E",,"A",,"A",,"A",,"A"
"20132",2553335,59,0,"1","420","D","03","D",88,"D",,"A",,"A",,"A",,"A"
"20132",2553335,60,0,"1","420","D","01","D",68,"D",,"A",,"A",,"A",,"A"
"20132",2553455,42,0,"1","410","D","03","D",15,"D",,"A",,"A",,"A",,"A"
"20132",2553555,59,0,"1","405","D","03","D",41,"D",,"A",,"A",,"A",,"A"
"20132",2553575,27,0,"2","400","D","01","D",20,"D",,"A",,"A",,"A",,"A"
"20132",2553795,41,0,"1","405","D","02","D",498,"D",,"A",,"A",,"A",,"A"
"20132",2553815,29,0,"1","420","D","03","D",124,"D",,"A",,"A",,"A",,"A"
"20132",2553835,70,0,"2","400","D","01","D",34,"D",,"A",,"A",,"A",,"A"
"20132",2553865,61,0,"1","400","D","02","D",8,"D",,"A",,"A",,"A",,"A"
"20132",2553865,62,0,"1","420","D","01","D",1200,"D",,"A",,"A",,"A",,"A"
"20132",2553865,63,0,"1","420","D","03","D",60,"D",,"A",,"A",,"A",,"A"
"20132",2553865,64,0,"1","420","D","01","D",500,"D",,"A",,"A",,"A",,"A"
"20132",2554045,41,0,"1","420","D","01","D",135,"D",,"A",,"A",,"A",,"A"
"20132",2554065,42,0,"1","420","D","01","D",392,"D",,"A",,"A",,"A",,"A"
"20132",2554355,61,0,"2","420","D","01","D",147,"D",,"A",,"A",,"A",,"A"
"20132",2554425,50,0,"1","410","D","02","D",30,"D",,"A",,"A",,"A",,"A"
"20132",2554525,32,0,"1","410","D","02","D",100,"D",,"A",,"A",,"A",,"A"
"20132",2554525,33,0,"1","410","D","03","D",100,"D",,"A",,"A",,"A",,"A"
"20132",2554525,34,0,"2","410","D","01","D",40,"D",,"A",,"A",,"A",,"A"
"20132",2554595,28,0,"1","410","D","03","D",65,"D",,"A",,"A",,"A",,"A"
"20132",2554615,15,0,"1","420","D","03","D",86,"F",,"A",,"A",,"A",,"A"
"20132",2554625,64,0,"1","410","D","03","D",10,"D",,"A",,"A",,"A",,"A"
"20132",2554685,48,0,"1","420","D","02","D",120,"D",,"A",,"A",,"A",,"A"
"20132",2554745,51,0,"1","420","D","03","D",60,"D",,"A",,"A",,"A",,"A"
"20132",2554745,52,0,"1","420","D","01","D",70,"D",,"A",,"A",,"A",,"A"
"20132",2554815,34,0,"2","420","D","01","D",130,"D",,"A",,"A",,"A",,"A"
"20132",2554935,33,0,"1","400","D","03","D",150,"D",,"A",,"A",,"A",,"A"
"20132",2554935,34,0,"1","420","D","03","D",350,"D",,"A",,"A",,"A",,"A"
"20132",2554945,73,0,"1","420","D","02","D",80,"D",,"A",,"A",,"A",,"A"
"20132",2554965,48,0,"1","400","D","03","D",30,"D",,"A",,"A",,"A",,"A"
"20132",2554965,49,0,"1","400","D","03","D",20,"D",,"A",,"A",,"A",,"A"
"20132",2554965,50,0,"1","420","D","03","D",104,"D",,"A",,"A",,"A",,"A"
"20132",2554995,34,0,"1","420","D","03","D",70,"D",,"A",,"A",,"A",,"A"
"20132",2555085,39,0,"1","410","D","01","D",40,"D",,"A",,"A",,"A",,"A"
"20132",2555165,16,0,"1","420","D","03","D",82,"D",,"A",,"A",,"A",,"A"
"20132",2555185,31,0,"1","400","D","02","D",25,"D",,"A",,"A",,"A",,"A"
"20132",2555225,42,0,"1","420","D","03","D",70,"F",,"A",,"A",,"A",,"A"
"20132",2555235,81,0,"1","420","D","02","D",400,"D",,"A",,"A",,"A",,"A"
"20132",2555485,12,0,"1","420","D","03","D",68,"D",,"A",,"A",,"A",,"A"
"20132",2555525,46,0,"2","410","D","01","D",16,"D",,"A",,"A",,"A",,"A"
"20132",2555635,49,0,"1","400","D","03","D",24,"D",,"A",,"A",,"A",,"A"
"20132",2555675,58,0,"1","400","D","03","D",50,"D",,"A",,"A",,"A",,"A"
"20132",2555685,42,0,"1","420","D","02","D",105,"D",,"A",,"A",,"A",,"A"
"20132",2555695,30,0,"1","420","D","03","D",150,"D",,"A",,"A",,"A",,"A"
"20132",2555705,32,0,"1","420","D","03","D",28,"D",,"A",,"A",,"A",,"A"
"20132",2555985,54,0,"2","420","D","01","D",146,"D",,"A",,"A",,"A",,"A"
"20132",2556025,60,0,"1","410","D","03","D",50,"D",,"A",,"A",,"A",,"A"
"20132",2556025,61,0,"1","420","D","02","D",36,"D",,"A",,"A",,"A",,"A"
"20132",2556135,41,0,"1","410","D","03","D",30,"D",,"A",,"A",,"A",,"A"
"20132",2556135,42,0,"1","405","D","03","D",80,"D",,"A",,"A",,"A",,"A"
"20132",2556135,43,0,"2","420","D","01","D",50,"D",,"A",,"A",,"A",,"A"
"20132",2556195,58,0,"1","420","D","03","D",89,"D",,"A",,"A",,"A",,"A"
"20132",2556195,59,0,"1","410","D","03","D",75,"D",,"A",,"A",,"A",,"A"
"20132",2556225,36,0,"1","420","D","02","D",65,"D",,"A",,"A",,"A",,"A"
"20132",2556255,50,0,"1","420","D","03","D",101,"D",,"A",,"A",,"A",,"A"
"20132",2556335,119,0,"1","410","D","03","D",16,"D",,"A",,"A",,"A",,"A"
"20132",2556385,37,0,"2","420","D","01","D",40,"D",,"A",,"A",,"A",,"A"
"20132",2556445,29,0,"1","420","D","04","D",220,"D",,"A",,"A",,"A",,"A"
"20132",2556675,76,0,"1","420","D","03","D",6,"D",,"A",,"A",,"A",,"A"
"20132",2556675,77,0,"1","420","D","03","D",26,"D",,"A",,"A",,"A",,"A"
"20132",2556785,26,0,"1","410","D","03","D",40,"D",,"A",,"A",,"A",,"A"
"20132",2556805,38,0,"2","420","D","02","D",40,"D",,"A",,"A",,"A",,"A"
"20132",2557065,18,0,"1","410","D","02","D",20,"D",,"A",,"A",,"A",,"A"
"20132",2557095,44,0,"1","420","D","04","D",245,"D",,"A",,"A",,"A",,"A"
"20132",2557145,18,0,"1","420","D","03","D",185,"D",,"A",,"A",,"A",,"A"
"20132",2557165,67,0,"1","420","D","03","D",85,"D",,"A",,"A",,"A",,"A"
"20132",2557185,73,0,"1","400","D","04","D",15,"D",,"A",,"A",,"A",,"A"
"20132",2557325,31,0,"1","400","D","04","D",24,"D",,"A",,"A",,"A",,"A"
"20132",2557355,27,0,"1","420","D","03","D",109,"D",,"A",,"A",,"A",,"A"
"20132",2557415,49,0,"1","400","D","02","D",42,"D",,"A",,"A",,"A",,"A"
"20132",2557415,50,0,"1","420","D","02","D",165,"D",,"A",,"A",,"A",,"A"
"20132",2557495,55,0,"2","420","D","02","D",89,"D",,"A",,"A",,"A",,"A"
"20132",2557555,105,0,"1","420","D","04","D",101,"D",,"A",,"A",,"A",,"A"
"20132",2557695,35,0,"1","410","D","02","D",65,"D",,"A",,"A",,"A",,"A"
"20132",2557695,36,0,"1","410","D","04","D",130,"D",,"A",,"A",,"A",,"A"
"20132",2557815,31,0,"1","400","D","04","D",110,"D",,"A",,"A",,"A",,"A"
"20132",2557935,40,0,"1","400","D","04","D",30,"D",,"A",,"A",,"A",,"A"
"20132",2557935,41,0,"1","420","D","04","D",106,"D",,"A",,"A",,"A",,"A"
"20132",2558165,22,0,"2","420","D","02","D",38,"D",,"A",,"A",,"A",,"A"
"20132",2558305,48,0,"1","400","D","04","D",40,"D",,"A",,"A",,"A",,"A"
"20132",2558305,49,0,"1","410","D","03","D",29,"D",,"A",,"A",,"A",,"A"
"20132",2558425,21,0,"1","400","D","04","D",46,"D",,"A",,"A",,"A",,"A"
"20132",2558465,46,0,"1","420","D","02","D",354,"D",,"A",,"A",,"A",,"A"
"20132",2558615,21,0,"1","410","D","02","D",18,"D",,"A",,"A",,"A",,"A"
"20132",2558665,76,0,"1","420","D","04","D",330,"D",,"A",,"A",,"A",,"A"
"20132",2558795,109,0,"1","400","D","03","D",40,"D",,"A",,"A",,"A",,"A"
"20132",2558865,24,0,"1","400","D","02","D",16,"D",,"A",,"A",,"A",,"A"
"20132",2558905,26,0,"1","400","D","04","D",85,"D",,"A",,"A",,"A",,"A"
"20132",2558905,27,0,"1","400","D","04","D",85,"D",,"A",,"A",,"A",,"A"
"20132",2558945,37,0,"1","420","D","04","D",180,"D",,"A",,"A",,"A",,"A"
"20132",2559065,35,0,"1","430","D","03","D",.,"H","410","D","415","D",,"A",,"A"
"20132",2559065,35,1,"1","410","D","03","D",23,"E",,"A",,"A",,"A",,"A"
"20132",2559065,35,2,"1","420","D","03","D",97,"E",,"A",,"A",,"A",,"A"
"20132",2559085,61,0,"1","420","D","04","D",189,"D",,"A",,"A",,"A",,"A"
"20132",2559085,62,0,"1","420","D","03","D",163,"D",,"A",,"A",,"A",,"A"
"20132",2559105,69,0,"2","420","D","02","D",292,"D",,"A",,"A",,"A",,"A"
"20132",2559275,52,0,"1","420","D","02","D",86,"D",,"A",,"A",,"A",,"A"
"20132",2559425,77,0,"1","400","D","04","D",20,"D",,"A",,"A",,"A",,"A"
"20132",2559475,38,0,"1","420","D","04","D",246,"D",,"A",,"A",,"A",,"A"
"20132",2559485,35,0,"1","410","D","02","D",35,"D",,"A",,"A",,"A",,"A"
"20132",2559595,46,0,"1","400","D","02","D",4,"D",,"A",,"A",,"A",,"A"
"20132",2559705,44,0,"1","420","D","02","D",56,"D",,"A",,"A",,"A",,"A"
"20132",2559755,44,0,"1","420","D","04","D",105,"D",,"A",,"A",,"A",,"A"
"20132",2559755,45,0,"2","420","D","02","D",41,"D",,"A",,"A",,"A",,"A"
"20132",2559875,39,0,"1","405","D","03","D",58,"D",,"A",,"A",,"A",,"A"
"20132",2559885,20,0,"1","400","D","04","D",40,"D",,"A",,"A",,"A",,"A"
"20132",2559935,25,0,"1","410","D","04","D",18,"D",,"A",,"A",,"A",,"A"
"20132",2559955,36,0,"1","410","D","04","D",46,"D",,"A",,"A",,"A",,"A"
"20132",2559955,37,0,"1","420","D","04","D",52,"D",,"A",,"A",,"A",,"A"
"20132",2560045,49,0,"1","420","D","02","D",178,"D",,"A",,"A",,"A",,"A"
"20132",2560185,47,0,"1","405","D","02","D",29,"D",,"A",,"A",,"A",,"A"
"20132",2560225,38,0,"1","420","D","03","D",48,"D",,"A",,"A",,"A",,"A"
"20132",2560385,34,0,"1","400","D","04","D",40,"D",,"A",,"A",,"A",,"A"
"20132",2560415,41,0,"1","420","D","02","D",60,"D",,"A",,"A",,"A",,"A"
"20132",2560415,42,0,"1","405","D","02","D",300,"D",,"A",,"A",,"A",,"A"
"20132",2560465,24,0,"1","420","D","02","D",75,"D",,"A",,"A",,"A",,"A"
"20132",2560495,44,0,"1","420","D","03","D",27,"D",,"A",,"A",,"A",,"A"
"20132",2560535,57,0,"1","420","D","04","D",96,"D",,"A",,"A",,"A",,"A"
"20132",2560535,58,0,"1","410","D","04","D",15,"D",,"A",,"A",,"A",,"A"
"20132",2560615,15,0,"1","410","D","03","D",13,"D",,"A",,"A",,"A",,"A"
"20132",2560765,22,0,"1","430","D","03","D",.,"H","405","D","425","D",,"A",,"A"
"20132",2560765,22,1,"1","405","D","03","D",227,"E",,"A",,"A",,"A",,"A"
"20132",2560925,67,0,"1","420","D","02","D",60,"D",,"A",,"A",,"A",,"A"
"20132",2560925,68,0,"2","420","D","02","D",34,"D",,"A",,"A",,"A",,"A"
"20132",2560935,33,0,"1","420","D","03","D",36,"D",,"A",,"A",,"A",,"A"
"20132",2560935,34,0,"1","410","D","03","D",55,"D",,"A",,"A",,"A",,"A"
"20132",2560965,18,0,"1","420","D","03","D",108,"D",,"A",,"A",,"A",,"A"
"20132",2561055,65,0,"2","410","D","02","D",21,"D",,"A",,"A",,"A",,"A"
"20132",2561125,64,0,"1","420","D","03","D",143,"D",,"A",,"A",,"A",,"A"
"20132",2561125,65,0,"1","410","D","03","D",55,"D",,"A",,"A",,"A",,"A"
"20132",2561135,51,0,"1","420","D","03","D",75,"D",,"A",,"A",,"A",,"A"
"20132",2561185,54,0,"1","420","D","02","D",230,"D",,"A",,"A",,"A",,"A"
"20132",2561195,46,0,"1","420","D","03","D",52,"D",,"A",,"A",,"A",,"A"
"20132",2561365,24,0,"2","400","D","02","D",10,"D",,"A",,"A",,"A",,"A"
"20132",2561475,45,0,"1","400","D","04","D",60,"D",,"A",,"A",,"A",,"A"
"20132",2561475,46,0,"1","405","D","03","D",210,"D",,"A",,"A",,"A",,"A"
"20132",2561515,21,0,"1","420","D","03","D",60,"D",,"A",,"A",,"A",,"A"
"20132",2561535,29,0,"1","400","D","02","D",17,"D",,"A",,"A",,"A",,"A"
"20132",2561785,32,0,"1","420","D","03","D",90,"D",,"A",,"A",,"A",,"A"
"20132",2561895,29,0,"1","410","D","03","D",37,"D",,"A",,"A",,"A",,"A"
"20132",2562085,58,0,"1","420","D","03","D",95,"D",,"A",,"A",,"A",,"A"
"20132",2562155,45,0,"1","410","D","02","D",15,"D",,"A",,"A",,"A",,"A"
"20132",2562155,46,0,"2","420","D","02","D",75,"D",,"A",,"A",,"A",,"A"
"20132",2562185,36,0,"1","420","D","02","D",120,"D",,"A",,"A",,"A",,"A"
"20132",2562215,58,0,"1","420","D","02","D",47,"D",,"A",,"A",,"A",,"A"
"20132",2562215,59,0,"1","420","D","03","D",459,"D",,"A",,"A",,"A",,"A"
"20132",2562235,59,0,"1","400","D","04","D",50,"D",,"A",,"A",,"A",,"A"
"20132",2562235,60,0,"1","405","D","03","D",275,"D",,"A",,"A",,"A",,"A"
"20132",2562255,45,0,"1","400","D","04","D",34,"D",,"A",,"A",,"A",,"A"
"20132",2562315,35,0,"1","420","D","03","D",36,"D",,"A",,"A",,"A",,"A"
"20132",2562325,70,0,"1","420","D","03","D",105,"D",,"A",,"A",,"A",,"A"
"20132",2562325,71,0,"1","420","D","04","D",105,"D",,"A",,"A",,"A",,"A"
"20132",2562335,58,0,"1","420","D","03","D",358,"D",,"A",,"A",,"A",,"A"
"20132",2562335,59,0,"1","420","D","04","D",232,"D",,"A",,"A",,"A",,"A"
"20132",2562375,41,0,"1","420","D","02","D",90,"D",,"A",,"A",,"A",,"A"
"20132",2562435,30,0,"1","410","D","04","D",100,"D",,"A",,"A",,"A",,"A"
"20132",2562445,41,0,"2","410","D","02","D",28,"D",,"A",,"A",,"A",,"A"
"20132",2562475,61,0,"2","400","D","02","D",33,"D",,"A",,"A",,"A",,"A"
"20132",2562515,26,0,"1","420","D","04","D",25,"D",,"A",,"A",,"A",,"A"
"20132",2562515,27,0,"1","405","D","04","D",300,"D",,"A",,"A",,"A",,"A"
"20132",2562615,35,0,"1","420","D","04","D",1298,"D",,"A",,"A",,"A",,"A"
"20132",2562705,38,0,"1","400","D","03","D",25,"D",,"A",,"A",,"A",,"A"
"20132",2562725,37,0,"2","420","D","02","D",226,"D",,"A",,"A",,"A",,"A"
"20132",2562735,45,0,"1","400","D","03","D",25,"D",,"A",,"A",,"A",,"A"
"20132",2562745,59,0,"1","420","D","04","D",36,"D",,"A",,"A",,"A",,"A"
"20132",2563015,41,0,"1","420","D","04","D",140,"D",,"A",,"A",,"A",,"A"
"20132",2563025,60,0,"1","420","D","03","D",243,"D",,"A",,"A",,"A",,"A"
"20132",2563095,56,0,"1","420","D","04","D",120,"D",,"A",,"A",,"A",,"A"
"20132",2563205,28,0,"1","400","D","03","D",5,"D",,"A",,"A",,"A",,"A"
"20132",2563225,57,0,"1","420","D","03","D",178,"D",,"A",,"A",,"A",,"A"
"20132",2563445,31,0,"1","410","D","04","D",35,"D",,"A",,"A",,"A",,"A"
"20132",2563445,32,0,"2","420","D","02","D",36,"D",,"A",,"A",,"A",,"A"
"20132",2563455,34,0,"1","420","D","04","D",200,"D",,"A",,"A",,"A",,"A"
"20132",2563495,28,0,"1","405","D","03","D",117,"D",,"A",,"A",,"A",,"A"
"20132",2563575,29,0,"1","410","D","03","D",400,"D",,"A",,"A",,"A",,"A"
"20132",2563615,24,0,"1","420","D","03","D",24,"D",,"A",,"A",,"A",,"A"
"20132",2563615,25,0,"1","405","D","03","D",285,"D",,"A",,"A",,"A",,"A"
"20132",2563695,59,0,"1","410","D","03","D",29,"D",,"A",,"A",,"A",,"A"
"20132",2563735,41,0,"2","420","D","02","D",150,"D",,"A",,"A",,"A",,"A"
"20132",2563865,28,0,"2","420","D","02","D",90,"D",,"A",,"A",,"A",,"A"
"20132",2563985,44,0,"2","420","D","02","D",67,"D",,"A",,"A",,"A",,"A"
"20132",2564015,19,0,"1","420","D","04","D",129,"D",,"A",,"A",,"A",,"A"
"20132",2564035,35,0,"1","410","D","02","D",50,"D",,"A",,"A",,"A",,"A"
"20132",2564035,36,0,"1","420","D","02","D",134,"D",,"A",,"A",,"A",,"A"
"20132",2564255,16,0,"1","420","D","03","D",64,"D",,"A",,"A",,"A",,"A"
"20132",2564255,17,0,"2","410","D","02","D",27,"D",,"A",,"A",,"A",,"A"
"20132",2564265,20,0,"1","420","D","03","D",140,"D",,"A",,"A",,"A",,"A"
"20132",2564515,46,0,"1","420","D","02","D",120,"D",,"A",,"A",,"A",,"A"
"20132",2564515,47,0,"1","405","D","03","D",182,"D",,"A",,"A",,"A",,"A"
"20132",2564525,60,0,"1","400","D","02","D",40,"D",,"A",,"A",,"A",,"A"
"20132",2564525,61,0,"1","420","D","02","D",401,"D",,"A",,"A",,"A",,"A"
"20132",2564525,62,0,"1","410","D","02","D",40,"D",,"A",,"A",,"A",,"A"
"20132",2564585,40,0,"1","410","D","02","D",20,"D",,"A",,"A",,"A",,"A"
"20132",2564755,34,0,"1","420","D","02","D",78,"D",,"A",,"A",,"A",,"A"
"20132",2564945,43,0,"1","420","D","02","D",128,"D",,"A",,"A",,"A",,"A"
"20132",2564965,55,0,"1","420","D","03","D",107,"D",,"A",,"A",,"A",,"A"
"20132",2565075,43,0,"1","420","D","04","D",590,"D",,"A",,"A",,"A",,"A"
"20132",2565105,29,0,"1","420","D","04","D",100,"D",,"A",,"A",,"A",,"A"
"20132",2565215,35,0,"1","420","D","04","D",160,"D",,"A",,"A",,"A",,"A"
"20132",2565225,51,0,"1","420","D","03","D",167,"D",,"A",,"A",,"A",,"A"
"20132",2565245,42,0,"1","410","D","03","D",150,"D",,"A",,"A",,"A",,"A"
"20132",2565295,90,0,"1","420","D","04","D",198,"D",,"A",,"A",,"A",,"A"
"20132",2565305,22,0,"1","420","D","03","D",86,"D",,"A",,"A",,"A",,"A"
"20132",2565315,25,0,"1","420","D","03","D",35,"D",,"A",,"A",,"A",,"A"
"20132",2565335,27,0,"1","420","D","04","D",128,"D",,"A",,"A",,"A",,"A"
"20132",2565345,40,0,"1","410","D","03","D",15,"D",,"A",,"A",,"A",,"A"
"20132",2565355,83,0,"1","420","D","02","D",42,"D",,"A",,"A",,"A",,"A"
"20132",2565355,84,0,"1","420","D","02","D",311,"D",,"A",,"A",,"A",,"A"
"20132",2565485,51,0,"2","400","D","02","D",36,"D",,"A",,"A",,"A",,"A"
"20132",2565495,20,0,"1","420","D","02","D",87,"D",,"A",,"A",,"A",,"A"
"20132",2565585,46,0,"1","420","D","03","D",24,"D",,"A",,"A",,"A",,"A"
"20132",2565585,47,0,"1","405","D","03","D",21,"D",,"A",,"A",,"A",,"A"
"20132",2565635,33,0,"1","420","D","04","D",20,"D",,"A",,"A",,"A",,"A"
"20132",2565635,34,0,"1","410","D","03","D",20,"D",,"A",,"A",,"A",,"A"
"20132",2565835,28,0,"1","420","D","03","D",75,"D",,"A",,"A",,"A",,"A"
"20132",2565885,34,0,"1","420","D","04","D",45,"D",,"A",,"A",,"A",,"A"
"20132",2565915,32,0,"1","420","D","04","D",135,"D",,"A",,"A",,"A",,"A"
"20132",2565915,33,0,"1","410","D","03","D",75,"D",,"A",,"A",,"A",,"A"
"20132",2566085,54,0,"1","420","D","02","D",82,"D",,"A",,"A",,"A",,"A"
"20132",2566095,47,0,"1","420","D","02","D",176,"D",,"A",,"A",,"A",,"A"
"20132",2566195,40,0,"1","420","D","02","D",12,"D",,"A",,"A",,"A",,"A"
"20132",2566195,41,0,"1","405","D","02","D",24,"D",,"A",,"A",,"A",,"A"
"20132",2566315,14,0,"1","420","D","04","D",75,"D",,"A",,"A",,"A",,"A"
"20132",2566405,55,0,"1","420","D","04","D",194,"D",,"A",,"A",,"A",,"A"
"20132",2566455,44,0,"1","400","D","03","D",35,"D",,"A",,"A",,"A",,"A"
"20132",2566455,45,0,"1","410","D","04","D",26,"D",,"A",,"A",,"A",,"A"
"20132",2566455,46,0,"1","420","D","04","D",28,"D",,"A",,"A",,"A",,"A"
"20132",2566465,33,0,"1","420","D","02","D",21,"D",,"A",,"A",,"A",,"A"
"20132",2566465,34,0,"1","405","D","02","D",124,"D",,"A",,"A",,"A",,"A"
"20132",2566465,35,0,"2","400","D","02","D",20,"D",,"A",,"A",,"A",,"A"
"20132",2566485,74,0,"2","400","D","02","D",32,"D",,"A",,"A",,"A",,"A"
"20132",2566525,37,0,"1","420","D","04","D",288,"D",,"A",,"A",,"A",,"A"
"20132",2566665,27,0,"1","410","D","03","D",18,"D",,"A",,"A",,"A",,"A"
"20132",2566735,31,0,"1","400","D","03","D",5,"D",,"A",,"A",,"A",,"A"
"20132",2566735,32,0,"1","420","D","04","D",2,"D",,"A",,"A",,"A",,"A"
"20132",2566815,53,0,"1","420","D","04","D",249,"D",,"A",,"A",,"A",,"A"
"20132",2566875,27,0,"1","420","D","03","D",56,"D",,"A",,"A",,"A",,"A"
"20132",2566935,22,0,"1","410","D","03","D",67,"D",,"A",,"A",,"A",,"A"
"20132",2566935,23,0,"1","420","D","03","D",150,"D",,"A",,"A",,"A",,"A"
"20132",2567045,12,0,"1","420","D","03","D",200,"D",,"A",,"A",,"A",,"A"
"20132",2567185,25,0,"1","420","D","03","D",35,"D",,"A",,"A",,"A",,"A"
"20132",2567215,36,0,"1","420","D","04","D",112,"D",,"A",,"A",,"A",,"A"
"20132",2567245,35,0,"1","420","D","03","D",64,"D",,"A",,"A",,"A",,"A"
"20132",2567285,14,0,"1","420","D","04","D",67,"D",,"A",,"A",,"A",,"A"
"20132",2567405,55,0,"1","410","D","03","D",14,"D",,"A",,"A",,"A",,"A"
"20132",2567415,58,0,"1","400","D","04","D",18,"D",,"A",,"A",,"A",,"A"
"20132",2567565,24,0,"2","420","D","03","D",91,"D",,"A",,"A",,"A",,"A"
"20132",2567575,42,0,"1","420","D","05","D",70,"D",,"A",,"A",,"A",,"A"
"20132",2567575,43,0,"2","410","D","03","D",60,"D",,"A",,"A",,"A",,"A"
"20132",2567665,30,0,"1","420","D","04","D",60,"D",,"A",,"A",,"A",,"A"
"20132",2567915,42,0,"1","430","D","05","D",.,"H","410","D","415","D",,"A",,"A"
"20132",2567915,42,1,"1","410","D","05","D",54,"E",,"A",,"A",,"A",,"A"
"20132",2567915,42,2,"1","420","D","05","D",127,"E",,"A",,"A",,"A",,"A"
"20132",2567975,69,0,"1","420","D","03","D",888,"D",,"A",,"A",,"A",,"A"
"20132",2567975,70,0,"2","420","D","03","D",165,"D",,"A",,"A",,"A",,"A"
"20132",2568235,51,0,"1","420","D","03","D",164,"D",,"A",,"A",,"A",,"A"
"20132",2568285,36,0,"1","410","D","05","D",80,"D",,"A",,"A",,"A",,"A"
"20132",2568405,34,0,"1","410","D","03","D",40,"D",,"A",,"A",,"A",,"A"
"20132",2568435,26,0,"1","420","D","05","D",102,"D",,"A",,"A",,"A",,"A"
"20132",2568655,27,0,"1","410","D","04","D",15,"D",,"A",,"A",,"A",,"A"
"20132",2568655,28,0,"2","420","D","03","D",81,"D",,"A",,"A",,"A",,"A"
"20132",2568945,38,0,"2","420","D","03","D",86,"D",,"A",,"A",,"A",,"A"
"20132",2569045,57,0,"2","400","D","03","D",24,"D",,"A",,"A",,"A",,"A"
"20132",2569165,81,0,"1","420","D","05","D",52,"D",,"A",,"A",,"A",,"A"
"20132",2569175,26,0,"1","420","D","05","D",200,"D",,"A",,"A",,"A",,"A"
"20132",2569195,26,0,"1","400","D","05","D",25,"D",,"A",,"A",,"A",,"A"
"20132",2569205,27,0,"2","400","D","03","D",13,"D",,"A",,"A",,"A",,"A"
"20132",2569215,36,0,"1","410","D","03","D",18,"D",,"A",,"A",,"A",,"A"
"20132",2569245,47,0,"1","420","D","05","D",35,"D",,"A",,"A",,"A",,"A"
"20132",2569295,50,0,"1","410","D","04","D",28,"D",,"A",,"A",,"A",,"A"
"20132",2569305,44,0,"1","410","D","04","D",20,"D",,"A",,"A",,"A",,"A"
"20132",2569375,45,0,"2","420","D","03","D",132,"D",,"A",,"A",,"A",,"A"
"20132",2569385,43,0,"1","420","D","04","D",130,"D",,"A",,"A",,"A",,"A"
"20132",2569445,34,0,"2","420","D","03","D",135,"D",,"A",,"A",,"A",,"A"
"20132",2569565,46,0,"1","420","D","05","D",301,"D",,"A",,"A",,"A",,"A"
"20132",2569695,67,0,"1","420","D","05","D",105,"D",,"A",,"A",,"A",,"A"
"20132",2569935,45,0,"1","420","D","05","D",127,"D",,"A",,"A",,"A",,"A"
"20132",2569995,16,0,"1","400","D","05","D",12,"D",,"A",,"A",,"A",,"A"
"20132",2570035,81,0,"1","420","D","03","D",270,"D",,"A",,"A",,"A",,"A"
"20132",2570155,66,0,"1","405","D","03","D",225,"D",,"A",,"A",,"A",,"A"
"20132",2570155,67,0,"1","410","D","03","D",30,"D",,"A",,"A",,"A",,"A"
"20132",2570195,68,0,"1","420","D","05","D",104,"D",,"A",,"A",,"A",,"A"
"20132",2570205,28,0,"1","420","D","05","D",89,"D",,"A",,"A",,"A",,"A"
"20132",2570205,29,0,"2","420","D","03","D",215,"D",,"A",,"A",,"A",,"A"
"20132",2570275,32,0,"1","400","D","05","D",54,"D",,"A",,"A",,"A",,"A"
"20132",2570365,37,0,"1","420","D","04","D",42,"D",,"A",,"A",,"A",,"A"
"20132",2570365,38,0,"1","420","D","04","D",42,"D",,"A",,"A",,"A",,"A"
"20132",2570375,40,0,"1","420","D","05","D",100,"D",,"A",,"A",,"A",,"A"
"20132",2570375,41,0,"1","410","D","05","D",70,"D",,"A",,"A",,"A",,"A"
"20132",2570375,42,0,"1","420","D","03","D",175,"D",,"A",,"A",,"A",,"A"
"20132",2570635,29,0,"1","420","D","04","D",63,"D",,"A",,"A",,"A",,"A"
"20132",2570755,62,0,"1","420","D","05","D",101,"D",,"A",,"A",,"A",,"A"
"20132",2570755,63,0,"1","420","D","05","D",101,"D",,"A",,"A",,"A",,"A"
"20132",2570915,31,0,"1","410","D","04","D",29,"D",,"A",,"A",,"A",,"A"
"20132",2571125,39,0,"1","420","D","05","D",48,"D",,"A",,"A",,"A",,"A"
"20132",2571445,69,0,"1","420","D","05","D",22,"D",,"A",,"A",,"A",,"A"
"20132",2571495,39,0,"1","420","D","04","D",78,"D",,"A",,"A",,"A",,"A"
"20132",2571525,48,0,"1","420","D","03","D",55,"D",,"A",,"A",,"A",,"A"
"20132",2571525,49,0,"1","410","D","04","D",18,"D",,"A",,"A",,"A",,"A"
"20132",2571545,40,0,"1","420","D","05","D",116,"D",,"A",,"A",,"A",,"A"
"20132",2571685,36,0,"2","420","D","03","D",86,"D",,"A",,"A",,"A",,"A"
"20132",2571695,52,0,"1","420","D","05","D",39,"D",,"A",,"A",,"A",,"A"
"20132",2571755,69,0,"1","400","D","04","D",28,"D",,"A",,"A",,"A",,"A"
"20132",2571755,70,0,"1","420","D","04","D",1998,"D",,"A",,"A",,"A",,"A"
"20132",2571775,51,0,"1","410","D","04","D",20,"D",,"A",,"A",,"A",,"A"
"20132",2571775,52,0,"1","420","D","04","D",86,"D",,"A",,"A",,"A",,"A"
"20132",2571795,33,0,"1","420","D","03","D",55,"F",,"A",,"A",,"A",,"A"
"20132",2571875,31,0,"1","420","D","05","D",174,"D",,"A",,"A",,"A",,"A"
"20132",2571885,40,0,"1","400","D","04","D",18,"D",,"A",,"A",,"A",,"A"
"20132",2572095,39,0,"1","420","D","04","D",36,"D",,"A",,"A",,"A",,"A"
"20132",2572185,29,0,"1","420","D","04","D",105,"D",,"A",,"A",,"A",,"A"
"20132",2572205,40,0,"1","405","D","03","D",25,"D",,"A",,"A",,"A",,"A"
"20132",2572205,41,0,"2","420","D","03","D",41,"D",,"A",,"A",,"A",,"A"
"20132",2572325,41,0,"1","410","D","05","D",15,"D",,"A",,"A",,"A",,"A"
"20132",2572325,42,0,"1","420","D","04","D",65,"D",,"A",,"A",,"A",,"A"
"20132",2572325,43,0,"2","410","D","03","D",15,"D",,"A",,"A",,"A",,"A"
"20132",2572345,38,0,"1","420","D","03","D",84,"D",,"A",,"A",,"A",,"A"
"20132",2572525,62,0,"1","420","D","04","D",84,"D",,"A",,"A",,"A",,"A"
"20132",2572735,32,0,"1","420","D","04","D",106,"D",,"A",,"A",,"A",,"A"
"20132",2572775,53,0,"1","420","D","05","D",375,"D",,"A",,"A",,"A",,"A"
"20132",2572775,54,0,"1","410","D","05","D",15,"D",,"A",,"A",,"A",,"A"
"20132",2572965,37,0,"1","400","D","05","D",22,"D",,"A",,"A",,"A",,"A"
"20132",2573035,54,0,"1","420","D","05","D",2600,"D",,"A",,"A",,"A",,"A"
"20132",2573065,47,0,"1","400","D","05","D",30,"D",,"A",,"A",,"A",,"A"
"20132",2573115,27,0,"1","420","D","05","D",68,"D",,"A",,"A",,"A",,"A"
"20132",2573385,34,0,"1","420","D","03","D",110,"D",,"A",,"A",,"A",,"A"
"20132",2573465,37,0,"1","420","D","05","D",57,"D",,"A",,"A",,"A",,"A"
"20132",2573535,140,0,"1","420","D","03","D",60,"D",,"A",,"A",,"A",,"A"
"20132",2573555,22,0,"1","420","D","05","D",102,"D",,"A",,"A",,"A",,"A"
"20132",2573695,26,0,"2","420","D","03","D",80,"D",,"A",,"A",,"A",,"A"
"20132",2573775,32,0,"2","420","D","03","D",53,"D",,"A",,"A",,"A",,"A"
"20132",2573935,36,0,"1","400","D","05","D",50,"D",,"A",,"A",,"A",,"A"
"20132",2573985,17,0,"1","420","D","05","D",152,"D",,"A",,"A",,"A",,"A"
"20132",2573985,18,0,"1","410","D","05","D",75,"F",,"A",,"A",,"A",,"A"
"20132",2574015,53,0,"1","420","D","05","D",90,"D",,"A",,"A",,"A",,"A"
"20132",2574085,23,0,"1","420","D","05","D",102,"D",,"A",,"A",,"A",,"A"
"20132",2574105,69,0,"1","420","D","04","D",120,"D",,"A",,"A",,"A",,"A"
"20132",2574105,70,0,"1","410","D","04","D",37,"D",,"A",,"A",,"A",,"A"
"20132",2574155,24,0,"1","420","D","03","D",250,"D",,"A",,"A",,"A",,"A"
"20132",2574275,44,0,"1","420","D","04","D",439,"D",,"A",,"A",,"A",,"A"
"20132",2574285,40,0,"2","420","D","03","D",290,"D",,"A",,"A",,"A",,"A"
"20132",2574325,38,0,"2","410","D","03","D",20,"D",,"A",,"A",,"A",,"A"
"20132",2574345,31,0,"1","410","D","05","D",49,"D",,"A",,"A",,"A",,"A"
"20132",2574415,75,0,"1","400","D","04","D",30,"D",,"A",,"A",,"A",,"A"
"20132",2574415,76,0,"1","420","D","04","D",55,"D",,"A",,"A",,"A",,"A"
"20132",2574425,37,0,"1","420","D","04","D",24,"D",,"A",,"A",,"A",,"A"
"20132",2574425,38,0,"1","405","D","04","D",87,"D",,"A",,"A",,"A",,"A"
"20132",2574535,44,0,"1","400","D","05","D",32,"D",,"A",,"A",,"A",,"A"
"20132",2574535,45,0,"1","420","D","04","D",81,"D",,"A",,"A",,"A",,"A"
"20132",2574715,41,0,"2","400","D","03","D",25,"D",,"A",,"A",,"A",,"A"
"20132",2574745,21,0,"1","420","D","05","D",254,"D",,"A",,"A",,"A",,"A"
"20132",2574785,53,0,"1","400","D","05","D",64,"D",,"A",,"A",,"A",,"A"
"20132",2575075,35,0,"2","410","D","03","D",38,"D",,"A",,"A",,"A",,"A"
"20132",2575095,28,0,"1","420","D","04","D",96,"D",,"A",,"A",,"A",,"A"
"20132",2575145,29,0,"1","420","D","05","D",75,"D",,"A",,"A",,"A",,"A"
"20132",2575185,91,0,"2","420","D","03","D",528,"D",,"A",,"A",,"A",,"A"
"20132",2575185,92,0,"2","410","D","03","D",28,"D",,"A",,"A",,"A",,"A"
"20132",2575295,40,0,"1","400","D","05","D",40,"D",,"A",,"A",,"A",,"A"
"20132",2575295,41,0,"1","420","D","04","D",345,"D",,"A",,"A",,"A",,"A"
"20132",2575295,42,0,"2","410","D","03","D",29,"D",,"A",,"A",,"A",,"A"
"20132",2575325,27,0,"1","420","D","05","D",120,"D",,"A",,"A",,"A",,"A"
"20132",2575655,59,0,"1","420","D","04","D",54,"D",,"A",,"A",,"A",,"A"
"20132",2575655,60,0,"1","420","D","03","D",54,"D",,"A",,"A",,"A",,"A"
"20132",2575775,42,0,"1","410","D","05","D",71,"D",,"A",,"A",,"A",,"A"
"20132",2575785,19,0,"2","420","D","03","D",31,"D",,"A",,"A",,"A",,"A"
"20132",2575795,58,0,"1","420","D","03","D",137,"D",,"A",,"A",,"A",,"A"
"20132",2575795,59,0,"2","420","D","03","D",134,"D",,"A",,"A",,"A",,"A"
"20132",2575835,22,0,"1","405","D","05","D",108,"D",,"A",,"A",,"A",,"A"
"20132",2575915,65,0,"1","410","D","05","D",38,"D",,"A",,"A",,"A",,"A"
"20132",2575915,66,0,"1","430","D","05","D",.,"H","425","D","415","D",,"A",,"A"
"20132",2575915,66,1,"1","420","D","05","D",57,"E",,"A",,"A",,"A",,"A"
"20132",2575915,66,2,"1","420","D","05","D",63,"E",,"A",,"A",,"A",,"A"
"20132",2575985,26,0,"1","410","D","05","D",14,"D",,"A",,"A",,"A",,"A"
"20132",2575985,27,0,"1","420","D","05","D",28,"D",,"A",,"A",,"A",,"A"
"20132",2576045,48,0,"2","420","D","03","D",340,"D",,"A",,"A",,"A",,"A"
"20132",2576135,44,0,"1","420","D","03","D",180,"D",,"A",,"A",,"A",,"A"
"20132",2576135,45,0,"1","420","D","05","D",180,"D",,"A",,"A",,"A",,"A"
"20132",2576165,88,0,"1","410","D","04","D",30,"D",,"A",,"A",,"A",,"A"
"20132",2576395,23,0,"1","420","D","03","D",100,"D",,"A",,"A",,"A",,"A"
"20132",2576495,60,0,"1","420","D","05","D",170,"D",,"A",,"A",,"A",,"A"
"20132",2576605,31,0,"2","420","D","03","D",270,"D",,"A",,"A",,"A",,"A"
"20132",2576705,37,0,"1","410","D","05","D",55,"D",,"A",,"A",,"A",,"A"
"20132",2576735,20,0,"1","400","D","05","D",30,"D",,"A",,"A",,"A",,"A"
"20132",2576755,22,0,"1","410","D","05","D",14,"D",,"A",,"A",,"A",,"A"
"20132",2576955,25,0,"1","420","D","05","D",212,"D",,"A",,"A",,"A",,"A"
"20132",2576975,90,0,"1","400","D","05","D",475,"D",,"A",,"A",,"A",,"A"
"20132",2577005,13,0,"1","420","D","04","D",150,"D",,"A",,"A",,"A",,"A"
"20132",2577015,50,0,"2","410","D","03","D",46,"D",,"A",,"A",,"A",,"A"
"20132",2577015,51,0,"2","410","D","03","D",78,"D",,"A",,"A",,"A",,"A"
"20132",2577015,52,0,"2","420","D","03","D",36,"D",,"A",,"A",,"A",,"A"
"20132",2577015,53,0,"2","420","D","03","D",59,"D",,"A",,"A",,"A",,"A"
"20132",2577075,83,0,"1","420","D","04","D",200,"D",,"A",,"A",,"A",,"A"
"20132",2577075,84,0,"1","420","D","05","D",135,"D",,"A",,"A",,"A",,"A"
"20132",2577275,68,0,"1","400","D","03","D",16,"D",,"A",,"A",,"A",,"A"
"20132",2577325,49,0,"1","420","D","04","D",105,"D",,"A",,"A",,"A",,"A"
"20132",2577365,34,0,"1","410","D","03","D",16,"D",,"A",,"A",,"A",,"A"
"20132",2577575,31,0,"1","420","D","05","D",75,"D",,"A",,"A",,"A",,"A"
"20132",2577615,50,0,"1","400","D","05","D",30,"D",,"A",,"A",,"A",,"A"
"20132",2577615,51,0,"1","400","D","05","D",52,"D",,"A",,"A",,"A",,"A"
"20132",2577615,52,0,"1","420","D","04","D",102,"D",,"A",,"A",,"A",,"A"
"20132",2577645,63,0,"1","420","D","05","D",63,"D",,"A",,"A",,"A",,"A"
"20132",2577645,64,0,"1","420","D","04","D",110,"D",,"A",,"A",,"A",,"A"
"20132",2577645,65,0,"2","420","D","03","D",212,"D",,"A",,"A",,"A",,"A"
"20132",2577665,28,0,"1","420","D","05","D",120,"D",,"A",,"A",,"A",,"A"
"20132",2577665,29,0,"1","420","D","05","D",83,"D",,"A",,"A",,"A",,"A"
"20132",2577725,44,0,"1","400","D","05","D",25,"D",,"A",,"A",,"A",,"A"
"20132",2577765,59,0,"1","400","D","04","D",25,"D",,"A",,"A",,"A",,"A"
"20132",2577765,60,0,"1","420","D","04","D",54,"D",,"A",,"A",,"A",,"A"
"20132",2577765,61,0,"1","420","D","04","D",101,"D",,"A",,"A",,"A",,"A"
"20132",2577765,62,0,"1","420","D","04","D",99,"D",,"A",,"A",,"A",,"A"
"20132",2577835,29,0,"1","420","D","05","D",95,"D",,"A",,"A",,"A",,"A"
"20132",2577985,29,0,"1","410","D","03","D",60,"D",,"A",,"A",,"A",,"A"
"20132",2577985,30,0,"1","420","D","03","D",72,"D",,"A",,"A",,"A",,"A"
"20132",2578005,52,0,"1","420","D","04","D",56,"D",,"A",,"A",,"A",,"A"
"20132",2578035,55,0,"1","410","D","04","D",25,"D",,"A",,"A",,"A",,"A"
"20132",2578035,56,0,"1","420","D","05","D",70,"D",,"A",,"A",,"A",,"A"
"20132",2578175,33,0,"1","420","D","04","D",140,"D",,"A",,"A",,"A",,"A"
"20132",2578215,44,0,"2","420","D","03","D",28,"D",,"A",,"A",,"A",,"A"
"20132",2578245,54,0,"2","430","D","03","D",.,"H","415","D","410","D",,"A",,"A"
"20132",2578245,54,1,"2","420","D","03","D",98,"E",,"A",,"A",,"A",,"A"
"20132",2578245,54,2,"2","410","D","03","D",31,"E",,"A",,"A",,"A",,"A"
"20132",2578265,40,0,"1","420","D","03","D",30,"D",,"A",,"A",,"A",,"A"
"20132",2578275,59,0,"1","400","D","05","D",48,"D",,"A",,"A",,"A",,"A"
"20132",2578305,76,0,"1","420","D","05","D",110,"D",,"A",,"A",,"A",,"A"
"20132",2578305,77,0,"2","420","D","03","D",150,"D",,"A",,"A",,"A",,"A"
"20132",2578355,26,0,"1","400","D","05","D",25,"D",,"A",,"A",,"A",,"A"
"20132",2578355,27,0,"1","410","D","05","D",5,"D",,"A",,"A",,"A",,"A"
"20132",2578445,31,0,"1","410","D","03","D",80,"D",,"A",,"A",,"A",,"A"
"20132",2578445,32,0,"2","420","D","03","D",36,"D",,"A",,"A",,"A",,"A"
"20132",2578475,22,0,"1","405","D","05","D",30,"D",,"A",,"A",,"A",,"A"
"20132",2578525,28,0,"1","400","D","04","D",21,"D",,"A",,"A",,"A",,"A"
"20132",2578635,34,0,"1","420","D","05","D",30,"D",,"A",,"A",,"A",,"A"
"20132",2578735,42,0,"1","420","D","05","D",86,"D",,"A",,"A",,"A",,"A"
"20132",2578775,39,0,"1","420","D","04","D",400,"D",,"A",,"A",,"A",,"A"
"20132",2578785,60,0,"1","420","D","04","D",110,"D",,"A",,"A",,"A",,"A"
"20132",2578785,61,0,"1","420","D","04","D",110,"D",,"A",,"A",,"A",,"A"
"20132",2578864,16,0,"1","420","D","03","D",65,"D",,"A",,"A",,"A",,"A"
"20132",2579074,54,0,"1","410","D","03","D",55,"D",,"A",,"A",,"A",,"A"
"20132",2579074,55,0,"1","420","D","03","D",36,"D",,"A",,"A",,"A",,"A"
"20132",2579074,56,0,"2","400","D","01","D",29,"D",,"A",,"A",,"A",,"A"
"20132",2579144,49,0,"1","420","D","01","D",57,"D",,"A",,"A",,"A",,"A"
"20132",2579254,62,0,"1","420","D","01","D",16,"D",,"A",,"A",,"A",,"A"
"20132",2579334,74,0,"1","420","D","03","D",35,"D",,"A",,"A",,"A",,"A"
"20132",2579395,32,0,"1","420","D","02","D",75,"D",,"A",,"A",,"A",,"A"
"20132",2579494,29,0,"1","420","D","03","D",120,"D",,"A",,"A",,"A",,"A"
"20132",2579784,48,0,"1","410","D","02","D",35,"D",,"A",,"A",,"A",,"A"
"20132",2579784,49,0,"1","420","D","02","D",110,"D",,"A",,"A",,"A",,"A"
"20132",2579784,50,0,"2","420","D","01","D",69,"D",,"A",,"A",,"A",,"A"
"20132",2579784,51,0,"2","410","D","01","D",40,"D",,"A",,"A",,"A",,"A"
"20132",2579834,44,0,"1","420","D","02","D",57,"D",,"A",,"A",,"A",,"A"
"20132",2580214,70,0,"1","420","D","03","D",70,"D",,"A",,"A",,"A",,"A"
"20132",2580384,26,0,"1","420","D","03","D",107,"D",,"A",,"A",,"A",,"A"
"20132",2580654,34,0,"1","410","D","02","D",25,"D",,"A",,"A",,"A",,"A"
"20132",2580664,39,0,"1","420","D","02","D",6,"D",,"A",,"A",,"A",,"A"
"20132",2580674,35,0,"1","420","D","03","D",345,"D",,"A",,"A",,"A",,"A"
"20132",2580724,82,0,"1","420","D","01","D",50,"D",,"A",,"A",,"A",,"A"
"20132",2580734,37,0,"1","420","D","01","D",36,"D",,"A",,"A",,"A",,"A"
"20132",2580764,32,0,"1","410","D","02","D",42,"D",,"A",,"A",,"A",,"A"
"20132",2580764,33,0,"1","420","D","02","D",128,"F",,"A",,"A",,"A",,"A"
"20132",2580774,31,0,"1","400","D","03","D",36,"D",,"A",,"A",,"A",,"A"
"20132",2580864,59,0,"1","400","D","02","D",10,"D",,"A",,"A",,"A",,"A"
"20132",2580934,61,0,"1","400","D","01","D",30,"D",,"A",,"A",,"A",,"A"
"20132",2580974,64,0,"1","420","D","03","D",49,"D",,"A",,"A",,"A",,"A"
"20132",2581084,36,0,"1","410","D","03","D",15,"D",,"A",,"A",,"A",,"A"
"20132",2581104,26,0,"1","420","D","03","D",120,"D",,"A",,"A",,"A",,"A"
"20132",2581234,32,0,"1","430","D","02","D",.,"H","415","D","410","D",,"A",,"A"
"20132",2581234,32,1,"1","420","D","02","D",21,"E",,"A",,"A",,"A",,"A"
"20132",2581234,32,2,"1","410","D","02","D",22,"E",,"A",,"A",,"A",,"A"
"20132",2581284,63,0,"1","420","D","01","D",65,"D",,"A",,"A",,"A",,"A"
"20132",2581324,35,0,"1","420","D","02","D",195,"D",,"A",,"A",,"A",,"A"
"20132",2581354,32,0,"1","410","D","03","D",30,"D",,"A",,"A",,"A",,"A"
"20132",2581354,33,0,"1","420","D","03","D",60,"D",,"A",,"A",,"A",,"A"
"20132",2581364,83,0,"1","430","D","02","D",.,"H","415","D","425","D",,"A",,"A"
"20132",2581364,83,1,"1","420","D","02","D",188,"E",,"A",,"A",,"A",,"A"
"20132",2581364,83,2,"1","420","D","02","D",37,"E",,"A",,"A",,"A",,"A"
"20132",2581384,20,0,"1","420","D","01","D",20,"D",,"A",,"A",,"A",,"A"
"20132",2581394,29,0,"1","410","D","03","D",16,"D",,"A",,"A",,"A",,"A"
"20132",2581414,27,0,"2","420","D","01","D",321,"D",,"A",,"A",,"A",,"A"
"20132",2581424,34,0,"1","420","D","01","D",120,"D",,"A",,"A",,"A",,"A"
"20132",2581424,35,0,"1","420","D","01","D",200,"D",,"A",,"A",,"A",,"A"
"20132",2581494,22,0,"1","420","D","03","D",112,"D",,"A",,"A",,"A",,"A"
"20132",2581564,30,0,"1","410","D","03","D",100,"D",,"A",,"A",,"A",,"A"
"20132",2581644,44,0,"1","400","D","03","D",20,"D",,"A",,"A",,"A",,"A"
"20132",2581644,45,0,"1","430","D","01","D",.,"H","425","D","415","D",,"A",,"A"
"20132",2581644,45,1,"1","420","D","01","D",25,"E",,"A",,"A",,"A",,"A"
"20132",2581644,45,2,"1","420","D","01","D",24,"E",,"A",,"A",,"A",,"A"
"20132",2581694,22,0,"1","420","D","02","D",120,"D",,"A",,"A",,"A",,"A"
"20132",2581794,36,0,"1","420","D","02","D",40,"D",,"A",,"A",,"A",,"A"
"20132",2582124,46,0,"1","400","D","01","D",34,"D",,"A",,"A",,"A",,"A"
"20132",2582124,47,0,"1","420","D","02","D",75,"D",,"A",,"A",,"A",,"A"
"20132",2582144,61,0,"1","400","D","03","D",25,"D",,"A",,"A",,"A",,"A"
"20132",2582344,24,0,"2","420","D","01","D",57,"D",,"A",,"A",,"A",,"A"
"20132",2582374,84,0,"1","420","D","03","D",710,"D",,"A",,"A",,"A",,"A"
"20132",2582374,85,0,"2","420","D","01","D",128,"D",,"A",,"A",,"A",,"A"
"20132",2582394,42,0,"1","420","D","03","D",278,"D",,"A",,"A",,"A",,"A"
"20132",2582484,60,0,"1","410","D","01","D",35,"D",,"A",,"A",,"A",,"A"
"20132",2582484,61,0,"1","420","D","01","D",85,"D",,"A",,"A",,"A",,"A"
"20132",2582494,27,0,"1","420","D","03","D",68,"D",,"A",,"A",,"A",,"A"
"20132",2582504,28,0,"1","420","D","03","D",69,"D",,"A",,"A",,"A",,"A"
"20132",2582634,34,0,"1","405","D","01","D",300,"D",,"A",,"A",,"A",,"A"
"20132",2582754,19,0,"1","420","D","01","D",75,"D",,"A",,"A",,"A",,"A"
"20132",2582784,38,0,"1","410","D","03","D",30,"D",,"A",,"A",,"A",,"A"
"20132",2582784,39,0,"1","420","D","03","D",19,"D",,"A",,"A",,"A",,"A"
"20132",2583124,39,0,"1","410","D","02","D",75,"D",,"A",,"A",,"A",,"A"
"20132",2583124,40,0,"1","410","D","02","D",75,"D",,"A",,"A",,"A",,"A"
"20132",2583134,57,0,"1","420","D","02","D",36,"D",,"A",,"A",,"A",,"A"
"20132",2583174,30,0,"1","420","D","03","D",220,"D",,"A",,"A",,"A",,"A"
"20132",2583364,41,0,"1","410","D","01","D",15,"D",,"A",,"A",,"A",,"A"
"20132",2583374,46,0,"1","430","D","02","D",.,"H","415","D","410","D",,"A",,"A"
"20132",2583374,46,1,"1","420","D","02","D",55,"E",,"A",,"A",,"A",,"A"
"20132",2583374,46,2,"1","410","D","02","D",15,"E",,"A",,"A",,"A",,"A"
"20132",2583534,41,0,"1","420","D","03","D",230,"D",,"A",,"A",,"A",,"A"
"20132",2583604,24,0,"1","420","D","03","D",45,"D",,"A",,"A",,"A",,"A"
"20132",2583604,25,0,"1","420","D","03","D",45,"D",,"A",,"A",,"A",,"A"
"20132",2583834,62,0,"1","420","D","01","D",81,"D",,"A",,"A",,"A",,"A"
"20132",2583844,53,0,"1","405","D","02","D",825,"D",,"A",,"A",,"A",,"A"
"20132",2583864,25,0,"1","420","D","03","D",50,"D",,"A",,"A",,"A",,"A"
"20132",2583874,32,0,"1","410","D","03","D",16,"D",,"A",,"A",,"A",,"A"
"20132",2584124,54,0,"1","420","D","01","D",105,"D",,"A",,"A",,"A",,"A"
"20132",2584144,42,0,"1","420","D","02","D",69,"D",,"A",,"A",,"A",,"A"
"20132",2584194,34,0,"1","420","D","02","D",143,"D",,"A",,"A",,"A",,"A"
"20132",2584194,35,0,"1","420","D","03","D",246,"D",,"A",,"A",,"A",,"A"
"20132",2584214,18,0,"2","420","D","01","D",89,"D",,"A",,"A",,"A",,"A"
"20132",2584274,53,0,"1","420","D","01","D",75,"D",,"A",,"A",,"A",,"A"
"20132",2584274,54,0,"1","420","D","01","D",85,"D",,"A",,"A",,"A",,"A"
"20132",2584354,60,0,"1","420","D","02","D",119,"D",,"A",,"A",,"A",,"A"
"20132",2584434,40,0,"1","410","D","03","D",53,"D",,"A",,"A",,"A",,"A"
"20132",2584574,25,0,"1","420","D","02","D",75,"D",,"A",,"A",,"A",,"A"
"20132",2584604,22,0,"1","405","D","03","D",300,"D",,"A",,"A",,"A",,"A"
"20132",2584784,36,0,"1","420","D","03","D",160,"D",,"A",,"A",,"A",,"A"
"20132",2584794,15,0,"2","410","D","01","D",44,"D",,"A",,"A",,"A",,"A"
"20132",2585124,30,0,"1","410","D","02","D",16,"D",,"A",,"A",,"A",,"A"
"20132",2585124,31,0,"1","405","D","01","D",22,"D",,"A",,"A",,"A",,"A"
"20132",2585144,31,0,"1","420","D","03","D",72,"D",,"A",,"A",,"A",,"A"
"20132",2585174,57,0,"1","400","D","01","D",36,"D",,"A",,"A",,"A",,"A"
"20132",2585174,58,0,"2","420","D","01","D",187,"D",,"A",,"A",,"A",,"A"
"20132",2585234,25,0,"1","410","D","03","D",37,"D",,"A",,"A",,"A",,"A"
"20132",2585284,14,0,"2","400","D","01","D",25,"D",,"A",,"A",,"A",,"A"
"20132",2585574,38,0,"1","420","D","01","D",75,"D",,"A",,"A",,"A",,"A"
"20132",2585574,39,0,"1","420","D","03","D",72,"D",,"A",,"A",,"A",,"A"
"20132",2585664,42,0,"1","420","D","01","D",47,"D",,"A",,"A",,"A",,"A"
"20132",2585684,39,0,"1","430","D","03","D",.,"H","425","D","410","D",,"A",,"A"
"20132",2585684,39,1,"1","420","D","03","D",22,"E",,"A",,"A",,"A",,"A"
"20132",2585684,39,2,"1","410","D","03","D",21,"E",,"A",,"A",,"A",,"A"
"20132",2585744,46,0,"1","420","D","03","D",200,"D",,"A",,"A",,"A",,"A"
"20132",2585764,23,0,"1","420","D","03","D",122,"D",,"A",,"A",,"A",,"A"
"20132",2585964,97,0,"1","420","D","01","D",54,"D",,"A",,"A",,"A",,"A"
"20132",2585964,98,0,"1","410","D","02","D",16,"D",,"A",,"A",,"A",,"A"
"20132",2585964,99,0,"1","405","D","01","D",225,"D",,"A",,"A",,"A",,"A"
"20132",2586004,49,0,"1","410","D","01","D",16,"D",,"A",,"A",,"A",,"A"
"20132",2586004,50,0,"2","400","D","01","D",32,"D",,"A",,"A",,"A",,"A"
"20132",2586214,45,0,"1","420","D","01","D",20,"F",,"A",,"A",,"A",,"A"
"20132",2586444,36,0,"1","420","D","02","D",106,"D",,"A",,"A",,"A",,"A"
"20132",2586544,36,0,"1","420","D","01","D",320,"D",,"A",,"A",,"A",,"A"
"20132",2586564,26,0,"1","420","D","03","D",101,"D",,"A",,"A",,"A",,"A"
"20132",2586584,64,0,"1","420","D","03","D",125,"D",,"A",,"A",,"A",,"A"
"20132",2586614,23,0,"1","405","D","03","D",30,"D",,"A",,"A",,"A",,"A"
"20132",2586724,30,0,"1","410","D","01","D",25,"D",,"A",,"A",,"A",,"A"
"20132",2586724,31,0,"1","420","D","01","D",69,"D",,"A",,"A",,"A",,"A"
"20132",2586754,24,0,"1","420","D","03","D",60,"D",,"A",,"A",,"A",,"A"
"20132",2586904,22,0,"1","420","D","02","D",79,"D",,"A",,"A",,"A",,"A"
"20132",2587064,84,0,"2","420","D","01","D",37,"D",,"A",,"A",,"A",,"A"
"20132",2587074,39,0,"1","420","D","03","D",84,"F",,"A",,"A",,"A",,"A"
"20132",2587174,64,0,"1","420","D","02","D",90,"D",,"A",,"A",,"A",,"A"
"20132",2587174,65,0,"1","420","D","02","D",70,"D",,"A",,"A",,"A",,"A"
"20132",2587224,32,0,"1","400","D","02","D",29,"D",,"A",,"A",,"A",,"A"
"20132",2587224,33,0,"1","420","D","02","D",110,"D",,"A",,"A",,"A",,"A"
"20132",2587294,32,0,"2","420","D","01","D",75,"D",,"A",,"A",,"A",,"A"
"20132",2587374,33,0,"1","420","D","03","D",300,"D",,"A",,"A",,"A",,"A"
"20132",2587394,28,0,"2","400","D","01","D",10,"D",,"A",,"A",,"A",,"A"
"20132",2587424,25,0,"1","420","D","02","D",225,"D",,"A",,"A",,"A",,"A"
"20132",2587524,47,0,"1","420","D","02","D",150,"D",,"A",,"A",,"A",,"A"
"20132",2587564,26,0,"1","405","D","02","D",75,"D",,"A",,"A",,"A",,"A"
"20132",2587664,36,0,"1","420","D","03","D",134,"D",,"A",,"A",,"A",,"A"
"20132",2587674,49,0,"1","400","D","02","D",40,"D",,"A",,"A",,"A",,"A"
"20132",2587744,82,0,"1","405","D","03","D",298,"D",,"A",,"A",,"A",,"A"
"20132",2587814,59,0,"1","420","D","03","D",250,"D",,"A",,"A",,"A",,"A"
"20132",2587844,30,0,"1","410","D","03","D",54,"D",,"A",,"A",,"A",,"A"
"20132",2587914,45,0,"1","400","D","02","D",20,"D",,"A",,"A",,"A",,"A"
"20132",2587994,27,0,"1","420","D","01","D",45,"D",,"A",,"A",,"A",,"A"
"20132",2587994,28,0,"1","405","D","02","D",42,"D",,"A",,"A",,"A",,"A"
"20132",2588044,58,0,"1","420","D","03","D",36,"D",,"A",,"A",,"A",,"A"
"20132",2588134,64,0,"1","410","D","03","D",12,"D",,"A",,"A",,"A",,"A"
"20132",2588174,56,0,"1","420","D","01","D",51,"D",,"A",,"A",,"A",,"A"
"20132",2588174,57,0,"1","420","D","02","D",51,"D",,"A",,"A",,"A",,"A"
"20132",2588274,25,0,"1","410","D","01","D",45,"D",,"A",,"A",,"A",,"A"
"20132",2588274,26,0,"1","420","D","01","D",180,"D",,"A",,"A",,"A",,"A"
"20132",2588454,34,0,"1","420","D","03","D",48,"D",,"A",,"A",,"A",,"A"
"20132",2588504,61,0,"1","420","D","03","D",129,"D",,"A",,"A",,"A",,"A"
"20132",2588524,54,0,"1","400","D","01","D",32,"D",,"A",,"A",,"A",,"A"
"20132",2588524,55,0,"2","420","D","01","D",90,"D",,"A",,"A",,"A",,"A"
"20132",2588624,48,0,"1","420","D","03","D",63,"D",,"A",,"A",,"A",,"A"
"20132",2588624,49,0,"1","400","D","03","D",23,"D",,"A",,"A",,"A",,"A"
"20132",2588644,75,0,"1","430","D","02","D",.,"H","415","D","400","D",,"A",,"A"
"20132",2588644,75,1,"1","420","D","02","D",104,"E",,"A",,"A",,"A",,"A"
"20132",2588644,75,2,"1","400","D","02","D",15,"E",,"A",,"A",,"A",,"A"
"20132",2588714,86,0,"1","420","D","01","D",68,"D",,"A",,"A",,"A",,"A"
"20132",2588834,32,0,"1","420","D","02","D",219,"D",,"A",,"A",,"A",,"A"
"20132",2589044,25,0,"1","420","D","01","D",103,"D",,"A",,"A",,"A",,"A"
"20132",2589154,63,0,"2","420","D","01","D",74,"D",,"A",,"A",,"A",,"A"
"20132",2589194,59,0,"1","420","D","02","D",122,"D",,"A",,"A",,"A",,"A"
"20132",2589284,53,0,"2","420","D","01","D",49,"D",,"A",,"A",,"A",,"A"
"20132",2589314,108,0,"1","410","D","03","D",30,"D",,"A",,"A",,"A",,"A"
"20132",2589314,109,0,"1","420","D","03","D",128,"D",,"A",,"A",,"A",,"A"
"20132",2589314,110,0,"1","420","D","03","D",120,"D",,"A",,"A",,"A",,"A"
"20132",2589404,39,0,"1","420","D","03","D",36,"D",,"A",,"A",,"A",,"A"
"20132",2589414,47,0,"2","420","D","01","D",325,"D",,"A",,"A",,"A",,"A"
"20132",2589484,57,0,"1","420","D","02","D",64,"D",,"A",,"A",,"A",,"A"
"20132",2589484,58,0,"1","410","D","03","D",14,"D",,"A",,"A",,"A",,"A"
"20132",2589564,20,0,"1","420","D","03","D",40,"D",,"A",,"A",,"A",,"A"
"20132",2589604,33,0,"1","410","D","03","D",36,"D",,"A",,"A",,"A",,"A"
"20132",2589614,108,0,"1","410","D","02","D",14,"D",,"A",,"A",,"A",,"A"
"20132",2589624,31,0,"1","410","D","02","D",18,"D",,"A",,"A",,"A",,"A"
"20132",2589724,89,0,"1","420","D","02","D",58,"D",,"A",,"A",,"A",,"A"
"20132",2589814,34,0,"1","420","D","01","D",75,"D",,"A",,"A",,"A",,"A"
"20132",2589864,43,0,"1","420","D","02","D",46,"D",,"A",,"A",,"A",,"A"
"20132",2589944,15,0,"1","405","D","03","D",26,"D",,"A",,"A",,"A",,"A"
"20132",2589944,16,0,"2","400","D","01","D",50,"D",,"A",,"A",,"A",,"A"
"20132",2589984,35,0,"1","420","D","03","D",120,"D",,"A",,"A",,"A",,"A"
"20132",2590004,30,0,"1","410","D","03","D",15,"D",,"A",,"A",,"A",,"A"
"20132",2590064,53,0,"1","410","D","03","D",300,"D",,"A",,"A",,"A",,"A"
"20132",2590124,55,0,"1","405","D","03","D",201,"D",,"A",,"A",,"A",,"A"
"20132",2590194,39,0,"1","420","D","03","D",270,"D",,"A",,"A",,"A",,"A"
"20132",2590224,36,0,"1","420","D","02","D",100,"D",,"A",,"A",,"A",,"A"
"20132",2590264,50,0,"1","420","D","03","D",9,"D",,"A",,"A",,"A",,"A"
"20132",2590604,25,0,"1","400","D","02","D",56,"D",,"A",,"A",,"A",,"A"
"20132",2590674,51,0,"1","410","D","02","D",80,"D",,"A",,"A",,"A",,"A"
"20132",2590804,51,0,"1","420","D","04","D",60,"D",,"A",,"A",,"A",,"A"
"20132",2590814,71,0,"1","410","D","02","D",14,"D",,"A",,"A",,"A",,"A"
"20132",2590814,72,0,"1","410","D","02","D",14,"D",,"A",,"A",,"A",,"A"
"20132",2590834,59,0,"1","410","D","03","D",35,"D",,"A",,"A",,"A",,"A"
"20132",2590834,60,0,"1","405","D","03","D",95,"D",,"A",,"A",,"A",,"A"
"20132",2590884,51,0,"2","400","D","02","D",13,"D",,"A",,"A",,"A",,"A"
"20132",2591074,37,0,"1","420","D","03","D",400,"F",,"A",,"A",,"A",,"A"
"20132",2591264,32,0,"1","420","D","03","D",54,"D",,"A",,"A",,"A",,"A"
"20132",2591284,22,0,"1","420","D","03","D",55,"D",,"A",,"A",,"A",,"A"
"20132",2591434,77,0,"1","420","D","04","D",200,"D",,"A",,"A",,"A",,"A"
"20132",2591484,38,0,"1","400","D","04","D",100,"D",,"A",,"A",,"A",,"A"
"20132",2591524,45,0,"1","410","D","04","D",10,"D",,"A",,"A",,"A",,"A"
"20132",2591654,24,0,"1","400","D","04","D",50,"D",,"A",,"A",,"A",,"A"
"20132",2591694,44,0,"1","420","D","04","D",101,"D",,"A",,"A",,"A",,"A"
"20132",2591734,46,0,"1","420","D","02","D",120,"D",,"A",,"A",,"A",,"A"
"20132",2591764,32,0,"1","420","D","04","D",65,"D",,"A",,"A",,"A",,"A"
"20132",2591944,55,0,"1","405","D","03","D",275,"D",,"A",,"A",,"A",,"A"
"20132",2591974,52,0,"1","420","D","02","D",89,"D",,"A",,"A",,"A",,"A"
"20132",2592194,24,0,"1","410","D","04","D",79,"D",,"A",,"A",,"A",,"A"
"20132",2592194,25,0,"1","420","D","03","D",36,"D",,"A",,"A",,"A",,"A"
"20132",2592344,51,0,"1","420","D","03","D",62,"D",,"A",,"A",,"A",,"A"
"20132",2592344,52,0,"1","410","D","03","D",15,"D",,"A",,"A",,"A",,"A"
"20132",2592384,53,0,"1","405","D","04","D",125,"D",,"A",,"A",,"A",,"A"
"20132",2592404,43,0,"1","420","D","02","D",218,"D",,"A",,"A",,"A",,"A"
"20132",2592474,23,0,"1","420","D","04","D",75,"D",,"A",,"A",,"A",,"A"
"20132",2592574,53,0,"2","420","D","02","D",46,"D",,"A",,"A",,"A",,"A"
"20132",2592714,51,0,"1","420","D","03","D",135,"D",,"A",,"A",,"A",,"A"
"20132",2592924,46,0,"1","420","D","04","D",194,"D",,"A",,"A",,"A",,"A"
"20132",2593164,51,0,"1","430","D","02","D",.,"H","415","D","410","D",,"A",,"A"
"20132",2593164,51,1,"1","420","D","02","D",72,"E",,"A",,"A",,"A",,"A"
"20132",2593164,51,2,"1","410","D","02","D",12,"E",,"A",,"A",,"A",,"A"
"20132",2593184,37,0,"1","420","D","03","D",60,"D",,"A",,"A",,"A",,"A"
"20132",2593324,40,0,"1","430","D","04","D",.,"H","405","D","415","D",,"A",,"A"
"20132",2593324,40,1,"1","405","D","04","D",364,"E",,"A",,"A",,"A",,"A"
"20132",2593324,40,2,"1","420","D","04","D",76,"E",,"A",,"A",,"A",,"A"
"20132",2593364,23,0,"1","420","D","03","D",75,"D",,"A",,"A",,"A",,"A"
"20132",2593364,24,0,"1","400","D","02","D",55,"D",,"A",,"A",,"A",,"A"
"20132",2593404,30,0,"1","410","D","04","D",25,"D",,"A",,"A",,"A",,"A"
"20132",2593414,67,0,"1","420","D","03","D",84,"D",,"A",,"A",,"A",,"A"
"20132",2593414,68,0,"1","420","D","02","D",75,"D",,"A",,"A",,"A",,"A"
"20132",2593464,50,0,"1","400","D","03","D",15,"D",,"A",,"A",,"A",,"A"
"20132",2593464,51,0,"2","420","D","02","D",38,"D",,"A",,"A",,"A",,"A"
"20132",2593554,53,0,"1","420","D","04","D",101,"D",,"A",,"A",,"A",,"A"
"20132",2593564,33,0,"1","410","D","02","D",60,"D",,"A",,"A",,"A",,"A"
"20132",2593564,34,0,"1","420","D","02","D",160,"D",,"A",,"A",,"A",,"A"
"20132",2593604,36,0,"2","420","D","02","D",95,"D",,"A",,"A",,"A",,"A"
"20132",2593764,46,0,"1","420","D","04","D",6,"D",,"A",,"A",,"A",,"A"
"20132",2593854,53,0,"1","400","D","02","D",12,"D",,"A",,"A",,"A",,"A"
"20132",2593864,53,0,"1","420","D","02","D",20,"D",,"A",,"A",,"A",,"A"
"20132",2594044,49,0,"1","420","D","04","D",450,"D",,"A",,"A",,"A",,"A"
"20132",2594094,64,0,"1","420","D","04","D",298,"D",,"A",,"A",,"A",,"A"
"20132",2594094,65,0,"1","410","D","04","D",20,"D",,"A",,"A",,"A",,"A"
"20132",2594144,41,0,"1","420","D","03","D",114,"D",,"A",,"A",,"A",,"A"
"20132",2594244,22,0,"1","420","D","04","D",35,"D",,"A",,"A",,"A",,"A"
"20132",2594274,75,0,"1","420","D","04","D",50,"D",,"A",,"A",,"A",,"A"
"20132",2594284,50,0,"1","410","D","04","D",16,"D",,"A",,"A",,"A",,"A"
"20132",2594284,51,0,"1","420","D","04","D",250,"D",,"A",,"A",,"A",,"A"
"20132",2594344,36,0,"1","400","D","03","D",15,"D",,"A",,"A",,"A",,"A"
"20132",2594464,37,0,"1","410","D","04","D",30,"D",,"A",,"A",,"A",,"A"
"20132",2594504,43,0,"1","420","D","03","D",400,"D",,"A",,"A",,"A",,"A"
"20132",2594514,44,0,"1","430","D","04","D",.,"H","415","D","410","D",,"A",,"A"
"20132",2594514,44,1,"1","420","D","04","D",24,"E",,"A",,"A",,"A",,"A"
"20132",2594514,44,2,"1","410","D","04","D",47,"E",,"A",,"A",,"A",,"A"
"20132",2594604,48,0,"1","420","D","03","D",68,"D",,"A",,"A",,"A",,"A"
"20132",2594744,37,0,"1","410","D","03","D",16,"D",,"A",,"A",,"A",,"A"
"20132",2594844,52,0,"1","420","D","04","D",529,"D",,"A",,"A",,"A",,"A"
"20132",2594844,53,0,"1","410","D","04","D",28,"D",,"A",,"A",,"A",,"A"
"20132",2594994,28,0,"1","400","D","03","D",14,"D",,"A",,"A",,"A",,"A"
"20132",2594994,29,0,"1","420","D","04","D",281,"D",,"A",,"A",,"A",,"A"
"20132",2595004,34,0,"1","410","D","04","D",20,"D",,"A",,"A",,"A",,"A"
"20132",2595234,88,0,"1","420","D","04","D",98,"D",,"A",,"A",,"A",,"A"
"20132",2595264,24,0,"1","400","D","02","D",50,"D",,"A",,"A",,"A",,"A"
"20132",2595274,55,0,"1","420","D","03","D",314,"D",,"A",,"A",,"A",,"A"
"20132",2595394,38,0,"1","420","D","04","D",44,"D",,"A",,"A",,"A",,"A"
"20132",2595424,44,0,"1","410","D","04","D",15,"D",,"A",,"A",,"A",,"A"
"20132",2595424,45,0,"1","420","D","04","D",136,"D",,"A",,"A",,"A",,"A"
"20132",2595434,40,0,"1","400","D","03","D",40,"D",,"A",,"A",,"A",,"A"
"20132",2595514,45,0,"1","400","D","04","D",40,"D",,"A",,"A",,"A",,"A"
"20132",2595594,32,0,"1","420","D","02","D",100,"D",,"A",,"A",,"A",,"A"
"20132",2595754,39,0,"2","420","D","02","D",123,"D",,"A",,"A",,"A",,"A"
"20132",2595924,24,0,"1","420","D","02","D",127,"D",,"A",,"A",,"A",,"A"
"20132",2595964,53,0,"1","420","D","02","D",96,"D",,"A",,"A",,"A",,"A"
"20132",2596084,39,0,"1","420","D","03","D",570,"D",,"A",,"A",,"A",,"A"
"20132",2596084,40,0,"2","420","D","02","D",500,"D",,"A",,"A",,"A",,"A"
"20132",2596234,61,0,"1","420","D","04","D",88,"D",,"A",,"A",,"A",,"A"
"20132",2596294,50,0,"1","420","D","04","D",101,"D",,"A",,"A",,"A",,"A"
"20132",2596434,44,0,"1","420","D","04","D",63,"D",,"A",,"A",,"A",,"A"
"20132",2596534,29,0,"1","420","D","03","D",60,"D",,"A",,"A",,"A",,"A"
"20132",2596554,29,0,"1","410","D","02","D",40,"D",,"A",,"A",,"A",,"A"
"20132",2596794,84,0,"1","410","D","03","D",29,"D",,"A",,"A",,"A",,"A"
"20132",2596794,85,0,"1","420","D","03","D",125,"D",,"A",,"A",,"A",,"A"
"20132",2596824,56,0,"1","420","D","03","D",23,"D",,"A",,"A",,"A",,"A"
"20132",2596894,37,0,"1","410","D","02","D",180,"D",,"A",,"A",,"A",,"A"
"20132",2596904,46,0,"2","420","D","02","D",69,"D",,"A",,"A",,"A",,"A"
"20132",2596914,44,0,"1","400","D","04","D",193,"D",,"A",,"A",,"A",,"A"
"20132",2596914,45,0,"1","400","D","04","D",25,"D",,"A",,"A",,"A",,"A"
"20132",2596984,18,0,"1","430","D","03","D",.,"H","410","D","415","D",,"A",,"A"
"20132",2596984,18,1,"1","410","D","03","D",50,"E",,"A",,"A",,"A",,"A"
"20132",2596984,18,2,"1","420","D","03","D",120,"E",,"A",,"A",,"A",,"A"
"20132",2597114,36,0,"1","420","D","03","D",442,"D",,"A",,"A",,"A",,"A"
"20132",2597154,52,0,"1","410","D","03","D",40,"D",,"A",,"A",,"A",,"A"
"20132",2597154,53,0,"1","420","D","03","D",84,"D",,"A",,"A",,"A",,"A"
"20132",2597154,54,0,"1","420","D","03","D",51,"D",,"A",,"A",,"A",,"A"
"20132",2597184,44,0,"1","420","D","04","D",180,"D",,"A",,"A",,"A",,"A"
"20132",2597344,23,0,"1","400","D","04","D",20,"D",,"A",,"A",,"A",,"A"
"20132",2597364,45,0,"1","420","D","03","D",160,"D",,"A",,"A",,"A",,"A"
"20132",2597364,46,0,"1","420","D","03","D",200,"D",,"A",,"A",,"A",,"A"
"20132",2597364,47,0,"1","410","D","03","D",65,"D",,"A",,"A",,"A",,"A"
"20132",2597494,20,0,"1","420","D","04","D",64,"D",,"A",,"A",,"A",,"A"
"20132",2597584,34,0,"1","420","D","03","D",120,"D",,"A",,"A",,"A",,"A"
"20132",2597674,13,0,"1","405","D","03","D",11,"F",,"A",,"A",,"A",,"A"
"20132",2597724,58,0,"1","420","D","03","D",60,"D",,"A",,"A",,"A",,"A"
"20132",2597924,32,0,"2","420","D","02","D",99,"D",,"A",,"A",,"A",,"A"
"20132",2598054,20,0,"1","405","D","03","D",20,"D",,"A",,"A",,"A",,"A"
"20132",2598114,37,0,"1","410","D","04","D",57,"D",,"A",,"A",,"A",,"A"
"20132",2598154,51,0,"1","405","D","04","D",99,"D",,"A",,"A",,"A",,"A"
"20132",2598214,47,0,"1","420","D","04","D",113,"D",,"A",,"A",,"A",,"A"
"20132",2598214,48,0,"1","410","D","04","D",30,"D",,"A",,"A",,"A",,"A"
"20132",2598304,34,0,"2","400","D","02","D",10,"D",,"A",,"A",,"A",,"A"
"20132",2598374,37,0,"1","420","D","04","D",120,"D",,"A",,"A",,"A",,"A"
"20132",2598404,38,0,"1","420","D","03","D",60,"D",,"A",,"A",,"A",,"A"
"20132",2598434,27,0,"1","420","D","03","D",36,"D",,"A",,"A",,"A",,"A"
"20132",2598514,28,0,"1","410","D","02","D",75,"D",,"A",,"A",,"A",,"A"
"20132",2598604,31,0,"2","410","D","02","D",30,"D",,"A",,"A",,"A",,"A"
"20132",2598744,35,0,"1","420","D","02","D",300,"D",,"A",,"A",,"A",,"A"
"20132",2598764,36,0,"1","430","D","04","D",.,"H","425","D","415","D",,"A",,"A"
"20132",2598764,36,1,"1","420","D","04","D",31,"E",,"A",,"A",,"A",,"A"
"20132",2598764,36,2,"1","420","D","04","D",29,"E",,"A",,"A",,"A",,"A"
"20132",2598784,19,0,"1","420","D","03","D",95,"F",,"A",,"A",,"A",,"A"
"20132",2598834,20,0,"1","420","D","04","D",149,"D",,"A",,"A",,"A",,"A"
"20132",2598964,24,0,"1","405","D","03","D",280,"D",,"A",,"A",,"A",,"A"
"20132",2599024,26,0,"1","400","D","04","D",30,"D",,"A",,"A",,"A",,"A"
"20132",2599054,75,0,"1","400","D","04","D",25,"D",,"A",,"A",,"A",,"A"
"20132",2599054,76,0,"1","420","D","03","D",100,"D",,"A",,"A",,"A",,"A"
"20132",2599054,77,0,"2","420","D","02","D",20,"D",,"A",,"A",,"A",,"A"
"20132",2599334,35,0,"1","410","D","02","D",16,"D",,"A",,"A",,"A",,"A"
"20132",2599354,41,0,"1","420","D","02","D",46,"D",,"A",,"A",,"A",,"A"
"20132",2599454,73,0,"1","410","D","04","D",42,"D",,"A",,"A",,"A",,"A"
"20132",2599504,27,0,"1","420","D","03","D",36,"D",,"A",,"A",,"A",,"A"
"20132",2599554,20,0,"1","420","D","04","D",101,"D",,"A",,"A",,"A",,"A"
"20132",2599564,48,0,"1","400","D","04","D",16,"D",,"A",,"A",,"A",,"A"
"20132",2599594,41,0,"1","420","D","04","D",63,"D",,"A",,"A",,"A",,"A"
"20132",2599644,42,0,"1","420","D","04","D",81,"D",,"A",,"A",,"A",,"A"
"20132",2599664,75,0,"1","420","D","04","D",143,"D",,"A",,"A",,"A",,"A"
"20132",2599824,56,0,"1","410","D","04","D",72,"D",,"A",,"A",,"A",,"A"
"20132",2599854,27,0,"2","400","D","02","D",24,"D",,"A",,"A",,"A",,"A"
"20132",2599954,41,0,"1","400","D","03","D",18,"D",,"A",,"A",,"A",,"A"
"20132",2599994,32,0,"1","410","D","03","D",6,"D",,"A",,"A",,"A",,"A"
"20132",2600004,21,0,"1","400","D","02","D",12,"D",,"A",,"A",,"A",,"A"
"20132",2600074,76,0,"1","420","D","04","D",86,"D",,"A",,"A",,"A",,"A"
"20132",2600344,47,0,"1","410","D","04","D",45,"D",,"A",,"A",,"A",,"A"
"20132",2600344,48,0,"1","420","D","04","D",225,"D",,"A",,"A",,"A",,"A"
"20132",2600344,49,0,"1","420","D","04","D",600,"D",,"A",,"A",,"A",,"A"
"20132",2600384,31,0,"1","420","D","04","D",64,"D",,"A",,"A",,"A",,"A"
"20132",2600454,37,0,"1","400","D","02","D",53,"D",,"A",,"A",,"A",,"A"
"20132",2600564,36,0,"1","410","D","02","D",18,"D",,"A",,"A",,"A",,"A"
"20132",2600614,74,0,"1","430","D","03","D",.,"H","415","D","425","D",,"A",,"A"
"20132",2600614,74,1,"1","420","D","03","D",21,"E",,"A",,"A",,"A",,"A"
"20132",2600614,74,2,"1","420","D","03","D",41,"E",,"A",,"A",,"A",,"A"
"20132",2600704,22,0,"1","410","D","04","D",40,"D",,"A",,"A",,"A",,"A"
"20132",2600704,23,0,"1","420","D","04","D",65,"D",,"A",,"A",,"A",,"A"
"20132",2600754,43,0,"1","430","D","04","D",.,"H","410","D","415","D",,"A",,"A"
"20132",2600754,43,1,"1","410","D","04","D",37,"E",,"A",,"A",,"A",,"A"
"20132",2600754,43,2,"1","420","D","04","D",90,"E",,"A",,"A",,"A",,"A"
"20132",2600854,36,0,"1","410","D","02","D",37,"D",,"A",,"A",,"A",,"A"
"20132",2600854,37,0,"1","420","D","02","D",129,"D",,"A",,"A",,"A",,"A"
"20132",2600944,38,0,"1","400","D","03","D",25,"D",,"A",,"A",,"A",,"A"
"20132",2600974,27,0,"1","420","D","04","D",24,"D",,"A",,"A",,"A",,"A"
"20132",2600984,57,0,"1","420","D","02","D",180,"D",,"A",,"A",,"A",,"A"
"20132",2600984,58,0,"1","420","D","03","D",600,"D",,"A",,"A",,"A",,"A"
"20132",2600984,59,0,"2","420","D","02","D",246,"D",,"A",,"A",,"A",,"A"
"20132",2601084,63,0,"1","420","D","04","D",120,"D",,"A",,"A",,"A",,"A"
"20132",2601124,25,0,"1","420","D","03","D",153,"D",,"A",,"A",,"A",,"A"
"20132",2601184,28,0,"1","420","D","04","D",101,"D",,"A",,"A",,"A",,"A"
"20132",2601534,37,0,"2","400","D","03","D",45,"D",,"A",,"A",,"A",,"A"
"20132",2601574,35,0,"1","400","D","04","D",50,"D",,"A",,"A",,"A",,"A"
"20132",2601654,23,0,"1","420","D","04","D",140,"D",,"A",,"A",,"A",,"A"
"20132",2601714,65,0,"1","420","D","05","D",78,"D",,"A",,"A",,"A",,"A"
"20132",2601714,66,0,"1","420","D","04","D",94,"D",,"A",,"A",,"A",,"A"
"20132",2601914,27,0,"1","420","D","05","D",98,"D",,"A",,"A",,"A",,"A"
"20132",2601914,28,0,"1","410","D","05","D",5,"D",,"A",,"A",,"A",,"A"
"20132",2602044,64,0,"1","420","D","05","D",250,"D",,"A",,"A",,"A",,"A"
"20132",2602085,32,0,"1","420","D","04","D",101,"D",,"A",,"A",,"A",,"A"
"20132",2602085,33,0,"1","420","D","05","D",101,"D",,"A",,"A",,"A",,"A"
"20132",2602124,75,0,"1","400","D","05","D",75,"D",,"A",,"A",,"A",,"A"
"20132",2602174,34,0,"1","400","D","03","D",22,"D",,"A",,"A",,"A",,"A"
"20132",2602294,65,0,"1","400","D","03","D",35,"D",,"A",,"A",,"A",,"A"
"20132",2602304,91,0,"1","410","D","03","D",15,"D",,"A",,"A",,"A",,"A"
"20132",2602364,59,0,"1","400","D","03","D",60,"D",,"A",,"A",,"A",,"A"
"20132",2602375,60,0,"1","420","D","04","D",10,"D",,"A",,"A",,"A",,"A"
"20132",2602504,53,0,"1","410","D","04","D",80,"D",,"A",,"A",,"A",,"A"
"20132",2602504,54,0,"1","400","D","03","D",30,"D",,"A",,"A",,"A",,"A"
"20132",2602704,67,0,"1","420","D","04","D",132,"D",,"A",,"A",,"A",,"A"
"20132",2602814,41,0,"1","405","D","05","D",130,"D",,"A",,"A",,"A",,"A"
"20132",2602814,42,0,"1","420","D","05","D",35,"D",,"A",,"A",,"A",,"A"
"20132",2602814,43,0,"1","400","D","04","D",10,"D",,"A",,"A",,"A",,"A"
"20132",2602954,55,0,"1","410","D","05","D",16,"D",,"A",,"A",,"A",,"A"
"20132",2602954,56,0,"1","420","D","03","D",41,"D",,"A",,"A",,"A",,"A"
"20132",2602954,57,0,"1","405","D","05","D",430,"D",,"A",,"A",,"A",,"A"
"20132",2603074,51,0,"1","420","D","05","D",103,"D",,"A",,"A",,"A",,"A"
"20132",2603174,62,0,"1","420","D","05","D",40,"D",,"A",,"A",,"A",,"A"
"20132",2603174,63,0,"1","420","D","04","D",153,"D",,"A",,"A",,"A",,"A"
"20132",2603314,18,0,"1","400","D","03","D",89,"D",,"A",,"A",,"A",,"A"
"20132",2603334,57,0,"1","410","D","05","D",15,"D",,"A",,"A",,"A",,"A"
"20132",2603464,72,0,"1","400","D","04","D",32,"D",,"A",,"A",,"A",,"A"
"20132",2603564,17,0,"1","420","D","04","D",90,"D",,"A",,"A",,"A",,"A"
"20132",2603604,69,0,"1","400","D","04","D",80,"D",,"A",,"A",,"A",,"A"
"20132",2603624,50,0,"1","420","D","03","D",160,"F",,"A",,"A",,"A",,"A"
"20132",2603704,80,0,"1","420","D","03","D",80,"D",,"A",,"A",,"A",,"A"
"20132",2603714,65,0,"1","410","D","05","D",24,"D",,"A",,"A",,"A",,"A"
"20132",2603714,66,0,"1","420","D","05","D",118,"D",,"A",,"A",,"A",,"A"
"20132",2603954,14,0,"1","410","D","03","D",70,"D",,"A",,"A",,"A",,"A"
"20132",2603954,15,0,"1","420","D","03","D",36,"D",,"A",,"A",,"A",,"A"
"20132",2604024,52,0,"1","420","D","05","D",245,"D",,"A",,"A",,"A",,"A"
"20132",2604044,54,0,"1","410","D","04","D",40,"D",,"A",,"A",,"A",,"A"
"20132",2604064,19,0,"1","405","D","05","D",102,"D",,"A",,"A",,"A",,"A"
"20132",2604164,32,0,"1","420","D","03","D",400,"D",,"A",,"A",,"A",,"A"
"20132",2604194,32,0,"1","400","D","03","D",100,"D",,"A",,"A",,"A",,"A"
"20132",2604484,43,0,"2","420","D","03","D",55,"D",,"A",,"A",,"A",,"A"
"20132",2604494,29,0,"1","420","D","03","D",34,"D",,"A",,"A",,"A",,"A"
"20132",2604824,53,0,"1","405","D","05","D",35,"D",,"A",,"A",,"A",,"A"
"20132",2604984,76,0,"1","420","D","04","D",50,"D",,"A",,"A",,"A",,"A"
"20132",2605074,46,0,"1","420","D","04","D",120,"D",,"A",,"A",,"A",,"A"
"20132",2605114,56,0,"1","420","D","05","D",174,"D",,"A",,"A",,"A",,"A"
"20132",2605184,32,0,"1","400","D","05","D",64,"D",,"A",,"A",,"A",,"A"
"20132",2605284,50,0,"1","410","D","03","D",65,"D",,"A",,"A",,"A",,"A"
"20132",2605284,51,0,"2","420","D","03","D",36,"D",,"A",,"A",,"A",,"A"
"20132",2605334,69,0,"1","410","D","05","D",20,"D",,"A",,"A",,"A",,"A"
"20132",2605354,110,0,"1","430","D","05","D",.,"H","405","D","415","D",,"A",,"A"
"20132",2605354,110,1,"1","420","D","05","D",138,"E",,"A",,"A",,"A",,"A"
"20132",2605404,46,0,"1","420","D","03","D",24,"D",,"A",,"A",,"A",,"A"
"20132",2605404,47,0,"1","405","D","03","D",110,"D",,"A",,"A",,"A",,"A"
"20132",2605514,41,0,"1","400","D","04","D",55,"D",,"A",,"A",,"A",,"A"
"20132",2605554,64,0,"2","420","D","03","D",96,"D",,"A",,"A",,"A",,"A"
"20132",2605564,46,0,"1","420","D","03","D",65,"D",,"A",,"A",,"A",,"A"
"20132",2605714,35,0,"1","420","D","04","D",70,"D",,"A",,"A",,"A",,"A"
"20132",2605934,51,0,"1","410","D","04","D",28,"D",,"A",,"A",,"A",,"A"
"20132",2605934,52,0,"1","410","D","03","D",16,"D",,"A",,"A",,"A",,"A"
"20132",2605934,53,0,"1","420","D","04","D",96,"D",,"A",,"A",,"A",,"A"
"20132",2606244,26,0,"1","430","D","05","D",.,"H","410","D","415","D",,"A",,"A"
"20132",2606244,26,1,"1","410","D","05","D",125,"E",,"A",,"A",,"A",,"A"
"20132",2606244,26,2,"1","420","D","05","D",500,"E",,"A",,"A",,"A",,"A"
"20132",2606264,19,0,"1","420","D","05","D",340,"F",,"A",,"A",,"A",,"A"
"20132",2606294,35,0,"1","400","D","05","D",55,"D",,"A",,"A",,"A",,"A"
"20132",2606334,53,0,"1","410","D","04","D",38,"D",,"A",,"A",,"A",,"A"
"20132",2606394,21,0,"1","420","D","05","D",101,"D",,"A",,"A",,"A",,"A"
"20132",2606394,22,0,"2","420","D","03","D",101,"D",,"A",,"A",,"A",,"A"
"20132",2606504,44,0,"1","420","D","04","D",108,"D",,"A",,"A",,"A",,"A"
"20132",2606504,45,0,"1","420","D","05","D",108,"D",,"A",,"A",,"A",,"A"
"20132",2606514,66,0,"1","420","D","04","D",44,"D",,"A",,"A",,"A",,"A"
"20132",2606534,77,0,"1","420","D","05","D",480,"D",,"A",,"A",,"A",,"A"
"20132",2606824,32,0,"1","410","D","05","D",50,"D",,"A",,"A",,"A",,"A"
"20132",2606824,33,0,"1","420","D","05","D",36,"D",,"A",,"A",,"A",,"A"
"20132",2606864,28,0,"1","400","D","04","D",30,"D",,"A",,"A",,"A",,"A"
"20132",2607004,78,0,"1","420","D","04","D",416,"D",,"A",,"A",,"A",,"A"
"20132",2607044,31,0,"2","420","D","03","D",84,"D",,"A",,"A",,"A",,"A"
"20132",2607104,35,0,"2","420","D","03","D",56,"D",,"A",,"A",,"A",,"A"
"20132",2607104,36,0,"2","420","D","03","D",36,"D",,"A",,"A",,"A",,"A"
"20132",2607254,32,0,"2","420","D","03","D",104,"D",,"A",,"A",,"A",,"A"
"20132",2607304,46,0,"1","420","D","05","D",32,"D",,"A",,"A",,"A",,"A"
"20132",2607394,43,0,"1","420","D","05","D",22,"D",,"A",,"A",,"A",,"A"
"20132",2607474,23,0,"1","420","D","04","D",63,"D",,"A",,"A",,"A",,"A"
"20132",2607534,45,0,"1","400","D","04","D",48,"D",,"A",,"A",,"A",,"A"
"20132",2607534,46,0,"1","405","D","05","D",27,"D",,"A",,"A",,"A",,"A"
"20132",2607544,28,0,"1","420","D","03","D",61,"D",,"A",,"A",,"A",,"A"
"20132",2607614,33,0,"1","420","D","05","D",98,"D",,"A",,"A",,"A",,"A"
"20132",2607654,67,0,"1","405","D","04","D",262,"D",,"A",,"A",,"A",,"A"
"20132",2607684,21,0,"1","420","D","03","D",82,"F",,"A",,"A",,"A",,"A"
"20132",2607774,25,0,"1","420","D","05","D",80,"D",,"A",,"A",,"A",,"A"
"20132",2607844,39,0,"2","420","D","03","D",232,"D",,"A",,"A",,"A",,"A"
"20132",2607904,81,0,"1","420","D","05","D",80,"D",,"A",,"A",,"A",,"A"
"20132",2607924,60,0,"1","410","D","04","D",15,"D",,"A",,"A",,"A",,"A"
"20132",2608064,40,0,"1","410","D","04","D",12,"D",,"A",,"A",,"A",,"A"
"20132",2608114,34,0,"1","420","D","05","D",95,"D",,"A",,"A",,"A",,"A"
"20132",2608184,23,0,"1","405","D","05","D",290,"D",,"A",,"A",,"A",,"A"
"20132",2608284,10,0,"1","400","D","05","D",19,"D",,"A",,"A",,"A",,"A"
"20132",2608664,43,0,"1","400","D","04","D",36,"D",,"A",,"A",,"A",,"A"
"20132",2608844,26,0,"1","400","D","05","D",35,"D",,"A",,"A",,"A",,"A"
"20132",2608964,37,0,"1","420","D","05","D",127,"D",,"A",,"A",,"A",,"A"
"20132",2609034,52,0,"1","410","D","04","D",45,"F",,"A",,"A",,"A",,"A"
"20132",2609114,56,0,"1","410","D","05","D",25,"D",,"A",,"A",,"A",,"A"
"20132",2609184,29,0,"1","420","D","03","D",70,"D",,"A",,"A",,"A",,"A"
"20132",2609254,24,0,"2","420","D","03","D",150,"D",,"A",,"A",,"A",,"A"
"20132",2609254,25,0,"2","420","D","03","D",180,"D",,"A",,"A",,"A",,"A"
"20132",2609344,38,0,"1","410","D","03","D",19,"D",,"A",,"A",,"A",,"A"
"20132",2609344,39,0,"1","420","D","05","D",209,"D",,"A",,"A",,"A",,"A"
"20132",2609395,30,0,"1","420","D","05","D",54,"D",,"A",,"A",,"A",,"A"
"20132",2609395,31,0,"2","400","D","03","D",52,"D",,"A",,"A",,"A",,"A"
"20132",2609624,31,0,"1","420","D","04","D",63,"D",,"A",,"A",,"A",,"A"
"20132",2609624,32,0,"1","410","D","04","D",36,"D",,"A",,"A",,"A",,"A"
"20132",2609694,23,0,"1","420","D","04","D",120,"D",,"A",,"A",,"A",,"A"
"20132",2609804,23,0,"1","400","D","04","D",100,"D",,"A",,"A",,"A",,"A"
"20132",2609854,27,0,"1","420","D","03","D",101,"D",,"A",,"A",,"A",,"A"
"20132",2609944,41,0,"1","410","D","05","D",20,"D",,"A",,"A",,"A",,"A"
"20132",2610114,43,0,"1","420","D","03","D",36,"D",,"A",,"A",,"A",,"A"
"20132",2610144,18,0,"1","420","D","04","D",229,"D",,"A",,"A",,"A",,"A"
"20132",2610274,49,0,"2","400","D","03","D",36,"D",,"A",,"A",,"A",,"A"
"20132",2610304,27,0,"1","410","D","04","D",20,"D",,"A",,"A",,"A",,"A"
"20132",2610404,31,0,"1","400","D","04","D",32,"D",,"A",,"A",,"A",,"A"
"20132",2610404,32,0,"1","400","D","04","D",32,"D",,"A",,"A",,"A",,"A"
"20132",2610534,21,0,"1","420","D","03","D",96,"D",,"A",,"A",,"A",,"A"
"20132",2610624,29,0,"1","420","D","05","D",63,"D",,"A",,"A",,"A",,"A"
"20132",2610774,55,0,"1","420","D","03","D",200,"D",,"A",,"A",,"A",,"A"
"20132",2610844,54,0,"1","410","D","04","D",35,"D",,"A",,"A",,"A",,"A"
"20132",2610844,55,0,"1","420","D","04","D",30,"D",,"A",,"A",,"A",,"A"
"20132",2610864,55,0,"2","420","D","03","D",63,"D",,"A",,"A",,"A",,"A"
"20132",2610954,95,0,"1","420","D","04","D",100,"D",,"A",,"A",,"A",,"A"
"20132",2610974,44,0,"2","420","D","03","D",75,"D",,"A",,"A",,"A",,"A"
"20132",2611004,20,0,"1","405","D","05","D",25,"D",,"A",,"A",,"A",,"A"
"20132",2611054,66,0,"1","420","D","04","D",35,"D",,"A",,"A",,"A",,"A"
"20132",2611164,49,0,"1","410","D","04","D",10,"D",,"A",,"A",,"A",,"A"
"20132",2611164,50,0,"1","410","D","05","D",10,"D",,"A",,"A",,"A",,"A"
"20132",2611164,51,0,"1","420","D","04","D",55,"D",,"A",,"A",,"A",,"A"
"20132",2611164,52,0,"1","420","D","05","D",52,"D",,"A",,"A",,"A",,"A"
"20132",2611314,24,0,"1","420","D","05","D",266,"D",,"A",,"A",,"A",,"A"
"20132",2611364,28,0,"1","420","D","05","D",65,"D",,"A",,"A",,"A",,"A"
"20132",2611454,23,0,"1","400","D","03","D",26,"D",,"A",,"A",,"A",,"A"
"20132",2611534,44,0,"2","410","D","03","D",59,"D",,"A",,"A",,"A",,"A"
"20132",2611534,45,0,"2","420","D","03","D",81,"D",,"A",,"A",,"A",,"A"
"20132",2611624,60,0,"1","420","D","04","D",103,"D",,"A",,"A",,"A",,"A"
"20132",2611684,35,0,"1","405","D","05","D",120,"D",,"A",,"A",,"A",,"A"
"20132",2611724,69,0,"1","430","D","05","D",.,"H","410","D","415","D",,"A",,"A"
"20132",2611724,69,1,"1","410","D","05","D",65,"E",,"A",,"A",,"A",,"A"
"20132",2611724,69,2,"1","420","D","05","D",155,"E",,"A",,"A",,"A",,"A"
"20132",2611774,23,0,"1","420","D","04","D",87,"D",,"A",,"A",,"A",,"A"
"20132",2611994,27,0,"1","410","D","04","D",15,"D",,"A",,"A",,"A",,"A"
"20132",2612234,23,0,"1","420","D","04","D",130,"D",,"A",,"A",,"A",,"A"
"20132",2612264,41,0,"1","420","D","04","D",188,"D",,"A",,"A",,"A",,"A"
"20132",2612264,42,0,"2","420","D","03","D",267,"D",,"A",,"A",,"A",,"A"
"20132",2612364,46,0,"1","420","D","05","D",87,"D",,"A",,"A",,"A",,"A"
"20132",2612374,85,0,"1","400","D","03","D",85,"D",,"A",,"A",,"A",,"A"
"20132",2612424,45,0,"1","420","D","03","D",40,"D",,"A",,"A",,"A",,"A"
"20132",2612474,51,0,"2","420","D","03","D",154,"D",,"A",,"A",,"A",,"A"
"20132",2612674,84,0,"1","420","D","03","D",200,"D",,"A",,"A",,"A",,"A"
"20132",2612714,87,0,"1","400","D","05","D",24,"D",,"A",,"A",,"A",,"A"
"20132",2612714,88,0,"1","410","D","05","D",20,"D",,"A",,"A",,"A",,"A"
"20132",2612714,89,0,"1","410","D","04","D",40,"D",,"A",,"A",,"A",,"A"
"20132",2612763,50,0,"1","420","D","03","D",80,"D",,"A",,"A",,"A",,"A"
"20132",2612803,39,0,"1","420","D","02","D",91,"D",,"A",,"A",,"A",,"A"
"20132",2612863,39,0,"1","420","D","02","D",180,"D",,"A",,"A",,"A",,"A"
"20132",2612863,40,0,"1","400","D","02","D",80,"D",,"A",,"A",,"A",,"A"
"20132",2612943,21,0,"1","400","D","01","D",46,"D",,"A",,"A",,"A",,"A"
"20132",2612973,48,0,"1","400","D","02","D",12,"D",,"A",,"A",,"A",,"A"
"20132",2613083,37,0,"1","430","D","03","D",.,"H","425","D","415","D",,"A",,"A"
"20132",2613083,37,1,"1","420","D","03","D",25,"E",,"A",,"A",,"A",,"A"
"20132",2613083,37,2,"1","420","D","03","D",24,"E",,"A",,"A",,"A",,"A"
"20132",2613143,33,0,"1","420","D","02","D",75,"D",,"A",,"A",,"A",,"A"
"20132",2613143,34,0,"1","420","D","03","D",61,"D",,"A",,"A",,"A",,"A"
"20132",2613243,67,0,"1","400","D","03","D",24,"D",,"A",,"A",,"A",,"A"
"20132",2613293,54,0,"2","420","D","01","D",65,"D",,"A",,"A",,"A",,"A"
"20132",2613433,21,0,"1","400","D","03","D",6,"D",,"A",,"A",,"A",,"A"
"20132",2613443,66,0,"1","410","D","03","D",15,"D",,"A",,"A",,"A",,"A"
"20132",2613453,37,0,"1","420","D","02","D",250,"D",,"A",,"A",,"A",,"A"
"20132",2613653,32,0,"1","420","D","01","D",365,"D",,"A",,"A",,"A",,"A"
"20132",2613833,57,0,"1","410","D","03","D",12,"D",,"A",,"A",,"A",,"A"
"20132",2613843,37,0,"1","420","D","03","D",120,"D",,"A",,"A",,"A",,"A"
"20132",2613863,40,0,"2","420","D","01","D",364,"D",,"A",,"A",,"A",,"A"
"20132",2613883,20,0,"1","410","D","03","D",15,"D",,"A",,"A",,"A",,"A"
"20132",2613893,33,0,"1","420","D","01","D",125,"D",,"A",,"A",,"A",,"A"
"20132",2614103,24,0,"2","420","D","01","D",35,"D",,"A",,"A",,"A",,"A"
"20132",2614283,30,0,"2","420","D","01","D",52,"D",,"A",,"A",,"A",,"A"
"20132",2614333,25,0,"1","410","D","02","D",15,"D",,"A",,"A",,"A",,"A"
"20132",2614333,26,0,"1","420","D","03","D",239,"D",,"A",,"A",,"A",,"A"
"20132",2614343,46,0,"1","420","D","03","D",85,"D",,"A",,"A",,"A",,"A"
"20132",2614513,63,0,"1","410","D","02","D",40,"D",,"A",,"A",,"A",,"A"
"20132",2614683,93,0,"1","420","D","03","D",45,"D",,"A",,"A",,"A",,"A"
"20132",2614733,29,0,"1","420","D","03","D",200,"D",,"A",,"A",,"A",,"A"
"20132",2614883,47,0,"1","420","D","02","D",120,"D",,"A",,"A",,"A",,"A"
"20132",2614903,69,0,"1","400","D","01","D",30,"D",,"A",,"A",,"A",,"A"
"20132",2614943,55,0,"1","410","D","03","D",29,"D",,"A",,"A",,"A",,"A"
"20132",2614973,114,0,"1","420","D","03","D",139,"D",,"A",,"A",,"A",,"A"
"20132",2615123,28,0,"1","420","D","03","D",60,"D",,"A",,"A",,"A",,"A"
"20132",2615123,29,0,"1","410","D","03","D",10,"D",,"A",,"A",,"A",,"A"
"20132",2615163,58,0,"2","420","D","01","D",87,"D",,"A",,"A",,"A",,"A"
"20132",2615193,39,0,"1","420","D","03","D",64,"D",,"A",,"A",,"A",,"A"
"20132",2615243,98,0,"1","410","D","01","D",60,"D",,"A",,"A",,"A",,"A"
"20132",2615243,99,0,"2","420","D","01","D",71,"D",,"A",,"A",,"A",,"A"
"20132",2615243,100,0,"2","410","D","01","D",30,"D",,"A",,"A",,"A",,"A"
"20132",2615253,80,0,"1","420","D","03","D",101,"D",,"A",,"A",,"A",,"A"
"20132",2615313,49,0,"1","430","D","03","D",.,"H","410","D","415","D",,"A",,"A"
"20132",2615313,49,1,"1","410","D","03","D",106,"E",,"A",,"A",,"A",,"A"
"20132",2615313,49,2,"1","420","D","03","D",94,"E",,"A",,"A",,"A",,"A"
"20132",2615483,25,0,"1","420","D","03","D",175,"D",,"A",,"A",,"A",,"A"
"20132",2615643,36,0,"1","400","D","01","D",30,"D",,"A",,"A",,"A",,"A"
"20132",2615643,37,0,"1","420","D","02","D",60,"D",,"A",,"A",,"A",,"A"
"20132",2615733,37,0,"1","420","D","02","D",600,"D",,"A",,"A",,"A",,"A"
"20132",2615743,33,0,"1","420","D","03","D",99,"D",,"A",,"A",,"A",,"A"
"20132",2615823,18,0,"1","430","D","01","D",.,"H","425","D","400","D",,"A",,"A"
"20132",2615823,18,1,"1","400","D","01","D",540,"E",,"A",,"A",,"A",,"A"
"20132",2616093,34,0,"1","400","D","02","D",25,"D",,"A",,"A",,"A",,"A"
"20132",2616093,35,0,"2","400","D","01","D",24,"D",,"A",,"A",,"A",,"A"
"20132",2616203,25,0,"1","420","D","03","D",65,"D",,"A",,"A",,"A",,"A"
"20132",2616213,35,0,"2","420","D","01","D",30,"D",,"A",,"A",,"A",,"A"
"20132",2616213,36,0,"2","410","D","01","D",5,"D",,"A",,"A",,"A",,"A"
"20132",2616273,52,0,"1","420","D","02","D",44,"D",,"A",,"A",,"A",,"A"
"20132",2616323,54,0,"1","430","D","03","D",.,"H","415","D","410","D",,"A",,"A"
"20132",2616323,54,1,"1","420","D","03","D",33,"E",,"A",,"A",,"A",,"A"
"20132",2616323,54,2,"1","410","D","03","D",17,"E",,"A",,"A",,"A",,"A"
"20132",2616373,44,0,"2","420","D","01","D",27,"D",,"A",,"A",,"A",,"A"
"20132",2616393,28,0,"1","420","D","03","D",60,"D",,"A",,"A",,"A",,"A"
"20132",2616483,40,0,"1","410","D","01","D",60,"D",,"A",,"A",,"A",,"A"
"20132",2616483,41,0,"1","420","D","01","D",99,"D",,"A",,"A",,"A",,"A"
"20132",2616533,48,0,"1","400","D","03","D",28,"D",,"A",,"A",,"A",,"A"
"20132",2616693,46,0,"1","420","D","01","D",188,"D",,"A",,"A",,"A",,"A"
"20132",2616813,14,0,"2","400","D","01","D",5,"D",,"A",,"A",,"A",,"A"
"20132",2616873,56,0,"1","420","D","02","D",75,"D",,"A",,"A",,"A",,"A"
"20132",2616883,47,0,"1","400","D","02","D",30,"D",,"A",,"A",,"A",,"A"
"20132",2616883,48,0,"1","420","D","03","D",300,"D",,"A",,"A",,"A",,"A"
"20132",2616913,34,0,"1","430","D","03","D",.,"H","415","D","400","D",,"A",,"A"
"20132",2616913,34,1,"1","420","D","03","D",69,"E",,"A",,"A",,"A",,"A"
"20132",2616913,34,2,"1","400","D","03","D",27,"E",,"A",,"A",,"A",,"A"
"20132",2617063,23,0,"1","410","D","02","D",18,"D",,"A",,"A",,"A",,"A"
"20132",2617093,35,0,"1","420","D","02","D",105,"D",,"A",,"A",,"A",,"A"
"20132",2617173,30,0,"2","420","D","01","D",80,"D",,"A",,"A",,"A",,"A"
"20132",2617243,70,0,"2","420","D","01","D",81,"D",,"A",,"A",,"A",,"A"
"20132",2617253,34,0,"1","420","D","01","D",120,"D",,"A",,"A",,"A",,"A"
"20132",2617253,35,0,"1","420","D","02","D",120,"D",,"A",,"A",,"A",,"A"
"20132",2617303,32,0,"1","420","D","03","D",28,"D",,"A",,"A",,"A",,"A"
"20132",2617463,45,0,"1","420","D","03","D",82,"D",,"A",,"A",,"A",,"A"
"20132",2617473,42,0,"2","400","D","01","D",80,"D",,"A",,"A",,"A",,"A"
"20132",2617623,21,0,"1","420","D","01","D",275,"D",,"A",,"A",,"A",,"A"
"20132",2617743,33,0,"2","420","D","01","D",72,"D",,"A",,"A",,"A",,"A"
"20132",2617833,33,0,"1","420","D","03","D",75,"D",,"A",,"A",,"A",,"A"
"20132",2617903,37,0,"1","420","D","02","D",24,"D",,"A",,"A",,"A",,"A"
"20132",2617903,38,0,"1","420","D","02","D",46,"D",,"A",,"A",,"A",,"A"
"20132",2617983,29,0,"1","410","D","03","D",17,"D",,"A",,"A",,"A",,"A"
"20132",2617983,30,0,"1","420","D","02","D",58,"D",,"A",,"A",,"A",,"A"
"20132",2618043,22,0,"2","420","D","01","D",1500,"D",,"A",,"A",,"A",,"A"
"20132",2618063,21,0,"1","420","D","03","D",250,"D",,"A",,"A",,"A",,"A"
"20132",2618133,68,0,"2","420","D","01","D",120,"D",,"A",,"A",,"A",,"A"
"20132",2618143,42,0,"2","410","D","01","D",59,"D",,"A",,"A",,"A",,"A"
"20132",2618233,31,0,"1","405","D","01","D",46,"D",,"A",,"A",,"A",,"A"
"20132",2618243,98,0,"1","420","D","03","D",826,"D",,"A",,"A",,"A",,"A"
"20132",2618503,26,0,"1","400","D","02","D",65,"D",,"A",,"A",,"A",,"A"
"20132",2618503,27,0,"1","410","D","02","D",95,"D",,"A",,"A",,"A",,"A"
"20132",2618623,51,0,"1","410","D","01","D",45,"D",,"A",,"A",,"A",,"A"
"20132",2618623,52,0,"1","420","D","03","D",36,"D",,"A",,"A",,"A",,"A"
"20132",2618643,40,0,"1","420","D","02","D",93,"D",,"A",,"A",,"A",,"A"
"20132",2618783,42,0,"1","410","D","03","D",16,"D",,"A",,"A",,"A",,"A"
"20132",2618783,43,0,"1","410","D","03","D",16,"D",,"A",,"A",,"A",,"A"
"20132",2618783,44,0,"1","420","D","03","D",100,"D",,"A",,"A",,"A",,"A"
"20132",2618783,45,0,"1","420","D","03","D",80,"D",,"A",,"A",,"A",,"A"
"20132",2618873,54,0,"1","420","D","02","D",90,"D",,"A",,"A",,"A",,"A"
"20132",2618873,55,0,"2","420","D","01","D",150,"D",,"A",,"A",,"A",,"A"
"20132",2618915,41,0,"1","420","D","03","D",18,"D",,"A",,"A",,"A",,"A"
"20132",2618973,27,0,"1","400","D","01","D",30,"D",,"A",,"A",,"A",,"A"
"20132",2619065,23,0,"1","420","D","03","D",55,"D",,"A",,"A",,"A",,"A"
"20132",2619065,24,0,"1","420","D","03","D",235,"D",,"A",,"A",,"A",,"A"
"20132",2619113,45,0,"1","420","D","02","D",101,"D",,"A",,"A",,"A",,"A"
"20132",2619133,37,0,"1","420","D","01","D",165,"D",,"A",,"A",,"A",,"A"
"20132",2619173,38,0,"1","420","D","01","D",45,"D",,"A",,"A",,"A",,"A"
"20132",2619263,17,0,"1","420","D","01","D",90,"D",,"A",,"A",,"A",,"A"
"20132",2619275,14,0,"1","400","D","03","D",17,"D",,"A",,"A",,"A",,"A"
"20132",2619323,38,0,"1","410","D","03","D",20,"D",,"A",,"A",,"A",,"A"
"20132",2619433,30,0,"1","420","D","02","D",480,"D",,"A",,"A",,"A",,"A"
"20132",2619513,42,0,"1","420","D","03","D",10,"D",,"A",,"A",,"A",,"A"
"20132",2619543,33,0,"1","420","D","03","D",58,"D",,"A",,"A",,"A",,"A"
"20132",2619763,26,0,"1","410","D","03","D",60,"D",,"A",,"A",,"A",,"A"
"20132",2619813,49,0,"1","410","D","03","D",109,"D",,"A",,"A",,"A",,"A"
"20132",2619853,49,0,"2","420","D","01","D",69,"D",,"A",,"A",,"A",,"A"
"20132",2619903,41,0,"1","420","D","01","D",165,"D",,"A",,"A",,"A",,"A"
"20132",2619983,33,0,"2","400","D","01","D",45,"D",,"A",,"A",,"A",,"A"
"20132",2620003,45,0,"1","420","D","01","D",65,"D",,"A",,"A",,"A",,"A"
"20132",2620283,28,0,"1","410","D","03","D",15,"D",,"A",,"A",,"A",,"A"
"20132",2620283,29,0,"1","400","D","03","D",15,"D",,"A",,"A",,"A",,"A"
"20132",2620453,29,0,"1","420","D","01","D",190,"D",,"A",,"A",,"A",,"A"
"20132",2620653,53,0,"1","430","D","02","D",.,"H","400","D","415","D",,"A",,"A"
"20132",2620653,53,1,"1","400","D","02","D",30,"E",,"A",,"A",,"A",,"A"
"20132",2620653,53,2,"1","420","D","02","D",130,"E",,"A",,"A",,"A",,"A"
"20132",2620663,48,0,"1","400","D","03","D",20,"D",,"A",,"A",,"A",,"A"
"20132",2620663,49,0,"2","420","D","01","D",20,"D",,"A",,"A",,"A",,"A"
"20132",2620923,66,0,"1","420","D","02","D",154,"D",,"A",,"A",,"A",,"A"
"20132",2620933,47,0,"1","420","D","01","D",178,"D",,"A",,"A",,"A",,"A"
"20132",2620933,48,0,"1","420","D","03","D",165,"D",,"A",,"A",,"A",,"A"
"20132",2620983,40,0,"1","400","D","01","D",20,"D",,"A",,"A",,"A",,"A"
"20132",2620983,41,0,"1","400","D","01","D",20,"D",,"A",,"A",,"A",,"A"
"20132",2620983,42,0,"2","400","D","01","D",20,"D",,"A",,"A",,"A",,"A"
"20132",2620983,43,0,"2","400","D","01","D",20,"D",,"A",,"A",,"A",,"A"
"20132",2621063,43,0,"1","410","D","03","D",99,"D",,"A",,"A",,"A",,"A"
"20132",2621163,13,0,"1","420","D","02","D",140,"D",,"A",,"A",,"A",,"A"
"20132",2621193,62,0,"1","420","D","02","D",25,"D",,"A",,"A",,"A",,"A"
"20132",2621223,16,0,"1","420","D","02","D",112,"D",,"A",,"A",,"A",,"A"
"20132",2621233,51,0,"1","420","D","03","D",5,"D",,"A",,"A",,"A",,"A"
"20132",2621323,59,0,"1","420","D","02","D",36,"D",,"A",,"A",,"A",,"A"
"20132",2621333,13,0,"1","420","D","01","D",80,"D",,"A",,"A",,"A",,"A"
"20132",2621463,29,0,"1","405","D","01","D",130,"F",,"A",,"A",,"A",,"A"
"20132",2621515,12,0,"1","420","D","01","D",36,"D",,"A",,"A",,"A",,"A"
"20132",2621523,28,0,"1","420","D","02","D",225,"D",,"A",,"A",,"A",,"A"
"20132",2621543,50,0,"1","420","D","03","D",150,"D",,"A",,"A",,"A",,"A"
"20132",2621553,35,0,"1","410","D","02","D",44,"D",,"A",,"A",,"A",,"A"
"20132",2621553,36,0,"1","420","D","02","D",587,"D",,"A",,"A",,"A",,"A"
"20132",2621683,38,0,"1","420","D","01","D",450,"D",,"A",,"A",,"A",,"A"
"20132",2621783,51,0,"1","410","D","02","D",62,"D",,"A",,"A",,"A",,"A"
"20132",2621783,52,0,"1","420","D","02","D",92,"D",,"A",,"A",,"A",,"A"
"20132",2621873,39,0,"1","420","D","03","D",69,"D",,"A",,"A",,"A",,"A"
"20132",2621933,25,0,"1","405","D","02","D",224,"D",,"A",,"A",,"A",,"A"
"20132",2622173,56,0,"1","400","D","01","D",50,"D",,"A",,"A",,"A",,"A"
"20132",2622173,57,0,"1","405","D","01","D",218,"D",,"A",,"A",,"A",,"A"
"20132",2622223,70,0,"1","420","D","03","D",36,"D",,"A",,"A",,"A",,"A"
"20132",2622243,69,0,"1","400","D","03","D",29,"D",,"A",,"A",,"A",,"A"
"20132",2622253,28,0,"1","410","D","03","D",30,"D",,"A",,"A",,"A",,"A"
"20132",2622313,47,0,"1","420","D","03","D",200,"D",,"A",,"A",,"A",,"A"
"20132",2622313,48,0,"2","420","D","01","D",280,"D",,"A",,"A",,"A",,"A"
"20132",2622403,41,0,"1","420","D","03","D",36,"D",,"A",,"A",,"A",,"A"
"20132",2622413,22,0,"1","420","D","03","D",49,"D",,"A",,"A",,"A",,"A"
"20132",2622413,23,0,"2","400","D","01","D",18,"D",,"A",,"A",,"A",,"A"
"20132",2622433,31,0,"1","400","D","01","D",75,"D",,"A",,"A",,"A",,"A"
"20132",2622533,47,0,"1","420","D","03","D",86,"D",,"A",,"A",,"A",,"A"
"20132",2622543,34,0,"1","420","D","03","D",100,"D",,"A",,"A",,"A",,"A"
"20132",2622613,39,0,"1","420","D","03","D",20,"D",,"A",,"A",,"A",,"A"
"20132",2622693,30,0,"1","400","D","03","D",20,"D",,"A",,"A",,"A",,"A"
"20132",2622793,70,0,"1","410","D","03","D",37,"D",,"A",,"A",,"A",,"A"
"20132",2622873,46,0,"1","420","D","01","D",160,"D",,"A",,"A",,"A",,"A"
"20132",2622873,47,0,"2","410","D","01","D",160,"D",,"A",,"A",,"A",,"A"
"20132",2623013,17,0,"1","430","D","03","D",.,"H","425","D","415","D",,"A",,"A"
"20132",2623013,17,1,"1","420","D","03","D",19,"E",,"A",,"A",,"A",,"A"
"20132",2623013,17,2,"1","420","D","03","D",81,"E",,"A",,"A",,"A",,"A"
"20132",2623053,63,0,"1","400","D","01","D",72,"D",,"A",,"A",,"A",,"A"
"20132",2623053,64,0,"1","420","D","01","D",19,"D",,"A",,"A",,"A",,"A"
"20132",2623053,65,0,"1","420","D","01","D",52,"D",,"A",,"A",,"A",,"A"
"20132",2623053,66,0,"1","420","D","03","D",186,"D",,"A",,"A",,"A",,"A"
"20132",2623093,26,0,"1","420","D","02","D",99,"D",,"A",,"A",,"A",,"A"
"20132",2623183,34,0,"1","420","D","01","D",200,"D",,"A",,"A",,"A",,"A"
"20132",2623203,50,0,"1","420","D","03","D",5,"D",,"A",,"A",,"A",,"A"
"20132",2623263,36,0,"1","410","D","03","D",40,"D",,"A",,"A",,"A",,"A"
"20132",2623313,23,0,"1","420","D","01","D",120,"D",,"A",,"A",,"A",,"A"
"20132",2623323,52,0,"1","405","D","03","D",680,"D",,"A",,"A",,"A",,"A"
"20132",2623343,40,0,"1","400","D","02","D",20,"D",,"A",,"A",,"A",,"A"
"20132",2623373,24,0,"1","410","D","03","D",30,"D",,"A",,"A",,"A",,"A"
"20132",2623493,29,0,"1","420","D","03","D",75,"D",,"A",,"A",,"A",,"A"
"20132",2623693,34,0,"1","400","D","01","D",50,"D",,"A",,"A",,"A",,"A"
"20132",2623693,35,0,"1","420","D","01","D",65,"D",,"A",,"A",,"A",,"A"
"20132",2623693,36,0,"1","420","D","01","D",65,"D",,"A",,"A",,"A",,"A"
"20132",2623693,37,0,"2","400","D","01","D",25,"D",,"A",,"A",,"A",,"A"
"20132",2623693,38,0,"2","400","D","01","D",25,"D",,"A",,"A",,"A",,"A"
"20132",2623763,30,0,"1","400","D","01","D",20,"D",,"A",,"A",,"A",,"A"
"20132",2623763,31,0,"1","405","D","01","D",200,"D",,"A",,"A",,"A",,"A"
"20132",2623793,33,0,"1","410","D","02","D",40,"D",,"A",,"A",,"A",,"A"
"20132",2623813,31,0,"1","420","D","01","D",36,"D",,"A",,"A",,"A",,"A"
"20132",2623843,45,0,"1","430","D","01","D",.,"H","415","D","410","D",,"A",,"A"
"20132",2623843,45,1,"1","420","D","01","D",42,"E",,"A",,"A",,"A",,"A"
"20132",2623843,45,2,"1","410","D","01","D",44,"E",,"A",,"A",,"A",,"A"
"20132",2623973,31,0,"1","410","D","01","D",35,"D",,"A",,"A",,"A",,"A"
"20132",2624043,23,0,"1","420","D","01","D",100,"D",,"A",,"A",,"A",,"A"
"20132",2624093,38,0,"1","410","D","03","D",28,"D",,"A",,"A",,"A",,"A"
"20132",2624203,27,0,"1","420","D","04","D",111,"D",,"A",,"A",,"A",,"A"
"20132",2624203,28,0,"1","410","D","04","D",30,"D",,"A",,"A",,"A",,"A"
"20132",2624223,15,0,"1","400","D","03","D",1500,"D",,"A",,"A",,"A",,"A"
"20132",2624233,89,0,"1","420","D","02","D",338,"F",,"A",,"A",,"A",,"A"
"20132",2624313,41,0,"1","420","D","02","D",80,"D",,"A",,"A",,"A",,"A"
"20132",2624323,24,0,"1","410","D","04","D",14,"D",,"A",,"A",,"A",,"A"
"20132",2624413,19,0,"1","420","D","04","D",60,"D",,"A",,"A",,"A",,"A"
"20132",2624423,36,0,"1","420","D","04","D",120,"D",,"A",,"A",,"A",,"A"
"20132",2624493,58,0,"1","420","D","04","D",130,"D",,"A",,"A",,"A",,"A"
"20132",2624493,59,0,"1","410","D","04","D",30,"D",,"A",,"A",,"A",,"A"
"20132",2624513,26,0,"1","410","D","04","D",20,"D",,"A",,"A",,"A",,"A"
"20132",2624513,27,0,"1","420","D","04","D",100,"D",,"A",,"A",,"A",,"A"
"20132",2624763,49,0,"2","410","D","02","D",20,"D",,"A",,"A",,"A",,"A"
"20132",2624793,59,0,"1","420","D","04","D",50,"D",,"A",,"A",,"A",,"A"
"20132",2624803,39,0,"1","420","D","04","D",125,"D",,"A",,"A",,"A",,"A"
"20132",2624983,76,0,"1","410","D","04","D",40,"D",,"A",,"A",,"A",,"A"
"20132",2624983,77,0,"2","400","D","02","D",27,"D",,"A",,"A",,"A",,"A"
"20132",2625083,74,0,"1","420","D","03","D",106,"D",,"A",,"A",,"A",,"A"
"20132",2625113,11,0,"2","410","D","02","D",45,"D",,"A",,"A",,"A",,"A"
"20132",2625273,36,0,"1","420","D","04","D",189,"D",,"A",,"A",,"A",,"A"
"20132",2625273,37,0,"1","410","D","04","D",52,"D",,"A",,"A",,"A",,"A"
"20132",2625323,50,0,"1","420","D","03","D",372,"D",,"A",,"A",,"A",,"A"
"20132",2625333,30,0,"1","420","D","03","D",50,"D",,"A",,"A",,"A",,"A"
"20132",2625333,31,0,"1","405","D","02","D",175,"D",,"A",,"A",,"A",,"A"
"20132",2625363,21,0,"1","420","D","03","D",300,"D",,"A",,"A",,"A",,"A"
"20132",2625524,23,0,"2","420","D","02","D",160,"D",,"A",,"A",,"A",,"A"
"20132",2625603,63,0,"1","405","D","02","D",300,"D",,"A",,"A",,"A",,"A"
"20132",2625633,34,0,"1","420","D","02","D",64,"D",,"A",,"A",,"A",,"A"
"20132",2625643,70,0,"1","420","D","04","D",65,"D",,"A",,"A",,"A",,"A"
"20132",2625803,29,0,"1","420","D","03","D",36,"D",,"A",,"A",,"A",,"A"
"20132",2625923,59,0,"1","420","D","04","D",123,"D",,"A",,"A",,"A",,"A"
"20132",2625955,37,0,"1","420","D","04","D",36,"D",,"A",,"A",,"A",,"A"
"20132",2625955,38,0,"2","410","D","02","D",95,"D",,"A",,"A",,"A",,"A"
"20132",2626003,29,0,"1","420","D","02","D",70,"D",,"A",,"A",,"A",,"A"
"20132",2626143,70,0,"1","420","D","04","D",77,"D",,"A",,"A",,"A",,"A"
"20132",2626403,25,0,"1","420","D","03","D",79,"D",,"A",,"A",,"A",,"A"
"20132",2626403,26,0,"2","420","D","02","D",81,"D",,"A",,"A",,"A",,"A"
"20132",2626463,56,0,"1","420","D","03","D",36,"D",,"A",,"A",,"A",,"A"
"20132",2626483,7,0,"2","400","D","02","D",32,"F",,"A",,"A",,"A",,"A"
"20132",2626533,40,0,"1","400","D","04","D",16,"D",,"A",,"A",,"A",,"A"
"20132",2626613,30,0,"1","420","D","04","D",24,"D",,"A",,"A",,"A",,"A"
"20132",2626613,31,0,"1","405","D","04","D",63,"D",,"A",,"A",,"A",,"A"
"20132",2626893,51,0,"1","400","D","04","D",32,"D",,"A",,"A",,"A",,"A"
"20132",2626953,77,0,"1","410","D","04","D",45,"D",,"A",,"A",,"A",,"A"
"20132",2626973,52,0,"1","420","D","02","D",13,"D",,"A",,"A",,"A",,"A"
"20132",2626973,53,0,"1","420","D","02","D",184,"D",,"A",,"A",,"A",,"A"
"20132",2626973,54,0,"2","420","D","02","D",151,"D",,"A",,"A",,"A",,"A"
"20132",2627074,24,0,"1","420","D","04","D",3,"D",,"A",,"A",,"A",,"A"
"20132",2627104,13,0,"1","410","D","04","D",15,"D",,"A",,"A",,"A",,"A"
"20132",2627104,14,0,"1","420","D","04","D",110,"D",,"A",,"A",,"A",,"A"
"20132",2627153,41,0,"1","420","D","03","D",99,"D",,"A",,"A",,"A",,"A"
"20132",2627233,30,0,"1","420","D","02","D",60,"D",,"A",,"A",,"A",,"A"
"20132",2627273,30,0,"1","430","D","03","D",.,"H","415","D","400","D",,"A",,"A"
"20132",2627273,30,1,"1","420","D","03","D",156,"E",,"A",,"A",,"A",,"A"
"20132",2627273,30,2,"1","400","D","03","D",35,"E",,"A",,"A",,"A",,"A"
"20132",2627293,56,0,"1","400","D","03","D",17,"D",,"A",,"A",,"A",,"A"
"20132",2627293,57,0,"1","420","D","03","D",116,"D",,"A",,"A",,"A",,"A"
"20132",2627463,22,0,"1","420","D","03","D",55,"D",,"A",,"A",,"A",,"A"
"20132",2627533,51,0,"1","420","D","03","D",80,"D",,"A",,"A",,"A",,"A"
"20132",2627683,28,0,"2","420","D","02","D",300,"D",,"A",,"A",,"A",,"A"
"20132",2628013,50,0,"2","400","D","02","D",130,"D",,"A",,"A",,"A",,"A"
"20132",2628013,51,0,"2","420","D","02","D",86,"D",,"A",,"A",,"A",,"A"
"20132",2628333,40,0,"1","410","D","03","D",27,"D",,"A",,"A",,"A",,"A"
"20132",2628333,41,0,"2","420","D","02","D",126,"D",,"A",,"A",,"A",,"A"
"20132",2628403,32,0,"1","410","D","04","D",5,"D",,"A",,"A",,"A",,"A"
"20132",2628423,71,0,"1","410","D","04","D",29,"D",,"A",,"A",,"A",,"A"
"20132",2628423,72,0,"1","410","D","04","D",29,"D",,"A",,"A",,"A",,"A"
"20132",2628523,61,0,"2","420","D","02","D",310,"D",,"A",,"A",,"A",,"A"
"20132",2628533,55,0,"1","420","D","03","D",451,"D",,"A",,"A",,"A",,"A"
"20132",2628583,80,0,"1","420","D","02","D",82,"D",,"A",,"A",,"A",,"A"
"20132",2628583,81,0,"1","410","D","02","D",15,"D",,"A",,"A",,"A",,"A"
"20132",2628743,32,0,"1","420","D","03","D",52,"D",,"A",,"A",,"A",,"A"
"20132",2628743,33,0,"1","400","D","03","D",26,"D",,"A",,"A",,"A",,"A"
"20132",2628753,40,0,"1","420","D","03","D",36,"D",,"A",,"A",,"A",,"A"
"20132",2628823,47,0,"1","410","D","02","D",21,"D",,"A",,"A",,"A",,"A"
"20132",2628853,63,0,"1","420","D","04","D",58,"D",,"A",,"A",,"A",,"A"
"20132",2628873,59,0,"1","420","D","02","D",30,"D",,"A",,"A",,"A",,"A"
"20132",2628953,32,0,"2","420","D","02","D",63,"D",,"A",,"A",,"A",,"A"
"20132",2628983,35,0,"1","410","D","03","D",17,"D",,"A",,"A",,"A",,"A"
"20132",2629043,54,0,"1","420","D","04","D",66,"D",,"A",,"A",,"A",,"A"
"20132",2629143,46,0,"1","420","D","03","D",100,"D",,"A",,"A",,"A",,"A"
"20132",2629293,39,0,"1","420","D","04","D",67,"D",,"A",,"A",,"A",,"A"
"20132",2629323,42,0,"1","420","D","04","D",24,"D",,"A",,"A",,"A",,"A"
"20132",2629323,43,0,"1","405","D","04","D",103,"D",,"A",,"A",,"A",,"A"
"20132",2629353,44,0,"1","420","D","03","D",65,"D",,"A",,"A",,"A",,"A"
"20132",2629363,22,0,"1","400","D","02","D",10,"D",,"A",,"A",,"A",,"A"
"20132",2629433,93,0,"1","420","D","02","D",42,"D",,"A",,"A",,"A",,"A"
"20132",2629433,94,0,"1","405","D","02","D",380,"D",,"A",,"A",,"A",,"A"
"20132",2629443,15,0,"1","410","D","02","D",14,"D",,"A",,"A",,"A",,"A"
"20132",2629463,15,0,"1","420","D","04","D",170,"D",,"A",,"A",,"A",,"A"
"20132",2629483,26,0,"1","410","D","03","D",26,"D",,"A",,"A",,"A",,"A"
"20132",2629483,27,0,"2","420","D","02","D",79,"D",,"A",,"A",,"A",,"A"
"20132",2629493,24,0,"1","410","D","03","D",16,"D",,"A",,"A",,"A",,"A"
"20132",2629493,25,0,"1","420","D","04","D",70,"D",,"A",,"A",,"A",,"A"
"20132",2629634,63,0,"1","420","D","04","D",190,"D",,"A",,"A",,"A",,"A"
"20132",2629653,41,0,"1","400","D","04","D",23,"D",,"A",,"A",,"A",,"A"
"20132",2629653,42,0,"1","420","D","04","D",239,"D",,"A",,"A",,"A",,"A"
"20132",2629663,50,0,"2","410","D","02","D",28,"D",,"A",,"A",,"A",,"A"
"20132",2629663,51,0,"2","420","D","02","D",105,"D",,"A",,"A",,"A",,"A"
"20132",2629673,64,0,"1","420","D","04","D",75,"D",,"A",,"A",,"A",,"A"
"20132",2629793,15,0,"2","420","D","02","D",49,"D",,"A",,"A",,"A",,"A"
"20132",2629813,77,0,"2","400","D","02","D",25,"D",,"A",,"A",,"A",,"A"
"20132",2629843,25,0,"1","400","D","03","D",40,"F",,"A",,"A",,"A",,"A"
"20132",2629843,26,0,"1","420","D","03","D",110,"D",,"A",,"A",,"A",,"A"
"20132",2629893,45,0,"2","420","D","02","D",63,"D",,"A",,"A",,"A",,"A"
"20132",2629904,40,0,"1","410","D","04","D",140,"D",,"A",,"A",,"A",,"A"
"20132",2630023,41,0,"1","410","D","04","D",21,"D",,"A",,"A",,"A",,"A"
"20132",2630033,95,0,"2","410","D","02","D",13,"D",,"A",,"A",,"A",,"A"
"20132",2630063,33,0,"1","420","D","02","D",67,"D",,"A",,"A",,"A",,"A"
"20132",2630183,35,0,"1","420","D","03","D",47,"D",,"A",,"A",,"A",,"A"
"20132",2630223,46,0,"1","410","D","02","D",70,"D",,"A",,"A",,"A",,"A"
"20132",2630273,25,0,"1","400","D","03","D",25,"D",,"A",,"A",,"A",,"A"
"20132",2630273,26,0,"1","420","D","03","D",65,"D",,"A",,"A",,"A",,"A"
"20132",2630313,47,0,"1","420","D","03","D",39,"D",,"A",,"A",,"A",,"A"
"20132",2630443,36,0,"1","405","D","03","D",113,"D",,"A",,"A",,"A",,"A"
"20132",2630603,70,0,"1","400","D","03","D",25,"D",,"A",,"A",,"A",,"A"
"20132",2630633,33,0,"1","420","D","04","D",60,"D",,"A",,"A",,"A",,"A"
"20132",2630653,35,0,"1","420","D","04","D",280,"D",,"A",,"A",,"A",,"A"
"20132",2630693,40,0,"1","410","D","04","D",17,"D",,"A",,"A",,"A",,"A"
"20132",2630893,56,0,"1","420","D","03","D",50,"D",,"A",,"A",,"A",,"A"
"20132",2630893,57,0,"2","420","D","02","D",67,"D",,"A",,"A",,"A",,"A"
"20132",2630893,58,0,"2","420","D","02","D",69,"D",,"A",,"A",,"A",,"A"
"20132",2630893,59,0,"2","400","D","02","D",25,"D",,"A",,"A",,"A",,"A"
"20132",2630903,60,0,"1","400","D","04","D",20,"D",,"A",,"A",,"A",,"A"
"20132",2630903,61,0,"1","420","D","03","D",170,"D",,"A",,"A",,"A",,"A"
"20132",2630903,62,0,"1","420","D","04","D",162,"D",,"A",,"A",,"A",,"A"
"20132",2631313,52,0,"1","420","D","03","D",79,"D",,"A",,"A",,"A",,"A"
"20132",2631313,53,0,"2","420","D","02","D",86,"D",,"A",,"A",,"A",,"A"
"20132",2631453,67,0,"1","420","D","02","D",225,"D",,"A",,"A",,"A",,"A"
"20132",2631463,19,0,"1","420","D","03","D",30,"D",,"A",,"A",,"A",,"A"
"20132",2631463,20,0,"1","410","D","02","D",5,"D",,"A",,"A",,"A",,"A"
"20132",2631483,17,0,"1","400","D","03","D",35,"D",,"A",,"A",,"A",,"A"
"20132",2631533,60,0,"1","420","D","02","D",36,"D",,"A",,"A",,"A",,"A"
"20132",2631563,39,0,"1","410","D","04","D",37,"D",,"A",,"A",,"A",,"A"
"20132",2631563,40,0,"1","420","D","04","D",80,"D",,"A",,"A",,"A",,"A"
"20132",2631603,31,0,"1","420","D","03","D",165,"D",,"A",,"A",,"A",,"A"
"20132",2631733,40,0,"1","420","D","04","D",179,"D",,"A",,"A",,"A",,"A"
"20132",2631763,63,0,"2","420","D","02","D",116,"D",,"A",,"A",,"A",,"A"
"20132",2631763,64,0,"2","420","D","02","D",296,"D",,"A",,"A",,"A",,"A"
"20132",2631873,42,0,"1","405","D","03","D",50,"D",,"A",,"A",,"A",,"A"
"20132",2632003,40,0,"1","410","D","03","D",42,"D",,"A",,"A",,"A",,"A"
"20132",2632003,41,0,"1","420","D","03","D",36,"D",,"A",,"A",,"A",,"A"
"20132",2632003,42,0,"1","420","D","03","D",59,"D",,"A",,"A",,"A",,"A"
"20132",2632003,43,0,"1","420","D","03","D",81,"D",,"A",,"A",,"A",,"A"
"20132",2632043,25,0,"2","420","D","02","D",190,"D",,"A",,"A",,"A",,"A"
"20132",2632133,23,0,"1","420","D","02","D",78,"D",,"A",,"A",,"A",,"A"
"20132",2632243,34,0,"1","410","D","02","D",18,"D",,"A",,"A",,"A",,"A"
"20132",2632254,30,0,"1","420","D","04","D",100,"D",,"A",,"A",,"A",,"A"
"20132",2632313,44,0,"1","420","D","03","D",170,"D",,"A",,"A",,"A",,"A"
"20132",2632333,53,0,"1","420","D","02","D",163,"D",,"A",,"A",,"A",,"A"
"20132",2632353,25,0,"1","420","D","03","D",57,"D",,"A",,"A",,"A",,"A"
"20132",2632393,38,0,"1","420","D","04","D",174,"D",,"A",,"A",,"A",,"A"
"20132",2632483,42,0,"2","410","D","02","D",30,"D",,"A",,"A",,"A",,"A"
"20132",2632513,23,0,"1","400","D","04","D",24,"D",,"A",,"A",,"A",,"A"
"20132",2632523,60,0,"1","410","D","03","D",20,"F",,"A",,"A",,"A",,"A"
"20132",2632553,21,0,"1","420","D","04","D",70,"D",,"A",,"A",,"A",,"A"
"20132",2632563,44,0,"1","410","D","03","D",20,"D",,"A",,"A",,"A",,"A"
"20132",2632563,45,0,"1","410","D","02","D",20,"D",,"A",,"A",,"A",,"A"
"20132",2632563,46,0,"1","420","D","03","D",130,"D",,"A",,"A",,"A",,"A"
"20132",2632603,32,0,"1","420","D","02","D",289,"D",,"A",,"A",,"A",,"A"
"20132",2632603,33,0,"1","410","D","02","D",30,"D",,"A",,"A",,"A",,"A"
"20132",2632683,35,0,"2","420","D","02","D",48,"D",,"A",,"A",,"A",,"A"
"20132",2632773,45,0,"1","420","D","03","D",60,"D",,"A",,"A",,"A",,"A"
"20132",2632773,46,0,"1","400","D","02","D",20,"D",,"A",,"A",,"A",,"A"
"20132",2632933,36,0,"1","400","D","04","D",21,"D",,"A",,"A",,"A",,"A"
"20132",2632933,37,0,"1","420","D","04","D",32,"D",,"A",,"A",,"A",,"A"
"20132",2632933,38,0,"1","410","D","04","D",5,"D",,"A",,"A",,"A",,"A"
"20132",2633023,20,0,"1","420","D","03","D",68,"D",,"A",,"A",,"A",,"A"
"20132",2633203,30,0,"1","420","D","03","D",100,"D",,"A",,"A",,"A",,"A"
"20132",2633253,37,0,"1","420","D","04","D",263,"D",,"A",,"A",,"A",,"A"
"20132",2633503,45,0,"1","410","D","04","D",30,"D",,"A",,"A",,"A",,"A"
"20132",2633523,28,0,"2","420","D","02","D",27,"D",,"A",,"A",,"A",,"A"
"20132",2633543,36,0,"1","420","D","02","D",99,"D",,"A",,"A",,"A",,"A"
"20132",2633563,37,0,"1","420","D","02","D",36,"D",,"A",,"A",,"A",,"A"
"20132",2633813,50,0,"2","420","D","02","D",25,"D",,"A",,"A",,"A",,"A"
"20132",2633823,52,0,"1","420","D","03","D",43,"D",,"A",,"A",,"A",,"A"
"20132",2633823,53,0,"1","420","D","03","D",418,"D",,"A",,"A",,"A",,"A"
"20132",2633913,65,0,"1","430","D","04","D",.,"H","410","D","415","D",,"A",,"A"
"20132",2633913,65,1,"1","410","D","04","D",55,"E",,"A",,"A",,"A",,"A"
"20132",2633913,65,2,"1","420","D","04","D",212,"E",,"A",,"A",,"A",,"A"
"20132",2633933,34,0,"1","410","D","04","D",60,"D",,"A",,"A",,"A",,"A"
"20132",2634073,26,0,"1","420","D","02","D",58,"D",,"A",,"A",,"A",,"A"
"20132",2634103,53,0,"1","410","D","03","D",52,"D",,"A",,"A",,"A",,"A"
"20132",2634113,44,0,"1","420","D","03","D",101,"D",,"A",,"A",,"A",,"A"
"20132",2634183,38,0,"1","420","D","02","D",36,"D",,"A",,"A",,"A",,"A"
"20132",2634323,64,0,"1","420","D","03","D",9,"D",,"A",,"A",,"A",,"A"
"20132",2634333,37,0,"1","400","D","02","D",20,"D",,"A",,"A",,"A",,"A"
"20132",2634333,38,0,"1","410","D","02","D",12,"D",,"A",,"A",,"A",,"A"
"20132",2634333,39,0,"1","420","D","04","D",117,"D",,"A",,"A",,"A",,"A"
"20132",2634343,49,0,"1","420","D","04","D",300,"D",,"A",,"A",,"A",,"A"
"20132",2634423,30,0,"1","420","D","03","D",75,"D",,"A",,"A",,"A",,"A"
"20132",2634533,25,0,"1","420","D","03","D",40,"D",,"A",,"A",,"A",,"A"
"20132",2634543,32,0,"1","420","D","04","D",289,"D",,"A",,"A",,"A",,"A"
"20132",2634553,54,0,"1","400","D","04","D",26,"D",,"A",,"A",,"A",,"A"
"20132",2634553,55,0,"1","420","D","04","D",175,"D",,"A",,"A",,"A",,"A"
"20132",2634683,23,0,"1","420","D","04","D",120,"D",,"A",,"A",,"A",,"A"
"20132",2634693,47,0,"1","420","D","04","D",393,"D",,"A",,"A",,"A",,"A"
"20132",2635053,21,0,"1","400","D","02","D",29,"D",,"A",,"A",,"A",,"A"
"20132",2635053,22,0,"1","420","D","02","D",10,"D",,"A",,"A",,"A",,"A"
"20132",2635193,43,0,"1","420","D","02","D",70,"D",,"A",,"A",,"A",,"A"
"20132",2635353,45,0,"1","420","D","04","D",250,"D",,"A",,"A",,"A",,"A"
"20132",2635373,30,0,"1","420","D","02","D",180,"D",,"A",,"A",,"A",,"A"
"20132",2635453,67,0,"1","420","D","03","D",250,"D",,"A",,"A",,"A",,"A"
"20132",2635703,19,0,"2","420","D","02","D",175,"D",,"A",,"A",,"A",,"A"
"20132",2635743,10,0,"1","400","D","02","D",10,"D",,"A",,"A",,"A",,"A"
"20132",2635783,31,0,"1","405","D","04","D",500,"D",,"A",,"A",,"A",,"A"
"20132",2635813,14,0,"1","420","D","03","D",89,"D",,"A",,"A",,"A",,"A"
"20132",2635813,15,0,"1","430","D","03","D",.,"H","405","D","415","D",,"A",,"A"
"20132",2635813,15,1,"1","405","D","03","D",62,"E",,"A",,"A",,"A",,"A"
"20132",2635813,15,2,"1","420","D","03","D",45,"E",,"A",,"A",,"A",,"A"
"20132",2636023,60,0,"1","410","D","05","D",70,"D",,"A",,"A",,"A",,"A"
"20132",2636023,61,0,"1","420","D","05","D",160,"D",,"A",,"A",,"A",,"A"
"20132",2636043,39,0,"1","410","D","05","D",40,"D",,"A",,"A",,"A",,"A"
"20132",2636093,20,0,"2","420","D","03","D",71,"D",,"A",,"A",,"A",,"A"
"20132",2636123,21,0,"2","420","D","03","D",35,"D",,"A",,"A",,"A",,"A"
"20132",2636133,94,0,"1","420","D","03","D",52,"D",,"A",,"A",,"A",,"A"
"20132",2636233,34,0,"1","420","D","05","D",60,"D",,"A",,"A",,"A",,"A"
"20132",2636313,30,0,"1","410","D","05","D",30,"D",,"A",,"A",,"A",,"A"
"20132",2636313,31,0,"1","420","D","05","D",170,"D",,"A",,"A",,"A",,"A"
"20132",2636333,24,0,"1","410","D","04","D",28,"D",,"A",,"A",,"A",,"A"
"20132",2636333,25,0,"1","420","D","04","D",65,"D",,"A",,"A",,"A",,"A"
"20132",2636353,63,0,"1","420","D","03","D",130,"D",,"A",,"A",,"A",,"A"
"20132",2636453,41,0,"1","410","D","03","D",24,"D",,"A",,"A",,"A",,"A"
"20132",2636533,41,0,"1","420","D","04","D",75,"D",,"A",,"A",,"A",,"A"
"20132",2636623,62,0,"1","400","D","05","D",35,"D",,"A",,"A",,"A",,"A"
"20132",2636643,35,0,"1","420","D","05","D",93,"D",,"A",,"A",,"A",,"A"
"20132",2636704,16,0,"1","430","D","04","D",.,"H","415","D","410","D",,"A",,"A"
"20132",2636704,16,1,"1","420","D","04","D",17,"E",,"A",,"A",,"A",,"A"
"20132",2636704,16,2,"1","410","D","04","D",19,"E",,"A",,"A",,"A",,"A"
"20132",2636733,41,0,"1","420","D","03","D",112,"F",,"A",,"A",,"A",,"A"
"20132",2636813,33,0,"1","400","D","03","D",21,"D",,"A",,"A",,"A",,"A"
"20132",2636873,50,0,"1","420","D","04","D",85,"D",,"A",,"A",,"A",,"A"
"20132",2636973,38,0,"1","400","D","05","D",58,"D",,"A",,"A",,"A",,"A"
"20132",2637043,40,0,"1","410","D","03","D",13,"D",,"A",,"A",,"A",,"A"
"20132",2637043,41,0,"1","410","D","05","D",13,"D",,"A",,"A",,"A",,"A"
"20132",2637083,40,0,"1","400","D","05","D",30,"D",,"A",,"A",,"A",,"A"
"20132",2637093,29,0,"1","420","D","04","D",120,"D",,"A",,"A",,"A",,"A"
"20132",2637143,38,0,"1","430","D","04","D",.,"H","415","D","405","D",,"A",,"A"
"20132",2637143,38,1,"1","420","D","04","D",23,"E",,"A",,"A",,"A",,"A"
"20132",2637143,38,2,"1","405","D","04","D",30,"E",,"A",,"A",,"A",,"A"
"20132",2637153,19,0,"2","420","D","03","D",55,"D",,"A",,"A",,"A",,"A"
"20132",2637243,39,0,"1","400","D","04","D",36,"D",,"A",,"A",,"A",,"A"
"20132",2637243,40,0,"1","420","D","05","D",36,"D",,"A",,"A",,"A",,"A"
"20132",2637303,25,0,"1","420","D","03","D",85,"D",,"A",,"A",,"A",,"A"
"20132",2637303,26,0,"2","420","D","03","D",85,"D",,"A",,"A",,"A",,"A"
"20132",2637453,32,0,"1","420","D","05","D",98,"D",,"A",,"A",,"A",,"A"
"20132",2637463,85,0,"1","410","D","04","D",101,"D",,"A",,"A",,"A",,"A"
"20132",2637463,86,0,"2","420","D","03","D",54,"D",,"A",,"A",,"A",,"A"
"20132",2637703,35,0,"1","420","D","04","D",89,"D",,"A",,"A",,"A",,"A"
"20132",2637865,43,0,"1","410","D","04","D",39,"D",,"A",,"A",,"A",,"A"
"20132",2637933,28,0,"1","420","D","04","D",23,"D",,"A",,"A",,"A",,"A"
"20132",2638023,13,0,"1","420","D","05","D",102,"D",,"A",,"A",,"A",,"A"
"20132",2638253,42,0,"1","420","D","05","D",18,"D",,"A",,"A",,"A",,"A"
"20132",2638283,20,0,"1","410","D","04","D",78,"F",,"A",,"A",,"A",,"A"
"20132",2638283,21,0,"2","420","D","03","D",10,"D",,"A",,"A",,"A",,"A"
"20132",2638313,17,0,"2","420","D","03","D",71,"D",,"A",,"A",,"A",,"A"
"20132",2638333,34,0,"1","420","D","04","D",196,"D",,"A",,"A",,"A",,"A"
"20132",2638383,10,0,"1","420","D","03","D",50,"D",,"A",,"A",,"A",,"A"
"20132",2638473,22,0,"1","420","D","04","D",30,"D",,"A",,"A",,"A",,"A"
"20132",2638493,115,0,"1","410","D","03","D",147,"D",,"A",,"A",,"A",,"A"
"20132",2638493,116,0,"1","400","D","03","D",39,"D",,"A",,"A",,"A",,"A"
"20132",2638513,24,0,"1","420","D","05","D",86,"D",,"A",,"A",,"A",,"A"
"20132",2638513,25,0,"1","420","D","03","D",134,"D",,"A",,"A",,"A",,"A"
"20132",2638513,26,0,"1","410","D","03","D",50,"D",,"A",,"A",,"A",,"A"
"20132",2638563,26,0,"1","400","D","03","D",25,"D",,"A",,"A",,"A",,"A"
"20132",2638573,49,0,"1","420","D","04","D",131,"D",,"A",,"A",,"A",,"A"
"20132",2638573,50,0,"2","410","D","03","D",12,"D",,"A",,"A",,"A",,"A"
"20132",2638583,32,0,"1","400","D","05","D",180,"D",,"A",,"A",,"A",,"A"
"20132",2638603,91,0,"1","400","D","04","D",20,"D",,"A",,"A",,"A",,"A"
"20132",2638603,92,0,"1","420","D","04","D",192,"D",,"A",,"A",,"A",,"A"
"20132",2638653,31,0,"2","420","D","03","D",88,"D",,"A",,"A",,"A",,"A"
"20132",2638803,40,0,"1","410","D","05","D",15,"D",,"A",,"A",,"A",,"A"
"20132",2638893,45,0,"1","410","D","04","D",100,"D",,"A",,"A",,"A",,"A"
"20132",2638993,33,0,"1","400","D","05","D",21,"D",,"A",,"A",,"A",,"A"
"20132",2638993,34,0,"1","420","D","05","D",225,"D",,"A",,"A",,"A",,"A"
"20132",2639233,53,0,"1","410","D","03","D",125,"D",,"A",,"A",,"A",,"A"
"20132",2639263,22,0,"1","410","D","04","D",10,"D",,"A",,"A",,"A",,"A"
"20132",2639353,35,0,"1","420","D","05","D",42,"D",,"A",,"A",,"A",,"A"
"20132",2639503,27,0,"2","400","D","03","D",95,"D",,"A",,"A",,"A",,"A"
"20132",2639643,27,0,"1","420","D","03","D",140,"F",,"A",,"A",,"A",,"A"
"20132",2639643,28,0,"1","400","D","03","D",7800,"D",,"A",,"A",,"A",,"A"
"20132",2639673,46,0,"1","410","D","04","D",80,"D",,"A",,"A",,"A",,"A"
"20132",2639703,32,0,"1","410","D","04","D",40,"D",,"A",,"A",,"A",,"A"
"20132",2639703,33,0,"1","420","D","04","D",63,"D",,"A",,"A",,"A",,"A"
"20132",2639703,34,0,"2","420","D","03","D",64,"D",,"A",,"A",,"A",,"A"
"20132",2639703,35,0,"2","420","D","03","D",64,"D",,"A",,"A",,"A",,"A"
"20132",2639723,25,0,"1","410","D","05","D",65,"D",,"A",,"A",,"A",,"A"
"20132",2639733,12,0,"1","410","D","05","D",28,"D",,"A",,"A",,"A",,"A"
"20132",2639853,52,0,"1","420","D","05","D",94,"D",,"A",,"A",,"A",,"A"
"20132",2639853,53,0,"2","400","D","03","D",40,"D",,"A",,"A",,"A",,"A"
"20132",2639943,44,0,"2","420","D","03","D",45,"D",,"A",,"A",,"A",,"A"
"20132",2640003,29,0,"1","430","D","03","D",.,"H","400","D","415","D",,"A",,"A"
"20132",2640003,29,1,"1","400","D","03","D",23,"E",,"A",,"A",,"A",,"A"
"20132",2640003,29,2,"1","420","D","03","D",57,"E",,"A",,"A",,"A",,"A"
"20132",2640013,49,0,"1","420","D","04","D",90,"D",,"A",,"A",,"A",,"A"
"20132",2640033,39,0,"1","420","D","04","D",400,"D",,"A",,"A",,"A",,"A"
"20132",2640233,42,0,"2","420","D","03","D",124,"D",,"A",,"A",,"A",,"A"
"20132",2640243,56,0,"1","420","D","04","D",147,"D",,"A",,"A",,"A",,"A"
"20132",2640243,57,0,"1","420","D","05","D",52,"D",,"A",,"A",,"A",,"A"
"20132",2640364,18,0,"1","420","D","03","D",58,"D",,"A",,"A",,"A",,"A"
"20132",2640553,15,0,"1","400","D","03","D",50,"D",,"A",,"A",,"A",,"A"
"20132",2640713,26,0,"2","420","D","03","D",86,"D",,"A",,"A",,"A",,"A"
"20132",2640723,34,0,"1","410","D","04","D",72,"D",,"A",,"A",,"A",,"A"
"20132",2640723,35,0,"1","420","D","04","D",36,"D",,"A",,"A",,"A",,"A"
"20132",2640733,51,0,"1","420","D","05","D",259,"D",,"A",,"A",,"A",,"A"
"20132",2640733,52,0,"1","420","D","05","D",134,"D",,"A",,"A",,"A",,"A"
"20132",2640744,27,0,"1","410","D","05","D",15,"D",,"A",,"A",,"A",,"A"
"20132",2640853,12,0,"1","430","D","05","D",.,"H","410","D","415","D",,"A",,"A"
"20132",2640853,12,1,"1","410","D","05","D",14,"E",,"A",,"A",,"A",,"A"
"20132",2640853,12,2,"1","420","D","05","D",56,"E",,"A",,"A",,"A",,"A"
"20132",2640973,43,0,"1","410","D","03","D",20,"D",,"A",,"A",,"A",,"A"
"20132",2641113,41,0,"1","410","D","05","D",40,"D",,"A",,"A",,"A",,"A"
"20132",2641403,38,0,"1","420","D","05","D",15,"D",,"A",,"A",,"A",,"A"
"20132",2641483,17,0,"1","400","D","04","D",40,"D",,"A",,"A",,"A",,"A"
"20132",2641523,78,0,"1","410","D","05","D",50,"D",,"A",,"A",,"A",,"A"
"20132",2641633,76,0,"1","410","D","04","D",60,"D",,"A",,"A",,"A",,"A"
"20132",2641633,77,0,"1","420","D","04","D",200,"D",,"A",,"A",,"A",,"A"
"20132",2641743,50,0,"1","430","D","05","D",.,"H","415","D","410","D",,"A",,"A"
"20132",2641743,50,1,"1","420","D","05","D",57,"E",,"A",,"A",,"A",,"A"
"20132",2641743,50,2,"1","410","D","05","D",59,"E",,"A",,"A",,"A",,"A"
"20132",2641903,31,0,"1","405","D","05","D",45,"D",,"A",,"A",,"A",,"A"
"20132",2641973,25,0,"1","430","D","04","D",.,"H","415","D","410","D",,"A",,"A"
"20132",2641973,25,1,"1","420","D","04","D",23,"E",,"A",,"A",,"A",,"A"
"20132",2641973,25,2,"1","410","D","04","D",24,"E",,"A",,"A",,"A",,"A"
"20132",2641973,26,0,"1","430","D","05","D",.,"H","415","D","410","D",,"A",,"A"
"20132",2641973,26,1,"1","420","D","05","D",21,"E",,"A",,"A",,"A",,"A"
"20132",2641973,26,2,"1","410","D","05","D",20,"E",,"A",,"A",,"A",,"A"
"20132",2642033,60,0,"1","410","D","03","D",25,"D",,"A",,"A",,"A",,"A"
"20132",2642063,24,0,"1","400","D","04","D",25,"D",,"A",,"A",,"A",,"A"
"20132",2642243,32,0,"1","420","D","03","D",11,"D",,"A",,"A",,"A",,"A"
"20132",2642263,18,0,"1","430","D","05","D",.,"H","405","D","425","D",,"A",,"A"
"20132",2642263,18,1,"1","405","D","05","D",300,"E",,"A",,"A",,"A",,"A"
"20132",2642403,84,0,"1","410","D","05","D",40,"D",,"A",,"A",,"A",,"A"
"20132",2642483,48,0,"1","420","D","05","D",450,"D",,"A",,"A",,"A",,"A"
"20132",2642623,18,0,"1","420","D","04","D",65,"F",,"A",,"A",,"A",,"A"
"20132",2642693,39,0,"1","420","D","05","D",50,"D",,"A",,"A",,"A",,"A"
"20132",2642743,48,0,"2","420","D","03","D",36,"D",,"A",,"A",,"A",,"A"
"20132",2642763,17,0,"2","410","D","03","D",60,"D",,"A",,"A",,"A",,"A"
"20132",2642763,18,0,"2","420","D","03","D",130,"D",,"A",,"A",,"A",,"A"
"20132",2642773,46,0,"1","400","D","04","D",70,"D",,"A",,"A",,"A",,"A"
"20132",2642773,47,0,"1","420","D","03","D",218,"D",,"A",,"A",,"A",,"A"
"20132",2642793,46,0,"1","410","D","05","D",16,"D",,"A",,"A",,"A",,"A"
"20132",2642803,36,0,"1","410","D","04","D",15,"D",,"A",,"A",,"A",,"A"
"20132",2642863,36,0,"1","410","D","03","D",18,"D",,"A",,"A",,"A",,"A"
"20132",2642863,37,0,"2","410","D","03","D",18,"D",,"A",,"A",,"A",,"A"
"20132",2642973,50,0,"1","400","D","05","D",55,"D",,"A",,"A",,"A",,"A"
"20132",2642973,51,0,"1","420","D","05","D",60,"D",,"A",,"A",,"A",,"A"
"20132",2642983,67,0,"1","420","D","03","D",120,"D",,"A",,"A",,"A",,"A"
"20132",2642983,68,0,"1","410","D","03","D",40,"D",,"A",,"A",,"A",,"A"
"20132",2643093,53,0,"1","420","D","03","D",100,"D",,"A",,"A",,"A",,"A"
"20132",2643123,51,0,"1","410","D","05","D",20,"D",,"A",,"A",,"A",,"A"
"20132",2643123,52,0,"1","420","D","05","D",70,"D",,"A",,"A",,"A",,"A"
"20132",2643163,53,0,"1","400","D","03","D",30,"D",,"A",,"A",,"A",,"A"
"20132",2643203,91,0,"1","410","D","04","D",15,"D",,"A",,"A",,"A",,"A"
"20132",2643203,92,0,"1","420","D","04","D",270,"D",,"A",,"A",,"A",,"A"
"20132",2643393,54,0,"1","420","D","05","D",40,"D",,"A",,"A",,"A",,"A"
"20132",2643393,55,0,"1","405","D","05","D",32,"D",,"A",,"A",,"A",,"A"
"20132",2643403,44,0,"1","410","D","05","D",500,"D",,"A",,"A",,"A",,"A"
"20132",2643403,45,0,"1","420","D","04","D",36,"D",,"A",,"A",,"A",,"A"
"20132",2643403,46,0,"1","420","D","05","D",36,"D",,"A",,"A",,"A",,"A"
"20132",2643413,30,0,"2","420","D","03","D",65,"D",,"A",,"A",,"A",,"A"
"20132",2643503,25,0,"1","420","D","05","D",100,"D",,"A",,"A",,"A",,"A"
"20132",2643513,64,0,"1","410","D","04","D",65,"D",,"A",,"A",,"A",,"A"
"20132",2643513,65,0,"1","420","D","04","D",125,"D",,"A",,"A",,"A",,"A"
"20132",2643603,25,0,"1","410","D","05","D",50,"D",,"A",,"A",,"A",,"A"
"20132",2643733,41,0,"1","420","D","03","D",32,"D",,"A",,"A",,"A",,"A"
"20132",2643773,22,0,"1","430","D","05","D",.,"H","425","D","415","D",,"A",,"A"
"20132",2643773,22,1,"1","420","D","05","D",31,"E",,"A",,"A",,"A",,"A"
"20132",2643773,22,2,"1","420","D","05","D",29,"E",,"A",,"A",,"A",,"A"
"20132",2643813,43,0,"1","420","D","03","D",40,"D",,"A",,"A",,"A",,"A"
"20132",2643863,74,0,"1","400","D","05","D",18,"D",,"A",,"A",,"A",,"A"
"20132",2643893,32,0,"1","400","D","05","D",32,"D",,"A",,"A",,"A",,"A"
"20132",2644003,42,0,"1","420","D","05","D",56,"D",,"A",,"A",,"A",,"A"
"20132",2644043,41,0,"2","420","D","03","D",25,"D",,"A",,"A",,"A",,"A"
"20132",2644053,36,0,"1","410","D","04","D",5,"D",,"A",,"A",,"A",,"A"
"20132",2644063,33,0,"1","405","D","03","D",298,"D",,"A",,"A",,"A",,"A"
"20132",2644063,34,0,"2","420","D","03","D",299,"D",,"A",,"A",,"A",,"A"
"20132",2644123,56,0,"1","420","D","04","D",120,"D",,"A",,"A",,"A",,"A"
"20132",2644153,48,0,"1","420","D","05","D",64,"D",,"A",,"A",,"A",,"A"
"20132",2644153,49,0,"2","410","D","03","D",13,"D",,"A",,"A",,"A",,"A"
"20132",2644263,44,0,"1","420","D","03","D",140,"D",,"A",,"A",,"A",,"A"
"20132",2644263,45,0,"2","420","D","03","D",170,"D",,"A",,"A",,"A",,"A"
"20132",2644443,38,0,"1","410","D","03","D",40,"D",,"A",,"A",,"A",,"A"
"20132",2644443,39,0,"1","420","D","03","D",85,"D",,"A",,"A",,"A",,"A"
"20132",2644623,32,0,"1","420","D","04","D",100,"D",,"A",,"A",,"A",,"A"
"20132",2644753,45,0,"2","420","D","03","D",106,"D",,"A",,"A",,"A",,"A"
"20132",2644893,50,0,"2","400","D","03","D",32,"D",,"A",,"A",,"A",,"A"
"20132",2645113,24,0,"1","420","D","05","D",60,"D",,"A",,"A",,"A",,"A"
"20132",2645123,61,0,"2","400","D","03","D",145,"D",,"A",,"A",,"A",,"A"
"20132",2645153,62,0,"1","420","D","05","D",108,"D",,"A",,"A",,"A",,"A"
"20132",2645153,63,0,"2","420","D","03","D",196,"D",,"A",,"A",,"A",,"A"
"20132",2645173,37,0,"1","410","D","03","D",40,"D",,"A",,"A",,"A",,"A"
"20132",2645383,34,0,"1","420","D","05","D",48,"D",,"A",,"A",,"A",,"A"
"20132",2645503,15,0,"1","410","D","04","D",15,"D",,"A",,"A",,"A",,"A"
"20132",2645523,59,0,"1","420","D","05","D",340,"D",,"A",,"A",,"A",,"A"
"20132",2645573,32,0,"1","400","D","04","D",25,"D",,"A",,"A",,"A",,"A"
"20132",2645683,67,0,"2","410","D","03","D",120,"D",,"A",,"A",,"A",,"A"
"20132",2645683,68,0,"2","400","D","03","D",32,"D",,"A",,"A",,"A",,"A"
"20132",2645703,46,0,"1","400","D","03","D",23,"D",,"A",,"A",,"A",,"A"
"20132",2645723,82,0,"1","410","D","03","D",16,"D",,"A",,"A",,"A",,"A"
"20132",2645723,83,0,"1","410","D","05","D",16,"D",,"A",,"A",,"A",,"A"
"20132",2645723,84,0,"1","420","D","03","D",43,"D",,"A",,"A",,"A",,"A"
"20132",2645723,85,0,"1","420","D","05","D",43,"D",,"A",,"A",,"A",,"A"
"20132",2645723,86,0,"2","420","D","03","D",45,"D",,"A",,"A",,"A",,"A"
"20132",2645745,54,0,"2","400","D","03","D",25,"D",,"A",,"A",,"A",,"A"
"20132",2645763,11,0,"1","400","D","05","D",20,"D",,"A",,"A",,"A",,"A"
"20132",2645903,43,0,"1","420","D","05","D",36,"D",,"A",,"A",,"A",,"A"
"20132",2645933,27,0,"1","400","D","05","D",25,"D",,"A",,"A",,"A",,"A"
"20132",2645983,56,0,"1","420","D","05","D",56,"D",,"A",,"A",,"A",,"A"
"20132",2646123,33,0,"1","410","D","04","D",37,"D",,"A",,"A",,"A",,"A"
"20132",2646163,48,0,"1","400","D","05","D",35,"D",,"A",,"A",,"A",,"A"
"20132",2646193,12,0,"1","420","D","05","D",56,"D",,"A",,"A",,"A",,"A"
"20132",2646253,46,0,"1","405","D","04","D",20,"D",,"A",,"A",,"A",,"A"
"20132",2646303,19,0,"1","410","D","05","D",20,"D",,"A",,"A",,"A",,"A"
"20132",2646303,20,0,"1","420","D","05","D",41,"D",,"A",,"A",,"A",,"A"
"20132",2646333,34,0,"1","400","D","04","D",45,"D",,"A",,"A",,"A",,"A"
"20132",2646363,57,0,"1","420","D","04","D",100,"D",,"A",,"A",,"A",,"A"
"20132",2646363,58,0,"1","410","D","04","D",32,"D",,"A",,"A",,"A",,"A"
"20132",2646393,32,0,"1","420","D","03","D",34,"D",,"A",,"A",,"A",,"A"
"20132",2646393,33,0,"1","405","D","03","D",46,"D",,"A",,"A",,"A",,"A"
"20132",2646433,18,0,"1","410","D","04","D",14,"D",,"A",,"A",,"A",,"A"
"20132",2646433,19,0,"1","420","D","04","D",28,"D",,"A",,"A",,"A",,"A"
"20132",2646563,39,0,"2","420","D","03","D",65,"D",,"A",,"A",,"A",,"A"
"20132",2646573,43,0,"1","420","D","04","D",180,"D",,"A",,"A",,"A",,"A"
"20132",2646573,44,0,"2","420","D","03","D",220,"D",,"A",,"A",,"A",,"A"
"20132",2646583,42,0,"1","405","D","05","D",45,"D",,"A",,"A",,"A",,"A"
"20132",2646623,35,0,"1","400","D","05","D",27,"D",,"A",,"A",,"A",,"A"
"20132",2646623,36,0,"1","410","D","05","D",20,"D",,"A",,"A",,"A",,"A"
"20132",2646693,38,0,"1","420","D","04","D",69,"D",,"A",,"A",,"A",,"A"
"20132",2646753,15,0,"2","420","D","03","D",130,"D",,"A",,"A",,"A",,"A"
"20132",2646783,42,0,"1","420","D","04","D",90,"D",,"A",,"A",,"A",,"A"
"20132",2646783,43,0,"1","420","D","05","D",45,"D",,"A",,"A",,"A",,"A"
"20132",2646823,59,0,"1","400","D","04","D",15,"D",,"A",,"A",,"A",,"A"
"20132",2646863,34,0,"1","420","D","05","D",15,"D",,"A",,"A",,"A",,"A"
"20132",2646883,24,0,"2","420","D","03","D",115,"D",,"A",,"A",,"A",,"A"
"20132",2646883,25,0,"2","410","D","03","D",20,"D",,"A",,"A",,"A",,"A"
"20132",2646903,20,0,"2","400","D","03","D",32,"D",,"A",,"A",,"A",,"A"
"20132",2646903,21,0,"2","420","D","03","D",50,"D",,"A",,"A",,"A",,"A"
"20132",2646953,31,0,"1","405","D","05","D",280,"D",,"A",,"A",,"A",,"A"
"20132",2646963,30,0,"1","420","D","05","D",64,"F",,"A",,"A",,"A",,"A"
"20132",2647082,23,0,"1","400","D","03","D",9,"D",,"A",,"A",,"A",,"A"
"20132",2647132,27,0,"1","410","D","03","D",60,"D",,"A",,"A",,"A",,"A"
"20132",2647282,19,0,"1","420","D","03","D",62,"D",,"A",,"A",,"A",,"A"
"20132",2647302,37,0,"1","420","D","01","D",130,"D",,"A",,"A",,"A",,"A"
"20132",2647352,39,0,"1","410","D","03","D",29,"D",,"A",,"A",,"A",,"A"
"20132",2647352,40,0,"1","420","D","03","D",90,"D",,"A",,"A",,"A",,"A"
"20132",2647622,60,0,"2","410","D","01","D",15,"D",,"A",,"A",,"A",,"A"
"20132",2647622,61,0,"2","420","D","01","D",68,"D",,"A",,"A",,"A",,"A"
"20132",2647742,112,0,"1","420","D","02","D",5,"D",,"A",,"A",,"A",,"A"
"20132",2647772,46,0,"1","405","D","01","D",180,"D",,"A",,"A",,"A",,"A"
"20132",2647972,31,0,"1","410","D","02","D",15,"D",,"A",,"A",,"A",,"A"
"20132",2647982,66,0,"1","420","D","03","D",72,"D",,"A",,"A",,"A",,"A"
"20132",2647982,67,0,"1","410","D","03","D",20,"D",,"A",,"A",,"A",,"A"
"20132",2647992,60,0,"1","420","D","03","D",310,"D",,"A",,"A",,"A",,"A"
"20132",2647992,61,0,"2","400","D","01","D",120,"D",,"A",,"A",,"A",,"A"
"20132",2648022,50,0,"1","405","D","03","D",35,"D",,"A",,"A",,"A",,"A"
"20132",2648102,66,0,"2","420","D","01","D",20,"D",,"A",,"A",,"A",,"A"
"20132",2648192,73,0,"1","420","D","03","D",26,"D",,"A",,"A",,"A",,"A"
"20132",2648262,20,0,"1","420","D","03","D",24,"D",,"A",,"A",,"A",,"A"
"20132",2648354,12,0,"1","420","D","03","D",146,"D",,"A",,"A",,"A",,"A"
"20132",2648452,90,0,"1","420","D","01","D",300,"D",,"A",,"A",,"A",,"A"
"20132",2648492,38,0,"1","420","D","02","D",81,"D",,"A",,"A",,"A",,"A"
"20132",2648492,39,0,"2","420","D","01","D",32,"D",,"A",,"A",,"A",,"A"
"20132",2648522,68,0,"1","420","D","01","D",170,"D",,"A",,"A",,"A",,"A"
"20132",2648602,39,0,"1","410","D","01","D",18,"D",,"A",,"A",,"A",,"A"
"20132",2648612,28,0,"1","420","D","03","D",58,"D",,"A",,"A",,"A",,"A"
"20132",2648702,44,0,"1","410","D","02","D",44,"D",,"A",,"A",,"A",,"A"
"20132",2648702,45,0,"1","420","D","02","D",83,"D",,"A",,"A",,"A",,"A"
"20132",2648752,55,0,"1","410","D","02","D",30,"D",,"A",,"A",,"A",,"A"
"20132",2648752,56,0,"1","405","D","02","D",72,"D",,"A",,"A",,"A",,"A"
"20132",2648905,27,0,"2","400","D","01","D",20,"D",,"A",,"A",,"A",,"A"
"20132",2648914,37,0,"1","400","D","03","D",14,"D",,"A",,"A",,"A",,"A"
"20132",2648922,23,0,"1","420","D","01","D",119,"D",,"A",,"A",,"A",,"A"
"20132",2649022,26,0,"1","410","D","03","D",21,"D",,"A",,"A",,"A",,"A"
"20132",2649042,32,0,"2","410","D","01","D",18,"D",,"A",,"A",,"A",,"A"
"20132",2649052,68,0,"1","420","D","03","D",75,"D",,"A",,"A",,"A",,"A"
"20132",2649052,69,0,"1","410","D","03","D",25,"D",,"A",,"A",,"A",,"A"
"20132",2649102,73,0,"1","420","D","03","D",56,"F",,"A",,"A",,"A",,"A"
"20132",2649152,51,0,"1","420","D","03","D",138,"D",,"A",,"A",,"A",,"A"
"20132",2649255,47,0,"1","410","D","03","D",50,"D",,"A",,"A",,"A",,"A"
"20132",2649255,48,0,"1","420","D","02","D",58,"D",,"A",,"A",,"A",,"A"
"20132",2649272,18,0,"1","400","D","03","D",10,"D",,"A",,"A",,"A",,"A"
"20132",2649322,42,0,"1","420","D","02","D",67,"D",,"A",,"A",,"A",,"A"
"20132",2649372,35,0,"1","420","D","02","D",388,"D",,"A",,"A",,"A",,"A"
"20132",2649372,36,0,"1","400","D","02","D",54,"D",,"A",,"A",,"A",,"A"
"20132",2649382,19,0,"1","420","D","03","D",24,"D",,"A",,"A",,"A",,"A"
"20132",2649402,56,0,"1","420","D","03","D",75,"D",,"A",,"A",,"A",,"A"
"20132",2649462,38,0,"1","410","D","03","D",40,"D",,"A",,"A",,"A",,"A"
"20132",2649532,121,0,"1","420","D","01","D",500,"D",,"A",,"A",,"A",,"A"
"20132",2649702,23,0,"1","400","D","02","D",29,"D",,"A",,"A",,"A",,"A"
"20132",2649722,37,0,"1","420","D","03","D",63,"D",,"A",,"A",,"A",,"A"
"20132",2649912,17,0,"1","410","D","02","D",38,"D",,"A",,"A",,"A",,"A"
"20132",2649912,18,0,"1","420","D","02","D",63,"D",,"A",,"A",,"A",,"A"
"20132",2650032,44,0,"1","420","D","02","D",75,"D",,"A",,"A",,"A",,"A"
"20132",2650092,33,0,"1","410","D","01","D",29,"D",,"A",,"A",,"A",,"A"
"20132",2650092,34,0,"1","410","D","01","D",29,"D",,"A",,"A",,"A",,"A"
"20132",2650092,35,0,"1","420","D","01","D",50,"F",,"A",,"A",,"A",,"A"
"20132",2650152,24,0,"1","405","D","02","D",29,"D",,"A",,"A",,"A",,"A"
"20132",2650412,50,0,"1","400","D","02","D",50,"D",,"A",,"A",,"A",,"A"
"20132",2650472,14,0,"1","410","D","03","D",18,"D",,"A",,"A",,"A",,"A"
"20132",2650492,36,0,"2","400","D","01","D",21,"D",,"A",,"A",,"A",,"A"
"20132",2650512,30,0,"1","400","D","01","D",12,"D",,"A",,"A",,"A",,"A"
"20132",2650512,31,0,"2","400","D","01","D",12,"D",,"A",,"A",,"A",,"A"
"20132",2650522,40,0,"1","410","D","03","D",45,"D",,"A",,"A",,"A",,"A"
"20132",2650522,41,0,"1","420","D","03","D",120,"D",,"A",,"A",,"A",,"A"
"20132",2650562,44,0,"1","410","D","01","D",35,"D",,"A",,"A",,"A",,"A"
"20132",2650572,50,0,"1","400","D","03","D",34,"D",,"A",,"A",,"A",,"A"
"20132",2650572,51,0,"1","420","D","02","D",84,"D",,"A",,"A",,"A",,"A"
"20132",2650572,52,0,"1","420","D","02","D",75,"D",,"A",,"A",,"A",,"A"
"20132",2650592,43,0,"1","410","D","01","D",47,"D",,"A",,"A",,"A",,"A"
"20132",2650702,56,0,"1","420","D","03","D",166,"D",,"A",,"A",,"A",,"A"
"20132",2650822,41,0,"1","420","D","02","D",115,"D",,"A",,"A",,"A",,"A"
"20132",2650902,20,0,"2","430","D","01","D",.,"H","400","D","415","D",,"A",,"A"
"20132",2650902,20,1,"2","400","D","01","D",15,"E",,"A",,"A",,"A",,"A"
"20132",2650902,20,2,"2","420","D","01","D",105,"E",,"A",,"A",,"A",,"A"
"20132",2651012,33,0,"1","420","D","02","D",200,"D",,"A",,"A",,"A",,"A"
"20132",2651022,38,0,"1","420","D","03","D",98,"D",,"A",,"A",,"A",,"A"
"20132",2651022,39,0,"1","420","D","02","D",98,"D",,"A",,"A",,"A",,"A"
"20132",2651112,80,0,"1","420","D","02","D",18,"D",,"A",,"A",,"A",,"A"
"20132",2651162,48,0,"1","405","D","01","D",280,"D",,"A",,"A",,"A",,"A"
"20132",2651162,49,0,"1","420","D","01","D",52,"D",,"A",,"A",,"A",,"A"
"20132",2651182,26,0,"1","420","D","03","D",125,"D",,"A",,"A",,"A",,"A"
"20132",2651192,38,0,"1","420","D","01","D",85,"D",,"A",,"A",,"A",,"A"
"20132",2651222,39,0,"1","420","D","02","D",235,"D",,"A",,"A",,"A",,"A"
"20132",2651242,45,0,"1","420","D","03","D",70,"D",,"A",,"A",,"A",,"A"
"20132",2651312,63,0,"1","420","D","02","D",359,"D",,"A",,"A",,"A",,"A"
"20132",2651372,26,0,"1","410","D","02","D",53,"D",,"A",,"A",,"A",,"A"
"20132",2651382,58,0,"1","400","D","02","D",30,"D",,"A",,"A",,"A",,"A"
"20132",2651382,59,0,"2","420","D","01","D",99,"D",,"A",,"A",,"A",,"A"
"20132",2651502,38,0,"1","410","D","03","D",27,"D",,"A",,"A",,"A",,"A"
"20132",2651552,46,0,"1","420","D","01","D",36,"D",,"A",,"A",,"A",,"A"
"20132",2651582,35,0,"1","410","D","02","D",30,"D",,"A",,"A",,"A",,"A"
"20132",2651582,36,0,"2","420","D","01","D",100,"F",,"A",,"A",,"A",,"A"
"20132",2651592,49,0,"1","420","D","01","D",47,"D",,"A",,"A",,"A",,"A"
"20132",2651622,48,0,"1","410","D","02","D",27,"D",,"A",,"A",,"A",,"A"
"20132",2651622,49,0,"1","420","D","02","D",63,"D",,"A",,"A",,"A",,"A"
"20132",2651622,50,0,"2","420","D","01","D",67,"D",,"A",,"A",,"A",,"A"
"20132",2651702,50,0,"1","400","D","03","D",4,"D",,"A",,"A",,"A",,"A"
"20132",2651732,28,0,"1","410","D","02","D",20,"D",,"A",,"A",,"A",,"A"
"20132",2651832,24,0,"1","400","D","02","D",55,"D",,"A",,"A",,"A",,"A"
"20132",2651832,25,0,"1","420","D","02","D",108,"D",,"A",,"A",,"A",,"A"
"20132",2651912,32,0,"1","420","D","02","D",42,"D",,"A",,"A",,"A",,"A"
"20132",2652082,19,0,"1","410","D","03","D",28,"D",,"A",,"A",,"A",,"A"
"20132",2652182,73,0,"1","430","D","02","D",.,"H","405","D","415","D",,"A",,"A"
"20132",2652182,73,1,"1","405","D","02","D",306,"E",,"A",,"A",,"A",,"A"
"20132",2652182,73,2,"1","420","D","02","D",234,"E",,"A",,"A",,"A",,"A"
"20132",2652262,63,0,"1","410","D","01","D",40,"D",,"A",,"A",,"A",,"A"
"20132",2652262,64,0,"1","420","D","01","D",100,"D",,"A",,"A",,"A",,"A"
"20132",2652292,57,0,"1","400","D","03","D",20,"D",,"A",,"A",,"A",,"A"
"20132",2652322,47,0,"1","420","D","03","D",276,"D",,"A",,"A",,"A",,"A"
"20132",2652322,48,0,"2","410","D","01","D",15,"D",,"A",,"A",,"A",,"A"
"20132",2652332,64,0,"1","420","D","03","D",69,"D",,"A",,"A",,"A",,"A"
"20132",2652402,28,0,"1","405","D","03","D",76,"D",,"A",,"A",,"A",,"A"
"20132",2652492,17,0,"1","420","D","03","D",20,"D",,"A",,"A",,"A",,"A"
"20132",2652502,27,0,"1","420","D","03","D",160,"D",,"A",,"A",,"A",,"A"
"20132",2652572,57,0,"1","410","D","02","D",5,"D",,"A",,"A",,"A",,"A"
"20132",2652572,58,0,"1","420","D","03","D",53,"D",,"A",,"A",,"A",,"A"
"20132",2652572,59,0,"2","420","D","01","D",80,"D",,"A",,"A",,"A",,"A"
"20132",2652622,47,0,"1","420","D","03","D",139,"D",,"A",,"A",,"A",,"A"
"20132",2652685,60,0,"1","420","D","02","D",91,"D",,"A",,"A",,"A",,"A"
"20132",2652685,61,0,"1","420","D","01","D",108,"D",,"A",,"A",,"A",,"A"
"20132",2652722,65,0,"1","400","D","03","D",24,"D",,"A",,"A",,"A",,"A"
"20132",2652722,66,0,"1","420","D","02","D",60,"D",,"A",,"A",,"A",,"A"
"20132",2652852,17,0,"1","410","D","01","D",75,"D",,"A",,"A",,"A",,"A"
"20132",2652862,40,0,"2","410","D","01","D",78,"D",,"A",,"A",,"A",,"A"
"20132",2652982,37,0,"1","410","D","01","D",20,"D",,"A",,"A",,"A",,"A"
"20132",2652982,38,0,"1","420","D","01","D",75,"D",,"A",,"A",,"A",,"A"
"20132",2652982,39,0,"2","410","D","01","D",16,"D",,"A",,"A",,"A",,"A"
"20132",2653052,27,0,"1","420","D","03","D",75,"D",,"A",,"A",,"A",,"A"
"20132",2653062,54,0,"1","410","D","03","D",30,"D",,"A",,"A",,"A",,"A"
"20132",2653062,55,0,"1","420","D","03","D",100,"D",,"A",,"A",,"A",,"A"
"20132",2653072,58,0,"1","410","D","03","D",45,"D",,"A",,"A",,"A",,"A"
"20132",2653102,41,0,"1","410","D","03","D",140,"D",,"A",,"A",,"A",,"A"
"20132",2653102,42,0,"1","420","D","03","D",140,"D",,"A",,"A",,"A",,"A"
"20132",2653192,47,0,"1","405","D","03","D",210,"D",,"A",,"A",,"A",,"A"
"20132",2653222,63,0,"1","410","D","02","D",20,"D",,"A",,"A",,"A",,"A"
"20132",2653312,54,0,"2","420","D","01","D",181,"D",,"A",,"A",,"A",,"A"
"20132",2653432,50,0,"1","420","D","01","D",220,"D",,"A",,"A",,"A",,"A"
"20132",2653454,62,0,"1","420","D","02","D",84,"D",,"A",,"A",,"A",,"A"
"20132",2653512,35,0,"1","410","D","01","D",27,"D",,"A",,"A",,"A",,"A"
"20132",2653512,36,0,"1","410","D","03","D",30,"D",,"A",,"A",,"A",,"A"
"20132",2653512,37,0,"1","420","D","01","D",30,"D",,"A",,"A",,"A",,"A"
"20132",2653572,45,0,"1","405","D","03","D",125,"D",,"A",,"A",,"A",,"A"
"20132",2653632,22,0,"1","420","D","02","D",50,"D",,"A",,"A",,"A",,"A"
"20132",2653632,23,0,"1","405","D","02","D",60,"F",,"A",,"A",,"A",,"A"
"20132",2653682,58,0,"1","410","D","03","D",15,"D",,"A",,"A",,"A",,"A"
"20132",2653682,59,0,"1","420","D","01","D",63,"D",,"A",,"A",,"A",,"A"
"20132",2653682,60,0,"2","420","D","01","D",64,"D",,"A",,"A",,"A",,"A"
"20132",2654132,29,0,"1","420","D","03","D",120,"D",,"A",,"A",,"A",,"A"
"20132",2654232,23,0,"1","420","D","02","D",30,"D",,"A",,"A",,"A",,"A"
"20132",2654312,30,0,"1","420","D","02","D",169,"D",,"A",,"A",,"A",,"A"
"20132",2654312,31,0,"1","420","D","02","D",93,"D",,"A",,"A",,"A",,"A"
"20132",2654392,58,0,"1","400","D","02","D",20,"D",,"A",,"A",,"A",,"A"
"20132",2654392,59,0,"1","420","D","02","D",120,"D",,"A",,"A",,"A",,"A"
"20132",2654432,30,0,"1","420","D","03","D",20,"D",,"A",,"A",,"A",,"A"
"20132",2654572,48,0,"1","410","D","02","D",14,"D",,"A",,"A",,"A",,"A"
"20132",2654592,45,0,"1","410","D","03","D",20,"D",,"A",,"A",,"A",,"A"
"20132",2654622,27,0,"1","410","D","03","D",50,"D",,"A",,"A",,"A",,"A"
"20132",2654722,19,0,"1","430","D","01","D",.,"H","415","D","410","D",,"A",,"A"
"20132",2654722,19,1,"1","420","D","01","D",206,"E",,"A",,"A",,"A",,"A"
"20132",2654722,19,2,"1","410","D","01","D",34,"E",,"A",,"A",,"A",,"A"
"20132",2654972,38,0,"2","420","D","01","D",98,"D",,"A",,"A",,"A",,"A"
"20132",2654982,18,0,"1","400","D","02","D",31,"D",,"A",,"A",,"A",,"A"
"20132",2654992,35,0,"1","420","D","02","D",212,"D",,"A",,"A",,"A",,"A"
"20132",2655212,36,0,"1","400","D","01","D",30,"D",,"A",,"A",,"A",,"A"
"20132",2655222,33,0,"1","410","D","03","D",48,"D",,"A",,"A",,"A",,"A"
"20132",2655232,37,0,"1","400","D","01","D",25,"D",,"A",,"A",,"A",,"A"
"20132",2655232,38,0,"1","420","D","03","D",80,"D",,"A",,"A",,"A",,"A"
"20132",2655242,40,0,"1","420","D","01","D",20,"D",,"A",,"A",,"A",,"A"
"20132",2655262,25,0,"1","410","D","03","D",12,"D",,"A",,"A",,"A",,"A"
"20132",2655262,26,0,"1","420","D","01","D",125,"D",,"A",,"A",,"A",,"A"
"20132",2655262,27,0,"1","420","D","01","D",125,"D",,"A",,"A",,"A",,"A"
"20132",2655412,72,0,"1","400","D","03","D",50,"D",,"A",,"A",,"A",,"A"
"20132",2655422,36,0,"1","420","D","02","D",55,"D",,"A",,"A",,"A",,"A"
"20132",2655422,37,0,"1","410","D","02","D",5,"D",,"A",,"A",,"A",,"A"
"20132",2655482,29,0,"1","400","D","02","D",26,"D",,"A",,"A",,"A",,"A"
"20132",2655572,77,0,"1","410","D","02","D",70,"D",,"A",,"A",,"A",,"A"
"20132",2655572,78,0,"1","420","D","01","D",36,"D",,"A",,"A",,"A",,"A"
"20132",2655622,43,0,"1","420","D","03","D",364,"D",,"A",,"A",,"A",,"A"
"20132",2655632,22,0,"1","420","D","02","D",49,"D",,"A",,"A",,"A",,"A"
"20132",2655642,36,0,"1","420","D","03","D",59,"D",,"A",,"A",,"A",,"A"
"20132",2655642,37,0,"1","420","D","03","D",36,"D",,"A",,"A",,"A",,"A"
"20132",2655642,38,0,"1","410","D","03","D",110,"D",,"A",,"A",,"A",,"A"
"20132",2655705,59,0,"1","420","D","03","D",400,"D",,"A",,"A",,"A",,"A"
"20132",2655732,26,0,"1","400","D","03","D",23,"D",,"A",,"A",,"A",,"A"
"20132",2655822,48,0,"2","410","D","01","D",15,"D",,"A",,"A",,"A",,"A"
"20132",2655862,24,0,"1","410","D","02","D",75,"D",,"A",,"A",,"A",,"A"
"20132",2655942,87,0,"1","420","D","03","D",360,"D",,"A",,"A",,"A",,"A"
"20132",2655942,88,0,"1","410","D","03","D",30,"D",,"A",,"A",,"A",,"A"
"20132",2656132,27,0,"1","420","D","02","D",43,"D",,"A",,"A",,"A",,"A"
"20132",2656192,38,0,"1","420","D","03","D",65,"D",,"A",,"A",,"A",,"A"
"20132",2656212,68,0,"1","420","D","03","D",140,"D",,"A",,"A",,"A",,"A"
"20132",2656222,57,0,"1","420","D","02","D",75,"D",,"A",,"A",,"A",,"A"
"20132",2656282,19,0,"1","420","D","02","D",140,"D",,"A",,"A",,"A",,"A"
"20132",2656362,37,0,"1","405","D","02","D",275,"D",,"A",,"A",,"A",,"A"
"20132",2656382,49,0,"1","420","D","01","D",12,"D",,"A",,"A",,"A",,"A"
"20132",2656432,36,0,"1","400","D","02","D",20,"D",,"A",,"A",,"A",,"A"
"20132",2656452,24,0,"1","420","D","02","D",48,"D",,"A",,"A",,"A",,"A"
"20132",2656552,75,0,"1","420","D","03","D",101,"D",,"A",,"A",,"A",,"A"
"20132",2656582,43,0,"1","420","D","03","D",220,"D",,"A",,"A",,"A",,"A"
"20132",2656612,29,0,"1","430","D","02","D",.,"H","400","D","415","D",,"A",,"A"
"20132",2656612,29,1,"1","400","D","02","D",2,"E",,"A",,"A",,"A",,"A"
"20132",2656612,29,2,"1","420","D","02","D",133,"E",,"A",,"A",,"A",,"A"
"20132",2656672,41,0,"2","420","D","01","D",32,"D",,"A",,"A",,"A",,"A"
"20132",2656722,45,0,"1","430","D","02","D",.,"H","415","D","400","D",,"A",,"A"
"20132",2656722,45,1,"1","420","D","02","D",113,"E",,"A",,"A",,"A",,"A"
"20132",2656722,45,2,"1","400","D","02","D",17,"E",,"A",,"A",,"A",,"A"
"20132",2656892,32,0,"1","400","D","03","D",40,"D",,"A",,"A",,"A",,"A"
"20132",2656892,33,0,"1","420","D","03","D",65,"D",,"A",,"A",,"A",,"A"
"20132",2657042,28,0,"1","420","D","03","D",66,"D",,"A",,"A",,"A",,"A"
"20132",2657092,39,0,"1","420","D","03","D",132,"D",,"A",,"A",,"A",,"A"
"20132",2657162,18,0,"1","400","D","01","D",20,"D",,"A",,"A",,"A",,"A"
"20132",2657172,40,0,"1","420","D","02","D",62,"D",,"A",,"A",,"A",,"A"
"20132",2657192,45,0,"1","420","D","03","D",54,"D",,"A",,"A",,"A",,"A"
"20132",2657192,46,0,"1","420","D","03","D",86,"D",,"A",,"A",,"A",,"A"
"20132",2657272,28,0,"1","420","D","03","D",72,"D",,"A",,"A",,"A",,"A"
"20132",2657272,29,0,"2","420","D","01","D",99,"D",,"A",,"A",,"A",,"A"
"20132",2657282,34,0,"1","430","D","03","D",.,"H","405","D","415","D",,"A",,"A"
"20132",2657282,34,1,"1","420","D","03","D",350,"E",,"A",,"A",,"A",,"A"
"20132",2657302,35,0,"1","410","D","02","D",20,"D",,"A",,"A",,"A",,"A"
"20132",2657302,36,0,"2","430","D","01","D",.,"H","410","D","415","D",,"A",,"A"
"20132",2657302,36,1,"2","410","D","01","D",42,"E",,"A",,"A",,"A",,"A"
"20132",2657302,36,2,"2","420","D","01","D",98,"E",,"A",,"A",,"A",,"A"
"20132",2657312,15,0,"1","400","D","03","D",15,"D",,"A",,"A",,"A",,"A"
"20132",2657372,29,0,"1","405","D","03","D",205,"D",,"A",,"A",,"A",,"A"
"20132",2657442,50,0,"1","420","D","02","D",400,"D",,"A",,"A",,"A",,"A"
"20132",2657532,38,0,"1","420","D","03","D",73,"D",,"A",,"A",,"A",,"A"
"20132",2657592,14,0,"1","410","D","03","D",21,"D",,"A",,"A",,"A",,"A"
"20132",2657682,20,0,"1","400","D","03","D",20,"D",,"A",,"A",,"A",,"A"
"20132",2657682,21,0,"1","420","D","03","D",70,"D",,"A",,"A",,"A",,"A"
"20132",2657682,22,0,"1","405","D","03","D",70,"D",,"A",,"A",,"A",,"A"
"20132",2657692,26,0,"1","420","D","03","D",30,"D",,"A",,"A",,"A",,"A"
"20132",2657862,25,0,"1","400","D","01","D",20,"D",,"A",,"A",,"A",,"A"
"20132",2657862,26,0,"1","420","D","01","D",340,"D",,"A",,"A",,"A",,"A"
"20132",2657862,27,0,"2","400","D","01","D",31,"D",,"A",,"A",,"A",,"A"
"20132",2657902,50,0,"1","410","D","01","D",29,"D",,"A",,"A",,"A",,"A"
"20132",2657902,51,0,"1","405","D","03","D",121,"D",,"A",,"A",,"A",,"A"
"20132",2657952,38,0,"1","410","D","02","D",35,"D",,"A",,"A",,"A",,"A"
"20132",2657982,18,0,"2","420","D","01","D",42,"D",,"A",,"A",,"A",,"A"
"20132",2658082,25,0,"1","420","D","03","D",100,"D",,"A",,"A",,"A",,"A"
"20132",2658122,18,0,"2","410","D","01","D",15,"D",,"A",,"A",,"A",,"A"
"20132",2658132,43,0,"1","420","D","02","D",37,"D",,"A",,"A",,"A",,"A"
"20132",2658132,44,0,"1","400","D","02","D",70,"D",,"A",,"A",,"A",,"A"
"20132",2658132,45,0,"1","410","D","02","D",16,"D",,"A",,"A",,"A",,"A"
"20132",2658182,48,0,"1","400","D","03","D",12,"D",,"A",,"A",,"A",,"A"
"20132",2658182,49,0,"1","420","D","03","D",120,"D",,"A",,"A",,"A",,"A"
"20132",2658482,50,0,"1","420","D","03","D",36,"D",,"A",,"A",,"A",,"A"
"20132",2658622,36,0,"1","420","D","03","D",200,"D",,"A",,"A",,"A",,"A"
"20132",2658712,24,0,"1","405","D","04","D",28,"D",,"A",,"A",,"A",,"A"
"20132",2658753,18,0,"2","400","D","02","D",26,"D",,"A",,"A",,"A",,"A"
"20132",2658812,28,0,"1","420","D","04","D",28,"D",,"A",,"A",,"A",,"A"
"20132",2658862,27,0,"1","420","D","02","D",80,"D",,"A",,"A",,"A",,"A"
"20132",2658922,64,0,"1","410","D","03","D",39,"D",,"A",,"A",,"A",,"A"
"20132",2658922,65,0,"1","410","D","03","D",39,"D",,"A",,"A",,"A",,"A"
"20132",2659022,88,0,"1","410","D","03","D",29,"D",,"A",,"A",,"A",,"A"
"20132",2659082,22,0,"1","420","D","03","D",80,"D",,"A",,"A",,"A",,"A"
"20132",2659302,17,0,"1","420","D","04","D",35,"D",,"A",,"A",,"A",,"A"
"20132",2659353,21,0,"1","420","D","02","D",39,"D",,"A",,"A",,"A",,"A"
"20132",2659402,20,0,"1","420","D","03","D",74,"D",,"A",,"A",,"A",,"A"
"20132",2659442,51,0,"1","405","D","02","D",140,"D",,"A",,"A",,"A",,"A"
"20132",2659462,70,0,"1","420","D","04","D",178,"D",,"A",,"A",,"A",,"A"
"20132",2659522,21,0,"1","410","D","03","D",32,"D",,"A",,"A",,"A",,"A"
"20132",2659552,56,0,"1","405","D","02","D",136,"D",,"A",,"A",,"A",,"A"
"20132",2659622,36,0,"1","400","D","04","D",23,"D",,"A",,"A",,"A",,"A"
"20132",2659622,37,0,"1","420","D","04","D",82,"D",,"A",,"A",,"A",,"A"
"20132",2659702,54,0,"1","405","D","04","D",114,"D",,"A",,"A",,"A",,"A"
"20132",2659732,76,0,"1","420","D","02","D",75,"D",,"A",,"A",,"A",,"A"
"20132",2659732,77,0,"1","420","D","02","D",75,"D",,"A",,"A",,"A",,"A"
"20132",2659732,78,0,"1","420","D","04","D",75,"D",,"A",,"A",,"A",,"A"
"20132",2659792,38,0,"2","420","D","02","D",90,"D",,"A",,"A",,"A",,"A"
"20132",2659892,32,0,"1","420","D","04","D",55,"D",,"A",,"A",,"A",,"A"
"20132",2660012,42,0,"1","405","D","04","D",300,"D",,"A",,"A",,"A",,"A"
"20132",2660272,70,0,"1","420","D","03","D",75,"D",,"A",,"A",,"A",,"A"
"20132",2660422,44,0,"1","405","D","03","D",190,"D",,"A",,"A",,"A",,"A"
"20132",2660532,31,0,"1","420","D","03","D",45,"D",,"A",,"A",,"A",,"A"
"20132",2660682,17,0,"1","420","D","04","D",59,"D",,"A",,"A",,"A",,"A"
"20132",2660692,42,0,"1","410","D","04","D",38,"D",,"A",,"A",,"A",,"A"
"20132",2660692,43,0,"1","420","D","04","D",90,"D",,"A",,"A",,"A",,"A"
"20132",2660912,32,0,"1","400","D","04","D",35,"D",,"A",,"A",,"A",,"A"
"20132",2660942,17,0,"1","420","D","02","D",456,"D",,"A",,"A",,"A",,"A"
"20132",2660992,20,0,"1","420","D","03","D",100,"D",,"A",,"A",,"A",,"A"
"20132",2661002,46,0,"2","410","D","02","D",14,"D",,"A",,"A",,"A",,"A"
"20132",2661282,17,0,"1","420","D","02","D",250,"D",,"A",,"A",,"A",,"A"
"20132",2661332,21,0,"2","420","D","02","D",45,"D",,"A",,"A",,"A",,"A"
"20132",2661502,44,0,"1","405","D","02","D",119,"D",,"A",,"A",,"A",,"A"
"20132",2661572,54,0,"1","400","D","04","D",29,"D",,"A",,"A",,"A",,"A"
"20132",2661572,55,0,"1","420","D","02","D",190,"D",,"A",,"A",,"A",,"A"
"20132",2661572,56,0,"2","420","D","02","D",290,"D",,"A",,"A",,"A",,"A"
"20132",2661592,61,0,"1","420","D","04","D",150,"D",,"A",,"A",,"A",,"A"
"20132",2661602,14,0,"1","420","D","02","D",55,"D",,"A",,"A",,"A",,"A"
"20132",2661692,34,0,"1","410","D","03","D",10,"D",,"A",,"A",,"A",,"A"
"20132",2661692,35,0,"2","410","D","02","D",10,"D",,"A",,"A",,"A",,"A"
"20132",2661762,53,0,"1","420","D","04","D",150,"D",,"A",,"A",,"A",,"A"
"20132",2661792,38,0,"1","420","D","04","D",67,"D",,"A",,"A",,"A",,"A"
"20132",2661952,67,0,"1","420","D","03","D",42,"D",,"A",,"A",,"A",,"A"
"20132",2661992,18,0,"2","420","D","02","D",87,"D",,"A",,"A",,"A",,"A"
"20132",2662234,35,0,"1","400","D","03","D",150,"D",,"A",,"A",,"A",,"A"
"20132",2662372,38,0,"1","430","D","03","D",.,"H","415","D","410","D",,"A",,"A"
"20132",2662372,38,1,"1","420","D","03","D",62,"E",,"A",,"A",,"A",,"A"
"20132",2662372,39,0,"1","420","D","04","D",142,"D",,"A",,"A",,"A",,"A"
"20132",2662412,72,0,"1","410","D","03","D",20,"D",,"A",,"A",,"A",,"A"
"20132",2662412,73,0,"1","420","D","04","D",384,"D",,"A",,"A",,"A",,"A"
"20132",2662442,43,0,"1","405","D","03","D",160,"D",,"A",,"A",,"A",,"A"
"20132",2662475,65,0,"1","420","D","02","D",200,"D",,"A",,"A",,"A",,"A"
"20132",2662482,34,0,"1","420","D","04","D",41,"D",,"A",,"A",,"A",,"A"
"20132",2662492,35,0,"1","400","D","04","D",50,"D",,"A",,"A",,"A",,"A"
"20132",2662492,36,0,"1","400","D","03","D",45,"D",,"A",,"A",,"A",,"A"
"20132",2662492,37,0,"1","400","D","04","D",45,"D",,"A",,"A",,"A",,"A"
"20132",2662492,38,0,"1","420","D","03","D",784,"D",,"A",,"A",,"A",,"A"
"20132",2662532,59,0,"1","420","D","03","D",278,"D",,"A",,"A",,"A",,"A"
"20132",2662532,60,0,"1","410","D","03","D",58,"D",,"A",,"A",,"A",,"A"
"20132",2662562,54,0,"1","420","D","02","D",350,"D",,"A",,"A",,"A",,"A"
"20132",2662762,53,0,"1","405","D","04","D",11,"D",,"A",,"A",,"A",,"A"
"20132",2662772,22,0,"1","410","D","02","D",20,"D",,"A",,"A",,"A",,"A"
"20132",2662892,31,0,"2","420","D","02","D",80,"D",,"A",,"A",,"A",,"A"
"20132",2662912,11,0,"1","400","D","03","D",25,"D",,"A",,"A",,"A",,"A"
"20132",2663112,24,0,"1","420","D","04","D",110,"D",,"A",,"A",,"A",,"A"
"20132",2663172,20,0,"2","420","D","02","D",109,"D",,"A",,"A",,"A",,"A"
"20132",2663212,73,0,"1","420","D","03","D",50,"D",,"A",,"A",,"A",,"A"
"20132",2663212,74,0,"1","405","D","02","D",400,"D",,"A",,"A",,"A",,"A"
"20132",2663272,83,0,"1","420","D","04","D",18,"D",,"A",,"A",,"A",,"A"
"20132",2663412,31,0,"1","420","D","03","D",69,"D",,"A",,"A",,"A",,"A"
"20132",2663412,32,0,"1","410","D","03","D",20,"D",,"A",,"A",,"A",,"A"
"20132",2663412,33,0,"2","400","D","02","D",25,"D",,"A",,"A",,"A",,"A"
"20132",2663442,32,0,"1","400","D","02","D",23,"D",,"A",,"A",,"A",,"A"
"20132",2663442,33,0,"1","420","D","02","D",70,"D",,"A",,"A",,"A",,"A"
"20132",2663462,24,0,"1","400","D","03","D",28,"D",,"A",,"A",,"A",,"A"
"20132",2663472,25,0,"2","420","D","02","D",36,"D",,"A",,"A",,"A",,"A"
"20132",2663652,53,0,"1","430","D","03","D",.,"H","425","D","415","D",,"A",,"A"
"20132",2663652,53,1,"1","420","D","03","D",25,"E",,"A",,"A",,"A",,"A"
"20132",2663652,53,2,"1","420","D","03","D",24,"E",,"A",,"A",,"A",,"A"
"20132",2663672,43,0,"1","420","D","03","D",90,"D",,"A",,"A",,"A",,"A"
"20132",2663712,17,0,"1","405","D","03","D",30,"D",,"A",,"A",,"A",,"A"
"20132",2663732,52,0,"1","400","D","04","D",55,"D",,"A",,"A",,"A",,"A"
"20132",2663762,59,0,"1","420","D","04","D",35,"D",,"A",,"A",,"A",,"A"
"20132",2663792,58,0,"2","410","D","02","D",60,"D",,"A",,"A",,"A",,"A"
"20132",2663792,59,0,"2","420","D","02","D",280,"D",,"A",,"A",,"A",,"A"
"20132",2663852,37,0,"2","420","D","02","D",160,"D",,"A",,"A",,"A",,"A"
"20132",2663872,31,0,"1","420","D","04","D",65,"D",,"A",,"A",,"A",,"A"
"20132",2663902,45,0,"1","420","D","03","D",400,"F",,"A",,"A",,"A",,"A"
"20132",2664122,38,0,"1","400","D","02","D",26,"D",,"A",,"A",,"A",,"A"
"20132",2664392,59,0,"1","420","D","04","D",73,"D",,"A",,"A",,"A",,"A"
"20132",2664442,53,0,"1","400","D","04","D",25,"D",,"A",,"A",,"A",,"A"
"20132",2664462,30,0,"1","420","D","03","D",97,"D",,"A",,"A",,"A",,"A"
"20132",2664472,51,0,"1","410","D","04","D",5,"D",,"A",,"A",,"A",,"A"
"20132",2664512,67,0,"1","400","D","04","D",26,"D",,"A",,"A",,"A",,"A"
"20132",2664512,68,0,"1","420","D","04","D",214,"D",,"A",,"A",,"A",,"A"
"20132",2664612,60,0,"1","430","D","02","D",.,"H","415","D","425","D","405","D","410","D"
"20132",2664612,60,1,"1","420","D","02","D",57,"E",,"A",,"A",,"A",,"A"
"20132",2664612,60,2,"1","405","D","02","D",283,"E",,"A",,"A",,"A",,"A"
"20132",2664612,60,3,"1","410","D","02","D",30,"E",,"A",,"A",,"A",,"A"
"20132",2664812,39,0,"1","420","D","04","D",134,"F",,"A",,"A",,"A",,"A"
"20132",2664942,39,0,"1","400","D","04","D",24,"D",,"A",,"A",,"A",,"A"
"20132",2664942,40,0,"1","420","D","04","D",143,"D",,"A",,"A",,"A",,"A"
"20132",2664952,60,0,"1","420","D","03","D",91,"D",,"A",,"A",,"A",,"A"
"20132",2665002,62,0,"1","420","D","04","D",75,"D",,"A",,"A",,"A",,"A"
"20132",2665032,39,0,"1","420","D","03","D",38,"D",,"A",,"A",,"A",,"A"
"20132",2665062,57,0,"1","420","D","03","D",125,"D",,"A",,"A",,"A",,"A"
"20132",2665132,44,0,"1","400","D","03","D",42,"D",,"A",,"A",,"A",,"A"
"20132",2665262,23,0,"1","420","D","03","D",69,"D",,"A",,"A",,"A",,"A"
"20132",2665272,49,0,"1","420","D","03","D",60,"D",,"A",,"A",,"A",,"A"
"20132",2665272,50,0,"2","420","D","02","D",60,"F",,"A",,"A",,"A",,"A"
"20132",2665302,38,0,"1","410","D","04","D",38,"D",,"A",,"A",,"A",,"A"
"20132",2665382,14,0,"1","420","D","03","D",180,"D",,"A",,"A",,"A",,"A"
"20132",2665435,30,0,"1","400","D","02","D",70,"D",,"A",,"A",,"A",,"A"
"20132",2665442,38,0,"1","420","D","03","D",160,"F",,"A",,"A",,"A",,"A"
"20132",2665542,49,0,"1","410","D","03","D",52,"D",,"A",,"A",,"A",,"A"
"20132",2665562,34,0,"1","420","D","02","D",80,"D",,"A",,"A",,"A",,"A"
"20132",2665572,64,0,"1","420","D","04","D",30,"D",,"A",,"A",,"A",,"A"
"20132",2665602,34,0,"1","400","D","03","D",60,"D",,"A",,"A",,"A",,"A"
"20132",2665672,33,0,"1","400","D","02","D",110,"D",,"A",,"A",,"A",,"A"
"20132",2665702,31,0,"1","400","D","03","D",26,"D",,"A",,"A",,"A",,"A"
"20132",2665702,32,0,"1","410","D","03","D",13,"D",,"A",,"A",,"A",,"A"
"20132",2665702,33,0,"1","420","D","03","D",65,"D",,"A",,"A",,"A",,"A"
"20132",2665762,46,0,"2","400","D","02","D",40,"D",,"A",,"A",,"A",,"A"
"20132",2665852,38,0,"1","410","D","04","D",70,"D",,"A",,"A",,"A",,"A"
"20132",2666002,36,0,"1","420","D","04","D",70,"D",,"A",,"A",,"A",,"A"
"20132",2666102,48,0,"1","420","D","02","D",216,"D",,"A",,"A",,"A",,"A"
"20132",2666132,32,0,"1","400","D","02","D",35,"D",,"A",,"A",,"A",,"A"
"20132",2666452,34,0,"2","410","D","02","D",14,"D",,"A",,"A",,"A",,"A"
"20132",2666612,36,0,"1","420","D","03","D",98,"D",,"A",,"A",,"A",,"A"
"20132",2666882,33,0,"2","420","D","02","D",42,"D",,"A",,"A",,"A",,"A"
"20132",2666942,47,0,"1","420","D","02","D",200,"D",,"A",,"A",,"A",,"A"
"20132",2666952,32,0,"2","420","D","02","D",99,"D",,"A",,"A",,"A",,"A"
"20132",2667094,39,0,"1","420","D","04","D",361,"D",,"A",,"A",,"A",,"A"
"20132",2667122,61,0,"1","420","D","04","D",50,"D",,"A",,"A",,"A",,"A"
"20132",2667122,62,0,"1","405","D","04","D",300,"D",,"A",,"A",,"A",,"A"
"20132",2667132,38,0,"1","420","D","02","D",75,"D",,"A",,"A",,"A",,"A"
"20132",2667132,39,0,"1","420","D","04","D",110,"D",,"A",,"A",,"A",,"A"
"20132",2667142,47,0,"2","430","D","02","D",.,"H","425","D","415","D",,"A",,"A"
"20132",2667142,47,1,"2","420","D","02","D",52,"E",,"A",,"A",,"A",,"A"
"20132",2667142,47,2,"2","420","D","02","D",48,"E",,"A",,"A",,"A",,"A"
"20132",2667202,40,0,"1","420","D","04","D",70,"D",,"A",,"A",,"A",,"A"
"20132",2667202,41,0,"1","420","D","04","D",35,"D",,"A",,"A",,"A",,"A"
"20132",2667312,59,0,"1","420","D","04","D",300,"D",,"A",,"A",,"A",,"A"
"20132",2667332,58,0,"1","420","D","03","D",700,"D",,"A",,"A",,"A",,"A"
"20132",2667332,59,0,"1","420","D","03","D",40,"D",,"A",,"A",,"A",,"A"
"20132",2667332,60,0,"1","420","D","03","D",40,"D",,"A",,"A",,"A",,"A"
"20132",2667332,61,0,"1","420","D","03","D",40,"D",,"A",,"A",,"A",,"A"
"20132",2667412,19,0,"1","420","D","04","D",180,"D",,"A",,"A",,"A",,"A"
"20132",2667512,43,0,"1","420","D","04","D",110,"D",,"A",,"A",,"A",,"A"
"20132",2667522,67,0,"2","400","D","02","D",30,"D",,"A",,"A",,"A",,"A"
"20132",2667582,49,0,"1","420","D","02","D",72,"D",,"A",,"A",,"A",,"A"
"20132",2667652,42,0,"1","410","D","04","D",39,"D",,"A",,"A",,"A",,"A"
"20132",2667652,43,0,"1","420","D","04","D",224,"D",,"A",,"A",,"A",,"A"
"20132",2667662,31,0,"1","410","D","04","D",16,"D",,"A",,"A",,"A",,"A"
"20132",2667722,72,0,"1","420","D","03","D",178,"D",,"A",,"A",,"A",,"A"
"20132",2667822,65,0,"1","420","D","02","D",42,"D",,"A",,"A",,"A",,"A"
"20132",2667862,29,0,"1","430","D","04","D",.,"H","405","D","425","D",,"A",,"A"
"20132",2667862,29,1,"1","405","D","04","D",435,"E",,"A",,"A",,"A",,"A"
"20132",2667872,37,0,"1","420","D","02","D",279,"D",,"A",,"A",,"A",,"A"
"20132",2668102,22,0,"1","400","D","04","D",36,"D",,"A",,"A",,"A",,"A"
"20132",2668102,23,0,"1","410","D","04","D",50,"D",,"A",,"A",,"A",,"A"
"20132",2668132,43,0,"1","420","D","02","D",150,"D",,"A",,"A",,"A",,"A"
"20132",2668132,44,0,"2","410","D","02","D",100,"D",,"A",,"A",,"A",,"A"
"20132",2668132,45,0,"2","420","D","02","D",39,"D",,"A",,"A",,"A",,"A"
"20132",2668182,48,0,"1","400","D","04","D",35,"D",,"A",,"A",,"A",,"A"
"20132",2668182,49,0,"1","420","D","04","D",130,"D",,"A",,"A",,"A",,"A"
"20132",2668192,40,0,"1","420","D","04","D",170,"D",,"A",,"A",,"A",,"A"
"20132",2668212,40,0,"2","420","D","02","D",130,"D",,"A",,"A",,"A",,"A"
"20132",2668212,41,0,"2","400","D","02","D",35,"D",,"A",,"A",,"A",,"A"
"20132",2668232,25,0,"1","420","D","04","D",96,"D",,"A",,"A",,"A",,"A"
"20132",2668292,59,0,"1","420","D","03","D",54,"D",,"A",,"A",,"A",,"A"
"20132",2668422,36,0,"1","420","D","02","D",33,"D",,"A",,"A",,"A",,"A"
"20132",2668432,27,0,"1","430","D","03","D",.,"H","415","D","410","D",,"A",,"A"
"20132",2668432,27,1,"1","420","D","03","D",81,"E",,"A",,"A",,"A",,"A"
"20132",2668432,27,2,"1","410","D","03","D",84,"E",,"A",,"A",,"A",,"A"
"20132",2668452,36,0,"1","410","D","04","D",37,"D",,"A",,"A",,"A",,"A"
"20132",2668502,34,0,"1","420","D","03","D",115,"D",,"A",,"A",,"A",,"A"
"20132",2668582,55,0,"1","420","D","02","D",300,"D",,"A",,"A",,"A",,"A"
"20132",2668662,61,0,"1","430","D","04","D",.,"H","425","D","415","D",,"A",,"A"
"20132",2668662,61,1,"1","400","D","04","D",20,"F",,"A",,"A",,"A",,"A"
"20132",2668662,61,2,"1","420","D","04","D",60,"F",,"A",,"A",,"A",,"A"
"20132",2668662,62,0,"2","400","D","02","D",13,"D",,"A",,"A",,"A",,"A"
"20132",2668732,47,0,"1","420","D","02","D",80,"D",,"A",,"A",,"A",,"A"
"20132",2668732,48,0,"2","420","D","02","D",480,"F",,"A",,"A",,"A",,"A"
"20132",2668762,54,0,"1","420","D","04","D",293,"D",,"A",,"A",,"A",,"A"
"20132",2668902,45,0,"1","420","D","04","D",200,"D",,"A",,"A",,"A",,"A"
"20132",2668922,40,0,"1","410","D","04","D",14,"F",,"A",,"A",,"A",,"A"
"20132",2668982,25,0,"1","400","D","04","D",12,"D",,"A",,"A",,"A",,"A"
"20132",2668992,51,0,"1","400","D","04","D",250,"D",,"A",,"A",,"A",,"A"
"20132",2668992,52,0,"1","410","D","03","D",35,"D",,"A",,"A",,"A",,"A"
"20132",2669042,22,0,"1","410","D","05","D",55,"D",,"A",,"A",,"A",,"A"
"20132",2669042,23,0,"1","420","D","05","D",100,"D",,"A",,"A",,"A",,"A"
"20132",2669082,48,0,"1","410","D","04","D",70,"D",,"A",,"A",,"A",,"A"
"20132",2669082,49,0,"1","420","D","05","D",114,"D",,"A",,"A",,"A",,"A"
"20132",2669212,46,0,"2","400","D","03","D",33,"D",,"A",,"A",,"A",,"A"
"20132",2669222,19,0,"1","420","D","05","D",83,"D",,"A",,"A",,"A",,"A"
"20132",2669272,22,0,"1","430","D","05","D",.,"H","415","D","400","D",,"A",,"A"
"20132",2669272,22,1,"1","420","D","05","D",71,"E",,"A",,"A",,"A",,"A"
"20132",2669272,22,2,"1","400","D","05","D",29,"E",,"A",,"A",,"A",,"A"
"20132",2669442,46,0,"2","420","D","03","D",37,"D",,"A",,"A",,"A",,"A"
"20132",2669462,27,0,"1","420","D","04","D",50,"D",,"A",,"A",,"A",,"A"
"20132",2669472,48,0,"1","420","D","05","D",60,"D",,"A",,"A",,"A",,"A"
"20132",2669502,64,0,"1","400","D","05","D",4,"D",,"A",,"A",,"A",,"A"
"20132",2669552,21,0,"1","400","D","05","D",28,"D",,"A",,"A",,"A",,"A"
"20132",2669552,22,0,"1","410","D","05","D",18,"D",,"A",,"A",,"A",,"A"
"20132",2669592,32,0,"2","420","D","03","D",65,"D",,"A",,"A",,"A",,"A"
"20132",2669592,33,0,"2","410","D","03","D",28,"D",,"A",,"A",,"A",,"A"
"20132",2669752,49,0,"1","410","D","05","D",20,"D",,"A",,"A",,"A",,"A"
"20132",2669792,56,0,"1","430","D","03","D",.,"H","410","D","400","D",,"A",,"A"
"20132",2669792,56,1,"1","410","D","03","D",34,"E",,"A",,"A",,"A",,"A"
"20132",2669792,56,2,"1","400","D","03","D",16,"E",,"A",,"A",,"A",,"A"
"20132",2669792,57,0,"1","410","D","03","D",75,"D",,"A",,"A",,"A",,"A"
"20132",2669842,53,0,"1","400","D","03","D",29,"D",,"A",,"A",,"A",,"A"
"20132",2669842,54,0,"1","420","D","05","D",155,"D",,"A",,"A",,"A",,"A"
"20132",2669862,57,0,"1","410","D","05","D",40,"D",,"A",,"A",,"A",,"A"
"20132",2669902,45,0,"1","420","D","05","D",108,"D",,"A",,"A",,"A",,"A"
"20132",2669955,20,0,"1","410","D","04","D",60,"D",,"A",,"A",,"A",,"A"
"20132",2669955,21,0,"1","420","D","04","D",36,"D",,"A",,"A",,"A",,"A"
"20132",2670072,25,0,"2","420","D","03","D",85,"D",,"A",,"A",,"A",,"A"
"20132",2670082,24,0,"1","410","D","05","D",40,"D",,"A",,"A",,"A",,"A"
"20132",2670102,73,0,"1","420","D","05","D",64,"D",,"A",,"A",,"A",,"A"
"20132",2670102,74,0,"1","420","D","04","D",64,"D",,"A",,"A",,"A",,"A"
"20132",2670122,42,0,"1","420","D","05","D",100,"D",,"A",,"A",,"A",,"A"
"20132",2670182,53,0,"1","420","D","05","D",50,"D",,"A",,"A",,"A",,"A"
"20132",2670202,10,0,"1","420","D","05","D",60,"D",,"A",,"A",,"A",,"A"
"20132",2670234,23,0,"2","420","D","03","D",100,"D",,"A",,"A",,"A",,"A"
"20132",2670234,24,0,"2","410","D","03","D",87,"D",,"A",,"A",,"A",,"A"
"20132",2670242,42,0,"2","400","D","03","D",32,"D",,"A",,"A",,"A",,"A"
"20132",2670282,31,0,"1","410","D","05","D",18,"D",,"A",,"A",,"A",,"A"
"20132",2670342,38,0,"1","420","D","04","D",215,"D",,"A",,"A",,"A",,"A"
"20132",2670622,32,0,"1","400","D","05","D",40,"D",,"A",,"A",,"A",,"A"
"20132",2670712,23,0,"2","420","D","03","D",83,"D",,"A",,"A",,"A",,"A"
"20132",2670732,42,0,"1","400","D","04","D",10,"D",,"A",,"A",,"A",,"A"
"20132",2670732,43,0,"1","420","D","04","D",48,"D",,"A",,"A",,"A",,"A"
"20132",2670772,17,0,"1","400","D","04","D",79,"D",,"A",,"A",,"A",,"A"
"20132",2670992,56,0,"1","405","D","04","D",400,"D",,"A",,"A",,"A",,"A"
"20132",2671162,26,0,"1","410","D","03","D",141,"D",,"A",,"A",,"A",,"A"
"20132",2671162,27,0,"1","410","D","03","D",159,"D",,"A",,"A",,"A",,"A"
"20132",2671232,65,0,"2","420","D","03","D",36,"D",,"A",,"A",,"A",,"A"
"20132",2671252,40,0,"2","410","D","03","D",16,"D",,"A",,"A",,"A",,"A"
"20132",2671352,54,0,"1","420","D","03","D",124,"D",,"A",,"A",,"A",,"A"
"20132",2671442,60,0,"1","410","D","05","D",45,"D",,"A",,"A",,"A",,"A"
"20132",2671442,61,0,"1","420","D","05","D",290,"D",,"A",,"A",,"A",,"A"
"20132",2671732,35,0,"2","420","D","03","D",79,"D",,"A",,"A",,"A",,"A"
"20132",2671752,29,0,"2","410","D","03","D",26,"D",,"A",,"A",,"A",,"A"
"20132",2671762,48,0,"1","410","D","05","D",39,"D",,"A",,"A",,"A",,"A"
"20132",2671762,49,0,"1","405","D","05","D",679,"D",,"A",,"A",,"A",,"A"
"20132",2671862,32,0,"1","420","D","05","D",64,"D",,"A",,"A",,"A",,"A"
"20132",2671992,32,0,"1","400","D","03","D",28,"F",,"A",,"A",,"A",,"A"
"20132",2671992,33,0,"1","420","D","05","D",75,"D",,"A",,"A",,"A",,"A"
"20132",2672012,33,0,"1","420","D","04","D",125,"D",,"A",,"A",,"A",,"A"
"20132",2672032,33,0,"1","400","D","05","D",32,"D",,"A",,"A",,"A",,"A"
"20132",2672062,33,0,"1","420","D","03","D",60,"D",,"A",,"A",,"A",,"A"
"20132",2672072,55,0,"1","410","D","04","D",55,"D",,"A",,"A",,"A",,"A"
"20132",2672172,73,0,"1","400","D","05","D",13,"D",,"A",,"A",,"A",,"A"
"20132",2672322,45,0,"1","410","D","05","D",62,"D",,"A",,"A",,"A",,"A"
"20132",2672442,24,0,"1","420","D","04","D",165,"D",,"A",,"A",,"A",,"A"
"20132",2672522,52,0,"1","420","D","05","D",57,"D",,"A",,"A",,"A",,"A"
"20132",2672522,53,0,"1","420","D","05","D",103,"D",,"A",,"A",,"A",,"A"
"20132",2672652,15,0,"1","420","D","04","D",99,"D",,"A",,"A",,"A",,"A"
"20132",2672662,36,0,"2","420","D","03","D",41,"D",,"A",,"A",,"A",,"A"
"20132",2672692,21,0,"1","410","D","05","D",35,"D",,"A",,"A",,"A",,"A"
"20132",2672732,95,0,"1","420","D","05","D",140,"D",,"A",,"A",,"A",,"A"
"20132",2672832,41,0,"1","410","D","05","D",45,"D",,"A",,"A",,"A",,"A"
"20132",2672992,43,0,"1","420","D","05","D",90,"D",,"A",,"A",,"A",,"A"
"20132",2673062,65,0,"1","410","D","03","D",75,"D",,"A",,"A",,"A",,"A"
"20132",2673062,66,0,"1","420","D","03","D",36,"D",,"A",,"A",,"A",,"A"
"20132",2673062,67,0,"1","420","D","04","D",6,"D",,"A",,"A",,"A",,"A"
"20132",2673092,63,0,"2","420","D","03","D",180,"D",,"A",,"A",,"A",,"A"
"20132",2673132,43,0,"1","420","D","04","D",55,"D",,"A",,"A",,"A",,"A"
"20132",2673172,36,0,"1","430","D","04","D",.,"H","415","D","400","D",,"A",,"A"
"20132",2673172,36,1,"1","420","D","04","D",169,"E",,"A",,"A",,"A",,"A"
"20132",2673172,36,2,"1","400","D","04","D",26,"E",,"A",,"A",,"A",,"A"
"20132",2673192,33,0,"1","400","D","05","D",55,"D",,"A",,"A",,"A",,"A"
"20132",2673272,31,0,"2","400","D","03","D",35,"D",,"A",,"A",,"A",,"A"
"20132",2673302,25,0,"1","420","D","04","D",150,"D",,"A",,"A",,"A",,"A"
"20132",2673362,36,0,"1","420","D","05","D",72,"D",,"A",,"A",,"A",,"A"
"20132",2673392,85,0,"1","400","D","05","D",29,"D",,"A",,"A",,"A",,"A"
"20132",2673452,29,0,"1","410","D","04","D",165,"D",,"A",,"A",,"A",,"A"
"20132",2673452,30,0,"1","420","D","04","D",65,"D",,"A",,"A",,"A",,"A"
"20132",2673522,85,0,"1","420","D","03","D",338,"D",,"A",,"A",,"A",,"A"
"20132",2673532,33,0,"2","420","D","03","D",58,"D",,"A",,"A",,"A",,"A"
"20132",2673542,50,0,"1","420","D","04","D",120,"D",,"A",,"A",,"A",,"A"
"20132",2673582,34,0,"1","420","D","04","D",72,"D",,"A",,"A",,"A",,"A"
"20132",2673612,21,0,"1","420","D","03","D",300,"D",,"A",,"A",,"A",,"A"
"20132",2673702,36,0,"1","410","D","05","D",55,"D",,"A",,"A",,"A",,"A"
"20132",2673702,37,0,"2","420","D","03","D",36,"D",,"A",,"A",,"A",,"A"
"20132",2673772,52,0,"1","420","D","03","D",101,"D",,"A",,"A",,"A",,"A"
"20132",2673872,42,0,"1","420","D","04","D",65,"D",,"A",,"A",,"A",,"A"
"20132",2673882,42,0,"1","420","D","03","D",190,"D",,"A",,"A",,"A",,"A"
"20132",2673952,29,0,"1","420","D","05","D",46,"D",,"A",,"A",,"A",,"A"
"20132",2673962,30,0,"1","420","D","03","D",250,"D",,"A",,"A",,"A",,"A"
"20132",2673982,39,0,"1","420","D","04","D",80,"D",,"A",,"A",,"A",,"A"
"20132",2674152,43,0,"1","420","D","04","D",210,"D",,"A",,"A",,"A",,"A"
"20132",2674352,53,0,"1","420","D","04","D",75,"D",,"A",,"A",,"A",,"A"
"20132",2674582,48,0,"1","410","D","05","D",20,"D",,"A",,"A",,"A",,"A"
"20132",2674632,56,0,"1","410","D","04","D",87,"D",,"A",,"A",,"A",,"A"
"20132",2674632,57,0,"1","420","D","04","D",100,"D",,"A",,"A",,"A",,"A"
"20132",2674632,58,0,"1","405","D","04","D",140,"D",,"A",,"A",,"A",,"A"
"20132",2674712,56,0,"1","420","D","04","D",75,"D",,"A",,"A",,"A",,"A"
"20132",2674802,47,0,"2","420","D","03","D",99,"D",,"A",,"A",,"A",,"A"
"20132",2674852,50,0,"1","420","D","04","D",52,"D",,"A",,"A",,"A",,"A"
"20132",2675002,56,0,"1","420","D","05","D",180,"D",,"A",,"A",,"A",,"A"
"20132",2675062,51,0,"1","420","D","03","D",120,"D",,"A",,"A",,"A",,"A"
"20132",2675232,18,0,"1","400","D","03","D",28,"D",,"A",,"A",,"A",,"A"
"20132",2675402,19,0,"1","400","D","04","D",40,"D",,"A",,"A",,"A",,"A"
"20132",2675432,33,0,"1","430","D","04","D",.,"H","410","D","415","D",,"A",,"A"
"20132",2675432,33,1,"1","410","D","04","D",22,"E",,"A",,"A",,"A",,"A"
"20132",2675432,33,2,"1","420","D","04","D",54,"E",,"A",,"A",,"A",,"A"
"20132",2675512,45,0,"1","420","D","05","D",155,"D",,"A",,"A",,"A",,"A"
"20132",2675532,28,0,"1","410","D","05","D",15,"D",,"A",,"A",,"A",,"A"
"20132",2675562,26,0,"1","420","D","05","D",127,"D",,"A",,"A",,"A",,"A"
"20132",2675642,51,0,"1","400","D","04","D",25,"D",,"A",,"A",,"A",,"A"
"20132",2675672,36,0,"1","420","D","03","D",400,"D",,"A",,"A",,"A",,"A"
"20132",2675762,40,0,"1","400","D","05","D",31,"D",,"A",,"A",,"A",,"A"
"20132",2675762,41,0,"2","420","D","03","D",822,"D",,"A",,"A",,"A",,"A"
"20132",2675762,42,0,"2","410","D","03","D",110,"D",,"A",,"A",,"A",,"A"
"20132",2675792,54,0,"1","420","D","04","D",43,"D",,"A",,"A",,"A",,"A"
"20132",2675892,51,0,"1","420","D","05","D",170,"D",,"A",,"A",,"A",,"A"
"20132",2675922,35,0,"1","410","D","04","D",28,"D",,"A",,"A",,"A",,"A"
"20132",2675932,28,0,"1","420","D","05","D",450,"D",,"A",,"A",,"A",,"A"
"20132",2676072,32,0,"1","420","D","04","D",110,"D",,"A",,"A",,"A",,"A"
"20132",2676222,70,0,"1","420","D","05","D",75,"D",,"A",,"A",,"A",,"A"
"20132",2676242,22,0,"1","410","D","04","D",28,"D",,"A",,"A",,"A",,"A"
"20132",2676242,23,0,"1","420","D","04","D",22,"D",,"A",,"A",,"A",,"A"
"20132",2676512,17,0,"1","410","D","05","D",50,"D",,"A",,"A",,"A",,"A"
"20132",2676532,28,0,"1","410","D","04","D",24,"D",,"A",,"A",,"A",,"A"
"20132",2676532,29,0,"2","420","D","03","D",32,"D",,"A",,"A",,"A",,"A"
"20132",2676552,47,0,"1","410","D","05","D",20,"D",,"A",,"A",,"A",,"A"
"20132",2676552,48,0,"1","420","D","05","D",25,"D",,"A",,"A",,"A",,"A"
"20132",2676653,34,0,"2","420","D","03","D",113,"D",,"A",,"A",,"A",,"A"
"20132",2676752,48,0,"1","400","D","05","D",10,"D",,"A",,"A",,"A",,"A"
"20132",2676852,38,0,"1","420","D","04","D",80,"D",,"A",,"A",,"A",,"A"
"20132",2676912,51,0,"1","420","D","05","D",99,"D",,"A",,"A",,"A",,"A"
"20132",2676962,65,0,"1","420","D","03","D",300,"D",,"A",,"A",,"A",,"A"
"20132",2676992,39,0,"1","430","D","05","D",.,"H","410","D","415","D",,"A",,"A"
"20132",2676992,39,1,"1","410","D","05","D",38,"E",,"A",,"A",,"A",,"A"
"20132",2676992,39,2,"1","420","D","05","D",147,"E",,"A",,"A",,"A",,"A"
"20132",2677002,49,0,"1","405","D","03","D",464,"D",,"A",,"A",,"A",,"A"
"20132",2677002,50,0,"1","400","D","05","D",66,"D",,"A",,"A",,"A",,"A"
"20132",2677012,26,0,"2","410","D","03","D",37,"D",,"A",,"A",,"A",,"A"
"20132",2677012,27,0,"2","420","D","03","D",103,"D",,"A",,"A",,"A",,"A"
"20132",2677192,48,0,"2","420","D","03","D",480,"D",,"A",,"A",,"A",,"A"
"20132",2677222,39,0,"1","420","D","05","D",100,"D",,"A",,"A",,"A",,"A"
"20132",2677222,40,0,"2","420","D","03","D",98,"D",,"A",,"A",,"A",,"A"
"20132",2677272,40,0,"1","420","D","05","D",101,"D",,"A",,"A",,"A",,"A"
"20132",2677332,17,0,"2","410","D","03","D",15,"D",,"A",,"A",,"A",,"A"
"20132",2677352,90,0,"1","420","D","03","D",100,"D",,"A",,"A",,"A",,"A"
"20132",2677412,24,0,"1","400","D","03","D",24,"D",,"A",,"A",,"A",,"A"
"20132",2677472,61,0,"1","420","D","05","D",30,"D",,"A",,"A",,"A",,"A"
"20132",2677582,41,0,"1","410","D","05","D",60,"D",,"A",,"A",,"A",,"A"
"20132",2677752,61,0,"1","430","D","05","D",.,"H","425","D","415","D",,"A",,"A"
"20132",2677752,61,1,"1","400","D","05","D",50,"F",,"A",,"A",,"A",,"A"
"20132",2677752,61,2,"1","405","D","05","D",218,"F",,"A",,"A",,"A",,"A"
"20132",2677752,62,0,"1","400","D","05","D",24,"F",,"A",,"A",,"A",,"A"
"20132",2677792,30,0,"2","420","D","03","D",140,"D",,"A",,"A",,"A",,"A"
"20132",2677812,57,0,"1","420","D","04","D",88,"D",,"A",,"A",,"A",,"A"
"20132",2677812,58,0,"1","420","D","05","D",195,"D",,"A",,"A",,"A",,"A"
"20132",2677882,32,0,"1","420","D","05","D",102,"D",,"A",,"A",,"A",,"A"
"20132",2677972,87,0,"2","420","D","03","D",30,"D",,"A",,"A",,"A",,"A"
"20132",2678104,20,0,"1","400","D","04","D",33,"D",,"A",,"A",,"A",,"A"
"20132",2678132,19,0,"1","400","D","03","D",15,"D",,"A",,"A",,"A",,"A"
"20132",2678132,20,0,"1","420","D","05","D",120,"D",,"A",,"A",,"A",,"A"
"20132",2678272,39,0,"1","420","D","05","D",85,"D",,"A",,"A",,"A",,"A"
"20132",2678342,40,0,"1","420","D","04","D",80,"D",,"A",,"A",,"A",,"A"
"20132",2678342,41,0,"1","405","D","05","D",74,"D",,"A",,"A",,"A",,"A"
"20132",2678372,37,0,"1","405","D","05","D",40,"D",,"A",,"A",,"A",,"A"
"20132",2678512,35,0,"1","420","D","04","D",80,"D",,"A",,"A",,"A",,"A"
"20132",2678512,36,0,"1","420","D","04","D",90,"D",,"A",,"A",,"A",,"A"
"20132",2678662,26,0,"1","420","D","05","D",20,"D",,"A",,"A",,"A",,"A"
"20132",2678682,26,0,"1","410","D","04","D",16,"D",,"A",,"A",,"A",,"A"
"20132",2678792,41,0,"1","420","D","04","D",55,"D",,"A",,"A",,"A",,"A"
"20132",2679232,44,0,"2","410","D","03","D",59,"D",,"A",,"A",,"A",,"A"
"20132",2679272,37,0,"2","400","D","03","D",25,"D",,"A",,"A",,"A",,"A"
"20132",2679272,38,0,"2","420","D","03","D",64,"D",,"A",,"A",,"A",,"A"
"20132",2679332,43,0,"1","420","D","05","D",274,"D",,"A",,"A",,"A",,"A"
"20132",2679375,16,0,"1","410","D","05","D",40,"D",,"A",,"A",,"A",,"A"
"20132",2679432,69,0,"1","400","D","05","D",11,"D",,"A",,"A",,"A",,"A"
"20132",2679432,70,0,"1","420","D","04","D",200,"D",,"A",,"A",,"A",,"A"
"20132",2679442,71,0,"1","400","D","03","D",23,"D",,"A",,"A",,"A",,"A"
"20132",2679502,47,0,"1","400","D","05","D",35,"D",,"A",,"A",,"A",,"A"
"20132",2679502,48,0,"1","420","D","05","D",156,"D",,"A",,"A",,"A",,"A"
"20132",2679552,17,0,"1","420","D","05","D",60,"D",,"A",,"A",,"A",,"A"
"20132",2679692,30,0,"1","420","D","05","D",400,"D",,"A",,"A",,"A",,"A"
"20132",2679802,61,0,"2","400","D","03","D",12,"D",,"A",,"A",,"A",,"A"
"20132",2679812,18,0,"1","420","D","04","D",149,"D",,"A",,"A",,"A",,"A"
"20132",2679865,95,0,"2","420","D","03","D",72,"D",,"A",,"A",,"A",,"A"
"20132",2679882,29,0,"1","400","D","04","D",16,"D",,"A",,"A",,"A",,"A"
"20132",2679892,29,0,"1","420","D","05","D",100,"D",,"A",,"A",,"A",,"A"
"20132",2679962,23,0,"1","400","D","05","D",50,"D",,"A",,"A",,"A",,"A"
"20132",2680042,25,0,"1","420","D","04","D",92,"D",,"A",,"A",,"A",,"A"
"20132",2680192,43,0,"1","420","D","03","D",78,"D",,"A",,"A",,"A",,"A"
"20132",2680192,44,0,"1","420","D","05","D",78,"D",,"A",,"A",,"A",,"A"
"20132",2680202,35,0,"2","410","D","03","D",44,"D",,"A",,"A",,"A",,"A"
"20132",2683143,35,0,"1","420","D","01","D",130,"D",,"A",,"A",,"A",,"A"
"20132",2683944,20,0,"1","420","D","01","D",200,"D",,"A",,"A",,"A",,"A"
"20132",2684935,23,0,"1","400","D","02","D",21,"D",,"A",,"A",,"A",,"A"
"20132",2684935,24,0,"1","430","D","02","D",.,"H","405","D","415","D",,"A",,"A"
"20132",2684935,24,1,"1","420","D","02","D",500,"E",,"A",,"A",,"A",,"A"
"20132",2686994,18,0,"1","420","D","01","D",60,"D",,"A",,"A",,"A",,"A"
"20132",2691324,24,0,"1","410","D","04","D",21,"D",,"A",,"A",,"A",,"A"
"20132",2691515,16,0,"1","420","D","03","D",65,"D",,"A",,"A",,"A",,"A"
"20132",2691515,17,0,"1","400","D","04","D",25,"D",,"A",,"A",,"A",,"A"
"20132",2692885,25,0,"1","400","D","04","D",30,"D",,"A",,"A",,"A",,"A"
"20132",2693533,18,0,"1","430","D","04","D",.,"H","415","D","400","D",,"A",,"A"
"20132",2693533,18,1,"1","420","D","04","D",86,"E",,"A",,"A",,"A",,"A"
"20132",2693533,18,2,"1","400","D","04","D",34,"E",,"A",,"A",,"A",,"A"
"20132",2693914,15,0,"1","405","D","04","D",15,"D",,"A",,"A",,"A",,"A"
"20132",2694034,21,0,"1","410","D","04","D",12,"D",,"A",,"A",,"A",,"A"
"20132",2694034,22,0,"1","420","D","04","D",60,"D",,"A",,"A",,"A",,"A"
"20132",2694424,18,0,"1","420","D","02","D",170,"D",,"A",,"A",,"A",,"A"
"20132",2696503,9,0,"1","400","D","04","D",30,"D",,"A",,"A",,"A",,"A"
"20132",2696823,16,0,"1","420","D","03","D",60,"D",,"A",,"A",,"A",,"A"
"20132",2697202,27,0,"1","400","D","03","D",24,"D",,"A",,"A",,"A",,"A"
"20132",2697395,37,0,"1","420","D","04","D",300,"D",,"A",,"A",,"A",,"A"
"20132",2697395,38,0,"1","400","D","02","D",50,"D",,"A",,"A",,"A",,"A"
"20132",2698263,25,0,"1","420","D","03","D",190,"D",,"A",,"A",,"A",,"A"
"20132",2698943,55,0,"1","420","D","03","D",180,"D",,"A",,"A",,"A",,"A"
"20132",2702803,14,0,"1","420","D","05","D",80,"D",,"A",,"A",,"A",,"A"
"20132",2702835,12,0,"1","420","D","03","D",200,"D",,"A",,"A",,"A",,"A"
"20132",2704824,12,0,"1","420","D","03","D",86,"D",,"A",,"A",,"A",,"A"
"20132",2705224,17,0,"1","420","D","03","D",199,"D",,"A",,"A",,"A",,"A"
"20132",2705314,41,0,"1","420","D","05","D",100,"D",,"A",,"A",,"A",,"A"
"20132",2708965,9,0,"1","405","D","04","D",20,"D",,"A",,"A",,"A",,"A"
"20132",2709743,16,0,"1","400","D","04","D",30,"D",,"A",,"A",,"A",,"A"
"20132",2709743,17,0,"1","420","D","04","D",140,"D",,"A",,"A",,"A",,"A"
"20132",2709743,18,0,"1","420","D","05","D",140,"D",,"A",,"A",,"A",,"A"
"20132",2710345,11,0,"1","400","D","05","D",25,"D",,"A",,"A",,"A",,"A"
"20132",2711145,18,0,"1","400","D","04","D",15,"D",,"A",,"A",,"A",,"A"
"20132",2713144,46,0,"1","420","D","05","D",86,"D",,"A",,"A",,"A",,"A"
"20132",2713455,25,0,"1","420","D","03","D",150,"D",,"A",,"A",,"A",,"A"
"20133",2578955,37,0,"1","430","D","06","D",.,"H","425","D","415","D",,"A",,"A"
"20133",2578955,37,1,"1","420","D","06","D",90,"E",,"A",,"A",,"A",,"A"
"20133",2578955,37,2,"1","420","D","06","D",99,"E",,"A",,"A",,"A",,"A"
"20133",2578965,85,0,"2","420","D","04","D",36,"D",,"A",,"A",,"A",,"A"
"20133",2579005,50,0,"1","420","D","06","D",63,"D",,"A",,"A",,"A",,"A"
"20133",2579075,55,0,"2","420","D","04","D",36,"D",,"A",,"A",,"A",,"A"
"20133",2579375,27,0,"1","405","D","05","D",69,"D",,"A",,"A",,"A",,"A"
"20133",2579425,41,0,"1","410","D","06","D",50,"D",,"A",,"A",,"A",,"A"
"20133",2579425,42,0,"1","420","D","06","D",386,"D",,"A",,"A",,"A",,"A"
"20133",2579445,55,0,"1","420","D","06","D",700,"D",,"A",,"A",,"A",,"A"
"20133",2579585,30,0,"1","420","D","06","D",75,"D",,"A",,"A",,"A",,"A"
"20133",2579665,25,0,"1","420","D","05","D",57,"D",,"A",,"A",,"A",,"A"
"20133",2579725,33,0,"1","420","D","06","D",14,"D",,"A",,"A",,"A",,"A"
"20133",2579745,31,0,"1","420","D","05","D",27,"F",,"A",,"A",,"A",,"A"
"20133",2579805,36,0,"1","420","D","05","D",265,"D",,"A",,"A",,"A",,"A"
"20133",2579835,43,0,"1","420","D","04","D",89,"D",,"A",,"A",,"A",,"A"
"20133",2579935,43,0,"1","420","D","06","D",85,"D",,"A",,"A",,"A",,"A"
"20133",2579995,20,0,"1","410","D","05","D",80,"D",,"A",,"A",,"A",,"A"
"20133",2580005,42,0,"1","410","D","06","D",5,"D",,"A",,"A",,"A",,"A"
"20133",2580005,43,0,"1","420","D","05","D",35,"D",,"A",,"A",,"A",,"A"
"20133",2580005,44,0,"1","410","D","05","D",5,"D",,"A",,"A",,"A",,"A"
"20133",2580015,32,0,"1","400","D","05","D",53,"D",,"A",,"A",,"A",,"A"
"20133",2580115,25,0,"1","405","D","05","D",53,"D",,"A",,"A",,"A",,"A"
"20133",2580255,100,0,"1","420","D","06","D",85,"D",,"A",,"A",,"A",,"A"
"20133",2580335,45,0,"1","420","D","06","D",204,"D",,"A",,"A",,"A",,"A"
"20133",2580345,28,0,"1","410","D","06","D",115,"D",,"A",,"A",,"A",,"A"
"20133",2580365,38,0,"1","420","D","04","D",80,"D",,"A",,"A",,"A",,"A"
"20133",2580405,32,0,"1","420","D","05","D",204,"D",,"A",,"A",,"A",,"A"
"20133",2580405,33,0,"1","420","D","05","D",40,"D",,"A",,"A",,"A",,"A"
"20133",2580545,49,0,"1","420","D","05","D",200,"D",,"A",,"A",,"A",,"A"
"20133",2580595,81,0,"1","410","D","06","D",16,"D",,"A",,"A",,"A",,"A"
"20133",2580595,82,0,"1","405","D","06","D",582,"D",,"A",,"A",,"A",,"A"
"20133",2580595,83,0,"1","405","D","06","D",103,"D",,"A",,"A",,"A",,"A"
"20133",2580685,32,0,"2","410","D","04","D",27,"D",,"A",,"A",,"A",,"A"
"20133",2580725,112,0,"1","420","D","06","D",427,"D",,"A",,"A",,"A",,"A"
"20133",2580745,49,0,"1","430","D","06","D",.,"H","415","D","410","D",,"A",,"A"
"20133",2580745,49,1,"1","420","D","06","D",47,"E",,"A",,"A",,"A",,"A"
"20133",2580745,49,2,"1","410","D","06","D",13,"E",,"A",,"A",,"A",,"A"
"20133",2580835,51,0,"1","405","D","05","D",250,"D",,"A",,"A",,"A",,"A"
"20133",2580845,15,0,"1","420","D","06","D",85,"D",,"A",,"A",,"A",,"A"
"20133",2580855,31,0,"1","420","D","04","D",68,"D",,"A",,"A",,"A",,"A"
"20133",2580865,89,0,"2","410","D","04","D",32,"D",,"A",,"A",,"A",,"A"
"20133",2580885,45,0,"2","420","D","04","D",36,"D",,"A",,"A",,"A",,"A"
"20133",2580975,63,0,"1","420","D","05","D",42,"D",,"A",,"A",,"A",,"A"
"20133",2580975,64,0,"2","405","D","04","D",297,"D",,"A",,"A",,"A",,"A"
"20133",2581085,34,0,"1","410","D","06","D",56,"D",,"A",,"A",,"A",,"A"
"20133",2581185,43,0,"1","420","D","05","D",600,"D",,"A",,"A",,"A",,"A"
"20133",2581205,24,0,"1","410","D","04","D",15,"D",,"A",,"A",,"A",,"A"
"20133",2581205,25,0,"1","405","D","05","D",48,"D",,"A",,"A",,"A",,"A"
"20133",2581255,33,0,"1","430","D","06","D",.,"H","425","D","415","D",,"A",,"A"
"20133",2581255,33,1,"1","420","D","06","D",25,"E",,"A",,"A",,"A",,"A"
"20133",2581255,33,2,"1","420","D","06","D",24,"E",,"A",,"A",,"A",,"A"
"20133",2581335,40,0,"1","420","D","04","D",75,"D",,"A",,"A",,"A",,"A"
"20133",2581365,78,0,"1","420","D","06","D",285,"D",,"A",,"A",,"A",,"A"
"20133",2581405,32,0,"1","410","D","06","D",300,"D",,"A",,"A",,"A",,"A"
"20133",2581455,64,0,"1","400","D","04","D",10,"D",,"A",,"A",,"A",,"A"
"20133",2581455,65,0,"1","410","D","06","D",70,"D",,"A",,"A",,"A",,"A"
"20133",2581455,66,0,"1","420","D","06","D",164,"D",,"A",,"A",,"A",,"A"
"20133",2581485,69,0,"1","410","D","06","D",28,"D",,"A",,"A",,"A",,"A"
"20133",2581485,70,0,"1","420","D","06","D",185,"D",,"A",,"A",,"A",,"A"
"20133",2581575,50,0,"1","420","D","06","D",105,"D",,"A",,"A",,"A",,"A"
"20133",2581625,25,0,"1","420","D","06","D",126,"D",,"A",,"A",,"A",,"A"
"20133",2581825,42,0,"1","420","D","05","D",35,"D",,"A",,"A",,"A",,"A"
"20133",2581925,47,0,"1","420","D","06","D",50,"D",,"A",,"A",,"A",,"A"
"20133",2581965,54,0,"1","420","D","04","D",371,"D",,"A",,"A",,"A",,"A"
"20133",2582045,26,0,"1","410","D","05","D",21,"D",,"A",,"A",,"A",,"A"
"20133",2582195,34,0,"1","405","D","05","D",141,"D",,"A",,"A",,"A",,"A"
"20133",2582285,64,0,"1","410","D","06","D",116,"D",,"A",,"A",,"A",,"A"
"20133",2582485,63,0,"1","420","D","06","D",74,"D",,"A",,"A",,"A",,"A"
"20133",2582485,64,0,"1","410","D","06","D",36,"D",,"A",,"A",,"A",,"A"
"20133",2582485,65,0,"1","400","D","06","D",20,"D",,"A",,"A",,"A",,"A"
"20133",2582575,30,0,"1","420","D","05","D",93,"D",,"A",,"A",,"A",,"A"
"20133",2582595,63,0,"1","400","D","05","D",34,"D",,"A",,"A",,"A",,"A"
"20133",2582595,64,0,"1","420","D","06","D",75,"D",,"A",,"A",,"A",,"A"
"20133",2582735,82,0,"1","420","D","06","D",75,"D",,"A",,"A",,"A",,"A"
"20133",2582795,39,0,"1","400","D","06","D",98,"D",,"A",,"A",,"A",,"A"
"20133",2582865,31,0,"1","420","D","05","D",150,"D",,"A",,"A",,"A",,"A"
"20133",2582895,30,0,"1","400","D","04","D",60,"D",,"A",,"A",,"A",,"A"
"20133",2583015,43,0,"2","420","D","04","D",34,"D",,"A",,"A",,"A",,"A"
"20133",2583075,25,0,"1","400","D","05","D",25,"D",,"A",,"A",,"A",,"A"
"20133",2583085,27,0,"2","420","D","04","D",177,"D",,"A",,"A",,"A",,"A"
"20133",2583135,69,0,"1","410","D","06","D",38,"D",,"A",,"A",,"A",,"A"
"20133",2583165,33,0,"1","410","D","05","D",40,"D",,"A",,"A",,"A",,"A"
"20133",2583275,26,0,"1","410","D","04","D",5,"D",,"A",,"A",,"A",,"A"
"20133",2583285,33,0,"1","420","D","06","D",75,"D",,"A",,"A",,"A",,"A"
"20133",2583375,53,0,"1","400","D","06","D",30,"D",,"A",,"A",,"A",,"A"
"20133",2583445,34,0,"1","410","D","06","D",21,"D",,"A",,"A",,"A",,"A"
"20133",2583535,30,0,"1","420","D","05","D",47,"D",,"A",,"A",,"A",,"A"
"20133",2583605,22,0,"1","410","D","06","D",16,"D",,"A",,"A",,"A",,"A"
"20133",2583615,28,0,"1","410","D","05","D",52,"D",,"A",,"A",,"A",,"A"
"20133",2583615,29,0,"1","420","D","05","D",36,"D",,"A",,"A",,"A",,"A"
"20133",2583655,39,0,"1","430","D","05","D",.,"H","415","D","410","D",,"A",,"A"
"20133",2583655,39,1,"1","420","D","05","D",70,"E",,"A",,"A",,"A",,"A"
"20133",2583655,39,2,"1","410","D","05","D",34,"E",,"A",,"A",,"A",,"A"
"20133",2583835,76,0,"1","410","D","04","D",50,"D",,"A",,"A",,"A",,"A"
"20133",2583845,62,0,"1","400","D","05","D",50,"D",,"A",,"A",,"A",,"A"
"20133",2583865,35,0,"1","400","D","05","D",50,"D",,"A",,"A",,"A",,"A"
"20133",2583915,37,0,"1","420","D","06","D",65,"D",,"A",,"A",,"A",,"A"
"20133",2584095,46,0,"1","410","D","06","D",48,"D",,"A",,"A",,"A",,"A"
"20133",2584095,47,0,"1","405","D","06","D",549,"D",,"A",,"A",,"A",,"A"
"20133",2584125,48,0,"1","420","D","06","D",78,"D",,"A",,"A",,"A",,"A"
"20133",2584145,45,0,"1","420","D","04","D",69,"D",,"A",,"A",,"A",,"A"
"20133",2584185,93,0,"1","420","D","04","D",259,"D",,"A",,"A",,"A",,"A"
"20133",2584275,85,0,"1","420","D","06","D",279,"D",,"A",,"A",,"A",,"A"
"20133",2584275,86,0,"1","400","D","06","D",13,"D",,"A",,"A",,"A",,"A"
"20133",2584275,87,0,"2","420","D","04","D",75,"D",,"A",,"A",,"A",,"A"
"20133",2584355,70,0,"1","400","D","06","D",32,"D",,"A",,"A",,"A",,"A"
"20133",2584355,71,0,"1","420","D","06","D",170,"D",,"A",,"A",,"A",,"A"
"20133",2584525,41,0,"1","400","D","05","D",40,"D",,"A",,"A",,"A",,"A"
"20133",2584545,42,0,"1","410","D","06","D",15,"D",,"A",,"A",,"A",,"A"
"20133",2584545,43,0,"1","420","D","06","D",353,"D",,"A",,"A",,"A",,"A"
"20133",2584685,29,0,"1","420","D","05","D",65,"D",,"A",,"A",,"A",,"A"
"20133",2584705,30,0,"1","410","D","06","D",16,"D",,"A",,"A",,"A",,"A"
"20133",2584825,37,0,"1","420","D","06","D",90,"D",,"A",,"A",,"A",,"A"
"20133",2584825,38,0,"2","420","D","04","D",89,"D",,"A",,"A",,"A",,"A"
"20133",2585105,28,0,"1","410","D","06","D",72,"F",,"A",,"A",,"A",,"A"
"20133",2585125,30,0,"1","420","D","04","D",95,"D",,"A",,"A",,"A",,"A"
"20133",2585145,40,0,"1","410","D","04","D",18,"D",,"A",,"A",,"A",,"A"
"20133",2585175,48,0,"1","420","D","05","D",168,"D",,"A",,"A",,"A",,"A"
"20133",2585175,49,0,"1","410","D","05","D",50,"D",,"A",,"A",,"A",,"A"
"20133",2585285,13,0,"1","420","D","04","D",45,"D",,"A",,"A",,"A",,"A"
"20133",2585465,50,0,"1","420","D","06","D",380,"D",,"A",,"A",,"A",,"A"
"20133",2585555,63,0,"1","420","D","05","D",36,"D",,"A",,"A",,"A",,"A"
"20133",2585555,64,0,"2","420","D","04","D",155,"D",,"A",,"A",,"A",,"A"
"20133",2585595,29,0,"1","400","D","05","D",10,"D",,"A",,"A",,"A",,"A"
"20133",2585665,78,0,"1","420","D","06","D",24,"D",,"A",,"A",,"A",,"A"
"20133",2585725,60,0,"1","420","D","06","D",84,"F",,"A",,"A",,"A",,"A"
"20133",2585725,61,0,"1","410","D","06","D",20,"D",,"A",,"A",,"A",,"A"
"20133",2585805,27,0,"1","420","D","06","D",74,"D",,"A",,"A",,"A",,"A"
"20133",2585965,81,0,"1","410","D","06","D",16,"D",,"A",,"A",,"A",,"A"
"20133",2585965,82,0,"1","405","D","06","D",234,"D",,"A",,"A",,"A",,"A"
"20133",2586015,30,0,"1","430","D","05","D",.,"H","415","D","400","D",,"A",,"A"
"20133",2586015,30,1,"1","420","D","05","D",37,"E",,"A",,"A",,"A",,"A"
"20133",2586015,30,2,"1","400","D","05","D",23,"E",,"A",,"A",,"A",,"A"
"20133",2586075,29,0,"1","400","D","05","D",27,"D",,"A",,"A",,"A",,"A"
"20133",2586075,30,0,"1","420","D","05","D",65,"D",,"A",,"A",,"A",,"A"
"20133",2586255,61,0,"1","410","D","06","D",30,"D",,"A",,"A",,"A",,"A"
"20133",2586255,62,0,"1","420","D","06","D",288,"D",,"A",,"A",,"A",,"A"
"20133",2586315,33,0,"1","420","D","06","D",71,"D",,"A",,"A",,"A",,"A"
"20133",2586365,56,0,"1","420","D","06","D",40,"D",,"A",,"A",,"A",,"A"
"20133",2586445,40,0,"1","400","D","06","D",32,"D",,"A",,"A",,"A",,"A"
"20133",2586545,53,0,"2","420","D","04","D",46,"D",,"A",,"A",,"A",,"A"
"20133",2586585,61,0,"1","400","D","06","D",15,"D",,"A",,"A",,"A",,"A"
"20133",2586605,54,0,"1","420","D","05","D",180,"D",,"A",,"A",,"A",,"A"
"20133",2586735,16,0,"1","420","D","06","D",50,"D",,"A",,"A",,"A",,"A"
"20133",2586735,17,0,"1","420","D","06","D",35,"D",,"A",,"A",,"A",,"A"
"20133",2586855,28,0,"1","410","D","05","D",13,"D",,"A",,"A",,"A",,"A"
"20133",2586855,29,0,"1","420","D","05","D",50,"D",,"A",,"A",,"A",,"A"
"20133",2586865,44,0,"2","420","D","04","D",333,"D",,"A",,"A",,"A",,"A"
"20133",2586965,30,0,"1","420","D","06","D",115,"D",,"A",,"A",,"A",,"A"
"20133",2587035,45,0,"1","420","D","06","D",101,"D",,"A",,"A",,"A",,"A"
"20133",2587055,63,0,"1","400","D","05","D",40,"F",,"A",,"A",,"A",,"A"
"20133",2587065,89,0,"2","420","D","04","D",37,"D",,"A",,"A",,"A",,"A"
"20133",2587155,43,0,"1","420","D","04","D",140,"D",,"A",,"A",,"A",,"A"
"20133",2587295,33,0,"1","420","D","06","D",75,"D",,"A",,"A",,"A",,"A"
"20133",2587315,29,0,"1","420","D","06","D",36,"D",,"A",,"A",,"A",,"A"
"20133",2587375,40,0,"1","420","D","06","D",500,"D",,"A",,"A",,"A",,"A"
"20133",2587565,25,0,"1","420","D","05","D",25,"D",,"A",,"A",,"A",,"A"
"20133",2587665,47,0,"2","420","D","04","D",136,"D",,"A",,"A",,"A",,"A"
"20133",2587675,58,0,"1","420","D","05","D",355,"D",,"A",,"A",,"A",,"A"
"20133",2587845,31,0,"1","410","D","06","D",45,"D",,"A",,"A",,"A",,"A"
"20133",2587845,32,0,"2","420","D","04","D",65,"D",,"A",,"A",,"A",,"A"
"20133",2587975,61,0,"1","420","D","06","D",400,"D",,"A",,"A",,"A",,"A"
"20133",2588065,49,0,"2","420","D","04","D",350,"D",,"A",,"A",,"A",,"A"
"20133",2588135,69,0,"1","420","D","06","D",64,"D",,"A",,"A",,"A",,"A"
"20133",2588155,42,0,"1","420","D","06","D",67,"D",,"A",,"A",,"A",,"A"
"20133",2588215,40,0,"1","420","D","06","D",186,"D",,"A",,"A",,"A",,"A"
"20133",2588215,41,0,"2","420","D","04","D",48,"D",,"A",,"A",,"A",,"A"
"20133",2588275,32,0,"1","410","D","06","D",37,"D",,"A",,"A",,"A",,"A"
"20133",2588275,33,0,"1","420","D","06","D",125,"D",,"A",,"A",,"A",,"A"
"20133",2588325,27,0,"1","420","D","06","D",25,"D",,"A",,"A",,"A",,"A"
"20133",2588525,50,0,"1","420","D","04","D",42,"D",,"A",,"A",,"A",,"A"
"20133",2588535,35,0,"1","420","D","05","D",156,"D",,"A",,"A",,"A",,"A"
"20133",2588535,36,0,"1","420","D","05","D",158,"D",,"A",,"A",,"A",,"A"
"20133",2588585,75,0,"1","405","D","06","D",89,"D",,"A",,"A",,"A",,"A"
"20133",2588615,34,0,"1","420","D","06","D",100,"D",,"A",,"A",,"A",,"A"
"20133",2588645,59,0,"1","420","D","04","D",110,"D",,"A",,"A",,"A",,"A"
"20133",2588645,60,0,"1","400","D","04","D",44,"D",,"A",,"A",,"A",,"A"
"20133",2588645,61,0,"1","400","D","06","D",44,"D",,"A",,"A",,"A",,"A"
"20133",2588845,57,0,"2","410","D","04","D",18,"D",,"A",,"A",,"A",,"A"
"20133",2588885,75,0,"1","410","D","05","D",25,"D",,"A",,"A",,"A",,"A"
"20133",2588905,37,0,"1","400","D","06","D",12,"D",,"A",,"A",,"A",,"A"
"20133",2588915,25,0,"1","400","D","04","D",45,"D",,"A",,"A",,"A",,"A"
"20133",2588915,26,0,"1","410","D","04","D",108,"D",,"A",,"A",,"A",,"A"
"20133",2588985,24,0,"2","420","D","04","D",105,"D",,"A",,"A",,"A",,"A"
"20133",2589005,34,0,"1","400","D","04","D",30,"D",,"A",,"A",,"A",,"A"
"20133",2589095,40,0,"1","420","D","06","D",300,"D",,"A",,"A",,"A",,"A"
"20133",2589095,41,0,"1","420","D","06","D",200,"D",,"A",,"A",,"A",,"A"
"20133",2589195,52,0,"1","400","D","06","D",32,"D",,"A",,"A",,"A",,"A"
"20133",2589345,33,0,"2","420","D","04","D",100,"D",,"A",,"A",,"A",,"A"
"20133",2589375,43,0,"1","400","D","05","D",35,"D",,"A",,"A",,"A",,"A"
"20133",2589375,44,0,"1","420","D","04","D",40,"D",,"A",,"A",,"A",,"A"
"20133",2589395,81,0,"1","400","D","04","D",25,"D",,"A",,"A",,"A",,"A"
"20133",2589395,82,0,"2","400","D","04","D",26,"D",,"A",,"A",,"A",,"A"
"20133",2589405,49,0,"1","420","D","05","D",36,"D",,"A",,"A",,"A",,"A"
"20133",2589475,63,0,"1","420","D","06","D",25,"D",,"A",,"A",,"A",,"A"
"20133",2589475,64,0,"1","410","D","06","D",18,"D",,"A",,"A",,"A",,"A"
"20133",2589685,29,0,"2","420","D","04","D",75,"D",,"A",,"A",,"A",,"A"
"20133",2589705,47,0,"2","420","D","04","D",69,"D",,"A",,"A",,"A",,"A"
"20133",2589725,42,0,"1","420","D","06","D",120,"D",,"A",,"A",,"A",,"A"
"20133",2589775,28,0,"2","420","D","04","D",200,"D",,"A",,"A",,"A",,"A"
"20133",2589865,45,0,"1","410","D","06","D",16,"D",,"A",,"A",,"A",,"A"
"20133",2589985,50,0,"1","410","D","05","D",25,"D",,"A",,"A",,"A",,"A"
"20133",2590065,50,0,"1","420","D","06","D",25,"D",,"A",,"A",,"A",,"A"
"20133",2590195,35,0,"1","420","D","06","D",3,"D",,"A",,"A",,"A",,"A"
"20133",2590215,15,0,"1","420","D","06","D",20,"D",,"A",,"A",,"A",,"A"
"20133",2590215,16,0,"1","405","D","06","D",66,"D",,"A",,"A",,"A",,"A"
"20133",2590225,36,0,"1","420","D","05","D",575,"D",,"A",,"A",,"A",,"A"
"20133",2590225,37,0,"2","410","D","04","D",12,"D",,"A",,"A",,"A",,"A"
"20133",2590385,33,0,"1","420","D","07","D",54,"D",,"A",,"A",,"A",,"A"
"20133",2590465,34,0,"1","410","D","06","D",29,"D",,"A",,"A",,"A",,"A"
"20133",2590465,35,0,"1","420","D","06","D",110,"D",,"A",,"A",,"A",,"A"
"20133",2590485,72,0,"1","400","D","06","D",27,"D",,"A",,"A",,"A",,"A"
"20133",2590485,73,0,"1","420","D","06","D",26,"D",,"A",,"A",,"A",,"A"
"20133",2590575,45,0,"1","400","D","07","D",5,"D",,"A",,"A",,"A",,"A"
"20133",2590605,24,0,"1","420","D","06","D",54,"D",,"A",,"A",,"A",,"A"
"20133",2590805,59,0,"1","420","D","07","D",168,"D",,"A",,"A",,"A",,"A"
"20133",2590885,53,0,"1","420","D","07","D",300,"D",,"A",,"A",,"A",,"A"
"20133",2590885,54,0,"1","400","D","06","D",26,"D",,"A",,"A",,"A",,"A"
"20133",2591075,53,0,"1","400","D","07","D",21,"D",,"A",,"A",,"A",,"A"
"20133",2591165,39,0,"1","420","D","06","D",213,"D",,"A",,"A",,"A",,"A"
"20133",2591185,43,0,"2","420","D","05","D",35,"D",,"A",,"A",,"A",,"A"
"20133",2591185,44,0,"2","420","D","05","D",30,"D",,"A",,"A",,"A",,"A"
"20133",2591215,45,0,"1","420","D","05","D",75,"D",,"A",,"A",,"A",,"A"
"20133",2591225,41,0,"1","420","D","06","D",300,"F",,"A",,"A",,"A",,"A"
"20133",2591345,20,0,"1","420","D","07","D",30,"D",,"A",,"A",,"A",,"A"
"20133",2591485,44,0,"1","405","D","07","D",500,"D",,"A",,"A",,"A",,"A"
"20133",2591615,18,0,"1","420","D","05","D",55,"D",,"A",,"A",,"A",,"A"
"20133",2591635,44,0,"1","420","D","07","D",100,"D",,"A",,"A",,"A",,"A"
"20133",2591725,30,0,"1","420","D","06","D",38,"D",,"A",,"A",,"A",,"A"
"20133",2591765,29,0,"1","420","D","07","D",220,"D",,"A",,"A",,"A",,"A"
"20133",2591835,50,0,"1","420","D","07","D",171,"D",,"A",,"A",,"A",,"A"
"20133",2591855,19,0,"1","420","D","06","D",200,"D",,"A",,"A",,"A",,"A"
"20133",2591945,67,0,"1","420","D","05","D",245,"D",,"A",,"A",,"A",,"A"
"20133",2592185,15,0,"1","420","D","07","D",78,"F",,"A",,"A",,"A",,"A"
"20133",2592225,62,0,"1","420","D","07","D",158,"D",,"A",,"A",,"A",,"A"
"20133",2592505,46,0,"1","410","D","06","D",13,"D",,"A",,"A",,"A",,"A"
"20133",2592505,47,0,"1","420","D","06","D",20,"D",,"A",,"A",,"A",,"A"
"20133",2592615,65,0,"1","420","D","07","D",36,"D",,"A",,"A",,"A",,"A"
"20133",2592695,48,0,"2","430","D","05","D",.,"H","425","D","415","D",,"A",,"A"
"20133",2592695,48,1,"2","420","D","05","D",30,"E",,"A",,"A",,"A",,"A"
"20133",2592695,48,2,"2","420","D","05","D",30,"E",,"A",,"A",,"A",,"A"
"20133",2592715,64,0,"1","420","D","06","D",86,"D",,"A",,"A",,"A",,"A"
"20133",2592715,65,0,"1","420","D","07","D",86,"D",,"A",,"A",,"A",,"A"
"20133",2592765,25,0,"1","410","D","07","D",15,"D",,"A",,"A",,"A",,"A"
"20133",2592765,26,0,"1","405","D","05","D",68,"D",,"A",,"A",,"A",,"A"
"20133",2592895,23,0,"1","420","D","07","D",130,"D",,"A",,"A",,"A",,"A"
"20133",2592905,61,0,"1","420","D","06","D",70,"D",,"A",,"A",,"A",,"A"
"20133",2592925,52,0,"1","420","D","07","D",32,"D",,"A",,"A",,"A",,"A"
"20133",2592975,54,0,"1","420","D","05","D",350,"D",,"A",,"A",,"A",,"A"
"20133",2592975,55,0,"1","420","D","07","D",350,"D",,"A",,"A",,"A",,"A"
"20133",2592975,56,0,"2","420","D","05","D",550,"D",,"A",,"A",,"A",,"A"
"20133",2593095,41,0,"1","420","D","05","D",211,"D",,"A",,"A",,"A",,"A"
"20133",2593185,47,0,"1","400","D","07","D",48,"D",,"A",,"A",,"A",,"A"
"20133",2593205,48,0,"2","420","D","05","D",153,"D",,"A",,"A",,"A",,"A"
"20133",2593325,47,0,"1","430","D","06","D",.,"H","400","D","415","D",,"A",,"A"
"20133",2593325,47,1,"1","400","D","06","D",140,"E",,"A",,"A",,"A",,"A"
"20133",2593325,47,2,"1","420","D","06","D",390,"E",,"A",,"A",,"A",,"A"
"20133",2593405,34,0,"1","410","D","07","D",20,"D",,"A",,"A",,"A",,"A"
"20133",2593445,51,0,"1","420","D","07","D",115,"D",,"A",,"A",,"A",,"A"
"20133",2593715,26,0,"1","400","D","05","D",278,"D",,"A",,"A",,"A",,"A"
"20133",2593715,27,0,"1","420","D","07","D",75,"D",,"A",,"A",,"A",,"A"
"20133",2593765,52,0,"1","420","D","07","D",144,"D",,"A",,"A",,"A",,"A"
"20133",2593825,28,0,"1","420","D","06","D",65,"F",,"A",,"A",,"A",,"A"
"20133",2593865,61,0,"1","420","D","06","D",75,"D",,"A",,"A",,"A",,"A"
"20133",2593935,49,0,"1","400","D","06","D",25,"D",,"A",,"A",,"A",,"A"
"20133",2593935,50,0,"1","420","D","07","D",150,"D",,"A",,"A",,"A",,"A"
"20133",2594055,50,0,"1","410","D","07","D",25,"D",,"A",,"A",,"A",,"A"
"20133",2594055,51,0,"1","420","D","07","D",35,"D",,"A",,"A",,"A",,"A"
"20133",2594065,61,0,"2","420","D","05","D",84,"D",,"A",,"A",,"A",,"A"
"20133",2594115,21,0,"1","420","D","05","D",90,"D",,"A",,"A",,"A",,"A"
"20133",2594135,16,0,"1","420","D","06","D",99,"D",,"A",,"A",,"A",,"A"
"20133",2594345,32,0,"1","420","D","05","D",200,"D",,"A",,"A",,"A",,"A"
"20133",2594425,53,0,"1","400","D","06","D",35,"D",,"A",,"A",,"A",,"A"
"20133",2594465,44,0,"1","420","D","05","D",35,"D",,"A",,"A",,"A",,"A"
"20133",2594485,49,0,"1","420","D","07","D",300,"D",,"A",,"A",,"A",,"A"
"20133",2594515,38,0,"1","410","D","06","D",100,"D",,"A",,"A",,"A",,"A"
"20133",2594545,30,0,"2","420","D","05","D",120,"D",,"A",,"A",,"A",,"A"
"20133",2594575,40,0,"1","420","D","07","D",53,"D",,"A",,"A",,"A",,"A"
"20133",2594605,53,0,"1","420","D","06","D",144,"D",,"A",,"A",,"A",,"A"
"20133",2594665,29,0,"1","420","D","07","D",28,"D",,"A",,"A",,"A",,"A"
"20133",2594745,33,0,"1","420","D","07","D",48,"D",,"A",,"A",,"A",,"A"
"20133",2594785,19,0,"1","420","D","07","D",125,"D",,"A",,"A",,"A",,"A"
"20133",2594815,35,0,"1","410","D","07","D",95,"D",,"A",,"A",,"A",,"A"
"20133",2594865,38,0,"1","400","D","07","D",20,"D",,"A",,"A",,"A",,"A"
"20133",2594995,48,0,"1","420","D","06","D",302,"D",,"A",,"A",,"A",,"A"
"20133",2595235,93,0,"1","420","D","07","D",54,"D",,"A",,"A",,"A",,"A"
"20133",2595325,24,0,"1","420","D","07","D",200,"F",,"A",,"A",,"A",,"A"
"20133",2595505,48,0,"1","400","D","07","D",140,"D",,"A",,"A",,"A",,"A"
"20133",2595695,25,0,"2","420","D","05","D",140,"D",,"A",,"A",,"A",,"A"
"20133",2595765,32,0,"1","420","D","05","D",75,"D",,"A",,"A",,"A",,"A"
"20133",2595765,33,0,"1","410","D","05","D",25,"D",,"A",,"A",,"A",,"A"
"20133",2595775,25,0,"1","420","D","07","D",105,"D",,"A",,"A",,"A",,"A"
"20133",2595815,25,0,"1","405","D","06","D",470,"D",,"A",,"A",,"A",,"A"
"20133",2595865,60,0,"1","410","D","06","D",40,"D",,"A",,"A",,"A",,"A"
"20133",2595865,61,0,"1","405","D","05","D",240,"D",,"A",,"A",,"A",,"A"
"20133",2595865,62,0,"2","430","D","05","D",.,"H","410","D","415","D",,"A",,"A"
"20133",2595865,62,1,"2","410","D","05","D",39,"E",,"A",,"A",,"A",,"A"
"20133",2595865,62,2,"2","420","D","05","D",250,"E",,"A",,"A",,"A",,"A"
"20133",2595885,34,0,"1","420","D","07","D",67,"D",,"A",,"A",,"A",,"A"
"20133",2595885,35,0,"1","420","D","07","D",67,"D",,"A",,"A",,"A",,"A"
"20133",2595885,36,0,"1","410","D","07","D",15,"D",,"A",,"A",,"A",,"A"
"20133",2595955,59,0,"1","420","D","05","D",65,"D",,"A",,"A",,"A",,"A"
"20133",2595975,48,0,"1","420","D","06","D",98,"D",,"A",,"A",,"A",,"A"
"20133",2595995,57,0,"1","410","D","05","D",32,"D",,"A",,"A",,"A",,"A"
"20133",2595995,58,0,"1","405","D","06","D",196,"D",,"A",,"A",,"A",,"A"
"20133",2596065,36,0,"1","420","D","06","D",134,"D",,"A",,"A",,"A",,"A"
"20133",2596185,41,0,"1","400","D","07","D",25,"D",,"A",,"A",,"A",,"A"
"20133",2596295,60,0,"1","400","D","07","D",110,"D",,"A",,"A",,"A",,"A"
"20133",2596295,61,0,"1","420","D","05","D",101,"D",,"A",,"A",,"A",,"A"
"20133",2596395,41,0,"2","420","D","05","D",220,"D",,"A",,"A",,"A",,"A"
"20133",2596405,31,0,"1","410","D","06","D",25,"D",,"A",,"A",,"A",,"A"
"20133",2596405,32,0,"1","410","D","07","D",25,"D",,"A",,"A",,"A",,"A"
"20133",2596435,48,0,"1","420","D","07","D",63,"D",,"A",,"A",,"A",,"A"
"20133",2596455,42,0,"1","420","D","05","D",64,"D",,"A",,"A",,"A",,"A"
"20133",2596605,19,0,"2","400","D","05","D",40,"D",,"A",,"A",,"A",,"A"
"20133",2596605,20,0,"2","420","D","05","D",49,"D",,"A",,"A",,"A",,"A"
"20133",2596615,72,0,"1","410","D","06","D",16,"D",,"A",,"A",,"A",,"A"
"20133",2596615,73,0,"2","405","D","05","D",396,"D",,"A",,"A",,"A",,"A"
"20133",2596745,37,0,"1","410","D","06","D",28,"D",,"A",,"A",,"A",,"A"
"20133",2596745,38,0,"1","420","D","06","D",104,"D",,"A",,"A",,"A",,"A"
"20133",2596815,50,0,"2","400","D","05","D",26,"D",,"A",,"A",,"A",,"A"
"20133",2596825,44,0,"1","410","D","06","D",21,"D",,"A",,"A",,"A",,"A"
"20133",2596855,42,0,"1","420","D","06","D",120,"D",,"A",,"A",,"A",,"A"
"20133",2596855,43,0,"1","420","D","06","D",200,"D",,"A",,"A",,"A",,"A"
"20133",2596865,27,0,"1","420","D","06","D",36,"F",,"A",,"A",,"A",,"A"
"20133",2596865,28,0,"1","405","D","06","D",307,"F",,"A",,"A",,"A",,"A"
"20133",2596895,37,0,"1","400","D","07","D",36,"D",,"A",,"A",,"A",,"A"
"20133",2596915,43,0,"1","420","D","07","D",300,"D",,"A",,"A",,"A",,"A"
"20133",2596985,18,0,"1","400","D","07","D",32,"D",,"A",,"A",,"A",,"A"
"20133",2597095,71,0,"1","420","D","06","D",137,"D",,"A",,"A",,"A",,"A"
"20133",2597105,32,0,"1","420","D","06","D",70,"D",,"A",,"A",,"A",,"A"
"20133",2597115,38,0,"1","420","D","06","D",152,"D",,"A",,"A",,"A",,"A"
"20133",2597145,37,0,"1","420","D","06","D",101,"D",,"A",,"A",,"A",,"A"
"20133",2597145,38,0,"1","420","D","07","D",101,"D",,"A",,"A",,"A",,"A"
"20133",2597165,109,0,"1","410","D","06","D",50,"D",,"A",,"A",,"A",,"A"
"20133",2597165,110,0,"1","420","D","06","D",131,"D",,"A",,"A",,"A",,"A"
"20133",2597165,111,0,"1","420","D","06","D",180,"D",,"A",,"A",,"A",,"A"
"20133",2597405,35,0,"1","420","D","06","D",200,"D",,"A",,"A",,"A",,"A"
"20133",2597425,34,0,"2","410","D","05","D",15,"D",,"A",,"A",,"A",,"A"
"20133",2597425,35,0,"2","420","D","05","D",76,"D",,"A",,"A",,"A",,"A"
"20133",2597635,30,0,"1","420","D","07","D",167,"D",,"A",,"A",,"A",,"A"
"20133",2597755,35,0,"1","420","D","06","D",300,"D",,"A",,"A",,"A",,"A"
"20133",2597795,56,0,"1","420","D","07","D",160,"D",,"A",,"A",,"A",,"A"
"20133",2597795,57,0,"1","400","D","07","D",10,"D",,"A",,"A",,"A",,"A"
"20133",2597915,55,0,"1","420","D","07","D",103,"D",,"A",,"A",,"A",,"A"
"20133",2597955,18,0,"1","420","D","06","D",80,"D",,"A",,"A",,"A",,"A"
"20133",2597965,35,0,"1","400","D","07","D",50,"D",,"A",,"A",,"A",,"A"
"20133",2598005,31,0,"1","420","D","07","D",400,"D",,"A",,"A",,"A",,"A"
"20133",2598005,32,0,"1","410","D","07","D",20,"D",,"A",,"A",,"A",,"A"
"20133",2598015,33,0,"1","410","D","05","D",77,"D",,"A",,"A",,"A",,"A"
"20133",2598015,34,0,"1","420","D","05","D",36,"D",,"A",,"A",,"A",,"A"
"20133",2598115,29,0,"1","420","D","07","D",140,"D",,"A",,"A",,"A",,"A"
"20133",2598125,27,0,"1","410","D","06","D",14,"D",,"A",,"A",,"A",,"A"
"20133",2598175,64,0,"1","420","D","06","D",237,"D",,"A",,"A",,"A",,"A"
"20133",2598175,65,0,"2","400","D","05","D",30,"D",,"A",,"A",,"A",,"A"
"20133",2598275,57,0,"1","420","D","06","D",110,"D",,"A",,"A",,"A",,"A"
"20133",2598385,37,0,"1","410","D","06","D",16,"D",,"A",,"A",,"A",,"A"
"20133",2598385,38,0,"1","420","D","06","D",41,"D",,"A",,"A",,"A",,"A"
"20133",2598415,22,0,"1","420","D","07","D",100,"D",,"A",,"A",,"A",,"A"
"20133",2598435,26,0,"1","400","D","07","D",36,"D",,"A",,"A",,"A",,"A"
"20133",2598515,33,0,"1","400","D","06","D",36,"D",,"A",,"A",,"A",,"A"
"20133",2598525,42,0,"2","420","D","05","D",39,"D",,"A",,"A",,"A",,"A"
"20133",2598565,25,0,"1","420","D","06","D",40,"D",,"A",,"A",,"A",,"A"
"20133",2598595,53,0,"1","400","D","05","D",54,"D",,"A",,"A",,"A",,"A"
"20133",2598665,38,0,"1","420","D","07","D",36,"D",,"A",,"A",,"A",,"A"
"20133",2598675,25,0,"1","400","D","07","D",30,"D",,"A",,"A",,"A",,"A"
"20133",2598675,26,0,"1","420","D","07","D",48,"D",,"A",,"A",,"A",,"A"
"20133",2598725,42,0,"1","400","D","07","D",42,"D",,"A",,"A",,"A",,"A"
"20133",2598785,23,0,"1","405","D","06","D",75,"D",,"A",,"A",,"A",,"A"
"20133",2598835,21,0,"1","420","D","07","D",130,"D",,"A",,"A",,"A",,"A"
"20133",2598915,48,0,"2","420","D","05","D",133,"D",,"A",,"A",,"A",,"A"
"20133",2598925,34,0,"1","420","D","05","D",167,"D",,"A",,"A",,"A",,"A"
"20133",2598985,27,0,"1","420","D","07","D",63,"D",,"A",,"A",,"A",,"A"
"20133",2599095,42,0,"1","405","D","07","D",235,"D",,"A",,"A",,"A",,"A"
"20133",2599105,61,0,"1","420","D","06","D",60,"D",,"A",,"A",,"A",,"A"
"20133",2599105,62,0,"1","410","D","07","D",40,"D",,"A",,"A",,"A",,"A"
"20133",2599185,50,0,"1","410","D","06","D",21,"D",,"A",,"A",,"A",,"A"
"20133",2599335,32,0,"1","410","D","07","D",191,"D",,"A",,"A",,"A",,"A"
"20133",2599405,37,0,"1","420","D","05","D",134,"D",,"A",,"A",,"A",,"A"
"20133",2599455,70,0,"1","410","D","05","D",21,"D",,"A",,"A",,"A",,"A"
"20133",2599455,71,0,"1","410","D","06","D",21,"D",,"A",,"A",,"A",,"A"
"20133",2599455,72,0,"1","410","D","07","D",21,"D",,"A",,"A",,"A",,"A"
"20133",2599455,73,0,"2","410","D","05","D",21,"D",,"A",,"A",,"A",,"A"
"20133",2599555,17,0,"1","420","D","06","D",101,"D",,"A",,"A",,"A",,"A"
"20133",2599565,51,0,"1","420","D","07","D",120,"D",,"A",,"A",,"A",,"A"
"20133",2599645,49,0,"1","420","D","07","D",100,"D",,"A",,"A",,"A",,"A"
"20133",2599825,52,0,"1","420","D","05","D",46,"D",,"A",,"A",,"A",,"A"
"20133",2599825,53,0,"1","420","D","05","D",65,"D",,"A",,"A",,"A",,"A"
"20133",2599915,59,0,"1","400","D","05","D",22,"D",,"A",,"A",,"A",,"A"
"20133",2599915,60,0,"2","400","D","05","D",30,"D",,"A",,"A",,"A",,"A"
"20133",2599985,35,0,"1","420","D","07","D",149,"D",,"A",,"A",,"A",,"A"
"20133",2600075,73,0,"1","420","D","05","D",86,"D",,"A",,"A",,"A",,"A"
"20133",2600075,74,0,"1","400","D","06","D",43,"D",,"A",,"A",,"A",,"A"
"20133",2600095,27,0,"1","410","D","05","D",18,"D",,"A",,"A",,"A",,"A"
"20133",2600135,62,0,"1","420","D","05","D",446,"D",,"A",,"A",,"A",,"A"
"20133",2600155,37,0,"1","420","D","07","D",122,"D",,"A",,"A",,"A",,"A"
"20133",2600165,41,0,"1","420","D","07","D",96,"D",,"A",,"A",,"A",,"A"
"20133",2600245,64,0,"1","405","D","06","D",275,"D",,"A",,"A",,"A",,"A"
"20133",2600335,57,0,"1","420","D","06","D",300,"D",,"A",,"A",,"A",,"A"
"20133",2600335,58,0,"1","420","D","06","D",100,"D",,"A",,"A",,"A",,"A"
"20133",2600385,33,0,"2","410","D","05","D",30,"D",,"A",,"A",,"A",,"A"
"20133",2600615,75,0,"1","400","D","06","D",30,"D",,"A",,"A",,"A",,"A"
"20133",2600815,32,0,"1","420","D","07","D",39,"D",,"A",,"A",,"A",,"A"
"20133",2600835,27,0,"1","420","D","05","D",35,"D",,"A",,"A",,"A",,"A"
"20133",2600885,64,0,"1","420","D","07","D",292,"D",,"A",,"A",,"A",,"A"
"20133",2600945,43,0,"1","420","D","05","D",285,"D",,"A",,"A",,"A",,"A"
"20133",2601065,75,0,"1","420","D","07","D",65,"D",,"A",,"A",,"A",,"A"
"20133",2601125,26,0,"1","420","D","07","D",200,"F",,"A",,"A",,"A",,"A"
"20133",2601355,59,0,"1","420","D","07","D",287,"D",,"A",,"A",,"A",,"A"
"20133",2601355,60,0,"1","420","D","07","D",320,"D",,"A",,"A",,"A",,"A"
"20133",2601485,57,0,"1","420","D","08","D",150,"D",,"A",,"A",,"A",,"A"
"20133",2601485,58,0,"2","420","D","06","D",150,"D",,"A",,"A",,"A",,"A"
"20133",2601575,34,0,"1","420","D","08","D",75,"D",,"A",,"A",,"A",,"A"
"20133",2601705,64,0,"1","420","D","08","D",32,"D",,"A",,"A",,"A",,"A"
"20133",2601705,65,0,"1","400","D","08","D",14,"D",,"A",,"A",,"A",,"A"
"20133",2601855,48,0,"1","420","D","06","D",18,"D",,"A",,"A",,"A",,"A"
"20133",2601855,49,0,"1","405","D","06","D",71,"D",,"A",,"A",,"A",,"A"
"20133",2601895,38,0,"1","420","D","08","D",112,"D",,"A",,"A",,"A",,"A"
"20133",2601915,34,0,"1","410","D","07","D",5,"D",,"A",,"A",,"A",,"A"
"20133",2601955,37,0,"1","420","D","08","D",2,"D",,"A",,"A",,"A",,"A"
"20133",2601965,28,0,"1","410","D","08","D",52,"D",,"A",,"A",,"A",,"A"
"20133",2602015,41,0,"1","400","D","07","D",42,"D",,"A",,"A",,"A",,"A"
"20133",2602045,67,0,"1","420","D","06","D",42,"D",,"A",,"A",,"A",,"A"
"20133",2602045,68,0,"2","420","D","06","D",50,"D",,"A",,"A",,"A",,"A"
"20133",2602125,60,0,"1","420","D","07","D",79,"D",,"A",,"A",,"A",,"A"
"20133",2602175,39,0,"1","420","D","08","D",100,"D",,"A",,"A",,"A",,"A"
"20133",2602235,22,0,"1","420","D","07","D",213,"D",,"A",,"A",,"A",,"A"
"20133",2602255,49,0,"1","420","D","07","D",600,"D",,"A",,"A",,"A",,"A"
"20133",2602305,81,0,"1","400","D","08","D",25,"D",,"A",,"A",,"A",,"A"
"20133",2602365,57,0,"1","410","D","08","D",15,"D",,"A",,"A",,"A",,"A"
"20133",2602365,58,0,"1","420","D","07","D",62,"D",,"A",,"A",,"A",,"A"
"20133",2602435,32,0,"1","400","D","07","D",29,"D",,"A",,"A",,"A",,"A"
"20133",2602455,45,0,"1","405","D","08","D",43,"D",,"A",,"A",,"A",,"A"
"20133",2602505,53,0,"1","400","D","07","D",55,"D",,"A",,"A",,"A",,"A"
"20133",2602505,54,0,"1","410","D","07","D",50,"D",,"A",,"A",,"A",,"A"
"20133",2602605,38,0,"1","410","D","06","D",10,"D",,"A",,"A",,"A",,"A"
"20133",2602755,98,0,"1","405","D","06","D",175,"D",,"A",,"A",,"A",,"A"
"20133",2602835,13,0,"2","400","D","06","D",45,"D",,"A",,"A",,"A",,"A"
"20133",2602845,56,0,"1","410","D","08","D",50,"D",,"A",,"A",,"A",,"A"
"20133",2602845,57,0,"1","420","D","08","D",208,"D",,"A",,"A",,"A",,"A"
"20133",2602925,38,0,"1","420","D","08","D",124,"D",,"A",,"A",,"A",,"A"
"20133",2602925,39,0,"1","410","D","08","D",70,"D",,"A",,"A",,"A",,"A"
"20133",2603135,27,0,"1","410","D","08","D",70,"D",,"A",,"A",,"A",,"A"
"20133",2603175,89,0,"2","420","D","06","D",115,"D",,"A",,"A",,"A",,"A"
"20133",2603465,85,0,"1","420","D","08","D",200,"D",,"A",,"A",,"A",,"A"
"20133",2603605,55,0,"1","420","D","08","D",190,"D",,"A",,"A",,"A",,"A"
"20133",2603605,56,0,"1","410","D","07","D",14,"D",,"A",,"A",,"A",,"A"
"20133",2603705,58,0,"1","420","D","07","D",120,"F",,"A",,"A",,"A",,"A"
"20133",2603865,38,0,"1","400","D","08","D",7,"D",,"A",,"A",,"A",,"A"
"20133",2603925,31,0,"1","420","D","08","D",75,"D",,"A",,"A",,"A",,"A"
"20133",2604035,60,0,"1","430","D","08","D",.,"H","405","D","415","D",,"A",,"A"
"20133",2604035,60,1,"1","420","D","08","D",1357,"E",,"A",,"A",,"A",,"A"
"20133",2604085,54,0,"1","400","D","08","D",80,"D",,"A",,"A",,"A",,"A"
"20133",2604135,34,0,"1","420","D","06","D",165,"D",,"A",,"A",,"A",,"A"
"20133",2604135,35,0,"1","420","D","07","D",125,"D",,"A",,"A",,"A",,"A"
"20133",2604145,21,0,"2","420","D","06","D",70,"D",,"A",,"A",,"A",,"A"
"20133",2604165,36,0,"1","410","D","07","D",15,"D",,"A",,"A",,"A",,"A"
"20133",2604225,25,0,"2","400","D","06","D",10,"D",,"A",,"A",,"A",,"A"
"20133",2604315,53,0,"1","420","D","06","D",289,"D",,"A",,"A",,"A",,"A"
"20133",2604435,18,0,"1","420","D","06","D",70,"D",,"A",,"A",,"A",,"A"
"20133",2604475,42,0,"1","420","D","08","D",53,"D",,"A",,"A",,"A",,"A"
"20133",2604535,23,0,"1","420","D","07","D",194,"D",,"A",,"A",,"A",,"A"
"20133",2604555,52,0,"1","400","D","07","D",25,"D",,"A",,"A",,"A",,"A"
"20133",2604555,53,0,"1","420","D","07","D",70,"D",,"A",,"A",,"A",,"A"
"20133",2604785,35,0,"1","405","D","08","D",78,"D",,"A",,"A",,"A",,"A"
"20133",2604825,54,0,"1","420","D","06","D",41,"D",,"A",,"A",,"A",,"A"
"20133",2604835,66,0,"1","420","D","07","D",108,"D",,"A",,"A",,"A",,"A"
"20133",2604985,67,0,"1","410","D","07","D",50,"D",,"A",,"A",,"A",,"A"
"20133",2605065,35,0,"2","405","D","06","D",600,"D",,"A",,"A",,"A",,"A"
"20133",2605285,38,0,"1","400","D","08","D",36,"D",,"A",,"A",,"A",,"A"
"20133",2605335,63,0,"1","420","D","08","D",24,"D",,"A",,"A",,"A",,"A"
"20133",2605385,44,0,"1","420","D","08","D",280,"D",,"A",,"A",,"A",,"A"
"20133",2605435,39,0,"1","420","D","08","D",75,"D",,"A",,"A",,"A",,"A"
"20133",2605435,40,0,"1","405","D","08","D",150,"D",,"A",,"A",,"A",,"A"
"20133",2605515,35,0,"1","410","D","08","D",40,"D",,"A",,"A",,"A",,"A"
"20133",2605515,36,0,"1","420","D","08","D",55,"D",,"A",,"A",,"A",,"A"
"20133",2605555,64,0,"1","420","D","07","D",100,"D",,"A",,"A",,"A",,"A"
"20133",2605595,55,0,"1","410","D","07","D",30,"D",,"A",,"A",,"A",,"A"
"20133",2605675,61,0,"1","400","D","08","D",85,"D",,"A",,"A",,"A",,"A"
"20133",2605675,62,0,"1","420","D","08","D",285,"D",,"A",,"A",,"A",,"A"
"20133",2605905,23,0,"1","400","D","08","D",25,"D",,"A",,"A",,"A",,"A"
"20133",2605905,24,0,"1","420","D","08","D",40,"D",,"A",,"A",,"A",,"A"
"20133",2606045,28,0,"1","420","D","08","D",92,"D",,"A",,"A",,"A",,"A"
"20133",2606115,37,0,"1","420","D","08","D",110,"D",,"A",,"A",,"A",,"A"
"20133",2606115,38,0,"1","420","D","08","D",110,"D",,"A",,"A",,"A",,"A"
"20133",2606265,26,0,"1","420","D","08","D",90,"D",,"A",,"A",,"A",,"A"
"20133",2606335,54,0,"1","410","D","08","D",38,"D",,"A",,"A",,"A",,"A"
"20133",2606335,55,0,"2","420","D","06","D",104,"D",,"A",,"A",,"A",,"A"
"20133",2606505,51,0,"1","420","D","06","D",103,"D",,"A",,"A",,"A",,"A"
"20133",2606505,52,0,"1","420","D","07","D",103,"D",,"A",,"A",,"A",,"A"
"20133",2606535,64,0,"1","420","D","07","D",401,"D",,"A",,"A",,"A",,"A"
"20133",2606645,77,0,"1","420","D","07","D",150,"D",,"A",,"A",,"A",,"A"
"20133",2606805,35,0,"1","410","D","07","D",40,"D",,"A",,"A",,"A",,"A"
"20133",2606825,33,0,"1","420","D","08","D",25,"D",,"A",,"A",,"A",,"A"
"20133",2606865,27,0,"1","420","D","07","D",110,"D",,"A",,"A",,"A",,"A"
"20133",2606865,28,0,"1","420","D","06","D",100,"D",,"A",,"A",,"A",,"A"
"20133",2606945,50,0,"1","410","D","08","D",20,"D",,"A",,"A",,"A",,"A"
"20133",2607035,34,0,"1","400","D","06","D",21,"D",,"A",,"A",,"A",,"A"
"20133",2607035,35,0,"1","405","D","06","D",325,"D",,"A",,"A",,"A",,"A"
"20133",2607075,31,0,"1","420","D","07","D",130,"D",,"A",,"A",,"A",,"A"
"20133",2607115,24,0,"1","420","D","07","D",65,"D",,"A",,"A",,"A",,"A"
"20133",2607225,30,0,"1","410","D","07","D",20,"D",,"A",,"A",,"A",,"A"
"20133",2607265,43,0,"2","420","D","06","D",68,"D",,"A",,"A",,"A",,"A"
"20133",2607405,37,0,"1","410","D","08","D",18,"D",,"A",,"A",,"A",,"A"
"20133",2607405,38,0,"2","410","D","06","D",34,"D",,"A",,"A",,"A",,"A"
"20133",2607405,39,0,"2","420","D","06","D",89,"D",,"A",,"A",,"A",,"A"
"20133",2607425,57,0,"1","410","D","08","D",40,"D",,"A",,"A",,"A",,"A"
"20133",2607425,58,0,"1","420","D","06","D",63,"D",,"A",,"A",,"A",,"A"
"20133",2607445,33,0,"1","420","D","06","D",312,"D",,"A",,"A",,"A",,"A"
"20133",2607445,34,0,"1","420","D","07","D",260,"D",,"A",,"A",,"A",,"A"
"20133",2607535,59,0,"1","410","D","06","D",5,"D",,"A",,"A",,"A",,"A"
"20133",2607535,60,0,"2","405","D","06","D",300,"D",,"A",,"A",,"A",,"A"
"20133",2607545,31,0,"1","400","D","07","D",26,"D",,"A",,"A",,"A",,"A"
"20133",2607835,24,0,"1","420","D","08","D",89,"D",,"A",,"A",,"A",,"A"
"20133",2607905,63,0,"1","420","D","06","D",75,"D",,"A",,"A",,"A",,"A"
"20133",2607905,64,0,"1","420","D","07","D",115,"D",,"A",,"A",,"A",,"A"
"20133",2607925,49,0,"1","420","D","08","D",67,"D",,"A",,"A",,"A",,"A"
"20133",2608205,59,0,"1","420","D","07","D",110,"D",,"A",,"A",,"A",,"A"
"20133",2608285,20,0,"1","420","D","08","D",120,"D",,"A",,"A",,"A",,"A"
"20133",2608475,20,0,"1","400","D","06","D",26,"D",,"A",,"A",,"A",,"A"
"20133",2608505,43,0,"1","420","D","07","D",101,"D",,"A",,"A",,"A",,"A"
"20133",2608505,44,0,"1","420","D","06","D",71,"D",,"A",,"A",,"A",,"A"
"20133",2608535,21,0,"1","410","D","08","D",80,"D",,"A",,"A",,"A",,"A"
"20133",2608575,17,0,"1","420","D","08","D",65,"D",,"A",,"A",,"A",,"A"
"20133",2608665,49,0,"1","420","D","07","D",150,"D",,"A",,"A",,"A",,"A"
"20133",2608705,43,0,"1","400","D","08","D",15,"D",,"A",,"A",,"A",,"A"
"20133",2608745,12,0,"2","420","D","06","D",110,"D",,"A",,"A",,"A",,"A"
"20133",2608845,27,0,"1","420","D","06","D",160,"D",,"A",,"A",,"A",,"A"
"20133",2608915,39,0,"1","420","D","08","D",38,"D",,"A",,"A",,"A",,"A"
"20133",2609185,35,0,"1","420","D","08","D",300,"D",,"A",,"A",,"A",,"A"
"20133",2609195,55,0,"1","420","D","06","D",127,"D",,"A",,"A",,"A",,"A"
"20133",2609195,56,0,"1","420","D","06","D",26,"D",,"A",,"A",,"A",,"A"
"20133",2609205,53,0,"2","420","D","06","D",36,"D",,"A",,"A",,"A",,"A"
"20133",2609235,44,0,"1","420","D","08","D",64,"D",,"A",,"A",,"A",,"A"
"20133",2609305,92,0,"1","405","D","08","D",871,"D",,"A",,"A",,"A",,"A"
"20133",2609345,54,0,"1","410","D","07","D",30,"D",,"A",,"A",,"A",,"A"
"20133",2609345,55,0,"1","420","D","07","D",190,"D",,"A",,"A",,"A",,"A"
"20133",2609495,49,0,"1","420","D","07","D",24,"D",,"A",,"A",,"A",,"A"
"20133",2609705,18,0,"2","420","D","06","D",15,"D",,"A",,"A",,"A",,"A"
"20133",2609945,43,0,"1","405","D","07","D",325,"D",,"A",,"A",,"A",,"A"
"20133",2609945,44,0,"1","405","D","07","D",280,"D",,"A",,"A",,"A",,"A"
"20133",2610235,38,0,"1","420","D","06","D",145,"D",,"A",,"A",,"A",,"A"
"20133",2610355,27,0,"1","400","D","08","D",100,"D",,"A",,"A",,"A",,"A"
"20133",2610355,28,0,"1","410","D","08","D",29,"D",,"A",,"A",,"A",,"A"
"20133",2610355,29,0,"1","420","D","08","D",50,"D",,"A",,"A",,"A",,"A"
"20133",2610375,36,0,"2","410","D","06","D",160,"D",,"A",,"A",,"A",,"A"
"20133",2610485,44,0,"1","420","D","08","D",25,"D",,"A",,"A",,"A",,"A"
"20133",2610485,45,0,"1","420","D","07","D",50,"D",,"A",,"A",,"A",,"A"
"20133",2610485,46,0,"1","400","D","07","D",12,"D",,"A",,"A",,"A",,"A"
"20133",2610575,26,0,"1","420","D","06","D",101,"D",,"A",,"A",,"A",,"A"
"20133",2610585,53,0,"1","410","D","07","D",110,"D",,"A",,"A",,"A",,"A"
"20133",2610585,54,0,"2","420","D","06","D",110,"D",,"A",,"A",,"A",,"A"
"20133",2610775,43,0,"1","420","D","06","D",200,"D",,"A",,"A",,"A",,"A"
"20133",2610845,51,0,"1","410","D","06","D",30,"D",,"A",,"A",,"A",,"A"
"20133",2610845,52,0,"1","420","D","06","D",60,"D",,"A",,"A",,"A",,"A"
"20133",2610865,52,0,"1","410","D","08","D",28,"D",,"A",,"A",,"A",,"A"
"20133",2610865,53,0,"1","420","D","08","D",65,"D",,"A",,"A",,"A",,"A"
"20133",2610895,34,0,"2","420","D","06","D",168,"D",,"A",,"A",,"A",,"A"
"20133",2610975,44,0,"1","420","D","08","D",75,"D",,"A",,"A",,"A",,"A"
"20133",2611005,20,0,"1","410","D","08","D",40,"D",,"A",,"A",,"A",,"A"
"20133",2611005,21,0,"1","420","D","08","D",41,"D",,"A",,"A",,"A",,"A"
"20133",2611065,67,0,"1","420","D","06","D",240,"D",,"A",,"A",,"A",,"A"
"20133",2611205,50,0,"1","405","D","07","D",150,"D",,"A",,"A",,"A",,"A"
"20133",2611375,27,0,"1","420","D","08","D",100,"D",,"A",,"A",,"A",,"A"
"20133",2611425,32,0,"1","420","D","06","D",146,"D",,"A",,"A",,"A",,"A"
"20133",2611535,49,0,"1","420","D","08","D",110,"D",,"A",,"A",,"A",,"A"
"20133",2611625,65,0,"1","420","D","06","D",103,"D",,"A",,"A",,"A",,"A"
"20133",2611685,39,0,"1","420","D","08","D",65,"D",,"A",,"A",,"A",,"A"
"20133",2611725,66,0,"1","420","D","07","D",92,"D",,"A",,"A",,"A",,"A"
"20133",2611725,67,0,"1","420","D","08","D",188,"D",,"A",,"A",,"A",,"A"
"20133",2611725,68,0,"2","420","D","06","D",123,"D",,"A",,"A",,"A",,"A"
"20133",2611965,32,0,"1","420","D","07","D",270,"D",,"A",,"A",,"A",,"A"
"20133",2612235,25,0,"1","400","D","07","D",40,"D",,"A",,"A",,"A",,"A"
"20133",2612235,26,0,"1","420","D","08","D",200,"D",,"A",,"A",,"A",,"A"
"20133",2612255,49,0,"1","420","D","07","D",169,"D",,"A",,"A",,"A",,"A"
"20133",2612275,20,0,"1","420","D","06","D",27,"D",,"A",,"A",,"A",,"A"
"20133",2612325,37,0,"1","420","D","08","D",45,"D",,"A",,"A",,"A",,"A"
"20133",2612325,38,0,"1","405","D","08","D",164,"D",,"A",,"A",,"A",,"A"
"20133",2612445,72,0,"1","420","D","08","D",300,"D",,"A",,"A",,"A",,"A"
"20133",2612555,19,0,"1","420","D","07","D",24,"D",,"A",,"A",,"A",,"A"
"20133",2612555,20,0,"1","405","D","07","D",236,"D",,"A",,"A",,"A",,"A"
"20133",2612625,52,0,"1","420","D","08","D",60,"D",,"A",,"A",,"A",,"A"
"20133",2612625,53,0,"2","420","D","06","D",141,"D",,"A",,"A",,"A",,"A"
"20133",2612635,37,0,"1","420","D","08","D",136,"D",,"A",,"A",,"A",,"A"
"20133",2612645,40,0,"1","420","D","08","D",95,"D",,"A",,"A",,"A",,"A"
"20133",2612685,43,0,"1","400","D","07","D",75,"D",,"A",,"A",,"A",,"A"
"20133",2612764,46,0,"1","410","D","06","D",82,"D",,"A",,"A",,"A",,"A"
"20133",2612774,94,0,"1","420","D","04","D",75,"D",,"A",,"A",,"A",,"A"
"20133",2612774,95,0,"1","420","D","05","D",75,"D",,"A",,"A",,"A",,"A"
"20133",2612815,40,0,"1","410","D","05","D",45,"D",,"A",,"A",,"A",,"A"
"20133",2612815,41,0,"1","420","D","06","D",70,"D",,"A",,"A",,"A",,"A"
"20133",2612815,42,0,"1","420","D","06","D",150,"D",,"A",,"A",,"A",,"A"
"20133",2612924,43,0,"1","405","D","04","D",456,"D",,"A",,"A",,"A",,"A"
"20133",2612994,43,0,"1","400","D","06","D",108,"D",,"A",,"A",,"A",,"A"
"20133",2612994,44,0,"1","410","D","05","D",12,"D",,"A",,"A",,"A",,"A"
"20133",2612994,45,0,"1","405","D","06","D",200,"D",,"A",,"A",,"A",,"A"
"20133",2613004,28,0,"1","420","D","05","D",81,"D",,"A",,"A",,"A",,"A"
"20133",2613084,35,0,"1","400","D","05","D",25,"D",,"A",,"A",,"A",,"A"
"20133",2613084,36,0,"1","430","D","05","D",.,"H","425","D","415","D",,"A",,"A"
"20133",2613084,36,1,"1","420","D","05","D",27,"E",,"A",,"A",,"A",,"A"
"20133",2613084,36,2,"1","420","D","05","D",26,"E",,"A",,"A",,"A",,"A"
"20133",2613274,43,0,"1","410","D","06","D",5,"D",,"A",,"A",,"A",,"A"
"20133",2613284,36,0,"1","420","D","06","D",71,"D",,"A",,"A",,"A",,"A"
"20133",2613334,28,0,"1","420","D","06","D",70,"D",,"A",,"A",,"A",,"A"
"20133",2613364,28,0,"1","420","D","06","D",235,"D",,"A",,"A",,"A",,"A"
"20133",2613444,55,0,"1","420","D","06","D",241,"D",,"A",,"A",,"A",,"A"
"20133",2613584,48,0,"1","420","D","06","D",101,"D",,"A",,"A",,"A",,"A"
"20133",2613604,34,0,"1","410","D","05","D",28,"D",,"A",,"A",,"A",,"A"
"20133",2613604,35,0,"1","420","D","06","D",67,"D",,"A",,"A",,"A",,"A"
"20133",2613704,34,0,"1","420","D","05","D",36,"D",,"A",,"A",,"A",,"A"
"20133",2613724,25,0,"1","420","D","06","D",155,"D",,"A",,"A",,"A",,"A"
"20133",2613734,86,0,"1","430","D","04","D",.,"H","405","D","415","D",,"A",,"A"
"20133",2613734,86,1,"1","420","D","04","D",384,"E",,"A",,"A",,"A",,"A"
"20133",2613804,40,0,"1","420","D","05","D",54,"D",,"A",,"A",,"A",,"A"
"20133",2613834,50,0,"1","410","D","05","D",18,"D",,"A",,"A",,"A",,"A"
"20133",2613884,21,0,"1","405","D","06","D",125,"D",,"A",,"A",,"A",,"A"
"20133",2614064,15,0,"1","410","D","06","D",15,"D",,"A",,"A",,"A",,"A"
"20133",2614344,49,0,"1","400","D","06","D",60,"D",,"A",,"A",,"A",,"A"
"20133",2614424,81,0,"1","420","D","05","D",550,"D",,"A",,"A",,"A",,"A"
"20133",2614424,82,0,"1","400","D","05","D",25,"D",,"A",,"A",,"A",,"A"
"20133",2614424,83,0,"1","400","D","06","D",25,"D",,"A",,"A",,"A",,"A"
"20133",2614444,70,0,"2","400","D","04","D",32,"D",,"A",,"A",,"A",,"A"
"20133",2614514,76,0,"1","420","D","06","D",590,"D",,"A",,"A",,"A",,"A"
"20133",2614514,77,0,"1","420","D","06","D",90,"D",,"A",,"A",,"A",,"A"
"20133",2614544,61,0,"1","410","D","06","D",20,"D",,"A",,"A",,"A",,"A"
"20133",2614574,50,0,"1","400","D","05","D",24,"D",,"A",,"A",,"A",,"A"
"20133",2614574,51,0,"1","420","D","06","D",64,"D",,"A",,"A",,"A",,"A"
"20133",2614654,22,0,"1","420","D","04","D",100,"D",,"A",,"A",,"A",,"A"
"20133",2614714,106,0,"1","410","D","04","D",32,"D",,"A",,"A",,"A",,"A"
"20133",2614714,107,0,"1","420","D","04","D",297,"D",,"A",,"A",,"A",,"A"
"20133",2614714,108,0,"1","420","D","04","D",518,"D",,"A",,"A",,"A",,"A"
"20133",2614724,39,0,"1","420","D","06","D",46,"D",,"A",,"A",,"A",,"A"
"20133",2614784,48,0,"1","400","D","06","D",18,"D",,"A",,"A",,"A",,"A"
"20133",2614784,49,0,"1","420","D","06","D",311,"D",,"A",,"A",,"A",,"A"
"20133",2614804,36,0,"1","420","D","06","D",121,"D",,"A",,"A",,"A",,"A"
"20133",2614904,57,0,"1","420","D","06","D",36,"D",,"A",,"A",,"A",,"A"
"20133",2614944,56,0,"1","410","D","05","D",29,"D",,"A",,"A",,"A",,"A"
"20133",2614944,57,0,"2","420","D","04","D",50,"D",,"A",,"A",,"A",,"A"
"20133",2614974,119,0,"1","400","D","04","D",48,"D",,"A",,"A",,"A",,"A"
"20133",2615104,51,0,"1","420","D","06","D",36,"D",,"A",,"A",,"A",,"A"
"20133",2615194,38,0,"1","420","D","05","D",130,"D",,"A",,"A",,"A",,"A"
"20133",2615254,87,0,"1","420","D","04","D",202,"D",,"A",,"A",,"A",,"A"
"20133",2615324,38,0,"1","420","D","06","D",280,"D",,"A",,"A",,"A",,"A"
"20133",2615664,40,0,"1","420","D","06","D",76,"D",,"A",,"A",,"A",,"A"
"20133",2615724,63,0,"1","420","D","06","D",56,"D",,"A",,"A",,"A",,"A"
"20133",2615744,38,0,"1","420","D","06","D",116,"D",,"A",,"A",,"A",,"A"
"20133",2615764,18,0,"1","400","D","06","D",30,"D",,"A",,"A",,"A",,"A"
"20133",2615904,37,0,"1","420","D","06","D",75,"D",,"A",,"A",,"A",,"A"
"20133",2616134,45,0,"1","420","D","06","D",443,"D",,"A",,"A",,"A",,"A"
"20133",2616134,46,0,"2","400","D","04","D",10,"D",,"A",,"A",,"A",,"A"
"20133",2616204,29,0,"2","410","D","04","D",35,"D",,"A",,"A",,"A",,"A"
"20133",2616274,48,0,"1","410","D","04","D",15,"D",,"A",,"A",,"A",,"A"
"20133",2616384,21,0,"1","400","D","05","D",45,"D",,"A",,"A",,"A",,"A"
"20133",2616534,51,0,"1","400","D","04","D",27,"D",,"A",,"A",,"A",,"A"
"20133",2616594,41,0,"1","420","D","06","D",40,"D",,"A",,"A",,"A",,"A"
"20133",2616644,28,0,"1","420","D","06","D",70,"D",,"A",,"A",,"A",,"A"
"20133",2616644,29,0,"1","400","D","06","D",30,"D",,"A",,"A",,"A",,"A"
"20133",2616664,49,0,"1","420","D","04","D",86,"D",,"A",,"A",,"A",,"A"
"20133",2616664,50,0,"1","400","D","05","D",146,"D",,"A",,"A",,"A",,"A"
"20133",2616664,51,0,"1","400","D","05","D",221,"D",,"A",,"A",,"A",,"A"
"20133",2616704,53,0,"1","430","D","06","D",.,"H","400","D","415","D",,"A",,"A"
"20133",2616704,53,1,"1","400","D","06","D",10,"E",,"A",,"A",,"A",,"A"
"20133",2616704,53,2,"1","420","D","06","D",65,"E",,"A",,"A",,"A",,"A"
"20133",2616874,66,0,"1","400","D","05","D",32,"D",,"A",,"A",,"A",,"A"
"20133",2616874,67,0,"1","420","D","05","D",150,"D",,"A",,"A",,"A",,"A"
"20133",2616884,30,0,"1","420","D","04","D",180,"D",,"A",,"A",,"A",,"A"
"20133",2616914,42,0,"1","430","D","05","D",.,"H","415","D","400","D",,"A",,"A"
"20133",2616914,42,1,"1","420","D","05","D",32,"E",,"A",,"A",,"A",,"A"
"20133",2616914,42,2,"1","400","D","05","D",21,"E",,"A",,"A",,"A",,"A"
"20133",2616924,66,0,"1","405","D","06","D",620,"D",,"A",,"A",,"A",,"A"
"20133",2617014,57,0,"1","420","D","06","D",204,"D",,"A",,"A",,"A",,"A"
"20133",2617014,58,0,"1","420","D","05","D",102,"D",,"A",,"A",,"A",,"A"
"20133",2617034,23,0,"1","420","D","05","D",38,"D",,"A",,"A",,"A",,"A"
"20133",2617054,45,0,"2","420","D","04","D",21,"D",,"A",,"A",,"A",,"A"
"20133",2617054,46,0,"2","405","D","04","D",139,"D",,"A",,"A",,"A",,"A"
"20133",2617104,62,0,"1","430","D","04","D",.,"H","415","D","410","D",,"A",,"A"
"20133",2617104,62,1,"1","420","D","04","D",76,"E",,"A",,"A",,"A",,"A"
"20133",2617104,62,2,"1","410","D","04","D",37,"E",,"A",,"A",,"A",,"A"
"20133",2617114,32,0,"1","420","D","06","D",100,"D",,"A",,"A",,"A",,"A"
"20133",2617124,49,0,"1","420","D","05","D",280,"D",,"A",,"A",,"A",,"A"
"20133",2617194,20,0,"1","405","D","05","D",62,"D",,"A",,"A",,"A",,"A"
"20133",2617224,38,0,"1","420","D","06","D",200,"D",,"A",,"A",,"A",,"A"
"20133",2617244,80,0,"1","410","D","06","D",37,"D",,"A",,"A",,"A",,"A"
"20133",2617254,33,0,"1","420","D","04","D",86,"D",,"A",,"A",,"A",,"A"
"20133",2617254,34,0,"1","400","D","04","D",50,"D",,"A",,"A",,"A",,"A"
"20133",2617294,37,0,"1","400","D","06","D",60,"D",,"A",,"A",,"A",,"A"
"20133",2617294,38,0,"1","420","D","06","D",135,"D",,"A",,"A",,"A",,"A"
"20133",2617304,39,0,"1","400","D","04","D",20,"D",,"A",,"A",,"A",,"A"
"20133",2617604,30,0,"1","420","D","05","D",45,"D",,"A",,"A",,"A",,"A"
"20133",2617764,21,0,"1","420","D","05","D",160,"D",,"A",,"A",,"A",,"A"
"20133",2617784,52,0,"1","420","D","04","D",208,"D",,"A",,"A",,"A",,"A"
"20133",2617854,49,0,"1","420","D","06","D",107,"D",,"A",,"A",,"A",,"A"
"20133",2617894,58,0,"1","420","D","06","D",18,"D",,"A",,"A",,"A",,"A"
"20133",2617944,34,0,"1","420","D","05","D",156,"D",,"A",,"A",,"A",,"A"
"20133",2617964,21,0,"1","420","D","06","D",187,"D",,"A",,"A",,"A",,"A"
"20133",2617994,52,0,"1","420","D","05","D",100,"D",,"A",,"A",,"A",,"A"
"20133",2618034,27,0,"1","410","D","06","D",12,"D",,"A",,"A",,"A",,"A"
"20133",2618034,28,0,"1","420","D","04","D",52,"D",,"A",,"A",,"A",,"A"
"20133",2618034,29,0,"1","420","D","04","D",7,"D",,"A",,"A",,"A",,"A"
"20133",2618134,62,0,"1","420","D","06","D",170,"D",,"A",,"A",,"A",,"A"
"20133",2618144,54,0,"1","410","D","04","D",14,"D",,"A",,"A",,"A",,"A"
"20133",2618294,30,0,"1","410","D","05","D",18,"D",,"A",,"A",,"A",,"A"
"20133",2618544,32,0,"1","420","D","06","D",39,"D",,"A",,"A",,"A",,"A"
"20133",2618604,65,0,"1","420","D","05","D",40,"D",,"A",,"A",,"A",,"A"
"20133",2618604,66,0,"1","400","D","06","D",40,"D",,"A",,"A",,"A",,"A"
"20133",2618634,30,0,"2","420","D","04","D",100,"D",,"A",,"A",,"A",,"A"
"20133",2618634,31,0,"2","410","D","04","D",18,"D",,"A",,"A",,"A",,"A"
"20133",2618934,26,0,"1","420","D","06","D",138,"D",,"A",,"A",,"A",,"A"
"20133",2619034,73,0,"1","420","D","05","D",35,"D",,"A",,"A",,"A",,"A"
"20133",2619044,40,0,"1","410","D","06","D",36,"D",,"A",,"A",,"A",,"A"
"20133",2619084,37,0,"2","420","D","04","D",12,"D",,"A",,"A",,"A",,"A"
"20133",2619114,40,0,"1","420","D","06","D",101,"D",,"A",,"A",,"A",,"A"
"20133",2619194,63,0,"1","400","D","04","D",82,"D",,"A",,"A",,"A",,"A"
"20133",2619194,64,0,"1","420","D","04","D",100,"F",,"A",,"A",,"A",,"A"
"20133",2619194,65,0,"2","430","D","04","D",.,"H","415","D","400","D",,"A",,"A"
"20133",2619194,65,1,"2","420","D","04","D",136,"E",,"A",,"A",,"A",,"A"
"20133",2619194,65,2,"2","400","D","04","D",39,"E",,"A",,"A",,"A",,"A"
"20133",2619324,47,0,"2","420","D","04","D",46,"D",,"A",,"A",,"A",,"A"
"20133",2619374,40,0,"1","420","D","06","D",218,"D",,"A",,"A",,"A",,"A"
"20133",2619384,29,0,"2","410","D","04","D",13,"D",,"A",,"A",,"A",,"A"
"20133",2619604,31,0,"1","400","D","04","D",25,"D",,"A",,"A",,"A",,"A"
"20133",2619854,33,0,"2","420","D","04","D",41,"D",,"A",,"A",,"A",,"A"
"20133",2620004,63,0,"1","420","D","06","D",36,"D",,"A",,"A",,"A",,"A"
"20133",2620164,74,0,"1","405","D","05","D",300,"D",,"A",,"A",,"A",,"A"
"20133",2620174,40,0,"1","420","D","04","D",35,"D",,"A",,"A",,"A",,"A"
"20133",2620224,40,0,"1","420","D","06","D",75,"D",,"A",,"A",,"A",,"A"
"20133",2620304,30,0,"1","420","D","05","D",140,"D",,"A",,"A",,"A",,"A"
"20133",2620314,55,0,"1","420","D","06","D",35,"D",,"A",,"A",,"A",,"A"
"20133",2620444,54,0,"1","410","D","04","D",31,"D",,"A",,"A",,"A",,"A"
"20133",2620564,31,0,"1","420","D","06","D",58,"D",,"A",,"A",,"A",,"A"
"20133",2620654,43,0,"1","420","D","05","D",115,"D",,"A",,"A",,"A",,"A"
"20133",2620774,76,0,"1","400","D","06","D",40,"D",,"A",,"A",,"A",,"A"
"20133",2620774,77,0,"1","420","D","06","D",441,"D",,"A",,"A",,"A",,"A"
"20133",2620804,50,0,"1","420","D","05","D",65,"D",,"A",,"A",,"A",,"A"
"20133",2620804,51,0,"1","420","D","05","D",15,"D",,"A",,"A",,"A",,"A"
"20133",2620884,48,0,"1","420","D","05","D",120,"D",,"A",,"A",,"A",,"A"
"20133",2620924,73,0,"1","400","D","06","D",30,"D",,"A",,"A",,"A",,"A"
"20133",2620984,34,0,"1","420","D","06","D",62,"D",,"A",,"A",,"A",,"A"
"20133",2621044,30,0,"1","420","D","06","D",240,"D",,"A",,"A",,"A",,"A"
"20133",2621064,52,0,"1","420","D","05","D",36,"D",,"A",,"A",,"A",,"A"
"20133",2621154,30,0,"1","420","D","05","D",130,"D",,"A",,"A",,"A",,"A"
"20133",2621204,32,0,"2","400","D","04","D",15,"D",,"A",,"A",,"A",,"A"
"20133",2621234,49,0,"1","430","D","05","D",.,"H","400","D","415","D",,"A",,"A"
"20133",2621234,49,1,"1","400","D","05","D",51,"E",,"A",,"A",,"A",,"A"
"20133",2621234,49,2,"1","420","D","05","D",178,"E",,"A",,"A",,"A",,"A"
"20133",2621274,15,0,"1","420","D","05","D",34,"D",,"A",,"A",,"A",,"A"
"20133",2621324,48,0,"1","410","D","06","D",40,"D",,"A",,"A",,"A",,"A"
"20133",2621434,62,0,"1","420","D","05","D",75,"D",,"A",,"A",,"A",,"A"
"20133",2621484,27,0,"2","420","D","04","D",87,"D",,"A",,"A",,"A",,"A"
"20133",2621934,29,0,"1","420","D","06","D",124,"D",,"A",,"A",,"A",,"A"
"20133",2622244,68,0,"1","400","D","04","D",29,"D",,"A",,"A",,"A",,"A"
"20133",2622244,69,0,"1","410","D","04","D",50,"D",,"A",,"A",,"A",,"A"
"20133",2622244,70,0,"1","420","D","04","D",152,"D",,"A",,"A",,"A",,"A"
"20133",2622304,30,0,"1","410","D","05","D",72,"D",,"A",,"A",,"A",,"A"
"20133",2622304,31,0,"1","420","D","04","D",36,"D",,"A",,"A",,"A",,"A"
"20133",2622474,47,0,"2","420","D","04","D",252,"D",,"A",,"A",,"A",,"A"
"20133",2622534,52,0,"1","420","D","05","D",196,"D",,"A",,"A",,"A",,"A"
"20133",2622614,34,0,"1","405","D","06","D",200,"D",,"A",,"A",,"A",,"A"
"20133",2622614,35,0,"1","420","D","06","D",80,"D",,"A",,"A",,"A",,"A"
"20133",2622684,31,0,"1","420","D","06","D",80,"D",,"A",,"A",,"A",,"A"
"20133",2622684,32,0,"1","420","D","06","D",101,"D",,"A",,"A",,"A",,"A"
"20133",2622714,66,0,"1","420","D","04","D",400,"D",,"A",,"A",,"A",,"A"
"20133",2622774,38,0,"1","430","D","05","D",.,"H","415","D","410","D",,"A",,"A"
"20133",2622774,38,1,"1","420","D","05","D",25,"E",,"A",,"A",,"A",,"A"
"20133",2622774,38,2,"1","410","D","05","D",18,"E",,"A",,"A",,"A",,"A"
"20133",2622954,32,0,"1","400","D","04","D",20,"D",,"A",,"A",,"A",,"A"
"20133",2622954,33,0,"1","420","D","04","D",140,"D",,"A",,"A",,"A",,"A"
"20133",2622994,43,0,"1","420","D","06","D",70,"D",,"A",,"A",,"A",,"A"
"20133",2623034,26,0,"1","420","D","05","D",200,"D",,"A",,"A",,"A",,"A"
"20133",2623044,42,0,"1","410","D","04","D",40,"D",,"A",,"A",,"A",,"A"
"20133",2623044,43,0,"1","420","D","04","D",62,"D",,"A",,"A",,"A",,"A"
"20133",2623054,76,0,"1","410","D","05","D",40,"D",,"A",,"A",,"A",,"A"
"20133",2623054,77,0,"1","420","D","05","D",56,"D",,"A",,"A",,"A",,"A"
"20133",2623134,39,0,"1","400","D","06","D",40,"F",,"A",,"A",,"A",,"A"
"20133",2623144,60,0,"1","420","D","06","D",1000,"D",,"A",,"A",,"A",,"A"
"20133",2623144,61,0,"2","420","D","04","D",400,"D",,"A",,"A",,"A",,"A"
"20133",2623204,45,0,"1","420","D","05","D",35,"D",,"A",,"A",,"A",,"A"
"20133",2623264,27,0,"1","420","D","06","D",62,"D",,"A",,"A",,"A",,"A"
"20133",2623324,44,0,"1","400","D","06","D",50,"D",,"A",,"A",,"A",,"A"
"20133",2623324,45,0,"1","410","D","06","D",29,"D",,"A",,"A",,"A",,"A"
"20133",2623334,13,0,"1","420","D","06","D",120,"D",,"A",,"A",,"A",,"A"
"20133",2623344,44,0,"1","420","D","05","D",99,"D",,"A",,"A",,"A",,"A"
"20133",2623404,38,0,"2","410","D","04","D",25,"D",,"A",,"A",,"A",,"A"
"20133",2623404,39,0,"2","405","D","04","D",25,"D",,"A",,"A",,"A",,"A"
"20133",2623434,27,0,"1","410","D","05","D",20,"D",,"A",,"A",,"A",,"A"
"20133",2623574,38,0,"1","400","D","06","D",20,"D",,"A",,"A",,"A",,"A"
"20133",2623724,33,0,"1","400","D","04","D",30,"D",,"A",,"A",,"A",,"A"
"20133",2623724,34,0,"1","405","D","06","D",490,"D",,"A",,"A",,"A",,"A"
"20133",2623794,38,0,"1","420","D","06","D",150,"D",,"A",,"A",,"A",,"A"
"20133",2623804,15,0,"1","420","D","05","D",54,"D",,"A",,"A",,"A",,"A"
"20133",2623894,24,0,"1","420","D","05","D",90,"D",,"A",,"A",,"A",,"A"
"20133",2623894,25,0,"1","420","D","05","D",76,"D",,"A",,"A",,"A",,"A"
"20133",2623904,23,0,"1","420","D","05","D",20,"D",,"A",,"A",,"A",,"A"
"20133",2623904,24,0,"1","405","D","05","D",9,"D",,"A",,"A",,"A",,"A"
"20133",2624094,36,0,"1","420","D","06","D",65,"D",,"A",,"A",,"A",,"A"
"20133",2624344,34,0,"1","410","D","05","D",21,"D",,"A",,"A",,"A",,"A"
"20133",2624404,34,0,"1","420","D","05","D",138,"D",,"A",,"A",,"A",,"A"
"20133",2624404,35,0,"1","420","D","06","D",138,"D",,"A",,"A",,"A",,"A"
"20133",2624414,26,0,"1","410","D","07","D",40,"D",,"A",,"A",,"A",,"A"
"20133",2624424,37,0,"1","410","D","07","D",70,"D",,"A",,"A",,"A",,"A"
"20133",2624654,32,0,"1","420","D","07","D",117,"D",,"A",,"A",,"A",,"A"
"20133",2624714,65,0,"1","420","D","07","D",182,"D",,"A",,"A",,"A",,"A"
"20133",2624954,23,0,"1","420","D","07","D",220,"D",,"A",,"A",,"A",,"A"
"20133",2624994,23,0,"1","420","D","06","D",99,"D",,"A",,"A",,"A",,"A"
"20133",2625084,72,0,"1","420","D","06","D",35,"D",,"A",,"A",,"A",,"A"
"20133",2625114,15,0,"1","420","D","06","D",104,"D",,"A",,"A",,"A",,"A"
"20133",2625144,40,0,"2","410","D","05","D",20,"D",,"A",,"A",,"A",,"A"
"20133",2625174,31,0,"1","420","D","06","D",75,"D",,"A",,"A",,"A",,"A"
"20133",2625234,28,0,"2","420","D","05","D",127,"D",,"A",,"A",,"A",,"A"
"20133",2625294,36,0,"1","420","D","07","D",265,"D",,"A",,"A",,"A",,"A"
"20133",2625324,50,0,"1","410","D","07","D",13,"D",,"A",,"A",,"A",,"A"
"20133",2625324,51,0,"1","420","D","07","D",228,"D",,"A",,"A",,"A",,"A"
"20133",2625354,20,0,"1","420","D","06","D",75,"D",,"A",,"A",,"A",,"A"
"20133",2625454,22,0,"2","420","D","05","D",72,"D",,"A",,"A",,"A",,"A"
"20133",2625804,34,0,"1","420","D","07","D",36,"D",,"A",,"A",,"A",,"A"
"20133",2625864,18,0,"1","400","D","07","D",37,"D",,"A",,"A",,"A",,"A"
"20133",2625884,62,0,"1","420","D","06","D",216,"D",,"A",,"A",,"A",,"A"
"20133",2625884,63,0,"1","420","D","06","D",240,"D",,"A",,"A",,"A",,"A"
"20133",2625934,41,0,"1","400","D","07","D",50,"D",,"A",,"A",,"A",,"A"
"20133",2625944,38,0,"2","410","D","05","D",30,"D",,"A",,"A",,"A",,"A"
"20133",2625994,41,0,"1","410","D","07","D",10,"D",,"A",,"A",,"A",,"A"
"20133",2626084,28,0,"1","420","D","07","D",70,"D",,"A",,"A",,"A",,"A"
"20133",2626464,52,0,"1","420","D","06","D",37,"D",,"A",,"A",,"A",,"A"
"20133",2626664,25,0,"1","410","D","05","D",80,"D",,"A",,"A",,"A",,"A"
"20133",2626664,26,0,"1","420","D","05","D",36,"D",,"A",,"A",,"A",,"A"
"20133",2626914,40,0,"1","400","D","06","D",35,"D",,"A",,"A",,"A",,"A"
"20133",2627004,36,0,"1","420","D","05","D",370,"D",,"A",,"A",,"A",,"A"
"20133",2627154,33,0,"1","420","D","07","D",101,"D",,"A",,"A",,"A",,"A"
"20133",2627244,72,0,"2","420","D","05","D",75,"D",,"A",,"A",,"A",,"A"
"20133",2627454,17,0,"1","400","D","05","D",24,"D",,"A",,"A",,"A",,"A"
"20133",2627694,36,0,"1","420","D","07","D",78,"D",,"A",,"A",,"A",,"A"
"20133",2627814,35,0,"1","400","D","06","D",25,"D",,"A",,"A",,"A",,"A"
"20133",2628144,35,0,"1","410","D","06","D",140,"D",,"A",,"A",,"A",,"A"
"20133",2628154,62,0,"1","410","D","07","D",17,"D",,"A",,"A",,"A",,"A"
"20133",2628154,63,0,"1","420","D","07","D",30,"D",,"A",,"A",,"A",,"A"
"20133",2628194,39,0,"1","420","D","06","D",200,"D",,"A",,"A",,"A",,"A"
"20133",2628284,88,0,"1","410","D","05","D",15,"D",,"A",,"A",,"A",,"A"
"20133",2628284,89,0,"1","430","D","05","D",.,"H","415","D","410","D",,"A",,"A"
"20133",2628284,89,1,"1","420","D","05","D",47,"E",,"A",,"A",,"A",,"A"
"20133",2628284,89,2,"1","410","D","05","D",23,"E",,"A",,"A",,"A",,"A"
"20133",2628304,52,0,"1","405","D","07","D",49,"D",,"A",,"A",,"A",,"A"
"20133",2628344,75,0,"1","400","D","07","D",20,"D",,"A",,"A",,"A",,"A"
"20133",2628394,71,0,"1","430","D","07","D",.,"H","410","D","400","D","415","D",,"A"
"20133",2628394,71,1,"1","410","D","07","D",48,"E",,"A",,"A",,"A",,"A"
"20133",2628394,71,2,"1","400","D","07","D",100,"E",,"A",,"A",,"A",,"A"
"20133",2628394,71,3,"1","420","D","07","D",172,"E",,"A",,"A",,"A",,"A"
"20133",2628394,72,0,"2","430","D","05","D",.,"H","400","D","410","D",,"A",,"A"
"20133",2628394,72,1,"2","400","D","05","D",135,"E",,"A",,"A",,"A",,"A"
"20133",2628394,72,2,"2","410","D","05","D",65,"E",,"A",,"A",,"A",,"A"
"20133",2628424,62,0,"1","410","D","06","D",29,"D",,"A",,"A",,"A",,"A"
"20133",2628444,39,0,"1","410","D","07","D",15,"D",,"A",,"A",,"A",,"A"
"20133",2628524,58,0,"1","400","D","07","D",23,"D",,"A",,"A",,"A",,"A"
"20133",2628534,57,0,"1","430","D","07","D",.,"H","425","D","415","D",,"A",,"A"
"20133",2628534,57,1,"1","420","D","07","D",75,"E",,"A",,"A",,"A",,"A"
"20133",2628534,57,2,"1","420","D","07","D",225,"E",,"A",,"A",,"A",,"A"
"20133",2628584,76,0,"1","420","D","05","D",42,"D",,"A",,"A",,"A",,"A"
"20133",2628624,23,0,"2","430","D","05","D",.,"H","405","D","415","D",,"A",,"A"
"20133",2628624,23,1,"2","420","D","05","D",371,"E",,"A",,"A",,"A",,"A"
"20133",2628654,45,0,"2","420","D","05","D",86,"D",,"A",,"A",,"A",,"A"
"20133",2628664,49,0,"1","420","D","07","D",48,"D",,"A",,"A",,"A",,"A"
"20133",2628724,39,0,"1","420","D","05","D",70,"D",,"A",,"A",,"A",,"A"
"20133",2628724,40,0,"1","410","D","06","D",32,"D",,"A",,"A",,"A",,"A"
"20133",2628724,41,0,"1","405","D","06","D",168,"D",,"A",,"A",,"A",,"A"
"20133",2628754,43,0,"2","410","D","05","D",45,"D",,"A",,"A",,"A",,"A"
"20133",2628774,47,0,"2","420","D","05","D",280,"D",,"A",,"A",,"A",,"A"
"20133",2628774,48,0,"2","420","D","05","D",180,"D",,"A",,"A",,"A",,"A"
"20133",2628824,44,0,"1","400","D","06","D",95,"D",,"A",,"A",,"A",,"A"
"20133",2628824,45,0,"1","400","D","06","D",43,"D",,"A",,"A",,"A",,"A"
"20133",2628874,50,0,"1","420","D","06","D",5,"D",,"A",,"A",,"A",,"A"
"20133",2628914,28,0,"1","420","D","05","D",252,"D",,"A",,"A",,"A",,"A"
"20133",2628924,65,0,"1","420","D","05","D",50,"D",,"A",,"A",,"A",,"A"
"20133",2628934,52,0,"1","420","D","07","D",75,"D",,"A",,"A",,"A",,"A"
"20133",2628984,39,0,"1","410","D","06","D",17,"D",,"A",,"A",,"A",,"A"
"20133",2629064,24,0,"1","410","D","06","D",72,"D",,"A",,"A",,"A",,"A"
"20133",2629064,25,0,"1","420","D","06","D",36,"D",,"A",,"A",,"A",,"A"
"20133",2629084,34,0,"1","400","D","07","D",34,"D",,"A",,"A",,"A",,"A"
"20133",2629244,28,0,"1","420","D","06","D",141,"D",,"A",,"A",,"A",,"A"
"20133",2629294,37,0,"1","420","D","06","D",41,"D",,"A",,"A",,"A",,"A"
"20133",2629324,37,0,"1","420","D","05","D",24,"D",,"A",,"A",,"A",,"A"
"20133",2629324,38,0,"1","420","D","05","D",24,"D",,"A",,"A",,"A",,"A"
"20133",2629324,39,0,"1","405","D","05","D",122,"D",,"A",,"A",,"A",,"A"
"20133",2629324,40,0,"1","405","D","05","D",124,"D",,"A",,"A",,"A",,"A"
"20133",2629374,43,0,"2","405","D","05","D",165,"D",,"A",,"A",,"A",,"A"
"20133",2629384,46,0,"1","400","D","07","D",80,"D",,"A",,"A",,"A",,"A"
"20133",2629554,80,0,"1","420","D","05","D",120,"D",,"A",,"A",,"A",,"A"
"20133",2629584,32,0,"1","410","D","06","D",29,"D",,"A",,"A",,"A",,"A"
"20133",2629584,33,0,"1","420","D","06","D",49,"D",,"A",,"A",,"A",,"A"
"20133",2629614,27,0,"1","405","D","06","D",125,"D",,"A",,"A",,"A",,"A"
"20133",2629814,83,0,"2","400","D","05","D",25,"D",,"A",,"A",,"A",,"A"
"20133",2629844,33,0,"1","420","D","07","D",100,"D",,"A",,"A",,"A",,"A"
"20133",2629894,52,0,"1","400","D","07","D",25,"D",,"A",,"A",,"A",,"A"
"20133",2629974,31,0,"1","420","D","05","D",78,"D",,"A",,"A",,"A",,"A"
"20133",2629984,38,0,"1","420","D","05","D",65,"D",,"A",,"A",,"A",,"A"
"20133",2630024,33,0,"1","420","D","06","D",130,"D",,"A",,"A",,"A",,"A"
"20133",2630024,34,0,"2","420","D","05","D",310,"D",,"A",,"A",,"A",,"A"
"20133",2630104,21,0,"1","400","D","06","D",25,"D",,"A",,"A",,"A",,"A"
"20133",2630184,33,0,"1","400","D","07","D",23,"D",,"A",,"A",,"A",,"A"
"20133",2630234,80,0,"1","420","D","06","D",70,"D",,"A",,"A",,"A",,"A"
"20133",2630244,139,0,"1","420","D","07","D",98,"D",,"A",,"A",,"A",,"A"
"20133",2630244,140,0,"1","420","D","07","D",35,"D",,"A",,"A",,"A",,"A"
"20133",2630274,45,0,"1","410","D","06","D",15,"D",,"A",,"A",,"A",,"A"
"20133",2630314,51,0,"1","405","D","06","D",340,"D",,"A",,"A",,"A",,"A"
"20133",2630454,32,0,"1","410","D","05","D",72,"D",,"A",,"A",,"A",,"A"
"20133",2630454,33,0,"1","420","D","07","D",36,"D",,"A",,"A",,"A",,"A"
"20133",2630524,61,0,"1","420","D","05","D",80,"D",,"A",,"A",,"A",,"A"
"20133",2630524,62,0,"1","400","D","06","D",20,"D",,"A",,"A",,"A",,"A"
"20133",2630564,31,0,"1","410","D","07","D",40,"D",,"A",,"A",,"A",,"A"
"20133",2630564,32,0,"1","420","D","05","D",52,"D",,"A",,"A",,"A",,"A"
"20133",2630574,39,0,"1","420","D","07","D",36,"D",,"A",,"A",,"A",,"A"
"20133",2630574,40,0,"1","410","D","07","D",57,"D",,"A",,"A",,"A",,"A"
"20133",2630604,74,0,"1","420","D","07","D",160,"D",,"A",,"A",,"A",,"A"
"20133",2630604,75,0,"2","420","D","05","D",54,"F",,"A",,"A",,"A",,"A"
"20133",2630934,21,0,"1","405","D","07","D",288,"D",,"A",,"A",,"A",,"A"
"20133",2630974,62,0,"1","410","D","07","D",20,"D",,"A",,"A",,"A",,"A"
"20133",2630974,63,0,"1","405","D","07","D",146,"D",,"A",,"A",,"A",,"A"
"20133",2631074,25,0,"1","420","D","07","D",39,"D",,"A",,"A",,"A",,"A"
"20133",2631084,47,0,"1","420","D","07","D",50,"D",,"A",,"A",,"A",,"A"
"20133",2631124,74,0,"1","420","D","07","D",20,"D",,"A",,"A",,"A",,"A"
"20133",2631124,75,0,"2","400","D","05","D",40,"D",,"A",,"A",,"A",,"A"
"20133",2631154,24,0,"1","420","D","07","D",212,"D",,"A",,"A",,"A",,"A"
"20133",2631174,37,0,"1","430","D","06","D",.,"H","415","D","410","D",,"A",,"A"
"20133",2631174,37,1,"1","420","D","06","D",101,"E",,"A",,"A",,"A",,"A"
"20133",2631174,37,2,"1","410","D","06","D",49,"E",,"A",,"A",,"A",,"A"
"20133",2631314,58,0,"1","405","D","05","D",200,"D",,"A",,"A",,"A",,"A"
"20133",2631314,59,0,"2","405","D","05","D",303,"D",,"A",,"A",,"A",,"A"
"20133",2631564,47,0,"1","410","D","07","D",37,"D",,"A",,"A",,"A",,"A"
"20133",2631624,36,0,"1","410","D","07","D",35,"D",,"A",,"A",,"A",,"A"
"20133",2631624,37,0,"1","420","D","07","D",36,"D",,"A",,"A",,"A",,"A"
"20133",2631814,42,0,"1","420","D","07","D",40,"D",,"A",,"A",,"A",,"A"
"20133",2631834,14,0,"1","420","D","06","D",176,"D",,"A",,"A",,"A",,"A"
"20133",2632034,63,0,"1","420","D","07","D",100,"D",,"A",,"A",,"A",,"A"
"20133",2632224,29,0,"1","420","D","05","D",25,"D",,"A",,"A",,"A",,"A"
"20133",2632255,33,0,"1","420","D","06","D",100,"D",,"A",,"A",,"A",,"A"
"20133",2632334,94,0,"1","400","D","06","D",20,"D",,"A",,"A",,"A",,"A"
"20133",2632564,53,0,"1","400","D","07","D",75,"F",,"A",,"A",,"A",,"A"
"20133",2632564,54,0,"1","420","D","07","D",69,"D",,"A",,"A",,"A",,"A"
"20133",2632574,43,0,"2","400","D","05","D",24,"D",,"A",,"A",,"A",,"A"
"20133",2632634,18,0,"1","400","D","06","D",84,"D",,"A",,"A",,"A",,"A"
"20133",2632644,65,0,"1","410","D","06","D",53,"D",,"A",,"A",,"A",,"A"
"20133",2632644,66,0,"1","410","D","07","D",56,"D",,"A",,"A",,"A",,"A"
"20133",2632644,67,0,"1","420","D","07","D",36,"D",,"A",,"A",,"A",,"A"
"20133",2632694,77,0,"1","400","D","05","D",40,"D",,"A",,"A",,"A",,"A"
"20133",2632694,78,0,"2","410","D","05","D",25,"D",,"A",,"A",,"A",,"A"
"20133",2632694,79,0,"2","405","D","05","D",254,"D",,"A",,"A",,"A",,"A"
"20133",2632804,47,0,"1","420","D","06","D",200,"D",,"A",,"A",,"A",,"A"
"20133",2632924,53,0,"1","420","D","06","D",36,"D",,"A",,"A",,"A",,"A"
"20133",2633024,31,0,"1","400","D","06","D",30,"D",,"A",,"A",,"A",,"A"
"20133",2633024,32,0,"1","420","D","05","D",8,"D",,"A",,"A",,"A",,"A"
"20133",2633024,33,0,"1","410","D","05","D",16,"D",,"A",,"A",,"A",,"A"
"20133",2633234,44,0,"1","420","D","07","D",220,"D",,"A",,"A",,"A",,"A"
"20133",2633274,32,0,"1","420","D","05","D",100,"D",,"A",,"A",,"A",,"A"
"20133",2633284,23,0,"1","420","D","07","D",119,"D",,"A",,"A",,"A",,"A"
"20133",2633334,31,0,"1","420","D","07","D",101,"D",,"A",,"A",,"A",,"A"
"20133",2633334,32,0,"1","410","D","06","D",50,"D",,"A",,"A",,"A",,"A"
"20133",2633344,44,0,"1","420","D","06","D",65,"D",,"A",,"A",,"A",,"A"
"20133",2633364,36,0,"1","420","D","06","D",215,"D",,"A",,"A",,"A",,"A"
"20133",2633485,44,0,"1","400","D","07","D",25,"D",,"A",,"A",,"A",,"A"
"20133",2633564,35,0,"1","410","D","07","D",63,"D",,"A",,"A",,"A",,"A"
"20133",2633584,42,0,"1","420","D","07","D",150,"D",,"A",,"A",,"A",,"A"
"20133",2633584,43,0,"1","420","D","05","D",1000,"D",,"A",,"A",,"A",,"A"
"20133",2633654,48,0,"1","410","D","06","D",31,"D",,"A",,"A",,"A",,"A"
"20133",2633654,49,0,"1","420","D","06","D",131,"D",,"A",,"A",,"A",,"A"
"20133",2633714,50,0,"1","430","D","07","D",.,"H","410","D","415","D",,"A",,"A"
"20133",2633714,50,1,"1","410","D","07","D",42,"E",,"A",,"A",,"A",,"A"
"20133",2633714,50,2,"1","420","D","07","D",86,"E",,"A",,"A",,"A",,"A"
"20133",2633814,42,0,"1","400","D","06","D",25,"D",,"A",,"A",,"A",,"A"
"20133",2633814,43,0,"1","420","D","07","D",98,"D",,"A",,"A",,"A",,"A"
"20133",2634064,68,0,"1","420","D","07","D",60,"D",,"A",,"A",,"A",,"A"
"20133",2634104,54,0,"1","400","D","06","D",36,"D",,"A",,"A",,"A",,"A"
"20133",2634144,34,0,"2","420","D","05","D",133,"D",,"A",,"A",,"A",,"A"
"20133",2634184,35,0,"1","420","D","06","D",108,"D",,"A",,"A",,"A",,"A"
"20133",2634184,36,0,"1","405","D","05","D",178,"D",,"A",,"A",,"A",,"A"
"20133",2634184,37,0,"2","405","D","05","D",178,"D",,"A",,"A",,"A",,"A"
"20133",2634264,52,0,"1","420","D","06","D",65,"D",,"A",,"A",,"A",,"A"
"20133",2634264,53,0,"1","420","D","07","D",75,"D",,"A",,"A",,"A",,"A"
"20133",2634534,22,0,"1","410","D","07","D",45,"D",,"A",,"A",,"A",,"A"
"20133",2634534,23,0,"1","420","D","07","D",109,"D",,"A",,"A",,"A",,"A"
"20133",2634544,30,0,"1","420","D","06","D",50,"D",,"A",,"A",,"A",,"A"
"20133",2634554,69,0,"1","420","D","05","D",127,"D",,"A",,"A",,"A",,"A"
"20133",2634594,35,0,"1","420","D","06","D",125,"D",,"A",,"A",,"A",,"A"
"20133",2634594,36,0,"1","405","D","07","D",328,"D",,"A",,"A",,"A",,"A"
"20133",2634654,19,0,"1","410","D","05","D",16,"D",,"A",,"A",,"A",,"A"
"20133",2634684,34,0,"1","420","D","07","D",101,"D",,"A",,"A",,"A",,"A"
"20133",2634814,25,0,"1","405","D","06","D",78,"D",,"A",,"A",,"A",,"A"
"20133",2634934,71,0,"1","400","D","07","D",60,"D",,"A",,"A",,"A",,"A"
"20133",2634934,72,0,"1","410","D","07","D",50,"D",,"A",,"A",,"A",,"A"
"20133",2634934,73,0,"1","420","D","07","D",110,"D",,"A",,"A",,"A",,"A"
"20133",2634954,54,0,"1","420","D","06","D",50,"D",,"A",,"A",,"A",,"A"
"20133",2634954,55,0,"1","405","D","06","D",700,"D",,"A",,"A",,"A",,"A"
"20133",2635134,37,0,"1","420","D","06","D",90,"D",,"A",,"A",,"A",,"A"
"20133",2635154,38,0,"1","420","D","05","D",36,"D",,"A",,"A",,"A",,"A"
"20133",2635214,29,0,"2","405","D","05","D",570,"F",,"A",,"A",,"A",,"A"
"20133",2635314,45,0,"2","410","D","05","D",40,"D",,"A",,"A",,"A",,"A"
"20133",2635314,46,0,"2","420","D","05","D",209,"D",,"A",,"A",,"A",,"A"
"20133",2635324,41,0,"1","420","D","07","D",75,"D",,"A",,"A",,"A",,"A"
"20133",2635344,39,0,"1","405","D","07","D",95,"D",,"A",,"A",,"A",,"A"
"20133",2635614,51,0,"1","410","D","07","D",20,"D",,"A",,"A",,"A",,"A"
"20133",2635614,52,0,"1","420","D","07","D",70,"D",,"A",,"A",,"A",,"A"
"20133",2635664,33,0,"2","420","D","05","D",68,"D",,"A",,"A",,"A",,"A"
"20133",2635764,49,0,"1","420","D","05","D",150,"D",,"A",,"A",,"A",,"A"
"20133",2635794,29,0,"1","400","D","06","D",20,"D",,"A",,"A",,"A",,"A"
"20133",2635814,20,0,"1","430","D","05","D",.,"H","410","D","415","D",,"A",,"A"
"20133",2635814,20,1,"1","410","D","05","D",27,"E",,"A",,"A",,"A",,"A"
"20133",2635814,20,2,"1","420","D","05","D",57,"E",,"A",,"A",,"A",,"A"
"20133",2635814,21,0,"1","430","D","06","D",.,"H","410","D","415","D",,"A",,"A"
"20133",2635814,21,1,"1","410","D","06","D",35,"E",,"A",,"A",,"A",,"A"
"20133",2635814,21,2,"1","420","D","06","D",76,"E",,"A",,"A",,"A",,"A"
"20133",2635844,27,0,"1","410","D","08","D",15,"D",,"A",,"A",,"A",,"A"
"20133",2635924,18,0,"1","420","D","07","D",186,"D",,"A",,"A",,"A",,"A"
"20133",2635934,64,0,"2","410","D","06","D",43,"D",,"A",,"A",,"A",,"A"
"20133",2635984,59,0,"1","420","D","06","D",140,"D",,"A",,"A",,"A",,"A"
"20133",2636024,57,0,"1","420","D","06","D",95,"D",,"A",,"A",,"A",,"A"
"20133",2636114,47,0,"1","420","D","07","D",105,"D",,"A",,"A",,"A",,"A"
"20133",2636134,98,0,"1","405","D","07","D",480,"D",,"A",,"A",,"A",,"A"
"20133",2636134,99,0,"2","420","D","06","D",125,"D",,"A",,"A",,"A",,"A"
"20133",2636534,43,0,"1","400","D","08","D",34,"D",,"A",,"A",,"A",,"A"
"20133",2636534,44,0,"1","420","D","08","D",75,"D",,"A",,"A",,"A",,"A"
"20133",2636544,55,0,"1","400","D","07","D",120,"D",,"A",,"A",,"A",,"A"
"20133",2636574,59,0,"1","420","D","08","D",1500,"D",,"A",,"A",,"A",,"A"
"20133",2636574,60,0,"2","400","D","06","D",30,"D",,"A",,"A",,"A",,"A"
"20133",2636624,71,0,"1","420","D","06","D",75,"D",,"A",,"A",,"A",,"A"
"20133",2636734,42,0,"2","420","D","06","D",130,"F",,"A",,"A",,"A",,"A"
"20133",2636874,50,0,"1","420","D","06","D",85,"D",,"A",,"A",,"A",,"A"
"20133",2636874,51,0,"1","420","D","08","D",230,"D",,"A",,"A",,"A",,"A"
"20133",2637054,21,0,"1","420","D","07","D",180,"D",,"A",,"A",,"A",,"A"
"20133",2637074,41,0,"1","420","D","06","D",249,"D",,"A",,"A",,"A",,"A"
"20133",2637084,35,0,"1","410","D","08","D",21,"D",,"A",,"A",,"A",,"A"
"20133",2637454,35,0,"1","410","D","06","D",98,"D",,"A",,"A",,"A",,"A"
"20133",2637484,55,0,"1","420","D","07","D",129,"D",,"A",,"A",,"A",,"A"
"20133",2637534,60,0,"1","420","D","07","D",70,"D",,"A",,"A",,"A",,"A"
"20133",2637534,61,0,"2","410","D","06","D",75,"D",,"A",,"A",,"A",,"A"
"20133",2637654,44,0,"2","420","D","06","D",46,"D",,"A",,"A",,"A",,"A"
"20133",2637814,32,0,"1","410","D","08","D",68,"D",,"A",,"A",,"A",,"A"
"20133",2638154,20,0,"1","420","D","07","D",105,"D",,"A",,"A",,"A",,"A"
"20133",2638244,64,0,"1","420","D","07","D",95,"D",,"A",,"A",,"A",,"A"
"20133",2638294,48,0,"1","400","D","08","D",32,"D",,"A",,"A",,"A",,"A"
"20133",2638324,21,0,"2","430","D","06","D",.,"H","405","D","425","D",,"A",,"A"
"20133",2638324,21,1,"2","405","D","06","D",20,"E",,"A",,"A",,"A",,"A"
"20133",2638324,21,2,"2","420","D","06","D",10,"E",,"A",,"A",,"A",,"A"
"20133",2638374,44,0,"1","420","D","08","D",65,"D",,"A",,"A",,"A",,"A"
"20133",2638494,94,0,"1","410","D","06","D",74,"D",,"A",,"A",,"A",,"A"
"20133",2638504,40,0,"1","400","D","07","D",45,"D",,"A",,"A",,"A",,"A"
"20133",2638544,43,0,"1","420","D","07","D",241,"D",,"A",,"A",,"A",,"A"
"20133",2638604,99,0,"1","420","D","06","D",51,"D",,"A",,"A",,"A",,"A"
"20133",2638724,41,0,"1","410","D","08","D",29,"D",,"A",,"A",,"A",,"A"
"20133",2638734,33,0,"1","410","D","08","D",20,"D",,"A",,"A",,"A",,"A"
"20133",2638734,34,0,"1","420","D","07","D",46,"D",,"A",,"A",,"A",,"A"
"20133",2638744,53,0,"1","400","D","08","D",10,"D",,"A",,"A",,"A",,"A"
"20133",2638744,54,0,"1","430","D","08","D",.,"H","405","D","425","D",,"A",,"A"
"20133",2638744,54,1,"1","405","D","08","D",2200,"E",,"A",,"A",,"A",,"A"
"20133",2638744,55,0,"2","400","D","06","D",10,"D",,"A",,"A",,"A",,"A"
"20133",2638804,42,0,"1","420","D","06","D",63,"D",,"A",,"A",,"A",,"A"
"20133",2638884,48,0,"1","420","D","07","D",110,"D",,"A",,"A",,"A",,"A"
"20133",2638884,49,0,"2","420","D","06","D",42,"D",,"A",,"A",,"A",,"A"
"20133",2639024,43,0,"1","420","D","07","D",75,"D",,"A",,"A",,"A",,"A"
"20133",2639034,21,0,"1","410","D","06","D",12,"D",,"A",,"A",,"A",,"A"
"20133",2639034,22,0,"1","420","D","06","D",20,"D",,"A",,"A",,"A",,"A"
"20133",2639064,38,0,"1","420","D","08","D",209,"D",,"A",,"A",,"A",,"A"
"20133",2639114,36,0,"1","420","D","07","D",101,"D",,"A",,"A",,"A",,"A"
"20133",2639244,75,0,"1","420","D","06","D",445,"D",,"A",,"A",,"A",,"A"
"20133",2639244,76,0,"1","420","D","06","D",180,"D",,"A",,"A",,"A",,"A"
"20133",2639254,43,0,"1","410","D","07","D",20,"D",,"A",,"A",,"A",,"A"
"20133",2639394,44,0,"1","400","D","08","D",28,"D",,"A",,"A",,"A",,"A"
"20133",2639484,38,0,"1","410","D","07","D",130,"D",,"A",,"A",,"A",,"A"
"20133",2639684,48,0,"1","410","D","08","D",10,"D",,"A",,"A",,"A",,"A"
"20133",2639684,49,0,"1","420","D","08","D",115,"D",,"A",,"A",,"A",,"A"
"20133",2639804,24,0,"1","420","D","08","D",90,"D",,"A",,"A",,"A",,"A"
"20133",2640154,55,0,"1","420","D","08","D",116,"D",,"A",,"A",,"A",,"A"
"20133",2640154,56,0,"1","400","D","06","D",35,"D",,"A",,"A",,"A",,"A"
"20133",2640154,57,0,"2","400","D","06","D",35,"D",,"A",,"A",,"A",,"A"
"20133",2640154,58,0,"2","420","D","06","D",226,"D",,"A",,"A",,"A",,"A"
"20133",2640294,40,0,"1","420","D","07","D",386,"D",,"A",,"A",,"A",,"A"
"20133",2640304,56,0,"1","420","D","06","D",64,"D",,"A",,"A",,"A",,"A"
"20133",2640304,57,0,"1","410","D","06","D",40,"D",,"A",,"A",,"A",,"A"
"20133",2640304,58,0,"2","420","D","06","D",65,"D",,"A",,"A",,"A",,"A"
"20133",2640614,37,0,"1","420","D","07","D",105,"D",,"A",,"A",,"A",,"A"
"20133",2640724,33,0,"2","410","D","06","D",72,"D",,"A",,"A",,"A",,"A"
"20133",2640724,34,0,"2","420","D","06","D",36,"D",,"A",,"A",,"A",,"A"
"20133",2640824,34,0,"1","400","D","06","D",50,"D",,"A",,"A",,"A",,"A"
"20133",2640824,35,0,"1","420","D","08","D",50,"D",,"A",,"A",,"A",,"A"
"20133",2640824,36,0,"1","405","D","08","D",307,"F",,"A",,"A",,"A",,"A"
"20133",2640934,22,0,"1","420","D","07","D",71,"D",,"A",,"A",,"A",,"A"
"20133",2640954,38,0,"1","420","D","07","D",100,"D",,"A",,"A",,"A",,"A"
"20133",2640964,36,0,"1","420","D","06","D",40,"D",,"A",,"A",,"A",,"A"
"20133",2640974,41,0,"1","400","D","06","D",30,"D",,"A",,"A",,"A",,"A"
"20133",2641114,36,0,"1","410","D","07","D",16,"D",,"A",,"A",,"A",,"A"
"20133",2641184,44,0,"1","420","D","08","D",110,"D",,"A",,"A",,"A",,"A"
"20133",2641184,45,0,"1","420","D","08","D",187,"D",,"A",,"A",,"A",,"A"
"20133",2641184,46,0,"2","420","D","06","D",110,"D",,"A",,"A",,"A",,"A"
"20133",2641454,66,0,"1","405","D","07","D",1499,"D",,"A",,"A",,"A",,"A"
"20133",2641504,67,0,"1","420","D","08","D",108,"D",,"A",,"A",,"A",,"A"
"20133",2641544,50,0,"1","400","D","07","D",32,"D",,"A",,"A",,"A",,"A"
"20133",2641744,55,0,"2","430","D","06","D",.,"H","415","D","410","D",,"A",,"A"
"20133",2641744,55,1,"2","420","D","06","D",40,"E",,"A",,"A",,"A",,"A"
"20133",2641744,55,2,"2","410","D","06","D",28,"E",,"A",,"A",,"A",,"A"
"20133",2641784,30,0,"1","410","D","08","D",80,"D",,"A",,"A",,"A",,"A"
"20133",2641784,31,0,"1","420","D","08","D",120,"D",,"A",,"A",,"A",,"A"
"20133",2641894,26,0,"1","420","D","08","D",36,"D",,"A",,"A",,"A",,"A"
"20133",2641904,31,0,"1","405","D","07","D",60,"D",,"A",,"A",,"A",,"A"
"20133",2642034,53,0,"1","400","D","08","D",20,"D",,"A",,"A",,"A",,"A"
"20133",2642174,39,0,"1","400","D","06","D",100,"D",,"A",,"A",,"A",,"A"
"20133",2642254,31,0,"1","420","D","08","D",101,"D",,"A",,"A",,"A",,"A"
"20133",2642314,39,0,"1","420","D","08","D",36,"D",,"A",,"A",,"A",,"A"
"20133",2642404,65,0,"1","420","D","08","D",65,"D",,"A",,"A",,"A",,"A"
"20133",2642464,34,0,"1","420","D","08","D",102,"D",,"A",,"A",,"A",,"A"
"20133",2642524,14,0,"1","420","D","07","D",130,"D",,"A",,"A",,"A",,"A"
"20133",2642684,60,0,"1","400","D","08","D",30,"D",,"A",,"A",,"A",,"A"
"20133",2642684,61,0,"1","420","D","08","D",36,"D",,"A",,"A",,"A",,"A"
"20133",2642684,62,0,"1","420","D","08","D",36,"D",,"A",,"A",,"A",,"A"
"20133",2642694,38,0,"1","410","D","08","D",42,"D",,"A",,"A",,"A",,"A"
"20133",2642694,39,0,"2","410","D","06","D",21,"D",,"A",,"A",,"A",,"A"
"20133",2642744,59,0,"1","400","D","08","D",42,"D",,"A",,"A",,"A",,"A"
"20133",2642754,38,0,"1","420","D","08","D",120,"D",,"A",,"A",,"A",,"A"
"20133",2642794,43,0,"1","420","D","08","D",284,"D",,"A",,"A",,"A",,"A"
"20133",2642794,44,0,"1","400","D","06","D",40,"D",,"A",,"A",,"A",,"A"
"20133",2642864,30,0,"1","410","D","08","D",16,"D",,"A",,"A",,"A",,"A"
"20133",2642884,57,0,"1","410","D","06","D",5,"D",,"A",,"A",,"A",,"A"
"20133",2642884,58,0,"1","410","D","07","D",5,"D",,"A",,"A",,"A",,"A"
"20133",2642884,59,0,"1","410","D","08","D",5,"D",,"A",,"A",,"A",,"A"
"20133",2642884,60,0,"1","420","D","06","D",28,"D",,"A",,"A",,"A",,"A"
"20133",2642884,61,0,"1","420","D","07","D",46,"D",,"A",,"A",,"A",,"A"
"20133",2642884,62,0,"1","420","D","08","D",33,"D",,"A",,"A",,"A",,"A"
"20133",2643174,32,0,"1","420","D","08","D",48,"D",,"A",,"A",,"A",,"A"
"20133",2643214,25,0,"1","420","D","06","D",245,"D",,"A",,"A",,"A",,"A"
"20133",2643264,64,0,"1","400","D","08","D",49,"D",,"A",,"A",,"A",,"A"
"20133",2643264,65,0,"1","420","D","08","D",135,"D",,"A",,"A",,"A",,"A"
"20133",2643274,15,0,"1","420","D","07","D",120,"D",,"A",,"A",,"A",,"A"
"20133",2643364,33,0,"1","410","D","07","D",50,"D",,"A",,"A",,"A",,"A"
"20133",2643364,34,0,"1","420","D","07","D",35,"D",,"A",,"A",,"A",,"A"
"20133",2643614,19,0,"1","420","D","06","D",300,"D",,"A",,"A",,"A",,"A"
"20133",2643714,47,0,"1","405","D","06","D",53,"D",,"A",,"A",,"A",,"A"
"20133",2643784,57,0,"1","420","D","08","D",110,"D",,"A",,"A",,"A",,"A"
"20133",2643864,63,0,"1","430","D","06","D",.,"H","415","D","400","D",,"A",,"A"
"20133",2643864,63,1,"1","420","D","06","D",63,"E",,"A",,"A",,"A",,"A"
"20133",2643864,63,2,"1","400","D","06","D",17,"E",,"A",,"A",,"A",,"A"
"20133",2643884,66,0,"1","410","D","08","D",15,"D",,"A",,"A",,"A",,"A"
"20133",2643954,40,0,"1","420","D","07","D",200,"D",,"A",,"A",,"A",,"A"
"20133",2644054,31,0,"1","420","D","07","D",28,"D",,"A",,"A",,"A",,"A"
"20133",2644254,35,0,"1","405","D","06","D",175,"D",,"A",,"A",,"A",,"A"
"20133",2644254,36,0,"2","430","D","06","D",.,"H","410","D","415","D","400","D",,"A"
"20133",2644254,36,1,"2","410","D","06","D",17,"E",,"A",,"A",,"A",,"A"
"20133",2644254,36,2,"2","420","D","06","D",51,"E",,"A",,"A",,"A",,"A"
"20133",2644254,36,3,"2","400","D","06","D",32,"E",,"A",,"A",,"A",,"A"
"20133",2644354,22,0,"1","420","D","07","D",120,"D",,"A",,"A",,"A",,"A"
"20133",2644354,23,0,"2","400","D","06","D",19,"D",,"A",,"A",,"A",,"A"
"20133",2644464,50,0,"1","420","D","08","D",36,"D",,"A",,"A",,"A",,"A"
"20133",2644624,31,0,"1","400","D","08","D",2,"D",,"A",,"A",,"A",,"A"
"20133",2644754,43,0,"1","420","D","08","D",75,"D",,"A",,"A",,"A",,"A"
"20133",2644884,13,0,"1","400","D","08","D",30,"D",,"A",,"A",,"A",,"A"
"20133",2644964,18,0,"1","410","D","06","D",5,"D",,"A",,"A",,"A",,"A"
"20133",2644994,76,0,"1","410","D","08","D",58,"D",,"A",,"A",,"A",,"A"
"20133",2644994,77,0,"1","410","D","08","D",58,"D",,"A",,"A",,"A",,"A"
"20133",2644994,78,0,"1","410","D","08","D",58,"D",,"A",,"A",,"A",,"A"
"20133",2644994,79,0,"1","400","D","06","D",33,"D",,"A",,"A",,"A",,"A"
"20133",2644994,80,0,"1","420","D","08","D",36,"D",,"A",,"A",,"A",,"A"
"20133",2644994,81,0,"1","420","D","08","D",36,"D",,"A",,"A",,"A",,"A"
"20133",2645014,39,0,"1","405","D","07","D",285,"D",,"A",,"A",,"A",,"A"
"20133",2645044,42,0,"1","410","D","08","D",41,"D",,"A",,"A",,"A",,"A"
"20133",2645044,43,0,"1","420","D","08","D",70,"D",,"A",,"A",,"A",,"A"
"20133",2645104,53,0,"1","420","D","07","D",60,"D",,"A",,"A",,"A",,"A"
"20133",2645104,54,0,"1","420","D","08","D",60,"D",,"A",,"A",,"A",,"A"
"20133",2645104,55,0,"1","420","D","07","D",40,"D",,"A",,"A",,"A",,"A"
"20133",2645184,13,0,"1","420","D","07","D",60,"D",,"A",,"A",,"A",,"A"
"20133",2645204,25,0,"1","420","D","08","D",70,"D",,"A",,"A",,"A",,"A"
"20133",2645214,55,0,"1","420","D","08","D",135,"D",,"A",,"A",,"A",,"A"
"20133",2645474,30,0,"2","420","D","06","D",40,"D",,"A",,"A",,"A",,"A"
"20133",2645484,56,0,"2","410","D","06","D",16,"D",,"A",,"A",,"A",,"A"
"20133",2645484,57,0,"2","420","D","06","D",134,"D",,"A",,"A",,"A",,"A"
"20133",2645634,37,0,"1","420","D","06","D",75,"D",,"A",,"A",,"A",,"A"
"20133",2645654,13,0,"1","400","D","06","D",20,"D",,"A",,"A",,"A",,"A"
"20133",2645684,61,0,"1","400","D","07","D",30,"D",,"A",,"A",,"A",,"A"
"20133",2645684,62,0,"1","410","D","07","D",70,"D",,"A",,"A",,"A",,"A"
"20133",2645684,63,0,"1","420","D","07","D",457,"D",,"A",,"A",,"A",,"A"
"20133",2645724,80,0,"2","410","D","06","D",16,"D",,"A",,"A",,"A",,"A"
"20133",2645724,81,0,"2","420","D","06","D",43,"D",,"A",,"A",,"A",,"A"
"20133",2645734,23,0,"1","420","D","08","D",56,"D",,"A",,"A",,"A",,"A"
"20133",2645844,31,0,"1","410","D","07","D",120,"D",,"A",,"A",,"A",,"A"
"20133",2645884,47,0,"2","410","D","06","D",40,"D",,"A",,"A",,"A",,"A"
"20133",2645924,21,0,"2","420","D","06","D",95,"D",,"A",,"A",,"A",,"A"
"20133",2645934,26,0,"1","420","D","08","D",65,"D",,"A",,"A",,"A",,"A"
"20133",2645944,12,0,"1","400","D","07","D",20,"D",,"A",,"A",,"A",,"A"
"20133",2645964,87,0,"1","400","D","07","D",31,"D",,"A",,"A",,"A",,"A"
"20133",2646024,47,0,"2","420","D","06","D",56,"D",,"A",,"A",,"A",,"A"
"20133",2646064,50,0,"1","410","D","08","D",20,"D",,"A",,"A",,"A",,"A"
"20133",2646064,51,0,"1","420","D","08","D",150,"D",,"A",,"A",,"A",,"A"
"20133",2646144,25,0,"1","420","D","06","D",45,"D",,"A",,"A",,"A",,"A"
"20133",2646144,26,0,"1","420","D","06","D",30,"F",,"A",,"A",,"A",,"A"
"20133",2646254,43,0,"1","405","D","08","D",325,"D",,"A",,"A",,"A",,"A"
"20133",2646294,23,0,"1","420","D","07","D",83,"D",,"A",,"A",,"A",,"A"
"20133",2646424,32,0,"1","420","D","06","D",101,"D",,"A",,"A",,"A",,"A"
"20133",2646424,33,0,"1","420","D","08","D",80,"D",,"A",,"A",,"A",,"A"
"20133",2646444,17,0,"2","420","D","06","D",84,"D",,"A",,"A",,"A",,"A"
"20133",2646514,27,0,"1","400","D","08","D",21,"D",,"A",,"A",,"A",,"A"
"20133",2646544,44,0,"1","430","D","08","D",.,"H","415","D","410","D",,"A",,"A"
"20133",2646544,44,1,"1","420","D","08","D",28,"E",,"A",,"A",,"A",,"A"
"20133",2646544,44,2,"1","410","D","08","D",20,"E",,"A",,"A",,"A",,"A"
"20133",2646594,69,0,"1","430","D","07","D",.,"H","405","D","415","D",,"A",,"A"
"20133",2646594,69,1,"1","420","D","07","D",246,"E",,"A",,"A",,"A",,"A"
"20133",2646774,48,0,"1","430","D","07","D",.,"H","410","D","415","D",,"A",,"A"
"20133",2646774,48,1,"1","410","D","07","D",38,"E",,"A",,"A",,"A",,"A"
"20133",2646774,48,2,"1","420","D","07","D",82,"E",,"A",,"A",,"A",,"A"
"20133",2646774,49,0,"1","420","D","08","D",88,"D",,"A",,"A",,"A",,"A"
"20133",2646854,29,0,"1","420","D","06","D",80,"D",,"A",,"A",,"A",,"A"
"20133",2646924,48,0,"1","420","D","08","D",139,"D",,"A",,"A",,"A",,"A"
"20133",2647183,75,0,"1","410","D","04","D",120,"D",,"A",,"A",,"A",,"A"
"20133",2647183,76,0,"1","400","D","06","D",30,"D",,"A",,"A",,"A",,"A"
"20133",2647333,42,0,"1","420","D","05","D",45,"D",,"A",,"A",,"A",,"A"
"20133",2647333,43,0,"2","420","D","04","D",47,"D",,"A",,"A",,"A",,"A"
"20133",2647353,32,0,"1","410","D","06","D",29,"D",,"A",,"A",,"A",,"A"
"20133",2647353,33,0,"1","420","D","06","D",90,"D",,"A",,"A",,"A",,"A"
"20133",2647393,71,0,"1","410","D","06","D",16,"D",,"A",,"A",,"A",,"A"
"20133",2647393,72,0,"1","420","D","05","D",79,"D",,"A",,"A",,"A",,"A"
"20133",2647393,73,0,"1","405","D","06","D",170,"D",,"A",,"A",,"A",,"A"
"20133",2647433,40,0,"1","405","D","04","D",30,"D",,"A",,"A",,"A",,"A"
"20133",2647473,31,0,"1","400","D","05","D",20,"D",,"A",,"A",,"A",,"A"
"20133",2647473,32,0,"1","420","D","05","D",82,"D",,"A",,"A",,"A",,"A"
"20133",2647503,25,0,"1","400","D","05","D",35,"D",,"A",,"A",,"A",,"A"
"20133",2647503,26,0,"1","400","D","06","D",35,"D",,"A",,"A",,"A",,"A"
"20133",2647503,27,0,"1","410","D","06","D",100,"D",,"A",,"A",,"A",,"A"
"20133",2647503,28,0,"1","410","D","06","D",100,"D",,"A",,"A",,"A",,"A"
"20133",2647633,19,0,"1","420","D","06","D",120,"D",,"A",,"A",,"A",,"A"
"20133",2647633,20,0,"1","400","D","06","D",10,"D",,"A",,"A",,"A",,"A"
"20133",2647743,100,0,"2","400","D","04","D",15,"D",,"A",,"A",,"A",,"A"
"20133",2647753,26,0,"1","410","D","04","D",40,"F",,"A",,"A",,"A",,"A"
"20133",2647753,27,0,"1","420","D","04","D",18,"F",,"A",,"A",,"A",,"A"
"20133",2647773,68,0,"1","410","D","06","D",29,"D",,"A",,"A",,"A",,"A"
"20133",2647773,69,0,"1","405","D","04","D",145,"D",,"A",,"A",,"A",,"A"
"20133",2647803,42,0,"1","410","D","05","D",5,"D",,"A",,"A",,"A",,"A"
"20133",2647803,43,0,"1","420","D","05","D",70,"D",,"A",,"A",,"A",,"A"
"20133",2647983,78,0,"1","410","D","04","D",19,"D",,"A",,"A",,"A",,"A"
"20133",2647983,79,0,"1","420","D","04","D",86,"D",,"A",,"A",,"A",,"A"
"20133",2648023,36,0,"1","410","D","06","D",29,"D",,"A",,"A",,"A",,"A"
"20133",2648073,52,0,"1","420","D","06","D",60,"D",,"A",,"A",,"A",,"A"
"20133",2648193,67,0,"1","420","D","06","D",78,"D",,"A",,"A",,"A",,"A"
"20133",2648343,32,0,"2","420","D","04","D",84,"D",,"A",,"A",,"A",,"A"
"20133",2648715,30,0,"1","410","D","05","D",20,"D",,"A",,"A",,"A",,"A"
"20133",2648753,45,0,"1","420","D","06","D",90,"D",,"A",,"A",,"A",,"A"
"20133",2648793,32,0,"2","410","D","04","D",15,"D",,"A",,"A",,"A",,"A"
"20133",2648793,33,0,"2","420","D","04","D",65,"D",,"A",,"A",,"A",,"A"
"20133",2648915,25,0,"1","420","D","04","D",75,"D",,"A",,"A",,"A",,"A"
"20133",2648915,26,0,"1","420","D","06","D",75,"D",,"A",,"A",,"A",,"A"
"20133",2649043,34,0,"1","405","D","06","D",450,"D",,"A",,"A",,"A",,"A"
"20133",2649053,56,0,"1","410","D","06","D",60,"D",,"A",,"A",,"A",,"A"
"20133",2649053,57,0,"1","420","D","06","D",75,"D",,"A",,"A",,"A",,"A"
"20133",2649053,58,0,"1","405","D","04","D",307,"F",,"A",,"A",,"A",,"A"
"20133",2649073,27,0,"1","400","D","05","D",25,"D",,"A",,"A",,"A",,"A"
"20133",2649123,39,0,"1","420","D","05","D",135,"D",,"A",,"A",,"A",,"A"
"20133",2649163,48,0,"1","400","D","04","D",15,"D",,"A",,"A",,"A",,"A"
"20133",2649183,30,0,"1","420","D","05","D",71,"D",,"A",,"A",,"A",,"A"
"20133",2649203,73,0,"1","410","D","05","D",50,"D",,"A",,"A",,"A",,"A"
"20133",2649203,74,0,"1","410","D","05","D",50,"D",,"A",,"A",,"A",,"A"
"20133",2649233,47,0,"1","400","D","04","D",30,"D",,"A",,"A",,"A",,"A"
"20133",2649313,64,0,"1","420","D","06","D",654,"D",,"A",,"A",,"A",,"A"
"20133",2649353,32,0,"1","420","D","04","D",42,"D",,"A",,"A",,"A",,"A"
"20133",2649443,43,0,"1","420","D","05","D",50,"D",,"A",,"A",,"A",,"A"
"20133",2649443,44,0,"1","420","D","05","D",101,"D",,"A",,"A",,"A",,"A"
"20133",2649443,45,0,"2","420","D","04","D",101,"D",,"A",,"A",,"A",,"A"
"20133",2649483,83,0,"1","400","D","05","D",25,"D",,"A",,"A",,"A",,"A"
"20133",2649483,84,0,"1","420","D","05","D",51,"D",,"A",,"A",,"A",,"A"
"20133",2649583,60,0,"1","430","D","05","D",.,"H","410","D","425","D",,"A",,"A"
"20133",2649583,60,1,"1","410","D","05","D",12,"E",,"A",,"A",,"A",,"A"
"20133",2649583,60,2,"1","420","D","05","D",68,"E",,"A",,"A",,"A",,"A"
"20133",2649583,61,0,"1","405","D","05","D",160,"D",,"A",,"A",,"A",,"A"
"20133",2649633,34,0,"2","400","D","04","D",24,"D",,"A",,"A",,"A",,"A"
"20133",2649653,63,0,"1","420","D","06","D",36,"D",,"A",,"A",,"A",,"A"
"20133",2649653,64,0,"1","420","D","06","D",36,"D",,"A",,"A",,"A",,"A"
"20133",2649653,65,0,"1","420","D","06","D",36,"D",,"A",,"A",,"A",,"A"
"20133",2649653,66,0,"1","420","D","06","D",12,"D",,"A",,"A",,"A",,"A"
"20133",2649663,43,0,"1","420","D","06","D",108,"D",,"A",,"A",,"A",,"A"
"20133",2649673,38,0,"1","420","D","05","D",72,"D",,"A",,"A",,"A",,"A"
"20133",2649743,45,0,"1","420","D","06","D",205,"D",,"A",,"A",,"A",,"A"
"20133",2649883,31,0,"1","420","D","04","D",36,"D",,"A",,"A",,"A",,"A"
"20133",2649983,33,0,"1","420","D","06","D",308,"D",,"A",,"A",,"A",,"A"
"20133",2650143,19,0,"1","420","D","04","D",169,"D",,"A",,"A",,"A",,"A"
"20133",2650153,28,0,"1","410","D","05","D",30,"D",,"A",,"A",,"A",,"A"
"20133",2650243,43,0,"2","400","D","04","D",21,"D",,"A",,"A",,"A",,"A"
"20133",2650243,44,0,"2","420","D","04","D",20,"D",,"A",,"A",,"A",,"A"
"20133",2650243,45,0,"2","405","D","04","D",53,"D",,"A",,"A",,"A",,"A"
"20133",2650273,74,0,"1","420","D","05","D",168,"D",,"A",,"A",,"A",,"A"
"20133",2650293,49,0,"1","410","D","04","D",15,"D",,"A",,"A",,"A",,"A"
"20133",2650293,50,0,"1","420","D","04","D",60,"D",,"A",,"A",,"A",,"A"
"20133",2650313,43,0,"1","410","D","06","D",28,"D",,"A",,"A",,"A",,"A"
"20133",2650313,44,0,"1","420","D","06","D",65,"D",,"A",,"A",,"A",,"A"
"20133",2650333,38,0,"1","400","D","05","D",32,"D",,"A",,"A",,"A",,"A"
"20133",2650393,22,0,"1","420","D","06","D",56,"D",,"A",,"A",,"A",,"A"
"20133",2650483,33,0,"1","410","D","06","D",35,"D",,"A",,"A",,"A",,"A"
"20133",2650493,43,0,"1","420","D","05","D",42,"D",,"A",,"A",,"A",,"A"
"20133",2650493,44,0,"1","405","D","05","D",308,"D",,"A",,"A",,"A",,"A"
"20133",2650733,62,0,"1","420","D","05","D",36,"D",,"A",,"A",,"A",,"A"
"20133",2650733,63,0,"1","420","D","05","D",46,"D",,"A",,"A",,"A",,"A"
"20133",2650863,53,0,"1","420","D","05","D",55,"D",,"A",,"A",,"A",,"A"
"20133",2651063,22,0,"1","420","D","05","D",27,"D",,"A",,"A",,"A",,"A"
"20133",2651113,89,0,"1","405","D","06","D",522,"D",,"A",,"A",,"A",,"A"
"20133",2651193,41,0,"1","400","D","04","D",75,"D",,"A",,"A",,"A",,"A"
"20133",2651203,64,0,"1","410","D","04","D",37,"D",,"A",,"A",,"A",,"A"
"20133",2651203,65,0,"2","410","D","04","D",37,"D",,"A",,"A",,"A",,"A"
"20133",2651413,43,0,"1","405","D","04","D",260,"D",,"A",,"A",,"A",,"A"
"20133",2651423,42,0,"1","410","D","06","D",50,"D",,"A",,"A",,"A",,"A"
"20133",2651443,49,0,"1","420","D","06","D",45,"D",,"A",,"A",,"A",,"A"
"20133",2651453,22,0,"1","400","D","05","D",32,"D",,"A",,"A",,"A",,"A"
"20133",2651503,32,0,"1","420","D","06","D",64,"D",,"A",,"A",,"A",,"A"
"20133",2651543,28,0,"1","400","D","06","D",1000,"D",,"A",,"A",,"A",,"A"
"20133",2651553,45,0,"1","410","D","06","D",58,"D",,"A",,"A",,"A",,"A"
"20133",2651564,29,0,"1","420","D","06","D",200,"D",,"A",,"A",,"A",,"A"
"20133",2651583,39,0,"1","410","D","04","D",29,"D",,"A",,"A",,"A",,"A"
"20133",2651623,43,0,"1","410","D","06","D",28,"D",,"A",,"A",,"A",,"A"
"20133",2651703,49,0,"2","420","D","04","D",176,"D",,"A",,"A",,"A",,"A"
"20133",2651703,50,0,"2","410","D","04","D",22,"D",,"A",,"A",,"A",,"A"
"20133",2651743,22,0,"1","400","D","05","D",25,"D",,"A",,"A",,"A",,"A"
"20133",2651813,24,0,"1","420","D","04","D",105,"D",,"A",,"A",,"A",,"A"
"20133",2651823,33,0,"1","410","D","04","D",25,"D",,"A",,"A",,"A",,"A"
"20133",2651843,38,0,"1","410","D","06","D",15,"D",,"A",,"A",,"A",,"A"
"20133",2651933,45,0,"1","420","D","06","D",65,"F",,"A",,"A",,"A",,"A"
"20133",2652183,86,0,"1","400","D","04","D",13,"D",,"A",,"A",,"A",,"A"
"20133",2652183,87,0,"1","420","D","06","D",24,"D",,"A",,"A",,"A",,"A"
"20133",2652183,88,0,"1","405","D","06","D",65,"D",,"A",,"A",,"A",,"A"
"20133",2652183,89,0,"2","400","D","04","D",5,"D",,"A",,"A",,"A",,"A"
"20133",2652293,62,0,"1","400","D","06","D",32,"D",,"A",,"A",,"A",,"A"
"20133",2652353,38,0,"2","420","D","04","D",95,"D",,"A",,"A",,"A",,"A"
"20133",2652393,24,0,"1","420","D","06","D",72,"D",,"A",,"A",,"A",,"A"
"20133",2652563,38,0,"1","420","D","05","D",152,"D",,"A",,"A",,"A",,"A"
"20133",2652583,51,0,"1","420","D","06","D",95,"D",,"A",,"A",,"A",,"A"
"20133",2652703,59,0,"1","420","D","06","D",133,"D",,"A",,"A",,"A",,"A"
"20133",2652803,29,0,"1","420","D","05","D",165,"D",,"A",,"A",,"A",,"A"
"20133",2652813,39,0,"1","420","D","05","D",65,"D",,"A",,"A",,"A",,"A"
"20133",2652953,22,0,"1","420","D","04","D",54,"D",,"A",,"A",,"A",,"A"
"20133",2652993,37,0,"2","410","D","04","D",32,"D",,"A",,"A",,"A",,"A"
"20133",2652993,38,0,"2","420","D","04","D",66,"D",,"A",,"A",,"A",,"A"
"20133",2653003,37,0,"1","420","D","06","D",150,"D",,"A",,"A",,"A",,"A"
"20133",2653143,32,0,"1","420","D","04","D",60,"F",,"A",,"A",,"A",,"A"
"20133",2653223,64,0,"1","420","D","05","D",234,"D",,"A",,"A",,"A",,"A"
"20133",2653283,48,0,"1","420","D","06","D",75,"D",,"A",,"A",,"A",,"A"
"20133",2653333,32,0,"1","410","D","05","D",72,"D",,"A",,"A",,"A",,"A"
"20133",2653333,33,0,"1","400","D","05","D",30,"D",,"A",,"A",,"A",,"A"
"20133",2653455,64,0,"1","410","D","06","D",18,"D",,"A",,"A",,"A",,"A"
"20133",2653513,36,0,"2","420","D","04","D",60,"D",,"A",,"A",,"A",,"A"
"20133",2653553,79,0,"1","400","D","05","D",36,"D",,"A",,"A",,"A",,"A"
"20133",2653693,32,0,"2","420","D","04","D",40,"D",,"A",,"A",,"A",,"A"
"20133",2653733,52,0,"1","400","D","05","D",45,"D",,"A",,"A",,"A",,"A"
"20133",2653733,53,0,"1","420","D","05","D",114,"D",,"A",,"A",,"A",,"A"
"20133",2653913,33,0,"1","400","D","04","D",25,"D",,"A",,"A",,"A",,"A"
"20133",2653943,19,0,"1","400","D","05","D",32,"D",,"A",,"A",,"A",,"A"
"20133",2654353,32,0,"1","400","D","05","D",80,"D",,"A",,"A",,"A",,"A"
"20133",2654393,51,0,"1","420","D","05","D",520,"D",,"A",,"A",,"A",,"A"
"20133",2654413,38,0,"1","420","D","05","D",120,"D",,"A",,"A",,"A",,"A"
"20133",2654473,23,0,"1","420","D","06","D",66,"D",,"A",,"A",,"A",,"A"
"20133",2654593,50,0,"1","420","D","06","D",180,"D",,"A",,"A",,"A",,"A"
"20133",2654593,51,0,"1","405","D","06","D",280,"D",,"A",,"A",,"A",,"A"
"20133",2654643,12,0,"2","420","D","04","D",70,"D",,"A",,"A",,"A",,"A"
"20133",2654683,39,0,"1","420","D","06","D",560,"D",,"A",,"A",,"A",,"A"
"20133",2654783,23,0,"1","420","D","05","D",101,"D",,"A",,"A",,"A",,"A"
"20133",2654783,24,0,"1","420","D","06","D",101,"D",,"A",,"A",,"A",,"A"
"20133",2654813,59,0,"1","420","D","04","D",45,"D",,"A",,"A",,"A",,"A"
"20133",2654843,31,0,"2","400","D","04","D",23,"D",,"A",,"A",,"A",,"A"
"20133",2654913,61,0,"1","420","D","05","D",196,"D",,"A",,"A",,"A",,"A"
"20133",2654963,46,0,"1","420","D","06","D",84,"D",,"A",,"A",,"A",,"A"
"20133",2655063,24,0,"1","400","D","06","D",32,"D",,"A",,"A",,"A",,"A"
"20133",2655063,25,0,"1","420","D","06","D",116,"D",,"A",,"A",,"A",,"A"
"20133",2655073,57,0,"1","420","D","05","D",200,"D",,"A",,"A",,"A",,"A"
"20133",2655083,73,0,"1","420","D","05","D",80,"D",,"A",,"A",,"A",,"A"
"20133",2655083,74,0,"1","410","D","05","D",29,"D",,"A",,"A",,"A",,"A"
"20133",2655093,64,0,"1","420","D","06","D",105,"D",,"A",,"A",,"A",,"A"
"20133",2655103,40,0,"1","405","D","05","D",467,"D",,"A",,"A",,"A",,"A"
"20133",2655103,41,0,"2","400","D","04","D",30,"D",,"A",,"A",,"A",,"A"
"20133",2655453,59,0,"1","400","D","04","D",50,"D",,"A",,"A",,"A",,"A"
"20133",2655453,60,0,"1","420","D","04","D",150,"D",,"A",,"A",,"A",,"A"
"20133",2655453,61,0,"1","410","D","04","D",25,"D",,"A",,"A",,"A",,"A"
"20133",2655583,34,0,"1","420","D","05","D",110,"D",,"A",,"A",,"A",,"A"
"20133",2655623,46,0,"1","420","D","04","D",257,"D",,"A",,"A",,"A",,"A"
"20133",2655623,47,0,"1","420","D","04","D",210,"D",,"A",,"A",,"A",,"A"
"20133",2655633,34,0,"1","405","D","05","D",166,"D",,"A",,"A",,"A",,"A"
"20133",2655803,34,0,"1","410","D","04","D",72,"D",,"A",,"A",,"A",,"A"
"20133",2655823,40,0,"1","420","D","06","D",65,"D",,"A",,"A",,"A",,"A"
"20133",2655963,39,0,"2","420","D","04","D",126,"D",,"A",,"A",,"A",,"A"
"20133",2656043,27,0,"1","420","D","06","D",190,"D",,"A",,"A",,"A",,"A"
"20133",2656133,28,0,"1","420","D","06","D",42,"D",,"A",,"A",,"A",,"A"
"20133",2656133,29,0,"1","410","D","06","D",16,"D",,"A",,"A",,"A",,"A"
"20133",2656163,74,0,"1","420","D","06","D",66,"D",,"A",,"A",,"A",,"A"
"20133",2656163,75,0,"1","405","D","05","D",122,"D",,"A",,"A",,"A",,"A"
"20133",2656193,42,0,"1","400","D","06","D",75,"D",,"A",,"A",,"A",,"A"
"20133",2656193,43,0,"1","400","D","06","D",30,"D",,"A",,"A",,"A",,"A"
"20133",2656193,44,0,"1","410","D","06","D",40,"D",,"A",,"A",,"A",,"A"
"20133",2656193,45,0,"1","410","D","05","D",40,"D",,"A",,"A",,"A",,"A"
"20133",2656213,51,0,"1","420","D","06","D",115,"D",,"A",,"A",,"A",,"A"
"20133",2656223,53,0,"1","420","D","05","D",150,"D",,"A",,"A",,"A",,"A"
"20133",2656383,75,0,"1","400","D","06","D",32,"D",,"A",,"A",,"A",,"A"
"20133",2656433,50,0,"1","400","D","06","D",21,"D",,"A",,"A",,"A",,"A"
"20133",2656533,28,0,"1","410","D","05","D",39,"D",,"A",,"A",,"A",,"A"
"20133",2656543,34,0,"1","410","D","06","D",38,"D",,"A",,"A",,"A",,"A"
"20133",2656553,61,0,"2","420","D","04","D",101,"D",,"A",,"A",,"A",,"A"
"20133",2656573,46,0,"1","420","D","05","D",101,"D",,"A",,"A",,"A",,"A"
"20133",2656583,52,0,"1","420","D","05","D",105,"D",,"A",,"A",,"A",,"A"
"20133",2656633,21,0,"1","400","D","06","D",35,"D",,"A",,"A",,"A",,"A"
"20133",2656633,22,0,"1","405","D","05","D",450,"F",,"A",,"A",,"A",,"A"
"20133",2656663,36,0,"2","420","D","04","D",24,"D",,"A",,"A",,"A",,"A"
"20133",2656743,15,0,"1","400","D","05","D",25,"D",,"A",,"A",,"A",,"A"
"20133",2656823,53,0,"2","420","D","04","D",160,"D",,"A",,"A",,"A",,"A"
"20133",2656963,26,0,"1","410","D","06","D",25,"D",,"A",,"A",,"A",,"A"
"20133",2656963,27,0,"2","410","D","04","D",25,"D",,"A",,"A",,"A",,"A"
"20133",2656993,69,0,"1","405","D","05","D",300,"D",,"A",,"A",,"A",,"A"
"20133",2657033,34,0,"1","400","D","05","D",54,"D",,"A",,"A",,"A",,"A"
"20133",2657033,35,0,"1","420","D","05","D",50,"D",,"A",,"A",,"A",,"A"
"20133",2657033,36,0,"1","420","D","05","D",100,"D",,"A",,"A",,"A",,"A"
"20133",2657093,41,0,"1","420","D","06","D",65,"D",,"A",,"A",,"A",,"A"
"20133",2657193,57,0,"1","400","D","06","D",500,"D",,"A",,"A",,"A",,"A"
"20133",2657263,56,0,"1","420","D","04","D",450,"D",,"A",,"A",,"A",,"A"
"20133",2657383,30,0,"1","410","D","04","D",72,"D",,"A",,"A",,"A",,"A"
"20133",2657453,34,0,"1","420","D","05","D",90,"D",,"A",,"A",,"A",,"A"
"20133",2657493,46,0,"1","420","D","05","D",400,"D",,"A",,"A",,"A",,"A"
"20133",2657543,49,0,"1","420","D","05","D",80,"D",,"A",,"A",,"A",,"A"
"20133",2657583,36,0,"1","420","D","06","D",75,"D",,"A",,"A",,"A",,"A"
"20133",2657583,37,0,"2","420","D","04","D",75,"D",,"A",,"A",,"A",,"A"
"20133",2657643,62,0,"1","420","D","05","D",139,"D",,"A",,"A",,"A",,"A"
"20133",2657693,24,0,"1","410","D","06","D",20,"D",,"A",,"A",,"A",,"A"
"20133",2658173,59,0,"1","410","D","04","D",100,"D",,"A",,"A",,"A",,"A"
"20133",2658173,60,0,"1","420","D","04","D",50,"D",,"A",,"A",,"A",,"A"
"20133",2658183,41,0,"1","420","D","06","D",85,"D",,"A",,"A",,"A",,"A"
"20133",2658233,60,0,"1","420","D","07","D",200,"D",,"A",,"A",,"A",,"A"
"20133",2658293,56,0,"1","410","D","07","D",62,"D",,"A",,"A",,"A",,"A"
"20133",2658293,57,0,"2","420","D","05","D",68,"D",,"A",,"A",,"A",,"A"
"20133",2658313,28,0,"1","420","D","06","D",300,"D",,"A",,"A",,"A",,"A"
"20133",2658363,68,0,"1","420","D","06","D",80,"D",,"A",,"A",,"A",,"A"
"20133",2658363,69,0,"1","420","D","07","D",145,"D",,"A",,"A",,"A",,"A"
"20133",2658393,34,0,"1","420","D","06","D",200,"D",,"A",,"A",,"A",,"A"
"20133",2658413,49,0,"1","430","D","06","D",.,"H","415","D","400","D",,"A",,"A"
"20133",2658413,49,1,"1","420","D","06","D",120,"E",,"A",,"A",,"A",,"A"
"20133",2658413,49,2,"1","400","D","06","D",70,"E",,"A",,"A",,"A",,"A"
"20133",2658433,21,0,"1","400","D","06","D",25,"D",,"A",,"A",,"A",,"A"
"20133",2658483,50,0,"1","410","D","06","D",50,"D",,"A",,"A",,"A",,"A"
"20133",2658533,22,0,"1","430","D","07","D",.,"H","405","D","415","D",,"A",,"A"
"20133",2658533,22,1,"1","420","D","07","D",300,"E",,"A",,"A",,"A",,"A"
"20133",2658633,34,0,"1","410","D","06","D",18,"D",,"A",,"A",,"A",,"A"
"20133",2658783,43,0,"1","410","D","05","D",40,"D",,"A",,"A",,"A",,"A"
"20133",2658883,53,0,"1","410","D","05","D",20,"D",,"A",,"A",,"A",,"A"
"20133",2658893,82,0,"2","410","D","05","D",39,"D",,"A",,"A",,"A",,"A"
"20133",2659023,80,0,"1","420","D","07","D",187,"D",,"A",,"A",,"A",,"A"
"20133",2659183,47,0,"1","400","D","07","D",65,"D",,"A",,"A",,"A",,"A"
"20133",2659354,22,0,"1","400","D","06","D",50,"D",,"A",,"A",,"A",,"A"
"20133",2659354,23,0,"1","420","D","06","D",40,"D",,"A",,"A",,"A",,"A"
"20133",2659453,45,0,"1","410","D","05","D",70,"D",,"A",,"A",,"A",,"A"
"20133",2659453,46,0,"1","420","D","05","D",200,"D",,"A",,"A",,"A",,"A"
"20133",2659503,44,0,"1","420","D","07","D",150,"D",,"A",,"A",,"A",,"A"
"20133",2659563,30,0,"1","420","D","06","D",200,"D",,"A",,"A",,"A",,"A"
"20133",2659583,31,0,"1","420","D","06","D",86,"D",,"A",,"A",,"A",,"A"
"20133",2659613,39,0,"1","410","D","06","D",29,"D",,"A",,"A",,"A",,"A"
"20133",2659703,61,0,"1","420","D","06","D",114,"D",,"A",,"A",,"A",,"A"
"20133",2659703,62,0,"2","405","D","05","D",140,"D",,"A",,"A",,"A",,"A"
"20133",2659753,52,0,"1","420","D","06","D",36,"D",,"A",,"A",,"A",,"A"
"20133",2659783,27,0,"2","400","D","05","D",50,"D",,"A",,"A",,"A",,"A"
"20133",2659783,28,0,"2","410","D","05","D",19,"D",,"A",,"A",,"A",,"A"
"20133",2659783,29,0,"2","420","D","05","D",86,"D",,"A",,"A",,"A",,"A"
"20133",2659813,29,0,"2","405","D","05","D",80,"D",,"A",,"A",,"A",,"A"
"20133",2659843,55,0,"1","400","D","06","D",35,"D",,"A",,"A",,"A",,"A"
"20133",2660013,40,0,"2","410","D","05","D",35,"D",,"A",,"A",,"A",,"A"
"20133",2660123,26,0,"1","410","D","05","D",100,"F",,"A",,"A",,"A",,"A"
"20133",2660123,27,0,"1","420","D","05","D",150,"F",,"A",,"A",,"A",,"A"
"20133",2660123,28,0,"2","410","D","05","D",140,"D",,"A",,"A",,"A",,"A"
"20133",2660153,51,0,"1","420","D","06","D",600,"D",,"A",,"A",,"A",,"A"
"20133",2660223,31,0,"1","420","D","06","D",47,"D",,"A",,"A",,"A",,"A"
"20133",2660233,58,0,"1","410","D","07","D",14,"D",,"A",,"A",,"A",,"A"
"20133",2660243,24,0,"1","420","D","07","D",90,"F",,"A",,"A",,"A",,"A"
"20133",2660283,26,0,"2","400","D","05","D",25,"D",,"A",,"A",,"A",,"A"
"20133",2660313,65,0,"1","400","D","06","D",30,"D",,"A",,"A",,"A",,"A"
"20133",2660313,66,0,"1","420","D","06","D",108,"D",,"A",,"A",,"A",,"A"
"20133",2660323,38,0,"1","400","D","05","D",15,"D",,"A",,"A",,"A",,"A"
"20133",2660363,39,0,"1","420","D","07","D",85,"D",,"A",,"A",,"A",,"A"
"20133",2660363,40,0,"2","410","D","05","D",100,"D",,"A",,"A",,"A",,"A"
"20133",2660363,41,0,"2","420","D","05","D",90,"D",,"A",,"A",,"A",,"A"
"20133",2660413,28,0,"1","400","D","07","D",32,"D",,"A",,"A",,"A",,"A"
"20133",2660503,21,0,"1","400","D","06","D",35,"D",,"A",,"A",,"A",,"A"
"20133",2660513,76,0,"1","420","D","06","D",29,"D",,"A",,"A",,"A",,"A"
"20133",2660593,20,0,"1","410","D","07","D",40,"D",,"A",,"A",,"A",,"A"
"20133",2660603,55,0,"1","420","D","07","D",105,"D",,"A",,"A",,"A",,"A"
"20133",2660633,46,0,"1","410","D","06","D",53,"D",,"A",,"A",,"A",,"A"
"20133",2660633,47,0,"1","420","D","06","D",39,"D",,"A",,"A",,"A",,"A"
"20133",2660723,34,0,"1","430","D","07","D",.,"H","410","D","415","D",,"A",,"A"
"20133",2660723,34,1,"1","400","D","07","D",13,"F",,"A",,"A",,"A",,"A"
"20133",2660723,34,2,"1","410","D","07","D",45,"F",,"A",,"A",,"A",,"A"
"20133",2660723,34,3,"1","420","D","07","D",140,"F",,"A",,"A",,"A",,"A"
"20133",2660723,35,0,"1","400","D","06","D",35,"D",,"A",,"A",,"A",,"A"
"20133",2660793,22,0,"1","420","D","05","D",260,"D",,"A",,"A",,"A",,"A"
"20133",2660873,42,0,"1","430","D","05","D",.,"H","425","D","400","D",,"A",,"A"
"20133",2660873,42,1,"1","420","D","05","D",186,"E",,"A",,"A",,"A",,"A"
"20133",2661153,31,0,"1","420","D","06","D",120,"D",,"A",,"A",,"A",,"A"
"20133",2661303,39,0,"1","420","D","06","D",148,"D",,"A",,"A",,"A",,"A"
"20133",2661393,26,0,"2","420","D","05","D",188,"D",,"A",,"A",,"A",,"A"
"20133",2661463,64,0,"1","420","D","07","D",50,"D",,"A",,"A",,"A",,"A"
"20133",2661463,65,0,"1","420","D","06","D",80,"D",,"A",,"A",,"A",,"A"
"20133",2661553,19,0,"1","420","D","05","D",176,"D",,"A",,"A",,"A",,"A"
"20133",2661703,37,0,"1","400","D","07","D",54,"D",,"A",,"A",,"A",,"A"
"20133",2661793,48,0,"1","420","D","05","D",67,"D",,"A",,"A",,"A",,"A"
"20133",2661833,27,0,"1","410","D","05","D",78,"D",,"A",,"A",,"A",,"A"
"20133",2661853,30,0,"1","400","D","06","D",30,"D",,"A",,"A",,"A",,"A"
"20133",2661953,59,0,"1","420","D","07","D",49,"D",,"A",,"A",,"A",,"A"
"20133",2661963,52,0,"1","405","D","07","D",400,"D",,"A",,"A",,"A",,"A"
"20133",2662343,93,0,"2","430","D","05","D",.,"H","425","D","415","D",,"A",,"A"
"20133",2662343,93,1,"2","420","D","05","D",26,"E",,"A",,"A",,"A",,"A"
"20133",2662343,93,2,"2","420","D","05","D",25,"E",,"A",,"A",,"A",,"A"
"20133",2662483,41,0,"1","405","D","06","D",236,"D",,"A",,"A",,"A",,"A"
"20133",2662483,42,0,"2","410","D","05","D",16,"D",,"A",,"A",,"A",,"A"
"20133",2662483,43,0,"2","400","D","05","D",20,"D",,"A",,"A",,"A",,"A"
"20133",2662533,60,0,"2","420","D","05","D",141,"D",,"A",,"A",,"A",,"A"
"20133",2662563,40,0,"2","420","D","05","D",250,"D",,"A",,"A",,"A",,"A"
"20133",2662713,30,0,"1","410","D","07","D",16,"D",,"A",,"A",,"A",,"A"
"20133",2662763,42,0,"1","430","D","07","D",.,"H","415","D","410","D",,"A",,"A"
"20133",2662763,42,1,"1","420","D","07","D",25,"E",,"A",,"A",,"A",,"A"
"20133",2662763,42,2,"1","410","D","07","D",18,"E",,"A",,"A",,"A",,"A"
"20133",2662773,36,0,"1","405","D","07","D",265,"D",,"A",,"A",,"A",,"A"
"20133",2662783,68,0,"1","420","D","07","D",35,"D",,"A",,"A",,"A",,"A"
"20133",2662783,69,0,"1","400","D","07","D",45,"D",,"A",,"A",,"A",,"A"
"20133",2662823,29,0,"1","420","D","06","D",100,"D",,"A",,"A",,"A",,"A"
"20133",2662823,30,0,"1","420","D","06","D",101,"D",,"A",,"A",,"A",,"A"
"20133",2662933,28,0,"2","420","D","05","D",60,"D",,"A",,"A",,"A",,"A"
"20133",2662953,32,0,"1","420","D","05","D",101,"D",,"A",,"A",,"A",,"A"
"20133",2663103,51,0,"1","410","D","06","D",60,"D",,"A",,"A",,"A",,"A"
"20133",2663213,65,0,"1","400","D","06","D",50,"D",,"A",,"A",,"A",,"A"
"20133",2663223,57,0,"1","420","D","07","D",21,"D",,"A",,"A",,"A",,"A"
"20133",2663323,18,0,"2","420","D","05","D",75,"D",,"A",,"A",,"A",,"A"
"20133",2663383,44,0,"1","420","D","06","D",75,"D",,"A",,"A",,"A",,"A"
"20133",2663383,45,0,"1","400","D","06","D",55,"D",,"A",,"A",,"A",,"A"
"20133",2663423,23,0,"1","410","D","05","D",15,"D",,"A",,"A",,"A",,"A"
"20133",2663423,24,0,"1","420","D","05","D",63,"D",,"A",,"A",,"A",,"A"
"20133",2663493,42,0,"1","420","D","07","D",73,"D",,"A",,"A",,"A",,"A"
"20133",2663624,67,0,"1","405","D","05","D",265,"D",,"A",,"A",,"A",,"A"
"20133",2663643,36,0,"2","405","D","05","D",260,"D",,"A",,"A",,"A",,"A"
"20133",2663653,60,0,"1","430","D","07","D",.,"H","425","D","415","D",,"A",,"A"
"20133",2663653,60,1,"1","420","D","07","D",50,"E",,"A",,"A",,"A",,"A"
"20133",2663653,60,2,"1","420","D","07","D",48,"E",,"A",,"A",,"A",,"A"
"20133",2663673,55,0,"1","405","D","06","D",3938,"D",,"A",,"A",,"A",,"A"
"20133",2663673,56,0,"1","420","D","07","D",90,"D",,"A",,"A",,"A",,"A"
"20133",2663673,57,0,"1","405","D","06","D",2661,"D",,"A",,"A",,"A",,"A"
"20133",2663673,58,0,"1","405","D","07","D",857,"D",,"A",,"A",,"A",,"A"
"20133",2663853,37,0,"1","420","D","07","D",300,"D",,"A",,"A",,"A",,"A"
"20133",2664123,36,0,"1","410","D","05","D",55,"D",,"A",,"A",,"A",,"A"
"20133",2664143,70,0,"1","400","D","07","D",75,"D",,"A",,"A",,"A",,"A"
"20133",2664143,71,0,"1","420","D","07","D",100,"D",,"A",,"A",,"A",,"A"
"20133",2664193,34,0,"1","420","D","07","D",90,"D",,"A",,"A",,"A",,"A"
"20133",2664293,62,0,"1","410","D","07","D",58,"D",,"A",,"A",,"A",,"A"
"20133",2664403,41,0,"1","410","D","07","D",45,"D",,"A",,"A",,"A",,"A"
"20133",2664433,50,0,"1","420","D","07","D",72,"D",,"A",,"A",,"A",,"A"
"20133",2664473,68,0,"1","400","D","06","D",21,"D",,"A",,"A",,"A",,"A"
"20133",2664473,69,0,"1","400","D","06","D",21,"D",,"A",,"A",,"A",,"A"
"20133",2664473,70,0,"2","420","D","05","D",31,"D",,"A",,"A",,"A",,"A"
"20133",2664513,59,0,"1","420","D","07","D",120,"D",,"A",,"A",,"A",,"A"
"20133",2664543,48,0,"1","400","D","05","D",38,"D",,"A",,"A",,"A",,"A"
"20133",2664543,49,0,"2","400","D","05","D",38,"D",,"A",,"A",,"A",,"A"
"20133",2664603,27,0,"2","420","D","05","D",86,"D",,"A",,"A",,"A",,"A"
"20133",2664673,21,0,"1","400","D","06","D",28,"D",,"A",,"A",,"A",,"A"
"20133",2664733,42,0,"1","400","D","07","D",50,"D",,"A",,"A",,"A",,"A"
"20133",2664763,55,0,"2","405","D","05","D",54,"D",,"A",,"A",,"A",,"A"
"20133",2664763,56,0,"2","405","D","05","D",373,"D",,"A",,"A",,"A",,"A"
"20133",2664803,27,0,"1","410","D","07","D",40,"D",,"A",,"A",,"A",,"A"
"20133",2664893,15,0,"1","420","D","06","D",101,"D",,"A",,"A",,"A",,"A"
"20133",2664893,16,0,"1","420","D","06","D",85,"D",,"A",,"A",,"A",,"A"
"20133",2664953,69,0,"1","410","D","07","D",16,"D",,"A",,"A",,"A",,"A"
"20133",2664953,70,0,"1","420","D","07","D",128,"D",,"A",,"A",,"A",,"A"
"20133",2664953,71,0,"1","420","D","07","D",42,"D",,"A",,"A",,"A",,"A"
"20133",2665003,56,0,"1","420","D","06","D",150,"D",,"A",,"A",,"A",,"A"
"20133",2665063,51,0,"1","420","D","07","D",120,"D",,"A",,"A",,"A",,"A"
"20133",2665083,34,0,"2","420","D","05","D",42,"D",,"A",,"A",,"A",,"A"
"20133",2665093,67,0,"1","410","D","07","D",20,"D",,"A",,"A",,"A",,"A"
"20133",2665183,31,0,"1","410","D","06","D",13,"D",,"A",,"A",,"A",,"A"
"20133",2665213,56,0,"1","410","D","06","D",45,"D",,"A",,"A",,"A",,"A"
"20133",2665363,21,0,"1","420","D","06","D",60,"D",,"A",,"A",,"A",,"A"
"20133",2665383,20,0,"1","410","D","05","D",10,"D",,"A",,"A",,"A",,"A"
"20133",2665413,17,0,"1","400","D","07","D",20,"D",,"A",,"A",,"A",,"A"
"20133",2665503,37,0,"1","410","D","06","D",28,"D",,"A",,"A",,"A",,"A"
"20133",2665503,38,0,"1","420","D","06","D",65,"D",,"A",,"A",,"A",,"A"
"20133",2665843,33,0,"1","405","D","07","D",80,"D",,"A",,"A",,"A",,"A"
"20133",2665883,17,0,"1","420","D","07","D",56,"D",,"A",,"A",,"A",,"A"
"20133",2665893,37,0,"1","420","D","07","D",220,"D",,"A",,"A",,"A",,"A"
"20133",2665963,19,0,"1","400","D","07","D",16,"D",,"A",,"A",,"A",,"A"
"20133",2666043,31,0,"1","400","D","07","D",40,"D",,"A",,"A",,"A",,"A"
"20133",2666233,30,0,"1","420","D","06","D",25,"D",,"A",,"A",,"A",,"A"
"20133",2666293,24,0,"1","405","D","06","D",400,"D",,"A",,"A",,"A",,"A"
"20133",2666303,26,0,"1","430","D","05","D",.,"H","415","D","400","D",,"A",,"A"
"20133",2666303,26,1,"1","420","D","05","D",155,"E",,"A",,"A",,"A",,"A"
"20133",2666303,26,2,"1","400","D","05","D",15,"E",,"A",,"A",,"A",,"A"
"20133",2666363,53,0,"1","420","D","06","D",50,"D",,"A",,"A",,"A",,"A"
"20133",2666373,16,0,"1","410","D","06","D",16,"D",,"A",,"A",,"A",,"A"
"20133",2666373,17,0,"1","420","D","06","D",65,"D",,"A",,"A",,"A",,"A"
"20133",2666403,39,0,"1","420","D","06","D",80,"D",,"A",,"A",,"A",,"A"
"20133",2666503,45,0,"1","410","D","06","D",13,"D",,"A",,"A",,"A",,"A"
"20133",2666503,46,0,"1","420","D","05","D",165,"D",,"A",,"A",,"A",,"A"
"20133",2666723,23,0,"2","420","D","05","D",75,"D",,"A",,"A",,"A",,"A"
"20133",2667095,43,0,"1","420","D","05","D",101,"D",,"A",,"A",,"A",,"A"
"20133",2667123,63,0,"1","410","D","07","D",29,"D",,"A",,"A",,"A",,"A"
"20133",2667163,27,0,"1","420","D","06","D",48,"D",,"A",,"A",,"A",,"A"
"20133",2667173,31,0,"1","410","D","07","D",40,"D",,"A",,"A",,"A",,"A"
"20133",2667173,32,0,"1","420","D","06","D",61,"D",,"A",,"A",,"A",,"A"
"20133",2667173,33,0,"2","420","D","05","D",39,"D",,"A",,"A",,"A",,"A"
"20133",2667203,36,0,"1","430","D","07","D",.,"H","415","D","410","D",,"A",,"A"
"20133",2667203,36,1,"1","420","D","07","D",108,"E",,"A",,"A",,"A",,"A"
"20133",2667203,36,2,"1","410","D","07","D",9,"E",,"A",,"A",,"A",,"A"
"20133",2667233,23,0,"1","420","D","06","D",130,"D",,"A",,"A",,"A",,"A"
"20133",2667233,24,0,"1","420","D","07","D",130,"D",,"A",,"A",,"A",,"A"
"20133",2667323,78,0,"2","420","D","05","D",145,"D",,"A",,"A",,"A",,"A"
"20133",2667443,44,0,"1","400","D","07","D",25,"D",,"A",,"A",,"A",,"A"
"20133",2667653,31,0,"2","400","D","05","D",32,"D",,"A",,"A",,"A",,"A"
"20133",2667663,29,0,"1","420","D","07","D",16,"D",,"A",,"A",,"A",,"A"
"20133",2667793,15,0,"1","420","D","06","D",85,"D",,"A",,"A",,"A",,"A"
"20133",2667863,48,0,"1","420","D","06","D",100,"D",,"A",,"A",,"A",,"A"
"20133",2667884,28,0,"1","420","D","07","D",78,"D",,"A",,"A",,"A",,"A"
"20133",2667983,58,0,"1","420","D","07","D",105,"D",,"A",,"A",,"A",,"A"
"20133",2667993,67,0,"1","410","D","05","D",50,"D",,"A",,"A",,"A",,"A"
"20133",2668013,24,0,"1","420","D","05","D",34,"D",,"A",,"A",,"A",,"A"
"20133",2668113,58,0,"2","420","D","05","D",41,"D",,"A",,"A",,"A",,"A"
"20133",2668113,59,0,"2","405","D","05","D",400,"D",,"A",,"A",,"A",,"A"
"20133",2668183,65,0,"1","420","D","05","D",202,"D",,"A",,"A",,"A",,"A"
"20133",2668183,66,0,"1","420","D","06","D",101,"D",,"A",,"A",,"A",,"A"
"20133",2668183,67,0,"2","420","D","05","D",200,"D",,"A",,"A",,"A",,"A"
"20133",2668233,42,0,"1","420","D","06","D",36,"D",,"A",,"A",,"A",,"A"
"20133",2668403,47,0,"1","430","D","05","D",.,"H","415","D","410","D",,"A",,"A"
"20133",2668403,47,1,"1","420","D","05","D",86,"E",,"A",,"A",,"A",,"A"
"20133",2668403,47,2,"1","410","D","05","D",19,"E",,"A",,"A",,"A",,"A"
"20133",2668403,48,0,"1","430","D","07","D",.,"H","415","D","410","D",,"A",,"A"
"20133",2668403,48,1,"1","420","D","07","D",113,"E",,"A",,"A",,"A",,"A"
"20133",2668403,48,2,"1","410","D","07","D",25,"E",,"A",,"A",,"A",,"A"
"20133",2668423,40,0,"1","420","D","06","D",26,"D",,"A",,"A",,"A",,"A"
"20133",2668553,59,0,"1","420","D","07","D",150,"D",,"A",,"A",,"A",,"A"
"20133",2668613,30,0,"1","420","D","06","D",75,"D",,"A",,"A",,"A",,"A"
"20133",2668633,24,0,"1","430","D","06","D",.,"H","410","D","415","D",,"A",,"A"
"20133",2668633,24,1,"1","410","D","06","D",25,"E",,"A",,"A",,"A",,"A"
"20133",2668633,24,2,"1","420","D","06","D",95,"E",,"A",,"A",,"A",,"A"
"20133",2668643,18,0,"1","400","D","06","D",25,"D",,"A",,"A",,"A",,"A"
"20133",2668683,25,0,"1","405","D","06","D",340,"D",,"A",,"A",,"A",,"A"
"20133",2668753,19,0,"1","410","D","07","D",20,"D",,"A",,"A",,"A",,"A"
"20133",2668763,52,0,"1","420","D","07","D",215,"D",,"A",,"A",,"A",,"A"
"20133",2668783,47,0,"2","420","D","05","D",60,"D",,"A",,"A",,"A",,"A"
"20133",2668833,56,0,"2","420","D","05","D",36,"D",,"A",,"A",,"A",,"A"
"20133",2668903,34,0,"1","420","D","07","D",30,"D",,"A",,"A",,"A",,"A"
"20133",2669163,28,0,"1","410","D","08","D",40,"D",,"A",,"A",,"A",,"A"
"20133",2669163,29,0,"1","420","D","08","D",140,"D",,"A",,"A",,"A",,"A"
"20133",2669163,30,0,"1","400","D","08","D",13,"D",,"A",,"A",,"A",,"A"
"20133",2669163,31,0,"2","410","D","06","D",45,"D",,"A",,"A",,"A",,"A"
"20133",2669163,32,0,"2","420","D","06","D",70,"D",,"A",,"A",,"A",,"A"
"20133",2669213,41,0,"1","405","D","08","D",88,"D",,"A",,"A",,"A",,"A"
"20133",2669453,40,0,"1","400","D","06","D",20,"D",,"A",,"A",,"A",,"A"
"20133",2669463,40,0,"2","420","D","06","D",50,"D",,"A",,"A",,"A",,"A"
"20133",2669523,18,0,"1","420","D","08","D",71,"D",,"A",,"A",,"A",,"A"
"20133",2669793,43,0,"1","400","D","06","D",80,"D",,"A",,"A",,"A",,"A"
"20133",2669803,73,0,"2","420","D","06","D",56,"D",,"A",,"A",,"A",,"A"
"20133",2669833,65,0,"1","420","D","08","D",174,"D",,"A",,"A",,"A",,"A"
"20133",2669853,47,0,"1","420","D","07","D",110,"D",,"A",,"A",,"A",,"A"
"20133",2669893,19,0,"2","410","D","06","D",15,"D",,"A",,"A",,"A",,"A"
"20133",2669893,20,0,"2","420","D","06","D",125,"D",,"A",,"A",,"A",,"A"
"20133",2669923,41,0,"1","400","D","06","D",27,"D",,"A",,"A",,"A",,"A"
"20133",2669923,42,0,"1","410","D","07","D",40,"D",,"A",,"A",,"A",,"A"
"20133",2669923,43,0,"1","420","D","07","D",378,"D",,"A",,"A",,"A",,"A"
"20133",2669923,44,0,"1","420","D","07","D",217,"D",,"A",,"A",,"A",,"A"
"20133",2670103,90,0,"1","420","D","08","D",64,"D",,"A",,"A",,"A",,"A"
"20133",2670123,41,0,"1","420","D","07","D",137,"D",,"A",,"A",,"A",,"A"
"20133",2670153,30,0,"2","410","D","06","D",5,"D",,"A",,"A",,"A",,"A"
"20133",2670153,31,0,"2","420","D","06","D",40,"D",,"A",,"A",,"A",,"A"
"20133",2670153,32,0,"2","400","D","06","D",21,"D",,"A",,"A",,"A",,"A"
"20133",2670183,50,0,"1","410","D","08","D",11,"D",,"A",,"A",,"A",,"A"
"20133",2670183,51,0,"1","420","D","08","D",140,"D",,"A",,"A",,"A",,"A"
"20133",2670235,20,0,"1","410","D","07","D",29,"D",,"A",,"A",,"A",,"A"
"20133",2670243,47,0,"1","420","D","07","D",130,"D",,"A",,"A",,"A",,"A"
"20133",2670243,48,0,"1","420","D","08","D",300,"D",,"A",,"A",,"A",,"A"
"20133",2670283,38,0,"1","420","D","08","D",25,"D",,"A",,"A",,"A",,"A"
"20133",2670343,44,0,"1","420","D","06","D",130,"D",,"A",,"A",,"A",,"A"
"20133",2670353,34,0,"1","410","D","07","D",30,"D",,"A",,"A",,"A",,"A"
"20133",2670393,41,0,"1","410","D","07","D",14,"D",,"A",,"A",,"A",,"A"
"20133",2670463,50,0,"1","400","D","08","D",30,"D",,"A",,"A",,"A",,"A"
"20133",2670463,51,0,"2","420","D","06","D",42,"D",,"A",,"A",,"A",,"A"
"20133",2670463,52,0,"2","420","D","06","D",32,"D",,"A",,"A",,"A",,"A"
"20133",2670753,29,0,"1","400","D","07","D",20,"D",,"A",,"A",,"A",,"A"
"20133",2670773,21,0,"1","400","D","08","D",70,"D",,"A",,"A",,"A",,"A"
"20133",2670783,28,0,"1","420","D","06","D",63,"D",,"A",,"A",,"A",,"A"
"20133",2670813,40,0,"1","400","D","07","D",20,"D",,"A",,"A",,"A",,"A"
"20133",2670833,46,0,"2","400","D","06","D",28,"D",,"A",,"A",,"A",,"A"
"20133",2670933,36,0,"1","420","D","07","D",124,"D",,"A",,"A",,"A",,"A"
"20133",2671233,59,0,"1","420","D","08","D",36,"D",,"A",,"A",,"A",,"A"
"20133",2671253,38,0,"1","410","D","07","D",16,"D",,"A",,"A",,"A",,"A"
"20133",2671253,39,0,"2","410","D","06","D",32,"D",,"A",,"A",,"A",,"A"
"20133",2671293,40,0,"1","400","D","06","D",34,"D",,"A",,"A",,"A",,"A"
"20133",2671293,41,0,"1","420","D","08","D",75,"D",,"A",,"A",,"A",,"A"
"20133",2671353,51,0,"2","410","D","06","D",39,"D",,"A",,"A",,"A",,"A"
"20133",2671443,55,0,"1","410","D","08","D",50,"D",,"A",,"A",,"A",,"A"
"20133",2671443,56,0,"1","420","D","08","D",179,"D",,"A",,"A",,"A",,"A"
"20133",2671543,45,0,"1","420","D","06","D",69,"D",,"A",,"A",,"A",,"A"
"20133",2671583,55,0,"2","405","D","06","D",161,"D",,"A",,"A",,"A",,"A"
"20133",2671763,38,0,"1","410","D","06","D",29,"D",,"A",,"A",,"A",,"A"
"20133",2671763,39,0,"1","405","D","06","D",618,"D",,"A",,"A",,"A",,"A"
"20133",2671763,40,0,"1","420","D","08","D",50,"D",,"A",,"A",,"A",,"A"
"20133",2671763,41,0,"2","400","D","06","D",50,"D",,"A",,"A",,"A",,"A"
"20133",2671973,13,0,"1","420","D","06","D",300,"D",,"A",,"A",,"A",,"A"
"20133",2671983,20,0,"1","410","D","07","D",16,"D",,"A",,"A",,"A",,"A"
"20133",2672233,58,0,"1","420","D","07","D",125,"D",,"A",,"A",,"A",,"A"
"20133",2672233,59,0,"1","420","D","06","D",79,"D",,"A",,"A",,"A",,"A"
"20133",2672293,29,0,"1","420","D","07","D",36,"D",,"A",,"A",,"A",,"A"
"20133",2672423,58,0,"2","420","D","06","D",146,"D",,"A",,"A",,"A",,"A"
"20133",2672663,42,0,"1","420","D","07","D",65,"D",,"A",,"A",,"A",,"A"
"20133",2672673,39,0,"1","420","D","08","D",75,"D",,"A",,"A",,"A",,"A"
"20133",2672923,64,0,"1","430","D","06","D",.,"H","405","D","415","D",,"A",,"A"
"20133",2672923,64,1,"1","420","D","06","D",305,"E",,"A",,"A",,"A",,"A"
"20133",2672993,49,0,"1","420","D","06","D",59,"D",,"A",,"A",,"A",,"A"
"20133",2673013,62,0,"1","420","D","07","D",24,"D",,"A",,"A",,"A",,"A"
"20133",2673063,52,0,"1","410","D","07","D",50,"D",,"A",,"A",,"A",,"A"
"20133",2673063,53,0,"1","410","D","07","D",40,"D",,"A",,"A",,"A",,"A"
"20133",2673103,37,0,"2","400","D","06","D",25,"D",,"A",,"A",,"A",,"A"
"20133",2673123,73,0,"1","420","D","08","D",234,"D",,"A",,"A",,"A",,"A"
"20133",2673133,46,0,"1","420","D","08","D",36,"D",,"A",,"A",,"A",,"A"
"20133",2673153,21,0,"2","400","D","06","D",34,"D",,"A",,"A",,"A",,"A"
"20133",2673273,30,0,"1","420","D","06","D",300,"D",,"A",,"A",,"A",,"A"
"20133",2673323,47,0,"2","420","D","06","D",104,"D",,"A",,"A",,"A",,"A"
"20133",2673363,34,0,"1","410","D","07","D",100,"D",,"A",,"A",,"A",,"A"
"20133",2673393,79,0,"1","410","D","08","D",35,"D",,"A",,"A",,"A",,"A"
"20133",2673493,31,0,"1","420","D","07","D",160,"D",,"A",,"A",,"A",,"A"
"20133",2673503,29,0,"1","405","D","07","D",300,"D",,"A",,"A",,"A",,"A"
"20133",2673523,78,0,"1","400","D","08","D",25,"D",,"A",,"A",,"A",,"A"
"20133",2673523,79,0,"1","410","D","07","D",12,"D",,"A",,"A",,"A",,"A"
"20133",2673543,50,0,"1","400","D","06","D",22,"D",,"A",,"A",,"A",,"A"
"20133",2673643,32,0,"1","420","D","08","D",55,"D",,"A",,"A",,"A",,"A"
"20133",2673733,55,0,"1","405","D","08","D",200,"F",,"A",,"A",,"A",,"A"
"20133",2673783,13,0,"1","410","D","08","D",49,"D",,"A",,"A",,"A",,"A"
"20133",2673873,45,0,"1","420","D","07","D",57,"D",,"A",,"A",,"A",,"A"
"20133",2673973,29,0,"2","420","D","06","D",89,"D",,"A",,"A",,"A",,"A"
"20133",2673993,40,0,"1","420","D","08","D",88,"D",,"A",,"A",,"A",,"A"
"20133",2674093,64,0,"2","420","D","06","D",100,"D",,"A",,"A",,"A",,"A"
"20133",2674173,44,0,"1","410","D","07","D",40,"D",,"A",,"A",,"A",,"A"
"20133",2674173,45,0,"1","420","D","06","D",190,"D",,"A",,"A",,"A",,"A"
"20133",2674173,46,0,"1","405","D","07","D",150,"D",,"A",,"A",,"A",,"A"
"20133",2674293,47,0,"1","420","D","06","D",107,"D",,"A",,"A",,"A",,"A"
"20133",2674293,48,0,"1","400","D","06","D",25,"D",,"A",,"A",,"A",,"A"
"20133",2674343,26,0,"1","420","D","08","D",37,"D",,"A",,"A",,"A",,"A"
"20133",2674593,55,0,"1","400","D","08","D",32,"D",,"A",,"A",,"A",,"A"
"20133",2674593,56,0,"1","420","D","08","D",95,"D",,"A",,"A",,"A",,"A"
"20133",2674593,57,0,"1","420","D","08","D",289,"D",,"A",,"A",,"A",,"A"
"20133",2674633,47,0,"1","400","D","08","D",50,"D",,"A",,"A",,"A",,"A"
"20133",2674773,28,0,"1","400","D","08","D",25,"D",,"A",,"A",,"A",,"A"
"20133",2674963,20,0,"1","420","D","08","D",86,"D",,"A",,"A",,"A",,"A"
"20133",2675063,57,0,"1","420","D","06","D",210,"D",,"A",,"A",,"A",,"A"
"20133",2675203,39,0,"1","410","D","08","D",30,"D",,"A",,"A",,"A",,"A"
"20133",2675203,40,0,"1","420","D","08","D",70,"D",,"A",,"A",,"A",,"A"
"20133",2675473,36,0,"1","410","D","07","D",40,"D",,"A",,"A",,"A",,"A"
"20133",2675603,14,0,"1","420","D","07","D",55,"D",,"A",,"A",,"A",,"A"
"20133",2675643,59,0,"1","410","D","07","D",29,"D",,"A",,"A",,"A",,"A"
"20133",2675673,45,0,"1","420","D","08","D",700,"D",,"A",,"A",,"A",,"A"
"20133",2675673,46,0,"1","400","D","07","D",22,"D",,"A",,"A",,"A",,"A"
"20133",2675723,42,0,"1","420","D","08","D",104,"D",,"A",,"A",,"A",,"A"
"20133",2675823,32,0,"1","410","D","07","D",75,"D",,"A",,"A",,"A",,"A"
"20133",2675823,33,0,"1","410","D","08","D",75,"D",,"A",,"A",,"A",,"A"
"20133",2675823,34,0,"1","420","D","06","D",36,"D",,"A",,"A",,"A",,"A"
"20133",2675823,35,0,"1","420","D","08","D",36,"D",,"A",,"A",,"A",,"A"
"20133",2675833,26,0,"1","405","D","06","D",100,"D",,"A",,"A",,"A",,"A"
"20133",2675903,21,0,"2","420","D","06","D",110,"D",,"A",,"A",,"A",,"A"
"20133",2675903,22,0,"2","410","D","06","D",50,"D",,"A",,"A",,"A",,"A"
"20133",2675973,18,0,"1","410","D","08","D",15,"D",,"A",,"A",,"A",,"A"
"20133",2676023,98,0,"1","400","D","07","D",18,"D",,"A",,"A",,"A",,"A"
"20133",2676023,99,0,"1","420","D","07","D",131,"D",,"A",,"A",,"A",,"A"
"20133",2676063,33,0,"1","420","D","06","D",170,"D",,"A",,"A",,"A",,"A"
"20133",2676253,32,0,"1","420","D","07","D",86,"D",,"A",,"A",,"A",,"A"
"20133",2676253,33,0,"1","420","D","07","D",145,"D",,"A",,"A",,"A",,"A"
"20133",2676393,47,0,"1","420","D","08","D",248,"D",,"A",,"A",,"A",,"A"
"20133",2676393,48,0,"2","420","D","06","D",168,"D",,"A",,"A",,"A",,"A"
"20133",2676443,27,0,"1","400","D","07","D",48,"F",,"A",,"A",,"A",,"A"
"20133",2676473,64,0,"1","405","D","07","D",88,"D",,"A",,"A",,"A",,"A"
"20133",2676553,58,0,"1","410","D","08","D",37,"D",,"A",,"A",,"A",,"A"
"20133",2676583,58,0,"1","420","D","07","D",36,"D",,"A",,"A",,"A",,"A"
"20133",2676623,34,0,"1","410","D","07","D",50,"D",,"A",,"A",,"A",,"A"
"20133",2676623,35,0,"1","420","D","07","D",90,"D",,"A",,"A",,"A",,"A"
"20133",2676703,20,0,"1","420","D","07","D",100,"D",,"A",,"A",,"A",,"A"
"20133",2676753,39,0,"1","430","D","08","D",.,"H","400","D","410","D",,"A",,"A"
"20133",2676753,39,1,"1","400","D","08","D",14,"E",,"A",,"A",,"A",,"A"
"20133",2676753,39,2,"1","410","D","08","D",41,"E",,"A",,"A",,"A",,"A"
"20133",2676853,33,0,"2","420","D","06","D",120,"D",,"A",,"A",,"A",,"A"
"20133",2676853,34,0,"2","400","D","06","D",70,"D",,"A",,"A",,"A",,"A"
"20133",2677003,54,0,"1","405","D","07","D",375,"D",,"A",,"A",,"A",,"A"
"20133",2677033,32,0,"2","400","D","06","D",32,"D",,"A",,"A",,"A",,"A"
"20133",2677033,33,0,"2","420","D","06","D",212,"D",,"A",,"A",,"A",,"A"
"20133",2677353,72,0,"1","420","D","08","D",65,"D",,"A",,"A",,"A",,"A"
"20133",2677703,23,0,"1","420","D","07","D",22,"D",,"A",,"A",,"A",,"A"
"20133",2678243,68,0,"1","420","D","06","D",101,"D",,"A",,"A",,"A",,"A"
"20133",2678253,23,0,"2","420","D","06","D",97,"D",,"A",,"A",,"A",,"A"
"20133",2678343,47,0,"1","410","D","08","D",16,"D",,"A",,"A",,"A",,"A"
"20133",2678353,69,0,"1","420","D","08","D",500,"D",,"A",,"A",,"A",,"A"
"20133",2678533,48,0,"1","400","D","08","D",20,"D",,"A",,"A",,"A",,"A"
"20133",2678593,20,0,"1","420","D","06","D",60,"D",,"A",,"A",,"A",,"A"
"20133",2678623,53,0,"1","400","D","06","D",70,"D",,"A",,"A",,"A",,"A"
"20133",2678673,40,0,"1","420","D","08","D",65,"D",,"A",,"A",,"A",,"A"
"20133",2678683,22,0,"1","405","D","07","D",90,"D",,"A",,"A",,"A",,"A"
"20133",2678723,40,0,"2","420","D","06","D",50,"D",,"A",,"A",,"A",,"A"
"20133",2679133,29,0,"1","400","D","08","D",40,"D",,"A",,"A",,"A",,"A"
"20133",2679153,46,0,"1","430","D","08","D",.,"H","415","D","400","D",,"A",,"A"
"20133",2679153,46,1,"1","420","D","08","D",100,"E",,"A",,"A",,"A",,"A"
"20133",2679153,46,2,"1","400","D","08","D",30,"E",,"A",,"A",,"A",,"A"
"20133",2679153,47,0,"1","420","D","08","D",60,"D",,"A",,"A",,"A",,"A"
"20133",2679153,48,0,"1","420","D","08","D",102,"D",,"A",,"A",,"A",,"A"
"20133",2679193,47,0,"2","400","D","06","D",50,"D",,"A",,"A",,"A",,"A"
"20133",2679263,30,0,"1","400","D","07","D",11,"D",,"A",,"A",,"A",,"A"
"20133",2679263,31,0,"1","410","D","07","D",11,"D",,"A",,"A",,"A",,"A"
"20133",2679393,49,0,"2","400","D","06","D",120,"D",,"A",,"A",,"A",,"A"
"20133",2679403,24,0,"1","420","D","07","D",24,"D",,"A",,"A",,"A",,"A"
"20133",2679403,25,0,"1","420","D","08","D",24,"D",,"A",,"A",,"A",,"A"
"20133",2679573,25,0,"1","420","D","08","D",5,"D",,"A",,"A",,"A",,"A"
"20133",2679723,105,0,"2","420","D","06","D",199,"D",,"A",,"A",,"A",,"A"
"20133",2679753,44,0,"1","420","D","08","D",480,"D",,"A",,"A",,"A",,"A"
"20133",2679753,45,0,"1","410","D","08","D",20,"D",,"A",,"A",,"A",,"A"
"20133",2679763,9,0,"1","400","D","08","D",30,"D",,"A",,"A",,"A",,"A"
"20133",2679803,57,0,"1","420","D","08","D",214,"D",,"A",,"A",,"A",,"A"
"20133",2679833,19,0,"1","420","D","06","D",97,"D",,"A",,"A",,"A",,"A"
"20133",2679843,33,0,"1","400","D","07","D",40,"D",,"A",,"A",,"A",,"A"
"20133",2679943,11,0,"2","420","D","06","D",102,"D",,"A",,"A",,"A",,"A"
"20133",2680003,42,0,"1","410","D","06","D",14,"D",,"A",,"A",,"A",,"A"
"20133",2680003,43,0,"1","420","D","06","D",51,"D",,"A",,"A",,"A",,"A"
"20133",2680093,116,0,"1","420","D","06","D",21,"D",,"A",,"A",,"A",,"A"
"20133",2680093,117,0,"1","405","D","06","D",100,"D",,"A",,"A",,"A",,"A"
"20133",2680093,118,0,"1","420","D","06","D",21,"D",,"A",,"A",,"A",,"A"
"20133",2680093,119,0,"1","405","D","06","D",10,"D",,"A",,"A",,"A",,"A"
"20133",2680183,57,0,"1","420","D","07","D",266,"D",,"A",,"A",,"A",,"A"
"20133",2680282,58,0,"1","410","D","06","D",16,"D",,"A",,"A",,"A",,"A"
"20133",2680282,59,0,"1","410","D","04","D",16,"D",,"A",,"A",,"A",,"A"
"20133",2680282,60,0,"1","420","D","06","D",41,"D",,"A",,"A",,"A",,"A"
"20133",2680282,61,0,"1","405","D","05","D",343,"D",,"A",,"A",,"A",,"A"
"20133",2680282,62,0,"2","400","D","04","D",32,"D",,"A",,"A",,"A",,"A"
"20133",2680842,51,0,"1","420","D","05","D",32,"D",,"A",,"A",,"A",,"A"
"20133",2680922,40,0,"1","420","D","05","D",247,"D",,"A",,"A",,"A",,"A"
"20133",2680922,41,0,"1","420","D","06","D",251,"D",,"A",,"A",,"A",,"A"
"20133",2680942,72,0,"1","420","D","06","D",167,"D",,"A",,"A",,"A",,"A"
"20133",2681162,18,0,"1","420","D","06","D",170,"D",,"A",,"A",,"A",,"A"
"20133",2681172,40,0,"1","405","D","05","D",478,"D",,"A",,"A",,"A",,"A"
"20133",2681172,41,0,"1","420","D","06","D",60,"D",,"A",,"A",,"A",,"A"
"20133",2681202,26,0,"1","420","D","05","D",50,"D",,"A",,"A",,"A",,"A"
"20133",2681214,37,0,"1","400","D","06","D",8,"D",,"A",,"A",,"A",,"A"
"20133",2681362,39,0,"1","430","D","05","D",.,"H","410","D","415","D",,"A",,"A"
"20133",2681362,39,1,"1","410","D","05","D",2,"E",,"A",,"A",,"A",,"A"
"20133",2681362,39,2,"1","420","D","05","D",33,"E",,"A",,"A",,"A",,"A"
"20133",2681392,18,0,"1","420","D","06","D",65,"D",,"A",,"A",,"A",,"A"
"20133",2681412,22,0,"1","420","D","05","D",90,"D",,"A",,"A",,"A",,"A"
"20133",2681542,71,0,"1","420","D","05","D",99,"D",,"A",,"A",,"A",,"A"
"20133",2681542,72,0,"1","420","D","06","D",120,"D",,"A",,"A",,"A",,"A"
"20133",2681562,29,0,"1","420","D","06","D",68,"D",,"A",,"A",,"A",,"A"
"20133",2681562,30,0,"2","420","D","04","D",198,"D",,"A",,"A",,"A",,"A"
"20133",2681562,31,0,"2","410","D","04","D",40,"D",,"A",,"A",,"A",,"A"
"20133",2681572,22,0,"2","420","D","04","D",90,"D",,"A",,"A",,"A",,"A"
"20133",2681622,30,0,"1","420","D","05","D",65,"D",,"A",,"A",,"A",,"A"
"20133",2681732,31,0,"1","420","D","06","D",100,"D",,"A",,"A",,"A",,"A"
"20133",2681762,20,0,"1","420","D","05","D",26,"D",,"A",,"A",,"A",,"A"
"20133",2681792,44,0,"1","410","D","06","D",39,"D",,"A",,"A",,"A",,"A"
"20133",2681802,35,0,"1","420","D","04","D",64,"D",,"A",,"A",,"A",,"A"
"20133",2681902,23,0,"1","420","D","04","D",125,"D",,"A",,"A",,"A",,"A"
"20133",2681912,56,0,"1","420","D","06","D",20,"D",,"A",,"A",,"A",,"A"
"20133",2682162,47,0,"1","420","D","04","D",140,"D",,"A",,"A",,"A",,"A"
"20133",2682322,45,0,"1","420","D","06","D",77,"D",,"A",,"A",,"A",,"A"
"20133",2682322,46,0,"1","420","D","05","D",26,"D",,"A",,"A",,"A",,"A"
"20133",2682352,24,0,"1","400","D","06","D",10,"D",,"A",,"A",,"A",,"A"
"20133",2682462,48,0,"1","410","D","05","D",34,"D",,"A",,"A",,"A",,"A"
"20133",2682502,33,0,"1","410","D","06","D",15,"D",,"A",,"A",,"A",,"A"
"20133",2682502,34,0,"1","420","D","05","D",1,"D",,"A",,"A",,"A",,"A"
"20133",2682672,62,0,"1","420","D","06","D",43,"D",,"A",,"A",,"A",,"A"
"20133",2682802,33,0,"1","420","D","05","D",101,"D",,"A",,"A",,"A",,"A"
"20133",2683012,16,0,"1","420","D","06","D",555,"D",,"A",,"A",,"A",,"A"
"20133",2683122,30,0,"2","420","D","04","D",311,"F",,"A",,"A",,"A",,"A"
"20133",2683132,18,0,"1","420","D","04","D",50,"D",,"A",,"A",,"A",,"A"
"20133",2683144,39,0,"1","420","D","06","D",20,"D",,"A",,"A",,"A",,"A"
"20133",2683162,48,0,"1","420","D","06","D",47,"D",,"A",,"A",,"A",,"A"
"20133",2683162,49,0,"1","420","D","06","D",78,"D",,"A",,"A",,"A",,"A"
"20133",2683172,44,0,"1","410","D","04","D",90,"D",,"A",,"A",,"A",,"A"
"20133",2683172,45,0,"1","420","D","05","D",600,"D",,"A",,"A",,"A",,"A"
"20133",2683202,32,0,"1","420","D","05","D",80,"D",,"A",,"A",,"A",,"A"
"20133",2683262,29,0,"1","400","D","06","D",35,"D",,"A",,"A",,"A",,"A"
"20133",2683262,30,0,"1","420","D","06","D",35,"D",,"A",,"A",,"A",,"A"
"20133",2683292,33,0,"1","400","D","05","D",17,"D",,"A",,"A",,"A",,"A"
"20133",2683362,23,0,"1","410","D","06","D",16,"D",,"A",,"A",,"A",,"A"
"20133",2683362,24,0,"1","405","D","06","D",50,"D",,"A",,"A",,"A",,"A"
"20133",2683362,25,0,"2","420","D","04","D",50,"D",,"A",,"A",,"A",,"A"
"20133",2683432,61,0,"1","420","D","05","D",35,"D",,"A",,"A",,"A",,"A"
"20133",2683442,23,0,"1","420","D","06","D",72,"D",,"A",,"A",,"A",,"A"
"20133",2683482,21,0,"2","420","D","04","D",109,"D",,"A",,"A",,"A",,"A"
"20133",2683552,38,0,"1","410","D","04","D",58,"D",,"A",,"A",,"A",,"A"
"20133",2683632,76,0,"1","420","D","04","D",400,"D",,"A",,"A",,"A",,"A"
"20133",2683712,50,0,"2","420","D","04","D",105,"D",,"A",,"A",,"A",,"A"
"20133",2683762,24,0,"2","410","D","04","D",28,"D",,"A",,"A",,"A",,"A"
"20133",2683862,32,0,"1","400","D","05","D",27,"D",,"A",,"A",,"A",,"A"
"20133",2683892,20,0,"1","405","D","06","D",350,"D",,"A",,"A",,"A",,"A"
"20133",2683972,40,0,"1","410","D","06","D",50,"D",,"A",,"A",,"A",,"A"
"20133",2684022,39,0,"1","410","D","04","D",20,"D",,"A",,"A",,"A",,"A"
"20133",2684042,29,0,"1","420","D","04","D",76,"D",,"A",,"A",,"A",,"A"
"20133",2684092,22,0,"1","420","D","05","D",40,"D",,"A",,"A",,"A",,"A"
"20133",2684092,23,0,"1","420","D","06","D",71,"D",,"A",,"A",,"A",,"A"
"20133",2684232,38,0,"2","400","D","04","D",26,"D",,"A",,"A",,"A",,"A"
"20133",2684272,44,0,"1","420","D","06","D",90,"D",,"A",,"A",,"A",,"A"
"20133",2684312,17,0,"1","420","D","05","D",75,"D",,"A",,"A",,"A",,"A"
"20133",2684332,66,0,"1","400","D","06","D",25,"D",,"A",,"A",,"A",,"A"
"20133",2684422,39,0,"1","420","D","05","D",80,"D",,"A",,"A",,"A",,"A"
"20133",2684432,37,0,"1","420","D","06","D",150,"D",,"A",,"A",,"A",,"A"
"20133",2684472,28,0,"1","420","D","06","D",40,"D",,"A",,"A",,"A",,"A"
"20133",2684472,29,0,"1","420","D","04","D",101,"D",,"A",,"A",,"A",,"A"
"20133",2684772,39,0,"1","400","D","05","D",50,"D",,"A",,"A",,"A",,"A"
"20133",2684842,57,0,"2","420","D","04","D",62,"D",,"A",,"A",,"A",,"A"
"20133",2684922,46,0,"1","420","D","06","D",200,"D",,"A",,"A",,"A",,"A"
"20133",2684922,47,0,"2","400","D","04","D",30,"D",,"A",,"A",,"A",,"A"
"20133",2685012,81,0,"1","420","D","05","D",223,"D",,"A",,"A",,"A",,"A"
"20133",2685122,35,0,"1","420","D","04","D",54,"D",,"A",,"A",,"A",,"A"
"20133",2685122,36,0,"1","410","D","04","D",18,"D",,"A",,"A",,"A",,"A"
"20133",2685122,37,0,"2","410","D","04","D",20,"D",,"A",,"A",,"A",,"A"
"20133",2685222,15,0,"1","405","D","06","D",250,"D",,"A",,"A",,"A",,"A"
"20133",2685252,36,0,"1","420","D","05","D",147,"D",,"A",,"A",,"A",,"A"
"20133",2685322,96,0,"1","410","D","04","D",47,"D",,"A",,"A",,"A",,"A"
"20133",2685442,37,0,"1","410","D","06","D",20,"D",,"A",,"A",,"A",,"A"
"20133",2685452,46,0,"1","420","D","04","D",27,"D",,"A",,"A",,"A",,"A"
"20133",2685492,43,0,"2","420","D","04","D",168,"D",,"A",,"A",,"A",,"A"
"20133",2685522,18,0,"1","410","D","04","D",70,"D",,"A",,"A",,"A",,"A"
"20133",2685772,45,0,"1","420","D","06","D",184,"D",,"A",,"A",,"A",,"A"
"20133",2685772,46,0,"1","405","D","06","D",2270,"D",,"A",,"A",,"A",,"A"
"20133",2685772,47,0,"2","420","D","04","D",155,"D",,"A",,"A",,"A",,"A"
"20133",2685972,39,0,"1","400","D","06","D",18,"D",,"A",,"A",,"A",,"A"
"20133",2685972,40,0,"2","420","D","04","D",83,"D",,"A",,"A",,"A",,"A"
"20133",2685992,53,0,"2","400","D","04","D",20,"D",,"A",,"A",,"A",,"A"
"20133",2686142,44,0,"1","420","D","04","D",36,"D",,"A",,"A",,"A",,"A"
"20133",2686262,28,0,"1","400","D","05","D",22,"D",,"A",,"A",,"A",,"A"
"20133",2686382,20,0,"1","420","D","05","D",189,"D",,"A",,"A",,"A",,"A"
"20133",2686492,48,0,"1","400","D","06","D",28,"D",,"A",,"A",,"A",,"A"
"20133",2686532,36,0,"1","420","D","05","D",300,"D",,"A",,"A",,"A",,"A"
"20133",2686552,21,0,"1","420","D","04","D",59,"D",,"A",,"A",,"A",,"A"
"20133",2686622,15,0,"1","405","D","04","D",224,"D",,"A",,"A",,"A",,"A"
"20133",2686622,16,0,"1","420","D","05","D",42,"D",,"A",,"A",,"A",,"A"
"20133",2686642,38,0,"1","410","D","06","D",40,"D",,"A",,"A",,"A",,"A"
"20133",2686642,39,0,"1","420","D","06","D",66,"D",,"A",,"A",,"A",,"A"
"20133",2686664,33,0,"1","430","D","04","D",.,"H","400","D","415","D",,"A",,"A"
"20133",2686664,33,1,"1","400","D","04","D",22,"E",,"A",,"A",,"A",,"A"
"20133",2686664,33,2,"1","420","D","04","D",78,"E",,"A",,"A",,"A",,"A"
"20133",2686682,12,0,"1","420","D","04","D",310,"D",,"A",,"A",,"A",,"A"
"20133",2686812,24,0,"1","410","D","06","D",70,"D",,"A",,"A",,"A",,"A"
"20133",2686812,25,0,"1","420","D","06","D",400,"D",,"A",,"A",,"A",,"A"
"20133",2686852,60,0,"1","410","D","05","D",20,"D",,"A",,"A",,"A",,"A"
"20133",2686852,61,0,"1","420","D","06","D",20,"D",,"A",,"A",,"A",,"A"
"20133",2686862,34,0,"1","420","D","04","D",37,"F",,"A",,"A",,"A",,"A"
"20133",2686892,24,0,"2","410","D","04","D",15,"D",,"A",,"A",,"A",,"A"
"20133",2686902,45,0,"1","410","D","05","D",25,"D",,"A",,"A",,"A",,"A"
"20133",2686942,29,0,"1","410","D","04","D",25,"D",,"A",,"A",,"A",,"A"
"20133",2686962,25,0,"1","420","D","06","D",103,"D",,"A",,"A",,"A",,"A"
"20133",2687062,62,0,"1","410","D","05","D",24,"D",,"A",,"A",,"A",,"A"
"20133",2687062,63,0,"1","420","D","05","D",114,"D",,"A",,"A",,"A",,"A"
"20133",2687142,22,0,"1","405","D","05","D",84,"D",,"A",,"A",,"A",,"A"
"20133",2687152,25,0,"1","420","D","06","D",106,"F",,"A",,"A",,"A",,"A"
"20133",2687222,52,0,"1","420","D","05","D",65,"D",,"A",,"A",,"A",,"A"
"20133",2687232,19,0,"1","400","D","06","D",40,"D",,"A",,"A",,"A",,"A"
"20133",2687262,33,0,"1","420","D","05","D",75,"D",,"A",,"A",,"A",,"A"
"20133",2687362,35,0,"1","420","D","05","D",40,"D",,"A",,"A",,"A",,"A"
"20133",2687372,24,0,"1","400","D","06","D",20,"D",,"A",,"A",,"A",,"A"
"20133",2687382,44,0,"1","405","D","06","D",294,"D",,"A",,"A",,"A",,"A"
"20133",2687412,69,0,"2","420","D","04","D",110,"D",,"A",,"A",,"A",,"A"
"20133",2687412,70,0,"2","420","D","04","D",110,"D",,"A",,"A",,"A",,"A"
"20133",2687462,63,0,"1","410","D","05","D",20,"D",,"A",,"A",,"A",,"A"
"20133",2687462,64,0,"1","420","D","05","D",103,"D",,"A",,"A",,"A",,"A"
"20133",2687502,48,0,"2","405","D","04","D",40,"D",,"A",,"A",,"A",,"A"
"20133",2687522,47,0,"1","420","D","05","D",149,"D",,"A",,"A",,"A",,"A"
"20133",2687572,113,0,"1","420","D","05","D",410,"D",,"A",,"A",,"A",,"A"
"20133",2687612,44,0,"1","430","D","05","D",.,"H","400","D","415","D",,"A",,"A"
"20133",2687612,44,1,"1","400","D","05","D",44,"E",,"A",,"A",,"A",,"A"
"20133",2687612,44,2,"1","420","D","05","D",156,"E",,"A",,"A",,"A",,"A"
"20133",2687612,45,0,"1","420","D","06","D",90,"D",,"A",,"A",,"A",,"A"
"20133",2687682,44,0,"1","420","D","06","D",350,"D",,"A",,"A",,"A",,"A"
"20133",2687722,53,0,"1","420","D","06","D",550,"D",,"A",,"A",,"A",,"A"
"20133",2687722,54,0,"2","420","D","04","D",42,"D",,"A",,"A",,"A",,"A"
"20133",2687742,39,0,"2","420","D","04","D",160,"D",,"A",,"A",,"A",,"A"
"20133",2687822,73,0,"1","430","D","04","D",.,"H","410","D","415","D",,"A",,"A"
"20133",2687822,73,1,"1","410","D","04","D",32,"E",,"A",,"A",,"A",,"A"
"20133",2687822,73,2,"1","420","D","04","D",118,"E",,"A",,"A",,"A",,"A"
"20133",2687822,74,0,"1","430","D","05","D",.,"H","410","D","415","D",,"A",,"A"
"20133",2687822,74,1,"1","410","D","05","D",32,"E",,"A",,"A",,"A",,"A"
"20133",2687822,74,2,"1","420","D","05","D",118,"E",,"A",,"A",,"A",,"A"
"20133",2687882,38,0,"1","420","D","04","D",420,"D",,"A",,"A",,"A",,"A"
"20133",2687892,29,0,"1","420","D","06","D",180,"D",,"A",,"A",,"A",,"A"
"20133",2688262,14,0,"1","430","D","04","D",.,"H","410","D","415","D",,"A",,"A"
"20133",2688262,14,1,"1","410","D","04","D",80,"E",,"A",,"A",,"A",,"A"
"20133",2688262,14,2,"1","420","D","04","D",160,"E",,"A",,"A",,"A",,"A"
"20133",2688312,59,0,"1","420","D","06","D",65,"D",,"A",,"A",,"A",,"A"
"20133",2688312,60,0,"2","400","D","04","D",25,"D",,"A",,"A",,"A",,"A"
"20133",2688492,27,0,"1","405","D","05","D",80,"D",,"A",,"A",,"A",,"A"
"20133",2688502,35,0,"1","420","D","06","D",81,"D",,"A",,"A",,"A",,"A"
"20133",2688572,42,0,"1","420","D","05","D",69,"D",,"A",,"A",,"A",,"A"
"20133",2688612,47,0,"2","420","D","04","D",285,"D",,"A",,"A",,"A",,"A"
"20133",2688642,34,0,"2","430","D","04","D",.,"H","410","D","415","D",,"A",,"A"
"20133",2688642,34,1,"2","410","D","04","D",60,"E",,"A",,"A",,"A",,"A"
"20133",2688642,34,2,"2","420","D","04","D",386,"E",,"A",,"A",,"A",,"A"
"20133",2688682,44,0,"1","420","D","06","D",90,"D",,"A",,"A",,"A",,"A"
"20133",2688682,45,0,"1","420","D","04","D",45,"D",,"A",,"A",,"A",,"A"
"20133",2688762,21,0,"1","420","D","05","D",65,"D",,"A",,"A",,"A",,"A"
"20133",2688762,22,0,"1","420","D","06","D",65,"D",,"A",,"A",,"A",,"A"
"20133",2688822,29,0,"1","420","D","06","D",25,"D",,"A",,"A",,"A",,"A"
"20133",2688912,43,0,"2","420","D","04","D",60,"D",,"A",,"A",,"A",,"A"
"20133",2689052,54,0,"1","420","D","06","D",30,"D",,"A",,"A",,"A",,"A"
"20133",2689182,81,0,"1","420","D","05","D",408,"D",,"A",,"A",,"A",,"A"
"20133",2689332,23,0,"1","420","D","06","D",26,"D",,"A",,"A",,"A",,"A"
"20133",2689332,24,0,"1","410","D","06","D",5,"D",,"A",,"A",,"A",,"A"
"20133",2689612,23,0,"2","420","D","04","D",300,"D",,"A",,"A",,"A",,"A"
"20133",2689762,34,0,"1","400","D","04","D",25,"D",,"A",,"A",,"A",,"A"
"20133",2689762,35,0,"1","420","D","06","D",200,"D",,"A",,"A",,"A",,"A"
"20133",2689864,44,0,"1","400","D","06","D",10,"D",,"A",,"A",,"A",,"A"
"20133",2689864,45,0,"1","420","D","05","D",600,"D",,"A",,"A",,"A",,"A"
"20133",2689882,67,0,"1","410","D","05","D",58,"D",,"A",,"A",,"A",,"A"
"20133",2689902,29,0,"1","420","D","05","D",105,"D",,"A",,"A",,"A",,"A"
"20133",2689902,30,0,"1","420","D","05","D",30,"D",,"A",,"A",,"A",,"A"
"20133",2690062,17,0,"1","420","D","06","D",28,"D",,"A",,"A",,"A",,"A"
"20133",2690072,65,0,"1","400","D","05","D",35,"D",,"A",,"A",,"A",,"A"
"20133",2690182,63,0,"1","420","D","06","D",50,"D",,"A",,"A",,"A",,"A"
"20133",2690182,64,0,"1","410","D","05","D",29,"D",,"A",,"A",,"A",,"A"
"20133",2690182,65,0,"1","405","D","04","D",570,"D",,"A",,"A",,"A",,"A"
"20133",2690182,66,0,"2","405","D","04","D",550,"D",,"A",,"A",,"A",,"A"
"20133",2690272,65,0,"1","410","D","04","D",20,"D",,"A",,"A",,"A",,"A"
"20133",2690272,66,0,"1","410","D","06","D",20,"D",,"A",,"A",,"A",,"A"
"20133",2690332,20,0,"1","420","D","06","D",123,"D",,"A",,"A",,"A",,"A"
"20133",2690413,19,0,"1","420","D","04","D",64,"D",,"A",,"A",,"A",,"A"
"20133",2690413,20,0,"1","410","D","06","D",50,"D",,"A",,"A",,"A",,"A"
"20133",2690432,45,0,"1","410","D","06","D",60,"D",,"A",,"A",,"A",,"A"
"20133",2690532,29,0,"2","420","D","04","D",120,"D",,"A",,"A",,"A",,"A"
"20133",2690542,86,0,"1","420","D","04","D",262,"D",,"A",,"A",,"A",,"A"
"20133",2690542,87,0,"2","420","D","04","D",243,"D",,"A",,"A",,"A",,"A"
"20133",2690672,52,0,"1","410","D","06","D",120,"D",,"A",,"A",,"A",,"A"
"20133",2690692,27,0,"1","400","D","06","D",16,"D",,"A",,"A",,"A",,"A"
"20133",2690722,18,0,"1","420","D","06","D",125,"D",,"A",,"A",,"A",,"A"
"20133",2690802,17,0,"1","400","D","06","D",19,"D",,"A",,"A",,"A",,"A"
"20133",2690842,37,0,"1","420","D","06","D",101,"D",,"A",,"A",,"A",,"A"
"20133",2690852,22,0,"1","420","D","06","D",150,"D",,"A",,"A",,"A",,"A"
"20133",2690982,71,0,"2","420","D","04","D",150,"D",,"A",,"A",,"A",,"A"
"20133",2691122,51,0,"1","410","D","07","D",50,"D",,"A",,"A",,"A",,"A"
"20133",2691122,52,0,"1","410","D","05","D",60,"D",,"A",,"A",,"A",,"A"
"20133",2691122,53,0,"1","420","D","05","D",36,"D",,"A",,"A",,"A",,"A"
"20133",2691122,54,0,"1","420","D","07","D",36,"D",,"A",,"A",,"A",,"A"
"20133",2691202,40,0,"1","400","D","05","D",40,"D",,"A",,"A",,"A",,"A"
"20133",2691202,41,0,"1","420","D","06","D",80,"D",,"A",,"A",,"A",,"A"
"20133",2691202,42,0,"2","420","D","05","D",101,"D",,"A",,"A",,"A",,"A"
"20133",2691332,31,0,"2","410","D","05","D",15,"D",,"A",,"A",,"A",,"A"
"20133",2691332,32,0,"2","420","D","05","D",70,"D",,"A",,"A",,"A",,"A"
"20133",2691562,62,0,"1","400","D","05","D",30,"D",,"A",,"A",,"A",,"A"
"20133",2691562,63,0,"1","420","D","07","D",208,"D",,"A",,"A",,"A",,"A"
"20133",2691672,70,0,"1","410","D","06","D",75,"D",,"A",,"A",,"A",,"A"
"20133",2691672,71,0,"1","410","D","07","D",75,"D",,"A",,"A",,"A",,"A"
"20133",2691672,72,0,"1","420","D","06","D",35,"D",,"A",,"A",,"A",,"A"
"20133",2691672,73,0,"1","420","D","06","D",35,"D",,"A",,"A",,"A",,"A"
"20133",2691722,73,0,"1","405","D","07","D",104,"D",,"A",,"A",,"A",,"A"
"20133",2691772,69,0,"2","420","D","05","D",309,"D",,"A",,"A",,"A",,"A"
"20133",2691772,70,0,"2","410","D","05","D",25,"D",,"A",,"A",,"A",,"A"
"20133",2691782,34,0,"1","420","D","06","D",36,"D",,"A",,"A",,"A",,"A"
"20133",2691782,35,0,"1","410","D","06","D",129,"D",,"A",,"A",,"A",,"A"
"20133",2691782,36,0,"2","400","D","05","D",24,"D",,"A",,"A",,"A",,"A"
"20133",2692012,21,0,"1","420","D","06","D",110,"D",,"A",,"A",,"A",,"A"
"20133",2692072,30,0,"2","420","D","05","D",65,"D",,"A",,"A",,"A",,"A"
"20133",2692172,24,0,"1","420","D","05","D",100,"D",,"A",,"A",,"A",,"A"
"20133",2692184,38,0,"1","420","D","06","D",220,"D",,"A",,"A",,"A",,"A"
"20133",2692232,27,0,"1","420","D","06","D",85,"D",,"A",,"A",,"A",,"A"
"20133",2692422,30,0,"1","420","D","07","D",135,"D",,"A",,"A",,"A",,"A"
"20133",2692582,31,0,"1","400","D","05","D",25,"D",,"A",,"A",,"A",,"A"
"20133",2692592,55,0,"1","420","D","07","D",40,"D",,"A",,"A",,"A",,"A"
"20133",2692772,26,0,"1","420","D","05","D",40,"D",,"A",,"A",,"A",,"A"
"20133",2692802,47,0,"2","400","D","05","D",65,"D",,"A",,"A",,"A",,"A"
"20133",2692812,23,0,"2","410","D","05","D",20,"D",,"A",,"A",,"A",,"A"
"20133",2692812,24,0,"2","420","D","05","D",20,"D",,"A",,"A",,"A",,"A"
"20133",2692822,24,0,"1","400","D","06","D",25,"D",,"A",,"A",,"A",,"A"
"20133",2692972,27,0,"1","420","D","06","D",150,"D",,"A",,"A",,"A",,"A"
"20133",2693002,19,0,"1","410","D","06","D",12,"D",,"A",,"A",,"A",,"A"
"20133",2693052,15,0,"1","420","D","06","D",63,"D",,"A",,"A",,"A",,"A"
"20133",2693102,59,0,"1","400","D","06","D",30,"D",,"A",,"A",,"A",,"A"
"20133",2693102,60,0,"1","430","D","06","D",.,"H","415","D","410","D",,"A",,"A"
"20133",2693102,60,1,"1","420","D","06","D",122,"E",,"A",,"A",,"A",,"A"
"20133",2693102,60,2,"1","410","D","06","D",33,"E",,"A",,"A",,"A",,"A"
"20133",2693122,46,0,"1","405","D","07","D",141,"D",,"A",,"A",,"A",,"A"
"20133",2693174,28,0,"2","410","D","05","D",18,"D",,"A",,"A",,"A",,"A"
"20133",2693174,29,0,"2","420","D","05","D",67,"D",,"A",,"A",,"A",,"A"
"20133",2693272,33,0,"2","420","D","05","D",56,"D",,"A",,"A",,"A",,"A"
"20133",2693392,49,0,"1","420","D","05","D",54,"D",,"A",,"A",,"A",,"A"
"20133",2693502,53,0,"1","410","D","06","D",12,"D",,"A",,"A",,"A",,"A"
"20133",2693502,54,0,"1","410","D","06","D",12,"D",,"A",,"A",,"A",,"A"
"20133",2693502,55,0,"1","410","D","07","D",12,"D",,"A",,"A",,"A",,"A"
"20133",2693502,56,0,"1","420","D","07","D",47,"D",,"A",,"A",,"A",,"A"
"20133",2693682,37,0,"1","420","D","07","D",117,"D",,"A",,"A",,"A",,"A"
"20133",2693782,16,0,"1","420","D","07","D",148,"D",,"A",,"A",,"A",,"A"
"20133",2694035,30,0,"1","410","D","05","D",20,"D",,"A",,"A",,"A",,"A"
"20133",2694035,31,0,"1","420","D","05","D",60,"D",,"A",,"A",,"A",,"A"
"20133",2694102,49,0,"1","420","D","07","D",65,"D",,"A",,"A",,"A",,"A"
"20133",2694112,76,0,"1","420","D","06","D",296,"D",,"A",,"A",,"A",,"A"
"20133",2694112,77,0,"1","410","D","06","D",17,"D",,"A",,"A",,"A",,"A"
"20133",2694112,78,0,"2","420","D","05","D",359,"D",,"A",,"A",,"A",,"A"
"20133",2694202,33,0,"1","410","D","05","D",22,"D",,"A",,"A",,"A",,"A"
"20133",2694202,34,0,"1","420","D","07","D",18,"D",,"A",,"A",,"A",,"A"
"20133",2694232,36,0,"1","420","D","07","D",89,"D",,"A",,"A",,"A",,"A"
"20133",2694302,25,0,"1","420","D","06","D",119,"D",,"A",,"A",,"A",,"A"
"20133",2694352,69,0,"1","420","D","05","D",58,"D",,"A",,"A",,"A",,"A"
"20133",2694455,26,0,"1","420","D","06","D",99,"D",,"A",,"A",,"A",,"A"
"20133",2694522,14,0,"1","410","D","07","D",70,"F",,"A",,"A",,"A",,"A"
"20133",2694532,30,0,"1","420","D","07","D",71,"D",,"A",,"A",,"A",,"A"
"20133",2694982,60,0,"1","400","D","05","D",88,"D",,"A",,"A",,"A",,"A"
"20133",2694992,28,0,"2","400","D","05","D",88,"D",,"A",,"A",,"A",,"A"
"20133",2695042,26,0,"1","400","D","07","D",5,"D",,"A",,"A",,"A",,"A"
"20133",2695042,27,0,"1","420","D","07","D",99,"D",,"A",,"A",,"A",,"A"
"20133",2695082,15,0,"1","420","D","07","D",30,"D",,"A",,"A",,"A",,"A"
"20133",2695182,28,0,"2","420","D","05","D",85,"D",,"A",,"A",,"A",,"A"
"20133",2695222,22,0,"1","430","D","06","D",.,"H","415","D","400","D",,"A",,"A"
"20133",2695222,22,1,"1","420","D","06","D",49,"E",,"A",,"A",,"A",,"A"
"20133",2695222,22,2,"1","400","D","06","D",31,"E",,"A",,"A",,"A",,"A"
"20133",2695272,69,0,"1","400","D","05","D",34,"D",,"A",,"A",,"A",,"A"
"20133",2695292,34,0,"2","420","D","05","D",78,"D",,"A",,"A",,"A",,"A"
"20133",2695422,62,0,"1","420","D","07","D",85,"D",,"A",,"A",,"A",,"A"
"20133",2695522,41,0,"2","420","D","05","D",5500,"D",,"A",,"A",,"A",,"A"
"20133",2695532,40,0,"2","420","D","05","D",106,"D",,"A",,"A",,"A",,"A"
"20133",2695532,41,0,"2","420","D","05","D",130,"D",,"A",,"A",,"A",,"A"
"20133",2695572,56,0,"1","420","D","06","D",200,"D",,"A",,"A",,"A",,"A"
"20133",2695642,63,0,"1","420","D","07","D",103,"D",,"A",,"A",,"A",,"A"
"20133",2695642,64,0,"2","420","D","05","D",99,"D",,"A",,"A",,"A",,"A"
"20133",2695792,45,0,"2","420","D","05","D",149,"D",,"A",,"A",,"A",,"A"
"20133",2695812,29,0,"1","430","D","07","D",.,"H","415","D","400","D",,"A",,"A"
"20133",2695812,29,1,"1","400","D","07","D",90,"D",,"A",,"A",,"A",,"A"
"20133",2695812,29,2,"1","420","D","07","D",100,"D",,"A",,"A",,"A",,"A"
"20133",2695852,29,0,"1","420","D","05","D",14,"D",,"A",,"A",,"A",,"A"
"20133",2695862,31,0,"1","410","D","07","D",58,"D",,"A",,"A",,"A",,"A"
"20133",2695902,56,0,"1","420","D","07","D",156,"D",,"A",,"A",,"A",,"A"
"20133",2696002,70,0,"2","400","D","05","D",25,"D",,"A",,"A",,"A",,"A"
"20133",2696002,71,0,"2","410","D","05","D",80,"D",,"A",,"A",,"A",,"A"
"20133",2696002,72,0,"2","420","D","05","D",180,"D",,"A",,"A",,"A",,"A"
"20133",2696002,73,0,"2","420","D","05","D",140,"D",,"A",,"A",,"A",,"A"
"20133",2696002,74,0,"2","420","D","05","D",90,"D",,"A",,"A",,"A",,"A"
"20133",2696022,51,0,"1","420","D","06","D",294,"D",,"A",,"A",,"A",,"A"
"20133",2696022,52,0,"1","420","D","07","D",185,"D",,"A",,"A",,"A",,"A"
"20133",2696022,53,0,"2","420","D","05","D",1100,"D",,"A",,"A",,"A",,"A"
"20133",2696072,34,0,"1","410","D","07","D",20,"D",,"A",,"A",,"A",,"A"
"20133",2696072,35,0,"1","405","D","07","D",213,"D",,"A",,"A",,"A",,"A"
"20133",2696222,63,0,"1","400","D","05","D",34,"D",,"A",,"A",,"A",,"A"
"20133",2696222,64,0,"2","400","D","05","D",15,"D",,"A",,"A",,"A",,"A"
"20133",2696272,24,0,"1","420","D","05","D",500,"D",,"A",,"A",,"A",,"A"
"20133",2696322,39,0,"1","420","D","06","D",10,"D",,"A",,"A",,"A",,"A"
"20133",2696322,40,0,"1","420","D","06","D",325,"D",,"A",,"A",,"A",,"A"
"20133",2696422,69,0,"1","410","D","07","D",54,"D",,"A",,"A",,"A",,"A"
"20133",2696422,70,0,"1","400","D","07","D",37,"D",,"A",,"A",,"A",,"A"
"20133",2696562,53,0,"1","420","D","07","D",48,"D",,"A",,"A",,"A",,"A"
"20133",2696622,33,0,"2","410","D","05","D",17,"D",,"A",,"A",,"A",,"A"
"20133",2696662,30,0,"1","420","D","07","D",78,"D",,"A",,"A",,"A",,"A"
"20133",2696752,28,0,"2","420","D","05","D",200,"D",,"A",,"A",,"A",,"A"
"20133",2696795,21,0,"2","410","D","05","D",25,"D",,"A",,"A",,"A",,"A"
"20133",2696832,61,0,"2","420","D","05","D",33,"D",,"A",,"A",,"A",,"A"
"20133",2696992,50,0,"1","420","D","05","D",130,"D",,"A",,"A",,"A",,"A"
"20133",2696992,51,0,"2","420","D","05","D",125,"D",,"A",,"A",,"A",,"A"
"20133",2697152,25,0,"1","400","D","06","D",24,"D",,"A",,"A",,"A",,"A"
"20133",2697162,44,0,"1","410","D","07","D",30,"D",,"A",,"A",,"A",,"A"
"20133",2697203,35,0,"1","405","D","06","D",147,"D",,"A",,"A",,"A",,"A"
"20133",2697222,34,0,"1","410","D","06","D",10,"D",,"A",,"A",,"A",,"A"
"20133",2697222,35,0,"1","420","D","07","D",1262,"D",,"A",,"A",,"A",,"A"
"20133",2697312,16,0,"1","420","D","06","D",165,"D",,"A",,"A",,"A",,"A"
"20133",2697312,17,0,"1","420","D","06","D",65,"D",,"A",,"A",,"A",,"A"
"20133",2697372,28,0,"1","420","D","06","D",219,"D",,"A",,"A",,"A",,"A"
"20133",2697432,30,0,"1","410","D","07","D",39,"D",,"A",,"A",,"A",,"A"
"20133",2697432,31,0,"1","410","D","06","D",39,"D",,"A",,"A",,"A",,"A"
"20133",2697432,32,0,"2","420","D","05","D",65,"D",,"A",,"A",,"A",,"A"
"20133",2697432,33,0,"2","420","D","05","D",65,"D",,"A",,"A",,"A",,"A"
"20133",2697602,45,0,"1","420","D","07","D",224,"D",,"A",,"A",,"A",,"A"
"20133",2697722,23,0,"1","400","D","06","D",25,"D",,"A",,"A",,"A",,"A"
"20133",2697722,24,0,"1","410","D","07","D",54,"D",,"A",,"A",,"A",,"A"
"20133",2697722,25,0,"1","420","D","07","D",95,"D",,"A",,"A",,"A",,"A"
"20133",2697742,42,0,"1","420","D","06","D",70,"D",,"A",,"A",,"A",,"A"
"20133",2697782,25,0,"1","420","D","06","D",100,"D",,"A",,"A",,"A",,"A"
"20133",2697832,18,0,"1","420","D","07","D",5,"D",,"A",,"A",,"A",,"A"
"20133",2697942,37,0,"2","400","D","05","D",11,"D",,"A",,"A",,"A",,"A"
"20133",2697942,38,0,"2","410","D","05","D",2,"D",,"A",,"A",,"A",,"A"
"20133",2697972,14,0,"1","410","D","07","D",15,"D",,"A",,"A",,"A",,"A"
"20133",2697972,15,0,"1","420","D","05","D",65,"D",,"A",,"A",,"A",,"A"
"20133",2697982,85,0,"1","410","D","06","D",14,"D",,"A",,"A",,"A",,"A"
"20133",2698042,25,0,"1","430","D","07","D",.,"H","405","D","415","D",,"A",,"A"
"20133",2698042,25,1,"1","405","D","07","D",203,"E",,"A",,"A",,"A",,"A"
"20133",2698042,25,2,"1","420","D","07","D",152,"E",,"A",,"A",,"A",,"A"
"20133",2698142,25,0,"1","420","D","06","D",89,"D",,"A",,"A",,"A",,"A"
"20133",2698172,34,0,"2","410","D","05","D",30,"D",,"A",,"A",,"A",,"A"
"20133",2698252,43,0,"1","400","D","06","D",36,"D",,"A",,"A",,"A",,"A"
"20133",2698252,44,0,"1","420","D","06","D",198,"D",,"A",,"A",,"A",,"A"
"20133",2698512,21,0,"1","405","D","06","D",63,"D",,"A",,"A",,"A",,"A"
"20133",2698544,35,0,"1","420","D","06","D",24,"D",,"A",,"A",,"A",,"A"
"20133",2698544,36,0,"1","405","D","06","D",48,"D",,"A",,"A",,"A",,"A"
"20133",2698642,20,0,"1","420","D","07","D",62,"D",,"A",,"A",,"A",,"A"
"20133",2698752,37,0,"2","420","D","05","D",55,"D",,"A",,"A",,"A",,"A"
"20133",2698832,12,0,"1","420","D","06","D",77,"D",,"A",,"A",,"A",,"A"
"20133",2698842,17,0,"1","405","D","05","D",300,"D",,"A",,"A",,"A",,"A"
"20133",2698922,39,0,"1","420","D","07","D",30,"D",,"A",,"A",,"A",,"A"
"20133",2698922,40,0,"1","420","D","07","D",45,"D",,"A",,"A",,"A",,"A"
"20133",2698944,67,0,"1","420","D","07","D",75,"D",,"A",,"A",,"A",,"A"
"20133",2698944,68,0,"1","400","D","06","D",10,"D",,"A",,"A",,"A",,"A"
"20133",2699032,85,0,"1","410","D","05","D",39,"D",,"A",,"A",,"A",,"A"
"20133",2699082,79,0,"1","410","D","06","D",16,"D",,"A",,"A",,"A",,"A"
"20133",2699082,80,0,"1","420","D","06","D",42,"D",,"A",,"A",,"A",,"A"
"20133",2699082,81,0,"1","405","D","05","D",316,"D",,"A",,"A",,"A",,"A"
"20133",2699082,82,0,"2","405","D","05","D",188,"D",,"A",,"A",,"A",,"A"
"20133",2699132,26,0,"1","410","D","07","D",45,"D",,"A",,"A",,"A",,"A"
"20133",2699132,27,0,"1","420","D","07","D",137,"D",,"A",,"A",,"A",,"A"
"20133",2699202,37,0,"1","400","D","05","D",35,"D",,"A",,"A",,"A",,"A"
"20133",2699202,38,0,"1","420","D","06","D",55,"D",,"A",,"A",,"A",,"A"
"20133",2699212,18,0,"1","420","D","07","D",188,"D",,"A",,"A",,"A",,"A"
"20133",2699262,25,0,"1","430","D","06","D",.,"H","415","D","405","D","410","D",,"A"
"20133",2699262,25,1,"1","420","D","06","D",34,"E",,"A",,"A",,"A",,"A"
"20133",2699262,25,2,"1","410","D","06","D",23,"E",,"A",,"A",,"A",,"A"
"20133",2699262,26,0,"2","430","D","05","D",.,"H","415","D","410","D",,"A",,"A"
"20133",2699262,26,1,"2","420","D","05","D",25,"E",,"A",,"A",,"A",,"A"
"20133",2699262,26,2,"2","410","D","05","D",18,"E",,"A",,"A",,"A",,"A"
"20133",2699282,54,0,"1","420","D","07","D",178,"D",,"A",,"A",,"A",,"A"
"20133",2699322,23,0,"1","410","D","07","D",90,"D",,"A",,"A",,"A",,"A"
"20133",2699332,42,0,"1","430","D","07","D",.,"H","415","D","405","D","410","D",,"A"
"20133",2699332,42,1,"1","420","D","07","D",77,"E",,"A",,"A",,"A",,"A"
"20133",2699332,42,2,"1","410","D","07","D",55,"E",,"A",,"A",,"A",,"A"
"20133",2699332,43,0,"2","430","D","05","D",.,"H","415","D","410","D",,"A",,"A"
"20133",2699332,43,1,"2","420","D","05","D",28,"E",,"A",,"A",,"A",,"A"
"20133",2699332,43,2,"2","410","D","05","D",19,"E",,"A",,"A",,"A",,"A"
"20133",2699452,42,0,"1","405","D","07","D",87,"D",,"A",,"A",,"A",,"A"
"20133",2699462,29,0,"1","420","D","07","D",101,"D",,"A",,"A",,"A",,"A"
"20133",2699562,46,0,"1","420","D","07","D",289,"F",,"A",,"A",,"A",,"A"
"20133",2699562,47,0,"1","410","D","06","D",70,"D",,"A",,"A",,"A",,"A"
"20133",2699602,24,0,"1","420","D","06","D",120,"D",,"A",,"A",,"A",,"A"
"20133",2699602,25,0,"1","400","D","06","D",60,"D",,"A",,"A",,"A",,"A"
"20133",2699612,32,0,"1","430","D","05","D",.,"H","410","D","415","D",,"A",,"A"
"20133",2699612,32,1,"1","410","D","05","D",17,"E",,"A",,"A",,"A",,"A"
"20133",2699612,32,2,"1","420","D","05","D",33,"E",,"A",,"A",,"A",,"A"
"20133",2699702,23,0,"1","420","D","07","D",30,"D",,"A",,"A",,"A",,"A"
"20133",2699752,22,0,"1","400","D","07","D",36,"D",,"A",,"A",,"A",,"A"
"20133",2699802,33,0,"2","420","D","05","D",295,"D",,"A",,"A",,"A",,"A"
"20133",2699802,34,0,"2","420","D","05","D",58,"D",,"A",,"A",,"A",,"A"
"20133",2699812,75,0,"2","400","D","05","D",15,"D",,"A",,"A",,"A",,"A"
"20133",2699812,76,0,"2","420","D","05","D",200,"D",,"A",,"A",,"A",,"A"
"20133",2699832,18,0,"2","420","D","05","D",280,"D",,"A",,"A",,"A",,"A"
"20133",2699845,63,0,"1","400","D","06","D",30,"D",,"A",,"A",,"A",,"A"
"20133",2699852,45,0,"1","410","D","07","D",67,"D",,"A",,"A",,"A",,"A"
"20133",2699982,40,0,"1","420","D","06","D",158,"D",,"A",,"A",,"A",,"A"
"20133",2699992,33,0,"1","400","D","07","D",35,"D",,"A",,"A",,"A",,"A"
"20133",2700062,62,0,"1","420","D","07","D",101,"D",,"A",,"A",,"A",,"A"
"20133",2700132,42,0,"1","420","D","05","D",128,"D",,"A",,"A",,"A",,"A"
"20133",2700192,52,0,"1","420","D","05","D",45,"D",,"A",,"A",,"A",,"A"
"20133",2700262,32,0,"1","420","D","07","D",101,"D",,"A",,"A",,"A",,"A"
"20133",2700352,73,0,"1","405","D","05","D",25,"D",,"A",,"A",,"A",,"A"
"20133",2700422,26,0,"1","420","D","06","D",950,"D",,"A",,"A",,"A",,"A"
"20133",2700552,48,0,"1","420","D","07","D",180,"D",,"A",,"A",,"A",,"A"
"20133",2700572,60,0,"1","430","D","07","D",.,"H","405","D","415","D",,"A",,"A"
"20133",2700572,60,1,"1","405","D","07","D",209,"E",,"A",,"A",,"A",,"A"
"20133",2700572,60,2,"1","420","D","07","D",94,"E",,"A",,"A",,"A",,"A"
"20133",2700572,61,0,"1","430","D","05","D",.,"H","405","D","415","D",,"A",,"A"
"20133",2700572,61,1,"1","405","D","05","D",20,"E",,"A",,"A",,"A",,"A"
"20133",2700572,61,2,"1","420","D","05","D",8,"E",,"A",,"A",,"A",,"A"
"20133",2700582,65,0,"1","410","D","07","D",29,"D",,"A",,"A",,"A",,"A"
"20133",2700582,66,0,"1","420","D","06","D",250,"D",,"A",,"A",,"A",,"A"
"20133",2700772,30,0,"1","420","D","07","D",112,"D",,"A",,"A",,"A",,"A"
"20133",2700972,19,0,"1","400","D","07","D",25,"D",,"A",,"A",,"A",,"A"
"20133",2700972,20,0,"1","410","D","07","D",40,"D",,"A",,"A",,"A",,"A"
"20133",2700972,21,0,"1","420","D","07","D",85,"D",,"A",,"A",,"A",,"A"
"20133",2700982,22,0,"1","430","D","05","D",.,"H","425","D","415","D",,"A",,"A"
"20133",2700982,22,1,"1","420","D","05","D",25,"E",,"A",,"A",,"A",,"A"
"20133",2700982,22,2,"1","420","D","05","D",24,"E",,"A",,"A",,"A",,"A"
"20133",2701002,81,0,"1","410","D","07","D",42,"D",,"A",,"A",,"A",,"A"
"20133",2701042,43,0,"2","420","D","05","D",135,"D",,"A",,"A",,"A",,"A"
"20133",2701082,39,0,"1","400","D","07","D",20,"D",,"A",,"A",,"A",,"A"
"20133",2701082,40,0,"1","420","D","06","D",90,"D",,"A",,"A",,"A",,"A"
"20133",2701082,41,0,"1","420","D","07","D",155,"D",,"A",,"A",,"A",,"A"
"20133",2701082,42,0,"1","420","D","07","D",100,"D",,"A",,"A",,"A",,"A"
"20133",2701292,36,0,"1","430","D","07","D",.,"H","405","D","425","D",,"A",,"A"
"20133",2701292,36,1,"1","420","D","07","D",146,"E",,"A",,"A",,"A",,"A"
"20133",2701332,61,0,"1","405","D","06","D",123,"D",,"A",,"A",,"A",,"A"
"20133",2701612,80,0,"1","405","D","06","D",171,"D",,"A",,"A",,"A",,"A"
"20133",2701622,36,0,"1","410","D","06","D",31,"D",,"A",,"A",,"A",,"A"
"20133",2701632,71,0,"1","420","D","06","D",140,"D",,"A",,"A",,"A",,"A"
"20133",2701642,21,0,"1","410","D","07","D",68,"D",,"A",,"A",,"A",,"A"
"20133",2701662,27,0,"1","420","D","07","D",200,"D",,"A",,"A",,"A",,"A"
"20133",2701692,57,0,"1","410","D","05","D",35,"D",,"A",,"A",,"A",,"A"
"20133",2701692,58,0,"1","420","D","05","D",120,"D",,"A",,"A",,"A",,"A"
"20133",2701712,47,0,"1","420","D","06","D",225,"D",,"A",,"A",,"A",,"A"
"20133",2701712,48,0,"2","420","D","05","D",240,"D",,"A",,"A",,"A",,"A"
"20133",2701782,29,0,"1","420","D","05","D",1262,"F",,"A",,"A",,"A",,"A"
"20133",2701872,44,0,"1","420","D","06","D",432,"D",,"A",,"A",,"A",,"A"
"20133",2701902,26,0,"2","410","D","05","D",20,"D",,"A",,"A",,"A",,"A"
"20133",2701932,41,0,"2","405","D","05","D",76,"D",,"A",,"A",,"A",,"A"
"20133",2701942,24,0,"1","420","D","05","D",46,"D",,"A",,"A",,"A",,"A"
"20133",2702012,30,0,"1","420","D","06","D",46,"D",,"A",,"A",,"A",,"A"
"20133",2702012,31,0,"1","400","D","06","D",20,"D",,"A",,"A",,"A",,"A"
"20133",2702072,38,0,"1","410","D","05","D",78,"D",,"A",,"A",,"A",,"A"
"20133",2702092,49,0,"1","420","D","07","D",101,"D",,"A",,"A",,"A",,"A"
"20133",2702092,50,0,"1","420","D","08","D",101,"D",,"A",,"A",,"A",,"A"
"20133",2702522,65,0,"1","405","D","07","D",800,"D",,"A",,"A",,"A",,"A"
"20133",2702532,32,0,"1","420","D","07","D",85,"D",,"A",,"A",,"A",,"A"
"20133",2702662,78,0,"2","400","D","06","D",15,"D",,"A",,"A",,"A",,"A"
"20133",2702672,50,0,"1","400","D","08","D",28,"D",,"A",,"A",,"A",,"A"
"20133",2702682,46,0,"1","420","D","06","D",120,"D",,"A",,"A",,"A",,"A"
"20133",2702722,64,0,"1","405","D","07","D",650,"D",,"A",,"A",,"A",,"A"
"20133",2702804,17,0,"1","405","D","06","D",123,"D",,"A",,"A",,"A",,"A"
"20133",2702812,32,0,"1","420","D","07","D",63,"D",,"A",,"A",,"A",,"A"
"20133",2702812,33,0,"1","410","D","07","D",27,"D",,"A",,"A",,"A",,"A"
"20133",2702812,34,0,"2","420","D","06","D",27,"D",,"A",,"A",,"A",,"A"
"20133",2703032,95,0,"1","420","D","08","D",130,"D",,"A",,"A",,"A",,"A"
"20133",2703032,96,0,"1","410","D","07","D",25,"D",,"A",,"A",,"A",,"A"
"20133",2703142,24,0,"2","410","D","06","D",40,"D",,"A",,"A",,"A",,"A"
"20133",2703212,44,0,"2","410","D","06","D",300,"D",,"A",,"A",,"A",,"A"
"20133",2703222,33,0,"1","400","D","06","D",40,"D",,"A",,"A",,"A",,"A"
"20133",2703222,34,0,"1","420","D","07","D",102,"D",,"A",,"A",,"A",,"A"
"20133",2703222,35,0,"2","400","D","06","D",30,"D",,"A",,"A",,"A",,"A"
"20133",2703272,24,0,"1","410","D","08","D",80,"D",,"A",,"A",,"A",,"A"
"20133",2703312,22,0,"1","420","D","07","D",42,"D",,"A",,"A",,"A",,"A"
"20133",2703402,29,0,"1","420","D","08","D",107,"D",,"A",,"A",,"A",,"A"
"20133",2703412,33,0,"1","410","D","08","D",28,"D",,"A",,"A",,"A",,"A"
"20133",2703412,34,0,"2","400","D","06","D",25,"D",,"A",,"A",,"A",,"A"
"20133",2703492,41,0,"2","420","D","06","D",86,"D",,"A",,"A",,"A",,"A"
"20133",2703502,21,0,"1","420","D","07","D",71,"D",,"A",,"A",,"A",,"A"
"20133",2703502,22,0,"2","420","D","06","D",35,"D",,"A",,"A",,"A",,"A"
"20133",2703512,34,0,"1","420","D","06","D",75,"D",,"A",,"A",,"A",,"A"
"20133",2703542,37,0,"1","430","D","07","D",.,"H","415","D","425","D","405","D","410","D"
"20133",2703542,37,1,"1","420","D","07","D",101,"E",,"A",,"A",,"A",,"A"
"20133",2703542,37,2,"1","405","D","07","D",339,"E",,"A",,"A",,"A",,"A"
"20133",2703542,37,3,"1","410","D","07","D",52,"E",,"A",,"A",,"A",,"A"
"20133",2703612,36,0,"1","420","D","06","D",54,"D",,"A",,"A",,"A",,"A"
"20133",2703692,53,0,"1","400","D","06","D",24,"D",,"A",,"A",,"A",,"A"
"20133",2703692,54,0,"1","420","D","08","D",45,"D",,"A",,"A",,"A",,"A"
"20133",2703982,16,0,"1","420","D","06","D",26,"D",,"A",,"A",,"A",,"A"
"20133",2703992,27,0,"1","410","D","08","D",20,"D",,"A",,"A",,"A",,"A"
"20133",2704002,85,0,"1","420","D","08","D",120,"D",,"A",,"A",,"A",,"A"
"20133",2704182,12,0,"1","410","D","08","D",37,"D",,"A",,"A",,"A",,"A"
"20133",2704243,20,0,"2","420","D","06","D",65,"D",,"A",,"A",,"A",,"A"
"20133",2704292,39,0,"1","410","D","07","D",27,"D",,"A",,"A",,"A",,"A"
"20133",2704332,82,0,"2","420","D","06","D",13,"D",,"A",,"A",,"A",,"A"
"20133",2704452,50,0,"2","400","D","06","D",29,"D",,"A",,"A",,"A",,"A"
"20133",2704482,29,0,"1","420","D","08","D",156,"D",,"A",,"A",,"A",,"A"
"20133",2704482,30,0,"2","410","D","06","D",50,"D",,"A",,"A",,"A",,"A"
"20133",2704482,31,0,"2","420","D","06","D",126,"D",,"A",,"A",,"A",,"A"
"20133",2704562,25,0,"1","400","D","07","D",50,"D",,"A",,"A",,"A",,"A"
"20133",2704612,51,0,"1","420","D","08","D",101,"D",,"A",,"A",,"A",,"A"
"20133",2704772,28,0,"1","410","D","08","D",16,"D",,"A",,"A",,"A",,"A"
"20133",2704772,29,0,"2","405","D","06","D",450,"D",,"A",,"A",,"A",,"A"
"20133",2704782,52,0,"1","405","D","08","D",159,"D",,"A",,"A",,"A",,"A"
"20133",2705042,62,0,"1","420","D","08","D",166,"D",,"A",,"A",,"A",,"A"
"20133",2705082,33,0,"1","420","D","08","D",65,"D",,"A",,"A",,"A",,"A"
"20133",2705132,67,0,"2","400","D","06","D",15,"D",,"A",,"A",,"A",,"A"
"20133",2705172,27,0,"2","420","D","06","D",63,"D",,"A",,"A",,"A",,"A"
"20133",2705212,55,0,"1","420","D","06","D",90,"D",,"A",,"A",,"A",,"A"
"20133",2705252,27,0,"1","410","D","08","D",39,"D",,"A",,"A",,"A",,"A"
"20133",2705292,56,0,"1","420","D","06","D",198,"D",,"A",,"A",,"A",,"A"
"20133",2705292,57,0,"1","420","D","07","D",224,"D",,"A",,"A",,"A",,"A"
"20133",2705292,58,0,"2","420","D","06","D",198,"D",,"A",,"A",,"A",,"A"
"20133",2705302,50,0,"1","420","D","06","D",54,"F",,"A",,"A",,"A",,"A"
"20133",2705452,88,0,"2","420","D","06","D",600,"D",,"A",,"A",,"A",,"A"
"20133",2705472,17,0,"1","430","D","07","D",.,"H","405","D","415","D",,"A",,"A"
"20133",2705472,17,1,"1","405","D","07","D",123,"E",,"A",,"A",,"A",,"A"
"20133",2705472,17,2,"1","420","D","07","D",37,"E",,"A",,"A",,"A",,"A"
"20133",2705552,39,0,"2","400","D","06","D",20,"D",,"A",,"A",,"A",,"A"
"20133",2705582,62,0,"2","405","D","06","D",125,"D",,"A",,"A",,"A",,"A"
"20133",2705622,27,0,"1","420","D","08","D",100,"D",,"A",,"A",,"A",,"A"
"20133",2705702,48,0,"1","400","D","08","D",24,"D",,"A",,"A",,"A",,"A"
"20133",2705702,49,0,"1","400","D","08","D",24,"D",,"A",,"A",,"A",,"A"
"20133",2705702,50,0,"1","420","D","07","D",40,"D",,"A",,"A",,"A",,"A"
"20133",2705712,51,0,"1","400","D","07","D",26,"D",,"A",,"A",,"A",,"A"
"20133",2705712,52,0,"1","410","D","07","D",18,"D",,"A",,"A",,"A",,"A"
"20133",2705712,53,0,"2","420","D","06","D",96,"D",,"A",,"A",,"A",,"A"
"20133",2705782,34,0,"1","420","D","07","D",40,"D",,"A",,"A",,"A",,"A"
"20133",2705792,20,0,"1","410","D","07","D",40,"D",,"A",,"A",,"A",,"A"
"20133",2705792,21,0,"1","420","D","07","D",30,"D",,"A",,"A",,"A",,"A"
"20133",2705802,30,0,"1","420","D","07","D",67,"D",,"A",,"A",,"A",,"A"
"20133",2705802,31,0,"1","410","D","07","D",14,"D",,"A",,"A",,"A",,"A"
"20133",2705862,44,0,"1","420","D","08","D",58,"D",,"A",,"A",,"A",,"A"
"20133",2706042,60,0,"1","410","D","07","D",16,"D",,"A",,"A",,"A",,"A"
"20133",2706042,61,0,"2","420","D","06","D",75,"D",,"A",,"A",,"A",,"A"
"20133",2706062,42,0,"1","405","D","07","D",300,"D",,"A",,"A",,"A",,"A"
"20133",2706072,47,0,"1","420","D","07","D",100,"D",,"A",,"A",,"A",,"A"
"20133",2706072,48,0,"1","420","D","08","D",100,"D",,"A",,"A",,"A",,"A"
"20133",2706132,37,0,"1","410","D","08","D",58,"D",,"A",,"A",,"A",,"A"
"20133",2706195,19,0,"1","400","D","08","D",32,"D",,"A",,"A",,"A",,"A"
"20133",2706195,20,0,"2","410","D","06","D",40,"D",,"A",,"A",,"A",,"A"
"20133",2706195,21,0,"2","420","D","06","D",140,"D",,"A",,"A",,"A",,"A"
"20133",2706322,75,0,"1","430","D","08","D",.,"H","405","D","425","D",,"A",,"A"
"20133",2706322,75,1,"1","405","D","08","D",58,"E",,"A",,"A",,"A",,"A"
"20133",2706322,75,2,"1","420","D","08","D",41,"E",,"A",,"A",,"A",,"A"
"20133",2706322,76,0,"1","405","D","08","D",380,"D",,"A",,"A",,"A",,"A"
"20133",2706462,21,0,"1","410","D","07","D",20,"D",,"A",,"A",,"A",,"A"
"20133",2706462,22,0,"1","420","D","07","D",90,"D",,"A",,"A",,"A",,"A"
"20133",2706502,34,0,"1","400","D","07","D",32,"D",,"A",,"A",,"A",,"A"
"20133",2706512,30,0,"1","420","D","07","D",92,"D",,"A",,"A",,"A",,"A"
"20133",2706542,34,0,"2","420","D","06","D",90,"D",,"A",,"A",,"A",,"A"
"20133",2706652,73,0,"1","410","D","08","D",89,"D",,"A",,"A",,"A",,"A"
"20133",2706652,74,0,"1","420","D","06","D",37,"D",,"A",,"A",,"A",,"A"
"20133",2706652,75,0,"2","420","D","06","D",36,"D",,"A",,"A",,"A",,"A"
"20133",2706702,80,0,"1","420","D","06","D",50,"D",,"A",,"A",,"A",,"A"
"20133",2706742,55,0,"1","410","D","07","D",15,"D",,"A",,"A",,"A",,"A"
"20133",2706742,56,0,"1","420","D","07","D",100,"D",,"A",,"A",,"A",,"A"
"20133",2706782,30,0,"2","410","D","06","D",15,"D",,"A",,"A",,"A",,"A"
"20133",2706832,35,0,"1","430","D","08","D",.,"H","400","D","415","D",,"A",,"A"
"20133",2706832,35,1,"1","400","D","08","D",44,"E",,"A",,"A",,"A",,"A"
"20133",2706832,35,2,"1","420","D","08","D",156,"E",,"A",,"A",,"A",,"A"
"20133",2706892,42,0,"1","400","D","07","D",14,"D",,"A",,"A",,"A",,"A"
"20133",2706892,43,0,"2","400","D","06","D",13,"D",,"A",,"A",,"A",,"A"
"20133",2706902,38,0,"2","410","D","06","D",30,"D",,"A",,"A",,"A",,"A"
"20133",2706952,51,0,"1","400","D","06","D",25,"D",,"A",,"A",,"A",,"A"
"20133",2706952,52,0,"1","420","D","08","D",500,"D",,"A",,"A",,"A",,"A"
"20133",2706952,53,0,"2","400","D","06","D",25,"D",,"A",,"A",,"A",,"A"
"20133",2706972,64,0,"1","420","D","08","D",205,"D",,"A",,"A",,"A",,"A"
"20133",2707032,44,0,"1","400","D","07","D",48,"D",,"A",,"A",,"A",,"A"
"20133",2707032,45,0,"2","400","D","06","D",48,"D",,"A",,"A",,"A",,"A"
"20133",2707072,22,0,"1","420","D","07","D",56,"D",,"A",,"A",,"A",,"A"
"20133",2707092,36,0,"1","410","D","07","D",20,"D",,"A",,"A",,"A",,"A"
"20133",2707092,37,0,"2","410","D","06","D",20,"D",,"A",,"A",,"A",,"A"
"20133",2707162,32,0,"1","420","D","08","D",72,"D",,"A",,"A",,"A",,"A"
"20133",2707162,33,0,"1","400","D","07","D",30,"D",,"A",,"A",,"A",,"A"
"20133",2707342,16,0,"2","420","D","06","D",56,"D",,"A",,"A",,"A",,"A"
"20133",2707372,28,0,"1","420","D","08","D",202,"D",,"A",,"A",,"A",,"A"
"20133",2707372,29,0,"1","420","D","08","D",80,"D",,"A",,"A",,"A",,"A"
"20133",2707542,40,0,"1","420","D","07","D",100,"D",,"A",,"A",,"A",,"A"
"20133",2707542,41,0,"1","400","D","06","D",18,"D",,"A",,"A",,"A",,"A"
"20133",2707562,48,0,"1","400","D","08","D",25,"D",,"A",,"A",,"A",,"A"
"20133",2707562,49,0,"1","420","D","07","D",50,"D",,"A",,"A",,"A",,"A"
"20133",2707582,50,0,"1","420","D","08","D",210,"D",,"A",,"A",,"A",,"A"
"20133",2707692,25,0,"1","430","D","08","D",.,"H","410","D","415","D",,"A",,"A"
"20133",2707692,25,1,"1","410","D","08","D",33,"E",,"A",,"A",,"A",,"A"
"20133",2707692,25,2,"1","420","D","08","D",69,"E",,"A",,"A",,"A",,"A"
"20133",2707692,26,0,"2","400","D","06","D",30,"D",,"A",,"A",,"A",,"A"
"20133",2707722,29,0,"1","410","D","06","D",27,"D",,"A",,"A",,"A",,"A"
"20133",2707722,30,0,"1","400","D","06","D",26,"D",,"A",,"A",,"A",,"A"
"20133",2707762,62,0,"2","420","D","06","D",550,"D",,"A",,"A",,"A",,"A"
"20133",2707984,21,0,"1","420","D","07","D",200,"D",,"A",,"A",,"A",,"A"
"20133",2707984,22,0,"1","410","D","07","D",50,"D",,"A",,"A",,"A",,"A"
"20133",2707984,23,0,"1","400","D","07","D",42,"D",,"A",,"A",,"A",,"A"
"20133",2708132,17,0,"1","410","D","07","D",15,"D",,"A",,"A",,"A",,"A"
"20133",2708172,42,0,"1","420","D","08","D",78,"D",,"A",,"A",,"A",,"A"
"20133",2708232,68,0,"1","420","D","07","D",200,"D",,"A",,"A",,"A",,"A"
"20133",2708342,43,0,"1","430","D","08","D",.,"H","425","D","415","D",,"A",,"A"
"20133",2708342,43,1,"1","420","D","08","D",25,"E",,"A",,"A",,"A",,"A"
"20133",2708342,43,2,"1","420","D","08","D",24,"E",,"A",,"A",,"A",,"A"
"20133",2708412,29,0,"1","420","D","07","D",120,"D",,"A",,"A",,"A",,"A"
"20133",2708442,24,0,"2","405","D","06","D",62,"F",,"A",,"A",,"A",,"A"
"20133",2708492,54,0,"1","400","D","08","D",20,"D",,"A",,"A",,"A",,"A"
"20133",2708552,44,0,"1","410","D","06","D",50,"D",,"A",,"A",,"A",,"A"
"20133",2708712,29,0,"2","420","D","06","D",86,"D",,"A",,"A",,"A",,"A"
"20133",2708865,15,0,"1","410","D","07","D",200,"D",,"A",,"A",,"A",,"A"
"20133",2708892,50,0,"1","420","D","07","D",80,"D",,"A",,"A",,"A",,"A"
"20133",2708892,51,0,"1","420","D","06","D",36,"D",,"A",,"A",,"A",,"A"
"20133",2708932,51,0,"1","410","D","06","D",53,"D",,"A",,"A",,"A",,"A"
"20133",2709012,24,0,"1","420","D","08","D",50,"D",,"A",,"A",,"A",,"A"
"20133",2709012,25,0,"1","410","D","08","D",15,"D",,"A",,"A",,"A",,"A"
"20133",2709022,86,0,"1","420","D","08","D",86,"D",,"A",,"A",,"A",,"A"
"20133",2709162,19,0,"1","420","D","07","D",48,"D",,"A",,"A",,"A",,"A"
"20133",2709172,52,0,"1","420","D","07","D",55,"D",,"A",,"A",,"A",,"A"
"20133",2709172,53,0,"2","410","D","06","D",38,"D",,"A",,"A",,"A",,"A"
"20133",2709262,32,0,"1","420","D","08","D",100,"D",,"A",,"A",,"A",,"A"
"20133",2709462,21,0,"1","420","D","07","D",550,"D",,"A",,"A",,"A",,"A"
"20133",2709562,70,0,"1","400","D","07","D",30,"D",,"A",,"A",,"A",,"A"
"20133",2709562,71,0,"1","420","D","07","D",300,"D",,"A",,"A",,"A",,"A"
"20133",2709562,72,0,"2","420","D","06","D",25,"D",,"A",,"A",,"A",,"A"
"20133",2709572,49,0,"1","420","D","07","D",130,"D",,"A",,"A",,"A",,"A"
"20133",2709572,50,0,"2","420","D","06","D",256,"D",,"A",,"A",,"A",,"A"
"20133",2709582,55,0,"1","400","D","07","D",30,"D",,"A",,"A",,"A",,"A"
"20133",2709582,56,0,"1","420","D","06","D",85,"D",,"A",,"A",,"A",,"A"
"20133",2709662,13,0,"1","400","D","07","D",32,"D",,"A",,"A",,"A",,"A"
"20133",2709792,29,0,"1","410","D","08","D",74,"D",,"A",,"A",,"A",,"A"
"20133",2709812,44,0,"2","420","D","06","D",160,"D",,"A",,"A",,"A",,"A"
"20133",2709842,35,0,"1","410","D","07","D",5,"D",,"A",,"A",,"A",,"A"
"20133",2709872,33,0,"1","420","D","07","D",65,"D",,"A",,"A",,"A",,"A"
"20133",2709882,40,0,"2","420","D","06","D",24,"D",,"A",,"A",,"A",,"A"
"20133",2709922,31,0,"1","400","D","07","D",10,"D",,"A",,"A",,"A",,"A"
"20133",2709962,69,0,"1","420","D","07","D",152,"D",,"A",,"A",,"A",,"A"
"20133",2710142,28,0,"1","430","D","08","D",.,"H","400","D","415","D",,"A",,"A"
"20133",2710142,28,1,"1","400","D","08","D",71,"E",,"A",,"A",,"A",,"A"
"20133",2710142,28,2,"1","420","D","08","D",109,"E",,"A",,"A",,"A",,"A"
"20133",2710202,27,0,"1","420","D","06","D",63,"D",,"A",,"A",,"A",,"A"
"20133",2710222,27,0,"1","420","D","08","D",203,"D",,"A",,"A",,"A",,"A"
"20133",2710242,61,0,"1","400","D","08","D",35,"D",,"A",,"A",,"A",,"A"
"20133",2710242,62,0,"1","420","D","08","D",122,"D",,"A",,"A",,"A",,"A"
"20133",2710292,28,0,"1","420","D","08","D",5,"D",,"A",,"A",,"A",,"A"
"20133",2710352,43,0,"1","420","D","08","D",120,"D",,"A",,"A",,"A",,"A"
"20133",2710362,33,0,"1","420","D","06","D",61,"D",,"A",,"A",,"A",,"A"
"20133",2710382,20,0,"1","410","D","08","D",21,"D",,"A",,"A",,"A",,"A"
"20133",2710532,51,0,"1","420","D","06","D",117,"D",,"A",,"A",,"A",,"A"
"20133",2710532,52,0,"2","420","D","06","D",130,"D",,"A",,"A",,"A",,"A"
"20133",2710545,18,0,"1","400","D","07","D",30,"D",,"A",,"A",,"A",,"A"
"20133",2710582,25,0,"1","420","D","06","D",200,"D",,"A",,"A",,"A",,"A"
"20133",2710592,65,0,"1","420","D","08","D",65,"D",,"A",,"A",,"A",,"A"
"20133",2710592,66,0,"1","410","D","08","D",40,"D",,"A",,"A",,"A",,"A"
"20133",2710662,35,0,"1","410","D","06","D",50,"D",,"A",,"A",,"A",,"A"
"20133",2710662,36,0,"1","420","D","06","D",526,"D",,"A",,"A",,"A",,"A"
"20133",2710712,65,0,"1","420","D","08","D",25,"D",,"A",,"A",,"A",,"A"
"20133",2710712,66,0,"2","400","D","06","D",20,"D",,"A",,"A",,"A",,"A"
"20133",2710792,38,0,"1","430","D","08","D",.,"H","405","D","415","D",,"A",,"A"
"20133",2710792,38,1,"1","420","D","08","D",750,"E",,"A",,"A",,"A",,"A"
"20133",2710842,56,0,"2","420","D","06","D",100,"D",,"A",,"A",,"A",,"A"
"20133",2710902,56,0,"1","420","D","08","D",49,"D",,"A",,"A",,"A",,"A"
"20133",2710902,57,0,"1","420","D","08","D",49,"D",,"A",,"A",,"A",,"A"
"20133",2711002,33,0,"1","420","D","08","D",80,"D",,"A",,"A",,"A",,"A"
"20133",2711012,56,0,"1","420","D","08","D",58,"D",,"A",,"A",,"A",,"A"
"20133",2711042,32,0,"1","405","D","07","D",240,"D",,"A",,"A",,"A",,"A"
"20133",2711162,26,0,"1","410","D","08","D",18,"F",,"A",,"A",,"A",,"A"
"20133",2711172,53,0,"1","410","D","06","D",40,"D",,"A",,"A",,"A",,"A"
"20133",2711182,61,0,"1","420","D","08","D",18,"D",,"A",,"A",,"A",,"A"
"20133",2711222,47,0,"1","420","D","08","D",120,"D",,"A",,"A",,"A",,"A"
"20133",2711272,26,0,"1","410","D","08","D",14,"D",,"A",,"A",,"A",,"A"
"20133",2711352,61,0,"1","400","D","07","D",35,"D",,"A",,"A",,"A",,"A"
"20133",2711522,44,0,"1","405","D","07","D",130,"D",,"A",,"A",,"A",,"A"
"20133",2711612,23,0,"2","400","D","06","D",36,"D",,"A",,"A",,"A",,"A"
"20133",2711652,64,0,"1","420","D","07","D",150,"D",,"A",,"A",,"A",,"A"
"20133",2711652,65,0,"1","420","D","08","D",25,"D",,"A",,"A",,"A",,"A"
"20133",2711712,93,0,"2","420","D","06","D",95,"D",,"A",,"A",,"A",,"A"
"20133",2711852,23,0,"1","400","D","07","D",12,"D",,"A",,"A",,"A",,"A"
"20133",2712122,84,0,"1","420","D","07","D",140,"D",,"A",,"A",,"A",,"A"
"20133",2712122,85,0,"1","420","D","08","D",103,"D",,"A",,"A",,"A",,"A"
"20133",2712122,86,0,"1","410","D","06","D",105,"D",,"A",,"A",,"A",,"A"
"20133",2712222,32,0,"1","420","D","07","D",150,"D",,"A",,"A",,"A",,"A"
"20133",2712295,29,0,"1","420","D","08","D",82,"D",,"A",,"A",,"A",,"A"
"20133",2712342,24,0,"1","420","D","07","D",76,"F",,"A",,"A",,"A",,"A"
"20133",2712342,25,0,"1","420","D","07","D",309,"F",,"A",,"A",,"A",,"A"
"20133",2712392,32,0,"1","420","D","07","D",64,"D",,"A",,"A",,"A",,"A"
"20133",2712392,33,0,"2","420","D","06","D",82,"D",,"A",,"A",,"A",,"A"
"20133",2712422,36,0,"1","400","D","07","D",37,"D",,"A",,"A",,"A",,"A"
"20133",2712602,22,0,"2","405","D","06","D",975,"D",,"A",,"A",,"A",,"A"
"20133",2712672,43,0,"1","400","D","07","D",30,"D",,"A",,"A",,"A",,"A"
"20133",2712682,40,0,"1","400","D","08","D",50,"D",,"A",,"A",,"A",,"A"
"20133",2712722,27,0,"1","420","D","07","D",147,"D",,"A",,"A",,"A",,"A"
"20133",2712832,39,0,"2","420","D","06","D",119,"D",,"A",,"A",,"A",,"A"
"20133",2712832,40,0,"2","410","D","06","D",13,"D",,"A",,"A",,"A",,"A"
"20133",2712922,43,0,"2","430","D","06","D",.,"H","425","D","415","D",,"A",,"A"
"20133",2712922,43,1,"2","420","D","06","D",68,"E",,"A",,"A",,"A",,"A"
"20133",2712922,43,2,"2","420","D","06","D",167,"E",,"A",,"A",,"A",,"A"
"20133",2712972,52,0,"1","420","D","07","D",109,"D",,"A",,"A",,"A",,"A"
"20133",2713002,66,0,"1","420","D","06","D",36,"D",,"A",,"A",,"A",,"A"
"20133",2713012,25,0,"1","420","D","08","D",49,"D",,"A",,"A",,"A",,"A"
"20133",2713022,34,0,"1","420","D","07","D",75,"D",,"A",,"A",,"A",,"A"
"20133",2713062,36,0,"1","420","D","08","D",95,"D",,"A",,"A",,"A",,"A"
"20133",2713202,45,0,"2","400","D","06","D",38,"D",,"A",,"A",,"A",,"A"
"20133",2713252,30,0,"1","420","D","08","D",75,"D",,"A",,"A",,"A",,"A"
"20133",2713272,29,0,"1","420","D","08","D",90,"D",,"A",,"A",,"A",,"A"
"20133",2713272,30,0,"1","420","D","06","D",30,"D",,"A",,"A",,"A",,"A"
"20133",2713282,52,0,"1","410","D","08","D",40,"D",,"A",,"A",,"A",,"A"
"20133",2713282,53,0,"1","405","D","06","D",212,"D",,"A",,"A",,"A",,"A"
"20133",2713282,54,0,"1","405","D","06","D",137,"D",,"A",,"A",,"A",,"A"
"20133",2713372,43,0,"1","420","D","06","D",1200,"D",,"A",,"A",,"A",,"A"
"20133",2713372,44,0,"1","420","D","08","D",1000,"D",,"A",,"A",,"A",,"A"
"20133",2713402,36,0,"1","410","D","07","D",20,"D",,"A",,"A",,"A",,"A"
"20133",2713432,45,0,"2","410","D","06","D",20,"D",,"A",,"A",,"A",,"A"
"20133",2713655,46,0,"1","420","D","05","D",300,"D",,"A",,"A",,"A",,"A"
"20133",2714875,31,0,"1","410","D","05","D",15,"D",,"A",,"A",,"A",,"A"
"20133",2715983,55,0,"1","420","D","05","D",150,"D",,"A",,"A",,"A",,"A"
"20133",2717165,28,0,"1","420","D","05","D",130,"D",,"A",,"A",,"A",,"A"
"20133",2717382,35,0,"1","420","D","05","D",171,"F",,"A",,"A",,"A",,"A"
"20133",2717534,28,0,"1","420","D","06","D",278,"D",,"A",,"A",,"A",,"A"
"20133",2718323,51,0,"1","420","D","06","D",388,"D",,"A",,"A",,"A",,"A"
"20133",2718553,48,0,"1","420","D","06","D",50,"D",,"A",,"A",,"A",,"A"
"20133",2718553,49,0,"1","420","D","06","D",60,"D",,"A",,"A",,"A",,"A"
"20133",2719642,76,0,"1","420","D","04","D",60,"D",,"A",,"A",,"A",,"A"
"20133",2721225,19,0,"1","420","D","06","D",110,"D",,"A",,"A",,"A",,"A"
"20133",2723635,28,0,"1","400","D","06","D",30,"D",,"A",,"A",,"A",,"A"
"20133",2723635,29,0,"1","420","D","06","D",30,"D",,"A",,"A",,"A",,"A"
"20133",2724654,36,0,"1","420","D","05","D",36,"D",,"A",,"A",,"A",,"A"
"20133",2725842,31,0,"1","400","D","06","D",15,"D",,"A",,"A",,"A",,"A"
"20133",2725842,32,0,"1","410","D","06","D",15,"D",,"A",,"A",,"A",,"A"
"20133",2725842,33,0,"1","420","D","06","D",57,"D",,"A",,"A",,"A",,"A"
"20133",2726994,30,0,"1","400","D","07","D",36,"D",,"A",,"A",,"A",,"A"
"20133",2727304,51,0,"1","405","D","07","D",142,"D",,"A",,"A",,"A",,"A"
"20133",2727814,31,0,"1","420","D","07","D",60,"D",,"A",,"A",,"A",,"A"
"20133",2729565,20,0,"1","420","D","07","D",30,"D",,"A",,"A",,"A",,"A"
"20133",2729834,18,0,"1","405","D","06","D",67,"D",,"A",,"A",,"A",,"A"
"20133",2729883,55,0,"1","420","D","05","D",260,"D",,"A",,"A",,"A",,"A"
"20133",2730843,66,0,"1","420","D","06","D",65,"D",,"A",,"A",,"A",,"A"
"20133",2732282,20,0,"1","400","D","06","D",35,"D",,"A",,"A",,"A",,"A"
"20133",2732674,15,0,"1","400","D","07","D",35,"D",,"A",,"A",,"A",,"A"
"20133",2733204,62,0,"1","420","D","06","D",99,"D",,"A",,"A",,"A",,"A"
"20133",2733204,63,0,"1","420","D","06","D",99,"D",,"A",,"A",,"A",,"A"
"20133",2733364,76,0,"1","400","D","06","D",10,"D",,"A",,"A",,"A",,"A"
"20133",2733364,77,0,"1","420","D","05","D",100,"D",,"A",,"A",,"A",,"A"
"20133",2733364,78,0,"1","405","D","05","D",200,"D",,"A",,"A",,"A",,"A"
"20133",2734743,16,0,"1","420","D","05","D",75,"D",,"A",,"A",,"A",,"A"
"20133",2735305,16,0,"1","420","D","07","D",62,"D",,"A",,"A",,"A",,"A"
"20133",2735464,52,0,"1","400","D","07","D",10,"D",,"A",,"A",,"A",,"A"
"20133",2738843,8,0,"1","410","D","06","D",125,"D",,"A",,"A",,"A",,"A"
"20133",2739122,35,0,"1","400","D","07","D",90,"D",,"A",,"A",,"A",,"A"
"20133",2742812,44,0,"1","430","D","08","D",.,"H","410","D","415","D","400","D",,"A"
"20133",2742812,44,1,"1","410","D","08","D",13,"E",,"A",,"A",,"A",,"A"
"20133",2742812,44,2,"1","420","D","08","D",90,"E",,"A",,"A",,"A",,"A"
"20133",2742812,44,3,"1","400","D","08","D",47,"E",,"A",,"A",,"A",,"A"
"20133",2742812,45,0,"1","405","D","07","D",350,"D",,"A",,"A",,"A",,"A"
"20133",2744383,40,0,"1","420","D","08","D",86,"D",,"A",,"A",,"A",,"A"
"20133",2744603,29,0,"1","400","D","06","D",10,"D",,"A",,"A",,"A",,"A"
"20133",2745104,23,0,"1","400","D","06","D",37,"D",,"A",,"A",,"A",,"A"
"20133",2745275,25,0,"1","420","D","07","D",65,"D",,"A",,"A",,"A",,"A"
"20133",2745985,42,0,"1","400","D","08","D",25,"D",,"A",,"A",,"A",,"A"
"20133",2746844,20,0,"1","400","D","08","D",12,"D",,"A",,"A",,"A",,"A"
"20133",2746983,26,0,"1","410","D","07","D",35,"D",,"A",,"A",,"A",,"A"
"20134",2612775,86,0,"1","420","D","07","D",75,"D",,"A",,"A",,"A",,"A"
"20134",2612775,87,0,"1","420","D","07","D",75,"D",,"A",,"A",,"A",,"A"
"20134",2612775,88,0,"1","420","D","08","D",75,"D",,"A",,"A",,"A",,"A"
"20134",2612865,38,0,"1","410","D","09","D",21,"D",,"A",,"A",,"A",,"A"
"20134",2612895,32,0,"1","410","D","07","D",21,"D",,"A",,"A",,"A",,"A"
"20134",2612915,16,0,"1","420","D","08","D",65,"D",,"A",,"A",,"A",,"A"
"20134",2612925,42,0,"1","405","D","09","D",132,"D",,"A",,"A",,"A",,"A"
"20134",2612945,18,0,"1","410","D","08","D",60,"D",,"A",,"A",,"A",,"A"
"20134",2612965,31,0,"1","400","D","08","D",50,"D",,"A",,"A",,"A",,"A"
"20134",2613145,44,0,"1","400","D","07","D",60,"D",,"A",,"A",,"A",,"A"
"20134",2613145,45,0,"1","420","D","09","D",75,"D",,"A",,"A",,"A",,"A"
"20134",2613245,63,0,"1","420","D","08","D",64,"D",,"A",,"A",,"A",,"A"
"20134",2613375,63,0,"1","420","D","08","D",200,"D",,"A",,"A",,"A",,"A"
"20134",2613375,64,0,"2","420","D","07","D",233,"D",,"A",,"A",,"A",,"A"
"20134",2613445,59,0,"1","400","D","09","D",20,"D",,"A",,"A",,"A",,"A"
"20134",2613565,29,0,"1","420","D","09","D",66,"D",,"A",,"A",,"A",,"A"
"20134",2613685,34,0,"1","420","D","08","D",56,"D",,"A",,"A",,"A",,"A"
"20134",2613705,35,0,"1","420","D","09","D",36,"D",,"A",,"A",,"A",,"A"
"20134",2613715,36,0,"1","420","D","08","D",130,"D",,"A",,"A",,"A",,"A"
"20134",2613895,30,0,"2","410","D","07","D",14,"D",,"A",,"A",,"A",,"A"
"20134",2613955,24,0,"1","420","D","08","D",130,"F",,"A",,"A",,"A",,"A"
"20134",2614325,47,0,"1","420","D","09","D",101,"D",,"A",,"A",,"A",,"A"
"20134",2614345,48,0,"1","405","D","09","D",242,"F",,"A",,"A",,"A",,"A"
"20134",2614425,93,0,"1","420","D","09","D",251,"D",,"A",,"A",,"A",,"A"
"20134",2614425,94,0,"1","420","D","09","D",270,"D",,"A",,"A",,"A",,"A"
"20134",2614445,32,0,"2","410","D","07","D",55,"D",,"A",,"A",,"A",,"A"
"20134",2614515,72,0,"1","430","D","08","D",.,"H","405","D","415","D",,"A",,"A"
"20134",2614515,72,1,"1","420","D","08","D",300,"E",,"A",,"A",,"A",,"A"
"20134",2614545,57,0,"1","410","D","08","D",50,"D",,"A",,"A",,"A",,"A"
"20134",2614585,56,0,"1","420","D","09","D",109,"D",,"A",,"A",,"A",,"A"
"20134",2614585,57,0,"1","410","D","09","D",28,"D",,"A",,"A",,"A",,"A"
"20134",2614665,53,0,"1","405","D","07","D",79,"D",,"A",,"A",,"A",,"A"
"20134",2614685,90,0,"1","420","D","09","D",65,"D",,"A",,"A",,"A",,"A"
"20134",2614725,34,0,"1","420","D","07","D",54,"D",,"A",,"A",,"A",,"A"
"20134",2614725,35,0,"1","420","D","09","D",42,"D",,"A",,"A",,"A",,"A"
"20134",2614825,51,0,"1","430","D","09","D",.,"H","410","D","415","D",,"A",,"A"
"20134",2614825,51,1,"1","410","D","09","D",43,"E",,"A",,"A",,"A",,"A"
"20134",2614825,51,2,"1","420","D","09","D",107,"E",,"A",,"A",,"A",,"A"
"20134",2614895,57,0,"1","410","D","07","D",40,"D",,"A",,"A",,"A",,"A"
"20134",2614895,58,0,"2","420","D","07","D",65,"D",,"A",,"A",,"A",,"A"
"20134",2614895,59,0,"2","420","D","07","D",58,"D",,"A",,"A",,"A",,"A"
"20134",2614905,74,0,"2","410","D","07","D",58,"D",,"A",,"A",,"A",,"A"
"20134",2615105,49,0,"1","410","D","08","D",80,"D",,"A",,"A",,"A",,"A"
"20134",2615165,48,0,"1","400","D","07","D",20,"D",,"A",,"A",,"A",,"A"
"20134",2615165,49,0,"1","405","D","07","D",480,"D",,"A",,"A",,"A",,"A"
"20134",2615255,79,0,"1","420","D","07","D",180,"D",,"A",,"A",,"A",,"A"
"20134",2615545,30,0,"1","420","D","08","D",60,"D",,"A",,"A",,"A",,"A"
"20134",2615595,50,0,"1","420","D","09","D",25,"D",,"A",,"A",,"A",,"A"
"20134",2615725,66,0,"1","400","D","09","D",82,"D",,"A",,"A",,"A",,"A"
"20134",2615745,36,0,"1","420","D","09","D",109,"D",,"A",,"A",,"A",,"A"
"20134",2615905,35,0,"1","420","D","08","D",75,"D",,"A",,"A",,"A",,"A"
"20134",2615945,36,0,"1","420","D","09","D",250,"D",,"A",,"A",,"A",,"A"
"20134",2615965,38,0,"1","410","D","07","D",30,"D",,"A",,"A",,"A",,"A"
"20134",2615965,39,0,"1","420","D","07","D",125,"D",,"A",,"A",,"A",,"A"
"20134",2616065,48,0,"1","430","D","09","D",.,"H","415","D","400","D",,"A",,"A"
"20134",2616065,48,1,"1","420","D","09","D",81,"E",,"A",,"A",,"A",,"A"
"20134",2616065,48,2,"1","400","D","09","D",34,"E",,"A",,"A",,"A",,"A"
"20134",2616085,47,0,"1","400","D","08","D",75,"D",,"A",,"A",,"A",,"A"
"20134",2616125,62,0,"1","410","D","09","D",70,"D",,"A",,"A",,"A",,"A"
"20134",2616215,36,0,"1","410","D","09","D",5,"D",,"A",,"A",,"A",,"A"
"20134",2616245,45,0,"1","420","D","08","D",111,"D",,"A",,"A",,"A",,"A"
"20134",2616275,53,0,"1","420","D","07","D",61,"D",,"A",,"A",,"A",,"A"
"20134",2616325,72,0,"1","430","D","09","D",.,"H","405","D","415","D",,"A",,"A"
"20134",2616325,72,1,"1","420","D","09","D",200,"E",,"A",,"A",,"A",,"A"
"20134",2616355,28,0,"2","420","D","07","D",121,"D",,"A",,"A",,"A",,"A"
"20134",2616445,38,0,"1","410","D","09","D",72,"D",,"A",,"A",,"A",,"A"
"20134",2616465,23,0,"2","420","D","07","D",96,"D",,"A",,"A",,"A",,"A"
"20134",2616485,47,0,"1","410","D","08","D",60,"D",,"A",,"A",,"A",,"A"
"20134",2616485,48,0,"1","420","D","08","D",25,"D",,"A",,"A",,"A",,"A"
"20134",2616545,24,0,"1","420","D","09","D",75,"D",,"A",,"A",,"A",,"A"
"20134",2616555,23,0,"1","410","D","09","D",50,"D",,"A",,"A",,"A",,"A"
"20134",2616555,24,0,"1","420","D","09","D",370,"D",,"A",,"A",,"A",,"A"
"20134",2616685,25,0,"1","420","D","07","D",33,"D",,"A",,"A",,"A",,"A"
"20134",2616695,53,0,"1","400","D","08","D",6,"D",,"A",,"A",,"A",,"A"
"20134",2616695,54,0,"1","420","D","09","D",79,"D",,"A",,"A",,"A",,"A"
"20134",2616815,15,0,"1","420","D","09","D",101,"D",,"A",,"A",,"A",,"A"
"20134",2616815,16,0,"1","400","D","09","D",20,"D",,"A",,"A",,"A",,"A"
"20134",2617045,29,0,"1","410","D","07","D",16,"D",,"A",,"A",,"A",,"A"
"20134",2617095,36,0,"1","420","D","08","D",350,"D",,"A",,"A",,"A",,"A"
"20134",2617105,60,0,"1","400","D","08","D",25,"D",,"A",,"A",,"A",,"A"
"20134",2617105,61,0,"1","420","D","09","D",65,"D",,"A",,"A",,"A",,"A"
"20134",2617115,35,0,"1","420","D","08","D",60,"D",,"A",,"A",,"A",,"A"
"20134",2617195,21,0,"1","410","D","07","D",16,"D",,"A",,"A",,"A",,"A"
"20134",2617195,22,0,"2","410","D","07","D",16,"D",,"A",,"A",,"A",,"A"
"20134",2617225,36,0,"1","420","D","07","D",100,"D",,"A",,"A",,"A",,"A"
"20134",2617245,85,0,"1","405","D","09","D",343,"D",,"A",,"A",,"A",,"A"
"20134",2617275,47,0,"1","420","D","07","D",308,"D",,"A",,"A",,"A",,"A"
"20134",2617285,45,0,"1","420","D","09","D",140,"D",,"A",,"A",,"A",,"A"
"20134",2617415,30,0,"1","400","D","08","D",15,"D",,"A",,"A",,"A",,"A"
"20134",2617465,42,0,"1","420","D","08","D",121,"D",,"A",,"A",,"A",,"A"
"20134",2617695,34,0,"1","410","D","07","D",16,"D",,"A",,"A",,"A",,"A"
"20134",2617785,63,0,"1","420","D","07","D",200,"D",,"A",,"A",,"A",,"A"
"20134",2617815,49,0,"1","420","D","08","D",177,"D",,"A",,"A",,"A",,"A"
"20134",2617835,30,0,"1","420","D","07","D",78,"D",,"A",,"A",,"A",,"A"
"20134",2617895,58,0,"1","420","D","08","D",101,"D",,"A",,"A",,"A",,"A"
"20134",2617895,59,0,"2","420","D","07","D",196,"D",,"A",,"A",,"A",,"A"
"20134",2617945,58,0,"1","410","D","09","D",276,"D",,"A",,"A",,"A",,"A"
"20134",2617995,39,0,"1","410","D","09","D",33,"D",,"A",,"A",,"A",,"A"
"20134",2617995,40,0,"1","420","D","09","D",25,"D",,"A",,"A",,"A",,"A"
"20134",2618075,40,0,"1","420","D","07","D",405,"D",,"A",,"A",,"A",,"A"
"20134",2618245,64,0,"2","420","D","07","D",140,"D",,"A",,"A",,"A",,"A"
"20134",2618645,49,0,"1","400","D","08","D",64,"D",,"A",,"A",,"A",,"A"
"20134",2618785,48,0,"1","405","D","09","D",300,"D",,"A",,"A",,"A",,"A"
"20134",2618795,55,0,"1","420","D","09","D",90,"D",,"A",,"A",,"A",,"A"
"20134",2618795,56,0,"2","410","D","07","D",130,"D",,"A",,"A",,"A",,"A"
"20134",2619035,68,0,"1","400","D","09","D",35,"D",,"A",,"A",,"A",,"A"
"20134",2619035,69,0,"2","410","D","07","D",20,"D",,"A",,"A",,"A",,"A"
"20134",2619515,45,0,"1","400","D","09","D",21,"D",,"A",,"A",,"A",,"A"
"20134",2619685,37,0,"1","420","D","09","D",40,"D",,"A",,"A",,"A",,"A"
"20134",2619695,81,0,"2","410","D","07","D",10,"D",,"A",,"A",,"A",,"A"
"20134",2619815,60,0,"1","410","D","09","D",60,"D",,"A",,"A",,"A",,"A"
"20134",2619815,61,0,"1","420","D","08","D",72,"D",,"A",,"A",,"A",,"A"
"20134",2619815,62,0,"1","400","D","09","D",30,"D",,"A",,"A",,"A",,"A"
"20134",2619865,53,0,"1","400","D","09","D",34,"D",,"A",,"A",,"A",,"A"
"20134",2619925,28,0,"1","420","D","09","D",47,"D",,"A",,"A",,"A",,"A"
"20134",2620005,69,0,"1","420","D","09","D",389,"D",,"A",,"A",,"A",,"A"
"20134",2620005,70,0,"1","410","D","09","D",5,"D",,"A",,"A",,"A",,"A"
"20134",2620125,38,0,"1","420","D","08","D",200,"D",,"A",,"A",,"A",,"A"
"20134",2620165,59,0,"1","410","D","08","D",16,"D",,"A",,"A",,"A",,"A"
"20134",2620225,51,0,"1","400","D","08","D",36,"D",,"A",,"A",,"A",,"A"
"20134",2620315,66,0,"1","400","D","07","D",21,"D",,"A",,"A",,"A",,"A"
"20134",2620325,49,0,"1","430","D","07","D",.,"H","425","D","415","D",,"A",,"A"
"20134",2620325,49,1,"1","420","D","07","D",21,"E",,"A",,"A",,"A",,"A"
"20134",2620325,49,2,"1","420","D","07","D",39,"E",,"A",,"A",,"A",,"A"
"20134",2620445,54,0,"1","410","D","07","D",30,"D",,"A",,"A",,"A",,"A"
"20134",2620445,55,0,"1","405","D","08","D",160,"D",,"A",,"A",,"A",,"A"
"20134",2620695,21,0,"1","400","D","08","D",21,"D",,"A",,"A",,"A",,"A"
"20134",2620805,49,0,"1","420","D","07","D",65,"D",,"A",,"A",,"A",,"A"
"20134",2620805,50,0,"1","410","D","07","D",15,"D",,"A",,"A",,"A",,"A"
"20134",2620925,55,0,"2","420","D","07","D",225,"D",,"A",,"A",,"A",,"A"
"20134",2621005,35,0,"2","410","D","07","D",28,"D",,"A",,"A",,"A",,"A"
"20134",2621065,50,0,"1","410","D","07","D",36,"D",,"A",,"A",,"A",,"A"
"20134",2621125,66,0,"1","410","D","09","D",100,"D",,"A",,"A",,"A",,"A"
"20134",2621125,67,0,"2","420","D","07","D",38,"D",,"A",,"A",,"A",,"A"
"20134",2621195,104,0,"1","400","D","08","D",70,"D",,"A",,"A",,"A",,"A"
"20134",2621245,38,0,"1","420","D","09","D",65,"D",,"A",,"A",,"A",,"A"
"20134",2621245,39,0,"2","410","D","07","D",28,"D",,"A",,"A",,"A",,"A"
"20134",2621325,44,0,"2","400","D","07","D",40,"D",,"A",,"A",,"A",,"A"
"20134",2621355,32,0,"1","420","D","09","D",80,"D",,"A",,"A",,"A",,"A"
"20134",2621485,24,0,"1","410","D","08","D",15,"D",,"A",,"A",,"A",,"A"
"20134",2621505,28,0,"1","400","D","08","D",20,"D",,"A",,"A",,"A",,"A"
"20134",2621525,30,0,"1","420","D","07","D",156,"D",,"A",,"A",,"A",,"A"
"20134",2621715,40,0,"1","410","D","07","D",29,"D",,"A",,"A",,"A",,"A"
"20134",2621735,44,0,"1","420","D","09","D",160,"D",,"A",,"A",,"A",,"A"
"20134",2621795,16,0,"1","405","D","07","D",26,"D",,"A",,"A",,"A",,"A"
"20134",2621855,37,0,"1","420","D","09","D",48,"D",,"A",,"A",,"A",,"A"
"20134",2621875,34,0,"1","420","D","08","D",65,"D",,"A",,"A",,"A",,"A"
"20134",2621925,41,0,"2","420","D","07","D",60,"D",,"A",,"A",,"A",,"A"
"20134",2622145,29,0,"1","420","D","09","D",101,"D",,"A",,"A",,"A",,"A"
"20134",2622195,41,0,"1","420","D","09","D",270,"D",,"A",,"A",,"A",,"A"
"20134",2622225,34,0,"1","410","D","08","D",60,"D",,"A",,"A",,"A",,"A"
"20134",2622245,62,0,"1","410","D","09","D",85,"D",,"A",,"A",,"A",,"A"
"20134",2622245,63,0,"1","410","D","07","D",56,"D",,"A",,"A",,"A",,"A"
"20134",2622575,90,0,"1","400","D","09","D",32,"D",,"A",,"A",,"A",,"A"
"20134",2622575,91,0,"1","420","D","09","D",177,"D",,"A",,"A",,"A",,"A"
"20134",2622845,80,0,"1","410","D","08","D",10,"D",,"A",,"A",,"A",,"A"
"20134",2622845,81,0,"1","420","D","08","D",140,"D",,"A",,"A",,"A",,"A"
"20134",2622875,43,0,"1","420","D","08","D",150,"D",,"A",,"A",,"A",,"A"
"20134",2623045,58,0,"1","420","D","07","D",63,"D",,"A",,"A",,"A",,"A"
"20134",2623045,59,0,"1","410","D","07","D",25,"D",,"A",,"A",,"A",,"A"
"20134",2623055,79,0,"1","410","D","08","D",20,"D",,"A",,"A",,"A",,"A"
"20134",2623055,80,0,"1","405","D","09","D",369,"D",,"A",,"A",,"A",,"A"
"20134",2623115,58,0,"1","410","D","09","D",22,"D",,"A",,"A",,"A",,"A"
"20134",2623265,25,0,"1","410","D","08","D",40,"D",,"A",,"A",,"A",,"A"
"20134",2623265,26,0,"1","420","D","09","D",63,"D",,"A",,"A",,"A",,"A"
"20134",2623325,55,0,"1","420","D","09","D",49,"D",,"A",,"A",,"A",,"A"
"20134",2623375,22,0,"1","420","D","09","D",65,"D",,"A",,"A",,"A",,"A"
"20134",2623385,51,0,"1","420","D","09","D",322,"D",,"A",,"A",,"A",,"A"
"20134",2623435,34,0,"1","420","D","08","D",120,"D",,"A",,"A",,"A",,"A"
"20134",2623485,41,0,"1","420","D","07","D",20,"D",,"A",,"A",,"A",,"A"
"20134",2623515,40,0,"1","420","D","09","D",77,"D",,"A",,"A",,"A",,"A"
"20134",2623585,49,0,"1","420","D","08","D",20,"D",,"A",,"A",,"A",,"A"
"20134",2623795,45,0,"2","410","D","07","D",40,"D",,"A",,"A",,"A",,"A"
"20134",2623955,79,0,"1","420","D","08","D",75,"D",,"A",,"A",,"A",,"A"
"20134",2623995,51,0,"1","430","D","09","D",.,"H","425","D","415","D",,"A",,"A"
"20134",2623995,51,1,"1","420","D","09","D",34,"E",,"A",,"A",,"A",,"A"
"20134",2623995,51,2,"1","420","D","09","D",62,"E",,"A",,"A",,"A",,"A"
"20134",2624235,89,0,"1","410","D","10","D",14,"D",,"A",,"A",,"A",,"A"
"20134",2624235,90,0,"1","420","D","10","D",120,"D",,"A",,"A",,"A",,"A"
"20134",2624275,31,0,"1","420","D","09","D",170,"D",,"A",,"A",,"A",,"A"
"20134",2624425,40,0,"1","420","D","10","D",64,"D",,"A",,"A",,"A",,"A"
"20134",2624455,23,0,"2","420","D","08","D",200,"D",,"A",,"A",,"A",,"A"
"20134",2624575,52,0,"1","420","D","10","D",120,"D",,"A",,"A",,"A",,"A"
"20134",2624575,53,0,"2","420","D","08","D",230,"D",,"A",,"A",,"A",,"A"
"20134",2624685,33,0,"1","420","D","09","D",233,"D",,"A",,"A",,"A",,"A"
"20134",2624735,66,0,"1","420","D","10","D",415,"D",,"A",,"A",,"A",,"A"
"20134",2624905,52,0,"2","410","D","08","D",29,"D",,"A",,"A",,"A",,"A"
"20134",2624905,53,0,"2","420","D","08","D",50,"D",,"A",,"A",,"A",,"A"
"20134",2624925,50,0,"1","400","D","08","D",58,"D",,"A",,"A",,"A",,"A"
"20134",2624925,51,0,"1","420","D","09","D",181,"D",,"A",,"A",,"A",,"A"
"20134",2624945,48,0,"1","420","D","09","D",124,"D",,"A",,"A",,"A",,"A"
"20134",2625035,59,0,"1","420","D","10","D",72,"D",,"A",,"A",,"A",,"A"
"20134",2625085,59,0,"1","420","D","09","D",74,"D",,"A",,"A",,"A",,"A"
"20134",2625095,72,0,"1","430","D","10","D",.,"H","415","D","400","D",,"A",,"A"
"20134",2625095,72,1,"1","420","D","10","D",97,"E",,"A",,"A",,"A",,"A"
"20134",2625095,72,2,"1","400","D","10","D",43,"E",,"A",,"A",,"A",,"A"
"20134",2625105,38,0,"1","420","D","08","D",101,"D",,"A",,"A",,"A",,"A"
"20134",2625335,29,0,"1","420","D","10","D",96,"D",,"A",,"A",,"A",,"A"
"20134",2625465,43,0,"1","400","D","09","D",750,"D",,"A",,"A",,"A",,"A"
"20134",2625495,47,0,"1","400","D","09","D",21,"D",,"A",,"A",,"A",,"A"
"20134",2625495,48,0,"1","420","D","09","D",25,"D",,"A",,"A",,"A",,"A"
"20134",2625495,49,0,"1","405","D","09","D",190,"D",,"A",,"A",,"A",,"A"
"20134",2625695,35,0,"1","420","D","08","D",73,"D",,"A",,"A",,"A",,"A"
"20134",2625695,36,0,"1","420","D","08","D",76,"D",,"A",,"A",,"A",,"A"
"20134",2625985,35,0,"1","400","D","09","D",30,"D",,"A",,"A",,"A",,"A"
"20134",2625985,36,0,"1","420","D","09","D",100,"D",,"A",,"A",,"A",,"A"
"20134",2626105,38,0,"1","410","D","10","D",39,"D",,"A",,"A",,"A",,"A"
"20134",2626265,66,0,"1","410","D","10","D",21,"D",,"A",,"A",,"A",,"A"
"20134",2626385,56,0,"1","420","D","08","D",90,"D",,"A",,"A",,"A",,"A"
"20134",2626385,57,0,"1","405","D","08","D",417,"D",,"A",,"A",,"A",,"A"
"20134",2626405,23,0,"2","400","D","08","D",24,"D",,"A",,"A",,"A",,"A"
"20134",2626405,24,0,"2","410","D","08","D",14,"D",,"A",,"A",,"A",,"A"
"20134",2626445,36,0,"1","400","D","09","D",45,"D",,"A",,"A",,"A",,"A"
"20134",2626445,37,0,"1","410","D","08","D",20,"D",,"A",,"A",,"A",,"A"
"20134",2626525,98,0,"1","400","D","10","D",25,"D",,"A",,"A",,"A",,"A"
"20134",2626525,99,0,"2","420","D","08","D",210,"D",,"A",,"A",,"A",,"A"
"20134",2626915,47,0,"2","420","D","08","D",180,"D",,"A",,"A",,"A",,"A"
"20134",2626955,65,0,"1","410","D","10","D",42,"D",,"A",,"A",,"A",,"A"
"20134",2626955,66,0,"2","400","D","08","D",36,"D",,"A",,"A",,"A",,"A"
"20134",2626955,67,0,"2","420","D","08","D",36,"D",,"A",,"A",,"A",,"A"
"20134",2627005,41,0,"1","420","D","08","D",217,"D",,"A",,"A",,"A",,"A"
"20134",2627025,32,0,"1","420","D","10","D",108,"D",,"A",,"A",,"A",,"A"
"20134",2627225,51,0,"2","410","D","08","D",25,"D",,"A",,"A",,"A",,"A"
"20134",2627225,52,0,"2","405","D","08","D",315,"D",,"A",,"A",,"A",,"A"
"20134",2627235,25,0,"1","400","D","10","D",75,"D",,"A",,"A",,"A",,"A"
"20134",2627255,33,0,"1","410","D","10","D",30,"D",,"A",,"A",,"A",,"A"
"20134",2627255,34,0,"2","420","D","08","D",260,"D",,"A",,"A",,"A",,"A"
"20134",2627265,18,0,"1","430","D","08","D",.,"H","415","D","405","D","410","D",,"A"
"20134",2627265,18,1,"1","420","D","08","D",149,"E",,"A",,"A",,"A",,"A"
"20134",2627265,18,2,"1","405","D","08","D",170,"E",,"A",,"A",,"A",,"A"
"20134",2627265,18,3,"1","410","D","08","D",21,"E",,"A",,"A",,"A",,"A"
"20134",2627455,24,0,"1","420","D","10","D",3,"D",,"A",,"A",,"A",,"A"
"20134",2627525,30,0,"1","420","D","09","D",76,"F",,"A",,"A",,"A",,"A"
"20134",2627585,34,0,"1","420","D","08","D",78,"D",,"A",,"A",,"A",,"A"
"20134",2627645,47,0,"1","420","D","08","D",40,"D",,"A",,"A",,"A",,"A"
"20134",2627695,38,0,"1","420","D","10","D",5,"D",,"A",,"A",,"A",,"A"
"20134",2627765,30,0,"1","420","D","10","D",50,"D",,"A",,"A",,"A",,"A"
"20134",2627785,29,0,"1","400","D","10","D",45,"D",,"A",,"A",,"A",,"A"
"20134",2628015,47,0,"1","420","D","10","D",85,"D",,"A",,"A",,"A",,"A"
"20134",2628015,48,0,"1","420","D","09","D",85,"D",,"A",,"A",,"A",,"A"
"20134",2628135,26,0,"1","400","D","08","D",14,"D",,"A",,"A",,"A",,"A"
"20134",2628155,97,0,"1","420","D","10","D",30,"D",,"A",,"A",,"A",,"A"
"20134",2628155,98,0,"1","405","D","08","D",140,"D",,"A",,"A",,"A",,"A"
"20134",2628155,99,0,"1","405","D","08","D",168,"D",,"A",,"A",,"A",,"A"
"20134",2628285,90,0,"1","410","D","09","D",69,"D",,"A",,"A",,"A",,"A"
"20134",2628285,91,0,"2","410","D","08","D",15,"D",,"A",,"A",,"A",,"A"
"20134",2628315,47,0,"1","420","D","08","D",493,"D",,"A",,"A",,"A",,"A"
"20134",2628345,83,0,"1","420","D","10","D",65,"D",,"A",,"A",,"A",,"A"
"20134",2628385,51,0,"2","420","D","08","D",105,"D",,"A",,"A",,"A",,"A"
"20134",2628405,39,0,"2","420","D","08","D",49,"D",,"A",,"A",,"A",,"A"
"20134",2628425,57,0,"1","420","D","08","D",89,"D",,"A",,"A",,"A",,"A"
"20134",2628455,71,0,"1","405","D","08","D",313,"D",,"A",,"A",,"A",,"A"
"20134",2628465,55,0,"1","400","D","09","D",24,"D",,"A",,"A",,"A",,"A"
"20134",2628465,56,0,"2","400","D","08","D",75,"D",,"A",,"A",,"A",,"A"
"20134",2628475,31,0,"1","420","D","10","D",42,"D",,"A",,"A",,"A",,"A"
"20134",2628495,44,0,"2","420","D","08","D",108,"D",,"A",,"A",,"A",,"A"
"20134",2628585,74,0,"1","410","D","09","D",15,"D",,"A",,"A",,"A",,"A"
"20134",2628625,21,0,"1","400","D","09","D",26,"D",,"A",,"A",,"A",,"A"
"20134",2628655,52,0,"1","420","D","10","D",86,"D",,"A",,"A",,"A",,"A"
"20134",2628675,32,0,"1","400","D","08","D",15,"D",,"A",,"A",,"A",,"A"
"20134",2628725,37,0,"1","410","D","09","D",25,"D",,"A",,"A",,"A",,"A"
"20134",2628825,47,0,"1","410","D","09","D",21,"D",,"A",,"A",,"A",,"A"
"20134",2628875,53,0,"1","410","D","10","D",5,"D",,"A",,"A",,"A",,"A"
"20134",2628875,54,0,"1","420","D","10","D",95,"D",,"A",,"A",,"A",,"A"
"20134",2628985,41,0,"1","420","D","10","D",80,"D",,"A",,"A",,"A",,"A"
"20134",2628985,42,0,"1","410","D","10","D",17,"D",,"A",,"A",,"A",,"A"
"20134",2629025,34,0,"1","410","D","09","D",18,"D",,"A",,"A",,"A",,"A"
"20134",2629045,60,0,"2","400","D","08","D",27,"D",,"A",,"A",,"A",,"A"
"20134",2629145,49,0,"1","420","D","09","D",75,"D",,"A",,"A",,"A",,"A"
"20134",2629355,38,0,"1","410","D","08","D",14,"D",,"A",,"A",,"A",,"A"
"20134",2629385,53,0,"1","420","D","09","D",80,"D",,"A",,"A",,"A",,"A"
"20134",2629395,27,0,"1","420","D","10","D",21,"D",,"A",,"A",,"A",,"A"
"20134",2629555,75,0,"1","410","D","10","D",40,"D",,"A",,"A",,"A",,"A"
"20134",2629555,76,0,"1","420","D","10","D",69,"D",,"A",,"A",,"A",,"A"
"20134",2629665,51,0,"1","400","D","10","D",33,"D",,"A",,"A",,"A",,"A"
"20134",2629665,52,0,"1","420","D","10","D",104,"D",,"A",,"A",,"A",,"A"
"20134",2629665,53,0,"1","405","D","10","D",584,"D",,"A",,"A",,"A",,"A"
"20134",2629675,73,0,"1","420","D","10","D",120,"D",,"A",,"A",,"A",,"A"
"20134",2629815,80,0,"1","400","D","10","D",25,"D",,"A",,"A",,"A",,"A"
"20134",2629875,25,0,"1","400","D","09","D",10,"D",,"A",,"A",,"A",,"A"
"20134",2629895,60,0,"1","420","D","10","D",63,"D",,"A",,"A",,"A",,"A"
"20134",2629895,61,0,"1","410","D","10","D",28,"D",,"A",,"A",,"A",,"A"
"20134",2630005,24,0,"1","420","D","08","D",85,"D",,"A",,"A",,"A",,"A"
"20134",2630025,40,0,"1","410","D","08","D",21,"D",,"A",,"A",,"A",,"A"
"20134",2630055,46,0,"1","420","D","10","D",72,"D",,"A",,"A",,"A",,"A"
"20134",2630065,29,0,"1","420","D","08","D",70,"D",,"A",,"A",,"A",,"A"
"20134",2630065,30,0,"2","400","D","08","D",11,"D",,"A",,"A",,"A",,"A"
"20134",2630225,50,0,"1","410","D","10","D",70,"D",,"A",,"A",,"A",,"A"
"20134",2630225,51,0,"1","410","D","09","D",70,"D",,"A",,"A",,"A",,"A"
"20134",2630225,52,0,"1","420","D","09","D",55,"D",,"A",,"A",,"A",,"A"
"20134",2630235,85,0,"1","420","D","09","D",40,"D",,"A",,"A",,"A",,"A"
"20134",2630275,36,0,"1","410","D","10","D",15,"D",,"A",,"A",,"A",,"A"
"20134",2630275,37,0,"1","420","D","10","D",65,"D",,"A",,"A",,"A",,"A"
"20134",2630285,32,0,"1","420","D","09","D",50,"D",,"A",,"A",,"A",,"A"
"20134",2630455,22,0,"1","420","D","10","D",36,"D",,"A",,"A",,"A",,"A"
"20134",2630575,42,0,"1","420","D","09","D",36,"D",,"A",,"A",,"A",,"A"
"20134",2630605,75,0,"2","410","D","08","D",9,"D",,"A",,"A",,"A",,"A"
"20134",2630895,68,0,"1","410","D","10","D",38,"D",,"A",,"A",,"A",,"A"
"20134",2631065,53,0,"1","405","D","09","D",151,"D",,"A",,"A",,"A",,"A"
"20134",2631075,36,0,"2","410","D","08","D",50,"D",,"A",,"A",,"A",,"A"
"20134",2631315,60,0,"1","420","D","09","D",78,"D",,"A",,"A",,"A",,"A"
"20134",2631365,31,0,"1","420","D","09","D",99,"D",,"A",,"A",,"A",,"A"
"20134",2631495,41,0,"2","400","D","08","D",68,"D",,"A",,"A",,"A",,"A"
"20134",2631495,42,0,"2","420","D","08","D",460,"D",,"A",,"A",,"A",,"A"
"20134",2631535,65,0,"1","410","D","09","D",100,"D",,"A",,"A",,"A",,"A"
"20134",2631535,66,0,"1","420","D","09","D",36,"D",,"A",,"A",,"A",,"A"
"20134",2631535,67,0,"2","420","D","08","D",36,"D",,"A",,"A",,"A",,"A"
"20134",2631685,23,0,"1","420","D","10","D",100,"D",,"A",,"A",,"A",,"A"
"20134",2631715,28,0,"2","420","D","08","D",57,"D",,"A",,"A",,"A",,"A"
"20134",2631765,65,0,"1","410","D","10","D",20,"D",,"A",,"A",,"A",,"A"
"20134",2631765,66,0,"1","410","D","09","D",20,"D",,"A",,"A",,"A",,"A"
"20134",2631765,67,0,"2","410","D","08","D",20,"D",,"A",,"A",,"A",,"A"
"20134",2631875,30,0,"1","420","D","10","D",29,"D",,"A",,"A",,"A",,"A"
"20134",2631915,37,0,"1","420","D","08","D",80,"D",,"A",,"A",,"A",,"A"
"20134",2631995,71,0,"1","400","D","08","D",70,"D",,"A",,"A",,"A",,"A"
"20134",2631995,72,0,"1","420","D","10","D",300,"D",,"A",,"A",,"A",,"A"
"20134",2632105,25,0,"1","420","D","10","D",130,"D",,"A",,"A",,"A",,"A"
"20134",2632195,59,0,"1","410","D","09","D",30,"D",,"A",,"A",,"A",,"A"
"20134",2632195,60,0,"1","420","D","09","D",140,"D",,"A",,"A",,"A",,"A"
"20134",2632285,60,0,"1","420","D","08","D",153,"D",,"A",,"A",,"A",,"A"
"20134",2632285,61,0,"1","420","D","08","D",178,"D",,"A",,"A",,"A",,"A"
"20134",2632445,41,0,"1","400","D","10","D",16,"D",,"A",,"A",,"A",,"A"
"20134",2632445,42,0,"1","410","D","08","D",20,"D",,"A",,"A",,"A",,"A"
"20134",2632445,43,0,"2","410","D","08","D",16,"D",,"A",,"A",,"A",,"A"
"20134",2632505,21,0,"1","420","D","10","D",80,"D",,"A",,"A",,"A",,"A"
"20134",2632565,45,0,"1","400","D","10","D",20,"D",,"A",,"A",,"A",,"A"
"20134",2632645,69,0,"1","410","D","10","D",70,"F",,"A",,"A",,"A",,"A"
"20134",2632675,53,0,"1","420","D","10","D",89,"F",,"A",,"A",,"A",,"A"
"20134",2632775,70,0,"2","430","D","08","D",.,"H","425","D","415","D",,"A",,"A"
"20134",2632775,70,1,"2","420","D","08","D",44,"E",,"A",,"A",,"A",,"A"
"20134",2632775,70,2,"2","420","D","08","D",80,"E",,"A",,"A",,"A",,"A"
"20134",2632845,19,0,"2","410","D","08","D",14,"D",,"A",,"A",,"A",,"A"
"20134",2632905,37,0,"1","400","D","10","D",12,"D",,"A",,"A",,"A",,"A"
"20134",2632905,38,0,"1","420","D","08","D",147,"D",,"A",,"A",,"A",,"A"
"20134",2632925,53,0,"1","400","D","08","D",36,"D",,"A",,"A",,"A",,"A"
"20134",2632925,54,0,"1","420","D","10","D",39,"D",,"A",,"A",,"A",,"A"
"20134",2633025,34,0,"1","400","D","08","D",30,"D",,"A",,"A",,"A",,"A"
"20134",2633025,35,0,"1","410","D","10","D",18,"D",,"A",,"A",,"A",,"A"
"20134",2633165,38,0,"1","405","D","08","D",198,"D",,"A",,"A",,"A",,"A"
"20134",2633205,31,0,"1","420","D","10","D",230,"D",,"A",,"A",,"A",,"A"
"20134",2633265,83,0,"1","420","D","08","D",101,"D",,"A",,"A",,"A",,"A"
"20134",2633345,44,0,"1","420","D","08","D",200,"D",,"A",,"A",,"A",,"A"
"20134",2633525,26,0,"1","420","D","10","D",26,"D",,"A",,"A",,"A",,"A"
"20134",2633645,30,0,"1","420","D","10","D",54,"D",,"A",,"A",,"A",,"A"
"20134",2633655,39,0,"1","410","D","10","D",16,"D",,"A",,"A",,"A",,"A"
"20134",2633715,35,0,"2","420","D","08","D",28,"D",,"A",,"A",,"A",,"A"
"20134",2633815,40,0,"1","420","D","10","D",100,"D",,"A",,"A",,"A",,"A"
"20134",2633845,25,0,"2","420","D","08","D",76,"D",,"A",,"A",,"A",,"A"
"20134",2634175,55,0,"1","420","D","09","D",36,"D",,"A",,"A",,"A",,"A"
"20134",2634285,33,0,"1","420","D","10","D",200,"D",,"A",,"A",,"A",,"A"
"20134",2634345,60,0,"1","420","D","09","D",95,"D",,"A",,"A",,"A",,"A"
"20134",2634345,61,0,"2","420","D","08","D",200,"D",,"A",,"A",,"A",,"A"
"20134",2634645,18,0,"1","420","D","09","D",48,"D",,"A",,"A",,"A",,"A"
"20134",2634815,26,0,"1","420","D","10","D",45,"D",,"A",,"A",,"A",,"A"
"20134",2634825,43,0,"1","410","D","10","D",25,"D",,"A",,"A",,"A",,"A"
"20134",2634825,44,0,"1","420","D","10","D",71,"D",,"A",,"A",,"A",,"A"
"20134",2635305,37,0,"1","410","D","08","D",10,"D",,"A",,"A",,"A",,"A"
"20134",2635305,38,0,"1","420","D","08","D",263,"D",,"A",,"A",,"A",,"A"
"20134",2635365,42,0,"1","420","D","08","D",71,"D",,"A",,"A",,"A",,"A"
"20134",2635595,34,0,"1","420","D","08","D",212,"D",,"A",,"A",,"A",,"A"
"20134",2635715,22,0,"1","410","D","08","D",21,"D",,"A",,"A",,"A",,"A"
"20134",2635765,39,0,"1","420","D","09","D",170,"D",,"A",,"A",,"A",,"A"
"20134",2635935,50,0,"2","420","D","09","D",300,"D",,"A",,"A",,"A",,"A"
"20134",2635935,51,0,"2","420","D","09","D",312,"D",,"A",,"A",,"A",,"A"
"20134",2635985,48,0,"1","420","D","10","D",80,"D",,"A",,"A",,"A",,"A"
"20134",2636025,46,0,"1","420","D","10","D",95,"D",,"A",,"A",,"A",,"A"
"20134",2636045,42,0,"1","420","D","10","D",65,"D",,"A",,"A",,"A",,"A"
"20134",2636135,115,0,"1","420","D","10","D",180,"F",,"A",,"A",,"A",,"A"
"20134",2636235,32,0,"2","410","D","09","D",16,"D",,"A",,"A",,"A",,"A"
"20134",2636395,45,0,"1","410","D","10","D",110,"D",,"A",,"A",,"A",,"A"
"20134",2636395,46,0,"1","420","D","10","D",36,"D",,"A",,"A",,"A",,"A"
"20134",2636485,65,0,"1","400","D","11","D",27,"D",,"A",,"A",,"A",,"A"
"20134",2636645,39,0,"1","400","D","09","D",12,"D",,"A",,"A",,"A",,"A"
"20134",2636755,32,0,"1","420","D","11","D",36,"D",,"A",,"A",,"A",,"A"
"20134",2636795,27,0,"1","410","D","11","D",14,"D",,"A",,"A",,"A",,"A"
"20134",2636975,48,0,"1","420","D","11","D",71,"D",,"A",,"A",,"A",,"A"
"20134",2636975,49,0,"1","420","D","11","D",186,"D",,"A",,"A",,"A",,"A"
"20134",2636975,50,0,"1","405","D","10","D",971,"D",,"A",,"A",,"A",,"A"
"20134",2637085,39,0,"1","420","D","09","D",36,"D",,"A",,"A",,"A",,"A"
"20134",2637245,47,0,"1","420","D","11","D",200,"D",,"A",,"A",,"A",,"A"
"20134",2637465,76,0,"1","420","D","11","D",108,"D",,"A",,"A",,"A",,"A"
"20134",2637465,77,0,"2","420","D","09","D",108,"D",,"A",,"A",,"A",,"A"
"20134",2637535,93,0,"2","420","D","09","D",90,"D",,"A",,"A",,"A",,"A"
"20134",2637565,45,0,"1","400","D","11","D",25,"D",,"A",,"A",,"A",,"A"
"20134",2637805,55,0,"1","420","D","11","D",65,"D",,"A",,"A",,"A",,"A"
"20134",2637915,29,0,"2","410","D","09","D",14,"D",,"A",,"A",,"A",,"A"
"20134",2637965,45,0,"1","400","D","11","D",10,"D",,"A",,"A",,"A",,"A"
"20134",2638205,41,0,"1","420","D","09","D",220,"D",,"A",,"A",,"A",,"A"
"20134",2638205,42,0,"1","420","D","10","D",235,"D",,"A",,"A",,"A",,"A"
"20134",2638245,65,0,"2","420","D","09","D",89,"D",,"A",,"A",,"A",,"A"
"20134",2638255,56,0,"1","420","D","10","D",36,"D",,"A",,"A",,"A",,"A"
"20134",2638275,42,0,"1","420","D","11","D",112,"D",,"A",,"A",,"A",,"A"
"20134",2638275,43,0,"2","420","D","09","D",176,"D",,"A",,"A",,"A",,"A"
"20134",2638285,22,0,"1","400","D","10","D",30,"D",,"A",,"A",,"A",,"A"
"20134",2638465,32,0,"1","405","D","10","D",270,"D",,"A",,"A",,"A",,"A"
"20134",2638475,21,0,"2","400","D","09","D",28,"D",,"A",,"A",,"A",,"A"
"20134",2638495,93,0,"1","410","D","11","D",30,"D",,"A",,"A",,"A",,"A"
"20134",2638495,94,0,"1","420","D","09","D",83,"D",,"A",,"A",,"A",,"A"
"20134",2638575,53,0,"2","420","D","09","D",78,"D",,"A",,"A",,"A",,"A"
"20134",2638585,38,0,"1","410","D","11","D",20,"D",,"A",,"A",,"A",,"A"
"20134",2638605,88,0,"1","420","D","11","D",43,"D",,"A",,"A",,"A",,"A"
"20134",2638605,89,0,"2","420","D","09","D",44,"D",,"A",,"A",,"A",,"A"
"20134",2638605,90,0,"2","420","D","09","D",44,"D",,"A",,"A",,"A",,"A"
"20134",2638725,41,0,"1","400","D","10","D",60,"D",,"A",,"A",,"A",,"A"
"20134",2638755,28,0,"1","420","D","11","D",85,"D",,"A",,"A",,"A",,"A"
"20134",2638805,35,0,"1","410","D","10","D",40,"D",,"A",,"A",,"A",,"A"
"20134",2639095,29,0,"1","400","D","11","D",18,"D",,"A",,"A",,"A",,"A"
"20134",2639095,30,0,"1","420","D","11","D",57,"D",,"A",,"A",,"A",,"A"
"20134",2639235,56,0,"1","410","D","11","D",65,"D",,"A",,"A",,"A",,"A"
"20134",2639235,57,0,"1","420","D","11","D",86,"D",,"A",,"A",,"A",,"A"
"20134",2639245,73,0,"1","420","D","11","D",160,"D",,"A",,"A",,"A",,"A"
"20134",2639395,45,0,"1","420","D","11","D",95,"D",,"A",,"A",,"A",,"A"
"20134",2639495,43,0,"1","410","D","11","D",47,"D",,"A",,"A",,"A",,"A"
"20134",2639495,44,0,"2","420","D","09","D",36,"D",,"A",,"A",,"A",,"A"
"20134",2639505,26,0,"1","410","D","11","D",19,"D",,"A",,"A",,"A",,"A"
"20134",2639535,63,0,"1","400","D","09","D",20,"D",,"A",,"A",,"A",,"A"
"20134",2639675,40,0,"1","410","D","10","D",21,"D",,"A",,"A",,"A",,"A"
"20134",2639705,35,0,"2","420","D","09","D",65,"D",,"A",,"A",,"A",,"A"
"20134",2639905,27,0,"1","410","D","11","D",16,"D",,"A",,"A",,"A",,"A"
"20134",2639905,28,0,"1","410","D","11","D",16,"D",,"A",,"A",,"A",,"A"
"20134",2640035,33,0,"1","420","D","10","D",210,"D",,"A",,"A",,"A",,"A"
"20134",2640245,57,0,"1","400","D","10","D",25,"D",,"A",,"A",,"A",,"A"
"20134",2640245,58,0,"1","420","D","10","D",75,"D",,"A",,"A",,"A",,"A"
"20134",2640615,34,0,"1","420","D","11","D",99,"F",,"A",,"A",,"A",,"A"
"20134",2640615,35,0,"2","420","D","09","D",105,"D",,"A",,"A",,"A",,"A"
"20134",2640645,18,0,"1","410","D","11","D",37,"D",,"A",,"A",,"A",,"A"
"20134",2640735,45,0,"1","420","D","11","D",350,"D",,"A",,"A",,"A",,"A"
"20134",2640945,64,0,"1","420","D","10","D",103,"D",,"A",,"A",,"A",,"A"
"20134",2640945,65,0,"1","420","D","10","D",150,"D",,"A",,"A",,"A",,"A"
"20134",2641005,26,0,"1","420","D","10","D",50,"D",,"A",,"A",,"A",,"A"
"20134",2641065,33,0,"1","420","D","11","D",104,"D",,"A",,"A",,"A",,"A"
"20134",2641155,29,0,"1","420","D","11","D",135,"D",,"A",,"A",,"A",,"A"
"20134",2641395,41,0,"1","420","D","09","D",109,"D",,"A",,"A",,"A",,"A"
"20134",2641405,35,0,"2","420","D","09","D",60,"D",,"A",,"A",,"A",,"A"
"20134",2641405,36,0,"2","410","D","09","D",15,"D",,"A",,"A",,"A",,"A"
"20134",2641405,37,0,"2","420","D","09","D",60,"D",,"A",,"A",,"A",,"A"
"20134",2641455,72,0,"1","420","D","10","D",90,"D",,"A",,"A",,"A",,"A"
"20134",2641525,100,0,"1","420","D","10","D",200,"D",,"A",,"A",,"A",,"A"
"20134",2641525,101,0,"1","400","D","10","D",10,"D",,"A",,"A",,"A",,"A"
"20134",2641525,102,0,"1","400","D","10","D",20,"D",,"A",,"A",,"A",,"A"
"20134",2641635,96,0,"1","410","D","11","D",50,"D",,"A",,"A",,"A",,"A"
"20134",2641635,97,0,"1","420","D","11","D",92,"D",,"A",,"A",,"A",,"A"
"20134",2641965,40,0,"1","420","D","10","D",216,"D",,"A",,"A",,"A",,"A"
"20134",2642005,30,0,"1","420","D","10","D",375,"F",,"A",,"A",,"A",,"A"
"20134",2642035,48,0,"1","400","D","09","D",60,"D",,"A",,"A",,"A",,"A"
"20134",2642045,32,0,"1","420","D","09","D",110,"D",,"A",,"A",,"A",,"A"
"20134",2642245,32,0,"1","420","D","10","D",130,"D",,"A",,"A",,"A",,"A"
"20134",2642255,33,0,"1","420","D","11","D",101,"D",,"A",,"A",,"A",,"A"
"20134",2642285,37,0,"1","400","D","11","D",20,"D",,"A",,"A",,"A",,"A"
"20134",2642285,38,0,"1","420","D","10","D",350,"D",,"A",,"A",,"A",,"A"
"20134",2642315,50,0,"1","410","D","10","D",41,"D",,"A",,"A",,"A",,"A"
"20134",2642545,34,0,"1","420","D","11","D",48,"D",,"A",,"A",,"A",,"A"
"20134",2642565,29,0,"1","410","D","11","D",15,"D",,"A",,"A",,"A",,"A"
"20134",2642565,30,0,"1","420","D","11","D",44,"D",,"A",,"A",,"A",,"A"
"20134",2642585,12,0,"1","400","D","11","D",48,"D",,"A",,"A",,"A",,"A"
"20134",2642685,57,0,"1","410","D","11","D",22,"D",,"A",,"A",,"A",,"A"
"20134",2642695,51,0,"1","410","D","11","D",21,"D",,"A",,"A",,"A",,"A"
"20134",2642695,52,0,"2","400","D","09","D",53,"D",,"A",,"A",,"A",,"A"
"20134",2642745,56,0,"2","420","D","09","D",36,"D",,"A",,"A",,"A",,"A"
"20134",2642805,42,0,"1","420","D","11","D",62,"D",,"A",,"A",,"A",,"A"
"20134",2642805,43,0,"1","420","D","10","D",52,"D",,"A",,"A",,"A",,"A"
"20134",2642805,44,0,"2","410","D","09","D",14,"D",,"A",,"A",,"A",,"A"
"20134",2642885,56,0,"1","420","D","09","D",28,"D",,"A",,"A",,"A",,"A"
"20134",2642885,57,0,"1","420","D","11","D",35,"D",,"A",,"A",,"A",,"A"
"20134",2642965,28,0,"1","420","D","09","D",40,"D",,"A",,"A",,"A",,"A"
"20134",2642985,55,0,"1","410","D","10","D",56,"D",,"A",,"A",,"A",,"A"
"20134",2642985,56,0,"1","420","D","10","D",70,"D",,"A",,"A",,"A",,"A"
"20134",2643095,55,0,"1","420","D","10","D",45,"D",,"A",,"A",,"A",,"A"
"20134",2643185,17,0,"1","410","D","11","D",20,"D",,"A",,"A",,"A",,"A"
"20134",2643185,18,0,"1","410","D","11","D",20,"D",,"A",,"A",,"A",,"A"
"20134",2643185,19,0,"1","420","D","11","D",223,"D",,"A",,"A",,"A",,"A"
"20134",2643185,20,0,"1","420","D","11","D",89,"D",,"A",,"A",,"A",,"A"
"20134",2643205,73,0,"1","420","D","10","D",323,"D",,"A",,"A",,"A",,"A"
"20134",2643325,31,0,"1","400","D","11","D",24,"D",,"A",,"A",,"A",,"A"
"20134",2643335,24,0,"1","430","D","09","D",.,"H","415","D","405","D",,"A",,"A"
"20134",2643335,24,1,"1","420","D","09","D",64,"E",,"A",,"A",,"A",,"A"
"20134",2643335,24,2,"1","405","D","09","D",121,"E",,"A",,"A",,"A",,"A"
"20134",2643395,65,0,"1","410","D","10","D",16,"D",,"A",,"A",,"A",,"A"
"20134",2643395,66,0,"1","405","D","11","D",100,"D",,"A",,"A",,"A",,"A"
"20134",2643405,45,0,"1","410","D","11","D",80,"D",,"A",,"A",,"A",,"A"
"20134",2643405,46,0,"1","420","D","11","D",75,"D",,"A",,"A",,"A",,"A"
"20134",2643605,25,0,"1","400","D","09","D",25,"D",,"A",,"A",,"A",,"A"
"20134",2643675,41,0,"2","405","D","09","D",280,"D",,"A",,"A",,"A",,"A"
"20134",2643715,41,0,"2","430","D","09","D",.,"H","415","D","410","D",,"A",,"A"
"20134",2643715,41,1,"2","420","D","09","D",23,"E",,"A",,"A",,"A",,"A"
"20134",2643715,41,2,"2","410","D","09","D",7,"E",,"A",,"A",,"A",,"A"
"20134",2643735,53,0,"1","420","D","11","D",65,"D",,"A",,"A",,"A",,"A"
"20134",2643765,57,0,"1","400","D","10","D",45,"D",,"A",,"A",,"A",,"A"
"20134",2643845,38,0,"1","400","D","10","D",26,"D",,"A",,"A",,"A",,"A"
"20134",2643885,54,0,"1","420","D","09","D",120,"D",,"A",,"A",,"A",,"A"
"20134",2643945,32,0,"1","420","D","11","D",183,"D",,"A",,"A",,"A",,"A"
"20134",2644005,35,0,"2","410","D","09","D",40,"D",,"A",,"A",,"A",,"A"
"20134",2644005,36,0,"2","420","D","09","D",109,"D",,"A",,"A",,"A",,"A"
"20134",2644035,33,0,"1","420","D","11","D",101,"D",,"A",,"A",,"A",,"A"
"20134",2644065,25,0,"1","405","D","11","D",185,"D",,"A",,"A",,"A",,"A"
"20134",2644155,52,0,"1","420","D","10","D",120,"D",,"A",,"A",,"A",,"A"
"20134",2644155,53,0,"1","420","D","11","D",75,"D",,"A",,"A",,"A",,"A"
"20134",2644415,63,0,"1","420","D","10","D",55,"D",,"A",,"A",,"A",,"A"
"20134",2644445,46,0,"1","410","D","09","D",40,"D",,"A",,"A",,"A",,"A"
"20134",2644445,47,0,"1","420","D","10","D",64,"D",,"A",,"A",,"A",,"A"
"20134",2644485,16,0,"1","420","D","11","D",340,"D",,"A",,"A",,"A",,"A"
"20134",2644645,42,0,"1","400","D","11","D",11,"D",,"A",,"A",,"A",,"A"
"20134",2644645,43,0,"2","420","D","09","D",52,"D",,"A",,"A",,"A",,"A"
"20134",2644705,29,0,"1","420","D","09","D",23,"D",,"A",,"A",,"A",,"A"
"20134",2644865,41,0,"1","420","D","11","D",300,"D",,"A",,"A",,"A",,"A"
"20134",2644995,95,0,"1","420","D","10","D",40,"D",,"A",,"A",,"A",,"A"
"20134",2644995,96,0,"1","420","D","11","D",40,"D",,"A",,"A",,"A",,"A"
"20134",2645115,29,0,"1","400","D","10","D",20,"D",,"A",,"A",,"A",,"A"
"20134",2645155,73,0,"1","400","D","11","D",18,"D",,"A",,"A",,"A",,"A"
"20134",2645215,59,0,"1","420","D","11","D",69,"D",,"A",,"A",,"A",,"A"
"20134",2645255,23,0,"1","420","D","09","D",75,"D",,"A",,"A",,"A",,"A"
"20134",2645265,41,0,"1","405","D","10","D",675,"D",,"A",,"A",,"A",,"A"
"20134",2645435,58,0,"1","420","D","10","D",25,"D",,"A",,"A",,"A",,"A"
"20134",2645435,59,0,"1","405","D","10","D",134,"D",,"A",,"A",,"A",,"A"
"20134",2645435,60,0,"1","420","D","10","D",21,"D",,"A",,"A",,"A",,"A"
"20134",2645475,33,0,"2","420","D","09","D",65,"D",,"A",,"A",,"A",,"A"
"20134",2645525,55,0,"1","430","D","10","D",.,"H","410","D","415","D",,"A",,"A"
"20134",2645525,55,1,"1","410","D","10","D",48,"E",,"A",,"A",,"A",,"A"
"20134",2645525,55,2,"1","420","D","10","D",129,"E",,"A",,"A",,"A",,"A"
"20134",2645685,58,0,"1","420","D","11","D",103,"D",,"A",,"A",,"A",,"A"
"20134",2645725,71,0,"1","405","D","10","D",1070,"D",,"A",,"A",,"A",,"A"
"20134",2645865,25,0,"1","420","D","10","D",67,"D",,"A",,"A",,"A",,"A"
"20134",2645885,42,0,"1","420","D","10","D",65,"D",,"A",,"A",,"A",,"A"
"20134",2645885,43,0,"1","420","D","11","D",65,"D",,"A",,"A",,"A",,"A"
"20134",2646115,70,0,"1","410","D","10","D",325,"D",,"A",,"A",,"A",,"A"
"20134",2646115,71,0,"1","410","D","11","D",325,"D",,"A",,"A",,"A",,"A"
"20134",2646165,44,0,"1","420","D","09","D",72,"D",,"A",,"A",,"A",,"A"
"20134",2646345,42,0,"1","430","D","10","D",.,"H","400","D","415","D",,"A",,"A"
"20134",2646345,42,1,"1","400","D","10","D",23,"E",,"A",,"A",,"A",,"A"
"20134",2646345,42,2,"1","420","D","10","D",52,"E",,"A",,"A",,"A",,"A"
"20134",2646435,15,0,"1","410","D","11","D",15,"D",,"A",,"A",,"A",,"A"
"20134",2646435,16,0,"1","410","D","11","D",15,"D",,"A",,"A",,"A",,"A"
"20134",2646435,17,0,"1","405","D","11","D",97,"D",,"A",,"A",,"A",,"A"
"20134",2646515,23,0,"1","410","D","11","D",5,"D",,"A",,"A",,"A",,"A"
"20134",2646595,87,0,"1","430","D","11","D",.,"H","405","D","415","D",,"A",,"A"
"20134",2646595,87,1,"1","405","D","11","D",108,"E",,"A",,"A",,"A",,"A"
"20134",2646595,87,2,"1","420","D","11","D",41,"E",,"A",,"A",,"A",,"A"
"20134",2646645,27,0,"1","420","D","11","D",20,"D",,"A",,"A",,"A",,"A"
"20134",2646675,49,0,"1","420","D","10","D",203,"D",,"A",,"A",,"A",,"A"
"20134",2646825,61,0,"1","420","D","11","D",75,"D",,"A",,"A",,"A",,"A"
"20134",2646925,48,0,"1","410","D","10","D",16,"D",,"A",,"A",,"A",,"A"
"20134",2647184,79,0,"1","420","D","08","D",6,"D",,"A",,"A",,"A",,"A"
"20134",2647394,67,0,"1","410","D","09","D",16,"D",,"A",,"A",,"A",,"A"
"20134",2647434,39,0,"1","405","D","09","D",230,"D",,"A",,"A",,"A",,"A"
"20134",2647444,34,0,"1","410","D","09","D",40,"D",,"A",,"A",,"A",,"A"
"20134",2647444,35,0,"1","420","D","09","D",189,"D",,"A",,"A",,"A",,"A"
"20134",2647465,40,0,"1","420","D","08","D",389,"D",,"A",,"A",,"A",,"A"
"20134",2647465,41,0,"1","420","D","09","D",176,"D",,"A",,"A",,"A",,"A"
"20134",2647484,30,0,"1","420","D","08","D",152,"D",,"A",,"A",,"A",,"A"
"20134",2647624,68,0,"1","420","D","07","D",65,"D",,"A",,"A",,"A",,"A"
"20134",2647624,69,0,"1","420","D","08","D",65,"D",,"A",,"A",,"A",,"A"
"20134",2647624,70,0,"1","410","D","07","D",15,"D",,"A",,"A",,"A",,"A"
"20134",2647624,71,0,"1","410","D","09","D",15,"D",,"A",,"A",,"A",,"A"
"20134",2647744,93,0,"1","405","D","09","D",760,"D",,"A",,"A",,"A",,"A"
"20134",2647974,15,0,"1","420","D","09","D",67,"D",,"A",,"A",,"A",,"A"
"20134",2648014,23,0,"1","420","D","09","D",75,"D",,"A",,"A",,"A",,"A"
"20134",2648014,24,0,"1","400","D","08","D",40,"D",,"A",,"A",,"A",,"A"
"20134",2648034,55,0,"1","400","D","09","D",15,"D",,"A",,"A",,"A",,"A"
"20134",2648034,56,0,"1","430","D","09","D",.,"H","410","D","425","D",,"A",,"A"
"20134",2648034,56,1,"1","410","D","09","D",86,"E",,"A",,"A",,"A",,"A"
"20134",2648034,56,2,"1","420","D","09","D",324,"E",,"A",,"A",,"A",,"A"
"20134",2648264,19,0,"1","400","D","09","D",600,"D",,"A",,"A",,"A",,"A"
"20134",2648384,30,0,"1","405","D","07","D",514,"D",,"A",,"A",,"A",,"A"
"20134",2648524,65,0,"1","420","D","09","D",100,"D",,"A",,"A",,"A",,"A"
"20134",2648574,16,0,"2","400","D","07","D",13,"D",,"A",,"A",,"A",,"A"
"20134",2648584,30,0,"1","420","D","07","D",68,"D",,"A",,"A",,"A",,"A"
"20134",2648664,20,0,"1","430","D","09","D",.,"H","415","D","410","D",,"A",,"A"
"20134",2648664,20,1,"1","420","D","09","D",14,"E",,"A",,"A",,"A",,"A"
"20134",2648664,20,2,"1","410","D","09","D",9,"E",,"A",,"A",,"A",,"A"
"20134",2648734,30,0,"1","410","D","08","D",85,"D",,"A",,"A",,"A",,"A"
"20134",2648794,37,0,"1","410","D","08","D",117,"D",,"A",,"A",,"A",,"A"
"20134",2649074,28,0,"1","420","D","08","D",60,"D",,"A",,"A",,"A",,"A"
"20134",2649184,36,0,"2","420","D","07","D",71,"D",,"A",,"A",,"A",,"A"
"20134",2649234,61,0,"1","410","D","08","D",72,"D",,"A",,"A",,"A",,"A"
"20134",2649234,62,0,"1","420","D","07","D",80,"D",,"A",,"A",,"A",,"A"
"20134",2649324,46,0,"1","420","D","09","D",132,"D",,"A",,"A",,"A",,"A"
"20134",2649654,71,0,"1","420","D","07","D",36,"D",,"A",,"A",,"A",,"A"
"20134",2649654,72,0,"1","420","D","07","D",124,"D",,"A",,"A",,"A",,"A"
"20134",2649814,36,0,"1","430","D","09","D",.,"H","405","D","400","D",,"A",,"A"
"20134",2649814,36,1,"1","405","D","09","D",303,"E",,"A",,"A",,"A",,"A"
"20134",2649814,36,2,"1","400","D","09","D",21,"E",,"A",,"A",,"A",,"A"
"20134",2649954,22,0,"1","410","D","07","D",27,"D",,"A",,"A",,"A",,"A"
"20134",2649994,16,0,"1","420","D","08","D",70,"D",,"A",,"A",,"A",,"A"
"20134",2649994,17,0,"1","420","D","09","D",64,"D",,"A",,"A",,"A",,"A"
"20134",2650134,24,0,"1","430","D","07","D",.,"H","415","D","400","D",,"A",,"A"
"20134",2650134,24,1,"1","420","D","07","D",61,"E",,"A",,"A",,"A",,"A"
"20134",2650134,24,2,"1","400","D","07","D",15,"E",,"A",,"A",,"A",,"A"
"20134",2650134,25,0,"2","420","D","07","D",100,"D",,"A",,"A",,"A",,"A"
"20134",2650294,53,0,"1","400","D","09","D",155,"D",,"A",,"A",,"A",,"A"
"20134",2650334,35,0,"1","410","D","07","D",49,"D",,"A",,"A",,"A",,"A"
"20134",2650334,36,0,"1","420","D","09","D",96,"D",,"A",,"A",,"A",,"A"
"20134",2650544,22,0,"1","420","D","09","D",165,"D",,"A",,"A",,"A",,"A"
"20134",2651024,49,0,"1","400","D","09","D",10,"D",,"A",,"A",,"A",,"A"
"20134",2651114,57,0,"2","410","D","07","D",16,"D",,"A",,"A",,"A",,"A"
"20134",2651184,37,0,"1","420","D","08","D",73,"D",,"A",,"A",,"A",,"A"
"20134",2651194,37,0,"1","420","D","09","D",87,"D",,"A",,"A",,"A",,"A"
"20134",2651364,45,0,"2","420","D","07","D",50,"D",,"A",,"A",,"A",,"A"
"20134",2651364,46,0,"2","420","D","07","D",80,"D",,"A",,"A",,"A",,"A"
"20134",2651384,65,0,"1","400","D","08","D",10,"D",,"A",,"A",,"A",,"A"
"20134",2651414,44,0,"1","400","D","09","D",20,"D",,"A",,"A",,"A",,"A"
"20134",2651414,45,0,"1","405","D","09","D",245,"D",,"A",,"A",,"A",,"A"
"20134",2651474,29,0,"1","420","D","09","D",65,"D",,"A",,"A",,"A",,"A"
"20134",2651474,30,0,"1","420","D","08","D",63,"D",,"A",,"A",,"A",,"A"
"20134",2651504,29,0,"1","410","D","09","D",28,"D",,"A",,"A",,"A",,"A"
"20134",2651624,42,0,"1","410","D","09","D",27,"D",,"A",,"A",,"A",,"A"
"20134",2651684,26,0,"1","420","D","09","D",400,"D",,"A",,"A",,"A",,"A"
"20134",2651824,31,0,"1","400","D","07","D",55,"D",,"A",,"A",,"A",,"A"
"20134",2651834,33,0,"1","410","D","09","D",20,"D",,"A",,"A",,"A",,"A"
"20134",2651844,43,0,"1","410","D","09","D",15,"D",,"A",,"A",,"A",,"A"
"20134",2651874,49,0,"1","420","D","09","D",220,"D",,"A",,"A",,"A",,"A"
"20134",2651874,50,0,"1","420","D","07","D",180,"D",,"A",,"A",,"A",,"A"
"20134",2651894,37,0,"1","420","D","08","D",30,"D",,"A",,"A",,"A",,"A"
"20134",2651964,34,0,"1","420","D","07","D",65,"D",,"A",,"A",,"A",,"A"
"20134",2652064,34,0,"1","420","D","09","D",75,"D",,"A",,"A",,"A",,"A"
"20134",2652354,40,0,"1","410","D","09","D",21,"D",,"A",,"A",,"A",,"A"
"20134",2652504,37,0,"1","420","D","08","D",312,"D",,"A",,"A",,"A",,"A"
"20134",2652574,46,0,"2","400","D","07","D",24,"D",,"A",,"A",,"A",,"A"
"20134",2652584,45,0,"1","420","D","09","D",95,"D",,"A",,"A",,"A",,"A"
"20134",2652594,14,0,"1","420","D","09","D",120,"D",,"A",,"A",,"A",,"A"
"20134",2652664,45,0,"1","420","D","09","D",85,"D",,"A",,"A",,"A",,"A"
"20134",2652794,35,0,"1","420","D","09","D",280,"D",,"A",,"A",,"A",,"A"
"20134",2652794,36,0,"2","420","D","07","D",180,"D",,"A",,"A",,"A",,"A"
"20134",2652854,17,0,"1","410","D","07","D",75,"D",,"A",,"A",,"A",,"A"
"20134",2652864,47,0,"1","420","D","08","D",36,"D",,"A",,"A",,"A",,"A"
"20134",2652994,45,0,"1","430","D","09","D",.,"H","415","D","410","D",,"A",,"A"
"20134",2652994,45,1,"1","420","D","09","D",126,"E",,"A",,"A",,"A",,"A"
"20134",2652994,45,2,"1","410","D","09","D",54,"E",,"A",,"A",,"A",,"A"
"20134",2653194,58,0,"1","410","D","09","D",29,"D",,"A",,"A",,"A",,"A"
"20134",2653204,61,0,"1","420","D","08","D",101,"D",,"A",,"A",,"A",,"A"
"20134",2653204,62,0,"1","420","D","09","D",108,"D",,"A",,"A",,"A",,"A"
"20134",2653224,55,0,"1","410","D","09","D",20,"D",,"A",,"A",,"A",,"A"
"20134",2653264,36,0,"1","420","D","08","D",130,"D",,"A",,"A",,"A",,"A"
"20134",2653344,36,0,"2","420","D","07","D",290,"D",,"A",,"A",,"A",,"A"
"20134",2653444,15,0,"1","430","D","07","D",.,"H","415","D","400","D",,"A",,"A"
"20134",2653444,15,1,"1","420","D","07","D",57,"E",,"A",,"A",,"A",,"A"
"20134",2653444,15,2,"1","400","D","07","D",25,"E",,"A",,"A",,"A",,"A"
"20134",2653514,30,0,"2","420","D","07","D",79,"D",,"A",,"A",,"A",,"A"
"20134",2653514,31,0,"2","410","D","07","D",19,"D",,"A",,"A",,"A",,"A"
"20134",2653574,36,0,"1","410","D","09","D",29,"D",,"A",,"A",,"A",,"A"
"20134",2653614,61,0,"1","420","D","09","D",52,"D",,"A",,"A",,"A",,"A"
"20134",2653734,64,0,"1","400","D","07","D",10,"D",,"A",,"A",,"A",,"A"
"20134",2653804,16,0,"1","400","D","07","D",25,"D",,"A",,"A",,"A",,"A"
"20134",2654014,26,0,"1","420","D","09","D",77,"D",,"A",,"A",,"A",,"A"
"20134",2654134,28,0,"1","420","D","09","D",85,"D",,"A",,"A",,"A",,"A"
"20134",2654214,55,0,"1","430","D","07","D",.,"H","415","D","410","D",,"A",,"A"
"20134",2654214,55,1,"1","420","D","07","D",93,"E",,"A",,"A",,"A",,"A"
"20134",2654214,55,2,"1","410","D","07","D",17,"E",,"A",,"A",,"A",,"A"
"20134",2654244,46,0,"1","410","D","08","D",26,"D",,"A",,"A",,"A",,"A"
"20134",2654244,47,0,"1","420","D","08","D",92,"D",,"A",,"A",,"A",,"A"
"20134",2654244,48,0,"1","420","D","09","D",310,"D",,"A",,"A",,"A",,"A"
"20134",2654364,19,0,"1","420","D","07","D",73,"D",,"A",,"A",,"A",,"A"
"20134",2654364,20,0,"1","420","D","07","D",76,"D",,"A",,"A",,"A",,"A"
"20134",2654414,40,0,"1","420","D","09","D",60,"F",,"A",,"A",,"A",,"A"
"20134",2654434,34,0,"1","410","D","09","D",15,"D",,"A",,"A",,"A",,"A"
"20134",2654594,51,0,"1","400","D","09","D",250,"D",,"A",,"A",,"A",,"A"
"20134",2654594,52,0,"1","405","D","07","D",281,"D",,"A",,"A",,"A",,"A"
"20134",2654594,53,0,"1","420","D","08","D",180,"D",,"A",,"A",,"A",,"A"
"20134",2654954,33,0,"2","410","D","07","D",40,"D",,"A",,"A",,"A",,"A"
"20134",2654954,34,0,"2","420","D","07","D",36,"D",,"A",,"A",,"A",,"A"
"20134",2655004,52,0,"1","420","D","09","D",50,"D",,"A",,"A",,"A",,"A"
"20134",2655074,98,0,"1","420","D","08","D",350,"F",,"A",,"A",,"A",,"A"
"20134",2655244,54,0,"1","410","D","07","D",40,"D",,"A",,"A",,"A",,"A"
"20134",2655404,38,0,"1","420","D","08","D",64,"D",,"A",,"A",,"A",,"A"
"20134",2655524,24,0,"1","420","D","08","D",78,"D",,"A",,"A",,"A",,"A"
"20134",2655574,66,0,"1","400","D","09","D",29,"D",,"A",,"A",,"A",,"A"
"20134",2655604,29,0,"1","410","D","09","D",200,"D",,"A",,"A",,"A",,"A"
"20134",2655654,76,0,"1","405","D","09","D",61,"D",,"A",,"A",,"A",,"A"
"20134",2655684,35,0,"1","410","D","08","D",5,"D",,"A",,"A",,"A",,"A"
"20134",2655684,36,0,"1","410","D","08","D",5,"D",,"A",,"A",,"A",,"A"
"20134",2655864,24,0,"1","420","D","08","D",75,"D",,"A",,"A",,"A",,"A"
"20134",2655944,72,0,"1","410","D","08","D",300,"D",,"A",,"A",,"A",,"A"
"20134",2655984,34,0,"1","410","D","09","D",36,"D",,"A",,"A",,"A",,"A"
"20134",2656044,26,0,"1","420","D","08","D",94,"D",,"A",,"A",,"A",,"A"
"20134",2656164,68,0,"2","420","D","07","D",84,"D",,"A",,"A",,"A",,"A"
"20134",2656164,69,0,"2","410","D","07","D",16,"D",,"A",,"A",,"A",,"A"
"20134",2656164,70,0,"2","405","D","07","D",404,"D",,"A",,"A",,"A",,"A"
"20134",2656294,40,0,"1","420","D","07","D",100,"D",,"A",,"A",,"A",,"A"
"20134",2656364,47,0,"1","410","D","07","D",29,"D",,"A",,"A",,"A",,"A"
"20134",2656434,44,0,"1","400","D","08","D",21,"D",,"A",,"A",,"A",,"A"
"20134",2656644,25,0,"1","420","D","09","D",115,"D",,"A",,"A",,"A",,"A"
"20134",2656924,66,0,"1","420","D","09","D",218,"D",,"A",,"A",,"A",,"A"
"20134",2656994,59,0,"1","410","D","08","D",16,"D",,"A",,"A",,"A",,"A"
"20134",2656994,60,0,"2","410","D","07","D",16,"D",,"A",,"A",,"A",,"A"
"20134",2657024,25,0,"1","400","D","08","D",12,"D",,"A",,"A",,"A",,"A"
"20134",2657094,37,0,"1","420","D","09","D",1900,"D",,"A",,"A",,"A",,"A"
"20134",2657194,65,0,"1","400","D","08","D",750,"D",,"A",,"A",,"A",,"A"
"20134",2657264,58,0,"1","405","D","09","D",390,"D",,"A",,"A",,"A",,"A"
"20134",2657344,50,0,"1","420","D","09","D",198,"D",,"A",,"A",,"A",,"A"
"20134",2657424,49,0,"1","420","D","08","D",90,"D",,"A",,"A",,"A",,"A"
"20134",2657424,50,0,"2","420","D","07","D",90,"D",,"A",,"A",,"A",,"A"
"20134",2657544,60,0,"1","400","D","09","D",25,"D",,"A",,"A",,"A",,"A"
"20134",2657574,27,0,"1","420","D","09","D",133,"D",,"A",,"A",,"A",,"A"
"20134",2657644,102,0,"1","420","D","08","D",130,"D",,"A",,"A",,"A",,"A"
"20134",2657804,35,0,"1","420","D","09","D",40,"D",,"A",,"A",,"A",,"A"
"20134",2657904,49,0,"1","410","D","08","D",29,"D",,"A",,"A",,"A",,"A"
"20134",2657964,23,0,"1","410","D","09","D",14,"D",,"A",,"A",,"A",,"A"
"20134",2658044,28,0,"1","420","D","07","D",3,"D",,"A",,"A",,"A",,"A"
"20134",2658044,29,0,"1","410","D","07","D",15,"D",,"A",,"A",,"A",,"A"
"20134",2658364,79,0,"1","400","D","09","D",36,"D",,"A",,"A",,"A",,"A"
"20134",2658414,72,0,"2","420","D","08","D",50,"D",,"A",,"A",,"A",,"A"
"20134",2658434,18,0,"1","420","D","09","D",101,"D",,"A",,"A",,"A",,"A"
"20134",2658484,62,0,"1","400","D","10","D",36,"D",,"A",,"A",,"A",,"A"
"20134",2658594,41,0,"1","420","D","10","D",90,"D",,"A",,"A",,"A",,"A"
"20134",2658594,42,0,"1","400","D","10","D",25,"D",,"A",,"A",,"A",,"A"
"20134",2658784,47,0,"1","410","D","10","D",96,"D",,"A",,"A",,"A",,"A"
"20134",2658784,48,0,"1","420","D","10","D",94,"D",,"A",,"A",,"A",,"A"
"20134",2658804,36,0,"1","420","D","10","D",80,"D",,"A",,"A",,"A",,"A"
"20134",2658854,27,0,"1","420","D","10","D",105,"D",,"A",,"A",,"A",,"A"
"20134",2658884,57,0,"1","420","D","09","D",55,"D",,"A",,"A",,"A",,"A"
"20134",2658904,35,0,"1","400","D","09","D",27,"D",,"A",,"A",,"A",,"A"
"20134",2658904,36,0,"1","420","D","09","D",275,"D",,"A",,"A",,"A",,"A"
"20134",2658944,38,0,"1","420","D","10","D",150,"D",,"A",,"A",,"A",,"A"
"20134",2659184,49,0,"1","400","D","10","D",65,"D",,"A",,"A",,"A",,"A"
"20134",2659184,50,0,"1","420","D","09","D",350,"D",,"A",,"A",,"A",,"A"
"20134",2659444,45,0,"1","400","D","09","D",20,"D",,"A",,"A",,"A",,"A"
"20134",2659504,42,0,"1","420","D","09","D",100,"D",,"A",,"A",,"A",,"A"
"20134",2659554,58,0,"1","410","D","08","D",29,"D",,"A",,"A",,"A",,"A"
"20134",2659554,59,0,"1","410","D","08","D",29,"D",,"A",,"A",,"A",,"A"
"20134",2659604,33,0,"1","420","D","09","D",100,"D",,"A",,"A",,"A",,"A"
"20134",2659624,31,0,"1","420","D","09","D",134,"D",,"A",,"A",,"A",,"A"
"20134",2659704,43,0,"1","420","D","09","D",130,"D",,"A",,"A",,"A",,"A"
"20134",2659714,73,0,"2","420","D","08","D",93,"D",,"A",,"A",,"A",,"A"
"20134",2659734,74,0,"1","420","D","10","D",75,"D",,"A",,"A",,"A",,"A"
"20134",2659744,68,0,"1","420","D","09","D",140,"D",,"A",,"A",,"A",,"A"
"20134",2659744,69,0,"1","420","D","10","D",142,"D",,"A",,"A",,"A",,"A"
"20134",2659804,31,0,"1","410","D","10","D",30,"D",,"A",,"A",,"A",,"A"
"20134",2659804,32,0,"1","420","D","10","D",139,"D",,"A",,"A",,"A",,"A"
"20134",2659814,38,0,"1","420","D","10","D",60,"D",,"A",,"A",,"A",,"A"
"20134",2659894,36,0,"2","420","D","08","D",85,"D",,"A",,"A",,"A",,"A"
"20134",2659914,37,0,"1","420","D","09","D",50,"D",,"A",,"A",,"A",,"A"
"20134",2660024,37,0,"1","420","D","10","D",101,"D",,"A",,"A",,"A",,"A"
"20134",2660044,24,0,"1","420","D","10","D",32,"D",,"A",,"A",,"A",,"A"
"20134",2660054,36,0,"1","420","D","10","D",130,"D",,"A",,"A",,"A",,"A"
"20134",2660274,72,0,"2","420","D","08","D",75,"D",,"A",,"A",,"A",,"A"
"20134",2660314,66,0,"1","400","D","08","D",30,"D",,"A",,"A",,"A",,"A"
"20134",2660314,67,0,"1","420","D","08","D",108,"D",,"A",,"A",,"A",,"A"
"20134",2660504,20,0,"1","420","D","10","D",78,"D",,"A",,"A",,"A",,"A"
"20134",2660514,67,0,"1","400","D","10","D",10,"F",,"A",,"A",,"A",,"A"
"20134",2660514,68,0,"1","410","D","10","D",36,"D",,"A",,"A",,"A",,"A"
"20134",2660704,28,0,"2","420","D","08","D",60,"D",,"A",,"A",,"A",,"A"
"20134",2660824,48,0,"1","420","D","10","D",75,"D",,"A",,"A",,"A",,"A"
"20134",2661104,25,0,"1","420","D","08","D",120,"D",,"A",,"A",,"A",,"A"
"20134",2661384,86,0,"1","420","D","10","D",150,"D",,"A",,"A",,"A",,"A"
"20134",2661504,35,0,"1","400","D","08","D",20,"D",,"A",,"A",,"A",,"A"
"20134",2661594,92,0,"1","400","D","08","D",80,"D",,"A",,"A",,"A",,"A"
"20134",2661694,31,0,"1","405","D","10","D",120,"D",,"A",,"A",,"A",,"A"
"20134",2661694,32,0,"1","420","D","10","D",20,"D",,"A",,"A",,"A",,"A"
"20134",2661764,66,0,"1","410","D","09","D",20,"D",,"A",,"A",,"A",,"A"
"20134",2661834,32,0,"1","420","D","10","D",36,"D",,"A",,"A",,"A",,"A"
"20134",2661874,51,0,"1","410","D","09","D",40,"D",,"A",,"A",,"A",,"A"
"20134",2661874,52,0,"2","420","D","08","D",60,"D",,"A",,"A",,"A",,"A"
"20134",2661934,43,0,"2","410","D","08","D",36,"D",,"A",,"A",,"A",,"A"
"20134",2662064,50,0,"1","400","D","09","D",30,"D",,"A",,"A",,"A",,"A"
"20134",2662064,51,0,"1","420","D","10","D",300,"D",,"A",,"A",,"A",,"A"
"20134",2662104,36,0,"1","420","D","09","D",10,"D",,"A",,"A",,"A",,"A"
"20134",2662374,42,0,"1","400","D","10","D",18,"D",,"A",,"A",,"A",,"A"
"20134",2662404,8,0,"1","400","D","10","D",20,"D",,"A",,"A",,"A",,"A"
"20134",2662484,44,0,"2","400","D","08","D",32,"D",,"A",,"A",,"A",,"A"
"20134",2662494,43,0,"1","420","D","09","D",98,"D",,"A",,"A",,"A",,"A"
"20134",2662654,37,0,"1","420","D","09","D",350,"D",,"A",,"A",,"A",,"A"
"20134",2662654,38,0,"1","410","D","09","D",50,"D",,"A",,"A",,"A",,"A"
"20134",2662664,26,0,"1","420","D","09","D",18,"D",,"A",,"A",,"A",,"A"
"20134",2662834,47,0,"1","420","D","09","D",173,"D",,"A",,"A",,"A",,"A"
"20134",2662954,27,0,"1","420","D","09","D",207,"D",,"A",,"A",,"A",,"A"
"20134",2663214,72,0,"1","420","D","09","D",120,"D",,"A",,"A",,"A",,"A"
"20134",2663224,34,0,"2","420","D","08","D",21,"D",,"A",,"A",,"A",,"A"
"20134",2663274,103,0,"1","400","D","09","D",5,"D",,"A",,"A",,"A",,"A"
"20134",2663354,61,0,"1","420","D","09","D",100,"D",,"A",,"A",,"A",,"A"
"20134",2663384,38,0,"1","420","D","10","D",110,"D",,"A",,"A",,"A",,"A"
"20134",2663764,66,0,"2","400","D","08","D",23,"D",,"A",,"A",,"A",,"A"
"20134",2664134,33,0,"1","420","D","08","D",225,"D",,"A",,"A",,"A",,"A"
"20134",2664134,34,0,"1","420","D","10","D",275,"D",,"A",,"A",,"A",,"A"
"20134",2664454,43,0,"1","420","D","10","D",200,"D",,"A",,"A",,"A",,"A"
"20134",2664544,52,0,"1","400","D","09","D",30,"D",,"A",,"A",,"A",,"A"
"20134",2664544,53,0,"1","430","D","10","D",.,"H","405","D","425","D",,"A",,"A"
"20134",2664544,53,1,"1","405","D","10","D",110,"E",,"A",,"A",,"A",,"A"
"20134",2664544,53,2,"1","420","D","10","D",320,"E",,"A",,"A",,"A",,"A"
"20134",2664644,45,0,"1","420","D","08","D",82,"D",,"A",,"A",,"A",,"A"
"20134",2664644,46,0,"1","420","D","09","D",106,"D",,"A",,"A",,"A",,"A"
"20134",2664644,47,0,"1","420","D","10","D",73,"D",,"A",,"A",,"A",,"A"
"20134",2664734,57,0,"1","400","D","09","D",50,"D",,"A",,"A",,"A",,"A"
"20134",2664764,64,0,"2","410","D","08","D",16,"D",,"A",,"A",,"A",,"A"
"20134",2664954,87,0,"1","410","D","09","D",60,"D",,"A",,"A",,"A",,"A"
"20134",2664954,88,0,"1","420","D","09","D",177,"D",,"A",,"A",,"A",,"A"
"20134",2664954,89,0,"1","420","D","10","D",120,"D",,"A",,"A",,"A",,"A"
"20134",2665004,71,0,"1","400","D","08","D",75,"F",,"A",,"A",,"A",,"A"
"20134",2665094,77,0,"1","410","D","08","D",20,"D",,"A",,"A",,"A",,"A"
"20134",2665194,51,0,"1","430","D","10","D",.,"H","400","D","415","D",,"A",,"A"
"20134",2665194,51,1,"1","400","D","10","D",31,"E",,"A",,"A",,"A",,"A"
"20134",2665194,51,2,"1","420","D","10","D",169,"E",,"A",,"A",,"A",,"A"
"20134",2665274,54,0,"1","420","D","10","D",80,"D",,"A",,"A",,"A",,"A"
"20134",2665274,55,0,"1","420","D","10","D",400,"D",,"A",,"A",,"A",,"A"
"20134",2665354,29,0,"1","420","D","10","D",65,"D",,"A",,"A",,"A",,"A"
"20134",2665354,30,0,"2","410","D","08","D",28,"D",,"A",,"A",,"A",,"A"
"20134",2665374,28,0,"2","400","D","08","D",50,"D",,"A",,"A",,"A",,"A"
"20134",2665544,39,0,"2","420","D","08","D",125,"D",,"A",,"A",,"A",,"A"
"20134",2665594,42,0,"1","420","D","10","D",89,"D",,"A",,"A",,"A",,"A"
"20134",2665594,43,0,"1","420","D","10","D",94,"D",,"A",,"A",,"A",,"A"
"20134",2665674,35,0,"1","420","D","09","D",52,"D",,"A",,"A",,"A",,"A"
"20134",2665854,34,0,"1","410","D","10","D",64,"D",,"A",,"A",,"A",,"A"
"20134",2665904,35,0,"1","420","D","10","D",49,"D",,"A",,"A",,"A",,"A"
"20134",2666044,32,0,"1","400","D","10","D",40,"D",,"A",,"A",,"A",,"A"
"20134",2666084,51,0,"1","420","D","10","D",300,"D",,"A",,"A",,"A",,"A"
"20134",2666114,77,0,"2","420","D","08","D",75,"D",,"A",,"A",,"A",,"A"
"20134",2666114,78,0,"2","420","D","08","D",75,"D",,"A",,"A",,"A",,"A"
"20134",2666234,22,0,"2","400","D","08","D",25,"D",,"A",,"A",,"A",,"A"
"20134",2666294,25,0,"1","410","D","09","D",16,"D",,"A",,"A",,"A",,"A"
"20134",2666504,50,0,"1","420","D","09","D",260,"D",,"A",,"A",,"A",,"A"
"20134",2666524,66,0,"2","420","D","08","D",46,"D",,"A",,"A",,"A",,"A"
"20134",2666544,24,0,"1","420","D","10","D",122,"D",,"A",,"A",,"A",,"A"
"20134",2666614,31,0,"1","420","D","08","D",26,"D",,"A",,"A",,"A",,"A"
"20134",2666834,39,0,"1","400","D","10","D",5,"D",,"A",,"A",,"A",,"A"
"20134",2666834,40,0,"1","410","D","09","D",40,"D",,"A",,"A",,"A",,"A"
"20134",2666834,41,0,"1","420","D","10","D",69,"D",,"A",,"A",,"A",,"A"
"20134",2667124,60,0,"1","400","D","08","D",45,"D",,"A",,"A",,"A",,"A"
"20134",2667164,33,0,"1","420","D","10","D",216,"F",,"A",,"A",,"A",,"A"
"20134",2667234,23,0,"1","410","D","10","D",50,"D",,"A",,"A",,"A",,"A"
"20134",2667264,30,0,"2","400","D","08","D",60,"D",,"A",,"A",,"A",,"A"
"20134",2667294,58,0,"1","420","D","09","D",88,"D",,"A",,"A",,"A",,"A"
"20134",2667324,52,0,"1","420","D","09","D",60,"D",,"A",,"A",,"A",,"A"
"20134",2667324,53,0,"1","420","D","09","D",180,"D",,"A",,"A",,"A",,"A"
"20134",2667474,39,0,"1","410","D","08","D",15,"D",,"A",,"A",,"A",,"A"
"20134",2667504,44,0,"1","400","D","10","D",100,"D",,"A",,"A",,"A",,"A"
"20134",2667514,39,0,"2","420","D","08","D",45,"D",,"A",,"A",,"A",,"A"
"20134",2667534,60,0,"1","400","D","09","D",30,"D",,"A",,"A",,"A",,"A"
"20134",2667584,89,0,"1","420","D","08","D",110,"D",,"A",,"A",,"A",,"A"
"20134",2667584,90,0,"1","420","D","08","D",90,"D",,"A",,"A",,"A",,"A"
"20134",2667614,27,0,"1","430","D","10","D",.,"H","405","D","425","D",,"A",,"A"
"20134",2667614,27,1,"1","405","D","10","D",59,"E",,"A",,"A",,"A",,"A"
"20134",2667614,27,2,"1","420","D","10","D",11,"E",,"A",,"A",,"A",,"A"
"20134",2667614,28,0,"1","405","D","10","D",615,"D",,"A",,"A",,"A",,"A"
"20134",2667834,36,0,"1","420","D","08","D",147,"D",,"A",,"A",,"A",,"A"
"20134",2667994,66,0,"1","420","D","10","D",36,"D",,"A",,"A",,"A",,"A"
"20134",2667994,67,0,"2","410","D","08","D",56,"D",,"A",,"A",,"A",,"A"
"20134",2668114,68,0,"1","400","D","09","D",32,"D",,"A",,"A",,"A",,"A"
"20134",2668114,69,0,"1","410","D","09","D",48,"D",,"A",,"A",,"A",,"A"
"20134",2668114,70,0,"2","410","D","08","D",16,"D",,"A",,"A",,"A",,"A"
"20134",2668184,57,0,"1","420","D","09","D",101,"D",,"A",,"A",,"A",,"A"
"20134",2668184,58,0,"1","420","D","09","D",101,"D",,"A",,"A",,"A",,"A"
"20134",2668384,20,0,"1","420","D","10","D",108,"D",,"A",,"A",,"A",,"A"
"20134",2668424,35,0,"1","420","D","10","D",24,"D",,"A",,"A",,"A",,"A"
"20134",2668424,36,0,"1","420","D","10","D",5,"D",,"A",,"A",,"A",,"A"
"20134",2668454,42,0,"1","410","D","10","D",36,"D",,"A",,"A",,"A",,"A"
"20134",2668474,25,0,"1","430","D","09","D",.,"H","410","D","415","D",,"A",,"A"
"20134",2668474,25,1,"1","410","D","09","D",37,"E",,"A",,"A",,"A",,"A"
"20134",2668474,25,2,"1","420","D","09","D",363,"E",,"A",,"A",,"A",,"A"
"20134",2668484,33,0,"2","420","D","08","D",120,"D",,"A",,"A",,"A",,"A"
"20134",2668684,24,0,"2","420","D","08","D",50,"D",,"A",,"A",,"A",,"A"
"20134",2668764,66,0,"1","410","D","10","D",17,"D",,"A",,"A",,"A",,"A"
"20134",2668764,67,0,"1","420","D","09","D",258,"D",,"A",,"A",,"A",,"A"
"20134",2668834,56,0,"1","420","D","10","D",18,"D",,"A",,"A",,"A",,"A"
"20134",2668834,57,0,"2","410","D","08","D",90,"D",,"A",,"A",,"A",,"A"
"20134",2668844,23,0,"1","410","D","08","D",40,"D",,"A",,"A",,"A",,"A"
"20134",2668854,24,0,"1","405","D","08","D",70,"D",,"A",,"A",,"A",,"A"
"20134",2668904,39,0,"1","420","D","08","D",25,"D",,"A",,"A",,"A",,"A"
"20134",2668904,40,0,"1","420","D","10","D",15,"D",,"A",,"A",,"A",,"A"
"20134",2668984,26,0,"1","400","D","08","D",20,"D",,"A",,"A",,"A",,"A"
"20134",2669124,33,0,"2","420","D","09","D",64,"D",,"A",,"A",,"A",,"A"
"20134",2669134,24,0,"1","420","D","09","D",101,"D",,"A",,"A",,"A",,"A"
"20134",2669184,30,0,"1","410","D","10","D",15,"D",,"A",,"A",,"A",,"A"
"20134",2669184,31,0,"1","420","D","10","D",149,"D",,"A",,"A",,"A",,"A"
"20134",2669214,42,0,"1","430","D","11","D",.,"H","410","D","415","D",,"A",,"A"
"20134",2669214,42,1,"1","410","D","11","D",12,"E",,"A",,"A",,"A",,"A"
"20134",2669214,42,2,"1","420","D","11","D",38,"E",,"A",,"A",,"A",,"A"
"20134",2669214,43,0,"1","410","D","11","D",28,"D",,"A",,"A",,"A",,"A"
"20134",2669224,20,0,"1","420","D","09","D",89,"D",,"A",,"A",,"A",,"A"
"20134",2669354,17,0,"1","400","D","10","D",65,"D",,"A",,"A",,"A",,"A"
"20134",2669594,27,0,"1","420","D","11","D",67,"D",,"A",,"A",,"A",,"A"
"20134",2669634,29,0,"1","430","D","10","D",.,"H","405","D","415","D",,"A",,"A"
"20134",2669634,29,1,"1","405","D","10","D",178,"E",,"A",,"A",,"A",,"A"
"20134",2669634,29,2,"1","420","D","10","D",67,"E",,"A",,"A",,"A",,"A"
"20134",2669674,30,0,"1","410","D","10","D",60,"D",,"A",,"A",,"A",,"A"
"20134",2669674,31,0,"1","420","D","10","D",100,"D",,"A",,"A",,"A",,"A"
"20134",2669694,44,0,"1","420","D","10","D",110,"D",,"A",,"A",,"A",,"A"
"20134",2669694,45,0,"1","420","D","11","D",139,"D",,"A",,"A",,"A",,"A"
"20134",2669794,50,0,"1","420","D","09","D",78,"D",,"A",,"A",,"A",,"A"
"20134",2669794,51,0,"2","420","D","09","D",78,"D",,"A",,"A",,"A",,"A"
"20134",2669814,29,0,"1","420","D","10","D",100,"D",,"A",,"A",,"A",,"A"
"20134",2669834,69,0,"1","420","D","11","D",100,"D",,"A",,"A",,"A",,"A"
"20134",2669904,37,0,"1","420","D","10","D",108,"D",,"A",,"A",,"A",,"A"
"20134",2670104,80,0,"1","420","D","10","D",46,"D",,"A",,"A",,"A",,"A"
"20134",2670134,18,0,"1","420","D","10","D",31,"D",,"A",,"A",,"A",,"A"
"20134",2670134,19,0,"1","400","D","10","D",30,"D",,"A",,"A",,"A",,"A"
"20134",2670134,20,0,"1","420","D","10","D",71,"D",,"A",,"A",,"A",,"A"
"20134",2670354,41,0,"1","420","D","10","D",150,"D",,"A",,"A",,"A",,"A"
"20134",2670364,19,0,"1","410","D","11","D",37,"D",,"A",,"A",,"A",,"A"
"20134",2670834,43,0,"1","420","D","10","D",545,"D",,"A",,"A",,"A",,"A"
"20134",2670844,53,0,"1","420","D","11","D",232,"D",,"A",,"A",,"A",,"A"
"20134",2670854,17,0,"1","420","D","10","D",90,"D",,"A",,"A",,"A",,"A"
"20134",2670924,38,0,"2","420","D","09","D",131,"D",,"A",,"A",,"A",,"A"
"20134",2670974,69,0,"1","430","D","10","D",.,"H","415","D","400","D",,"A",,"A"
"20134",2670974,69,1,"1","420","D","10","D",72,"E",,"A",,"A",,"A",,"A"
"20134",2670974,69,2,"1","400","D","10","D",13,"E",,"A",,"A",,"A",,"A"
"20134",2670984,24,0,"1","405","D","10","D",766,"D",,"A",,"A",,"A",,"A"
"20134",2670984,25,0,"1","420","D","10","D",55,"D",,"A",,"A",,"A",,"A"
"20134",2670984,26,0,"2","410","D","09","D",13,"D",,"A",,"A",,"A",,"A"
"20134",2671254,39,0,"1","420","D","09","D",41,"D",,"A",,"A",,"A",,"A"
"20134",2671354,48,0,"1","400","D","11","D",21,"D",,"A",,"A",,"A",,"A"
"20134",2671354,49,0,"1","420","D","11","D",30,"D",,"A",,"A",,"A",,"A"
"20134",2671524,32,0,"1","420","D","11","D",36,"D",,"A",,"A",,"A",,"A"
"20134",2671544,48,0,"2","420","D","09","D",345,"D",,"A",,"A",,"A",,"A"
"20134",2671584,65,0,"1","410","D","10","D",16,"D",,"A",,"A",,"A",,"A"
"20134",2671584,66,0,"1","405","D","10","D",295,"D",,"A",,"A",,"A",,"A"
"20134",2671634,64,0,"1","420","D","09","D",40,"D",,"A",,"A",,"A",,"A"
"20134",2671704,47,0,"2","420","D","09","D",101,"D",,"A",,"A",,"A",,"A"
"20134",2671834,43,0,"1","420","D","10","D",25,"D",,"A",,"A",,"A",,"A"
"20134",2671844,27,0,"1","420","D","10","D",366,"D",,"A",,"A",,"A",,"A"
"20134",2671844,28,0,"1","400","D","11","D",20,"D",,"A",,"A",,"A",,"A"
"20134",2671914,40,0,"1","420","D","10","D",59,"D",,"A",,"A",,"A",,"A"
"20134",2672014,29,0,"1","410","D","11","D",40,"D",,"A",,"A",,"A",,"A"
"20134",2672014,30,0,"1","420","D","11","D",69,"D",,"A",,"A",,"A",,"A"
"20134",2672064,36,0,"1","420","D","11","D",50,"D",,"A",,"A",,"A",,"A"
"20134",2672074,47,0,"1","400","D","11","D",5,"D",,"A",,"A",,"A",,"A"
"20134",2672074,48,0,"1","410","D","11","D",55,"D",,"A",,"A",,"A",,"A"
"20134",2672074,49,0,"1","420","D","11","D",130,"D",,"A",,"A",,"A",,"A"
"20134",2672074,50,0,"1","420","D","10","D",26,"D",,"A",,"A",,"A",,"A"
"20134",2672174,70,0,"2","400","D","09","D",10,"D",,"A",,"A",,"A",,"A"
"20134",2672174,71,0,"2","420","D","09","D",111,"D",,"A",,"A",,"A",,"A"
"20134",2672204,34,0,"1","400","D","11","D",24,"D",,"A",,"A",,"A",,"A"
"20134",2672204,35,0,"1","420","D","11","D",64,"D",,"A",,"A",,"A",,"A"
"20134",2672294,33,0,"2","420","D","09","D",36,"D",,"A",,"A",,"A",,"A"
"20134",2672424,49,0,"1","430","D","11","D",.,"H","415","D","410","D",,"A",,"A"
"20134",2672424,49,1,"1","420","D","11","D",78,"E",,"A",,"A",,"A",,"A"
"20134",2672424,49,2,"1","410","D","11","D",32,"E",,"A",,"A",,"A",,"A"
"20134",2672454,31,0,"1","420","D","10","D",150,"D",,"A",,"A",,"A",,"A"
"20134",2672524,56,0,"1","420","D","09","D",200,"D",,"A",,"A",,"A",,"A"
"20134",2672534,38,0,"1","420","D","11","D",120,"D",,"A",,"A",,"A",,"A"
"20134",2672714,34,0,"1","400","D","09","D",25,"D",,"A",,"A",,"A",,"A"
"20134",2672764,79,0,"1","400","D","11","D",40,"D",,"A",,"A",,"A",,"A"
"20134",2672764,80,0,"1","410","D","09","D",78,"D",,"A",,"A",,"A",,"A"
"20134",2672764,81,0,"1","420","D","09","D",30,"D",,"A",,"A",,"A",,"A"
"20134",2672994,50,0,"1","420","D","11","D",45,"D",,"A",,"A",,"A",,"A"
"20134",2673134,51,0,"1","420","D","11","D",72,"D",,"A",,"A",,"A",,"A"
"20134",2673134,52,0,"1","410","D","10","D",90,"D",,"A",,"A",,"A",,"A"
"20134",2673164,28,0,"1","410","D","11","D",18,"D",,"A",,"A",,"A",,"A"
"20134",2673174,32,0,"2","400","D","09","D",18,"D",,"A",,"A",,"A",,"A"
"20134",2673284,38,0,"1","400","D","11","D",42,"D",,"A",,"A",,"A",,"A"
"20134",2673284,39,0,"1","410","D","11","D",16,"D",,"A",,"A",,"A",,"A"
"20134",2673284,40,0,"1","420","D","11","D",30,"D",,"A",,"A",,"A",,"A"
"20134",2673334,39,0,"1","410","D","09","D",40,"D",,"A",,"A",,"A",,"A"
"20134",2673334,40,0,"1","420","D","09","D",64,"D",,"A",,"A",,"A",,"A"
"20134",2673394,78,0,"1","410","D","11","D",35,"D",,"A",,"A",,"A",,"A"
"20134",2673494,29,0,"1","410","D","10","D",13,"D",,"A",,"A",,"A",,"A"
"20134",2673544,51,0,"1","420","D","09","D",170,"D",,"A",,"A",,"A",,"A"
"20134",2673584,35,0,"1","420","D","09","D",75,"D",,"A",,"A",,"A",,"A"
"20134",2673584,36,0,"1","405","D","09","D",216,"D",,"A",,"A",,"A",,"A"
"20134",2673834,40,0,"1","420","D","11","D",24,"D",,"A",,"A",,"A",,"A"
"20134",2673884,40,0,"1","410","D","10","D",76,"D",,"A",,"A",,"A",,"A"
"20134",2673884,41,0,"1","420","D","10","D",65,"D",,"A",,"A",,"A",,"A"
"20134",2673904,67,0,"1","400","D","09","D",20,"D",,"A",,"A",,"A",,"A"
"20134",2673904,68,0,"1","420","D","11","D",149,"D",,"A",,"A",,"A",,"A"
"20134",2673984,45,0,"1","410","D","10","D",18,"D",,"A",,"A",,"A",,"A"
"20134",2674024,29,0,"1","420","D","09","D",35,"D",,"A",,"A",,"A",,"A"
"20134",2674274,12,0,"2","410","D","09","D",5,"D",,"A",,"A",,"A",,"A"
"20134",2674484,35,0,"1","420","D","10","D",90,"D",,"A",,"A",,"A",,"A"
"20134",2674594,69,0,"1","400","D","10","D",32,"D",,"A",,"A",,"A",,"A"
"20134",2674634,47,0,"1","405","D","09","D",680,"D",,"A",,"A",,"A",,"A"
"20134",2674644,51,0,"1","420","D","10","D",428,"D",,"A",,"A",,"A",,"A"
"20134",2674774,25,0,"1","420","D","09","D",195,"D",,"A",,"A",,"A",,"A"
"20134",2674924,39,0,"1","420","D","11","D",78,"D",,"A",,"A",,"A",,"A"
"20134",2675064,48,0,"1","400","D","11","D",140,"D",,"A",,"A",,"A",,"A"
"20134",2675124,41,0,"1","420","D","10","D",625,"D",,"A",,"A",,"A",,"A"
"20134",2675184,46,0,"1","420","D","10","D",120,"D",,"A",,"A",,"A",,"A"
"20134",2675204,38,0,"1","410","D","11","D",33,"D",,"A",,"A",,"A",,"A"
"20134",2675204,39,0,"1","420","D","11","D",110,"D",,"A",,"A",,"A",,"A"
"20134",2675214,24,0,"1","420","D","11","D",75,"D",,"A",,"A",,"A",,"A"
"20134",2675354,19,0,"1","400","D","11","D",60,"D",,"A",,"A",,"A",,"A"
"20134",2675434,38,0,"1","410","D","11","D",33,"D",,"A",,"A",,"A",,"A"
"20134",2675434,39,0,"1","420","D","11","D",65,"D",,"A",,"A",,"A",,"A"
"20134",2675514,45,0,"1","420","D","11","D",75,"D",,"A",,"A",,"A",,"A"
"20134",2675634,50,0,"1","400","D","10","D",29,"D",,"A",,"A",,"A",,"A"
"20134",2675724,35,0,"1","400","D","11","D",20,"D",,"A",,"A",,"A",,"A"
"20134",2675924,42,0,"2","410","D","09","D",32,"D",,"A",,"A",,"A",,"A"
"20134",2676024,112,0,"1","420","D","11","D",87,"D",,"A",,"A",,"A",,"A"
"20134",2676144,54,0,"1","420","D","11","D",149,"F",,"A",,"A",,"A",,"A"
"20134",2676364,22,0,"1","410","D","11","D",17,"D",,"A",,"A",,"A",,"A"
"20134",2676364,23,0,"1","420","D","11","D",62,"D",,"A",,"A",,"A",,"A"
"20134",2676394,48,0,"1","400","D","09","D",32,"D",,"A",,"A",,"A",,"A"
"20134",2676444,32,0,"2","420","D","09","D",75,"D",,"A",,"A",,"A",,"A"
"20134",2676474,82,0,"1","430","D","11","D",.,"H","425","D","405","D","415","D",,"A"
"20134",2676474,82,1,"1","405","D","11","D",48,"E",,"A",,"A",,"A",,"A"
"20134",2676474,82,2,"1","420","D","11","D",26,"E",,"A",,"A",,"A",,"A"
"20134",2676624,40,0,"1","420","D","09","D",50,"D",,"A",,"A",,"A",,"A"
"20134",2676624,41,0,"1","405","D","10","D",250,"D",,"A",,"A",,"A",,"A"
"20134",2676724,21,0,"1","420","D","11","D",95,"D",,"A",,"A",,"A",,"A"
"20134",2676764,51,0,"2","400","D","09","D",40,"D",,"A",,"A",,"A",,"A"
"20134",2676844,32,0,"1","410","D","11","D",45,"D",,"A",,"A",,"A",,"A"
"20134",2676894,25,0,"1","400","D","11","D",16,"D",,"A",,"A",,"A",,"A"
"20134",2677004,55,0,"1","420","D","09","D",90,"D",,"A",,"A",,"A",,"A"
"20134",2677164,29,0,"1","420","D","11","D",160,"D",,"A",,"A",,"A",,"A"
"20134",2677164,30,0,"2","420","D","09","D",189,"D",,"A",,"A",,"A",,"A"
"20134",2677354,77,0,"2","410","D","09","D",40,"D",,"A",,"A",,"A",,"A"
"20134",2677474,48,0,"1","400","D","11","D",40,"D",,"A",,"A",,"A",,"A"
"20134",2677484,35,0,"2","420","D","09","D",60,"D",,"A",,"A",,"A",,"A"
"20134",2677754,86,0,"1","430","D","10","D",.,"H","425","D","405","D","415","D",,"A"
"20134",2677754,86,1,"1","420","D","10","D",98,"F",,"A",,"A",,"A",,"A"
"20134",2677754,86,2,"1","405","D","10","D",254,"F",,"A",,"A",,"A",,"A"
"20134",2677754,86,3,"1","420","D","10","D",109,"F",,"A",,"A",,"A",,"A"
"20134",2677874,35,0,"1","400","D","11","D",25,"D",,"A",,"A",,"A",,"A"
"20134",2677874,36,0,"1","420","D","11","D",100,"D",,"A",,"A",,"A",,"A"
"20134",2677904,64,0,"1","420","D","10","D",300,"D",,"A",,"A",,"A",,"A"
"20134",2677904,65,0,"1","420","D","10","D",150,"D",,"A",,"A",,"A",,"A"
"20134",2677904,66,0,"1","420","D","11","D",75,"D",,"A",,"A",,"A",,"A"
"20134",2677904,67,0,"2","420","D","09","D",75,"D",,"A",,"A",,"A",,"A"
"20134",2677934,22,0,"1","400","D","09","D",30,"D",,"A",,"A",,"A",,"A"
"20134",2677974,85,0,"1","420","D","10","D",86,"D",,"A",,"A",,"A",,"A"
"20134",2678164,21,0,"1","420","D","10","D",50,"D",,"A",,"A",,"A",,"A"
"20134",2678244,66,0,"1","400","D","10","D",100,"D",,"A",,"A",,"A",,"A"
"20134",2678254,28,0,"1","420","D","09","D",125,"D",,"A",,"A",,"A",,"A"
"20134",2678354,60,0,"1","420","D","10","D",25,"D",,"A",,"A",,"A",,"A"
"20134",2678514,31,0,"1","400","D","11","D",25,"D",,"A",,"A",,"A",,"A"
"20134",2678514,32,0,"1","420","D","11","D",65,"D",,"A",,"A",,"A",,"A"
"20134",2678604,55,0,"1","400","D","09","D",27,"D",,"A",,"A",,"A",,"A"
"20134",2678604,56,0,"1","410","D","09","D",1,"D",,"A",,"A",,"A",,"A"
"20134",2678614,64,0,"1","400","D","10","D",35,"D",,"A",,"A",,"A",,"A"
"20134",2678614,65,0,"1","420","D","11","D",255,"D",,"A",,"A",,"A",,"A"
"20134",2678654,48,0,"1","420","D","09","D",48,"D",,"A",,"A",,"A",,"A"
"20134",2678674,39,0,"1","420","D","11","D",66,"D",,"A",,"A",,"A",,"A"
"20134",2678724,34,0,"1","420","D","11","D",54,"D",,"A",,"A",,"A",,"A"
"20134",2678784,29,0,"1","420","D","11","D",75,"D",,"A",,"A",,"A",,"A"
"20134",2678794,62,0,"1","420","D","10","D",48,"D",,"A",,"A",,"A",,"A"
"20134",2678894,30,0,"2","410","D","09","D",10,"D",,"A",,"A",,"A",,"A"
"20134",2678904,44,0,"1","410","D","11","D",45,"D",,"A",,"A",,"A",,"A"
"20134",2679074,38,0,"1","400","D","11","D",30,"D",,"A",,"A",,"A",,"A"
"20134",2679104,24,0,"1","420","D","10","D",87,"D",,"A",,"A",,"A",,"A"
"20134",2679194,54,0,"2","420","D","09","D",129,"D",,"A",,"A",,"A",,"A"
"20134",2679214,30,0,"1","420","D","10","D",102,"D",,"A",,"A",,"A",,"A"
"20134",2679274,40,0,"1","420","D","11","D",50,"D",,"A",,"A",,"A",,"A"
"20134",2679274,41,0,"1","420","D","10","D",50,"D",,"A",,"A",,"A",,"A"
"20134",2679314,22,0,"1","400","D","09","D",25,"D",,"A",,"A",,"A",,"A"
"20134",2679334,39,0,"1","420","D","11","D",350,"D",,"A",,"A",,"A",,"A"
"20134",2679394,61,0,"1","410","D","10","D",20,"D",,"A",,"A",,"A",,"A"
"20134",2679444,69,0,"1","420","D","10","D",86,"D",,"A",,"A",,"A",,"A"
"20134",2679454,24,0,"1","420","D","10","D",120,"D",,"A",,"A",,"A",,"A"
"20134",2679504,43,0,"1","420","D","11","D",183,"D",,"A",,"A",,"A",,"A"
"20134",2679594,63,0,"1","420","D","11","D",76,"D",,"A",,"A",,"A",,"A"
"20134",2679694,34,0,"1","420","D","11","D",400,"D",,"A",,"A",,"A",,"A"
"20134",2679704,39,0,"1","420","D","09","D",72,"D",,"A",,"A",,"A",,"A"
"20134",2679774,32,0,"1","420","D","11","D",100,"D",,"A",,"A",,"A",,"A"
"20134",2679804,61,0,"1","420","D","10","D",5,"D",,"A",,"A",,"A",,"A"
"20134",2679984,33,0,"2","410","D","09","D",15,"D",,"A",,"A",,"A",,"A"
"20134",2679984,34,0,"2","410","D","09","D",15,"D",,"A",,"A",,"A",,"A"
"20134",2679994,45,0,"1","400","D","10","D",30,"D",,"A",,"A",,"A",,"A"
"20134",2680024,17,0,"1","420","D","11","D",75,"D",,"A",,"A",,"A",,"A"
"20134",2680034,48,0,"2","400","D","09","D",50,"D",,"A",,"A",,"A",,"A"
"20134",2680034,49,0,"2","410","D","09","D",86,"D",,"A",,"A",,"A",,"A"
"20134",2680034,50,0,"2","420","D","09","D",239,"D",,"A",,"A",,"A",,"A"
"20134",2680034,51,0,"2","420","D","09","D",29,"D",,"A",,"A",,"A",,"A"
"20134",2680283,56,0,"1","420","D","09","D",1055,"D",,"A",,"A",,"A",,"A"
"20134",2680363,38,0,"2","420","D","07","D",60,"D",,"A",,"A",,"A",,"A"
"20134",2680363,39,0,"2","400","D","07","D",23,"D",,"A",,"A",,"A",,"A"
"20134",2680593,28,0,"1","420","D","07","D",150,"D",,"A",,"A",,"A",,"A"
"20134",2680673,25,0,"1","420","D","08","D",245,"D",,"A",,"A",,"A",,"A"
"20134",2680803,25,0,"1","405","D","07","D",54,"D",,"A",,"A",,"A",,"A"
"20134",2680903,60,0,"1","430","D","07","D",.,"H","425","D","415","D",,"A",,"A"
"20134",2680903,60,1,"1","420","D","07","D",17,"E",,"A",,"A",,"A",,"A"
"20134",2680903,60,2,"1","420","D","07","D",32,"E",,"A",,"A",,"A",,"A"
"20134",2680933,29,0,"1","410","D","08","D",15,"D",,"A",,"A",,"A",,"A"
"20134",2680933,30,0,"1","420","D","08","D",65,"D",,"A",,"A",,"A",,"A"
"20134",2680943,73,0,"1","400","D","08","D",30,"D",,"A",,"A",,"A",,"A"
"20134",2680943,74,0,"1","420","D","07","D",187,"D",,"A",,"A",,"A",,"A"
"20134",2681203,27,0,"1","420","D","09","D",120,"D",,"A",,"A",,"A",,"A"
"20134",2681553,66,0,"1","410","D","07","D",39,"D",,"A",,"A",,"A",,"A"
"20134",2681553,67,0,"1","410","D","09","D",39,"D",,"A",,"A",,"A",,"A"
"20134",2681553,68,0,"1","420","D","07","D",43,"D",,"A",,"A",,"A",,"A"
"20134",2681553,69,0,"1","420","D","09","D",55,"D",,"A",,"A",,"A",,"A"
"20134",2681553,70,0,"1","420","D","07","D",853,"D",,"A",,"A",,"A",,"A"
"20134",2681553,71,0,"1","420","D","09","D",296,"D",,"A",,"A",,"A",,"A"
"20134",2681623,33,0,"1","420","D","07","D",55,"D",,"A",,"A",,"A",,"A"
"20134",2681653,47,0,"1","410","D","09","D",250,"D",,"A",,"A",,"A",,"A"
"20134",2681673,28,0,"1","410","D","07","D",37,"D",,"A",,"A",,"A",,"A"
"20134",2681673,29,0,"1","420","D","09","D",176,"D",,"A",,"A",,"A",,"A"
"20134",2681693,29,0,"1","420","D","09","D",130,"D",,"A",,"A",,"A",,"A"
"20134",2681693,30,0,"1","420","D","09","D",160,"D",,"A",,"A",,"A",,"A"
"20134",2681733,37,0,"1","420","D","07","D",70,"D",,"A",,"A",,"A",,"A"
"20134",2681783,37,0,"1","405","D","09","D",750,"D",,"A",,"A",,"A",,"A"
"20134",2681823,19,0,"1","420","D","07","D",67,"D",,"A",,"A",,"A",,"A"
"20134",2681863,37,0,"1","400","D","07","D",12,"D",,"A",,"A",,"A",,"A"
"20134",2681863,38,0,"2","400","D","07","D",12,"D",,"A",,"A",,"A",,"A"
"20134",2681993,27,0,"1","400","D","08","D",10,"D",,"A",,"A",,"A",,"A"
"20134",2682033,32,0,"1","420","D","08","D",160,"D",,"A",,"A",,"A",,"A"
"20134",2682053,37,0,"2","405","D","07","D",203,"D",,"A",,"A",,"A",,"A"
"20134",2682163,57,0,"1","420","D","09","D",180,"D",,"A",,"A",,"A",,"A"
"20134",2682223,45,0,"1","420","D","07","D",20,"D",,"A",,"A",,"A",,"A"
"20134",2682223,46,0,"1","405","D","07","D",55,"D",,"A",,"A",,"A",,"A"
"20134",2682233,45,0,"1","410","D","09","D",28,"D",,"A",,"A",,"A",,"A"
"20134",2682233,46,0,"1","420","D","09","D",65,"D",,"A",,"A",,"A",,"A"
"20134",2682233,47,0,"2","410","D","07","D",27,"D",,"A",,"A",,"A",,"A"
"20134",2682233,48,0,"2","420","D","07","D",65,"D",,"A",,"A",,"A",,"A"
"20134",2682253,18,0,"1","420","D","07","D",65,"D",,"A",,"A",,"A",,"A"
"20134",2682323,39,0,"1","420","D","09","D",126,"D",,"A",,"A",,"A",,"A"
"20134",2682463,44,0,"1","400","D","08","D",47,"D",,"A",,"A",,"A",,"A"
"20134",2682643,22,0,"1","420","D","08","D",130,"D",,"A",,"A",,"A",,"A"
"20134",2682743,28,0,"1","420","D","07","D",300,"D",,"A",,"A",,"A",,"A"
"20134",2682753,16,0,"1","420","D","09","D",100,"D",,"A",,"A",,"A",,"A"
"20134",2682803,45,0,"1","420","D","07","D",35,"D",,"A",,"A",,"A",,"A"
"20134",2682893,56,0,"1","420","D","08","D",50,"D",,"A",,"A",,"A",,"A"
"20134",2682983,45,0,"2","430","D","07","D",.,"H","410","D","415","D",,"A",,"A"
"20134",2682983,45,1,"2","410","D","07","D",41,"E",,"A",,"A",,"A",,"A"
"20134",2682983,45,2,"2","420","D","07","D",99,"E",,"A",,"A",,"A",,"A"
"20134",2683213,21,0,"1","410","D","08","D",21,"D",,"A",,"A",,"A",,"A"
"20134",2683213,22,0,"1","420","D","08","D",150,"D",,"A",,"A",,"A",,"A"
"20134",2683213,23,0,"1","405","D","08","D",15,"D",,"A",,"A",,"A",,"A"
"20134",2683233,52,0,"1","420","D","08","D",75,"D",,"A",,"A",,"A",,"A"
"20134",2683353,72,0,"1","420","D","08","D",500,"D",,"A",,"A",,"A",,"A"
"20134",2683433,64,0,"1","400","D","08","D",35,"D",,"A",,"A",,"A",,"A"
"20134",2683473,37,0,"2","405","D","07","D",75,"D",,"A",,"A",,"A",,"A"
"20134",2683633,57,0,"1","400","D","09","D",15,"D",,"A",,"A",,"A",,"A"
"20134",2683813,42,0,"2","420","D","07","D",20,"D",,"A",,"A",,"A",,"A"
"20134",2683853,64,0,"1","420","D","09","D",340,"D",,"A",,"A",,"A",,"A"
"20134",2683963,30,0,"1","420","D","08","D",150,"D",,"A",,"A",,"A",,"A"
"20134",2684123,19,0,"1","400","D","08","D",65,"D",,"A",,"A",,"A",,"A"
"20134",2684123,20,0,"1","410","D","08","D",20,"D",,"A",,"A",,"A",,"A"
"20134",2684183,39,0,"1","410","D","08","D",40,"F",,"A",,"A",,"A",,"A"
"20134",2684193,24,0,"1","400","D","09","D",62,"D",,"A",,"A",,"A",,"A"
"20134",2684273,37,0,"1","420","D","07","D",105,"D",,"A",,"A",,"A",,"A"
"20134",2684273,38,0,"1","420","D","07","D",85,"D",,"A",,"A",,"A",,"A"
"20134",2684273,39,0,"1","400","D","07","D",30,"D",,"A",,"A",,"A",,"A"
"20134",2684333,58,0,"1","420","D","08","D",160,"D",,"A",,"A",,"A",,"A"
"20134",2684333,59,0,"1","420","D","07","D",750,"D",,"A",,"A",,"A",,"A"
"20134",2684353,36,0,"2","420","D","07","D",75,"D",,"A",,"A",,"A",,"A"
"20134",2684423,36,0,"1","430","D","08","D",.,"H","415","D","410","D",,"A",,"A"
"20134",2684423,36,1,"1","420","D","08","D",97,"E",,"A",,"A",,"A",,"A"
"20134",2684423,36,2,"1","410","D","08","D",18,"E",,"A",,"A",,"A",,"A"
"20134",2684493,66,0,"2","420","D","07","D",75,"D",,"A",,"A",,"A",,"A"
"20134",2684723,25,0,"1","420","D","09","D",160,"D",,"A",,"A",,"A",,"A"
"20134",2684753,26,0,"1","420","D","09","D",27,"D",,"A",,"A",,"A",,"A"
"20134",2685013,100,0,"1","420","D","07","D",47,"D",,"A",,"A",,"A",,"A"
"20134",2685063,44,0,"1","420","D","08","D",280,"D",,"A",,"A",,"A",,"A"
"20134",2685123,28,0,"1","420","D","07","D",55,"D",,"A",,"A",,"A",,"A"
"20134",2685143,50,0,"1","420","D","09","D",69,"D",,"A",,"A",,"A",,"A"
"20134",2685183,24,0,"2","420","D","07","D",56,"D",,"A",,"A",,"A",,"A"
"20134",2685183,25,0,"2","410","D","07","D",27,"D",,"A",,"A",,"A",,"A"
"20134",2685233,35,0,"1","420","D","08","D",40,"D",,"A",,"A",,"A",,"A"
"20134",2685383,31,0,"2","420","D","07","D",66,"D",,"A",,"A",,"A",,"A"
"20134",2685643,53,0,"2","430","D","07","D",.,"H","405","D","415","D",,"A",,"A"
"20134",2685643,53,1,"2","405","D","07","D",30,"E",,"A",,"A",,"A",,"A"
"20134",2685643,53,2,"2","420","D","07","D",11,"E",,"A",,"A",,"A",,"A"
"20134",2685903,39,0,"1","420","D","09","D",57,"D",,"A",,"A",,"A",,"A"
"20134",2685973,43,0,"1","430","D","07","D",.,"H","405","D","415","D",,"A",,"A"
"20134",2685973,43,1,"1","420","D","07","D",816,"E",,"A",,"A",,"A",,"A"
"20134",2686173,31,0,"1","420","D","09","D",40,"D",,"A",,"A",,"A",,"A"
"20134",2686203,23,0,"1","420","D","08","D",70,"D",,"A",,"A",,"A",,"A"
"20134",2686273,36,0,"1","420","D","08","D",300,"D",,"A",,"A",,"A",,"A"
"20134",2686273,37,0,"1","420","D","08","D",75,"D",,"A",,"A",,"A",,"A"
"20134",2686293,49,0,"1","420","D","08","D",150,"D",,"A",,"A",,"A",,"A"
"20134",2686413,33,0,"1","430","D","09","D",.,"H","410","D","415","D",,"A",,"A"
"20134",2686413,33,1,"1","410","D","09","D",43,"E",,"A",,"A",,"A",,"A"
"20134",2686413,33,2,"1","420","D","09","D",117,"E",,"A",,"A",,"A",,"A"
"20134",2686493,36,0,"1","400","D","09","D",28,"D",,"A",,"A",,"A",,"A"
"20134",2686793,42,0,"2","420","D","07","D",95,"D",,"A",,"A",,"A",,"A"
"20134",2686813,32,0,"1","400","D","09","D",35,"D",,"A",,"A",,"A",,"A"
"20134",2686853,44,0,"2","410","D","07","D",20,"D",,"A",,"A",,"A",,"A"
"20134",2686893,25,0,"2","400","D","07","D",25,"D",,"A",,"A",,"A",,"A"
"20134",2686913,33,0,"1","410","D","09","D",16,"D",,"A",,"A",,"A",,"A"
"20134",2686963,25,0,"1","420","D","08","D",200,"D",,"A",,"A",,"A",,"A"
"20134",2687243,19,0,"2","420","D","07","D",75,"D",,"A",,"A",,"A",,"A"
"20134",2687293,27,0,"1","420","D","09","D",37,"D",,"A",,"A",,"A",,"A"
"20134",2687353,48,0,"1","430","D","09","D",.,"H","410","D","405","D",,"A",,"A"
"20134",2687353,48,1,"1","410","D","09","D",14,"E",,"A",,"A",,"A",,"A"
"20134",2687353,48,2,"1","405","D","09","D",144,"E",,"A",,"A",,"A",,"A"
"20134",2687473,48,0,"1","420","D","07","D",100,"D",,"A",,"A",,"A",,"A"
"20134",2687653,22,0,"2","410","D","07","D",16,"D",,"A",,"A",,"A",,"A"
"20134",2687753,30,0,"1","430","D","08","D",.,"H","405","D","415","D",,"A",,"A"
"20134",2687753,30,1,"1","405","D","08","D",47,"E",,"A",,"A",,"A",,"A"
"20134",2687753,30,2,"1","420","D","08","D",193,"E",,"A",,"A",,"A",,"A"
"20134",2687783,25,0,"1","410","D","08","D",20,"D",,"A",,"A",,"A",,"A"
"20134",2687803,27,0,"1","400","D","07","D",11,"D",,"A",,"A",,"A",,"A"
"20134",2687853,27,0,"1","410","D","07","D",70,"D",,"A",,"A",,"A",,"A"
"20134",2687913,24,0,"1","410","D","08","D",14,"D",,"A",,"A",,"A",,"A"
"20134",2687913,25,0,"1","420","D","08","D",220,"D",,"A",,"A",,"A",,"A"
"20134",2687993,35,0,"1","400","D","09","D",34,"D",,"A",,"A",,"A",,"A"
"20134",2688123,43,0,"1","400","D","09","D",31,"D",,"A",,"A",,"A",,"A"
"20134",2688123,44,0,"2","420","D","07","D",37,"D",,"A",,"A",,"A",,"A"
"20134",2688173,26,0,"1","430","D","08","D",.,"H","425","D","415","D",,"A",,"A"
"20134",2688173,26,1,"1","420","D","08","D",18,"E",,"A",,"A",,"A",,"A"
"20134",2688173,26,2,"1","420","D","08","D",33,"E",,"A",,"A",,"A",,"A"
"20134",2688173,27,0,"1","400","D","08","D",25,"D",,"A",,"A",,"A",,"A"
"20134",2688263,21,0,"1","430","D","08","D",.,"H","425","D","405","D","415","D",,"A"
"20134",2688263,21,1,"1","420","D","08","D",271,"E",,"A",,"A",,"A",,"A"
"20134",2688263,21,2,"1","420","D","08","D",279,"E",,"A",,"A",,"A",,"A"
"20134",2688283,22,0,"1","410","D","08","D",35,"D",,"A",,"A",,"A",,"A"
"20134",2688373,47,0,"1","420","D","09","D",130,"D",,"A",,"A",,"A",,"A"
"20134",2688503,39,0,"1","420","D","08","D",89,"D",,"A",,"A",,"A",,"A"
"20134",2688503,40,0,"1","410","D","09","D",20,"D",,"A",,"A",,"A",,"A"
"20134",2688683,54,0,"1","410","D","09","D",20,"D",,"A",,"A",,"A",,"A"
"20134",2688753,32,0,"1","420","D","09","D",110,"D",,"A",,"A",,"A",,"A"
"20134",2688773,23,0,"1","420","D","08","D",75,"D",,"A",,"A",,"A",,"A"
"20134",2688823,31,0,"1","410","D","08","D",12,"D",,"A",,"A",,"A",,"A"
"20134",2689153,35,0,"1","400","D","08","D",48,"D",,"A",,"A",,"A",,"A"
"20134",2689213,30,0,"1","420","D","07","D",135,"D",,"A",,"A",,"A",,"A"
"20134",2689273,20,0,"1","420","D","07","D",90,"D",,"A",,"A",,"A",,"A"
"20134",2689283,51,0,"2","410","D","07","D",28,"D",,"A",,"A",,"A",,"A"
"20134",2689283,52,0,"2","420","D","07","D",58,"D",,"A",,"A",,"A",,"A"
"20134",2689463,21,0,"1","405","D","09","D",540,"F",,"A",,"A",,"A",,"A"
"20134",2689543,38,0,"1","400","D","08","D",25,"D",,"A",,"A",,"A",,"A"
"20134",2689563,23,0,"1","420","D","08","D",101,"D",,"A",,"A",,"A",,"A"
"20134",2689593,31,0,"1","420","D","09","D",45,"D",,"A",,"A",,"A",,"A"
"20134",2689865,51,0,"2","420","D","07","D",76,"D",,"A",,"A",,"A",,"A"
"20134",2689893,30,0,"1","420","D","08","D",60,"D",,"A",,"A",,"A",,"A"
"20134",2690293,55,0,"1","420","D","09","D",100,"D",,"A",,"A",,"A",,"A"
"20134",2690333,32,0,"1","400","D","07","D",127,"D",,"A",,"A",,"A",,"A"
"20134",2690343,29,0,"1","420","D","07","D",146,"D",,"A",,"A",,"A",,"A"
"20134",2690373,25,0,"1","430","D","09","D",.,"H","425","D","415","D",,"A",,"A"
"20134",2690373,25,1,"1","420","D","09","D",163,"E",,"A",,"A",,"A",,"A"
"20134",2690373,25,2,"1","420","D","09","D",197,"E",,"A",,"A",,"A",,"A"
"20134",2690433,59,0,"1","400","D","07","D",26,"D",,"A",,"A",,"A",,"A"
"20134",2690553,48,0,"2","420","D","07","D",117,"D",,"A",,"A",,"A",,"A"
"20134",2690553,49,0,"2","420","D","07","D",159,"D",,"A",,"A",,"A",,"A"
"20134",2690623,46,0,"1","400","D","08","D",30,"D",,"A",,"A",,"A",,"A"
"20134",2690623,47,0,"1","420","D","09","D",54,"D",,"A",,"A",,"A",,"A"
"20134",2690863,31,0,"1","420","D","08","D",78,"D",,"A",,"A",,"A",,"A"
"20134",2690903,59,0,"1","420","D","08","D",190,"D",,"A",,"A",,"A",,"A"
"20134",2691115,33,0,"1","420","D","10","D",65,"D",,"A",,"A",,"A",,"A"
"20134",2691115,34,0,"2","420","D","08","D",66,"D",,"A",,"A",,"A",,"A"
"20134",2691133,34,0,"1","420","D","09","D",74,"D",,"A",,"A",,"A",,"A"
"20134",2691273,36,0,"1","420","D","09","D",80,"D",,"A",,"A",,"A",,"A"
"20134",2691333,24,0,"1","400","D","10","D",25,"D",,"A",,"A",,"A",,"A"
"20134",2691403,51,0,"1","410","D","08","D",29,"D",,"A",,"A",,"A",,"A"
"20134",2691493,26,0,"1","420","D","08","D",80,"D",,"A",,"A",,"A",,"A"
"20134",2691563,63,0,"2","420","D","08","D",104,"D",,"A",,"A",,"A",,"A"
"20134",2691673,58,0,"1","420","D","09","D",36,"D",,"A",,"A",,"A",,"A"
"20134",2691673,59,0,"1","420","D","09","D",36,"D",,"A",,"A",,"A",,"A"
"20134",2691773,59,0,"1","400","D","10","D",32,"D",,"A",,"A",,"A",,"A"
"20134",2691793,35,0,"1","420","D","09","D",450,"D",,"A",,"A",,"A",,"A"
"20134",2691793,36,0,"1","420","D","10","D",250,"D",,"A",,"A",,"A",,"A"
"20134",2691933,15,0,"1","420","D","10","D",140,"D",,"A",,"A",,"A",,"A"
"20134",2691983,19,0,"1","420","D","10","D",81,"D",,"A",,"A",,"A",,"A"
"20134",2691983,20,0,"1","410","D","10","D",52,"D",,"A",,"A",,"A",,"A"
"20134",2692003,33,0,"1","420","D","10","D",945,"D",,"A",,"A",,"A",,"A"
"20134",2692053,43,0,"1","420","D","10","D",120,"D",,"A",,"A",,"A",,"A"
"20134",2692263,53,0,"1","420","D","08","D",345,"D",,"A",,"A",,"A",,"A"
"20134",2692273,39,0,"1","420","D","08","D",80,"D",,"A",,"A",,"A",,"A"
"20134",2692273,40,0,"1","420","D","08","D",48,"D",,"A",,"A",,"A",,"A"
"20134",2692453,25,0,"1","410","D","10","D",14,"D",,"A",,"A",,"A",,"A"
"20134",2692483,45,0,"1","405","D","10","D",135,"D",,"A",,"A",,"A",,"A"
"20134",2692653,27,0,"1","420","D","09","D",86,"D",,"A",,"A",,"A",,"A"
"20134",2692653,28,0,"1","400","D","09","D",60,"D",,"A",,"A",,"A",,"A"
"20134",2692663,34,0,"1","410","D","10","D",15,"D",,"A",,"A",,"A",,"A"
"20134",2692703,15,0,"1","400","D","09","D",15,"D",,"A",,"A",,"A",,"A"
"20134",2692893,71,0,"1","410","D","09","D",50,"D",,"A",,"A",,"A",,"A"
"20134",2692893,72,0,"1","410","D","10","D",50,"D",,"A",,"A",,"A",,"A"
"20134",2692893,73,0,"1","420","D","09","D",36,"D",,"A",,"A",,"A",,"A"
"20134",2692893,74,0,"1","420","D","10","D",36,"D",,"A",,"A",,"A",,"A"
"20134",2693233,23,0,"1","420","D","10","D",112,"D",,"A",,"A",,"A",,"A"
"20134",2693233,24,0,"1","410","D","09","D",37,"D",,"A",,"A",,"A",,"A"
"20134",2693273,41,0,"1","400","D","10","D",26,"D",,"A",,"A",,"A",,"A"
"20134",2693333,64,0,"1","405","D","10","D",369,"D",,"A",,"A",,"A",,"A"
"20134",2693333,65,0,"1","405","D","08","D",50,"D",,"A",,"A",,"A",,"A"
"20134",2693333,66,0,"1","405","D","10","D",20,"D",,"A",,"A",,"A",,"A"
"20134",2693503,63,0,"1","400","D","09","D",25,"D",,"A",,"A",,"A",,"A"
"20134",2693535,24,0,"1","400","D","09","D",19,"D",,"A",,"A",,"A",,"A"
"20134",2693553,23,0,"1","420","D","10","D",29,"D",,"A",,"A",,"A",,"A"
"20134",2693673,41,0,"1","420","D","10","D",119,"D",,"A",,"A",,"A",,"A"
"20134",2693673,42,0,"1","410","D","10","D",28,"D",,"A",,"A",,"A",,"A"
"20134",2693673,43,0,"1","405","D","10","D",3050,"D",,"A",,"A",,"A",,"A"
"20134",2693793,40,0,"1","420","D","10","D",20,"D",,"A",,"A",,"A",,"A"
"20134",2693873,25,0,"2","400","D","08","D",30,"D",,"A",,"A",,"A",,"A"
"20134",2693963,40,0,"1","430","D","09","D",.,"H","400","D","415","D",,"A",,"A"
"20134",2693963,40,1,"1","400","D","09","D",114,"E",,"A",,"A",,"A",,"A"
"20134",2693963,40,2,"1","420","D","09","D",296,"E",,"A",,"A",,"A",,"A"
"20134",2694043,38,0,"1","400","D","10","D",100,"D",,"A",,"A",,"A",,"A"
"20134",2694113,67,0,"2","420","D","08","D",15,"D",,"A",,"A",,"A",,"A"
"20134",2694213,113,0,"2","400","D","08","D",28,"D",,"A",,"A",,"A",,"A"
"20134",2694353,90,0,"2","410","D","08","D",15,"D",,"A",,"A",,"A",,"A"
"20134",2694353,91,0,"2","420","D","08","D",53,"D",,"A",,"A",,"A",,"A"
"20134",2694443,67,0,"1","420","D","09","D",56,"D",,"A",,"A",,"A",,"A"
"20134",2694493,42,0,"1","410","D","09","D",18,"D",,"A",,"A",,"A",,"A"
"20134",2694493,43,0,"2","410","D","08","D",18,"D",,"A",,"A",,"A",,"A"
"20134",2694543,26,0,"1","400","D","08","D",24,"D",,"A",,"A",,"A",,"A"
"20134",2694583,46,0,"2","430","D","08","D",.,"H","415","D","410","D",,"A",,"A"
"20134",2694583,46,1,"2","420","D","08","D",62,"E",,"A",,"A",,"A",,"A"
"20134",2694583,46,2,"2","410","D","08","D",56,"E",,"A",,"A",,"A",,"A"
"20134",2694593,36,0,"1","430","D","09","D",.,"H","415","D","400","D",,"A",,"A"
"20134",2694593,36,1,"1","420","D","09","D",28,"E",,"A",,"A",,"A",,"A"
"20134",2694593,36,2,"1","400","D","09","D",12,"E",,"A",,"A",,"A",,"A"
"20134",2694623,18,0,"1","400","D","10","D",25,"D",,"A",,"A",,"A",,"A"
"20134",2694653,70,0,"1","420","D","09","D",272,"D",,"A",,"A",,"A",,"A"
"20134",2694793,37,0,"1","400","D","09","D",20,"D",,"A",,"A",,"A",,"A"
"20134",2694793,38,0,"2","420","D","08","D",140,"D",,"A",,"A",,"A",,"A"
"20134",2694803,23,0,"2","420","D","08","D",46,"D",,"A",,"A",,"A",,"A"
"20134",2694883,14,0,"1","400","D","10","D",5,"D",,"A",,"A",,"A",,"A"
"20134",2694953,54,0,"1","420","D","09","D",375,"D",,"A",,"A",,"A",,"A"
"20134",2694973,40,0,"2","410","D","08","D",16,"D",,"A",,"A",,"A",,"A"
"20134",2695063,39,0,"1","430","D","10","D",.,"H","415","D","410","D",,"A",,"A"
"20134",2695063,39,1,"1","420","D","10","D",85,"E",,"A",,"A",,"A",,"A"
"20134",2695063,39,2,"1","410","D","10","D",78,"E",,"A",,"A",,"A",,"A"
"20134",2695123,53,0,"1","400","D","10","D",29,"D",,"A",,"A",,"A",,"A"
"20134",2695233,16,0,"1","420","D","10","D",27,"D",,"A",,"A",,"A",,"A"
"20134",2695373,20,0,"1","420","D","09","D",54,"D",,"A",,"A",,"A",,"A"
"20134",2695463,19,0,"1","410","D","08","D",15,"D",,"A",,"A",,"A",,"A"
"20134",2695463,20,0,"1","420","D","09","D",56,"D",,"A",,"A",,"A",,"A"
"20134",2695463,21,0,"2","420","D","08","D",68,"D",,"A",,"A",,"A",,"A"
"20134",2695523,40,0,"1","420","D","08","D",250,"D",,"A",,"A",,"A",,"A"
"20134",2695643,58,0,"1","420","D","10","D",101,"D",,"A",,"A",,"A",,"A"
"20134",2695653,29,0,"2","420","D","08","D",130,"D",,"A",,"A",,"A",,"A"
"20134",2695743,82,0,"1","400","D","10","D",15,"D",,"A",,"A",,"A",,"A"
"20134",2695863,37,0,"1","400","D","10","D",62,"D",,"A",,"A",,"A",,"A"
"20134",2695903,49,0,"1","400","D","10","D",28,"D",,"A",,"A",,"A",,"A"
"20134",2695943,21,0,"1","420","D","09","D",45,"D",,"A",,"A",,"A",,"A"
"20134",2696003,43,0,"1","420","D","09","D",130,"D",,"A",,"A",,"A",,"A"
"20134",2696003,44,0,"1","420","D","09","D",130,"D",,"A",,"A",,"A",,"A"
"20134",2696003,45,0,"2","420","D","08","D",84,"D",,"A",,"A",,"A",,"A"
"20134",2696033,30,0,"1","420","D","10","D",60,"F",,"A",,"A",,"A",,"A"
"20134",2696203,12,0,"1","400","D","09","D",28,"D",,"A",,"A",,"A",,"A"
"20134",2696203,13,0,"1","400","D","10","D",28,"D",,"A",,"A",,"A",,"A"
"20134",2696223,70,0,"1","420","D","10","D",75,"D",,"A",,"A",,"A",,"A"
"20134",2696223,71,0,"1","420","D","08","D",75,"D",,"A",,"A",,"A",,"A"
"20134",2696333,27,0,"1","420","D","10","D",5,"D",,"A",,"A",,"A",,"A"
"20134",2696373,41,0,"1","430","D","09","D",.,"H","425","D","415","D",,"A",,"A"
"20134",2696373,41,1,"1","420","D","09","D",17,"E",,"A",,"A",,"A",,"A"
"20134",2696373,41,2,"1","420","D","09","D",32,"E",,"A",,"A",,"A",,"A"
"20134",2696383,38,0,"1","420","D","10","D",188,"D",,"A",,"A",,"A",,"A"
"20134",2696383,39,0,"1","410","D","10","D",25,"D",,"A",,"A",,"A",,"A"
"20134",2696943,11,0,"1","420","D","10","D",79,"D",,"A",,"A",,"A",,"A"
"20134",2697043,38,0,"1","410","D","08","D",25,"D",,"A",,"A",,"A",,"A"
"20134",2697073,15,0,"1","420","D","10","D",60,"D",,"A",,"A",,"A",,"A"
"20134",2697223,29,0,"1","410","D","09","D",30,"D",,"A",,"A",,"A",,"A"
"20134",2697253,12,0,"1","420","D","10","D",99,"D",,"A",,"A",,"A",,"A"
"20134",2697623,32,0,"1","420","D","08","D",65,"D",,"A",,"A",,"A",,"A"
"20134",2697643,38,0,"1","420","D","08","D",108,"D",,"A",,"A",,"A",,"A"
"20134",2697713,13,0,"1","420","D","09","D",45,"D",,"A",,"A",,"A",,"A"
"20134",2697723,21,0,"1","405","D","10","D",1034,"F",,"A",,"A",,"A",,"A"
"20134",2697803,89,0,"2","420","D","08","D",40,"D",,"A",,"A",,"A",,"A"
"20134",2697823,70,0,"1","420","D","10","D",460,"D",,"A",,"A",,"A",,"A"
"20134",2697833,25,0,"1","420","D","10","D",10,"D",,"A",,"A",,"A",,"A"
"20134",2697953,65,0,"1","420","D","10","D",189,"D",,"A",,"A",,"A",,"A"
"20134",2698033,28,0,"1","420","D","08","D",29,"D",,"A",,"A",,"A",,"A"
"20134",2698083,44,0,"2","420","D","08","D",47,"D",,"A",,"A",,"A",,"A"
"20134",2698193,22,0,"1","420","D","09","D",65,"D",,"A",,"A",,"A",,"A"
"20134",2698253,41,0,"1","410","D","10","D",55,"D",,"A",,"A",,"A",,"A"
"20134",2698373,30,0,"2","420","D","08","D",150,"D",,"A",,"A",,"A",,"A"
"20134",2698393,80,0,"1","410","D","08","D",20,"D",,"A",,"A",,"A",,"A"
"20134",2698393,81,0,"1","420","D","08","D",101,"D",,"A",,"A",,"A",,"A"
"20134",2698433,26,0,"1","410","D","08","D",16,"D",,"A",,"A",,"A",,"A"
"20134",2698443,42,0,"1","420","D","10","D",132,"D",,"A",,"A",,"A",,"A"
"20134",2698493,62,0,"1","410","D","09","D",15,"D",,"A",,"A",,"A",,"A"
"20134",2698493,63,0,"1","420","D","09","D",421,"D",,"A",,"A",,"A",,"A"
"20134",2698513,23,0,"1","420","D","10","D",44,"D",,"A",,"A",,"A",,"A"
"20134",2698603,48,0,"1","410","D","09","D",59,"D",,"A",,"A",,"A",,"A"
"20134",2698603,49,0,"1","405","D","10","D",168,"D",,"A",,"A",,"A",,"A"
"20134",2698713,26,0,"2","400","D","08","D",70,"D",,"A",,"A",,"A",,"A"
"20134",2698993,55,0,"2","400","D","08","D",40,"D",,"A",,"A",,"A",,"A"
"20134",2699003,34,0,"1","420","D","08","D",98,"D",,"A",,"A",,"A",,"A"
"20134",2699083,69,0,"1","420","D","08","D",41,"D",,"A",,"A",,"A",,"A"
"20134",2699093,36,0,"1","400","D","10","D",27,"D",,"A",,"A",,"A",,"A"
"20134",2699203,53,0,"1","400","D","09","D",10,"D",,"A",,"A",,"A",,"A"
"20134",2699273,42,0,"1","420","D","10","D",3,"D",,"A",,"A",,"A",,"A"
"20134",2699273,43,0,"2","400","D","08","D",24,"D",,"A",,"A",,"A",,"A"
"20134",2699303,78,0,"1","410","D","08","D",5,"D",,"A",,"A",,"A",,"A"
"20134",2699543,29,0,"1","400","D","08","D",36,"D",,"A",,"A",,"A",,"A"
"20134",2699543,30,0,"1","410","D","08","D",30,"F",,"A",,"A",,"A",,"A"
"20134",2699673,35,0,"1","420","D","09","D",197,"D",,"A",,"A",,"A",,"A"
"20134",2699703,27,0,"1","400","D","10","D",30,"D",,"A",,"A",,"A",,"A"
"20134",2699703,28,0,"1","420","D","09","D",101,"D",,"A",,"A",,"A",,"A"
"20134",2699743,37,0,"1","420","D","09","D",300,"D",,"A",,"A",,"A",,"A"
"20134",2699753,18,0,"1","410","D","10","D",30,"D",,"A",,"A",,"A",,"A"
"20134",2699853,43,0,"1","410","D","10","D",40,"D",,"A",,"A",,"A",,"A"
"20134",2700053,18,0,"1","420","D","09","D",67,"D",,"A",,"A",,"A",,"A"
"20134",2700073,28,0,"2","420","D","08","D",124,"D",,"A",,"A",,"A",,"A"
"20134",2700133,44,0,"1","420","D","09","D",128,"D",,"A",,"A",,"A",,"A"
"20134",2700193,49,0,"1","410","D","09","D",48,"D",,"A",,"A",,"A",,"A"
"20134",2700213,23,0,"1","420","D","10","D",550,"D",,"A",,"A",,"A",,"A"
"20134",2700353,67,0,"1","420","D","09","D",50,"D",,"A",,"A",,"A",,"A"
"20134",2700353,68,0,"1","405","D","09","D",275,"D",,"A",,"A",,"A",,"A"
"20134",2700385,59,0,"1","420","D","08","D",50,"D",,"A",,"A",,"A",,"A"
"20134",2700423,27,0,"1","420","D","10","D",161,"D",,"A",,"A",,"A",,"A"
"20134",2700453,33,0,"1","420","D","09","D",160,"D",,"A",,"A",,"A",,"A"
"20134",2700583,59,0,"1","420","D","08","D",130,"D",,"A",,"A",,"A",,"A"
"20134",2700583,60,0,"1","405","D","08","D",350,"D",,"A",,"A",,"A",,"A"
"20134",2700583,61,0,"1","405","D","08","D",50,"D",,"A",,"A",,"A",,"A"
"20134",2700583,62,0,"2","400","D","08","D",55,"D",,"A",,"A",,"A",,"A"
"20134",2700583,63,0,"2","410","D","08","D",29,"D",,"A",,"A",,"A",,"A"
"20134",2700643,62,0,"1","410","D","10","D",38,"D",,"A",,"A",,"A",,"A"
"20134",2700643,63,0,"1","420","D","10","D",65,"D",,"A",,"A",,"A",,"A"
"20134",2700903,22,0,"1","410","D","09","D",16,"D",,"A",,"A",,"A",,"A"
"20134",2700993,18,0,"1","420","D","10","D",67,"D",,"A",,"A",,"A",,"A"
"20134",2701003,60,0,"1","410","D","10","D",42,"D",,"A",,"A",,"A",,"A"
"20134",2701043,40,0,"2","420","D","08","D",200,"D",,"A",,"A",,"A",,"A"
"20134",2701093,22,0,"1","420","D","08","D",50,"D",,"A",,"A",,"A",,"A"
"20134",2701203,20,0,"1","420","D","09","D",40,"D",,"A",,"A",,"A",,"A"
"20134",2701203,21,0,"1","410","D","09","D",5,"D",,"A",,"A",,"A",,"A"
"20134",2701213,50,0,"2","420","D","08","D",108,"D",,"A",,"A",,"A",,"A"
"20134",2701233,57,0,"2","420","D","08","D",110,"D",,"A",,"A",,"A",,"A"
"20134",2701274,18,0,"1","420","D","10","D",76,"D",,"A",,"A",,"A",,"A"
"20134",2701303,32,0,"1","420","D","09","D",65,"D",,"A",,"A",,"A",,"A"
"20134",2701353,52,0,"1","420","D","08","D",120,"D",,"A",,"A",,"A",,"A"
"20134",2701493,59,0,"1","420","D","08","D",37,"D",,"A",,"A",,"A",,"A"
"20134",2701493,60,0,"1","410","D","10","D",70,"D",,"A",,"A",,"A",,"A"
"20134",2701573,36,0,"2","420","D","08","D",220,"D",,"A",,"A",,"A",,"A"
"20134",2701593,41,0,"1","420","D","10","D",400,"D",,"A",,"A",,"A",,"A"
"20134",2701613,62,0,"2","410","D","08","D",20,"D",,"A",,"A",,"A",,"A"
"20134",2701643,26,0,"2","400","D","08","D",59,"D",,"A",,"A",,"A",,"A"
"20134",2701693,46,0,"1","410","D","08","D",39,"D",,"A",,"A",,"A",,"A"
"20134",2701693,47,0,"1","420","D","10","D",72,"D",,"A",,"A",,"A",,"A"
"20134",2701733,25,0,"1","410","D","10","D",59,"D",,"A",,"A",,"A",,"A"
"20134",2701733,26,0,"1","420","D","10","D",158,"D",,"A",,"A",,"A",,"A"
"20134",2701765,30,0,"1","420","D","10","D",68,"D",,"A",,"A",,"A",,"A"
"20134",2701813,45,0,"2","420","D","08","D",133,"D",,"A",,"A",,"A",,"A"
"20134",2701933,57,0,"1","430","D","10","D",.,"H","425","D","405","D","415","D",,"A"
"20134",2701933,57,1,"1","405","D","10","D",34,"E",,"A",,"A",,"A",,"A"
"20134",2701933,57,2,"1","420","D","10","D",19,"E",,"A",,"A",,"A",,"A"
"20134",2701943,20,0,"1","400","D","10","D",34,"D",,"A",,"A",,"A",,"A"
"20134",2701943,21,0,"1","410","D","10","D",6,"D",,"A",,"A",,"A",,"A"
"20134",2702003,92,0,"1","420","D","10","D",60,"D",,"A",,"A",,"A",,"A"
"20134",2702053,65,0,"1","420","D","08","D",101,"D",,"A",,"A",,"A",,"A"
"20134",2702073,38,0,"1","400","D","09","D",50,"D",,"A",,"A",,"A",,"A"
"20134",2702133,65,0,"1","420","D","11","D",103,"D",,"A",,"A",,"A",,"A"
"20134",2702133,66,0,"2","420","D","09","D",170,"D",,"A",,"A",,"A",,"A"
"20134",2702183,21,0,"1","400","D","09","D",54,"D",,"A",,"A",,"A",,"A"
"20134",2702453,29,0,"1","430","D","09","D",.,"H","415","D","410","D",,"A",,"A"
"20134",2702453,29,1,"1","420","D","09","D",49,"E",,"A",,"A",,"A",,"A"
"20134",2702453,29,2,"1","410","D","09","D",7,"E",,"A",,"A",,"A",,"A"
"20134",2702543,31,0,"1","400","D","10","D",27,"D",,"A",,"A",,"A",,"A"
"20134",2702693,31,0,"1","420","D","09","D",90,"D",,"A",,"A",,"A",,"A"
"20134",2702983,46,0,"1","420","D","11","D",101,"D",,"A",,"A",,"A",,"A"
"20134",2703023,66,0,"1","400","D","10","D",36,"D",,"A",,"A",,"A",,"A"
"20134",2703113,30,0,"1","405","D","11","D",680,"D",,"A",,"A",,"A",,"A"
"20134",2703213,46,0,"1","410","D","11","D",21,"D",,"A",,"A",,"A",,"A"
"20134",2703233,20,0,"2","430","D","09","D",.,"H","415","D","410","D",,"A",,"A"
"20134",2703233,20,1,"2","420","D","09","D",38,"E",,"A",,"A",,"A",,"A"
"20134",2703233,20,2,"2","410","D","09","D",5,"E",,"A",,"A",,"A",,"A"
"20134",2703493,51,0,"1","420","D","11","D",47,"D",,"A",,"A",,"A",,"A"
"20134",2703583,16,0,"1","410","D","11","D",29,"D",,"A",,"A",,"A",,"A"
"20134",2703583,17,0,"2","420","D","09","D",50,"D",,"A",,"A",,"A",,"A"
"20134",2703693,54,0,"1","420","D","11","D",52,"D",,"A",,"A",,"A",,"A"
"20134",2703713,28,0,"1","420","D","10","D",565,"D",,"A",,"A",,"A",,"A"
"20134",2703713,29,0,"2","420","D","09","D",35,"D",,"A",,"A",,"A",,"A"
"20134",2703713,30,0,"2","410","D","09","D",5,"D",,"A",,"A",,"A",,"A"
"20134",2704003,71,0,"1","410","D","11","D",36,"D",,"A",,"A",,"A",,"A"
"20134",2704003,72,0,"1","420","D","11","D",72,"D",,"A",,"A",,"A",,"A"
"20134",2704103,34,0,"1","400","D","11","D",27,"D",,"A",,"A",,"A",,"A"
"20134",2704103,35,0,"1","420","D","11","D",100,"D",,"A",,"A",,"A",,"A"
"20134",2704233,43,0,"2","420","D","09","D",57,"D",,"A",,"A",,"A",,"A"
"20134",2704244,16,0,"2","410","D","09","D",28,"D",,"A",,"A",,"A",,"A"
"20134",2704303,36,0,"1","420","D","10","D",220,"D",,"A",,"A",,"A",,"A"
"20134",2704333,77,0,"1","420","D","10","D",11,"D",,"A",,"A",,"A",,"A"
"20134",2704363,13,0,"1","420","D","10","D",56,"D",,"A",,"A",,"A",,"A"
"20134",2704373,54,0,"2","420","D","09","D",120,"D",,"A",,"A",,"A",,"A"
"20134",2704523,29,0,"1","420","D","09","D",42,"D",,"A",,"A",,"A",,"A"
"20134",2704523,30,0,"1","405","D","10","D",583,"F",,"A",,"A",,"A",,"A"
"20134",2704563,27,0,"2","420","D","09","D",81,"D",,"A",,"A",,"A",,"A"
"20134",2704803,31,0,"1","410","D","11","D",45,"D",,"A",,"A",,"A",,"A"
"20134",2704803,32,0,"1","420","D","11","D",75,"D",,"A",,"A",,"A",,"A"
"20134",2704803,33,0,"1","420","D","11","D",55,"D",,"A",,"A",,"A",,"A"
"20134",2704853,52,0,"2","420","D","09","D",234,"D",,"A",,"A",,"A",,"A"
"20134",2704923,53,0,"1","400","D","10","D",27,"D",,"A",,"A",,"A",,"A"
"20134",2704923,54,0,"2","400","D","09","D",27,"D",,"A",,"A",,"A",,"A"
"20134",2704933,55,0,"1","420","D","11","D",158,"F",,"A",,"A",,"A",,"A"
"20134",2705003,73,0,"1","420","D","11","D",140,"D",,"A",,"A",,"A",,"A"
"20134",2705003,74,0,"1","410","D","11","D",25,"D",,"A",,"A",,"A",,"A"
"20134",2705043,55,0,"1","420","D","10","D",200,"D",,"A",,"A",,"A",,"A"
"20134",2705173,29,0,"1","410","D","10","D",28,"D",,"A",,"A",,"A",,"A"
"20134",2705263,41,0,"2","420","D","09","D",70,"D",,"A",,"A",,"A",,"A"
"20134",2705263,42,0,"2","410","D","09","D",38,"D",,"A",,"A",,"A",,"A"
"20134",2705433,23,0,"1","410","D","10","D",15,"D",,"A",,"A",,"A",,"A"
"20134",2705433,24,0,"1","420","D","10","D",35,"D",,"A",,"A",,"A",,"A"
"20134",2705563,35,0,"1","405","D","09","D",200,"D",,"A",,"A",,"A",,"A"
"20134",2705563,36,0,"1","420","D","10","D",75,"D",,"A",,"A",,"A",,"A"
"20134",2705623,25,0,"1","420","D","11","D",99,"D",,"A",,"A",,"A",,"A"
"20134",2705643,37,0,"2","430","D","09","D",.,"H","425","D","415","D",,"A",,"A"
"20134",2705643,37,1,"2","420","D","09","D",53,"E",,"A",,"A",,"A",,"A"
"20134",2705643,37,2,"2","420","D","09","D",47,"E",,"A",,"A",,"A",,"A"
"20134",2705783,21,0,"1","420","D","11","D",263,"D",,"A",,"A",,"A",,"A"
"20134",2705823,19,0,"1","400","D","11","D",10,"D",,"A",,"A",,"A",,"A"
"20134",2706003,45,0,"2","405","D","09","D",350,"D",,"A",,"A",,"A",,"A"
"20134",2706073,44,0,"1","400","D","09","D",32,"D",,"A",,"A",,"A",,"A"
"20134",2706113,49,0,"1","430","D","10","D",.,"H","425","D","415","D",,"A",,"A"
"20134",2706113,49,1,"1","420","D","10","D",17,"E",,"A",,"A",,"A",,"A"
"20134",2706113,49,2,"1","420","D","10","D",32,"E",,"A",,"A",,"A",,"A"
"20134",2706123,99,0,"1","420","D","11","D",140,"D",,"A",,"A",,"A",,"A"
"20134",2706133,31,0,"2","420","D","09","D",80,"D",,"A",,"A",,"A",,"A"
"20134",2706233,36,0,"1","410","D","11","D",16,"D",,"A",,"A",,"A",,"A"
"20134",2706283,59,0,"1","420","D","11","D",500,"D",,"A",,"A",,"A",,"A"
"20134",2706283,60,0,"1","420","D","11","D",70,"D",,"A",,"A",,"A",,"A"
"20134",2706323,64,0,"1","430","D","11","D",.,"H","410","D","415","D",,"A",,"A"
"20134",2706323,64,1,"1","410","D","11","D",23,"E",,"A",,"A",,"A",,"A"
"20134",2706323,64,2,"1","420","D","11","D",67,"E",,"A",,"A",,"A",,"A"
"20134",2706323,65,0,"1","410","D","11","D",28,"D",,"A",,"A",,"A",,"A"
"20134",2706503,33,0,"1","420","D","11","D",340,"D",,"A",,"A",,"A",,"A"
"20134",2706543,41,0,"1","405","D","11","D",86,"D",,"A",,"A",,"A",,"A"
"20134",2706543,42,0,"1","405","D","11","D",1641,"F",,"A",,"A",,"A",,"A"
"20134",2706583,82,0,"2","410","D","09","D",40,"D",,"A",,"A",,"A",,"A"
"20134",2706583,83,0,"2","410","D","09","D",40,"D",,"A",,"A",,"A",,"A"
"20134",2706583,84,0,"2","420","D","09","D",32,"D",,"A",,"A",,"A",,"A"
"20134",2706583,85,0,"2","420","D","09","D",32,"D",,"A",,"A",,"A",,"A"
"20134",2706653,55,0,"1","420","D","09","D",36,"D",,"A",,"A",,"A",,"A"
"20134",2706693,32,0,"1","400","D","11","D",44,"D",,"A",,"A",,"A",,"A"
"20134",2706703,76,0,"1","410","D","11","D",29,"D",,"A",,"A",,"A",,"A"
"20134",2706883,42,0,"1","410","D","11","D",29,"D",,"A",,"A",,"A",,"A"
"20134",2707093,26,0,"1","410","D","11","D",20,"D",,"A",,"A",,"A",,"A"
"20134",2707173,23,0,"1","410","D","11","D",15,"D",,"A",,"A",,"A",,"A"
"20134",2707233,39,0,"1","420","D","11","D",75,"D",,"A",,"A",,"A",,"A"
"20134",2707293,27,0,"1","420","D","10","D",90,"D",,"A",,"A",,"A",,"A"
"20134",2707293,28,0,"1","410","D","10","D",60,"D",,"A",,"A",,"A",,"A"
"20134",2707473,25,0,"1","420","D","10","D",50,"D",,"A",,"A",,"A",,"A"
"20134",2707613,19,0,"1","420","D","09","D",115,"D",,"A",,"A",,"A",,"A"
"20134",2707713,23,0,"1","420","D","11","D",68,"D",,"A",,"A",,"A",,"A"
"20134",2707713,24,0,"1","420","D","11","D",72,"D",,"A",,"A",,"A",,"A"
"20134",2707985,24,0,"1","420","D","11","D",200,"D",,"A",,"A",,"A",,"A"
"20134",2708033,31,0,"1","420","D","11","D",15,"D",,"A",,"A",,"A",,"A"
"20134",2708183,63,0,"1","420","D","11","D",83,"D",,"A",,"A",,"A",,"A"
"20134",2708403,22,0,"1","420","D","10","D",295,"D",,"A",,"A",,"A",,"A"
"20134",2708473,33,0,"1","420","D","11","D",150,"D",,"A",,"A",,"A",,"A"
"20134",2708493,39,0,"1","405","D","10","D",242,"D",,"A",,"A",,"A",,"A"
"20134",2708663,65,0,"2","420","D","09","D",44,"D",,"A",,"A",,"A",,"A"
"20134",2708683,20,0,"1","420","D","11","D",580,"D",,"A",,"A",,"A",,"A"
"20134",2708783,66,0,"2","420","D","09","D",81,"D",,"A",,"A",,"A",,"A"
"20134",2708873,41,0,"1","400","D","11","D",36,"D",,"A",,"A",,"A",,"A"
"20134",2708873,42,0,"1","420","D","09","D",240,"D",,"A",,"A",,"A",,"A"
"20134",2708873,43,0,"2","420","D","09","D",247,"D",,"A",,"A",,"A",,"A"
"20134",2708903,60,0,"1","420","D","11","D",100,"D",,"A",,"A",,"A",,"A"
"20134",2709083,39,0,"1","430","D","10","D",.,"H","410","D","415","D",,"A",,"A"
"20134",2709083,39,1,"1","410","D","10","D",30,"E",,"A",,"A",,"A",,"A"
"20134",2709083,39,2,"1","420","D","10","D",80,"E",,"A",,"A",,"A",,"A"
"20134",2709223,34,0,"1","420","D","10","D",66,"D",,"A",,"A",,"A",,"A"
"20134",2709253,69,0,"1","420","D","11","D",46,"D",,"A",,"A",,"A",,"A"
"20134",2709253,70,0,"1","420","D","11","D",47,"D",,"A",,"A",,"A",,"A"
"20134",2709253,71,0,"1","400","D","10","D",30,"D",,"A",,"A",,"A",,"A"
"20134",2709263,32,0,"1","420","D","11","D",150,"D",,"A",,"A",,"A",,"A"
"20134",2709403,36,0,"1","400","D","09","D",100,"D",,"A",,"A",,"A",,"A"
"20134",2709403,37,0,"2","420","D","09","D",100,"D",,"A",,"A",,"A",,"A"
"20134",2709423,49,0,"2","400","D","09","D",25,"D",,"A",,"A",,"A",,"A"
"20134",2709423,50,0,"2","420","D","09","D",100,"D",,"A",,"A",,"A",,"A"
"20134",2709583,48,0,"2","420","D","09","D",102,"D",,"A",,"A",,"A",,"A"
"20134",2709663,13,0,"1","420","D","10","D",93,"D",,"A",,"A",,"A",,"A"
"20134",2709683,62,0,"1","400","D","10","D",10,"F",,"A",,"A",,"A",,"A"
"20134",2709733,26,0,"1","420","D","11","D",106,"D",,"A",,"A",,"A",,"A"
"20134",2709763,19,0,"1","420","D","11","D",72,"D",,"A",,"A",,"A",,"A"
"20134",2709813,44,0,"1","430","D","10","D",.,"H","415","D","400","D",,"A",,"A"
"20134",2709813,44,1,"1","420","D","10","D",127,"E",,"A",,"A",,"A",,"A"
"20134",2709813,44,2,"1","400","D","10","D",23,"E",,"A",,"A",,"A",,"A"
"20134",2709883,39,0,"2","420","D","09","D",73,"D",,"A",,"A",,"A",,"A"
"20134",2709993,35,0,"1","410","D","11","D",110,"D",,"A",,"A",,"A",,"A"
"20134",2710003,44,0,"1","405","D","11","D",600,"D",,"A",,"A",,"A",,"A"
"20134",2710013,57,0,"1","420","D","10","D",102,"D",,"A",,"A",,"A",,"A"
"20134",2710233,23,0,"2","410","D","09","D",10,"D",,"A",,"A",,"A",,"A"
"20134",2710293,26,0,"1","410","D","09","D",9,"D",,"A",,"A",,"A",,"A"
"20134",2710303,61,0,"1","420","D","10","D",135,"D",,"A",,"A",,"A",,"A"
"20134",2710313,30,0,"1","420","D","11","D",50,"D",,"A",,"A",,"A",,"A"
"20134",2710563,47,0,"1","420","D","10","D",120,"D",,"A",,"A",,"A",,"A"
"20134",2710593,53,0,"1","400","D","11","D",20,"D",,"A",,"A",,"A",,"A"
"20134",2710673,12,0,"1","420","D","11","D",68,"D",,"A",,"A",,"A",,"A"
"20134",2710823,48,0,"1","420","D","10","D",57,"D",,"A",,"A",,"A",,"A"
"20134",2710833,45,0,"2","420","D","09","D",390,"D",,"A",,"A",,"A",,"A"
"20134",2710865,17,0,"1","420","D","09","D",20,"D",,"A",,"A",,"A",,"A"
"20134",2710873,35,0,"1","420","D","11","D",182,"D",,"A",,"A",,"A",,"A"
"20134",2710943,30,0,"1","420","D","11","D",80,"D",,"A",,"A",,"A",,"A"
"20134",2711013,51,0,"1","400","D","11","D",25,"D",,"A",,"A",,"A",,"A"
"20134",2711013,52,0,"1","405","D","09","D",40,"D",,"A",,"A",,"A",,"A"
"20134",2711173,55,0,"1","400","D","09","D",130,"D",,"A",,"A",,"A",,"A"
"20134",2711183,39,0,"1","420","D","10","D",35,"D",,"A",,"A",,"A",,"A"
"20134",2711353,48,0,"1","400","D","11","D",30,"D",,"A",,"A",,"A",,"A"
"20134",2711353,49,0,"1","420","D","11","D",300,"D",,"A",,"A",,"A",,"A"
"20134",2711555,40,0,"1","420","D","10","D",81,"D",,"A",,"A",,"A",,"A"
"20134",2711593,37,0,"1","420","D","11","D",30,"D",,"A",,"A",,"A",,"A"
"20134",2711613,26,0,"1","430","D","10","D",.,"H","410","D","415","D",,"A",,"A"
"20134",2711613,26,1,"1","410","D","10","D",37,"E",,"A",,"A",,"A",,"A"
"20134",2711613,26,2,"1","420","D","10","D",100,"E",,"A",,"A",,"A",,"A"
"20134",2711653,67,0,"1","420","D","10","D",50,"D",,"A",,"A",,"A",,"A"
"20134",2711703,28,0,"1","420","D","10","D",160,"D",,"A",,"A",,"A",,"A"
"20134",2711713,84,0,"1","420","D","11","D",190,"D",,"A",,"A",,"A",,"A"
"20134",2711795,8,0,"1","400","D","10","D",10,"D",,"A",,"A",,"A",,"A"
"20134",2711853,24,0,"1","420","D","11","D",388,"D",,"A",,"A",,"A",,"A"
"20134",2711893,71,0,"1","420","D","11","D",194,"D",,"A",,"A",,"A",,"A"
"20134",2711953,23,0,"1","420","D","10","D",300,"D",,"A",,"A",,"A",,"A"
"20134",2712073,43,0,"1","430","D","09","D",.,"H","415","D","425","D","405","D",,"A"
"20134",2712073,43,1,"1","420","D","09","D",89,"E",,"A",,"A",,"A",,"A"
"20134",2712073,43,2,"1","405","D","09","D",161,"E",,"A",,"A",,"A",,"A"
"20134",2712343,32,0,"1","400","D","10","D",20,"D",,"A",,"A",,"A",,"A"
"20134",2712483,46,0,"1","410","D","10","D",21,"D",,"A",,"A",,"A",,"A"
"20134",2712503,39,0,"1","430","D","10","D",.,"H","410","D","415","D",,"A",,"A"
"20134",2712503,39,1,"1","410","D","10","D",29,"E",,"A",,"A",,"A",,"A"
"20134",2712503,39,2,"1","420","D","10","D",368,"E",,"A",,"A",,"A",,"A"
"20134",2712533,35,0,"1","420","D","09","D",200,"D",,"A",,"A",,"A",,"A"
"20134",2712573,34,0,"1","430","D","10","D",.,"H","415","D","405","D",,"A",,"A"
"20134",2712573,34,1,"1","420","D","10","D",76,"E",,"A",,"A",,"A",,"A"
"20134",2712573,34,2,"1","405","D","10","D",144,"E",,"A",,"A",,"A",,"A"
"20134",2712633,36,0,"1","410","D","09","D",26,"D",,"A",,"A",,"A",,"A"
"20134",2712633,37,0,"1","420","D","09","D",840,"D",,"A",,"A",,"A",,"A"
"20134",2712633,38,0,"1","420","D","09","D",36,"D",,"A",,"A",,"A",,"A"
"20134",2712693,46,0,"1","420","D","10","D",85,"D",,"A",,"A",,"A",,"A"
"20134",2712763,22,0,"1","420","D","10","D",63,"D",,"A",,"A",,"A",,"A"
"20134",2712803,43,0,"1","430","D","10","D",.,"H","400","D","410","D",,"A",,"A"
"20134",2712803,43,1,"1","400","D","10","D",49,"E",,"A",,"A",,"A",,"A"
"20134",2712803,43,2,"1","410","D","10","D",56,"E",,"A",,"A",,"A",,"A"
"20134",2712803,44,0,"1","410","D","09","D",65,"D",,"A",,"A",,"A",,"A"
"20134",2712833,34,0,"1","420","D","10","D",140,"D",,"A",,"A",,"A",,"A"
"20134",2712833,35,0,"1","400","D","10","D",21,"D",,"A",,"A",,"A",,"A"
"20134",2712873,78,0,"1","400","D","11","D",10,"D",,"A",,"A",,"A",,"A"
"20134",2712993,39,0,"1","420","D","10","D",56,"D",,"A",,"A",,"A",,"A"
"20134",2713033,54,0,"2","420","D","09","D",174,"D",,"A",,"A",,"A",,"A"
"20134",2713203,43,0,"1","420","D","11","D",38,"D",,"A",,"A",,"A",,"A"
"20134",2713244,9,0,"1","420","D","09","D",40,"D",,"A",,"A",,"A",,"A"
"20134",2713403,31,0,"1","420","D","11","D",55,"D",,"A",,"A",,"A",,"A"
"20134",2713403,32,0,"1","420","D","11","D",80,"D",,"A",,"A",,"A",,"A"
"20134",2713433,38,0,"1","410","D","09","D",20,"D",,"A",,"A",,"A",,"A"
"20134",2713433,39,0,"1","420","D","09","D",22,"D",,"A",,"A",,"A",,"A"
"20134",2713492,14,0,"2","400","D","07","D",101,"D",,"A",,"A",,"A",,"A"
"20134",2713592,20,0,"1","410","D","08","D",40,"D",,"A",,"A",,"A",,"A"
"20134",2713592,21,0,"1","420","D","08","D",50,"D",,"A",,"A",,"A",,"A"
"20134",2713612,22,0,"1","420","D","08","D",69,"D",,"A",,"A",,"A",,"A"
"20134",2713642,56,0,"1","420","D","07","D",120,"D",,"A",,"A",,"A",,"A"
"20134",2713662,40,0,"1","410","D","09","D",40,"D",,"A",,"A",,"A",,"A"
"20134",2713692,22,0,"1","420","D","07","D",36,"D",,"A",,"A",,"A",,"A"
"20134",2713692,23,0,"2","410","D","07","D",250,"D",,"A",,"A",,"A",,"A"
"20134",2713772,40,0,"1","400","D","08","D",30,"D",,"A",,"A",,"A",,"A"
"20134",2713772,41,0,"1","420","D","09","D",27,"D",,"A",,"A",,"A",,"A"
"20134",2713772,42,0,"2","420","D","07","D",58,"D",,"A",,"A",,"A",,"A"
"20134",2713812,28,0,"1","420","D","09","D",140,"D",,"A",,"A",,"A",,"A"
"20134",2714062,56,0,"1","410","D","08","D",51,"D",,"A",,"A",,"A",,"A"
"20134",2714062,57,0,"1","420","D","09","D",36,"D",,"A",,"A",,"A",,"A"
"20134",2714072,42,0,"1","420","D","09","D",57,"D",,"A",,"A",,"A",,"A"
"20134",2714072,43,0,"1","410","D","09","D",40,"D",,"A",,"A",,"A",,"A"
"20134",2714072,44,0,"2","420","D","07","D",57,"D",,"A",,"A",,"A",,"A"
"20134",2714112,49,0,"1","420","D","07","D",110,"D",,"A",,"A",,"A",,"A"
"20134",2714232,38,0,"1","400","D","08","D",48,"D",,"A",,"A",,"A",,"A"
"20134",2714232,39,0,"2","400","D","07","D",26,"D",,"A",,"A",,"A",,"A"
"20134",2714282,30,0,"2","420","D","07","D",10,"D",,"A",,"A",,"A",,"A"
"20134",2714292,26,0,"2","410","D","07","D",40,"D",,"A",,"A",,"A",,"A"
"20134",2714462,51,0,"1","420","D","08","D",22,"D",,"A",,"A",,"A",,"A"
"20134",2714462,52,0,"2","400","D","07","D",23,"D",,"A",,"A",,"A",,"A"
"20134",2714612,34,0,"1","420","D","09","D",43,"D",,"A",,"A",,"A",,"A"
"20134",2714692,45,0,"1","400","D","09","D",21,"D",,"A",,"A",,"A",,"A"
"20134",2714692,46,0,"1","410","D","09","D",25,"D",,"A",,"A",,"A",,"A"
"20134",2714692,47,0,"1","420","D","09","D",42,"D",,"A",,"A",,"A",,"A"
"20134",2714692,48,0,"1","405","D","09","D",800,"D",,"A",,"A",,"A",,"A"
"20134",2714942,37,0,"1","410","D","07","D",40,"D",,"A",,"A",,"A",,"A"
"20134",2714972,46,0,"1","410","D","07","D",16,"D",,"A",,"A",,"A",,"A"
"20134",2714972,47,0,"1","405","D","09","D",105,"D",,"A",,"A",,"A",,"A"
"20134",2714972,48,0,"2","420","D","07","D",30,"D",,"A",,"A",,"A",,"A"
"20134",2715172,33,0,"1","400","D","08","D",30,"D",,"A",,"A",,"A",,"A"
"20134",2715182,36,0,"1","400","D","09","D",35,"D",,"A",,"A",,"A",,"A"
"20134",2715182,37,0,"1","420","D","08","D",32,"D",,"A",,"A",,"A",,"A"
"20134",2715302,42,0,"1","420","D","09","D",270,"D",,"A",,"A",,"A",,"A"
"20134",2715442,47,0,"1","430","D","08","D",.,"H","405","D","415","D",,"A",,"A"
"20134",2715442,47,1,"1","405","D","08","D",97,"E",,"A",,"A",,"A",,"A"
"20134",2715442,47,2,"1","420","D","08","D",53,"E",,"A",,"A",,"A",,"A"
"20134",2715572,63,0,"1","420","D","09","D",105,"D",,"A",,"A",,"A",,"A"
"20134",2715672,48,0,"1","420","D","09","D",89,"D",,"A",,"A",,"A",,"A"
"20134",2715792,65,0,"1","420","D","08","D",159,"D",,"A",,"A",,"A",,"A"
"20134",2715812,39,0,"1","400","D","09","D",12,"D",,"A",,"A",,"A",,"A"
"20134",2715822,32,0,"1","420","D","07","D",105,"D",,"A",,"A",,"A",,"A"
"20134",2716242,17,0,"1","400","D","07","D",50,"D",,"A",,"A",,"A",,"A"
"20134",2716272,15,0,"2","410","D","07","D",45,"D",,"A",,"A",,"A",,"A"
"20134",2716462,38,0,"1","400","D","07","D",25,"D",,"A",,"A",,"A",,"A"
"20134",2716502,36,0,"2","420","D","07","D",58,"D",,"A",,"A",,"A",,"A"
"20134",2716512,54,0,"1","420","D","09","D",160,"D",,"A",,"A",,"A",,"A"
"20134",2716542,17,0,"1","410","D","08","D",33,"D",,"A",,"A",,"A",,"A"
"20134",2716542,18,0,"1","410","D","07","D",33,"D",,"A",,"A",,"A",,"A"
"20134",2716565,22,0,"1","410","D","09","D",40,"D",,"A",,"A",,"A",,"A"
"20134",2716692,54,0,"1","400","D","07","D",15,"D",,"A",,"A",,"A",,"A"
"20134",2716712,46,0,"1","420","D","08","D",102,"D",,"A",,"A",,"A",,"A"
"20134",2716712,47,0,"1","400","D","09","D",5,"D",,"A",,"A",,"A",,"A"
"20134",2716712,48,0,"2","420","D","07","D",103,"D",,"A",,"A",,"A",,"A"
"20134",2716712,49,0,"2","420","D","07","D",185,"D",,"A",,"A",,"A",,"A"
"20134",2716762,54,0,"1","420","D","08","D",80,"D",,"A",,"A",,"A",,"A"
"20134",2716792,31,0,"1","420","D","09","D",150,"D",,"A",,"A",,"A",,"A"
"20134",2716952,26,0,"1","410","D","08","D",16,"D",,"A",,"A",,"A",,"A"
"20134",2717042,34,0,"1","420","D","07","D",230,"D",,"A",,"A",,"A",,"A"
"20134",2717122,28,0,"1","420","D","08","D",89,"D",,"A",,"A",,"A",,"A"
"20134",2717282,17,0,"1","420","D","09","D",95,"D",,"A",,"A",,"A",,"A"
"20134",2717383,35,0,"1","400","D","08","D",32,"D",,"A",,"A",,"A",,"A"
"20134",2717402,50,0,"1","400","D","09","D",32,"D",,"A",,"A",,"A",,"A"
"20134",2717402,51,0,"2","420","D","07","D",104,"D",,"A",,"A",,"A",,"A"
"20134",2717452,34,0,"1","420","D","07","D",210,"D",,"A",,"A",,"A",,"A"
"20134",2717562,27,0,"1","420","D","08","D",386,"D",,"A",,"A",,"A",,"A"
"20134",2717582,45,0,"1","400","D","09","D",32,"D",,"A",,"A",,"A",,"A"
"20134",2717582,46,0,"1","420","D","08","D",161,"D",,"A",,"A",,"A",,"A"
"20134",2717602,36,0,"1","420","D","09","D",161,"D",,"A",,"A",,"A",,"A"
"20134",2717612,37,0,"2","420","D","07","D",82,"D",,"A",,"A",,"A",,"A"
"20134",2717822,39,0,"1","420","D","09","D",89,"D",,"A",,"A",,"A",,"A"
"20134",2717832,46,0,"1","420","D","09","D",101,"D",,"A",,"A",,"A",,"A"
"20134",2717875,30,0,"1","420","D","08","D",250,"D",,"A",,"A",,"A",,"A"
"20134",2717875,31,0,"1","400","D","08","D",36,"D",,"A",,"A",,"A",,"A"
"20134",2717972,32,0,"1","420","D","08","D",50,"D",,"A",,"A",,"A",,"A"
"20134",2718002,46,0,"1","420","D","09","D",100,"D",,"A",,"A",,"A",,"A"
"20134",2718082,35,0,"1","420","D","09","D",85,"D",,"A",,"A",,"A",,"A"
"20134",2718132,18,0,"1","420","D","09","D",100,"D",,"A",,"A",,"A",,"A"
"20134",2718222,16,0,"1","410","D","08","D",32,"D",,"A",,"A",,"A",,"A"
"20134",2718264,33,0,"2","400","D","07","D",30,"D",,"A",,"A",,"A",,"A"
"20134",2718352,46,0,"1","400","D","08","D",18,"D",,"A",,"A",,"A",,"A"
"20134",2718352,47,0,"1","420","D","08","D",67,"D",,"A",,"A",,"A",,"A"
"20134",2718642,51,0,"1","420","D","09","D",75,"D",,"A",,"A",,"A",,"A"
"20134",2718702,59,0,"1","420","D","08","D",110,"D",,"A",,"A",,"A",,"A"
"20134",2718752,41,0,"2","420","D","07","D",223,"D",,"A",,"A",,"A",,"A"
"20134",2718782,25,0,"1","420","D","09","D",130,"D",,"A",,"A",,"A",,"A"
"20134",2718822,20,0,"1","410","D","08","D",5,"D",,"A",,"A",,"A",,"A"
"20134",2718822,21,0,"1","420","D","08","D",389,"F",,"A",,"A",,"A",,"A"
"20134",2718832,22,0,"2","420","D","07","D",53,"D",,"A",,"A",,"A",,"A"
"20134",2718862,30,0,"1","410","D","08","D",105,"D",,"A",,"A",,"A",,"A"
"20134",2718862,31,0,"1","420","D","08","D",105,"D",,"A",,"A",,"A",,"A"
"20134",2718902,39,0,"1","400","D","09","D",50,"D",,"A",,"A",,"A",,"A"
"20134",2719002,66,0,"1","410","D","08","D",20,"D",,"A",,"A",,"A",,"A"
"20134",2719142,44,0,"1","420","D","09","D",63,"D",,"A",,"A",,"A",,"A"
"20134",2719142,45,0,"1","420","D","09","D",100,"D",,"A",,"A",,"A",,"A"
"20134",2719372,25,0,"2","420","D","07","D",49,"D",,"A",,"A",,"A",,"A"
"20134",2719402,41,0,"2","420","D","07","D",120,"D",,"A",,"A",,"A",,"A"
"20134",2719412,57,0,"1","420","D","08","D",103,"D",,"A",,"A",,"A",,"A"
"20134",2719492,59,0,"1","420","D","08","D",135,"D",,"A",,"A",,"A",,"A"
"20134",2719552,16,0,"1","420","D","07","D",110,"D",,"A",,"A",,"A",,"A"
"20134",2719652,60,0,"1","400","D","09","D",60,"D",,"A",,"A",,"A",,"A"
"20134",2719652,61,0,"1","420","D","09","D",100,"D",,"A",,"A",,"A",,"A"
"20134",2719732,34,0,"1","420","D","09","D",73,"D",,"A",,"A",,"A",,"A"
"20134",2719742,55,0,"1","400","D","09","D",20,"D",,"A",,"A",,"A",,"A"
"20134",2719742,56,0,"1","410","D","09","D",25,"D",,"A",,"A",,"A",,"A"
"20134",2719772,19,0,"1","430","D","09","D",.,"H","405","D","415","D",,"A",,"A"
"20134",2719772,19,1,"1","420","D","09","D",200,"E",,"A",,"A",,"A",,"A"
"20134",2719832,43,0,"1","420","D","09","D",56,"D",,"A",,"A",,"A",,"A"
"20134",2719912,16,0,"1","420","D","08","D",25,"D",,"A",,"A",,"A",,"A"
"20134",2719932,36,0,"1","430","D","09","D",.,"H","415","D","425","D","400","D",,"A"
"20134",2719932,36,1,"1","420","D","09","D",30,"E",,"A",,"A",,"A",,"A"
"20134",2719932,36,2,"1","420","D","09","D",23,"E",,"A",,"A",,"A",,"A"
"20134",2719932,36,3,"1","400","D","09","D",12,"E",,"A",,"A",,"A",,"A"
"20134",2719932,37,0,"1","430","D","09","D",.,"H","425","D","415","D",,"A",,"A"
"20134",2719932,37,1,"1","420","D","09","D",42,"E",,"A",,"A",,"A",,"A"
"20134",2719932,37,2,"1","420","D","09","D",50,"E",,"A",,"A",,"A",,"A"
"20134",2719972,41,0,"2","410","D","07","D",15,"D",,"A",,"A",,"A",,"A"
"20134",2719992,32,0,"1","400","D","09","D",25,"D",,"A",,"A",,"A",,"A"
"20134",2720042,43,0,"2","410","D","07","D",45,"D",,"A",,"A",,"A",,"A"
"20134",2720042,44,0,"2","400","D","07","D",25,"D",,"A",,"A",,"A",,"A"
"20134",2720102,50,0,"1","405","D","09","D",227,"D",,"A",,"A",,"A",,"A"
"20134",2720212,84,0,"1","400","D","08","D",35,"D",,"A",,"A",,"A",,"A"
"20134",2720212,85,0,"1","420","D","09","D",35,"D",,"A",,"A",,"A",,"A"
"20134",2720282,36,0,"1","400","D","08","D",20,"D",,"A",,"A",,"A",,"A"
"20134",2720282,37,0,"1","420","D","08","D",120,"D",,"A",,"A",,"A",,"A"
"20134",2720332,27,0,"1","420","D","09","D",86,"D",,"A",,"A",,"A",,"A"
"20134",2720362,21,0,"1","410","D","09","D",30,"D",,"A",,"A",,"A",,"A"
"20134",2720372,48,0,"1","420","D","07","D",50,"D",,"A",,"A",,"A",,"A"
"20134",2720552,47,0,"1","400","D","09","D",29,"D",,"A",,"A",,"A",,"A"
"20134",2720582,25,0,"1","430","D","09","D",.,"H","415","D","410","D",,"A",,"A"
"20134",2720582,25,1,"1","420","D","09","D",56,"E",,"A",,"A",,"A",,"A"
"20134",2720582,25,2,"1","410","D","09","D",80,"E",,"A",,"A",,"A",,"A"
"20134",2720852,62,0,"1","430","D","09","D",.,"H","405","D","415","D",,"A",,"A"
"20134",2720852,62,1,"1","405","D","09","D",327,"E",,"A",,"A",,"A",,"A"
"20134",2720852,62,2,"1","420","D","09","D",123,"E",,"A",,"A",,"A",,"A"
"20134",2721032,46,0,"1","410","D","09","D",56,"D",,"A",,"A",,"A",,"A"
"20134",2721042,39,0,"1","420","D","09","D",170,"D",,"A",,"A",,"A",,"A"
"20134",2721072,67,0,"1","420","D","07","D",127,"D",,"A",,"A",,"A",,"A"
"20134",2721072,68,0,"1","410","D","07","D",50,"D",,"A",,"A",,"A",,"A"
"20134",2721252,51,0,"1","420","D","08","D",50,"D",,"A",,"A",,"A",,"A"
"20134",2721362,49,0,"1","420","D","08","D",38,"D",,"A",,"A",,"A",,"A"
"20134",2721492,30,0,"1","430","D","09","D",.,"H","415","D","400","D",,"A",,"A"
"20134",2721492,30,1,"1","420","D","09","D",193,"E",,"A",,"A",,"A",,"A"
"20134",2721492,30,2,"1","400","D","09","D",35,"E",,"A",,"A",,"A",,"A"
"20134",2721612,27,0,"2","420","D","07","D",63,"D",,"A",,"A",,"A",,"A"
"20134",2721612,28,0,"2","410","D","07","D",12,"D",,"A",,"A",,"A",,"A"
"20134",2721642,20,0,"1","400","D","08","D",72,"D",,"A",,"A",,"A",,"A"
"20134",2721642,21,0,"1","410","D","08","D",60,"D",,"A",,"A",,"A",,"A"
"20134",2721642,22,0,"1","420","D","08","D",110,"D",,"A",,"A",,"A",,"A"
"20134",2721815,21,0,"2","430","D","07","D",.,"H","415","D","400","D",,"A",,"A"
"20134",2721815,21,1,"2","420","D","07","D",84,"E",,"A",,"A",,"A",,"A"
"20134",2721815,21,2,"2","400","D","07","D",50,"E",,"A",,"A",,"A",,"A"
"20134",2721852,28,0,"2","420","D","07","D",101,"D",,"A",,"A",,"A",,"A"
"20134",2721882,34,0,"1","420","D","09","D",105,"D",,"A",,"A",,"A",,"A"
"20134",2721922,42,0,"1","410","D","09","D",93,"D",,"A",,"A",,"A",,"A"
"20134",2722022,22,0,"2","420","D","07","D",64,"D",,"A",,"A",,"A",,"A"
"20134",2722042,49,0,"1","420","D","09","D",75,"D",,"A",,"A",,"A",,"A"
"20134",2722142,39,0,"1","410","D","07","D",12,"D",,"A",,"A",,"A",,"A"
"20134",2722252,25,0,"1","420","D","08","D",100,"D",,"A",,"A",,"A",,"A"
"20134",2722272,70,0,"1","420","D","08","D",120,"D",,"A",,"A",,"A",,"A"
"20134",2722272,71,0,"1","405","D","08","D",540,"D",,"A",,"A",,"A",,"A"
"20134",2722332,22,0,"1","420","D","08","D",29,"D",,"A",,"A",,"A",,"A"
"20134",2722342,33,0,"1","400","D","08","D",34,"D",,"A",,"A",,"A",,"A"
"20134",2722355,15,0,"1","420","D","08","D",62,"D",,"A",,"A",,"A",,"A"
"20134",2722392,33,0,"1","420","D","07","D",80,"D",,"A",,"A",,"A",,"A"
"20134",2722402,64,0,"1","400","D","09","D",50,"D",,"A",,"A",,"A",,"A"
"20134",2722402,65,0,"2","400","D","07","D",65,"D",,"A",,"A",,"A",,"A"
"20134",2722422,28,0,"1","420","D","09","D",160,"D",,"A",,"A",,"A",,"A"
"20134",2722582,43,0,"1","400","D","09","D",30,"D",,"A",,"A",,"A",,"A"
"20134",2722772,40,0,"1","420","D","09","D",65,"D",,"A",,"A",,"A",,"A"
"20134",2722932,47,0,"1","400","D","08","D",11,"D",,"A",,"A",,"A",,"A"
"20134",2723072,22,0,"1","400","D","08","D",30,"D",,"A",,"A",,"A",,"A"
"20134",2723162,15,0,"1","420","D","07","D",85,"D",,"A",,"A",,"A",,"A"
"20134",2723292,51,0,"1","410","D","07","D",75,"D",,"A",,"A",,"A",,"A"
"20134",2723292,52,0,"1","420","D","07","D",494,"D",,"A",,"A",,"A",,"A"
"20134",2723332,49,0,"2","420","D","07","D",45,"D",,"A",,"A",,"A",,"A"
"20134",2723372,57,0,"1","400","D","08","D",10,"D",,"A",,"A",,"A",,"A"
"20134",2723892,70,0,"1","410","D","09","D",77,"D",,"A",,"A",,"A",,"A"
"20134",2724002,47,0,"1","420","D","07","D",100,"D",,"A",,"A",,"A",,"A"
"20134",2724012,34,0,"1","420","D","08","D",278,"D",,"A",,"A",,"A",,"A"
"20134",2724292,43,0,"1","420","D","09","D",82,"D",,"A",,"A",,"A",,"A"
"20134",2724332,49,0,"1","420","D","09","D",90,"D",,"A",,"A",,"A",,"A"
"20134",2724344,44,0,"1","410","D","09","D",25,"F",,"A",,"A",,"A",,"A"
"20134",2724352,52,0,"1","420","D","07","D",101,"D",,"A",,"A",,"A",,"A"
"20134",2724362,35,0,"1","430","D","08","D",.,"H","425","D","415","D",,"A",,"A"
"20134",2724362,35,1,"1","420","D","08","D",59,"E",,"A",,"A",,"A",,"A"
"20134",2724362,35,2,"1","420","D","08","D",71,"E",,"A",,"A",,"A",,"A"
"20134",2724432,23,0,"1","410","D","09","D",20,"D",,"A",,"A",,"A",,"A"
"20134",2724502,43,0,"1","420","D","08","D",800,"D",,"A",,"A",,"A",,"A"
"20134",2724502,44,0,"2","400","D","07","D",28,"D",,"A",,"A",,"A",,"A"
"20134",2724582,24,0,"1","420","D","08","D",179,"D",,"A",,"A",,"A",,"A"
"20134",2724612,34,0,"1","410","D","07","D",20,"D",,"A",,"A",,"A",,"A"
"20134",2724612,35,0,"1","420","D","09","D",300,"D",,"A",,"A",,"A",,"A"
"20134",2724782,15,0,"1","420","D","09","D",65,"D",,"A",,"A",,"A",,"A"
"20134",2724942,15,0,"1","410","D","09","D",10,"D",,"A",,"A",,"A",,"A"
"20134",2724972,33,0,"1","420","D","10","D",78,"D",,"A",,"A",,"A",,"A"
"20134",2724992,18,0,"1","420","D","10","D",65,"D",,"A",,"A",,"A",,"A"
"20134",2725092,32,0,"1","410","D","09","D",55,"D",,"A",,"A",,"A",,"A"
"20134",2725152,35,0,"1","420","D","10","D",113,"D",,"A",,"A",,"A",,"A"
"20134",2725152,36,0,"1","400","D","10","D",33,"D",,"A",,"A",,"A",,"A"
"20134",2725212,46,0,"2","420","D","08","D",50,"D",,"A",,"A",,"A",,"A"
"20134",2725292,35,0,"1","400","D","09","D",36,"D",,"A",,"A",,"A",,"A"
"20134",2725382,27,0,"1","400","D","09","D",35,"D",,"A",,"A",,"A",,"A"
"20134",2725412,63,0,"1","410","D","08","D",40,"D",,"A",,"A",,"A",,"A"
"20134",2725412,64,0,"1","420","D","08","D",150,"D",,"A",,"A",,"A",,"A"
"20134",2725432,52,0,"1","420","D","10","D",45,"D",,"A",,"A",,"A",,"A"
"20134",2725442,21,0,"1","410","D","09","D",45,"D",,"A",,"A",,"A",,"A"
"20134",2725442,22,0,"1","420","D","09","D",130,"D",,"A",,"A",,"A",,"A"
"20134",2725472,41,0,"1","420","D","10","D",135,"D",,"A",,"A",,"A",,"A"
"20134",2725492,39,0,"1","420","D","08","D",95,"D",,"A",,"A",,"A",,"A"
"20134",2725492,40,0,"1","410","D","08","D",30,"D",,"A",,"A",,"A",,"A"
"20134",2725492,41,0,"1","420","D","10","D",92,"D",,"A",,"A",,"A",,"A"
"20134",2725662,44,0,"1","400","D","09","D",20,"D",,"A",,"A",,"A",,"A"
"20134",2725662,45,0,"1","420","D","09","D",135,"D",,"A",,"A",,"A",,"A"
"20134",2725672,28,0,"1","410","D","10","D",10,"D",,"A",,"A",,"A",,"A"
"20134",2725762,36,0,"1","420","D","10","D",30,"D",,"A",,"A",,"A",,"A"
"20134",2725852,22,0,"1","430","D","09","D",.,"H","410","D","400","D",,"A",,"A"
"20134",2725852,22,1,"1","410","D","09","D",270,"E",,"A",,"A",,"A",,"A"
"20134",2725852,22,2,"1","400","D","09","D",100,"E",,"A",,"A",,"A",,"A"
"20134",2725862,24,0,"1","410","D","09","D",13,"D",,"A",,"A",,"A",,"A"
"20134",2725862,25,0,"1","420","D","09","D",28,"D",,"A",,"A",,"A",,"A"
"20134",2725882,20,0,"1","420","D","10","D",60,"D",,"A",,"A",,"A",,"A"
"20134",2725912,28,0,"2","420","D","08","D",68,"D",,"A",,"A",,"A",,"A"
"20134",2726084,13,0,"1","420","D","09","D",100,"D",,"A",,"A",,"A",,"A"
"20134",2726132,79,0,"1","410","D","08","D",100,"D",,"A",,"A",,"A",,"A"
"20134",2726132,80,0,"1","410","D","09","D",100,"D",,"A",,"A",,"A",,"A"
"20134",2726192,27,0,"1","420","D","10","D",90,"D",,"A",,"A",,"A",,"A"
"20134",2726242,45,0,"1","410","D","10","D",15,"D",,"A",,"A",,"A",,"A"
"20134",2726342,46,0,"1","420","D","10","D",186,"F",,"A",,"A",,"A",,"A"
"20134",2726342,47,0,"1","400","D","08","D",59,"F",,"A",,"A",,"A",,"A"
"20134",2726422,30,0,"1","400","D","10","D",20,"D",,"A",,"A",,"A",,"A"
"20134",2726422,31,0,"1","410","D","09","D",18,"D",,"A",,"A",,"A",,"A"
"20134",2726665,51,0,"1","420","D","09","D",180,"D",,"A",,"A",,"A",,"A"
"20134",2726792,25,0,"1","410","D","09","D",45,"D",,"A",,"A",,"A",,"A"
"20134",2726792,26,0,"1","430","D","10","D",.,"H","400","D","425","D",,"A",,"A"
"20134",2726792,26,1,"1","400","D","10","D",68,"E",,"A",,"A",,"A",,"A"
"20134",2726792,26,2,"1","420","D","10","D",150,"E",,"A",,"A",,"A",,"A"
"20134",2726882,59,0,"1","420","D","09","D",330,"D",,"A",,"A",,"A",,"A"
"20134",2726942,24,0,"2","400","D","08","D",40,"D",,"A",,"A",,"A",,"A"
"20134",2726972,41,0,"1","420","D","10","D",150,"D",,"A",,"A",,"A",,"A"
"20134",2727042,81,0,"1","420","D","09","D",130,"D",,"A",,"A",,"A",,"A"
"20134",2727102,20,0,"1","400","D","10","D",29,"D",,"A",,"A",,"A",,"A"
"20134",2727102,21,0,"1","410","D","10","D",58,"D",,"A",,"A",,"A",,"A"
"20134",2727202,39,0,"1","420","D","10","D",110,"D",,"A",,"A",,"A",,"A"
"20134",2727232,32,0,"1","430","D","10","D",.,"H","415","D","410","D",,"A",,"A"
"20134",2727232,32,1,"1","420","D","10","D",38,"E",,"A",,"A",,"A",,"A"
"20134",2727232,32,2,"1","410","D","10","D",5,"E",,"A",,"A",,"A",,"A"
"20134",2727282,31,0,"1","420","D","09","D",188,"D",,"A",,"A",,"A",,"A"
"20134",2727322,41,0,"1","420","D","10","D",800,"D",,"A",,"A",,"A",,"A"
"20134",2727342,17,0,"1","400","D","09","D",26,"D",,"A",,"A",,"A",,"A"
"20134",2727372,24,0,"1","405","D","09","D",269,"D",,"A",,"A",,"A",,"A"
"20134",2727382,33,0,"1","420","D","09","D",65,"D",,"A",,"A",,"A",,"A"
"20134",2727402,44,0,"1","420","D","08","D",75,"F",,"A",,"A",,"A",,"A"
"20134",2727422,32,0,"1","410","D","10","D",45,"D",,"A",,"A",,"A",,"A"
"20134",2727452,37,0,"1","420","D","09","D",35,"D",,"A",,"A",,"A",,"A"
"20134",2727562,39,0,"1","410","D","10","D",5,"D",,"A",,"A",,"A",,"A"
"20134",2727592,46,0,"1","420","D","09","D",100,"D",,"A",,"A",,"A",,"A"
"20134",2727722,53,0,"1","420","D","08","D",70,"D",,"A",,"A",,"A",,"A"
"20134",2727722,54,0,"1","420","D","08","D",100,"D",,"A",,"A",,"A",,"A"
"20134",2727815,36,0,"1","400","D","09","D",11,"D",,"A",,"A",,"A",,"A"
"20134",2727982,38,0,"1","420","D","10","D",400,"D",,"A",,"A",,"A",,"A"
"20134",2728012,16,0,"1","420","D","10","D",16,"D",,"A",,"A",,"A",,"A"
"20134",2728012,17,0,"1","420","D","10","D",16,"D",,"A",,"A",,"A",,"A"
"20134",2728092,36,0,"1","430","D","10","D",.,"H","410","D","415","D",,"A",,"A"
"20134",2728092,36,1,"1","410","D","10","D",32,"E",,"A",,"A",,"A",,"A"
"20134",2728092,36,2,"1","420","D","10","D",89,"E",,"A",,"A",,"A",,"A"
"20134",2728102,36,0,"1","420","D","09","D",48,"D",,"A",,"A",,"A",,"A"
"20134",2728162,33,0,"1","430","D","09","D",.,"H","415","D","400","D",,"A",,"A"
"20134",2728162,33,1,"1","420","D","09","D",227,"E",,"A",,"A",,"A",,"A"
"20134",2728162,33,2,"1","400","D","09","D",52,"E",,"A",,"A",,"A",,"A"
"20134",2728172,65,0,"1","420","D","09","D",30,"D",,"A",,"A",,"A",,"A"
"20134",2728182,39,0,"1","410","D","09","D",16,"D",,"A",,"A",,"A",,"A"
"20134",2728182,40,0,"1","405","D","10","D",1034,"D",,"A",,"A",,"A",,"A"
"20134",2728182,41,0,"2","410","D","08","D",28,"D",,"A",,"A",,"A",,"A"
"20134",2728212,32,0,"1","420","D","09","D",25,"D",,"A",,"A",,"A",,"A"
"20134",2728212,33,0,"1","405","D","09","D",140,"D",,"A",,"A",,"A",,"A"
"20134",2728292,22,0,"1","400","D","09","D",24,"D",,"A",,"A",,"A",,"A"
"20134",2728352,29,0,"1","400","D","10","D",18,"D",,"A",,"A",,"A",,"A"
"20134",2728372,29,0,"1","400","D","10","D",10,"D",,"A",,"A",,"A",,"A"
"20134",2728432,24,0,"1","420","D","10","D",100,"D",,"A",,"A",,"A",,"A"
"20134",2728582,32,0,"1","400","D","10","D",2,"D",,"A",,"A",,"A",,"A"
"20134",2728744,41,0,"2","410","D","08","D",40,"D",,"A",,"A",,"A",,"A"
"20134",2728744,42,0,"2","420","D","08","D",70,"D",,"A",,"A",,"A",,"A"
"20134",2728772,46,0,"1","410","D","10","D",40,"D",,"A",,"A",,"A",,"A"
"20134",2728912,47,0,"1","430","D","08","D",.,"H","410","D","415","D",,"A",,"A"
"20134",2728912,47,1,"1","410","D","08","D",26,"E",,"A",,"A",,"A",,"A"
"20134",2728912,47,2,"1","420","D","08","D",59,"E",,"A",,"A",,"A",,"A"
"20134",2728962,43,0,"1","410","D","09","D",64,"D",,"A",,"A",,"A",,"A"
"20134",2728962,44,0,"1","420","D","09","D",380,"D",,"A",,"A",,"A",,"A"
"20134",2729102,24,0,"2","400","D","08","D",25,"D",,"A",,"A",,"A",,"A"
"20134",2729102,25,0,"2","420","D","08","D",180,"D",,"A",,"A",,"A",,"A"
"20134",2729112,50,0,"2","410","D","08","D",8,"D",,"A",,"A",,"A",,"A"
"20134",2729292,32,0,"1","400","D","10","D",75,"D",,"A",,"A",,"A",,"A"
"20134",2729442,53,0,"1","410","D","08","D",75,"D",,"A",,"A",,"A",,"A"
"20134",2729442,54,0,"1","410","D","08","D",75,"D",,"A",,"A",,"A",,"A"
"20134",2729482,23,0,"1","420","D","10","D",200,"D",,"A",,"A",,"A",,"A"
"20134",2729482,24,0,"1","420","D","10","D",100,"D",,"A",,"A",,"A",,"A"
"20134",2729502,28,0,"1","420","D","08","D",26,"D",,"A",,"A",,"A",,"A"
"20134",2729502,29,0,"1","420","D","09","D",26,"D",,"A",,"A",,"A",,"A"
"20134",2729542,30,0,"1","420","D","09","D",160,"D",,"A",,"A",,"A",,"A"
"20134",2729572,30,0,"1","420","D","09","D",80,"D",,"A",,"A",,"A",,"A"
"20134",2729602,45,0,"1","400","D","09","D",26,"D",,"A",,"A",,"A",,"A"
"20134",2729662,36,0,"1","400","D","09","D",50,"D",,"A",,"A",,"A",,"A"
"20134",2729952,62,0,"1","400","D","08","D",40,"D",,"A",,"A",,"A",,"A"
"20134",2729952,63,0,"1","420","D","08","D",86,"D",,"A",,"A",,"A",,"A"
"20134",2729993,24,0,"1","420","D","10","D",67,"D",,"A",,"A",,"A",,"A"
"20134",2730162,41,0,"1","410","D","10","D",20,"D",,"A",,"A",,"A",,"A"
"20134",2730242,49,0,"1","410","D","10","D",38,"D",,"A",,"A",,"A",,"A"
"20134",2730242,50,0,"1","420","D","10","D",127,"D",,"A",,"A",,"A",,"A"
"20134",2730392,45,0,"1","420","D","10","D",140,"D",,"A",,"A",,"A",,"A"
"20134",2730462,34,0,"1","420","D","09","D",46,"D",,"A",,"A",,"A",,"A"
"20134",2730492,34,0,"1","410","D","09","D",40,"D",,"A",,"A",,"A",,"A"
"20134",2730542,29,0,"2","410","D","08","D",5,"D",,"A",,"A",,"A",,"A"
"20134",2730792,23,0,"1","410","D","10","D",65,"D",,"A",,"A",,"A",,"A"
"20134",2730792,24,0,"2","420","D","08","D",84,"D",,"A",,"A",,"A",,"A"
"20134",2730872,55,0,"2","420","D","08","D",402,"D",,"A",,"A",,"A",,"A"
"20134",2731032,29,0,"1","420","D","10","D",40,"D",,"A",,"A",,"A",,"A"
"20134",2731442,35,0,"2","405","D","08","D",689,"D",,"A",,"A",,"A",,"A"
"20134",2731442,36,0,"2","405","D","08","D",85,"D",,"A",,"A",,"A",,"A"
"20134",2731602,70,0,"1","400","D","10","D",70,"D",,"A",,"A",,"A",,"A"
"20134",2731602,71,0,"2","410","D","08","D",14,"D",,"A",,"A",,"A",,"A"
"20134",2731632,61,0,"1","410","D","10","D",34,"D",,"A",,"A",,"A",,"A"
"20134",2731632,62,0,"1","420","D","10","D",102,"D",,"A",,"A",,"A",,"A"
"20134",2731632,63,0,"1","405","D","09","D",1641,"D",,"A",,"A",,"A",,"A"
"20134",2731772,18,0,"1","420","D","10","D",80,"D",,"A",,"A",,"A",,"A"
"20134",2731872,62,0,"1","420","D","09","D",97,"D",,"A",,"A",,"A",,"A"
"20134",2731872,63,0,"1","420","D","09","D",98,"D",,"A",,"A",,"A",,"A"
"20134",2731872,64,0,"1","400","D","09","D",68,"D",,"A",,"A",,"A",,"A"
"20134",2732062,48,0,"2","420","D","08","D",218,"D",,"A",,"A",,"A",,"A"
"20134",2732082,36,0,"1","420","D","09","D",100,"D",,"A",,"A",,"A",,"A"
"20134",2732152,66,0,"2","420","D","08","D",131,"F",,"A",,"A",,"A",,"A"
"20134",2732312,25,0,"1","420","D","08","D",45,"D",,"A",,"A",,"A",,"A"
"20134",2732322,46,0,"1","420","D","09","D",140,"D",,"A",,"A",,"A",,"A"
"20134",2732375,18,0,"1","400","D","09","D",30,"D",,"A",,"A",,"A",,"A"
"20134",2732375,19,0,"1","420","D","09","D",20,"D",,"A",,"A",,"A",,"A"
"20134",2732375,20,0,"1","420","D","09","D",40,"D",,"A",,"A",,"A",,"A"
"20134",2732582,28,0,"1","420","D","09","D",180,"D",,"A",,"A",,"A",,"A"
"20134",2732592,45,0,"1","410","D","09","D",20,"D",,"A",,"A",,"A",,"A"
"20134",2732632,29,0,"2","420","D","08","D",161,"D",,"A",,"A",,"A",,"A"
"20134",2732702,25,0,"1","420","D","10","D",24,"D",,"A",,"A",,"A",,"A"
"20134",2732742,20,0,"1","420","D","10","D",64,"D",,"A",,"A",,"A",,"A"
"20134",2732932,54,0,"1","420","D","09","D",197,"D",,"A",,"A",,"A",,"A"
"20134",2732982,30,0,"1","420","D","09","D",99,"D",,"A",,"A",,"A",,"A"
"20134",2732992,23,0,"1","410","D","09","D",40,"D",,"A",,"A",,"A",,"A"
"20134",2733052,38,0,"1","405","D","09","D",145,"D",,"A",,"A",,"A",,"A"
"20134",2733052,39,0,"1","405","D","09","D",246,"D",,"A",,"A",,"A",,"A"
"20134",2733152,43,0,"1","420","D","10","D",101,"D",,"A",,"A",,"A",,"A"
"20134",2733212,40,0,"1","400","D","09","D",55,"D",,"A",,"A",,"A",,"A"
"20134",2733212,41,0,"1","410","D","09","D",20,"D",,"A",,"A",,"A",,"A"
"20134",2733212,42,0,"1","420","D","09","D",118,"D",,"A",,"A",,"A",,"A"
"20134",2733352,28,0,"1","400","D","09","D",12,"D",,"A",,"A",,"A",,"A"
"20134",2733442,34,0,"1","420","D","10","D",120,"D",,"A",,"A",,"A",,"A"
"20134",2733472,54,0,"1","410","D","10","D",20,"D",,"A",,"A",,"A",,"A"
"20134",2733492,41,0,"1","410","D","10","D",35,"F",,"A",,"A",,"A",,"A"
"20134",2733662,35,0,"1","420","D","10","D",60,"D",,"A",,"A",,"A",,"A"
"20134",2733702,57,0,"1","410","D","10","D",36,"D",,"A",,"A",,"A",,"A"
"20134",2733702,58,0,"1","420","D","10","D",27,"D",,"A",,"A",,"A",,"A"
"20134",2733712,34,0,"1","430","D","10","D",.,"H","405","D","415","D",,"A",,"A"
"20134",2733712,34,1,"1","405","D","10","D",212,"E",,"A",,"A",,"A",,"A"
"20134",2733712,34,2,"1","420","D","10","D",117,"E",,"A",,"A",,"A",,"A"
"20134",2733732,30,0,"1","400","D","10","D",32,"D",,"A",,"A",,"A",,"A"
"20134",2733802,58,0,"1","410","D","10","D",100,"D",,"A",,"A",,"A",,"A"
"20134",2733892,44,0,"1","400","D","10","D",75,"D",,"A",,"A",,"A",,"A"
"20134",2733932,38,0,"2","420","D","08","D",35,"D",,"A",,"A",,"A",,"A"
"20134",2734012,43,0,"2","400","D","08","D",18,"D",,"A",,"A",,"A",,"A"
"20134",2734092,24,0,"1","410","D","10","D",15,"D",,"A",,"A",,"A",,"A"
"20134",2734092,25,0,"1","420","D","10","D",67,"D",,"A",,"A",,"A",,"A"
"20134",2734132,65,0,"2","410","D","08","D",20,"D",,"A",,"A",,"A",,"A"
"20134",2734142,40,0,"1","420","D","10","D",101,"D",,"A",,"A",,"A",,"A"
"20134",2734152,61,0,"1","410","D","09","D",70,"D",,"A",,"A",,"A",,"A"
"20134",2734172,36,0,"1","410","D","09","D",45,"D",,"A",,"A",,"A",,"A"
"20134",2734172,37,0,"1","420","D","09","D",110,"D",,"A",,"A",,"A",,"A"
"20134",2734292,35,0,"1","410","D","09","D",16,"D",,"A",,"A",,"A",,"A"
"20134",2734382,52,0,"1","420","D","09","D",35,"D",,"A",,"A",,"A",,"A"
"20134",2734482,30,0,"1","420","D","08","D",79,"D",,"A",,"A",,"A",,"A"
"20134",2734672,44,0,"1","420","D","10","D",72,"D",,"A",,"A",,"A",,"A"
"20134",2734672,45,0,"2","420","D","08","D",71,"D",,"A",,"A",,"A",,"A"
"20134",2734822,26,0,"1","400","D","09","D",24,"D",,"A",,"A",,"A",,"A"
"20134",2735052,29,0,"1","420","D","09","D",85,"D",,"A",,"A",,"A",,"A"
"20134",2735252,50,0,"1","420","D","08","D",92,"D",,"A",,"A",,"A",,"A"
"20134",2735372,55,0,"1","410","D","10","D",30,"D",,"A",,"A",,"A",,"A"
"20134",2735372,56,0,"1","410","D","10","D",30,"D",,"A",,"A",,"A",,"A"
"20134",2735562,40,0,"1","420","D","09","D",140,"D",,"A",,"A",,"A",,"A"
"20134",2735582,39,0,"1","410","D","09","D",58,"D",,"A",,"A",,"A",,"A"
"20134",2735642,22,0,"1","420","D","09","D",150,"D",,"A",,"A",,"A",,"A"
"20134",2735652,33,0,"1","420","D","08","D",182,"D",,"A",,"A",,"A",,"A"
"20134",2735765,28,0,"1","420","D","09","D",55,"D",,"A",,"A",,"A",,"A"
"20134",2735912,39,0,"2","420","D","08","D",70,"D",,"A",,"A",,"A",,"A"
"20134",2735942,31,0,"1","420","D","08","D",101,"D",,"A",,"A",,"A",,"A"
"20134",2736012,47,0,"1","400","D","09","D",20,"D",,"A",,"A",,"A",,"A"
"20134",2736022,15,0,"1","420","D","09","D",80,"D",,"A",,"A",,"A",,"A"
"20134",2736332,18,0,"1","400","D","10","D",28,"D",,"A",,"A",,"A",,"A"
"20134",2736422,18,0,"1","400","D","09","D",59,"D",,"A",,"A",,"A",,"A"
"20134",2736452,34,0,"1","400","D","09","D",54,"D",,"A",,"A",,"A",,"A"
"20134",2736612,64,0,"1","420","D","11","D",219,"D",,"A",,"A",,"A",,"A"
"20134",2736762,44,0,"1","420","D","11","D",250,"D",,"A",,"A",,"A",,"A"
"20134",2736762,45,0,"1","420","D","11","D",141,"D",,"A",,"A",,"A",,"A"
"20134",2736964,32,0,"1","420","D","10","D",86,"D",,"A",,"A",,"A",,"A"
"20134",2736992,54,0,"1","420","D","11","D",90,"D",,"A",,"A",,"A",,"A"
"20134",2736992,55,0,"2","420","D","09","D",58,"D",,"A",,"A",,"A",,"A"
"20134",2737042,61,0,"1","400","D","09","D",32,"D",,"A",,"A",,"A",,"A"
"20134",2737062,35,0,"2","420","D","09","D",112,"D",,"A",,"A",,"A",,"A"
"20134",2737142,49,0,"1","420","D","11","D",90,"D",,"A",,"A",,"A",,"A"
"20134",2737292,103,0,"1","420","D","11","D",410,"D",,"A",,"A",,"A",,"A"
"20134",2737292,104,0,"1","400","D","11","D",30,"D",,"A",,"A",,"A",,"A"
"20134",2737302,39,0,"1","420","D","11","D",86,"D",,"A",,"A",,"A",,"A"
"20134",2737312,39,0,"1","420","D","11","D",75,"D",,"A",,"A",,"A",,"A"
"20134",2737382,38,0,"1","400","D","11","D",100,"D",,"A",,"A",,"A",,"A"
"20134",2737822,36,0,"1","420","D","11","D",200,"D",,"A",,"A",,"A",,"A"
"20134",2737892,45,0,"1","420","D","11","D",222,"D",,"A",,"A",,"A",,"A"
"20134",2737892,46,0,"1","400","D","11","D",18,"D",,"A",,"A",,"A",,"A"
"20134",2737922,42,0,"2","420","D","09","D",60,"D",,"A",,"A",,"A",,"A"
"20134",2737942,44,0,"1","400","D","10","D",36,"D",,"A",,"A",,"A",,"A"
"20134",2737942,45,0,"1","420","D","11","D",36,"D",,"A",,"A",,"A",,"A"
"20134",2737942,46,0,"1","410","D","11","D",190,"D",,"A",,"A",,"A",,"A"
"20134",2737992,59,0,"1","420","D","11","D",87,"D",,"A",,"A",,"A",,"A"
"20134",2738032,28,0,"1","420","D","10","D",190,"D",,"A",,"A",,"A",,"A"
"20134",2738412,28,0,"1","400","D","11","D",60,"D",,"A",,"A",,"A",,"A"
"20134",2738412,29,0,"1","410","D","11","D",100,"D",,"A",,"A",,"A",,"A"
"20134",2738432,30,0,"1","420","D","10","D",89,"D",,"A",,"A",,"A",,"A"
"20134",2738462,51,0,"1","430","D","09","D",.,"H","410","D","415","D",,"A",,"A"
"20134",2738462,51,1,"1","410","D","09","D",35,"E",,"A",,"A",,"A",,"A"
"20134",2738462,51,2,"1","420","D","09","D",445,"E",,"A",,"A",,"A",,"A"
"20134",2738462,52,0,"2","410","D","09","D",36,"D",,"A",,"A",,"A",,"A"
"20134",2738562,44,0,"1","410","D","11","D",88,"D",,"A",,"A",,"A",,"A"
"20134",2738722,38,0,"1","420","D","11","D",355,"D",,"A",,"A",,"A",,"A"
"20134",2738812,42,0,"1","410","D","09","D",15,"D",,"A",,"A",,"A",,"A"
"20134",2738882,24,0,"1","410","D","10","D",27,"D",,"A",,"A",,"A",,"A"
"20134",2738902,30,0,"1","400","D","10","D",15,"D",,"A",,"A",,"A",,"A"
"20134",2738982,48,0,"1","410","D","11","D",29,"D",,"A",,"A",,"A",,"A"
"20134",2739102,41,0,"1","420","D","10","D",120,"D",,"A",,"A",,"A",,"A"
"20134",2739142,29,0,"2","405","D","09","D",208,"D",,"A",,"A",,"A",,"A"
"20134",2739232,52,0,"1","410","D","10","D",36,"D",,"A",,"A",,"A",,"A"
"20134",2739232,53,0,"1","410","D","10","D",36,"D",,"A",,"A",,"A",,"A"
"20134",2739232,54,0,"1","410","D","10","D",36,"D",,"A",,"A",,"A",,"A"
"20134",2739372,32,0,"2","420","D","09","D",36,"D",,"A",,"A",,"A",,"A"
"20134",2739662,65,0,"1","405","D","10","D",163,"D",,"A",,"A",,"A",,"A"
"20134",2739682,34,0,"1","420","D","11","D",207,"D",,"A",,"A",,"A",,"A"
"20134",2739732,36,0,"2","410","D","09","D",5,"D",,"A",,"A",,"A",,"A"
"20134",2739892,25,0,"1","410","D","09","D",20,"D",,"A",,"A",,"A",,"A"
"20134",2739932,81,0,"1","410","D","10","D",48,"D",,"A",,"A",,"A",,"A"
"20134",2739932,82,0,"1","420","D","10","D",36,"D",,"A",,"A",,"A",,"A"
"20134",2739982,56,0,"2","410","D","09","D",99,"D",,"A",,"A",,"A",,"A"
"20134",2739992,88,0,"1","420","D","11","D",53,"D",,"A",,"A",,"A",,"A"
"20134",2739992,89,0,"1","405","D","10","D",583,"D",,"A",,"A",,"A",,"A"
"20134",2739992,90,0,"2","405","D","09","D",350,"D",,"A",,"A",,"A",,"A"
"20134",2740092,35,0,"1","410","D","11","D",47,"D",,"A",,"A",,"A",,"A"
"20134",2740182,36,0,"1","420","D","11","D",288,"D",,"A",,"A",,"A",,"A"
"20134",2740292,81,0,"1","410","D","11","D",18,"D",,"A",,"A",,"A",,"A"
"20134",2740292,82,0,"1","405","D","09","D",144,"D",,"A",,"A",,"A",,"A"
"20134",2740292,83,0,"1","420","D","09","D",66,"D",,"A",,"A",,"A",,"A"
"20134",2740312,29,0,"2","420","D","09","D",135,"D",,"A",,"A",,"A",,"A"
"20134",2740602,44,0,"1","420","D","09","D",75,"D",,"A",,"A",,"A",,"A"
"20134",2740852,27,0,"1","400","D","11","D",48,"D",,"A",,"A",,"A",,"A"
"20134",2740952,33,0,"1","400","D","09","D",25,"D",,"A",,"A",,"A",,"A"
"20134",2741042,49,0,"2","420","D","09","D",120,"D",,"A",,"A",,"A",,"A"
"20134",2741172,20,0,"1","400","D","10","D",1750,"D",,"A",,"A",,"A",,"A"
"20134",2741212,34,0,"1","430","D","09","D",.,"H","410","D","415","D",,"A",,"A"
"20134",2741212,34,1,"1","410","D","09","D",43,"E",,"A",,"A",,"A",,"A"
"20134",2741212,34,2,"1","420","D","09","D",113,"E",,"A",,"A",,"A",,"A"
"20134",2741232,47,0,"1","420","D","11","D",103,"D",,"A",,"A",,"A",,"A"
"20134",2741232,48,0,"1","420","D","11","D",103,"D",,"A",,"A",,"A",,"A"
"20134",2741232,49,0,"1","420","D","11","D",138,"D",,"A",,"A",,"A",,"A"
"20134",2741232,50,0,"1","405","D","11","D",175,"D",,"A",,"A",,"A",,"A"
"20134",2741262,60,0,"1","420","D","11","D",101,"D",,"A",,"A",,"A",,"A"
"20134",2741382,36,0,"1","400","D","10","D",30,"D",,"A",,"A",,"A",,"A"
"20134",2741402,64,0,"1","420","D","11","D",79,"D",,"A",,"A",,"A",,"A"
"20134",2741692,25,0,"1","430","D","11","D",.,"H","405","D","415","D",,"A",,"A"
"20134",2741692,25,1,"1","405","D","11","D",48,"E",,"A",,"A",,"A",,"A"
"20134",2741692,25,2,"1","420","D","11","D",18,"E",,"A",,"A",,"A",,"A"
"20134",2741865,21,0,"1","420","D","10","D",101,"D",,"A",,"A",,"A",,"A"
"20134",2742022,29,0,"1","420","D","11","D",115,"D",,"A",,"A",,"A",,"A"
"20134",2742122,52,0,"1","420","D","11","D",75,"D",,"A",,"A",,"A",,"A"
"20134",2742142,36,0,"2","410","D","09","D",16,"D",,"A",,"A",,"A",,"A"
"20134",2742172,42,0,"1","420","D","11","D",110,"D",,"A",,"A",,"A",,"A"
"20134",2742172,43,0,"1","420","D","09","D",80,"D",,"A",,"A",,"A",,"A"
"20134",2742172,44,0,"1","400","D","09","D",21,"D",,"A",,"A",,"A",,"A"
"20134",2742212,54,0,"1","420","D","11","D",16,"D",,"A",,"A",,"A",,"A"
"20134",2742522,71,0,"1","400","D","10","D",30,"D",,"A",,"A",,"A",,"A"
"20134",2742522,72,0,"1","420","D","10","D",430,"D",,"A",,"A",,"A",,"A"
"20134",2742542,20,0,"1","410","D","11","D",27,"D",,"A",,"A",,"A",,"A"
"20134",2742542,21,0,"1","420","D","11","D",74,"D",,"A",,"A",,"A",,"A"
"20134",2742552,48,0,"1","420","D","10","D",15,"D",,"A",,"A",,"A",,"A"
"20134",2742552,49,0,"1","405","D","10","D",334,"D",,"A",,"A",,"A",,"A"
"20134",2742552,50,0,"1","420","D","10","D",66,"D",,"A",,"A",,"A",,"A"
"20134",2742752,49,0,"2","420","D","09","D",90,"D",,"A",,"A",,"A",,"A"
"20134",2742852,41,0,"2","420","D","09","D",170,"D",,"A",,"A",,"A",,"A"
"20134",2742892,25,0,"1","420","D","10","D",639,"D",,"A",,"A",,"A",,"A"
"20134",2743002,62,0,"1","420","D","11","D",101,"D",,"A",,"A",,"A",,"A"
"20134",2743032,49,0,"1","410","D","11","D",50,"D",,"A",,"A",,"A",,"A"
"20134",2743032,50,0,"1","420","D","11","D",85,"D",,"A",,"A",,"A",,"A"
"20134",2743062,88,0,"1","420","D","09","D",47,"D",,"A",,"A",,"A",,"A"
"20134",2743062,89,0,"1","420","D","10","D",72,"D",,"A",,"A",,"A",,"A"
"20134",2743062,90,0,"2","420","D","09","D",48,"D",,"A",,"A",,"A",,"A"
"20134",2743222,30,0,"2","400","D","09","D",30,"D",,"A",,"A",,"A",,"A"
"20134",2743292,54,0,"1","400","D","10","D",75,"D",,"A",,"A",,"A",,"A"
"20134",2743552,51,0,"1","420","D","11","D",99,"D",,"A",,"A",,"A",,"A"
"20134",2743592,45,0,"2","420","D","09","D",25,"F",,"A",,"A",,"A",,"A"
"20134",2743782,41,0,"1","420","D","10","D",50,"D",,"A",,"A",,"A",,"A"
"20134",2744032,27,0,"2","420","D","09","D",10,"D",,"A",,"A",,"A",,"A"
"20134",2744152,30,0,"1","405","D","10","D",300,"D",,"A",,"A",,"A",,"A"
"20134",2744152,31,0,"1","400","D","10","D",28,"D",,"A",,"A",,"A",,"A"
"20134",2744272,80,0,"1","420","D","09","D",105,"D",,"A",,"A",,"A",,"A"
"20134",2744492,40,0,"1","410","D","10","D",20,"D",,"A",,"A",,"A",,"A"
"20134",2744492,41,0,"1","420","D","10","D",130,"D",,"A",,"A",,"A",,"A"
"20134",2744522,43,0,"1","410","D","09","D",20,"D",,"A",,"A",,"A",,"A"
"20134",2744552,33,0,"1","410","D","09","D",40,"D",,"A",,"A",,"A",,"A"
"20134",2744612,37,0,"1","420","D","10","D",52,"D",,"A",,"A",,"A",,"A"
"20134",2744682,10,0,"1","420","D","11","D",200,"D",,"A",,"A",,"A",,"A"
"20134",2744742,32,0,"1","420","D","11","D",195,"D",,"A",,"A",,"A",,"A"
"20134",2744742,33,0,"1","405","D","11","D",25,"D",,"A",,"A",,"A",,"A"
"20134",2744752,62,0,"1","410","D","09","D",50,"D",,"A",,"A",,"A",,"A"
"20134",2744752,63,0,"1","410","D","09","D",50,"D",,"A",,"A",,"A",,"A"
"20134",2744812,26,0,"1","420","D","11","D",68,"D",,"A",,"A",,"A",,"A"
"20134",2744892,17,0,"2","400","D","09","D",25,"D",,"A",,"A",,"A",,"A"
"20134",2744912,51,0,"1","410","D","11","D",60,"D",,"A",,"A",,"A",,"A"
"20134",2745122,38,0,"1","420","D","09","D",90,"D",,"A",,"A",,"A",,"A"
"20134",2745142,25,0,"1","410","D","11","D",50,"D",,"A",,"A",,"A",,"A"
"20134",2745152,28,0,"1","420","D","09","D",99,"D",,"A",,"A",,"A",,"A"
"20134",2745302,15,0,"2","400","D","09","D",32,"D",,"A",,"A",,"A",,"A"
"20134",2745322,41,0,"2","400","D","09","D",34,"D",,"A",,"A",,"A",,"A"
"20134",2745322,42,0,"2","420","D","09","D",75,"D",,"A",,"A",,"A",,"A"
"20134",2745382,25,0,"2","420","D","09","D",768,"D",,"A",,"A",,"A",,"A"
"20134",2745482,98,0,"1","420","D","09","D",93,"D",,"A",,"A",,"A",,"A"
"20134",2745482,99,0,"1","410","D","09","D",15,"D",,"A",,"A",,"A",,"A"
"20134",2745482,100,0,"1","420","D","11","D",142,"D",,"A",,"A",,"A",,"A"
"20134",2745482,101,0,"1","410","D","11","D",15,"D",,"A",,"A",,"A",,"A"
"20134",2745622,21,0,"1","400","D","10","D",87,"D",,"A",,"A",,"A",,"A"
"20134",2745672,35,0,"1","420","D","11","D",20,"D",,"A",,"A",,"A",,"A"
"20134",2745672,36,0,"1","410","D","11","D",20,"D",,"A",,"A",,"A",,"A"
"20134",2745812,34,0,"2","400","D","09","D",20,"D",,"A",,"A",,"A",,"A"
"20134",2745822,17,0,"1","410","D","10","D",34,"D",,"A",,"A",,"A",,"A"
"20134",2745822,18,0,"1","420","D","10","D",77,"D",,"A",,"A",,"A",,"A"
"20134",2745862,22,0,"1","400","D","11","D",10,"D",,"A",,"A",,"A",,"A"
"20134",2745962,38,0,"2","410","D","09","D",40,"D",,"A",,"A",,"A",,"A"
"20134",2746012,36,0,"1","405","D","09","D",77,"D",,"A",,"A",,"A",,"A"
"20134",2746082,32,0,"1","420","D","11","D",30,"D",,"A",,"A",,"A",,"A"
"20134",2746222,36,0,"2","420","D","09","D",128,"D",,"A",,"A",,"A",,"A"
"20134",2746342,34,0,"1","420","D","10","D",300,"D",,"A",,"A",,"A",,"A"
"20134",2746432,16,0,"1","420","D","10","D",16,"D",,"A",,"A",,"A",,"A"
"20134",2746442,17,0,"2","400","D","09","D",32,"D",,"A",,"A",,"A",,"A"
"20134",2746442,18,0,"2","410","D","09","D",31,"D",,"A",,"A",,"A",,"A"
"20134",2746554,19,0,"1","420","D","10","D",50,"D",,"A",,"A",,"A",,"A"
"20134",2746572,17,0,"2","400","D","09","D",10,"D",,"A",,"A",,"A",,"A"
"20134",2746622,52,0,"1","420","D","09","D",37,"D",,"A",,"A",,"A",,"A"
"20134",2746682,55,0,"1","420","D","10","D",75,"D",,"A",,"A",,"A",,"A"
"20134",2746702,23,0,"2","420","D","09","D",350,"D",,"A",,"A",,"A",,"A"
"20134",2746722,40,0,"1","410","D","10","D",29,"D",,"A",,"A",,"A",,"A"
"20134",2746922,44,0,"2","420","D","09","D",50,"D",,"A",,"A",,"A",,"A"
"20134",2746942,24,0,"1","420","D","11","D",67,"D",,"A",,"A",,"A",,"A"
"20134",2746992,71,0,"1","420","D","10","D",41,"D",,"A",,"A",,"A",,"A"
"20134",2747152,30,0,"1","400","D","09","D",20,"D",,"A",,"A",,"A",,"A"
"20134",2747225,38,0,"1","420","D","08","D",385,"D",,"A",,"A",,"A",,"A"
"20134",2747744,19,0,"1","420","D","09","D",65,"D",,"A",,"A",,"A",,"A"
"20134",2748175,32,0,"1","410","D","09","D",21,"D",,"A",,"A",,"A",,"A"
"20134",2748175,33,0,"1","420","D","09","D",67,"D",,"A",,"A",,"A",,"A"
"20134",2750054,17,0,"1","400","D","09","D",42,"D",,"A",,"A",,"A",,"A"
"20134",2750275,18,0,"1","400","D","07","D",30,"D",,"A",,"A",,"A",,"A"
"20134",2750535,30,0,"1","410","D","07","D",50,"D",,"A",,"A",,"A",,"A"
"20134",2750535,31,0,"1","420","D","07","D",333,"D",,"A",,"A",,"A",,"A"
"20134",2750675,44,0,"1","420","D","09","D",300,"D",,"A",,"A",,"A",,"A"
"20134",2753375,40,0,"1","410","D","08","D",5,"D",,"A",,"A",,"A",,"A"
"20134",2754335,11,0,"1","410","D","08","D",15,"D",,"A",,"A",,"A",,"A"
"20134",2755645,42,0,"1","430","D","07","D",.,"H","415","D","400","D",,"A",,"A"
"20134",2755645,42,1,"1","420","D","07","D",114,"E",,"A",,"A",,"A",,"A"
"20134",2755645,42,2,"1","400","D","07","D",26,"E",,"A",,"A",,"A",,"A"
"20134",2755645,43,0,"1","410","D","07","D",50,"D",,"A",,"A",,"A",,"A"
"20134",2756422,41,0,"1","410","D","07","D",10,"D",,"A",,"A",,"A",,"A"
"20134",2756422,42,0,"1","420","D","07","D",35,"D",,"A",,"A",,"A",,"A"
"20134",2756485,18,0,"1","410","D","09","D",16,"D",,"A",,"A",,"A",,"A"
"20134",2756485,19,0,"1","420","D","09","D",60,"D",,"A",,"A",,"A",,"A"
"20134",2756955,40,0,"1","400","D","08","D",45,"D",,"A",,"A",,"A",,"A"
"20134",2756955,41,0,"1","420","D","08","D",69,"D",,"A",,"A",,"A",,"A"
"20134",2757653,59,0,"1","400","D","07","D",30,"D",,"A",,"A",,"A",,"A"
"20134",2758683,29,0,"1","410","D","08","D",40,"D",,"A",,"A",,"A",,"A"
"20134",2758683,30,0,"1","420","D","08","D",30,"D",,"A",,"A",,"A",,"A"
"20134",2760434,63,0,"1","420","D","08","D",50,"D",,"A",,"A",,"A",,"A"
"20134",2760695,18,0,"1","420","D","10","D",100,"D",,"A",,"A",,"A",,"A"
"20134",2761424,18,0,"1","420","D","09","D",158,"D",,"A",,"A",,"A",,"A"
"20134",2761964,24,0,"1","410","D","10","D",25,"D",,"A",,"A",,"A",,"A"
"20134",2761964,25,0,"1","420","D","10","D",40,"D",,"A",,"A",,"A",,"A"
"20134",2764914,20,0,"1","405","D","09","D",200,"D",,"A",,"A",,"A",,"A"
"20134",2766064,22,0,"1","420","D","10","D",24,"D",,"A",,"A",,"A",,"A"
"20134",2766064,23,0,"1","405","D","10","D",69,"D",,"A",,"A",,"A",,"A"
"20134",2767492,21,0,"1","420","D","10","D",86,"D",,"A",,"A",,"A",,"A"
"20134",2770184,14,0,"1","410","D","11","D",15,"D",,"A",,"A",,"A",,"A"
"20134",2771654,20,0,"1","410","D","10","D",150,"D",,"A",,"A",,"A",,"A"
"20134",2771795,18,0,"1","420","D","11","D",65,"D",,"A",,"A",,"A",,"A"
"20134",2771973,62,0,"1","420","D","10","D",120,"D",,"A",,"A",,"A",,"A"
"20134",2771973,63,0,"1","400","D","11","D",54,"D",,"A",,"A",,"A",,"A"
"20134",2772284,37,0,"1","400","D","10","D",28,"D",,"A",,"A",,"A",,"A"
"20134",2772284,38,0,"1","420","D","10","D",7,"D",,"A",,"A",,"A",,"A"
"20134",2774403,30,0,"1","410","D","09","D",16,"D",,"A",,"A",,"A",,"A"
"20134",2775502,20,0,"1","410","D","09","D",20,"D",,"A",,"A",,"A",,"A"
"20134",2776394,25,0,"1","405","D","11","D",120,"D",,"A",,"A",,"A",,"A"
"20134",2777045,21,0,"1","400","D","09","D",26,"D",,"A",,"A",,"A",,"A"
"20134",2777045,22,0,"1","430","D","09","D",.,"H","425","D","415","D",,"A",,"A"
"20134",2777045,22,1,"1","420","D","09","D",49,"E",,"A",,"A",,"A",,"A"
"20134",2777045,22,2,"1","420","D","09","D",49,"E",,"A",,"A",,"A",,"A"
"20134",2777845,28,0,"1","420","D","09","D",80,"D",,"A",,"A",,"A",,"A"
"20134",2777845,29,0,"1","410","D","09","D",60,"D",,"A",,"A",,"A",,"A"
"20134",2778064,21,0,"1","420","D","10","D",155,"D",,"A",,"A",,"A",,"A"
"20134",2778144,20,0,"1","400","D","11","D",36,"D",,"A",,"A",,"A",,"A"
"20134",2778144,21,0,"1","400","D","11","D",63,"D",,"A",,"A",,"A",,"A"
"20134",2780103,12,0,"1","400","D","10","D",40,"D",,"A",,"A",,"A",,"A"
"20141",2647395,78,0,"1","405","D","12","D",107,"D",,"A",,"A",,"A",,"A"
"20141",2647485,34,0,"1","420","D","10","D",155,"D",,"A",,"A",,"A",,"A"
"20141",2647585,31,0,"1","420","D","11","D",370,"D",,"A",,"A",,"A",,"A"
"20141",2647645,33,0,"1","420","D","10","D",55,"D",,"A",,"A",,"A",,"A"
"20141",2647685,50,0,"1","420","D","12","D",71,"D",,"A",,"A",,"A",,"A"
"20141",2647745,100,0,"1","400","D","12","D",5,"D",,"A",,"A",,"A",,"A"
"20141",2647745,101,0,"2","410","D","10","D",12,"D",,"A",,"A",,"A",,"A"
"20141",2647745,102,0,"2","400","D","10","D",15,"D",,"A",,"A",,"A",,"A"
"20141",2647745,103,0,"2","420","D","10","D",30,"D",,"A",,"A",,"A",,"A"
"20141",2647775,72,0,"1","420","D","11","D",75,"D",,"A",,"A",,"A",,"A"
"20141",2647775,73,0,"2","420","D","10","D",75,"D",,"A",,"A",,"A",,"A"
"20141",2647805,42,0,"1","400","D","11","D",22,"D",,"A",,"A",,"A",,"A"
"20141",2647805,43,0,"1","420","D","10","D",36,"D",,"A",,"A",,"A",,"A"
"20141",2647805,44,0,"1","420","D","10","D",78,"D",,"A",,"A",,"A",,"A"
"20141",2647845,26,0,"1","420","D","10","D",200,"D",,"A",,"A",,"A",,"A"
"20141",2647935,23,0,"1","400","D","11","D",20,"D",,"A",,"A",,"A",,"A"
"20141",2647965,32,0,"1","420","D","10","D",39,"D",,"A",,"A",,"A",,"A"
"20141",2647965,33,0,"1","420","D","11","D",39,"D",,"A",,"A",,"A",,"A"
"20141",2647985,73,0,"1","410","D","12","D",15,"D",,"A",,"A",,"A",,"A"
"20141",2647985,74,0,"1","420","D","12","D",107,"D",,"A",,"A",,"A",,"A"
"20141",2647995,60,0,"1","420","D","11","D",14,"D",,"A",,"A",,"A",,"A"
"20141",2648075,68,0,"2","420","D","10","D",60,"D",,"A",,"A",,"A",,"A"
"20141",2648165,21,0,"1","405","D","12","D",331,"D",,"A",,"A",,"A",,"A"
"20141",2648215,24,0,"1","420","D","10","D",25,"D",,"A",,"A",,"A",,"A"
"20141",2648255,25,0,"2","420","D","10","D",75,"D",,"A",,"A",,"A",,"A"
"20141",2648275,29,0,"2","420","D","10","D",544,"D",,"A",,"A",,"A",,"A"
"20141",2648345,32,0,"1","420","D","11","D",76,"D",,"A",,"A",,"A",,"A"
"20141",2648345,33,0,"2","420","D","10","D",85,"D",,"A",,"A",,"A",,"A"
"20141",2648585,40,0,"1","420","D","11","D",60,"D",,"A",,"A",,"A",,"A"
"20141",2648605,73,0,"1","410","D","11","D",18,"D",,"A",,"A",,"A",,"A"
"20141",2648635,27,0,"2","400","D","10","D",48,"D",,"A",,"A",,"A",,"A"
"20141",2648635,28,0,"2","420","D","10","D",150,"D",,"A",,"A",,"A",,"A"
"20141",2648705,48,0,"1","410","D","10","D",44,"D",,"A",,"A",,"A",,"A"
"20141",2648705,49,0,"1","420","D","11","D",103,"D",,"A",,"A",,"A",,"A"
"20141",2648705,50,0,"2","420","D","10","D",66,"D",,"A",,"A",,"A",,"A"
"20141",2648705,51,0,"2","405","D","10","D",324,"D",,"A",,"A",,"A",,"A"
"20141",2648785,42,0,"2","400","D","10","D",80,"D",,"A",,"A",,"A",,"A"
"20141",2648785,43,0,"2","410","D","10","D",38,"D",,"A",,"A",,"A",,"A"
"20141",2648795,33,0,"1","420","D","10","D",50,"D",,"A",,"A",,"A",,"A"
"20141",2648885,31,0,"1","420","D","10","D",75,"D",,"A",,"A",,"A",,"A"
"20141",2648965,40,0,"1","420","D","12","D",250,"D",,"A",,"A",,"A",,"A"
"20141",2649095,44,0,"1","405","D","10","D",105,"F",,"A",,"A",,"A",,"A"
"20141",2649205,83,0,"1","410","D","12","D",150,"D",,"A",,"A",,"A",,"A"
"20141",2649355,24,0,"1","400","D","12","D",25,"D",,"A",,"A",,"A",,"A"
"20141",2649585,39,0,"1","400","D","12","D",20,"F",,"A",,"A",,"A",,"A"
"20141",2649585,40,0,"1","410","D","12","D",25,"D",,"A",,"A",,"A",,"A"
"20141",2649635,40,0,"1","405","D","12","D",286,"D",,"A",,"A",,"A",,"A"
"20141",2649635,41,0,"1","405","D","12","D",290,"D",,"A",,"A",,"A",,"A"
"20141",2649635,42,0,"1","405","D","12","D",129,"D",,"A",,"A",,"A",,"A"
"20141",2649655,44,0,"1","400","D","11","D",36,"D",,"A",,"A",,"A",,"A"
"20141",2649675,53,0,"1","420","D","12","D",73,"D",,"A",,"A",,"A",,"A"
"20141",2649725,57,0,"1","430","D","11","D",.,"H","425","D","415","D",,"A",,"A"
"20141",2649725,57,1,"1","420","D","11","D",63,"E",,"A",,"A",,"A",,"A"
"20141",2649885,30,0,"1","410","D","11","D",300,"D",,"A",,"A",,"A",,"A"
"20141",2650085,12,0,"1","400","D","12","D",36,"D",,"A",,"A",,"A",,"A"
"20141",2650135,24,0,"1","400","D","12","D",32,"D",,"A",,"A",,"A",,"A"
"20141",2650195,95,0,"1","420","D","10","D",300,"D",,"A",,"A",,"A",,"A"
"20141",2650275,77,0,"2","420","D","10","D",75,"D",,"A",,"A",,"A",,"A"
"20141",2650385,28,0,"1","400","D","11","D",24,"D",,"A",,"A",,"A",,"A"
"20141",2650385,29,0,"1","410","D","11","D",66,"D",,"A",,"A",,"A",,"A"
"20141",2650445,22,0,"1","420","D","11","D",50,"D",,"A",,"A",,"A",,"A"
"20141",2650495,44,0,"1","420","D","10","D",20,"D",,"A",,"A",,"A",,"A"
"20141",2650495,45,0,"1","405","D","10","D",150,"D",,"A",,"A",,"A",,"A"
"20141",2650545,21,0,"1","410","D","12","D",45,"D",,"A",,"A",,"A",,"A"
"20141",2650545,22,0,"1","420","D","12","D",135,"D",,"A",,"A",,"A",,"A"
"20141",2650575,65,0,"1","420","D","11","D",84,"D",,"A",,"A",,"A",,"A"
"20141",2650575,66,0,"2","400","D","10","D",34,"D",,"A",,"A",,"A",,"A"
"20141",2650685,40,0,"1","420","D","11","D",90,"D",,"A",,"A",,"A",,"A"
"20141",2650965,11,0,"1","420","D","11","D",120,"D",,"A",,"A",,"A",,"A"
"20141",2651205,65,0,"1","420","D","12","D",137,"D",,"A",,"A",,"A",,"A"
"20141",2651225,49,0,"1","410","D","12","D",24,"D",,"A",,"A",,"A",,"A"
"20141",2651235,24,0,"1","420","D","11","D",75,"D",,"A",,"A",,"A",,"A"
"20141",2651245,50,0,"1","420","D","10","D",75,"D",,"A",,"A",,"A",,"A"
"20141",2651315,55,0,"1","400","D","11","D",20,"D",,"A",,"A",,"A",,"A"
"20141",2651315,56,0,"1","420","D","11","D",78,"D",,"A",,"A",,"A",,"A"
"20141",2651385,80,0,"1","420","D","10","D",111,"D",,"A",,"A",,"A",,"A"
"20141",2651445,46,0,"1","420","D","11","D",45,"D",,"A",,"A",,"A",,"A"
"20141",2651445,47,0,"2","420","D","10","D",40,"D",,"A",,"A",,"A",,"A"
"20141",2651485,43,0,"1","430","D","12","D",.,"H","415","D","400","D",,"A",,"A"
"20141",2651485,43,1,"1","420","D","12","D",103,"E",,"A",,"A",,"A",,"A"
"20141",2651485,43,2,"1","400","D","12","D",25,"E",,"A",,"A",,"A",,"A"
"20141",2651485,44,0,"1","420","D","11","D",110,"D",,"A",,"A",,"A",,"A"
"20141",2651555,46,0,"1","420","D","12","D",36,"D",,"A",,"A",,"A",,"A"
"20141",2651595,54,0,"1","420","D","12","D",52,"D",,"A",,"A",,"A",,"A"
"20141",2651825,33,0,"1","420","D","11","D",60,"D",,"A",,"A",,"A",,"A"
"20141",2651825,34,0,"1","400","D","12","D",30,"D",,"A",,"A",,"A",,"A"
"20141",2651845,48,0,"2","400","D","10","D",24,"D",,"A",,"A",,"A",,"A"
"20141",2651895,34,0,"1","420","D","10","D",101,"D",,"A",,"A",,"A",,"A"
"20141",2651955,40,0,"1","420","D","11","D",107,"D",,"A",,"A",,"A",,"A"
"20141",2652335,53,0,"1","420","D","12","D",400,"D",,"A",,"A",,"A",,"A"
"20141",2652355,37,0,"1","410","D","11","D",21,"D",,"A",,"A",,"A",,"A"
"20141",2652405,32,0,"1","405","D","11","D",45,"D",,"A",,"A",,"A",,"A"
"20141",2652435,40,0,"1","410","D","12","D",16,"D",,"A",,"A",,"A",,"A"
"20141",2652465,46,0,"1","420","D","10","D",101,"D",,"A",,"A",,"A",,"A"
"20141",2652525,62,0,"1","410","D","11","D",35,"D",,"A",,"A",,"A",,"A"
"20141",2652525,63,0,"1","420","D","11","D",105,"D",,"A",,"A",,"A",,"A"
"20141",2652575,54,0,"1","420","D","12","D",50,"D",,"A",,"A",,"A",,"A"
"20141",2652595,22,0,"1","420","D","10","D",175,"D",,"A",,"A",,"A",,"A"
"20141",2652665,44,0,"1","420","D","10","D",84,"D",,"A",,"A",,"A",,"A"
"20141",2652665,45,0,"1","420","D","11","D",84,"D",,"A",,"A",,"A",,"A"
"20141",2652705,48,0,"1","420","D","11","D",115,"D",,"A",,"A",,"A",,"A"
"20141",2652865,43,0,"1","410","D","12","D",30,"D",,"A",,"A",,"A",,"A"
"20141",2652995,61,0,"1","410","D","11","D",30,"D",,"A",,"A",,"A",,"A"
"20141",2653065,75,0,"1","400","D","11","D",15,"D",,"A",,"A",,"A",,"A"
"20141",2653065,76,0,"1","400","D","11","D",15,"D",,"A",,"A",,"A",,"A"
"20141",2653065,77,0,"1","410","D","11","D",50,"D",,"A",,"A",,"A",,"A"
"20141",2653065,78,0,"1","420","D","11","D",50,"D",,"A",,"A",,"A",,"A"
"20141",2653065,79,0,"1","405","D","12","D",700,"D",,"A",,"A",,"A",,"A"
"20141",2653075,53,0,"1","405","D","10","D",576,"D",,"A",,"A",,"A",,"A"
"20141",2653205,59,0,"1","420","D","10","D",108,"D",,"A",,"A",,"A",,"A"
"20141",2653205,60,0,"1","420","D","11","D",101,"D",,"A",,"A",,"A",,"A"
"20141",2653275,31,0,"1","420","D","11","D",68,"D",,"A",,"A",,"A",,"A"
"20141",2653285,50,0,"1","410","D","10","D",5,"D",,"A",,"A",,"A",,"A"
"20141",2653285,51,0,"1","420","D","10","D",365,"D",,"A",,"A",,"A",,"A"
"20141",2653315,59,0,"1","410","D","11","D",14,"D",,"A",,"A",,"A",,"A"
"20141",2653315,60,0,"1","420","D","12","D",63,"D",,"A",,"A",,"A",,"A"
"20141",2653345,47,0,"2","420","D","10","D",159,"F",,"A",,"A",,"A",,"A"
"20141",2653395,40,0,"2","420","D","10","D",239,"D",,"A",,"A",,"A",,"A"
"20141",2653475,77,0,"1","400","D","12","D",40,"D",,"A",,"A",,"A",,"A"
"20141",2653475,78,0,"1","405","D","11","D",393,"D",,"A",,"A",,"A",,"A"
"20141",2653525,44,0,"1","420","D","11","D",96,"D",,"A",,"A",,"A",,"A"
"20141",2653535,45,0,"1","430","D","12","D",.,"H","415","D","400","D",,"A",,"A"
"20141",2653535,45,1,"1","420","D","12","D",51,"E",,"A",,"A",,"A",,"A"
"20141",2653535,45,2,"1","400","D","12","D",28,"E",,"A",,"A",,"A",,"A"
"20141",2653555,65,0,"1","410","D","10","D",50,"D",,"A",,"A",,"A",,"A"
"20141",2653555,66,0,"1","420","D","10","D",36,"D",,"A",,"A",,"A",,"A"
"20141",2653685,64,0,"1","420","D","11","D",54,"D",,"A",,"A",,"A",,"A"
"20141",2653785,39,0,"1","420","D","11","D",80,"D",,"A",,"A",,"A",,"A"
"20141",2654085,32,0,"1","410","D","11","D",90,"D",,"A",,"A",,"A",,"A"
"20141",2654085,33,0,"1","400","D","11","D",36,"D",,"A",,"A",,"A",,"A"
"20141",2654085,34,0,"1","420","D","12","D",84,"D",,"A",,"A",,"A",,"A"
"20141",2654135,33,0,"1","420","D","12","D",120,"D",,"A",,"A",,"A",,"A"
"20141",2654225,39,0,"1","410","D","12","D",29,"D",,"A",,"A",,"A",,"A"
"20141",2654225,40,0,"1","420","D","12","D",90,"F",,"A",,"A",,"A",,"A"
"20141",2654245,50,0,"1","410","D","12","D",13,"D",,"A",,"A",,"A",,"A"
"20141",2654355,33,0,"1","420","D","11","D",85,"D",,"A",,"A",,"A",,"A"
"20141",2654435,34,0,"2","400","D","10","D",15,"D",,"A",,"A",,"A",,"A"
"20141",2654915,63,0,"1","420","D","12","D",600,"D",,"A",,"A",,"A",,"A"
"20141",2654925,21,0,"1","420","D","12","D",30,"D",,"A",,"A",,"A",,"A"
"20141",2654975,30,0,"2","420","D","10","D",165,"D",,"A",,"A",,"A",,"A"
"20141",2655055,29,0,"1","420","D","11","D",65,"D",,"A",,"A",,"A",,"A"
"20141",2655095,49,0,"1","420","D","11","D",101,"D",,"A",,"A",,"A",,"A"
"20141",2655095,50,0,"1","420","D","11","D",101,"D",,"A",,"A",,"A",,"A"
"20141",2655195,59,0,"1","420","D","11","D",145,"D",,"A",,"A",,"A",,"A"
"20141",2655265,39,0,"1","410","D","11","D",13,"D",,"A",,"A",,"A",,"A"
"20141",2655265,40,0,"1","420","D","11","D",92,"D",,"A",,"A",,"A",,"A"
"20141",2655365,73,0,"1","400","D","11","D",27,"D",,"A",,"A",,"A",,"A"
"20141",2655365,74,0,"1","420","D","11","D",253,"D",,"A",,"A",,"A",,"A"
"20141",2655365,75,0,"1","420","D","12","D",139,"D",,"A",,"A",,"A",,"A"
"20141",2655375,49,0,"1","420","D","11","D",225,"D",,"A",,"A",,"A",,"A"
"20141",2655385,18,0,"1","420","D","12","D",36,"D",,"A",,"A",,"A",,"A"
"20141",2655385,19,0,"2","420","D","10","D",40,"D",,"A",,"A",,"A",,"A"
"20141",2655415,94,0,"1","420","D","10","D",135,"D",,"A",,"A",,"A",,"A"
"20141",2655415,95,0,"1","420","D","10","D",135,"D",,"A",,"A",,"A",,"A"
"20141",2655415,96,0,"2","400","D","10","D",36,"D",,"A",,"A",,"A",,"A"
"20141",2655415,97,0,"2","410","D","10","D",14,"D",,"A",,"A",,"A",,"A"
"20141",2655435,52,0,"1","410","D","12","D",18,"D",,"A",,"A",,"A",,"A"
"20141",2655575,67,0,"1","420","D","12","D",36,"D",,"A",,"A",,"A",,"A"
"20141",2655625,60,0,"1","420","D","12","D",84,"D",,"A",,"A",,"A",,"A"
"20141",2655655,58,0,"2","405","D","10","D",61,"D",,"A",,"A",,"A",,"A"
"20141",2655735,30,0,"1","410","D","12","D",15,"D",,"A",,"A",,"A",,"A"
"20141",2655735,31,0,"1","410","D","11","D",5,"D",,"A",,"A",,"A",,"A"
"20141",2655755,55,0,"1","405","D","10","D",343,"F",,"A",,"A",,"A",,"A"
"20141",2655805,36,0,"1","410","D","11","D",72,"D",,"A",,"A",,"A",,"A"
"20141",2655945,72,0,"1","420","D","10","D",293,"D",,"A",,"A",,"A",,"A"
"20141",2655965,41,0,"1","420","D","11","D",67,"D",,"A",,"A",,"A",,"A"
"20141",2655965,42,0,"2","420","D","10","D",106,"D",,"A",,"A",,"A",,"A"
"20141",2656025,46,0,"1","410","D","10","D",43,"D",,"A",,"A",,"A",,"A"
"20141",2656025,47,0,"1","410","D","11","D",43,"D",,"A",,"A",,"A",,"A"
"20141",2656045,28,0,"1","420","D","11","D",150,"D",,"A",,"A",,"A",,"A"
"20141",2656085,29,0,"1","420","D","11","D",16,"D",,"A",,"A",,"A",,"A"
"20141",2656085,30,0,"1","405","D","12","D",560,"D",,"A",,"A",,"A",,"A"
"20141",2656105,46,0,"1","420","D","10","D",36,"D",,"A",,"A",,"A",,"A"
"20141",2656135,29,0,"1","410","D","11","D",16,"D",,"A",,"A",,"A",,"A"
"20141",2656135,30,0,"2","420","D","10","D",125,"D",,"A",,"A",,"A",,"A"
"20141",2656155,22,0,"1","420","D","12","D",55,"D",,"A",,"A",,"A",,"A"
"20141",2656675,53,0,"1","420","D","12","D",36,"D",,"A",,"A",,"A",,"A"
"20141",2656675,54,0,"2","400","D","10","D",35,"D",,"A",,"A",,"A",,"A"
"20141",2656795,28,0,"1","420","D","10","D",24,"D",,"A",,"A",,"A",,"A"
"20141",2656825,60,0,"1","400","D","12","D",49,"D",,"A",,"A",,"A",,"A"
"20141",2656825,61,0,"1","420","D","11","D",400,"D",,"A",,"A",,"A",,"A"
"20141",2656925,96,0,"2","420","D","10","D",402,"D",,"A",,"A",,"A",,"A"
"20141",2656965,20,0,"1","420","D","11","D",65,"D",,"A",,"A",,"A",,"A"
"20141",2656975,20,0,"1","430","D","12","D",.,"H","410","D","415","D",,"A",,"A"
"20141",2656975,20,1,"1","410","D","12","D",21,"E",,"A",,"A",,"A",,"A"
"20141",2656975,20,2,"1","420","D","12","D",88,"E",,"A",,"A",,"A",,"A"
"20141",2657025,33,0,"1","400","D","10","D",27,"D",,"A",,"A",,"A",,"A"
"20141",2657025,34,0,"1","405","D","11","D",65,"D",,"A",,"A",,"A",,"A"
"20141",2657075,54,0,"2","420","D","10","D",74,"D",,"A",,"A",,"A",,"A"
"20141",2657155,25,0,"1","420","D","11","D",85,"D",,"A",,"A",,"A",,"A"
"20141",2657395,40,0,"1","400","D","12","D",42,"D",,"A",,"A",,"A",,"A"
"20141",2657405,57,0,"1","420","D","11","D",64,"D",,"A",,"A",,"A",,"A"
"20141",2657445,45,0,"1","420","D","11","D",250,"D",,"A",,"A",,"A",,"A"
"20141",2657445,46,0,"1","405","D","11","D",400,"D",,"A",,"A",,"A",,"A"
"20141",2657455,42,0,"2","400","D","10","D",120,"D",,"A",,"A",,"A",,"A"
"20141",2657545,63,0,"1","420","D","12","D",120,"D",,"A",,"A",,"A",,"A"
"20141",2657585,42,0,"1","420","D","10","D",75,"D",,"A",,"A",,"A",,"A"
"20141",2657645,90,0,"1","420","D","12","D",245,"D",,"A",,"A",,"A",,"A"
"20141",2657695,26,0,"1","420","D","12","D",30,"D",,"A",,"A",,"A",,"A"
"20141",2657715,48,0,"1","405","D","12","D",1100,"D",,"A",,"A",,"A",,"A"
"20141",2658175,43,0,"1","420","D","10","D",120,"D",,"A",,"A",,"A",,"A"
"20141",2658235,69,0,"1","420","D","01","D",98,"D",,"A",,"A",,"A",,"A"
"20141",2658625,52,0,"1","420","D","12","D",120,"D",,"A",,"A",,"A",,"A"
"20141",2658635,32,0,"1","410","D","01","D",18,"D",,"A",,"A",,"A",,"A"
"20141",2658645,47,0,"2","420","D","11","D",101,"D",,"A",,"A",,"A",,"A"
"20141",2658665,31,0,"1","405","D","12","D",406,"D",,"A",,"A",,"A",,"A"
"20141",2658715,31,0,"1","420","D","01","D",31,"D",,"A",,"A",,"A",,"A"
"20141",2658785,60,0,"1","420","D","11","D",36,"D",,"A",,"A",,"A",,"A"
"20141",2659015,50,0,"1","420","D","01","D",75,"D",,"A",,"A",,"A",,"A"
"20141",2659065,21,0,"1","430","D","11","D",.,"H","415","D","410","D",,"A",,"A"
"20141",2659065,21,1,"1","420","D","11","D",23,"E",,"A",,"A",,"A",,"A"
"20141",2659065,21,2,"1","410","D","11","D",24,"E",,"A",,"A",,"A",,"A"
"20141",2659625,39,0,"1","420","D","01","D",135,"D",,"A",,"A",,"A",,"A"
"20141",2659675,43,0,"1","400","D","01","D",26,"D",,"A",,"A",,"A",,"A"
"20141",2659675,44,0,"1","420","D","01","D",35,"D",,"A",,"A",,"A",,"A"
"20141",2659705,53,0,"1","420","D","11","D",115,"D",,"A",,"A",,"A",,"A"
"20141",2659735,73,0,"1","420","D","12","D",75,"D",,"A",,"A",,"A",,"A"
"20141",2659805,32,0,"1","410","D","12","D",30,"D",,"A",,"A",,"A",,"A"
"20141",2659805,33,0,"1","420","D","12","D",145,"D",,"A",,"A",,"A",,"A"
"20141",2659815,36,0,"1","405","D","01","D",1500,"D",,"A",,"A",,"A",,"A"
"20141",2659895,26,0,"1","410","D","01","D",15,"D",,"A",,"A",,"A",,"A"
"20141",2659925,23,0,"1","405","D","12","D",156,"D",,"A",,"A",,"A",,"A"
"20141",2659925,24,0,"1","420","D","01","D",45,"D",,"A",,"A",,"A",,"A"
"20141",2660205,56,0,"1","410","D","01","D",25,"D",,"A",,"A",,"A",,"A"
"20141",2660205,57,0,"1","420","D","01","D",95,"D",,"A",,"A",,"A",,"A"
"20141",2660205,58,0,"1","420","D","01","D",76,"D",,"A",,"A",,"A",,"A"
"20141",2660235,57,0,"1","400","D","12","D",50,"D",,"A",,"A",,"A",,"A"
"20141",2660235,58,0,"1","420","D","12","D",48,"D",,"A",,"A",,"A",,"A"
"20141",2660325,30,0,"1","405","D","01","D",300,"D",,"A",,"A",,"A",,"A"
"20141",2660405,17,0,"1","420","D","11","D",35,"D",,"A",,"A",,"A",,"A"
"20141",2660485,24,0,"1","400","D","12","D",110,"D",,"A",,"A",,"A",,"A"
"20141",2660505,18,0,"1","420","D","11","D",220,"D",,"A",,"A",,"A",,"A"
"20141",2660595,16,0,"1","410","D","11","D",40,"D",,"A",,"A",,"A",,"A"
"20141",2660615,24,0,"1","400","D","01","D",100,"D",,"A",,"A",,"A",,"A"
"20141",2660715,29,0,"1","420","D","12","D",90,"D",,"A",,"A",,"A",,"A"
"20141",2660815,45,0,"1","420","D","12","D",30,"D",,"A",,"A",,"A",,"A"
"20141",2660965,16,0,"1","420","D","12","D",70,"D",,"A",,"A",,"A",,"A"
"20141",2661065,37,0,"1","410","D","01","D",45,"D",,"A",,"A",,"A",,"A"
"20141",2661065,38,0,"1","420","D","01","D",170,"D",,"A",,"A",,"A",,"A"
"20141",2661075,42,0,"1","410","D","01","D",72,"D",,"A",,"A",,"A",,"A"
"20141",2661155,33,0,"1","420","D","01","D",190,"D",,"A",,"A",,"A",,"A"
"20141",2661255,51,0,"1","410","D","12","D",50,"D",,"A",,"A",,"A",,"A"
"20141",2661255,52,0,"1","420","D","12","D",106,"D",,"A",,"A",,"A",,"A"
"20141",2661355,47,0,"1","400","D","12","D",15,"D",,"A",,"A",,"A",,"A"
"20141",2661385,89,0,"1","400","D","01","D",40,"D",,"A",,"A",,"A",,"A"
"20141",2661395,30,0,"2","420","D","11","D",287,"D",,"A",,"A",,"A",,"A"
"20141",2661445,17,0,"1","405","D","12","D",120,"D",,"A",,"A",,"A",,"A"
"20141",2661595,67,0,"1","410","D","01","D",60,"D",,"A",,"A",,"A",,"A"
"20141",2661715,62,0,"1","400","D","11","D",50,"D",,"A",,"A",,"A",,"A"
"20141",2661765,58,0,"1","420","D","01","D",85,"D",,"A",,"A",,"A",,"A"
"20141",2661865,41,0,"1","410","D","01","D",37,"D",,"A",,"A",,"A",,"A"
"20141",2661965,42,0,"1","405","D","01","D",200,"D",,"A",,"A",,"A",,"A"
"20141",2661985,35,0,"1","410","D","11","D",20,"D",,"A",,"A",,"A",,"A"
"20141",2662185,50,0,"1","430","D","11","D",.,"H","415","D","400","D",,"A",,"A"
"20141",2662185,50,1,"1","420","D","11","D",127,"E",,"A",,"A",,"A",,"A"
"20141",2662185,50,2,"1","400","D","11","D",32,"E",,"A",,"A",,"A",,"A"
"20141",2662265,62,0,"1","420","D","01","D",86,"D",,"A",,"A",,"A",,"A"
"20141",2662325,34,0,"1","420","D","01","D",120,"D",,"A",,"A",,"A",,"A"
"20141",2662385,14,0,"1","420","D","01","D",64,"D",,"A",,"A",,"A",,"A"
"20141",2662405,10,0,"2","400","D","11","D",20,"D",,"A",,"A",,"A",,"A"
"20141",2662495,42,0,"1","420","D","12","D",182,"D",,"A",,"A",,"A",,"A"
"20141",2662515,13,0,"1","400","D","11","D",68,"F",,"A",,"A",,"A",,"A"
"20141",2662595,34,0,"2","420","D","11","D",100,"D",,"A",,"A",,"A",,"A"
"20141",2662715,40,0,"1","405","D","12","D",1372,"D",,"A",,"A",,"A",,"A"
"20141",2662785,55,0,"1","420","D","12","D",48,"F",,"A",,"A",,"A",,"A"
"20141",2662825,24,0,"1","420","D","12","D",101,"D",,"A",,"A",,"A",,"A"
"20141",2662835,45,0,"1","420","D","01","D",88,"D",,"A",,"A",,"A",,"A"
"20141",2662835,46,0,"1","420","D","11","D",220,"D",,"A",,"A",,"A",,"A"
"20141",2662955,26,0,"1","420","D","11","D",101,"D",,"A",,"A",,"A",,"A"
"20141",2663065,39,0,"1","410","D","01","D",14,"D",,"A",,"A",,"A",,"A"
"20141",2663065,40,0,"1","420","D","12","D",110,"D",,"A",,"A",,"A",,"A"
"20141",2663215,63,0,"1","400","D","01","D",60,"D",,"A",,"A",,"A",,"A"
"20141",2663225,53,0,"1","420","D","12","D",200,"D",,"A",,"A",,"A",,"A"
"20141",2663545,16,0,"1","400","D","12","D",8,"D",,"A",,"A",,"A",,"A"
"20141",2663675,65,0,"1","405","D","01","D",1440,"F",,"A",,"A",,"A",,"A"
"20141",2663725,40,0,"1","410","D","12","D",15,"D",,"A",,"A",,"A",,"A"
"20141",2663725,41,0,"1","420","D","12","D",150,"D",,"A",,"A",,"A",,"A"
"20141",2663915,48,0,"1","400","D","12","D",25,"D",,"A",,"A",,"A",,"A"
"20141",2663985,31,0,"1","420","D","12","D",179,"D",,"A",,"A",,"A",,"A"
"20141",2664005,42,0,"1","420","D","01","D",70,"D",,"A",,"A",,"A",,"A"
"20141",2664015,36,0,"1","420","D","01","D",35,"D",,"A",,"A",,"A",,"A"
"20141",2664155,35,0,"1","400","D","11","D",20,"D",,"A",,"A",,"A",,"A"
"20141",2664215,25,0,"1","410","D","12","D",17,"D",,"A",,"A",,"A",,"A"
"20141",2664215,26,0,"1","410","D","11","D",17,"D",,"A",,"A",,"A",,"A"
"20141",2664215,27,0,"1","420","D","12","D",62,"D",,"A",,"A",,"A",,"A"
"20141",2664215,28,0,"1","420","D","11","D",68,"D",,"A",,"A",,"A",,"A"
"20141",2664405,50,0,"1","420","D","11","D",81,"D",,"A",,"A",,"A",,"A"
"20141",2664475,51,0,"1","400","D","01","D",21,"D",,"A",,"A",,"A",,"A"
"20141",2664485,30,0,"1","400","D","11","D",25,"D",,"A",,"A",,"A",,"A"
"20141",2664535,36,0,"2","420","D","11","D",152,"D",,"A",,"A",,"A",,"A"
"20141",2664605,23,0,"1","420","D","12","D",86,"D",,"A",,"A",,"A",,"A"
"20141",2664615,53,0,"1","405","D","01","D",733,"D",,"A",,"A",,"A",,"A"
"20141",2664695,37,0,"1","420","D","01","D",50,"D",,"A",,"A",,"A",,"A"
"20141",2664695,38,0,"1","405","D","01","D",300,"D",,"A",,"A",,"A",,"A"
"20141",2664735,63,0,"1","410","D","11","D",45,"D",,"A",,"A",,"A",,"A"
"20141",2664735,64,0,"1","420","D","11","D",65,"D",,"A",,"A",,"A",,"A"
"20141",2664805,44,0,"1","420","D","01","D",40,"D",,"A",,"A",,"A",,"A"
"20141",2664875,27,0,"1","430","D","12","D",.,"H","425","D","415","D",,"A",,"A"
"20141",2664875,27,1,"1","420","D","12","D",60,"E",,"A",,"A",,"A",,"A"
"20141",2664995,44,0,"1","405","D","12","D",212,"D",,"A",,"A",,"A",,"A"
"20141",2665005,68,0,"2","420","D","11","D",75,"D",,"A",,"A",,"A",,"A"
"20141",2665115,30,0,"1","420","D","01","D",208,"D",,"A",,"A",,"A",,"A"
"20141",2665215,55,0,"1","420","D","11","D",161,"D",,"A",,"A",,"A",,"A"
"20141",2665305,32,0,"1","410","D","12","D",37,"D",,"A",,"A",,"A",,"A"
"20141",2665405,63,0,"1","420","D","12","D",65,"D",,"A",,"A",,"A",,"A"
"20141",2665415,17,0,"1","400","D","11","D",20,"D",,"A",,"A",,"A",,"A"
"20141",2665415,18,0,"1","420","D","11","D",67,"D",,"A",,"A",,"A",,"A"
"20141",2665425,49,0,"1","420","D","01","D",49,"D",,"A",,"A",,"A",,"A"
"20141",2665425,50,0,"1","405","D","12","D",628,"D",,"A",,"A",,"A",,"A"
"20141",2665505,34,0,"1","420","D","01","D",75,"D",,"A",,"A",,"A",,"A"
"20141",2665565,49,0,"1","420","D","12","D",270,"D",,"A",,"A",,"A",,"A"
"20141",2665575,49,0,"1","420","D","11","D",78,"D",,"A",,"A",,"A",,"A"
"20141",2665965,28,0,"1","430","D","12","D",.,"H","405","D","410","D",,"A",,"A"
"20141",2665965,28,1,"1","405","D","12","D",258,"E",,"A",,"A",,"A",,"A"
"20141",2665965,28,2,"1","410","D","12","D",22,"E",,"A",,"A",,"A",,"A"
"20141",2666005,44,0,"1","420","D","12","D",70,"D",,"A",,"A",,"A",,"A"
"20141",2666005,45,0,"1","420","D","12","D",35,"D",,"A",,"A",,"A",,"A"
"20141",2666045,33,0,"1","420","D","12","D",140,"D",,"A",,"A",,"A",,"A"
"20141",2666295,27,0,"1","405","D","12","D",250,"D",,"A",,"A",,"A",,"A"
"20141",2666485,44,0,"1","420","D","11","D",116,"D",,"A",,"A",,"A",,"A"
"20141",2666485,45,0,"1","420","D","12","D",128,"D",,"A",,"A",,"A",,"A"
"20141",2666795,33,0,"1","400","D","01","D",20,"D",,"A",,"A",,"A",,"A"
"20141",2666805,97,0,"1","400","D","01","D",18,"D",,"A",,"A",,"A",,"A"
"20141",2666805,98,0,"1","420","D","01","D",140,"D",,"A",,"A",,"A",,"A"
"20141",2666905,42,0,"1","400","D","12","D",20,"F",,"A",,"A",,"A",,"A"
"20141",2667135,39,0,"1","420","D","01","D",100,"D",,"A",,"A",,"A",,"A"
"20141",2667135,40,0,"1","410","D","01","D",70,"D",,"A",,"A",,"A",,"A"
"20141",2667235,36,0,"1","410","D","01","D",75,"D",,"A",,"A",,"A",,"A"
"20141",2667235,37,0,"1","420","D","01","D",150,"D",,"A",,"A",,"A",,"A"
"20141",2667295,69,0,"1","420","D","12","D",88,"D",,"A",,"A",,"A",,"A"
"20141",2667445,44,0,"1","400","D","01","D",25,"D",,"A",,"A",,"A",,"A"
"20141",2667475,48,0,"1","410","D","12","D",25,"D",,"A",,"A",,"A",,"A"
"20141",2667505,51,0,"2","420","D","11","D",168,"D",,"A",,"A",,"A",,"A"
"20141",2667535,73,0,"1","420","D","12","D",79,"D",,"A",,"A",,"A",,"A"
"20141",2667655,30,0,"1","420","D","12","D",156,"D",,"A",,"A",,"A",,"A"
"20141",2668015,29,0,"1","420","D","12","D",36,"D",,"A",,"A",,"A",,"A"
"20141",2668115,84,0,"1","420","D","01","D",53,"D",,"A",,"A",,"A",,"A"
"20141",2668175,19,0,"1","400","D","12","D",32,"D",,"A",,"A",,"A",,"A"
"20141",2668175,20,0,"1","410","D","12","D",54,"D",,"A",,"A",,"A",,"A"
"20141",2668235,43,0,"1","405","D","12","D",360,"D",,"A",,"A",,"A",,"A"
"20141",2668255,25,0,"1","420","D","01","D",109,"D",,"A",,"A",,"A",,"A"
"20141",2668385,20,0,"1","400","D","01","D",30,"D",,"A",,"A",,"A",,"A"
"20141",2668385,21,0,"1","420","D","01","D",30,"D",,"A",,"A",,"A",,"A"
"20141",2668425,34,0,"1","420","D","12","D",32,"D",,"A",,"A",,"A",,"A"
"20141",2668425,35,0,"1","410","D","12","D",5,"D",,"A",,"A",,"A",,"A"
"20141",2668455,37,0,"1","410","D","12","D",36,"D",,"A",,"A",,"A",,"A"
"20141",2668585,65,0,"1","420","D","12","D",450,"D",,"A",,"A",,"A",,"A"
"20141",2668585,66,0,"2","420","D","11","D",102,"D",,"A",,"A",,"A",,"A"
"20141",2668675,35,0,"1","400","D","01","D",80,"D",,"A",,"A",,"A",,"A"
"20141",2668685,24,0,"1","410","D","01","D",16,"D",,"A",,"A",,"A",,"A"
"20141",2668735,42,0,"1","420","D","01","D",88,"D",,"A",,"A",,"A",,"A"
"20141",2668785,49,0,"1","420","D","11","D",20,"D",,"A",,"A",,"A",,"A"
"20141",2668845,21,0,"2","420","D","11","D",62,"D",,"A",,"A",,"A",,"A"
"20141",2669045,20,0,"2","430","D","12","D",.,"H","415","D","410","D",,"A",,"A"
"20141",2669045,20,1,"2","420","D","12","D",44,"E",,"A",,"A",,"A",,"A"
"20141",2669045,20,2,"2","410","D","12","D",20,"E",,"A",,"A",,"A",,"A"
"20141",2669055,46,0,"1","420","D","02","D",58,"D",,"A",,"A",,"A",,"A"
"20141",2669055,47,0,"1","400","D","02","D",48,"D",,"A",,"A",,"A",,"A"
"20141",2669455,40,0,"1","400","D","01","D",20,"D",,"A",,"A",,"A",,"A"
"20141",2669455,41,0,"1","405","D","01","D",165,"D",,"A",,"A",,"A",,"A"
"20141",2669515,33,0,"1","420","D","02","D",120,"D",,"A",,"A",,"A",,"A"
"20141",2669685,22,0,"1","400","D","01","D",20,"D",,"A",,"A",,"A",,"A"
"20141",2669745,31,0,"1","410","D","12","D",36,"D",,"A",,"A",,"A",,"A"
"20141",2669745,32,0,"2","410","D","12","D",42,"D",,"A",,"A",,"A",,"A"
"20141",2669805,72,0,"1","400","D","12","D",55,"D",,"A",,"A",,"A",,"A"
"20141",2669805,73,0,"2","400","D","12","D",53,"D",,"A",,"A",,"A",,"A"
"20141",2669815,36,0,"1","420","D","12","D",80,"D",,"A",,"A",,"A",,"A"
"20141",2669815,37,0,"1","420","D","01","D",100,"D",,"A",,"A",,"A",,"A"
"20141",2669845,58,0,"1","420","D","02","D",284,"D",,"A",,"A",,"A",,"A"
"20141",2669845,59,0,"1","400","D","02","D",30,"D",,"A",,"A",,"A",,"A"
"20141",2669865,55,0,"1","420","D","02","D",40,"D",,"A",,"A",,"A",,"A"
"20141",2669865,56,0,"1","410","D","02","D",560,"D",,"A",,"A",,"A",,"A"
"20141",2670015,50,0,"1","420","D","02","D",278,"D",,"A",,"A",,"A",,"A"
"20141",2670065,35,0,"1","410","D","01","D",49,"D",,"A",,"A",,"A",,"A"
"20141",2670065,36,0,"1","410","D","01","D",49,"D",,"A",,"A",,"A",,"A"
"20141",2670085,25,0,"1","420","D","02","D",85,"D",,"A",,"A",,"A",,"A"
"20141",2670085,26,0,"2","410","D","12","D",40,"D",,"A",,"A",,"A",,"A"
"20141",2670105,87,0,"2","420","D","12","D",46,"D",,"A",,"A",,"A",,"A"
"20141",2670125,46,0,"1","420","D","01","D",110,"D",,"A",,"A",,"A",,"A"
"20141",2670245,47,0,"2","420","D","12","D",254,"D",,"A",,"A",,"A",,"A"
"20141",2670345,60,0,"1","420","D","02","D",85,"D",,"A",,"A",,"A",,"A"
"20141",2670355,43,0,"2","410","D","12","D",30,"D",,"A",,"A",,"A",,"A"
"20141",2670365,23,0,"1","420","D","01","D",87,"D",,"A",,"A",,"A",,"A"
"20141",2670445,34,0,"1","410","D","02","D",30,"D",,"A",,"A",,"A",,"A"
"20141",2670445,35,0,"1","420","D","02","D",28,"D",,"A",,"A",,"A",,"A"
"20141",2670445,36,0,"2","420","D","12","D",92,"D",,"A",,"A",,"A",,"A"
"20141",2670505,22,0,"1","420","D","12","D",85,"D",,"A",,"A",,"A",,"A"
"20141",2670665,68,0,"1","400","D","02","D",50,"D",,"A",,"A",,"A",,"A"
"20141",2670785,32,0,"1","400","D","01","D",40,"D",,"A",,"A",,"A",,"A"
"20141",2670815,46,0,"2","400","D","12","D",30,"D",,"A",,"A",,"A",,"A"
"20141",2670895,26,0,"1","410","D","01","D",16,"D",,"A",,"A",,"A",,"A"
"20141",2670915,44,0,"1","420","D","02","D",100,"D",,"A",,"A",,"A",,"A"
"20141",2670995,54,0,"1","420","D","02","D",300,"D",,"A",,"A",,"A",,"A"
"20141",2671085,28,0,"1","420","D","02","D",108,"D",,"A",,"A",,"A",,"A"
"20141",2671205,25,0,"1","420","D","02","D",67,"D",,"A",,"A",,"A",,"A"
"20141",2671205,26,0,"1","410","D","02","D",15,"D",,"A",,"A",,"A",,"A"
"20141",2671235,56,0,"2","410","D","12","D",50,"D",,"A",,"A",,"A",,"A"
"20141",2671335,39,0,"1","420","D","02","D",76,"D",,"A",,"A",,"A",,"A"
"20141",2671335,40,0,"1","400","D","01","D",11,"D",,"A",,"A",,"A",,"A"
"20141",2671475,28,0,"1","400","D","02","D",34,"D",,"A",,"A",,"A",,"A"
"20141",2671505,15,0,"1","420","D","12","D",80,"D",,"A",,"A",,"A",,"A"
"20141",2671585,76,0,"1","410","D","12","D",16,"D",,"A",,"A",,"A",,"A"
"20141",2671625,30,0,"2","420","D","12","D",78,"D",,"A",,"A",,"A",,"A"
"20141",2671635,53,0,"1","420","D","01","D",80,"D",,"A",,"A",,"A",,"A"
"20141",2671705,45,0,"1","400","D","12","D",25,"D",,"A",,"A",,"A",,"A"
"20141",2671735,29,0,"1","405","D","02","D",50,"D",,"A",,"A",,"A",,"A"
"20141",2671765,43,0,"1","410","D","02","D",29,"D",,"A",,"A",,"A",,"A"
"20141",2671765,44,0,"2","410","D","12","D",29,"D",,"A",,"A",,"A",,"A"
"20141",2671865,39,0,"1","420","D","02","D",70,"D",,"A",,"A",,"A",,"A"
"20141",2671965,24,0,"1","430","D","01","D",.,"H","425","D","415","D",,"A",,"A"
"20141",2671965,24,1,"1","420","D","01","D",47,"E",,"A",,"A",,"A",,"A"
"20141",2671965,24,2,"1","420","D","01","D",47,"E",,"A",,"A",,"A",,"A"
"20141",2672075,45,0,"1","410","D","02","D",55,"D",,"A",,"A",,"A",,"A"
"20141",2672075,46,0,"1","420","D","02","D",81,"D",,"A",,"A",,"A",,"A"
"20141",2672165,32,0,"1","420","D","02","D",100,"D",,"A",,"A",,"A",,"A"
"20141",2672205,32,0,"1","400","D","01","D",24,"D",,"A",,"A",,"A",,"A"
"20141",2672205,33,0,"1","420","D","02","D",60,"D",,"A",,"A",,"A",,"A"
"20141",2672245,19,0,"1","420","D","12","D",47,"D",,"A",,"A",,"A",,"A"
"20141",2672325,52,0,"1","410","D","02","D",57,"D",,"A",,"A",,"A",,"A"
"20141",2672325,53,0,"1","420","D","01","D",36,"D",,"A",,"A",,"A",,"A"
"20141",2672525,67,0,"1","420","D","12","D",120,"D",,"A",,"A",,"A",,"A"
"20141",2672615,33,0,"1","420","D","02","D",75,"D",,"A",,"A",,"A",,"A"
"20141",2672665,43,0,"1","420","D","01","D",65,"D",,"A",,"A",,"A",,"A"
"20141",2672845,25,0,"1","400","D","02","D",30,"D",,"A",,"A",,"A",,"A"
"20141",2672925,55,0,"1","400","D","01","D",27,"D",,"A",,"A",,"A",,"A"
"20141",2673105,30,0,"1","410","D","02","D",29,"D",,"A",,"A",,"A",,"A"
"20141",2673125,60,0,"1","400","D","12","D",40,"D",,"A",,"A",,"A",,"A"
"20141",2673165,27,0,"1","400","D","01","D",20,"D",,"A",,"A",,"A",,"A"
"20141",2673195,41,0,"1","405","D","12","D",259,"D",,"A",,"A",,"A",,"A"
"20141",2673225,33,0,"1","400","D","01","D",15,"D",,"A",,"A",,"A",,"A"
"20141",2673225,34,0,"1","410","D","01","D",45,"D",,"A",,"A",,"A",,"A"
"20141",2673225,35,0,"1","405","D","01","D",112,"D",,"A",,"A",,"A",,"A"
"20141",2673245,43,0,"1","410","D","01","D",114,"D",,"A",,"A",,"A",,"A"
"20141",2673285,37,0,"2","405","D","12","D",85,"D",,"A",,"A",,"A",,"A"
"20141",2673375,49,0,"1","420","D","01","D",130,"D",,"A",,"A",,"A",,"A"
"20141",2673405,37,0,"2","410","D","12","D",5,"D",,"A",,"A",,"A",,"A"
"20141",2673405,38,0,"2","420","D","12","D",37,"D",,"A",,"A",,"A",,"A"
"20141",2673495,30,0,"1","420","D","02","D",160,"D",,"A",,"A",,"A",,"A"
"20141",2673545,43,0,"1","400","D","01","D",25,"D",,"A",,"A",,"A",,"A"
"20141",2673555,16,0,"1","420","D","12","D",65,"D",,"A",,"A",,"A",,"A"
"20141",2673585,38,0,"1","420","D","01","D",94,"D",,"A",,"A",,"A",,"A"
"20141",2673705,34,0,"1","420","D","02","D",36,"D",,"A",,"A",,"A",,"A"
"20141",2673765,39,0,"1","420","D","12","D",103,"D",,"A",,"A",,"A",,"A"
"20141",2673775,47,0,"1","420","D","02","D",101,"D",,"A",,"A",,"A",,"A"
"20141",2673895,51,0,"1","420","D","02","D",68,"D",,"A",,"A",,"A",,"A"
"20141",2673915,31,0,"1","420","D","02","D",101,"D",,"A",,"A",,"A",,"A"
"20141",2673985,57,0,"1","420","D","02","D",40,"D",,"A",,"A",,"A",,"A"
"20141",2674055,29,0,"1","400","D","02","D",35,"D",,"A",,"A",,"A",,"A"
"20141",2674485,38,0,"1","420","D","02","D",350,"D",,"A",,"A",,"A",,"A"
"20141",2674585,44,0,"2","400","D","12","D",20,"D",,"A",,"A",,"A",,"A"
"20141",2674635,48,0,"2","420","D","12","D",86,"D",,"A",,"A",,"A",,"A"
"20141",2674715,62,0,"1","420","D","12","D",75,"D",,"A",,"A",,"A",,"A"
"20141",2674815,43,0,"1","420","D","12","D",117,"D",,"A",,"A",,"A",,"A"
"20141",2674815,44,0,"2","420","D","12","D",117,"D",,"A",,"A",,"A",,"A"
"20141",2674855,41,0,"2","420","D","12","D",88,"D",,"A",,"A",,"A",,"A"
"20141",2674875,45,0,"1","420","D","02","D",220,"D",,"A",,"A",,"A",,"A"
"20141",2674875,46,0,"2","420","D","12","D",2300,"D",,"A",,"A",,"A",,"A"
"20141",2674925,37,0,"1","400","D","12","D",74,"D",,"A",,"A",,"A",,"A"
"20141",2675005,49,0,"1","400","D","02","D",30,"F",,"A",,"A",,"A",,"A"
"20141",2675015,19,0,"1","420","D","12","D",65,"D",,"A",,"A",,"A",,"A"
"20141",2675135,51,0,"1","420","D","01","D",65,"D",,"A",,"A",,"A",,"A"
"20141",2675135,52,0,"1","410","D","01","D",15,"D",,"A",,"A",,"A",,"A"
"20141",2675365,40,0,"1","420","D","02","D",160,"D",,"A",,"A",,"A",,"A"
"20141",2675475,32,0,"1","410","D","12","D",40,"D",,"A",,"A",,"A",,"A"
"20141",2675535,23,0,"1","410","D","01","D",15,"D",,"A",,"A",,"A",,"A"
"20141",2675615,19,0,"1","400","D","01","D",50,"D",,"A",,"A",,"A",,"A"
"20141",2675615,20,0,"1","420","D","01","D",57,"D",,"A",,"A",,"A",,"A"
"20141",2675645,55,0,"1","405","D","02","D",140,"D",,"A",,"A",,"A",,"A"
"20141",2675675,37,0,"1","410","D","02","D",30,"D",,"A",,"A",,"A",,"A"
"20141",2675675,38,0,"1","420","D","02","D",290,"D",,"A",,"A",,"A",,"A"
"20141",2675925,47,0,"1","410","D","02","D",29,"D",,"A",,"A",,"A",,"A"
"20141",2675975,19,0,"1","420","D","02","D",65,"D",,"A",,"A",,"A",,"A"
"20141",2676075,34,0,"1","420","D","12","D",110,"D",,"A",,"A",,"A",,"A"
"20141",2676135,21,0,"1","420","D","01","D",50,"D",,"A",,"A",,"A",,"A"
"20141",2676315,36,0,"1","405","D","12","D",1301,"D",,"A",,"A",,"A",,"A"
"20141",2676345,30,0,"1","420","D","12","D",179,"D",,"A",,"A",,"A",,"A"
"20141",2676445,33,0,"1","400","D","02","D",12,"D",,"A",,"A",,"A",,"A"
"20141",2676485,40,0,"1","420","D","02","D",64,"D",,"A",,"A",,"A",,"A"
"20141",2676585,45,0,"1","420","D","01","D",36,"D",,"A",,"A",,"A",,"A"
"20141",2676585,46,0,"2","400","D","12","D",14,"D",,"A",,"A",,"A",,"A"
"20141",2676615,31,0,"1","400","D","01","D",42,"D",,"A",,"A",,"A",,"A"
"20141",2676725,22,0,"1","410","D","01","D",17,"F",,"A",,"A",,"A",,"A"
"20141",2676755,45,0,"1","405","D","12","D",600,"D",,"A",,"A",,"A",,"A"
"20141",2676815,33,0,"1","410","D","01","D",70,"D",,"A",,"A",,"A",,"A"
"20141",2676845,49,0,"2","405","D","12","D",150,"D",,"A",,"A",,"A",,"A"
"20141",2677355,104,0,"1","420","D","02","D",65,"D",,"A",,"A",,"A",,"A"
"20141",2677355,105,0,"1","420","D","02","D",65,"D",,"A",,"A",,"A",,"A"
"20141",2677705,22,0,"1","420","D","02","D",27,"D",,"A",,"A",,"A",,"A"
"20141",2677735,36,0,"1","405","D","02","D",112,"D",,"A",,"A",,"A",,"A"
"20141",2677745,35,0,"1","420","D","02","D",101,"D",,"A",,"A",,"A",,"A"
"20141",2677785,14,0,"1","420","D","12","D",36,"D",,"A",,"A",,"A",,"A"
"20141",2678185,21,0,"1","400","D","02","D",145,"D",,"A",,"A",,"A",,"A"
"20141",2678185,22,0,"1","420","D","02","D",68,"D",,"A",,"A",,"A",,"A"
"20141",2678285,30,0,"1","420","D","01","D",150,"D",,"A",,"A",,"A",,"A"
"20141",2678285,31,0,"2","400","D","12","D",30,"D",,"A",,"A",,"A",,"A"
"20141",2678355,73,0,"1","420","D","01","D",25,"D",,"A",,"A",,"A",,"A"
"20141",2678375,58,0,"1","400","D","01","D",25,"D",,"A",,"A",,"A",,"A"
"20141",2678385,18,0,"1","420","D","12","D",70,"D",,"A",,"A",,"A",,"A"
"20141",2678435,34,0,"1","420","D","02","D",119,"D",,"A",,"A",,"A",,"A"
"20141",2678615,60,0,"2","400","D","12","D",35,"D",,"A",,"A",,"A",,"A"
"20141",2678625,84,0,"1","400","D","02","D",24,"D",,"A",,"A",,"A",,"A"
"20141",2678655,52,0,"1","420","D","01","D",89,"D",,"A",,"A",,"A",,"A"
"20141",2678685,31,0,"1","420","D","02","D",40,"D",,"A",,"A",,"A",,"A"
"20141",2678685,32,0,"2","405","D","12","D",45,"D",,"A",,"A",,"A",,"A"
"20141",2678905,60,0,"1","420","D","12","D",70,"D",,"A",,"A",,"A",,"A"
"20141",2678905,61,0,"1","420","D","01","D",70,"D",,"A",,"A",,"A",,"A"
"20141",2679055,36,0,"1","420","D","02","D",66,"D",,"A",,"A",,"A",,"A"
"20141",2679255,34,0,"1","420","D","02","D",2,"D",,"A",,"A",,"A",,"A"
"20141",2679545,48,0,"1","400","D","12","D",155,"D",,"A",,"A",,"A",,"A"
"20141",2679585,36,0,"1","400","D","02","D",23,"D",,"A",,"A",,"A",,"A"
"20141",2679615,37,0,"1","410","D","02","D",68,"D",,"A",,"A",,"A",,"A"
"20141",2679805,69,0,"1","420","D","01","D",404,"D",,"A",,"A",,"A",,"A"
"20141",2679805,70,0,"2","420","D","12","D",347,"D",,"A",,"A",,"A",,"A"
"20141",2679825,29,0,"2","405","D","12","D",37,"D",,"A",,"A",,"A",,"A"
"20141",2679905,35,0,"1","405","D","02","D",110,"D",,"A",,"A",,"A",,"A"
"20141",2679965,27,0,"1","400","D","12","D",42,"D",,"A",,"A",,"A",,"A"
"20141",2679995,42,0,"1","420","D","02","D",123,"D",,"A",,"A",,"A",,"A"
"20141",2680005,30,0,"1","420","D","02","D",14,"D",,"A",,"A",,"A",,"A"
"20141",2680195,51,0,"2","420","D","12","D",78,"D",,"A",,"A",,"A",,"A"
"20141",2680284,59,0,"2","405","D","10","D",136,"D",,"A",,"A",,"A",,"A"
"20141",2680444,45,0,"1","410","D","11","D",40,"D",,"A",,"A",,"A",,"A"
"20141",2680564,14,0,"2","400","D","10","D",32,"D",,"A",,"A",,"A",,"A"
"20141",2680604,17,0,"1","420","D","10","D",179,"D",,"A",,"A",,"A",,"A"
"20141",2680644,63,0,"1","400","D","10","D",24,"D",,"A",,"A",,"A",,"A"
"20141",2680764,37,0,"2","405","D","10","D",155,"D",,"A",,"A",,"A",,"A"
"20141",2680964,17,0,"1","400","D","12","D",128,"D",,"A",,"A",,"A",,"A"
"20141",2681124,46,0,"2","430","D","10","D",.,"H","410","D","405","D","415","D",,"A"
"20141",2681124,46,1,"2","410","D","10","D",48,"E",,"A",,"A",,"A",,"A"
"20141",2681124,46,2,"2","420","D","10","D",167,"E",,"A",,"A",,"A",,"A"
"20141",2681154,50,0,"1","420","D","11","D",223,"D",,"A",,"A",,"A",,"A"
"20141",2681204,28,0,"2","400","D","10","D",10,"D",,"A",,"A",,"A",,"A"
"20141",2681404,17,0,"2","420","D","10","D",120,"D",,"A",,"A",,"A",,"A"
"20141",2681454,23,0,"1","410","D","12","D",48,"D",,"A",,"A",,"A",,"A"
"20141",2681544,64,0,"1","420","D","12","D",99,"D",,"A",,"A",,"A",,"A"
"20141",2681574,17,0,"1","410","D","10","D",39,"D",,"A",,"A",,"A",,"A"
"20141",2681624,28,0,"1","410","D","11","D",40,"D",,"A",,"A",,"A",,"A"
"20141",2681674,29,0,"1","420","D","12","D",122,"D",,"A",,"A",,"A",,"A"
"20141",2681764,20,0,"1","405","D","10","D",37,"D",,"A",,"A",,"A",,"A"
"20141",2681764,21,0,"2","405","D","10","D",157,"D",,"A",,"A",,"A",,"A"
"20141",2681774,22,0,"1","420","D","12","D",150,"D",,"A",,"A",,"A",,"A"
"20141",2681784,45,0,"1","410","D","10","D",16,"D",,"A",,"A",,"A",,"A"
"20141",2681794,43,0,"1","410","D","12","D",40,"D",,"A",,"A",,"A",,"A"
"20141",2681794,44,0,"2","420","D","10","D",68,"D",,"A",,"A",,"A",,"A"
"20141",2681844,38,0,"1","410","D","12","D",39,"D",,"A",,"A",,"A",,"A"
"20141",2682064,58,0,"1","400","D","11","D",20,"D",,"A",,"A",,"A",,"A"
"20141",2682124,15,0,"2","410","D","10","D",16,"D",,"A",,"A",,"A",,"A"
"20141",2682234,45,0,"1","420","D","12","D",65,"D",,"A",,"A",,"A",,"A"
"20141",2682354,29,0,"1","420","D","11","D",105,"D",,"A",,"A",,"A",,"A"
"20141",2682464,46,0,"1","400","D","12","D",37,"D",,"A",,"A",,"A",,"A"
"20141",2682604,49,0,"1","420","D","12","D",70,"D",,"A",,"A",,"A",,"A"
"20141",2682604,50,0,"2","400","D","10","D",68,"D",,"A",,"A",,"A",,"A"
"20141",2682724,40,0,"1","400","D","12","D",30,"D",,"A",,"A",,"A",,"A"
"20141",2682844,32,0,"1","410","D","11","D",14,"D",,"A",,"A",,"A",,"A"
"20141",2682894,62,0,"1","420","D","11","D",108,"D",,"A",,"A",,"A",,"A"
"20141",2682964,41,0,"1","420","D","11","D",320,"D",,"A",,"A",,"A",,"A"
"20141",2683054,26,0,"2","410","D","10","D",40,"F",,"A",,"A",,"A",,"A"
"20141",2683114,35,0,"1","420","D","12","D",40,"D",,"A",,"A",,"A",,"A"
"20141",2683234,58,0,"1","400","D","12","D",34,"D",,"A",,"A",,"A",,"A"
"20141",2683234,59,0,"1","420","D","12","D",75,"D",,"A",,"A",,"A",,"A"
"20141",2683294,15,0,"1","420","D","11","D",80,"D",,"A",,"A",,"A",,"A"
"20141",2683344,33,0,"1","420","D","11","D",65,"D",,"A",,"A",,"A",,"A"
"20141",2683354,74,0,"1","420","D","11","D",75,"D",,"A",,"A",,"A",,"A"
"20141",2683434,54,0,"1","420","D","11","D",30,"D",,"A",,"A",,"A",,"A"
"20141",2683554,35,0,"1","420","D","12","D",50,"D",,"A",,"A",,"A",,"A"
"20141",2683694,46,0,"2","420","D","10","D",216,"D",,"A",,"A",,"A",,"A"
"20141",2683714,66,0,"1","420","D","12","D",107,"D",,"A",,"A",,"A",,"A"
"20141",2683754,41,0,"1","400","D","10","D",32,"D",,"A",,"A",,"A",,"A"
"20141",2683814,44,0,"2","420","D","10","D",100,"D",,"A",,"A",,"A",,"A"
"20141",2683854,95,0,"1","400","D","12","D",25,"D",,"A",,"A",,"A",,"A"
"20141",2683924,44,0,"1","405","D","10","D",400,"D",,"A",,"A",,"A",,"A"
"20141",2683984,18,0,"1","420","D","10","D",260,"D",,"A",,"A",,"A",,"A"
"20141",2684024,66,0,"1","420","D","12","D",117,"D",,"A",,"A",,"A",,"A"
"20141",2684044,37,0,"1","400","D","12","D",25,"D",,"A",,"A",,"A",,"A"
"20141",2684074,32,0,"1","420","D","11","D",115,"D",,"A",,"A",,"A",,"A"
"20141",2684104,20,0,"1","420","D","12","D",105,"D",,"A",,"A",,"A",,"A"
"20141",2684194,40,0,"1","410","D","10","D",15,"D",,"A",,"A",,"A",,"A"
"20141",2684194,41,0,"1","420","D","11","D",62,"D",,"A",,"A",,"A",,"A"
"20141",2684234,72,0,"1","420","D","12","D",175,"D",,"A",,"A",,"A",,"A"
"20141",2684344,44,0,"1","420","D","10","D",201,"D",,"A",,"A",,"A",,"A"
"20141",2684344,45,0,"2","420","D","10","D",201,"D",,"A",,"A",,"A",,"A"
"20141",2684424,46,0,"1","420","D","11","D",100,"D",,"A",,"A",,"A",,"A"
"20141",2684434,44,0,"1","420","D","11","D",85,"D",,"A",,"A",,"A",,"A"
"20141",2684464,15,0,"2","420","D","10","D",120,"D",,"A",,"A",,"A",,"A"
"20141",2684474,28,0,"1","400","D","10","D",48,"D",,"A",,"A",,"A",,"A"
"20141",2684494,83,0,"1","420","D","12","D",91,"D",,"A",,"A",,"A",,"A"
"20141",2684564,13,0,"1","420","D","12","D",135,"D",,"A",,"A",,"A",,"A"
"20141",2684654,12,0,"1","420","D","11","D",45,"D",,"A",,"A",,"A",,"A"
"20141",2684714,89,0,"1","410","D","11","D",15,"D",,"A",,"A",,"A",,"A"
"20141",2684804,30,0,"1","420","D","12","D",110,"D",,"A",,"A",,"A",,"A"
"20141",2684844,36,0,"2","400","D","10","D",56,"D",,"A",,"A",,"A",,"A"
"20141",2684844,37,0,"2","400","D","10","D",25,"D",,"A",,"A",,"A",,"A"
"20141",2685014,113,0,"1","420","D","12","D",47,"D",,"A",,"A",,"A",,"A"
"20141",2685044,59,0,"1","410","D","12","D",32,"D",,"A",,"A",,"A",,"A"
"20141",2685134,29,0,"1","420","D","11","D",120,"D",,"A",,"A",,"A",,"A"
"20141",2685404,47,0,"1","420","D","11","D",30,"D",,"A",,"A",,"A",,"A"
"20141",2685444,40,0,"1","430","D","10","D",.,"H","415","D","410","D",,"A",,"A"
"20141",2685444,40,1,"1","420","D","10","D",83,"E",,"A",,"A",,"A",,"A"
"20141",2685444,40,2,"1","410","D","10","D",37,"E",,"A",,"A",,"A",,"A"
"20141",2685504,27,0,"1","400","D","10","D",18,"D",,"A",,"A",,"A",,"A"
"20141",2685684,46,0,"1","410","D","10","D",22,"D",,"A",,"A",,"A",,"A"
"20141",2685904,50,0,"1","420","D","11","D",57,"D",,"A",,"A",,"A",,"A"
"20141",2685914,49,0,"1","420","D","11","D",42,"D",,"A",,"A",,"A",,"A"
"20141",2685974,40,0,"2","430","D","10","D",.,"H","405","D","415","D",,"A",,"A"
"20141",2685974,40,1,"2","420","D","10","D",106,"E",,"A",,"A",,"A",,"A"
"20141",2685994,43,0,"2","400","D","10","D",20,"D",,"A",,"A",,"A",,"A"
"20141",2686174,33,0,"1","420","D","11","D",36,"D",,"A",,"A",,"A",,"A"
"20141",2686294,54,0,"1","420","D","10","D",80,"D",,"A",,"A",,"A",,"A"
"20141",2686414,40,0,"1","420","D","10","D",120,"D",,"A",,"A",,"A",,"A"
"20141",2686454,27,0,"1","420","D","10","D",45,"D",,"A",,"A",,"A",,"A"
"20141",2686524,45,0,"1","420","D","12","D",24,"D",,"A",,"A",,"A",,"A"
"20141",2686534,36,0,"1","420","D","11","D",300,"D",,"A",,"A",,"A",,"A"
"20141",2686754,48,0,"1","420","D","12","D",362,"D",,"A",,"A",,"A",,"A"
"20141",2686814,32,0,"1","420","D","11","D",167,"D",,"A",,"A",,"A",,"A"
"20141",2686824,77,0,"1","405","D","12","D",100,"D",,"A",,"A",,"A",,"A"
"20141",2686845,29,0,"2","420","D","10","D",196,"D",,"A",,"A",,"A",,"A"
"20141",2686845,30,0,"2","400","D","10","D",30,"D",,"A",,"A",,"A",,"A"
"20141",2686904,59,0,"1","410","D","10","D",42,"D",,"A",,"A",,"A",,"A"
"20141",2686904,60,0,"1","420","D","12","D",115,"D",,"A",,"A",,"A",,"A"
"20141",2686914,40,0,"1","405","D","11","D",165,"D",,"A",,"A",,"A",,"A"
"20141",2686944,32,0,"1","420","D","11","D",140,"D",,"A",,"A",,"A",,"A"
"20141",2687004,37,0,"1","400","D","12","D",36,"D",,"A",,"A",,"A",,"A"
"20141",2687024,29,0,"1","430","D","12","D",.,"H","425","D","415","D",,"A",,"A"
"20141",2687024,29,1,"1","420","D","12","D",25,"E",,"A",,"A",,"A",,"A"
"20141",2687024,29,2,"1","420","D","12","D",25,"E",,"A",,"A",,"A",,"A"
"20141",2687034,68,0,"2","410","D","10","D",75,"D",,"A",,"A",,"A",,"A"
"20141",2687044,35,0,"1","420","D","10","D",150,"D",,"A",,"A",,"A",,"A"
"20141",2687064,69,0,"1","420","D","11","D",104,"D",,"A",,"A",,"A",,"A"
"20141",2687064,70,0,"1","410","D","11","D",20,"D",,"A",,"A",,"A",,"A"
"20141",2687084,76,0,"1","420","D","12","D",87,"D",,"A",,"A",,"A",,"A"
"20141",2687084,77,0,"2","420","D","10","D",75,"D",,"A",,"A",,"A",,"A"
"20141",2687234,18,0,"1","400","D","12","D",60,"D",,"A",,"A",,"A",,"A"
"20141",2687234,19,0,"1","420","D","12","D",90,"D",,"A",,"A",,"A",,"A"
"20141",2687424,37,0,"1","405","D","10","D",350,"D",,"A",,"A",,"A",,"A"
"20141",2687474,73,0,"1","420","D","12","D",870,"D",,"A",,"A",,"A",,"A"
"20141",2687504,53,0,"1","400","D","11","D",20,"D",,"A",,"A",,"A",,"A"
"20141",2687574,146,0,"1","420","D","12","D",234,"D",,"A",,"A",,"A",,"A"
"20141",2687694,29,0,"1","420","D","11","D",56,"F",,"A",,"A",,"A",,"A"
"20141",2687784,21,0,"2","400","D","10","D",79,"D",,"A",,"A",,"A",,"A"
"20141",2687784,22,0,"2","420","D","10","D",40,"F",,"A",,"A",,"A",,"A"
"20141",2687784,23,0,"2","405","D","10","D",317,"F",,"A",,"A",,"A",,"A"
"20141",2687854,28,0,"1","410","D","12","D",60,"D",,"A",,"A",,"A",,"A"
"20141",2687874,24,0,"1","400","D","12","D",30,"D",,"A",,"A",,"A",,"A"
"20141",2687894,26,0,"1","410","D","12","D",14,"D",,"A",,"A",,"A",,"A"
"20141",2687984,34,0,"1","420","D","12","D",80,"D",,"A",,"A",,"A",,"A"
"20141",2688354,27,0,"1","420","D","12","D",400,"D",,"A",,"A",,"A",,"A"
"20141",2688364,29,0,"1","420","D","12","D",60,"D",,"A",,"A",,"A",,"A"
"20141",2688464,55,0,"1","420","D","11","D",70,"D",,"A",,"A",,"A",,"A"
"20141",2688774,27,0,"1","420","D","10","D",46,"D",,"A",,"A",,"A",,"A"
"20141",2688864,44,0,"1","400","D","11","D",26,"D",,"A",,"A",,"A",,"A"
"20141",2688884,54,0,"1","420","D","10","D",72,"D",,"A",,"A",,"A",,"A"
"20141",2688954,48,0,"1","410","D","10","D",60,"D",,"A",,"A",,"A",,"A"
"20141",2689054,55,0,"1","400","D","11","D",30,"D",,"A",,"A",,"A",,"A"
"20141",2689164,28,0,"2","420","D","10","D",194,"D",,"A",,"A",,"A",,"A"
"20141",2689574,36,0,"1","420","D","11","D",80,"D",,"A",,"A",,"A",,"A"
"20141",2689764,30,0,"1","420","D","11","D",90,"D",,"A",,"A",,"A",,"A"
"20141",2690115,41,0,"1","400","D","11","D",55,"D",,"A",,"A",,"A",,"A"
"20141",2690184,73,0,"1","400","D","12","D",50,"D",,"A",,"A",,"A",,"A"
"20141",2690234,50,0,"1","420","D","12","D",210,"D",,"A",,"A",,"A",,"A"
"20141",2690334,23,0,"1","420","D","11","D",56,"D",,"A",,"A",,"A",,"A"
"20141",2690494,32,0,"2","420","D","10","D",336,"D",,"A",,"A",,"A",,"A"
"20141",2690624,48,0,"1","410","D","11","D",20,"D",,"A",,"A",,"A",,"A"
"20141",2690624,49,0,"1","420","D","11","D",58,"D",,"A",,"A",,"A",,"A"
"20141",2690694,30,0,"1","420","D","12","D",75,"D",,"A",,"A",,"A",,"A"
"20141",2690694,31,0,"1","410","D","12","D",40,"D",,"A",,"A",,"A",,"A"
"20141",2690814,33,0,"1","430","D","10","D",.,"H","410","D","425","D",,"A",,"A"
"20141",2690814,33,1,"1","410","D","10","D",58,"E",,"A",,"A",,"A",,"A"
"20141",2690814,33,2,"1","420","D","10","D",178,"E",,"A",,"A",,"A",,"A"
"20141",2690854,33,0,"1","420","D","11","D",71,"D",,"A",,"A",,"A",,"A"
"20141",2690854,34,0,"1","400","D","11","D",25,"D",,"A",,"A",,"A",,"A"
"20141",2690904,57,0,"1","420","D","11","D",120,"D",,"A",,"A",,"A",,"A"
"20141",2690984,75,0,"1","405","D","12","D",350,"D",,"A",,"A",,"A",,"A"
"20141",2691124,52,0,"1","420","D","12","D",36,"D",,"A",,"A",,"A",,"A"
"20141",2691124,53,0,"1","400","D","12","D",36,"D",,"A",,"A",,"A",,"A"
"20141",2691204,32,0,"2","420","D","11","D",101,"D",,"A",,"A",,"A",,"A"
"20141",2691204,33,0,"2","420","D","11","D",80,"D",,"A",,"A",,"A",,"A"
"20141",2691574,27,0,"1","420","D","12","D",125,"D",,"A",,"A",,"A",,"A"
"20141",2691664,46,0,"1","420","D","01","D",136,"D",,"A",,"A",,"A",,"A"
"20141",2691754,42,0,"1","405","D","12","D",396,"D",,"A",,"A",,"A",,"A"
"20141",2692124,22,0,"1","410","D","12","D",60,"D",,"A",,"A",,"A",,"A"
"20141",2692124,23,0,"1","420","D","12","D",120,"D",,"A",,"A",,"A",,"A"
"20141",2692134,31,0,"1","410","D","01","D",35,"D",,"A",,"A",,"A",,"A"
"20141",2692264,62,0,"1","420","D","11","D",266,"D",,"A",,"A",,"A",,"A"
"20141",2692344,35,0,"1","420","D","01","D",101,"D",,"A",,"A",,"A",,"A"
"20141",2692344,36,0,"1","420","D","12","D",79,"D",,"A",,"A",,"A",,"A"
"20141",2692484,49,0,"1","400","D","11","D",20,"D",,"A",,"A",,"A",,"A"
"20141",2692684,47,0,"1","420","D","12","D",55,"D",,"A",,"A",,"A",,"A"
"20141",2692684,48,0,"1","420","D","01","D",110,"D",,"A",,"A",,"A",,"A"
"20141",2692694,41,0,"2","400","D","11","D",85,"D",,"A",,"A",,"A",,"A"
"20141",2692954,48,0,"1","400","D","12","D",50,"D",,"A",,"A",,"A",,"A"
"20141",2692954,49,0,"1","420","D","12","D",40,"D",,"A",,"A",,"A",,"A"
"20141",2693014,40,0,"2","420","D","11","D",75,"D",,"A",,"A",,"A",,"A"
"20141",2693054,24,0,"1","420","D","11","D",64,"D",,"A",,"A",,"A",,"A"
"20141",2693094,60,0,"1","420","D","01","D",220,"D",,"A",,"A",,"A",,"A"
"20141",2693124,65,0,"1","405","D","01","D",230,"D",,"A",,"A",,"A",,"A"
"20141",2693144,31,0,"1","420","D","11","D",160,"D",,"A",,"A",,"A",,"A"
"20141",2693234,21,0,"1","420","D","01","D",134,"D",,"A",,"A",,"A",,"A"
"20141",2693394,29,0,"1","400","D","12","D",75,"D",,"A",,"A",,"A",,"A"
"20141",2693424,37,0,"1","410","D","01","D",20,"D",,"A",,"A",,"A",,"A"
"20141",2693424,38,0,"1","420","D","01","D",64,"D",,"A",,"A",,"A",,"A"
"20141",2693504,61,0,"1","400","D","01","D",28,"D",,"A",,"A",,"A",,"A"
"20141",2693504,62,0,"1","410","D","01","D",25,"D",,"A",,"A",,"A",,"A"
"20141",2693554,23,0,"1","410","D","01","D",5,"D",,"A",,"A",,"A",,"A"
"20141",2693574,36,0,"1","420","D","11","D",45,"D",,"A",,"A",,"A",,"A"
"20141",2693794,38,0,"1","420","D","12","D",217,"D",,"A",,"A",,"A",,"A"
"20141",2693824,39,0,"1","420","D","12","D",200,"D",,"A",,"A",,"A",,"A"
"20141",2693824,40,0,"1","420","D","01","D",230,"D",,"A",,"A",,"A",,"A"
"20141",2693844,12,0,"1","430","D","01","D",.,"H","415","D","400","D",,"A",,"A"
"20141",2693844,12,1,"1","420","D","01","D",90,"E",,"A",,"A",,"A",,"A"
"20141",2693844,12,2,"1","400","D","01","D",30,"E",,"A",,"A",,"A",,"A"
"20141",2694074,18,0,"2","420","D","11","D",180,"D",,"A",,"A",,"A",,"A"
"20141",2694194,27,0,"2","420","D","11","D",184,"D",,"A",,"A",,"A",,"A"
"20141",2694404,45,0,"1","420","D","11","D",72,"D",,"A",,"A",,"A",,"A"
"20141",2694404,46,0,"1","420","D","11","D",23,"D",,"A",,"A",,"A",,"A"
"20141",2694404,47,0,"1","420","D","11","D",26,"D",,"A",,"A",,"A",,"A"
"20141",2694414,27,0,"1","420","D","11","D",143,"D",,"A",,"A",,"A",,"A"
"20141",2694444,65,0,"1","410","D","11","D",70,"D",,"A",,"A",,"A",,"A"
"20141",2694504,27,0,"1","420","D","12","D",55,"D",,"A",,"A",,"A",,"A"
"20141",2694534,36,0,"1","420","D","12","D",80,"D",,"A",,"A",,"A",,"A"
"20141",2694854,26,0,"2","400","D","11","D",36,"D",,"A",,"A",,"A",,"A"
"20141",2695064,42,0,"1","420","D","01","D",21,"D",,"A",,"A",,"A",,"A"
"20141",2695094,40,0,"1","420","D","12","D",103,"F",,"A",,"A",,"A",,"A"
"20141",2695234,17,0,"1","400","D","11","D",10,"D",,"A",,"A",,"A",,"A"
"20141",2695264,49,0,"1","400","D","12","D",45,"D",,"A",,"A",,"A",,"A"
"20141",2695394,34,0,"1","400","D","01","D",17,"D",,"A",,"A",,"A",,"A"
"20141",2695394,35,0,"1","420","D","01","D",300,"D",,"A",,"A",,"A",,"A"
"20141",2695414,51,0,"1","420","D","01","D",75,"D",,"A",,"A",,"A",,"A"
"20141",2695414,52,0,"1","420","D","01","D",89,"D",,"A",,"A",,"A",,"A"
"20141",2695554,31,0,"1","400","D","12","D",35,"D",,"A",,"A",,"A",,"A"
"20141",2695574,47,0,"1","400","D","12","D",20,"D",,"A",,"A",,"A",,"A"
"20141",2695744,73,0,"2","400","D","11","D",15,"D",,"A",,"A",,"A",,"A"
"20141",2695764,48,0,"1","420","D","01","D",235,"D",,"A",,"A",,"A",,"A"
"20141",2695864,48,0,"1","420","D","01","D",20,"D",,"A",,"A",,"A",,"A"
"20141",2695994,27,0,"1","420","D","12","D",115,"D",,"A",,"A",,"A",,"A"
"20141",2696014,33,0,"2","400","D","11","D",28,"D",,"A",,"A",,"A",,"A"
"20141",2696014,34,0,"2","420","D","11","D",300,"D",,"A",,"A",,"A",,"A"
"20141",2696044,36,0,"1","420","D","01","D",95,"D",,"A",,"A",,"A",,"A"
"20141",2696144,55,0,"1","420","D","12","D",159,"D",,"A",,"A",,"A",,"A"
"20141",2696294,41,0,"1","420","D","01","D",72,"D",,"A",,"A",,"A",,"A"
"20141",2696654,26,0,"2","420","D","11","D",75,"D",,"A",,"A",,"A",,"A"
"20141",2696924,19,0,"1","420","D","01","D",101,"D",,"A",,"A",,"A",,"A"
"20141",2696934,27,0,"1","400","D","01","D",32,"D",,"A",,"A",,"A",,"A"
"20141",2696954,40,0,"1","405","D","12","D",360,"F",,"A",,"A",,"A",,"A"
"20141",2697034,40,0,"1","410","D","01","D",18,"D",,"A",,"A",,"A",,"A"
"20141",2697144,39,0,"1","420","D","01","D",260,"D",,"A",,"A",,"A",,"A"
"20141",2697164,48,0,"2","410","D","11","D",15,"D",,"A",,"A",,"A",,"A"
"20141",2697164,49,0,"2","410","D","11","D",15,"D",,"A",,"A",,"A",,"A"
"20141",2697164,50,0,"2","420","D","11","D",75,"D",,"A",,"A",,"A",,"A"
"20141",2697164,51,0,"2","420","D","11","D",75,"D",,"A",,"A",,"A",,"A"
"20141",2697304,10,0,"1","400","D","01","D",80,"D",,"A",,"A",,"A",,"A"
"20141",2697354,30,0,"1","430","D","01","D",.,"H","415","D","410","D",,"A",,"A"
"20141",2697354,30,1,"1","420","D","01","D",56,"E",,"A",,"A",,"A",,"A"
"20141",2697354,30,2,"1","410","D","01","D",24,"E",,"A",,"A",,"A",,"A"
"20141",2697584,15,0,"2","400","D","11","D",310,"D",,"A",,"A",,"A",,"A"
"20141",2697594,38,0,"1","420","D","12","D",60,"D",,"A",,"A",,"A",,"A"
"20141",2697744,54,0,"2","400","D","11","D",20,"D",,"A",,"A",,"A",,"A"
"20141",2697804,90,0,"1","400","D","11","D",35,"D",,"A",,"A",,"A",,"A"
"20141",2697804,91,0,"1","420","D","12","D",9,"D",,"A",,"A",,"A",,"A"
"20141",2697804,92,0,"2","420","D","11","D",84,"D",,"A",,"A",,"A",,"A"
"20141",2697944,41,0,"1","420","D","01","D",14,"D",,"A",,"A",,"A",,"A"
"20141",2697944,42,0,"1","420","D","11","D",65,"D",,"A",,"A",,"A",,"A"
"20141",2697954,62,0,"1","420","D","12","D",197,"D",,"A",,"A",,"A",,"A"
"20141",2698064,22,0,"1","420","D","12","D",58,"D",,"A",,"A",,"A",,"A"
"20141",2698164,35,0,"1","420","D","01","D",126,"D",,"A",,"A",,"A",,"A"
"20141",2698194,25,0,"2","400","D","11","D",25,"D",,"A",,"A",,"A",,"A"
"20141",2698234,41,0,"2","420","D","11","D",115,"D",,"A",,"A",,"A",,"A"
"20141",2698234,42,0,"2","420","D","11","D",57,"D",,"A",,"A",,"A",,"A"
"20141",2698444,42,0,"1","420","D","12","D",120,"D",,"A",,"A",,"A",,"A"
"20141",2698514,27,0,"1","410","D","11","D",16,"D",,"A",,"A",,"A",,"A"
"20141",2698514,28,0,"1","420","D","11","D",48,"D",,"A",,"A",,"A",,"A"
"20141",2698514,29,0,"1","405","D","12","D",100,"D",,"A",,"A",,"A",,"A"
"20141",2698554,32,0,"1","420","D","01","D",80,"D",,"A",,"A",,"A",,"A"
"20141",2698554,33,0,"1","420","D","12","D",198,"D",,"A",,"A",,"A",,"A"
"20141",2698604,52,0,"1","420","D","12","D",20,"D",,"A",,"A",,"A",,"A"
"20141",2698634,40,0,"1","420","D","11","D",60,"D",,"A",,"A",,"A",,"A"
"20141",2698664,19,0,"1","430","D","11","D",.,"H","415","D","410","D",,"A",,"A"
"20141",2698664,19,1,"1","420","D","11","D",90,"E",,"A",,"A",,"A",,"A"
"20141",2698664,19,2,"1","410","D","11","D",35,"E",,"A",,"A",,"A",,"A"
"20141",2698714,32,0,"1","410","D","12","D",22,"D",,"A",,"A",,"A",,"A"
"20141",2698804,71,0,"1","420","D","11","D",128,"D",,"A",,"A",,"A",,"A"
"20141",2698804,72,0,"1","430","D","01","D",.,"H","410","D","415","D",,"A",,"A"
"20141",2698804,72,1,"1","410","D","01","D",39,"E",,"A",,"A",,"A",,"A"
"20141",2698804,72,2,"1","420","D","01","D",105,"E",,"A",,"A",,"A",,"A"
"20141",2698824,32,0,"1","420","D","01","D",120,"F",,"A",,"A",,"A",,"A"
"20141",2698834,19,0,"1","420","D","11","D",80,"D",,"A",,"A",,"A",,"A"
"20141",2698924,35,0,"1","405","D","11","D",217,"D",,"A",,"A",,"A",,"A"
"20141",2698994,65,0,"1","420","D","01","D",86,"D",,"A",,"A",,"A",,"A"
"20141",2699004,31,0,"1","420","D","11","D",250,"D",,"A",,"A",,"A",,"A"
"20141",2699024,16,0,"1","420","D","11","D",75,"D",,"A",,"A",,"A",,"A"
"20141",2699034,79,0,"1","420","D","12","D",138,"D",,"A",,"A",,"A",,"A"
"20141",2699084,60,0,"1","410","D","01","D",16,"D",,"A",,"A",,"A",,"A"
"20141",2699164,19,0,"1","410","D","11","D",29,"D",,"A",,"A",,"A",,"A"
"20141",2699204,32,0,"1","420","D","01","D",70,"D",,"A",,"A",,"A",,"A"
"20141",2699274,38,0,"1","430","D","01","D",.,"H","415","D","410","D",,"A",,"A"
"20141",2699274,38,1,"1","420","D","01","D",79,"E",,"A",,"A",,"A",,"A"
"20141",2699274,38,2,"1","410","D","01","D",35,"E",,"A",,"A",,"A",,"A"
"20141",2699294,46,0,"1","420","D","11","D",58,"D",,"A",,"A",,"A",,"A"
"20141",2699304,98,0,"1","420","D","11","D",115,"D",,"A",,"A",,"A",,"A"
"20141",2699364,47,0,"1","420","D","01","D",170,"D",,"A",,"A",,"A",,"A"
"20141",2699394,26,0,"1","410","D","11","D",50,"D",,"A",,"A",,"A",,"A"
"20141",2699514,25,0,"1","420","D","11","D",60,"D",,"A",,"A",,"A",,"A"
"20141",2699544,35,0,"1","410","D","11","D",21,"D",,"A",,"A",,"A",,"A"
"20141",2699554,43,0,"1","420","D","01","D",28,"D",,"A",,"A",,"A",,"A"
"20141",2699564,53,0,"1","420","D","12","D",226,"D",,"A",,"A",,"A",,"A"
"20141",2699624,124,0,"1","420","D","01","D",75,"D",,"A",,"A",,"A",,"A"
"20141",2699644,39,0,"1","420","D","01","D",89,"D",,"A",,"A",,"A",,"A"
"20141",2699744,44,0,"1","420","D","11","D",124,"D",,"A",,"A",,"A",,"A"
"20141",2699754,18,0,"2","400","D","11","D",36,"D",,"A",,"A",,"A",,"A"
"20141",2700194,66,0,"1","400","D","12","D",25,"D",,"A",,"A",,"A",,"A"
"20141",2700434,13,0,"1","400","D","12","D",15,"D",,"A",,"A",,"A",,"A"
"20141",2700584,64,0,"1","400","D","01","D",50,"D",,"A",,"A",,"A",,"A"
"20141",2700684,40,0,"1","410","D","12","D",35,"F",,"A",,"A",,"A",,"A"
"20141",2700684,41,0,"2","410","D","11","D",110,"D",,"A",,"A",,"A",,"A"
"20141",2700774,34,0,"1","400","D","01","D",38,"D",,"A",,"A",,"A",,"A"
"20141",2700894,42,0,"1","420","D","01","D",210,"D",,"A",,"A",,"A",,"A"
"20141",2701194,19,0,"1","410","D","01","D",18,"D",,"A",,"A",,"A",,"A"
"20141",2701354,62,0,"1","420","D","01","D",89,"D",,"A",,"A",,"A",,"A"
"20141",2701414,31,0,"1","420","D","12","D",398,"D",,"A",,"A",,"A",,"A"
"20141",2701414,32,0,"1","410","D","12","D",20,"D",,"A",,"A",,"A",,"A"
"20141",2701614,60,0,"1","410","D","01","D",40,"D",,"A",,"A",,"A",,"A"
"20141",2701694,47,0,"1","410","D","11","D",40,"D",,"A",,"A",,"A",,"A"
"20141",2701694,48,0,"1","400","D","01","D",20,"D",,"A",,"A",,"A",,"A"
"20141",2701694,49,0,"1","420","D","12","D",75,"D",,"A",,"A",,"A",,"A"
"20141",2702024,37,0,"1","410","D","01","D",40,"D",,"A",,"A",,"A",,"A"
"20141",2702044,52,0,"1","405","D","12","D",350,"D",,"A",,"A",,"A",,"A"
"20141",2702054,59,0,"1","420","D","12","D",101,"D",,"A",,"A",,"A",,"A"
"20141",2702094,38,0,"1","420","D","02","D",101,"D",,"A",,"A",,"A",,"A"
"20141",2702524,43,0,"1","400","D","12","D",65,"D",,"A",,"A",,"A",,"A"
"20141",2702724,73,0,"1","420","D","02","D",95,"D",,"A",,"A",,"A",,"A"
"20141",2702724,74,0,"1","420","D","02","D",20,"D",,"A",,"A",,"A",,"A"
"20141",2703104,38,0,"1","420","D","02","D",165,"D",,"A",,"A",,"A",,"A"
"20141",2703404,39,0,"1","430","D","12","D",.,"H","410","D","415","D",,"A",,"A"
"20141",2703404,39,1,"1","410","D","12","D",63,"E",,"A",,"A",,"A",,"A"
"20141",2703404,39,2,"1","420","D","12","D",166,"E",,"A",,"A",,"A",,"A"
"20141",2703414,34,0,"1","420","D","12","D",69,"D",,"A",,"A",,"A",,"A"
"20141",2703414,35,0,"1","410","D","12","D",28,"D",,"A",,"A",,"A",,"A"
"20141",2703814,46,0,"1","420","D","02","D",350,"D",,"A",,"A",,"A",,"A"
"20141",2704004,72,0,"1","400","D","02","D",15,"D",,"A",,"A",,"A",,"A"
"20141",2704164,41,0,"1","420","D","01","D",73,"D",,"A",,"A",,"A",,"A"
"20141",2704214,39,0,"1","420","D","01","D",60,"D",,"A",,"A",,"A",,"A"
"20141",2704234,44,0,"1","420","D","02","D",75,"D",,"A",,"A",,"A",,"A"
"20141",2704294,46,0,"1","410","D","12","D",29,"D",,"A",,"A",,"A",,"A"
"20141",2704304,36,0,"1","420","D","02","D",250,"D",,"A",,"A",,"A",,"A"
"20141",2704304,37,0,"2","420","D","12","D",260,"D",,"A",,"A",,"A",,"A"
"20141",2704334,72,0,"1","420","D","01","D",225,"D",,"A",,"A",,"A",,"A"
"20141",2704374,50,0,"1","400","D","01","D",30,"D",,"A",,"A",,"A",,"A"
"20141",2704454,50,0,"1","420","D","02","D",36,"D",,"A",,"A",,"A",,"A"
"20141",2704464,31,0,"1","400","D","01","D",25,"D",,"A",,"A",,"A",,"A"
"20141",2704624,46,0,"2","420","D","12","D",174,"D",,"A",,"A",,"A",,"A"
"20141",2704684,15,0,"1","400","D","01","D",25,"F",,"A",,"A",,"A",,"A"
"20141",2704894,54,0,"1","400","D","01","D",25,"D",,"A",,"A",,"A",,"A"
"20141",2704944,37,0,"1","420","D","01","D",150,"D",,"A",,"A",,"A",,"A"
"20141",2705004,63,0,"1","420","D","01","D",143,"D",,"A",,"A",,"A",,"A"
"20141",2705044,56,0,"1","420","D","02","D",180,"D",,"A",,"A",,"A",,"A"
"20141",2705174,33,0,"1","420","D","12","D",75,"D",,"A",,"A",,"A",,"A"
"20141",2705194,38,0,"1","420","D","02","D",45,"D",,"A",,"A",,"A",,"A"
"20141",2705194,39,0,"1","405","D","12","D",456,"D",,"A",,"A",,"A",,"A"
"20141",2705304,54,0,"1","420","D","02","D",100,"D",,"A",,"A",,"A",,"A"
"20141",2705334,21,0,"1","420","D","01","D",67,"D",,"A",,"A",,"A",,"A"
"20141",2705364,36,0,"1","420","D","12","D",130,"D",,"A",,"A",,"A",,"A"
"20141",2705484,30,0,"1","420","D","01","D",67,"D",,"A",,"A",,"A",,"A"
"20141",2705544,41,0,"2","420","D","12","D",48,"D",,"A",,"A",,"A",,"A"
"20141",2705624,28,0,"2","400","D","12","D",35,"D",,"A",,"A",,"A",,"A"
"20141",2705634,38,0,"1","420","D","02","D",150,"D",,"A",,"A",,"A",,"A"
"20141",2705644,34,0,"1","430","D","12","D",.,"H","425","D","415","D",,"A",,"A"
"20141",2705644,34,1,"1","420","D","12","D",63,"E",,"A",,"A",,"A",,"A"
"20141",2705644,34,2,"1","420","D","12","D",87,"E",,"A",,"A",,"A",,"A"
"20141",2705714,65,0,"1","410","D","01","D",21,"D",,"A",,"A",,"A",,"A"
"20141",2705804,31,0,"1","400","D","12","D",20,"D",,"A",,"A",,"A",,"A"
"20141",2705914,40,0,"1","420","D","01","D",70,"D",,"A",,"A",,"A",,"A"
"20141",2705914,41,0,"1","400","D","02","D",35,"D",,"A",,"A",,"A",,"A"
"20141",2706074,47,0,"1","410","D","02","D",39,"D",,"A",,"A",,"A",,"A"
"20141",2706074,48,0,"1","420","D","02","D",118,"D",,"A",,"A",,"A",,"A"
"20141",2706124,86,0,"1","420","D","01","D",425,"D",,"A",,"A",,"A",,"A"
"20141",2706124,87,0,"1","420","D","02","D",2780,"D",,"A",,"A",,"A",,"A"
"20141",2706234,57,0,"1","420","D","01","D",68,"D",,"A",,"A",,"A",,"A"
"20141",2706284,63,0,"1","410","D","02","D",25,"D",,"A",,"A",,"A",,"A"
"20141",2706284,64,0,"1","420","D","02","D",265,"D",,"A",,"A",,"A",,"A"
"20141",2706284,65,0,"1","420","D","02","D",80,"D",,"A",,"A",,"A",,"A"
"20141",2706324,73,0,"1","410","D","01","D",46,"D",,"A",,"A",,"A",,"A"
"20141",2706324,74,0,"1","420","D","01","D",130,"D",,"A",,"A",,"A",,"A"
"20141",2706514,43,0,"1","430","D","02","D",.,"H","410","D","415","D",,"A",,"A"
"20141",2706514,43,1,"1","410","D","02","D",51,"E",,"A",,"A",,"A",,"A"
"20141",2706514,43,2,"1","420","D","02","D",135,"E",,"A",,"A",,"A",,"A"
"20141",2706634,26,0,"1","410","D","12","D",14,"D",,"A",,"A",,"A",,"A"
"20141",2706634,27,0,"1","420","D","12","D",54,"D",,"A",,"A",,"A",,"A"
"20141",2706654,54,0,"1","420","D","02","D",36,"D",,"A",,"A",,"A",,"A"
"20141",2706654,55,0,"1","410","D","02","D",69,"D",,"A",,"A",,"A",,"A"
"20141",2706694,37,0,"1","420","D","02","D",40,"D",,"A",,"A",,"A",,"A"
"20141",2706704,103,0,"1","420","D","02","D",51,"D",,"A",,"A",,"A",,"A"
"20141",2706794,23,0,"1","420","D","01","D",44,"D",,"A",,"A",,"A",,"A"
"20141",2706874,98,0,"1","420","D","02","D",52,"D",,"A",,"A",,"A",,"A"
"20141",2706884,42,0,"1","400","D","01","D",50,"D",,"A",,"A",,"A",,"A"
"20141",2706884,43,0,"1","420","D","01","D",50,"D",,"A",,"A",,"A",,"A"
"20141",2706904,44,0,"2","405","D","12","D",1589,"D",,"A",,"A",,"A",,"A"
"20141",2706974,59,0,"1","420","D","02","D",70,"D",,"A",,"A",,"A",,"A"
"20141",2707164,32,0,"1","410","D","02","D",40,"D",,"A",,"A",,"A",,"A"
"20141",2707324,31,0,"1","400","D","02","D",11,"D",,"A",,"A",,"A",,"A"
"20141",2707324,32,0,"1","420","D","02","D",277,"D",,"A",,"A",,"A",,"A"
"20141",2707374,49,0,"1","420","D","01","D",80,"D",,"A",,"A",,"A",,"A"
"20141",2707494,45,0,"1","420","D","02","D",27,"D",,"A",,"A",,"A",,"A"
"20141",2707494,46,0,"1","405","D","02","D",240,"D",,"A",,"A",,"A",,"A"
"20141",2707554,37,0,"1","405","D","12","D",535,"D",,"A",,"A",,"A",,"A"
"20141",2707554,38,0,"2","420","D","12","D",500,"D",,"A",,"A",,"A",,"A"
"20141",2707724,34,0,"1","410","D","01","D",65,"D",,"A",,"A",,"A",,"A"
"20141",2707804,31,0,"1","420","D","12","D",270,"D",,"A",,"A",,"A",,"A"
"20141",2707854,18,0,"1","410","D","02","D",5,"D",,"A",,"A",,"A",,"A"
"20141",2708034,34,0,"1","410","D","01","D",15,"D",,"A",,"A",,"A",,"A"
"20141",2708034,35,0,"1","420","D","01","D",65,"D",,"A",,"A",,"A",,"A"
"20141",2708244,25,0,"1","400","D","12","D",23,"D",,"A",,"A",,"A",,"A"
"20141",2708294,26,0,"1","400","D","02","D",40,"D",,"A",,"A",,"A",,"A"
"20141",2708344,64,0,"1","430","D","02","D",.,"H","425","D","415","D",,"A",,"A"
"20141",2708344,64,1,"1","420","D","02","D",58,"E",,"A",,"A",,"A",,"A"
"20141",2708374,22,0,"2","410","D","12","D",35,"D",,"A",,"A",,"A",,"A"
"20141",2708374,23,0,"2","400","D","12","D",35,"D",,"A",,"A",,"A",,"A"
"20141",2708474,41,0,"1","420","D","01","D",20,"D",,"A",,"A",,"A",,"A"
"20141",2708494,44,0,"1","410","D","02","D",26,"D",,"A",,"A",,"A",,"A"
"20141",2708594,37,0,"1","420","D","02","D",190,"F",,"A",,"A",,"A",,"A"
"20141",2708624,60,0,"2","420","D","12","D",42,"D",,"A",,"A",,"A",,"A"
"20141",2708794,19,0,"2","420","D","12","D",24,"D",,"A",,"A",,"A",,"A"
"20141",2708794,20,0,"2","405","D","12","D",62,"D",,"A",,"A",,"A",,"A"
"20141",2708914,37,0,"1","400","D","12","D",35,"D",,"A",,"A",,"A",,"A"
"20141",2709134,49,0,"1","420","D","12","D",104,"D",,"A",,"A",,"A",,"A"
"20141",2709134,50,0,"1","420","D","02","D",104,"D",,"A",,"A",,"A",,"A"
"20141",2709264,29,0,"1","420","D","12","D",160,"D",,"A",,"A",,"A",,"A"
"20141",2709464,17,0,"1","430","D","02","D",.,"H","400","D","415","D",,"A",,"A"
"20141",2709464,17,1,"1","400","D","02","D",55,"E",,"A",,"A",,"A",,"A"
"20141",2709464,17,2,"1","420","D","02","D",102,"E",,"A",,"A",,"A",,"A"
"20141",2709574,51,0,"1","400","D","02","D",33,"D",,"A",,"A",,"A",,"A"
"20141",2709624,24,0,"1","420","D","02","D",350,"D",,"A",,"A",,"A",,"A"
"20141",2709654,27,0,"1","410","D","02","D",48,"D",,"A",,"A",,"A",,"A"
"20141",2709814,46,0,"1","420","D","12","D",200,"D",,"A",,"A",,"A",,"A"
"20141",2709964,51,0,"1","420","D","02","D",52,"D",,"A",,"A",,"A",,"A"
"20141",2710014,45,0,"1","420","D","02","D",108,"D",,"A",,"A",,"A",,"A"
"20141",2710014,46,0,"1","420","D","02","D",108,"D",,"A",,"A",,"A",,"A"
"20141",2710024,45,0,"1","420","D","02","D",108,"D",,"A",,"A",,"A",,"A"
"20141",2710564,79,0,"2","420","D","12","D",30,"D",,"A",,"A",,"A",,"A"
"20141",2710684,24,0,"1","420","D","01","D",35,"D",,"A",,"A",,"A",,"A"
"20141",2710694,36,0,"1","400","D","01","D",20,"D",,"A",,"A",,"A",,"A"
"20141",2710694,37,0,"1","405","D","12","D",196,"D",,"A",,"A",,"A",,"A"
"20141",2710714,77,0,"2","420","D","12","D",63,"F",,"A",,"A",,"A",,"A"
"20141",2710724,16,0,"1","405","D","02","D",88,"D",,"A",,"A",,"A",,"A"
"20141",2710844,55,0,"2","420","D","12","D",120,"D",,"A",,"A",,"A",,"A"
"20141",2710904,63,0,"1","430","D","02","D",.,"H","425","D","415","D",,"A",,"A"
"20141",2710904,63,1,"1","420","D","02","D",49,"E",,"A",,"A",,"A",,"A"
"20141",2710934,17,0,"1","420","D","02","D",101,"D",,"A",,"A",,"A",,"A"
"20141",2711004,52,0,"1","410","D","01","D",16,"D",,"A",,"A",,"A",,"A"
"20141",2711044,38,0,"1","420","D","01","D",90,"D",,"A",,"A",,"A",,"A"
"20141",2711174,53,0,"1","410","D","02","D",39,"D",,"A",,"A",,"A",,"A"
"20141",2711184,39,0,"1","420","D","02","D",30,"D",,"A",,"A",,"A",,"A"
"20141",2711184,40,0,"1","420","D","01","D",36,"D",,"A",,"A",,"A",,"A"
"20141",2711264,42,0,"1","420","D","02","D",75,"D",,"A",,"A",,"A",,"A"
"20141",2711354,36,0,"2","420","D","12","D",90,"D",,"A",,"A",,"A",,"A"
"20141",2711654,66,0,"1","420","D","02","D",200,"D",,"A",,"A",,"A",,"A"
"20141",2711784,38,0,"1","420","D","12","D",120,"D",,"A",,"A",,"A",,"A"
"20141",2711804,43,0,"1","410","D","02","D",25,"D",,"A",,"A",,"A",,"A"
"20141",2712124,59,0,"1","410","D","01","D",55,"D",,"A",,"A",,"A",,"A"
"20141",2712164,19,0,"1","420","D","01","D",230,"D",,"A",,"A",,"A",,"A"
"20141",2712164,20,0,"1","420","D","02","D",120,"D",,"A",,"A",,"A",,"A"
"20141",2712234,23,0,"1","420","D","02","D",101,"D",,"A",,"A",,"A",,"A"
"20141",2712344,37,0,"1","420","D","12","D",400,"D",,"A",,"A",,"A",,"A"
"20141",2712414,74,0,"1","420","D","02","D",228,"D",,"A",,"A",,"A",,"A"
"20141",2712594,38,0,"1","410","D","02","D",18,"D",,"A",,"A",,"A",,"A"
"20141",2712674,39,0,"1","420","D","02","D",150,"D",,"A",,"A",,"A",,"A"
"20141",2712694,62,0,"1","420","D","02","D",100,"D",,"A",,"A",,"A",,"A"
"20141",2712874,85,0,"1","420","D","02","D",70,"D",,"A",,"A",,"A",,"A"
"20141",2712874,86,0,"2","420","D","12","D",60,"F",,"A",,"A",,"A",,"A"
"20141",2712894,36,0,"1","405","D","02","D",9,"D",,"A",,"A",,"A",,"A"
"20141",2712964,56,0,"1","420","D","02","D",170,"D",,"A",,"A",,"A",,"A"
"20141",2713004,57,0,"1","410","D","12","D",21,"D",,"A",,"A",,"A",,"A"
"20141",2713184,26,0,"1","420","D","02","D",156,"D",,"A",,"A",,"A",,"A"
"20141",2713204,41,0,"1","410","D","02","D",68,"D",,"A",,"A",,"A",,"A"
"20141",2713245,13,0,"1","420","D","01","D",140,"D",,"A",,"A",,"A",,"A"
"20141",2713334,25,0,"1","420","D","02","D",119,"D",,"A",,"A",,"A",,"A"
"20141",2713344,18,0,"1","420","D","01","D",100,"D",,"A",,"A",,"A",,"A"
"20141",2713434,40,0,"1","410","D","12","D",20,"D",,"A",,"A",,"A",,"A"
"20141",2713483,11,0,"2","420","D","10","D",250,"D",,"A",,"A",,"A",,"A"
"20141",2713573,60,0,"1","400","D","11","D",48,"D",,"A",,"A",,"A",,"A"
"20141",2713573,61,0,"2","400","D","10","D",45,"D",,"A",,"A",,"A",,"A"
"20141",2713583,21,0,"1","410","D","11","D",50,"D",,"A",,"A",,"A",,"A"
"20141",2713583,22,0,"1","420","D","10","D",127,"D",,"A",,"A",,"A",,"A"
"20141",2713583,23,0,"1","420","D","12","D",323,"D",,"A",,"A",,"A",,"A"
"20141",2713663,42,0,"1","420","D","10","D",67,"D",,"A",,"A",,"A",,"A"
"20141",2713773,50,0,"1","420","D","12","D",52,"D",,"A",,"A",,"A",,"A"
"20141",2713793,41,0,"1","405","D","12","D",175,"D",,"A",,"A",,"A",,"A"
"20141",2713843,42,0,"2","420","D","10","D",611,"D",,"A",,"A",,"A",,"A"
"20141",2714013,24,0,"1","400","D","12","D",60,"D",,"A",,"A",,"A",,"A"
"20141",2714023,56,0,"1","410","D","12","D",74,"D",,"A",,"A",,"A",,"A"
"20141",2714023,57,0,"1","420","D","11","D",210,"D",,"A",,"A",,"A",,"A"
"20141",2714053,49,0,"1","405","D","11","D",519,"D",,"A",,"A",,"A",,"A"
"20141",2714053,50,0,"1","420","D","11","D",40,"D",,"A",,"A",,"A",,"A"
"20141",2714063,65,0,"1","410","D","11","D",68,"D",,"A",,"A",,"A",,"A"
"20141",2714063,66,0,"2","400","D","10","D",49,"D",,"A",,"A",,"A",,"A"
"20141",2714233,37,0,"1","410","D","11","D",29,"D",,"A",,"A",,"A",,"A"
"20141",2714233,38,0,"1","410","D","12","D",15,"D",,"A",,"A",,"A",,"A"
"20141",2714233,39,0,"1","420","D","12","D",63,"D",,"A",,"A",,"A",,"A"
"20141",2714263,27,0,"1","420","D","12","D",125,"D",,"A",,"A",,"A",,"A"
"20141",2714323,25,0,"1","405","D","12","D",500,"D",,"A",,"A",,"A",,"A"
"20141",2714353,35,0,"1","400","D","11","D",24,"D",,"A",,"A",,"A",,"A"
"20141",2714353,36,0,"1","410","D","10","D",18,"D",,"A",,"A",,"A",,"A"
"20141",2714393,25,0,"1","420","D","12","D",78,"D",,"A",,"A",,"A",,"A"
"20141",2714393,26,0,"2","420","D","10","D",78,"D",,"A",,"A",,"A",,"A"
"20141",2714463,63,0,"1","420","D","11","D",20,"D",,"A",,"A",,"A",,"A"
"20141",2714503,22,0,"1","420","D","12","D",79,"D",,"A",,"A",,"A",,"A"
"20141",2714613,39,0,"1","420","D","12","D",200,"D",,"A",,"A",,"A",,"A"
"20141",2714703,42,0,"1","420","D","10","D",150,"D",,"A",,"A",,"A",,"A"
"20141",2715055,30,0,"1","420","D","12","D",111,"D",,"A",,"A",,"A",,"A"
"20141",2715103,43,0,"1","420","D","11","D",200,"D",,"A",,"A",,"A",,"A"
"20141",2715163,30,0,"1","420","D","11","D",65,"D",,"A",,"A",,"A",,"A"
"20141",2715233,54,0,"1","420","D","10","D",44,"D",,"A",,"A",,"A",,"A"
"20141",2715303,42,0,"1","400","D","11","D",120,"D",,"A",,"A",,"A",,"A"
"20141",2715323,43,0,"1","420","D","12","D",80,"D",,"A",,"A",,"A",,"A"
"20141",2715483,42,0,"1","420","D","11","D",200,"D",,"A",,"A",,"A",,"A"
"20141",2715513,51,0,"1","420","D","10","D",65,"D",,"A",,"A",,"A",,"A"
"20141",2715535,31,0,"1","400","D","12","D",29,"D",,"A",,"A",,"A",,"A"
"20141",2715663,88,0,"1","410","D","12","D",20,"D",,"A",,"A",,"A",,"A"
"20141",2715803,22,0,"1","420","D","12","D",26,"D",,"A",,"A",,"A",,"A"
"20141",2715813,43,0,"1","410","D","11","D",50,"D",,"A",,"A",,"A",,"A"
"20141",2715813,44,0,"1","420","D","11","D",180,"D",,"A",,"A",,"A",,"A"
"20141",2715813,45,0,"2","420","D","10","D",15,"D",,"A",,"A",,"A",,"A"
"20141",2715823,33,0,"1","420","D","11","D",105,"D",,"A",,"A",,"A",,"A"
"20141",2715823,34,0,"1","420","D","10","D",100,"D",,"A",,"A",,"A",,"A"
"20141",2715823,35,0,"1","410","D","11","D",67,"D",,"A",,"A",,"A",,"A"
"20141",2715823,36,0,"1","410","D","11","D",60,"D",,"A",,"A",,"A",,"A"
"20141",2715943,57,0,"1","420","D","12","D",54,"D",,"A",,"A",,"A",,"A"
"20141",2715943,58,0,"1","400","D","11","D",56,"D",,"A",,"A",,"A",,"A"
"20141",2715973,24,0,"1","420","D","11","D",75,"D",,"A",,"A",,"A",,"A"
"20141",2716073,29,0,"1","410","D","12","D",20,"D",,"A",,"A",,"A",,"A"
"20141",2716463,43,0,"1","410","D","10","D",15,"D",,"A",,"A",,"A",,"A"
"20141",2716463,44,0,"1","410","D","11","D",15,"D",,"A",,"A",,"A",,"A"
"20141",2716463,45,0,"1","420","D","10","D",75,"D",,"A",,"A",,"A",,"A"
"20141",2716463,46,0,"1","420","D","11","D",85,"D",,"A",,"A",,"A",,"A"
"20141",2716483,35,0,"1","400","D","12","D",20,"D",,"A",,"A",,"A",,"A"
"20141",2716483,36,0,"1","420","D","12","D",93,"D",,"A",,"A",,"A",,"A"
"20141",2716543,17,0,"1","410","D","10","D",80,"D",,"A",,"A",,"A",,"A"
"20141",2716543,18,0,"1","420","D","11","D",200,"D",,"A",,"A",,"A",,"A"
"20141",2716573,48,0,"1","420","D","12","D",310,"D",,"A",,"A",,"A",,"A"
"20141",2716673,34,0,"1","405","D","11","D",50,"F",,"A",,"A",,"A",,"A"
"20141",2716743,38,0,"1","420","D","12","D",86,"D",,"A",,"A",,"A",,"A"
"20141",2716803,23,0,"1","430","D","11","D",.,"H","400","D","425","D",,"A",,"A"
"20141",2716803,23,1,"1","400","D","11","D",26,"E",,"A",,"A",,"A",,"A"
"20141",2716803,23,2,"1","420","D","11","D",49,"E",,"A",,"A",,"A",,"A"
"20141",2716883,12,0,"1","420","D","12","D",100,"D",,"A",,"A",,"A",,"A"
"20141",2716883,13,0,"1","400","D","12","D",20,"D",,"A",,"A",,"A",,"A"
"20141",2716953,27,0,"1","410","D","10","D",16,"D",,"A",,"A",,"A",,"A"
"20141",2717043,37,0,"1","400","D","11","D",30,"D",,"A",,"A",,"A",,"A"
"20141",2717093,61,0,"1","420","D","10","D",273,"D",,"A",,"A",,"A",,"A"
"20141",2717103,31,0,"1","420","D","10","D",128,"D",,"A",,"A",,"A",,"A"
"20141",2717103,32,0,"1","420","D","11","D",128,"D",,"A",,"A",,"A",,"A"
"20141",2717123,41,0,"1","400","D","12","D",32,"D",,"A",,"A",,"A",,"A"
"20141",2717233,40,0,"1","420","D","11","D",69,"D",,"A",,"A",,"A",,"A"
"20141",2717293,10,0,"2","400","D","10","D",13,"D",,"A",,"A",,"A",,"A"
"20141",2717513,38,0,"1","410","D","10","D",13,"D",,"A",,"A",,"A",,"A"
"20141",2717684,20,0,"1","400","D","11","D",50,"D",,"A",,"A",,"A",,"A"
"20141",2717684,21,0,"1","420","D","11","D",200,"D",,"A",,"A",,"A",,"A"
"20141",2717883,28,0,"1","400","D","12","D",20,"D",,"A",,"A",,"A",,"A"
"20141",2717883,29,0,"1","420","D","12","D",100,"D",,"A",,"A",,"A",,"A"
"20141",2717893,40,0,"1","420","D","10","D",162,"D",,"A",,"A",,"A",,"A"
"20141",2717893,41,0,"1","420","D","11","D",195,"D",,"A",,"A",,"A",,"A"
"20141",2717953,64,0,"1","420","D","11","D",35,"D",,"A",,"A",,"A",,"A"
"20141",2718123,29,0,"2","420","D","10","D",58,"D",,"A",,"A",,"A",,"A"
"20141",2718133,22,0,"1","420","D","12","D",88,"D",,"A",,"A",,"A",,"A"
"20141",2718133,23,0,"1","400","D","12","D",27,"D",,"A",,"A",,"A",,"A"
"20141",2718233,59,0,"1","420","D","11","D",25,"D",,"A",,"A",,"A",,"A"
"20141",2718963,46,0,"1","400","D","12","D",35,"D",,"A",,"A",,"A",,"A"
"20141",2719003,63,0,"1","400","D","12","D",30,"D",,"A",,"A",,"A",,"A"
"20141",2719003,64,0,"1","410","D","11","D",20,"D",,"A",,"A",,"A",,"A"
"20141",2719093,71,0,"2","420","D","10","D",75,"D",,"A",,"A",,"A",,"A"
"20141",2719203,44,0,"2","420","D","10","D",14,"D",,"A",,"A",,"A",,"A"
"20141",2719273,22,0,"1","405","D","12","D",20,"D",,"A",,"A",,"A",,"A"
"20141",2719323,87,0,"2","410","D","10","D",12,"D",,"A",,"A",,"A",,"A"
"20141",2719323,88,0,"2","420","D","10","D",96,"D",,"A",,"A",,"A",,"A"
"20141",2719403,42,0,"1","400","D","11","D",34,"D",,"A",,"A",,"A",,"A"
"20141",2719423,35,0,"1","400","D","11","D",35,"D",,"A",,"A",,"A",,"A"
"20141",2719483,53,0,"1","420","D","12","D",429,"D",,"A",,"A",,"A",,"A"
"20141",2719493,52,0,"1","420","D","12","D",45,"D",,"A",,"A",,"A",,"A"
"20141",2719583,34,0,"1","430","D","10","D",.,"H","405","D","410","D",,"A",,"A"
"20141",2719583,34,1,"1","405","D","10","D",74,"E",,"A",,"A",,"A",,"A"
"20141",2719583,34,2,"1","410","D","10","D",88,"E",,"A",,"A",,"A",,"A"
"20141",2719583,35,0,"1","420","D","10","D",32,"D",,"A",,"A",,"A",,"A"
"20141",2719593,27,0,"2","420","D","10","D",55,"D",,"A",,"A",,"A",,"A"
"20141",2719605,18,0,"1","420","D","12","D",43,"D",,"A",,"A",,"A",,"A"
"20141",2719623,34,0,"1","420","D","11","D",19,"D",,"A",,"A",,"A",,"A"
"20141",2719873,74,0,"2","420","D","10","D",65,"D",,"A",,"A",,"A",,"A"
"20141",2719933,34,0,"1","430","D","10","D",.,"H","425","D","415","D",,"A",,"A"
"20141",2719933,34,1,"1","420","D","10","D",55,"E",,"A",,"A",,"A",,"A"
"20141",2719933,34,2,"1","420","D","10","D",55,"E",,"A",,"A",,"A",,"A"
"20141",2719943,37,0,"1","420","D","12","D",400,"D",,"A",,"A",,"A",,"A"
"20141",2719943,38,0,"1","405","D","11","D",60,"D",,"A",,"A",,"A",,"A"
"20141",2719973,37,0,"1","410","D","11","D",20,"D",,"A",,"A",,"A",,"A"
"20141",2720063,43,0,"1","420","D","11","D",100,"D",,"A",,"A",,"A",,"A"
"20141",2720213,88,0,"1","410","D","11","D",70,"D",,"A",,"A",,"A",,"A"
"20141",2720253,26,0,"1","420","D","11","D",24,"D",,"A",,"A",,"A",,"A"
"20141",2720273,11,0,"2","400","D","10","D",30,"D",,"A",,"A",,"A",,"A"
"20141",2720293,40,0,"1","400","D","10","D",25,"D",,"A",,"A",,"A",,"A"
"20141",2720293,41,0,"1","410","D","11","D",20,"D",,"A",,"A",,"A",,"A"
"20141",2720293,42,0,"2","400","D","10","D",25,"D",,"A",,"A",,"A",,"A"
"20141",2720403,30,0,"1","410","D","12","D",29,"D",,"A",,"A",,"A",,"A"
"20141",2720403,31,0,"1","420","D","11","D",90,"D",,"A",,"A",,"A",,"A"
"20141",2720463,39,0,"2","400","D","10","D",11,"D",,"A",,"A",,"A",,"A"
"20141",2720473,48,0,"1","420","D","10","D",103,"D",,"A",,"A",,"A",,"A"
"20141",2720553,44,0,"1","400","D","11","D",29,"D",,"A",,"A",,"A",,"A"
"20141",2720583,27,0,"1","420","D","12","D",36,"D",,"A",,"A",,"A",,"A"
"20141",2720793,19,0,"1","400","D","11","D",40,"D",,"A",,"A",,"A",,"A"
"20141",2720923,60,0,"2","420","D","10","D",62,"F",,"A",,"A",,"A",,"A"
"20141",2721003,25,0,"1","400","D","12","D",180,"D",,"A",,"A",,"A",,"A"
"20141",2721203,36,0,"1","405","D","12","D",265,"D",,"A",,"A",,"A",,"A"
"20141",2721253,48,0,"2","410","D","10","D",21,"D",,"A",,"A",,"A",,"A"
"20141",2721263,28,0,"1","410","D","11","D",35,"D",,"A",,"A",,"A",,"A"
"20141",2721413,28,0,"1","410","D","12","D",60,"D",,"A",,"A",,"A",,"A"
"20141",2721503,55,0,"1","410","D","12","D",75,"D",,"A",,"A",,"A",,"A"
"20141",2721503,56,0,"1","410","D","11","D",35,"D",,"A",,"A",,"A",,"A"
"20141",2721603,34,0,"1","410","D","12","D",28,"D",,"A",,"A",,"A",,"A"
"20141",2721603,35,0,"1","420","D","12","D",120,"D",,"A",,"A",,"A",,"A"
"20141",2721883,43,0,"1","420","D","12","D",169,"D",,"A",,"A",,"A",,"A"
"20141",2721883,44,0,"2","420","D","10","D",108,"D",,"A",,"A",,"A",,"A"
"20141",2721973,36,0,"1","420","D","11","D",85,"D",,"A",,"A",,"A",,"A"
"20141",2721973,37,0,"1","420","D","10","D",50,"D",,"A",,"A",,"A",,"A"
"20141",2721973,38,0,"1","410","D","12","D",65,"D",,"A",,"A",,"A",,"A"
"20141",2721973,39,0,"1","400","D","11","D",50,"D",,"A",,"A",,"A",,"A"
"20141",2722163,52,0,"1","405","D","12","D",89,"D",,"A",,"A",,"A",,"A"
"20141",2722283,34,0,"2","420","D","10","D",54,"D",,"A",,"A",,"A",,"A"
"20141",2722343,27,0,"1","420","D","12","D",75,"D",,"A",,"A",,"A",,"A"
"20141",2722403,77,0,"1","420","D","11","D",124,"D",,"A",,"A",,"A",,"A"
"20141",2722413,43,0,"1","420","D","11","D",143,"D",,"A",,"A",,"A",,"A"
"20141",2722453,33,0,"1","420","D","11","D",220,"D",,"A",,"A",,"A",,"A"
"20141",2722543,59,0,"1","400","D","11","D",30,"D",,"A",,"A",,"A",,"A"
"20141",2722543,60,0,"1","410","D","10","D",50,"D",,"A",,"A",,"A",,"A"
"20141",2722673,47,0,"1","420","D","10","D",1290,"D",,"A",,"A",,"A",,"A"
"20141",2722673,48,0,"2","410","D","10","D",25,"D",,"A",,"A",,"A",,"A"
"20141",2722703,23,0,"1","420","D","10","D",200,"D",,"A",,"A",,"A",,"A"
"20141",2722773,34,0,"1","410","D","12","D",15,"D",,"A",,"A",,"A",,"A"
"20141",2722805,34,0,"2","405","D","10","D",82,"D",,"A",,"A",,"A",,"A"
"20141",2722823,52,0,"1","420","D","12","D",34,"D",,"A",,"A",,"A",,"A"
"20141",2722883,52,0,"1","405","D","11","D",62,"D",,"A",,"A",,"A",,"A"
"20141",2722983,78,0,"1","410","D","12","D",53,"D",,"A",,"A",,"A",,"A"
"20141",2723003,39,0,"2","420","D","10","D",45,"D",,"A",,"A",,"A",,"A"
"20141",2723103,44,0,"1","420","D","12","D",186,"D",,"A",,"A",,"A",,"A"
"20141",2723103,45,0,"2","410","D","10","D",16,"D",,"A",,"A",,"A",,"A"
"20141",2723113,19,0,"1","420","D","12","D",40,"D",,"A",,"A",,"A",,"A"
"20141",2723113,20,0,"1","410","D","12","D",5,"D",,"A",,"A",,"A",,"A"
"20141",2723173,39,0,"1","420","D","11","D",80,"D",,"A",,"A",,"A",,"A"
"20141",2723213,33,0,"1","420","D","12","D",150,"D",,"A",,"A",,"A",,"A"
"20141",2723243,50,0,"1","420","D","12","D",36,"D",,"A",,"A",,"A",,"A"
"20141",2723243,51,0,"2","410","D","10","D",57,"D",,"A",,"A",,"A",,"A"
"20141",2723243,52,0,"2","420","D","10","D",36,"D",,"A",,"A",,"A",,"A"
"20141",2723373,82,0,"1","400","D","10","D",10,"D",,"A",,"A",,"A",,"A"
"20141",2723373,83,0,"1","420","D","12","D",47,"D",,"A",,"A",,"A",,"A"
"20141",2723503,41,0,"2","405","D","10","D",79,"D",,"A",,"A",,"A",,"A"
"20141",2723603,37,0,"1","420","D","11","D",217,"F",,"A",,"A",,"A",,"A"
"20141",2723743,42,0,"2","420","D","10","D",40,"D",,"A",,"A",,"A",,"A"
"20141",2723893,75,0,"1","420","D","12","D",38,"D",,"A",,"A",,"A",,"A"
"20141",2723893,76,0,"1","420","D","12","D",56,"D",,"A",,"A",,"A",,"A"
"20141",2723933,42,0,"1","420","D","12","D",109,"D",,"A",,"A",,"A",,"A"
"20141",2723973,62,0,"1","420","D","10","D",216,"D",,"A",,"A",,"A",,"A"
"20141",2723973,63,0,"2","420","D","10","D",206,"D",,"A",,"A",,"A",,"A"
"20141",2724203,36,0,"2","420","D","10","D",75,"D",,"A",,"A",,"A",,"A"
"20141",2724373,48,0,"1","420","D","11","D",47,"D",,"A",,"A",,"A",,"A"
"20141",2724433,21,0,"1","410","D","12","D",50,"D",,"A",,"A",,"A",,"A"
"20141",2724503,44,0,"1","420","D","10","D",900,"D",,"A",,"A",,"A",,"A"
"20141",2724683,36,0,"1","420","D","12","D",180,"D",,"A",,"A",,"A",,"A"
"20141",2724773,47,0,"1","420","D","12","D",300,"D",,"A",,"A",,"A",,"A"
"20141",2724793,48,0,"1","420","D","01","D",170,"D",,"A",,"A",,"A",,"A"
"20141",2724803,55,0,"1","400","D","12","D",50,"D",,"A",,"A",,"A",,"A"
"20141",2724863,30,0,"1","420","D","12","D",60,"D",,"A",,"A",,"A",,"A"
"20141",2724893,37,0,"1","410","D","01","D",30,"D",,"A",,"A",,"A",,"A"
"20141",2724893,38,0,"1","420","D","01","D",146,"D",,"A",,"A",,"A",,"A"
"20141",2724903,69,0,"1","420","D","01","D",83,"D",,"A",,"A",,"A",,"A"
"20141",2725273,30,0,"1","420","D","01","D",170,"D",,"A",,"A",,"A",,"A"
"20141",2725283,23,0,"1","420","D","11","D",250,"D",,"A",,"A",,"A",,"A"
"20141",2725323,28,0,"1","420","D","11","D",84,"D",,"A",,"A",,"A",,"A"
"20141",2725333,24,0,"1","420","D","01","D",64,"D",,"A",,"A",,"A",,"A"
"20141",2725383,30,0,"1","420","D","12","D",72,"D",,"A",,"A",,"A",,"A"
"20141",2725413,73,0,"2","400","D","11","D",40,"D",,"A",,"A",,"A",,"A"
"20141",2725463,34,0,"1","420","D","01","D",350,"D",,"A",,"A",,"A",,"A"
"20141",2725493,30,0,"1","420","D","12","D",47,"D",,"A",,"A",,"A",,"A"
"20141",2725503,58,0,"1","400","D","12","D",24,"D",,"A",,"A",,"A",,"A"
"20141",2725524,24,0,"1","420","D","01","D",120,"D",,"A",,"A",,"A",,"A"
"20141",2725553,34,0,"1","405","D","01","D",304,"D",,"A",,"A",,"A",,"A"
"20141",2725623,26,0,"2","420","D","11","D",36,"D",,"A",,"A",,"A",,"A"
"20141",2725773,24,0,"1","410","D","11","D",29,"D",,"A",,"A",,"A",,"A"
"20141",2725893,21,0,"1","420","D","01","D",201,"D",,"A",,"A",,"A",,"A"
"20141",2725953,36,0,"1","410","D","01","D",30,"D",,"A",,"A",,"A",,"A"
"20141",2726133,71,0,"1","400","D","11","D",70,"D",,"A",,"A",,"A",,"A"
"20141",2726153,41,0,"1","410","D","01","D",16,"D",,"A",,"A",,"A",,"A"
"20141",2726153,42,0,"1","420","D","01","D",230,"D",,"A",,"A",,"A",,"A"
"20141",2726203,31,0,"1","420","D","11","D",210,"D",,"A",,"A",,"A",,"A"
"20141",2726243,43,0,"1","420","D","12","D",66,"D",,"A",,"A",,"A",,"A"
"20141",2726283,14,0,"1","400","D","11","D",58,"D",,"A",,"A",,"A",,"A"
"20141",2726314,23,0,"1","420","D","12","D",139,"D",,"A",,"A",,"A",,"A"
"20141",2726314,24,0,"1","410","D","12","D",30,"D",,"A",,"A",,"A",,"A"
"20141",2726314,25,0,"1","420","D","12","D",6,"D",,"A",,"A",,"A",,"A"
"20141",2726323,33,0,"2","420","D","11","D",40,"D",,"A",,"A",,"A",,"A"
"20141",2726343,52,0,"1","400","D","01","D",50,"F",,"A",,"A",,"A",,"A"
"20141",2726343,53,0,"1","420","D","01","D",80,"F",,"A",,"A",,"A",,"A"
"20141",2726603,62,0,"1","420","D","01","D",137,"D",,"A",,"A",,"A",,"A"
"20141",2726713,22,0,"1","410","D","01","D",700,"D",,"A",,"A",,"A",,"A"
"20141",2726713,23,0,"1","420","D","01","D",300,"D",,"A",,"A",,"A",,"A"
"20141",2726753,19,0,"1","430","D","11","D",.,"H","405","D","415","D",,"A",,"A"
"20141",2726753,19,1,"1","420","D","11","D",125,"E",,"A",,"A",,"A",,"A"
"20141",2726773,36,0,"1","410","D","11","D",20,"D",,"A",,"A",,"A",,"A"
"20141",2726773,37,0,"1","405","D","12","D",360,"D",,"A",,"A",,"A",,"A"
"20141",2727103,58,0,"1","400","D","01","D",5,"D",,"A",,"A",,"A",,"A"
"20141",2727203,45,0,"1","400","D","01","D",33,"D",,"A",,"A",,"A",,"A"
"20141",2727453,39,0,"2","420","D","11","D",350,"D",,"A",,"A",,"A",,"A"
"20141",2727493,41,0,"1","420","D","12","D",1100,"D",,"A",,"A",,"A",,"A"
"20141",2727493,42,0,"1","410","D","12","D",90,"D",,"A",,"A",,"A",,"A"
"20141",2727563,48,0,"1","400","D","01","D",40,"D",,"A",,"A",,"A",,"A"
"20141",2727593,54,0,"1","420","D","11","D",120,"D",,"A",,"A",,"A",,"A"
"20141",2727743,50,0,"1","410","D","01","D",16,"D",,"A",,"A",,"A",,"A"
"20141",2727753,53,0,"1","420","D","12","D",119,"D",,"A",,"A",,"A",,"A"
"20141",2727863,29,0,"1","405","D","01","D",150,"D",,"A",,"A",,"A",,"A"
"20141",2727983,39,0,"1","420","D","01","D",300,"D",,"A",,"A",,"A",,"A"
"20141",2727993,33,0,"1","410","D","01","D",40,"D",,"A",,"A",,"A",,"A"
"20141",2728033,47,0,"1","410","D","01","D",15,"D",,"A",,"A",,"A",,"A"
"20141",2728043,29,0,"1","420","D","01","D",96,"D",,"A",,"A",,"A",,"A"
"20141",2728083,35,0,"1","400","D","01","D",32,"D",,"A",,"A",,"A",,"A"
"20141",2728083,36,0,"1","420","D","12","D",424,"D",,"A",,"A",,"A",,"A"
"20141",2728093,50,0,"1","400","D","01","D",28,"D",,"A",,"A",,"A",,"A"
"20141",2728093,51,0,"1","430","D","01","D",.,"H","410","D","415","D",,"A",,"A"
"20141",2728093,51,1,"1","410","D","01","D",77,"E",,"A",,"A",,"A",,"A"
"20141",2728093,51,2,"1","420","D","01","D",203,"E",,"A",,"A",,"A",,"A"
"20141",2728173,81,0,"1","420","D","12","D",45,"D",,"A",,"A",,"A",,"A"
"20141",2728393,37,0,"1","420","D","12","D",204,"D",,"A",,"A",,"A",,"A"
"20141",2728483,40,0,"1","420","D","01","D",69,"D",,"A",,"A",,"A",,"A"
"20141",2728503,64,0,"1","420","D","11","D",72,"D",,"A",,"A",,"A",,"A"
"20141",2728503,65,0,"1","420","D","12","D",28,"D",,"A",,"A",,"A",,"A"
"20141",2728503,66,0,"1","420","D","12","D",38,"D",,"A",,"A",,"A",,"A"
"20141",2728583,36,0,"1","420","D","11","D",104,"D",,"A",,"A",,"A",,"A"
"20141",2728773,42,0,"1","400","D","12","D",25,"D",,"A",,"A",,"A",,"A"
"20141",2728953,17,0,"1","410","D","12","D",50,"D",,"A",,"A",,"A",,"A"
"20141",2728973,33,0,"1","420","D","11","D",60,"D",,"A",,"A",,"A",,"A"
"20141",2729063,19,0,"1","420","D","11","D",42,"D",,"A",,"A",,"A",,"A"
"20141",2729074,19,0,"1","410","D","11","D",15,"D",,"A",,"A",,"A",,"A"
"20141",2729074,20,0,"1","405","D","11","D",480,"D",,"A",,"A",,"A",,"A"
"20141",2729074,21,0,"1","420","D","12","D",35,"D",,"A",,"A",,"A",,"A"
"20141",2729253,52,0,"1","420","D","01","D",101,"D",,"A",,"A",,"A",,"A"
"20141",2729253,53,0,"1","420","D","01","D",41,"D",,"A",,"A",,"A",,"A"
"20141",2729283,51,0,"1","420","D","01","D",65,"F",,"A",,"A",,"A",,"A"
"20141",2729383,9,0,"1","400","D","01","D",35,"D",,"A",,"A",,"A",,"A"
"20141",2729433,36,0,"2","420","D","11","D",76,"D",,"A",,"A",,"A",,"A"
"20141",2729443,59,0,"1","410","D","11","D",75,"D",,"A",,"A",,"A",,"A"
"20141",2729443,60,0,"1","420","D","11","D",36,"D",,"A",,"A",,"A",,"A"
"20141",2729573,37,0,"1","420","D","12","D",80,"D",,"A",,"A",,"A",,"A"
"20141",2729623,22,0,"1","400","D","12","D",50,"D",,"A",,"A",,"A",,"A"
"20141",2729623,23,0,"1","420","D","12","D",418,"D",,"A",,"A",,"A",,"A"
"20141",2729733,27,0,"1","410","D","01","D",20,"D",,"A",,"A",,"A",,"A"
"20141",2729733,28,0,"1","420","D","01","D",360,"D",,"A",,"A",,"A",,"A"
"20141",2730043,33,0,"1","400","D","01","D",40,"D",,"A",,"A",,"A",,"A"
"20141",2730063,32,0,"1","410","D","12","D",50,"D",,"A",,"A",,"A",,"A"
"20141",2730063,33,0,"1","420","D","11","D",36,"D",,"A",,"A",,"A",,"A"
"20141",2730213,43,0,"1","420","D","01","D",2,"D",,"A",,"A",,"A",,"A"
"20141",2730273,58,0,"1","430","D","01","D",.,"H","425","D","415","D",,"A",,"A"
"20141",2730273,58,1,"1","420","D","01","D",150,"E",,"A",,"A",,"A",,"A"
"20141",2730273,58,2,"1","420","D","01","D",150,"E",,"A",,"A",,"A",,"A"
"20141",2730493,62,0,"1","420","D","01","D",180,"D",,"A",,"A",,"A",,"A"
"20141",2730503,49,0,"1","405","D","12","D",980,"D",,"A",,"A",,"A",,"A"
"20141",2730503,50,0,"1","405","D","12","D",300,"D",,"A",,"A",,"A",,"A"
"20141",2730523,43,0,"1","410","D","12","D",32,"D",,"A",,"A",,"A",,"A"
"20141",2730633,57,0,"1","410","D","12","D",29,"D",,"A",,"A",,"A",,"A"
"20141",2730653,41,0,"1","420","D","11","D",75,"D",,"A",,"A",,"A",,"A"
"20141",2730653,42,0,"2","420","D","11","D",75,"D",,"A",,"A",,"A",,"A"
"20141",2730743,24,0,"1","420","D","12","D",30,"D",,"A",,"A",,"A",,"A"
"20141",2730813,33,0,"1","410","D","12","D",32,"D",,"A",,"A",,"A",,"A"
"20141",2730845,60,0,"1","420","D","01","D",178,"D",,"A",,"A",,"A",,"A"
"20141",2730853,31,0,"1","400","D","11","D",27,"D",,"A",,"A",,"A",,"A"
"20141",2730853,32,0,"2","420","D","11","D",54,"D",,"A",,"A",,"A",,"A"
"20141",2730883,86,0,"1","420","D","01","D",530,"D",,"A",,"A",,"A",,"A"
"20141",2730903,17,0,"1","420","D","01","D",25,"D",,"A",,"A",,"A",,"A"
"20141",2730913,46,0,"1","420","D","01","D",25,"D",,"A",,"A",,"A",,"A"
"20141",2730913,47,0,"1","405","D","01","D",400,"D",,"A",,"A",,"A",,"A"
"20141",2730913,48,0,"2","420","D","11","D",25,"D",,"A",,"A",,"A",,"A"
"20141",2730913,49,0,"2","405","D","11","D",525,"D",,"A",,"A",,"A",,"A"
"20141",2730953,33,0,"1","420","D","01","D",200,"D",,"A",,"A",,"A",,"A"
"20141",2730953,34,0,"1","410","D","01","D",40,"D",,"A",,"A",,"A",,"A"
"20141",2731023,65,0,"1","420","D","11","D",80,"D",,"A",,"A",,"A",,"A"
"20141",2731023,66,0,"2","420","D","11","D",65,"D",,"A",,"A",,"A",,"A"
"20141",2731223,58,0,"2","400","D","11","D",75,"D",,"A",,"A",,"A",,"A"
"20141",2731303,30,0,"1","420","D","01","D",25,"D",,"A",,"A",,"A",,"A"
"20141",2731303,31,0,"1","405","D","01","D",200,"D",,"A",,"A",,"A",,"A"
"20141",2731463,55,0,"2","410","D","11","D",35,"D",,"A",,"A",,"A",,"A"
"20141",2731603,61,0,"1","400","D","12","D",70,"D",,"A",,"A",,"A",,"A"
"20141",2731613,23,0,"1","420","D","12","D",63,"D",,"A",,"A",,"A",,"A"
"20141",2731693,45,0,"1","420","D","01","D",276,"D",,"A",,"A",,"A",,"A"
"20141",2731703,18,0,"1","420","D","01","D",80,"D",,"A",,"A",,"A",,"A"
"20141",2731733,21,0,"1","420","D","01","D",398,"F",,"A",,"A",,"A",,"A"
"20141",2731753,34,0,"2","420","D","11","D",75,"D",,"A",,"A",,"A",,"A"
"20141",2731803,58,0,"1","420","D","12","D",437,"D",,"A",,"A",,"A",,"A"
"20141",2732053,26,0,"2","420","D","11","D",65,"D",,"A",,"A",,"A",,"A"
"20141",2732233,47,0,"1","410","D","12","D",35,"D",,"A",,"A",,"A",,"A"
"20141",2732233,48,0,"1","420","D","12","D",70,"D",,"A",,"A",,"A",,"A"
"20141",2732303,32,0,"1","420","D","01","D",25,"D",,"A",,"A",,"A",,"A"
"20141",2732323,33,0,"1","420","D","11","D",140,"D",,"A",,"A",,"A",,"A"
"20141",2732393,27,0,"1","405","D","11","D",250,"D",,"A",,"A",,"A",,"A"
"20141",2732403,52,0,"1","400","D","01","D",18,"D",,"A",,"A",,"A",,"A"
"20141",2732413,20,0,"2","420","D","11","D",40,"D",,"A",,"A",,"A",,"A"
"20141",2732433,35,0,"1","410","D","01","D",65,"D",,"A",,"A",,"A",,"A"
"20141",2732433,36,0,"1","420","D","01","D",175,"D",,"A",,"A",,"A",,"A"
"20141",2732593,53,0,"1","420","D","12","D",343,"D",,"A",,"A",,"A",,"A"
"20141",2732593,54,0,"1","410","D","01","D",20,"D",,"A",,"A",,"A",,"A"
"20141",2732593,55,0,"2","420","D","11","D",243,"D",,"A",,"A",,"A",,"A"
"20141",2732833,24,0,"1","430","D","11","D",.,"H","415","D","410","D",,"A",,"A"
"20141",2732833,24,1,"1","420","D","11","D",62,"E",,"A",,"A",,"A",,"A"
"20141",2732833,24,2,"1","410","D","11","D",24,"E",,"A",,"A",,"A",,"A"
"20141",2732993,31,0,"1","420","D","11","D",180,"D",,"A",,"A",,"A",,"A"
"20141",2733064,26,0,"2","420","D","11","D",101,"D",,"A",,"A",,"A",,"A"
"20141",2733153,60,0,"1","400","D","12","D",32,"D",,"A",,"A",,"A",,"A"
"20141",2733273,60,0,"1","420","D","11","D",40,"D",,"A",,"A",,"A",,"A"
"20141",2733273,61,0,"1","420","D","11","D",65,"D",,"A",,"A",,"A",,"A"
"20141",2733273,62,0,"2","420","D","11","D",104,"D",,"A",,"A",,"A",,"A"
"20141",2733293,40,0,"1","420","D","01","D",40,"D",,"A",,"A",,"A",,"A"
"20141",2733293,41,0,"2","420","D","11","D",37,"D",,"A",,"A",,"A",,"A"
"20141",2733463,28,0,"1","420","D","01","D",125,"D",,"A",,"A",,"A",,"A"
"20141",2733473,47,0,"1","410","D","12","D",28,"D",,"A",,"A",,"A",,"A"
"20141",2733473,48,0,"2","410","D","11","D",20,"D",,"A",,"A",,"A",,"A"
"20141",2733503,27,0,"1","420","D","12","D",85,"D",,"A",,"A",,"A",,"A"
"20141",2733523,47,0,"1","420","D","01","D",450,"D",,"A",,"A",,"A",,"A"
"20141",2733523,48,0,"1","405","D","12","D",1540,"D",,"A",,"A",,"A",,"A"
"20141",2733623,48,0,"1","420","D","01","D",314,"D",,"A",,"A",,"A",,"A"
"20141",2733653,21,0,"1","405","D","12","D",250,"D",,"A",,"A",,"A",,"A"
"20141",2733683,68,0,"1","410","D","11","D",26,"D",,"A",,"A",,"A",,"A"
"20141",2733893,42,0,"1","410","D","01","D",1,"D",,"A",,"A",,"A",,"A"
"20141",2733923,32,0,"2","430","D","11","D",.,"H","400","D","415","D",,"A",,"A"
"20141",2733923,32,1,"2","400","D","11","D",57,"E",,"A",,"A",,"A",,"A"
"20141",2733923,32,2,"2","420","D","11","D",189,"E",,"A",,"A",,"A",,"A"
"20141",2733983,22,0,"1","420","D","12","D",60,"D",,"A",,"A",,"A",,"A"
"20141",2734003,19,0,"1","420","D","01","D",104,"D",,"A",,"A",,"A",,"A"
"20141",2734063,49,0,"1","420","D","01","D",135,"D",,"A",,"A",,"A",,"A"
"20141",2734153,55,0,"1","400","D","01","D",68,"D",,"A",,"A",,"A",,"A"
"20141",2734153,56,0,"1","400","D","12","D",52,"D",,"A",,"A",,"A",,"A"
"20141",2734203,39,0,"1","420","D","12","D",1000,"D",,"A",,"A",,"A",,"A"
"20141",2734253,30,0,"1","410","D","12","D",40,"D",,"A",,"A",,"A",,"A"
"20141",2734293,30,0,"1","405","D","12","D",150,"D",,"A",,"A",,"A",,"A"
"20141",2734353,30,0,"1","400","D","01","D",81,"D",,"A",,"A",,"A",,"A"
"20141",2734463,65,0,"1","410","D","01","D",18,"D",,"A",,"A",,"A",,"A"
"20141",2734533,31,0,"2","420","D","11","D",184,"D",,"A",,"A",,"A",,"A"
"20141",2734863,46,0,"1","420","D","01","D",104,"D",,"A",,"A",,"A",,"A"
"20141",2734913,25,0,"1","420","D","12","D",101,"D",,"A",,"A",,"A",,"A"
"20141",2734913,26,0,"1","420","D","12","D",100,"D",,"A",,"A",,"A",,"A"
"20141",2735003,21,0,"2","420","D","11","D",74,"D",,"A",,"A",,"A",,"A"
"20141",2735073,35,0,"1","420","D","12","D",216,"D",,"A",,"A",,"A",,"A"
"20141",2735073,36,0,"1","420","D","12","D",54,"D",,"A",,"A",,"A",,"A"
"20141",2735073,37,0,"2","430","D","11","D",.,"H","425","D","415","D",,"A",,"A"
"20141",2735073,37,1,"2","420","D","11","D",124,"E",,"A",,"A",,"A",,"A"
"20141",2735073,37,2,"2","420","D","11","D",125,"E",,"A",,"A",,"A",,"A"
"20141",2735083,34,0,"2","405","D","11","D",175,"D",,"A",,"A",,"A",,"A"
"20141",2735103,29,0,"1","410","D","01","D",15,"D",,"A",,"A",,"A",,"A"
"20141",2735183,28,0,"1","420","D","01","D",65,"D",,"A",,"A",,"A",,"A"
"20141",2735193,45,0,"1","420","D","01","D",86,"D",,"A",,"A",,"A",,"A"
"20141",2735203,61,0,"1","420","D","12","D",213,"D",,"A",,"A",,"A",,"A"
"20141",2735243,34,0,"1","420","D","01","D",65,"D",,"A",,"A",,"A",,"A"
"20141",2735253,67,0,"2","420","D","11","D",94,"D",,"A",,"A",,"A",,"A"
"20141",2735333,15,0,"1","420","D","11","D",300,"D",,"A",,"A",,"A",,"A"
"20141",2735343,24,0,"1","420","D","11","D",45,"D",,"A",,"A",,"A",,"A"
"20141",2735913,44,0,"1","420","D","12","D",10,"D",,"A",,"A",,"A",,"A"
"20141",2735973,33,0,"2","420","D","11","D",25,"D",,"A",,"A",,"A",,"A"
"20141",2735993,41,0,"1","420","D","11","D",80,"D",,"A",,"A",,"A",,"A"
"20141",2735993,42,0,"1","400","D","12","D",30,"D",,"A",,"A",,"A",,"A"
"20141",2736013,58,0,"1","410","D","01","D",20,"D",,"A",,"A",,"A",,"A"
"20141",2736103,48,0,"1","420","D","01","D",170,"D",,"A",,"A",,"A",,"A"
"20141",2736283,33,0,"1","420","D","02","D",59,"D",,"A",,"A",,"A",,"A"
"20141",2736293,29,0,"2","420","D","12","D",60,"D",,"A",,"A",,"A",,"A"
"20141",2736343,38,0,"1","420","D","01","D",145,"D",,"A",,"A",,"A",,"A"
"20141",2736383,35,0,"1","420","D","02","D",75,"D",,"A",,"A",,"A",,"A"
"20141",2736583,31,0,"1","420","D","02","D",275,"D",,"A",,"A",,"A",,"A"
"20141",2736583,32,0,"1","410","D","02","D",25,"D",,"A",,"A",,"A",,"A"
"20141",2736733,65,0,"1","400","D","12","D",36,"D",,"A",,"A",,"A",,"A"
"20141",2737003,30,0,"1","420","D","01","D",75,"D",,"A",,"A",,"A",,"A"
"20141",2737083,38,0,"1","420","D","02","D",86,"D",,"A",,"A",,"A",,"A"
"20141",2737245,8,0,"1","420","D","12","D",22,"D",,"A",,"A",,"A",,"A"
"20141",2737313,42,0,"1","420","D","02","D",75,"D",,"A",,"A",,"A",,"A"
"20141",2737383,38,0,"1","420","D","01","D",60,"D",,"A",,"A",,"A",,"A"
"20141",2737453,39,0,"1","410","D","12","D",200,"D",,"A",,"A",,"A",,"A"
"20141",2737573,25,0,"1","410","D","12","D",15,"D",,"A",,"A",,"A",,"A"
"20141",2737573,26,0,"1","420","D","01","D",67,"D",,"A",,"A",,"A",,"A"
"20141",2737573,27,0,"1","420","D","01","D",67,"D",,"A",,"A",,"A",,"A"
"20141",2737573,28,0,"2","410","D","12","D",15,"D",,"A",,"A",,"A",,"A"
"20141",2737623,18,0,"1","420","D","01","D",24,"D",,"A",,"A",,"A",,"A"
"20141",2737643,33,0,"1","410","D","12","D",43,"F",,"A",,"A",,"A",,"A"
"20141",2737643,34,0,"1","430","D","12","D",.,"H","405","D","415","D",,"A",,"A"
"20141",2737643,34,1,"1","405","D","12","D",18,"E",,"A",,"A",,"A",,"A"
"20141",2737643,34,2,"1","420","D","12","D",19,"E",,"A",,"A",,"A",,"A"
"20141",2737643,35,0,"1","420","D","12","D",1,"D",,"A",,"A",,"A",,"A"
"20141",2737803,35,0,"1","420","D","02","D",75,"D",,"A",,"A",,"A",,"A"
"20141",2737993,54,0,"1","400","D","01","D",40,"D",,"A",,"A",,"A",,"A"
"20141",2738103,28,0,"1","420","D","02","D",196,"D",,"A",,"A",,"A",,"A"
"20141",2738103,29,0,"1","420","D","01","D",90,"D",,"A",,"A",,"A",,"A"
"20141",2738213,15,0,"1","420","D","02","D",60,"D",,"A",,"A",,"A",,"A"
"20141",2738273,56,0,"1","420","D","12","D",222,"D",,"A",,"A",,"A",,"A"
"20141",2738323,36,0,"2","405","D","12","D",320,"D",,"A",,"A",,"A",,"A"
"20141",2738453,69,0,"1","400","D","12","D",21,"D",,"A",,"A",,"A",,"A"
"20141",2738453,70,0,"2","420","D","12","D",57,"D",,"A",,"A",,"A",,"A"
"20141",2738463,47,0,"1","420","D","01","D",269,"D",,"A",,"A",,"A",,"A"
"20141",2738463,48,0,"1","420","D","02","D",245,"D",,"A",,"A",,"A",,"A"
"20141",2738483,52,0,"1","420","D","01","D",27,"D",,"A",,"A",,"A",,"A"
"20141",2738483,53,0,"1","405","D","01","D",667,"D",,"A",,"A",,"A",,"A"
"20141",2738503,31,0,"1","420","D","02","D",101,"D",,"A",,"A",,"A",,"A"
"20141",2738563,51,0,"2","400","D","12","D",68,"D",,"A",,"A",,"A",,"A"
"20141",2738573,27,0,"1","420","D","12","D",600,"D",,"A",,"A",,"A",,"A"
"20141",2738573,28,0,"1","420","D","02","D",80,"D",,"A",,"A",,"A",,"A"
"20141",2738623,36,0,"1","400","D","02","D",250,"D",,"A",,"A",,"A",,"A"
"20141",2738623,37,0,"1","405","D","01","D",160,"D",,"A",,"A",,"A",,"A"
"20141",2738893,52,0,"1","400","D","02","D",36,"D",,"A",,"A",,"A",,"A"
"20141",2739023,29,0,"2","400","D","12","D",35,"F",,"A",,"A",,"A",,"A"
"20141",2739023,30,0,"2","420","D","12","D",80,"D",,"A",,"A",,"A",,"A"
"20141",2739083,22,0,"1","400","D","02","D",27,"D",,"A",,"A",,"A",,"A"
"20141",2739363,30,0,"1","410","D","01","D",44,"D",,"A",,"A",,"A",,"A"
"20141",2739393,34,0,"1","420","D","02","D",99,"D",,"A",,"A",,"A",,"A"
"20141",2739493,24,0,"1","400","D","02","D",30,"D",,"A",,"A",,"A",,"A"
"20141",2739583,14,0,"1","420","D","02","D",46,"D",,"A",,"A",,"A",,"A"
"20141",2739603,51,0,"1","420","D","02","D",181,"D",,"A",,"A",,"A",,"A"
"20141",2739633,38,0,"1","420","D","02","D",62,"D",,"A",,"A",,"A",,"A"
"20141",2739663,62,0,"1","410","D","12","D",18,"D",,"A",,"A",,"A",,"A"
"20141",2739683,41,0,"1","420","D","02","D",500,"D",,"A",,"A",,"A",,"A"
"20141",2739703,37,0,"1","420","D","02","D",110,"D",,"A",,"A",,"A",,"A"
"20141",2739773,23,0,"1","420","D","01","D",80,"D",,"A",,"A",,"A",,"A"
"20141",2739783,76,0,"1","420","D","02","D",65,"D",,"A",,"A",,"A",,"A"
"20141",2739783,77,0,"1","420","D","01","D",65,"D",,"A",,"A",,"A",,"A"
"20141",2739843,43,0,"1","420","D","02","D",145,"D",,"A",,"A",,"A",,"A"
"20141",2739893,26,0,"1","405","D","01","D",139,"D",,"A",,"A",,"A",,"A"
"20141",2739923,23,0,"1","410","D","02","D",20,"D",,"A",,"A",,"A",,"A"
"20141",2739923,24,0,"1","420","D","01","D",20,"D",,"A",,"A",,"A",,"A"
"20141",2739933,69,0,"1","420","D","01","D",36,"D",,"A",,"A",,"A",,"A"
"20141",2739983,56,0,"1","400","D","12","D",20,"D",,"A",,"A",,"A",,"A"
"20141",2739993,106,0,"1","410","D","02","D",18,"D",,"A",,"A",,"A",,"A"
"20141",2739993,107,0,"1","420","D","12","D",53,"D",,"A",,"A",,"A",,"A"
"20141",2740003,25,0,"1","420","D","02","D",65,"D",,"A",,"A",,"A",,"A"
"20141",2740103,26,0,"1","420","D","01","D",53,"D",,"A",,"A",,"A",,"A"
"20141",2740143,76,0,"1","410","D","02","D",14,"D",,"A",,"A",,"A",,"A"
"20141",2740203,48,0,"1","420","D","01","D",125,"D",,"A",,"A",,"A",,"A"
"20141",2740203,49,0,"1","420","D","02","D",55,"D",,"A",,"A",,"A",,"A"
"20141",2740223,27,0,"1","420","D","02","D",94,"D",,"A",,"A",,"A",,"A"
"20141",2740233,32,0,"1","400","D","01","D",21,"D",,"A",,"A",,"A",,"A"
"20141",2740273,44,0,"1","420","D","01","D",48,"D",,"A",,"A",,"A",,"A"
"20141",2740293,53,0,"1","410","D","01","D",28,"D",,"A",,"A",,"A",,"A"
"20141",2740293,54,0,"1","420","D","02","D",45,"D",,"A",,"A",,"A",,"A"
"20141",2740583,41,0,"1","420","D","12","D",202,"D",,"A",,"A",,"A",,"A"
"20141",2740583,42,0,"2","420","D","12","D",210,"D",,"A",,"A",,"A",,"A"
"20141",2740643,73,0,"1","420","D","01","D",113,"D",,"A",,"A",,"A",,"A"
"20141",2740643,74,0,"1","410","D","01","D",15,"D",,"A",,"A",,"A",,"A"
"20141",2740703,18,0,"1","410","D","01","D",56,"D",,"A",,"A",,"A",,"A"
"20141",2740763,37,0,"2","410","D","12","D",16,"D",,"A",,"A",,"A",,"A"
"20141",2740853,38,0,"1","410","D","01","D",20,"D",,"A",,"A",,"A",,"A"
"20141",2740963,30,0,"1","420","D","02","D",150,"D",,"A",,"A",,"A",,"A"
"20141",2741153,44,0,"2","420","D","12","D",120,"D",,"A",,"A",,"A",,"A"
"20141",2741173,28,0,"1","410","D","01","D",51,"D",,"A",,"A",,"A",,"A"
"20141",2741203,63,0,"1","410","D","02","D",60,"D",,"A",,"A",,"A",,"A"
"20141",2741203,64,0,"1","420","D","02","D",164,"D",,"A",,"A",,"A",,"A"
"20141",2741403,72,0,"1","420","D","01","D",193,"D",,"A",,"A",,"A",,"A"
"20141",2741573,43,0,"1","420","D","01","D",26,"D",,"A",,"A",,"A",,"A"
"20141",2741663,42,0,"1","405","D","01","D",150,"D",,"A",,"A",,"A",,"A"
"20141",2741703,34,0,"1","405","D","02","D",300,"D",,"A",,"A",,"A",,"A"
"20141",2742083,53,0,"1","420","D","01","D",180,"D",,"A",,"A",,"A",,"A"
"20141",2742143,40,0,"1","420","D","02","D",212,"D",,"A",,"A",,"A",,"A"
"20141",2742143,41,0,"2","405","D","12","D",419,"D",,"A",,"A",,"A",,"A"
"20141",2742153,51,0,"2","420","D","12","D",32,"D",,"A",,"A",,"A",,"A"
"20141",2742153,52,0,"2","405","D","12","D",482,"D",,"A",,"A",,"A",,"A"
"20141",2742223,32,0,"1","420","D","02","D",120,"D",,"A",,"A",,"A",,"A"
"20141",2742223,33,0,"1","420","D","01","D",35,"D",,"A",,"A",,"A",,"A"
"20141",2742263,29,0,"1","405","D","12","D",105,"D",,"A",,"A",,"A",,"A"
"20141",2742263,30,0,"2","405","D","12","D",100,"D",,"A",,"A",,"A",,"A"
"20141",2742353,39,0,"1","405","D","01","D",700,"D",,"A",,"A",,"A",,"A"
"20141",2742393,36,0,"1","420","D","12","D",144,"D",,"A",,"A",,"A",,"A"
"20141",2742443,34,0,"1","420","D","02","D",36,"D",,"A",,"A",,"A",,"A"
"20141",2742513,57,0,"1","405","D","01","D",1440,"D",,"A",,"A",,"A",,"A"
"20141",2742653,77,0,"1","420","D","01","D",181,"D",,"A",,"A",,"A",,"A"
"20141",2742693,33,0,"1","420","D","02","D",140,"D",,"A",,"A",,"A",,"A"
"20141",2742803,36,0,"2","410","D","12","D",60,"D",,"A",,"A",,"A",,"A"
"20141",2742803,37,0,"2","420","D","12","D",135,"D",,"A",,"A",,"A",,"A"
"20141",2742823,13,0,"2","420","D","12","D",65,"D",,"A",,"A",,"A",,"A"
"20141",2742853,49,0,"1","420","D","01","D",150,"D",,"A",,"A",,"A",,"A"
"20141",2742853,50,0,"2","420","D","12","D",48,"D",,"A",,"A",,"A",,"A"
"20141",2743033,46,0,"1","405","D","12","D",189,"D",,"A",,"A",,"A",,"A"
"20141",2743033,47,0,"2","405","D","12","D",185,"D",,"A",,"A",,"A",,"A"
"20141",2743423,56,0,"1","420","D","02","D",100,"D",,"A",,"A",,"A",,"A"
"20141",2743513,29,0,"2","410","D","12","D",21,"D",,"A",,"A",,"A",,"A"
"20141",2743523,32,0,"1","410","D","02","D",18,"D",,"A",,"A",,"A",,"A"
"20141",2743553,55,0,"1","420","D","02","D",100,"D",,"A",,"A",,"A",,"A"
"20141",2743693,39,0,"1","420","D","02","D",80,"D",,"A",,"A",,"A",,"A"
"20141",2743773,37,0,"1","420","D","02","D",350,"D",,"A",,"A",,"A",,"A"
"20141",2743813,32,0,"1","420","D","02","D",68,"D",,"A",,"A",,"A",,"A"
"20141",2744143,39,0,"1","420","D","01","D",35,"D",,"A",,"A",,"A",,"A"
"20141",2744213,54,0,"1","420","D","01","D",101,"D",,"A",,"A",,"A",,"A"
"20141",2744273,75,0,"1","420","D","12","D",89,"D",,"A",,"A",,"A",,"A"
"20141",2744273,76,0,"2","420","D","12","D",79,"D",,"A",,"A",,"A",,"A"
"20141",2744333,39,0,"1","410","D","01","D",37,"D",,"A",,"A",,"A",,"A"
"20141",2744363,10,0,"1","410","D","02","D",5,"D",,"A",,"A",,"A",,"A"
"20141",2744503,51,0,"1","420","D","02","D",165,"D",,"A",,"A",,"A",,"A"
"20141",2744513,54,0,"1","410","D","01","D",50,"D",,"A",,"A",,"A",,"A"
"20141",2744523,48,0,"1","410","D","02","D",30,"D",,"A",,"A",,"A",,"A"
"20141",2744523,49,0,"1","420","D","02","D",36,"D",,"A",,"A",,"A",,"A"
"20141",2744733,21,0,"1","400","D","01","D",47,"D",,"A",,"A",,"A",,"A"
"20141",2744753,68,0,"1","420","D","01","D",36,"D",,"A",,"A",,"A",,"A"
"20141",2744783,56,0,"1","420","D","12","D",102,"D",,"A",,"A",,"A",,"A"
"20141",2744793,43,0,"1","400","D","01","D",36,"D",,"A",,"A",,"A",,"A"
"20141",2744813,28,0,"1","420","D","02","D",59,"D",,"A",,"A",,"A",,"A"
"20141",2744903,31,0,"1","400","D","12","D",30,"D",,"A",,"A",,"A",,"A"
"20141",2744913,71,0,"2","400","D","12","D",50,"D",,"A",,"A",,"A",,"A"
"20141",2745123,43,0,"1","410","D","02","D",29,"D",,"A",,"A",,"A",,"A"
"20141",2745123,44,0,"1","420","D","02","D",91,"D",,"A",,"A",,"A",,"A"
"20141",2745123,45,0,"1","405","D","02","D",152,"D",,"A",,"A",,"A",,"A"
"20141",2745323,45,0,"2","420","D","12","D",75,"D",,"A",,"A",,"A",,"A"
"20141",2745343,50,0,"2","420","D","12","D",55,"D",,"A",,"A",,"A",,"A"
"20141",2745353,16,0,"1","400","D","02","D",20,"D",,"A",,"A",,"A",,"A"
"20141",2745353,17,0,"1","405","D","02","D",105,"D",,"A",,"A",,"A",,"A"
"20141",2745483,97,0,"1","420","D","02","D",143,"D",,"A",,"A",,"A",,"A"
"20141",2745493,27,0,"1","420","D","02","D",121,"D",,"A",,"A",,"A",,"A"
"20141",2745543,46,0,"1","400","D","01","D",34,"D",,"A",,"A",,"A",,"A"
"20141",2745723,21,0,"2","410","D","12","D",21,"D",,"A",,"A",,"A",,"A"
"20141",2745903,30,0,"1","420","D","01","D",600,"F",,"A",,"A",,"A",,"A"
"20141",2745973,43,0,"1","400","D","02","D",25,"D",,"A",,"A",,"A",,"A"
"20141",2745973,44,0,"1","410","D","01","D",13,"D",,"A",,"A",,"A",,"A"
"20141",2745973,45,0,"1","420","D","01","D",68,"D",,"A",,"A",,"A",,"A"
"20141",2746163,33,0,"1","420","D","01","D",150,"D",,"A",,"A",,"A",,"A"
"20141",2746233,7,0,"1","400","D","12","D",5,"D",,"A",,"A",,"A",,"A"
"20141",2746303,37,0,"2","420","D","12","D",58,"D",,"A",,"A",,"A",,"A"
"20141",2746603,56,0,"1","420","D","01","D",200,"D",,"A",,"A",,"A",,"A"
"20141",2746623,90,0,"1","410","D","02","D",38,"D",,"A",,"A",,"A",,"A"
"20141",2746653,66,0,"2","405","D","12","D",559,"D",,"A",,"A",,"A",,"A"
"20141",2746683,47,0,"2","420","D","12","D",60,"D",,"A",,"A",,"A",,"A"
"20141",2746903,51,0,"1","420","D","01","D",419,"D",,"A",,"A",,"A",,"A"
"20141",2747303,26,0,"1","400","D","12","D",50,"D",,"A",,"A",,"A",,"A"
"20141",2747452,48,0,"2","405","D","10","D",200,"D",,"A",,"A",,"A",,"A"
"20141",2747522,82,0,"1","420","D","11","D",67,"D",,"A",,"A",,"A",,"A"
"20141",2747712,37,0,"1","420","D","12","D",86,"F",,"A",,"A",,"A",,"A"
"20141",2747745,21,0,"1","410","D","11","D",28,"D",,"A",,"A",,"A",,"A"
"20141",2747802,58,0,"1","420","D","12","D",155,"D",,"A",,"A",,"A",,"A"
"20141",2747842,41,0,"1","400","D","11","D",200,"D",,"A",,"A",,"A",,"A"
"20141",2747895,28,0,"1","420","D","12","D",60,"D",,"A",,"A",,"A",,"A"
"20141",2747972,38,0,"1","410","D","11","D",13,"D",,"A",,"A",,"A",,"A"
"20141",2748132,29,0,"1","420","D","11","D",75,"D",,"A",,"A",,"A",,"A"
"20141",2748142,68,0,"1","420","D","12","D",100,"D",,"A",,"A",,"A",,"A"
"20141",2748142,69,0,"1","420","D","12","D",75,"D",,"A",,"A",,"A",,"A"
"20141",2748282,102,0,"1","400","D","11","D",31,"D",,"A",,"A",,"A",,"A"
"20141",2748282,103,0,"1","420","D","11","D",70,"D",,"A",,"A",,"A",,"A"
"20141",2748322,31,0,"1","420","D","11","D",75,"D",,"A",,"A",,"A",,"A"
"20141",2748332,32,0,"1","410","D","11","D",186,"D",,"A",,"A",,"A",,"A"
"20141",2748332,33,0,"2","420","D","10","D",72,"D",,"A",,"A",,"A",,"A"
"20141",2748342,63,0,"1","410","D","10","D",35,"D",,"A",,"A",,"A",,"A"
"20141",2748402,71,0,"1","420","D","12","D",56,"D",,"A",,"A",,"A",,"A"
"20141",2748522,30,0,"1","420","D","12","D",400,"D",,"A",,"A",,"A",,"A"
"20141",2748552,31,0,"1","410","D","10","D",15,"D",,"A",,"A",,"A",,"A"
"20141",2748552,32,0,"1","420","D","10","D",75,"D",,"A",,"A",,"A",,"A"
"20141",2748762,17,0,"1","420","D","10","D",46,"D",,"A",,"A",,"A",,"A"
"20141",2748772,36,0,"1","405","D","12","D",456,"F",,"A",,"A",,"A",,"A"
"20141",2748822,34,0,"1","405","D","12","D",600,"D",,"A",,"A",,"A",,"A"
"20141",2748942,32,0,"2","410","D","10","D",14,"D",,"A",,"A",,"A",,"A"
"20141",2748952,37,0,"1","400","D","10","D",31,"D",,"A",,"A",,"A",,"A"
"20141",2748952,38,0,"1","420","D","10","D",80,"D",,"A",,"A",,"A",,"A"
"20141",2749042,40,0,"2","420","D","10","D",230,"D",,"A",,"A",,"A",,"A"
"20141",2749232,37,0,"2","420","D","10","D",126,"D",,"A",,"A",,"A",,"A"
"20141",2749332,36,0,"2","400","D","10","D",36,"D",,"A",,"A",,"A",,"A"
"20141",2749342,25,0,"2","430","D","10","D",.,"H","410","D","415","D",,"A",,"A"
"20141",2749342,25,1,"2","410","D","10","D",28,"E",,"A",,"A",,"A",,"A"
"20141",2749342,25,2,"2","420","D","10","D",26,"E",,"A",,"A",,"A",,"A"
"20141",2749352,30,0,"1","410","D","10","D",40,"D",,"A",,"A",,"A",,"A"
"20141",2749372,23,0,"1","410","D","12","D",28,"D",,"A",,"A",,"A",,"A"
"20141",2749372,24,0,"1","420","D","12","D",66,"D",,"A",,"A",,"A",,"A"
"20141",2749392,55,0,"1","420","D","12","D",105,"D",,"A",,"A",,"A",,"A"
"20141",2749512,63,0,"1","420","D","10","D",50,"D",,"A",,"A",,"A",,"A"
"20141",2749542,45,0,"1","420","D","10","D",95,"D",,"A",,"A",,"A",,"A"
"20141",2749652,33,0,"1","420","D","11","D",153,"D",,"A",,"A",,"A",,"A"
"20141",2749662,42,0,"2","410","D","10","D",14,"D",,"A",,"A",,"A",,"A"
"20141",2749702,26,0,"1","400","D","12","D",20,"D",,"A",,"A",,"A",,"A"
"20141",2749702,27,0,"1","420","D","12","D",500,"D",,"A",,"A",,"A",,"A"
"20141",2749752,28,0,"1","420","D","10","D",70,"D",,"A",,"A",,"A",,"A"
"20141",2749752,29,0,"1","410","D","12","D",15,"D",,"A",,"A",,"A",,"A"
"20141",2749782,43,0,"1","400","D","12","D",25,"D",,"A",,"A",,"A",,"A"
"20141",2749782,44,0,"1","405","D","12","D",360,"D",,"A",,"A",,"A",,"A"
"20141",2749812,47,0,"1","410","D","11","D",20,"D",,"A",,"A",,"A",,"A"
"20141",2749832,39,0,"1","400","D","11","D",36,"D",,"A",,"A",,"A",,"A"
"20141",2749832,40,0,"1","420","D","11","D",36,"D",,"A",,"A",,"A",,"A"
"20141",2749872,19,0,"1","410","D","11","D",5,"D",,"A",,"A",,"A",,"A"
"20141",2750072,78,0,"1","400","D","12","D",14,"F",,"A",,"A",,"A",,"A"
"20141",2750122,61,0,"1","400","D","11","D",30,"D",,"A",,"A",,"A",,"A"
"20141",2750172,20,0,"1","420","D","10","D",17,"D",,"A",,"A",,"A",,"A"
"20141",2750212,39,0,"1","420","D","12","D",30,"F",,"A",,"A",,"A",,"A"
"20141",2750232,31,0,"1","400","D","11","D",33,"D",,"A",,"A",,"A",,"A"
"20141",2750302,69,0,"1","420","D","11","D",49,"D",,"A",,"A",,"A",,"A"
"20141",2750562,23,0,"1","420","D","10","D",24,"D",,"A",,"A",,"A",,"A"
"20141",2750942,32,0,"1","420","D","12","D",63,"D",,"A",,"A",,"A",,"A"
"20141",2750952,64,0,"1","400","D","12","D",45,"D",,"A",,"A",,"A",,"A"
"20141",2750952,65,0,"1","420","D","11","D",50,"D",,"A",,"A",,"A",,"A"
"20141",2751232,28,0,"1","420","D","10","D",87,"D",,"A",,"A",,"A",,"A"
"20141",2751262,14,0,"1","420","D","12","D",61,"D",,"A",,"A",,"A",,"A"
"20141",2751302,42,0,"1","420","D","12","D",44,"D",,"A",,"A",,"A",,"A"
"20141",2751372,67,0,"1","400","D","11","D",40,"D",,"A",,"A",,"A",,"A"
"20141",2751412,49,0,"1","405","D","12","D",250,"D",,"A",,"A",,"A",,"A"
"20141",2751492,29,0,"1","405","D","10","D",1374,"D",,"A",,"A",,"A",,"A"
"20141",2751562,41,0,"1","400","D","12","D",33,"D",,"A",,"A",,"A",,"A"
"20141",2751592,40,0,"2","400","D","10","D",35,"D",,"A",,"A",,"A",,"A"
"20141",2751592,41,0,"2","420","D","10","D",246,"D",,"A",,"A",,"A",,"A"
"20141",2751643,36,0,"1","420","D","10","D",53,"D",,"A",,"A",,"A",,"A"
"20141",2751662,53,0,"1","420","D","11","D",107,"D",,"A",,"A",,"A",,"A"
"20141",2751702,70,0,"2","420","D","10","D",110,"D",,"A",,"A",,"A",,"A"
"20141",2751772,19,0,"1","420","D","12","D",116,"D",,"A",,"A",,"A",,"A"
"20141",2751782,42,0,"1","420","D","10","D",90,"D",,"A",,"A",,"A",,"A"
"20141",2751912,40,0,"1","420","D","10","D",143,"D",,"A",,"A",,"A",,"A"
"20141",2752042,66,0,"2","430","D","10","D",.,"H","425","D","415","D",,"A",,"A"
"20141",2752042,66,1,"2","420","D","10","D",750,"E",,"A",,"A",,"A",,"A"
"20141",2752303,69,0,"1","400","D","11","D",55,"D",,"A",,"A",,"A",,"A"
"20141",2752303,70,0,"1","420","D","11","D",100,"D",,"A",,"A",,"A",,"A"
"20141",2752312,22,0,"1","420","D","11","D",90,"D",,"A",,"A",,"A",,"A"
"20141",2752342,74,0,"1","405","D","12","D",207,"D",,"A",,"A",,"A",,"A"
"20141",2752342,75,0,"2","410","D","10","D",12,"D",,"A",,"A",,"A",,"A"
"20141",2752342,76,0,"2","420","D","10","D",56,"D",,"A",,"A",,"A",,"A"
"20141",2752612,69,0,"1","420","D","11","D",60,"D",,"A",,"A",,"A",,"A"
"20141",2752612,70,0,"1","420","D","12","D",60,"D",,"A",,"A",,"A",,"A"
"20141",2752622,32,0,"1","420","D","12","D",45,"D",,"A",,"A",,"A",,"A"
"20141",2752682,43,0,"1","400","D","10","D",32,"D",,"A",,"A",,"A",,"A"
"20141",2752682,44,0,"2","400","D","10","D",32,"D",,"A",,"A",,"A",,"A"
"20141",2752692,67,0,"1","420","D","11","D",65,"D",,"A",,"A",,"A",,"A"
"20141",2752722,44,0,"2","420","D","10","D",85,"D",,"A",,"A",,"A",,"A"
"20141",2752782,27,0,"1","410","D","10","D",25,"D",,"A",,"A",,"A",,"A"
"20141",2752822,38,0,"1","400","D","11","D",26,"D",,"A",,"A",,"A",,"A"
"20141",2752872,29,0,"1","420","D","12","D",65,"D",,"A",,"A",,"A",,"A"
"20141",2752982,60,0,"1","420","D","12","D",36,"D",,"A",,"A",,"A",,"A"
"20141",2752982,61,0,"1","410","D","12","D",18,"D",,"A",,"A",,"A",,"A"
"20141",2752992,29,0,"1","420","D","11","D",362,"D",,"A",,"A",,"A",,"A"
"20141",2753102,49,0,"1","420","D","10","D",148,"D",,"A",,"A",,"A",,"A"
"20141",2753242,92,0,"2","420","D","10","D",178,"D",,"A",,"A",,"A",,"A"
"20141",2753412,55,0,"1","400","D","11","D",40,"D",,"A",,"A",,"A",,"A"
"20141",2753412,56,0,"1","420","D","11","D",150,"D",,"A",,"A",,"A",,"A"
"20141",2753422,28,0,"1","420","D","10","D",50,"D",,"A",,"A",,"A",,"A"
"20141",2753452,37,0,"1","400","D","11","D",40,"D",,"A",,"A",,"A",,"A"
"20141",2753532,31,0,"1","410","D","11","D",29,"D",,"A",,"A",,"A",,"A"
"20141",2753562,38,0,"1","420","D","10","D",101,"D",,"A",,"A",,"A",,"A"
"20141",2753642,64,0,"1","420","D","10","D",100,"D",,"A",,"A",,"A",,"A"
"20141",2753662,55,0,"1","420","D","11","D",91,"D",,"A",,"A",,"A",,"A"
"20141",2753672,62,0,"1","420","D","10","D",36,"D",,"A",,"A",,"A",,"A"
"20141",2753712,15,0,"1","410","D","11","D",12,"D",,"A",,"A",,"A",,"A"
"20141",2753772,36,0,"1","430","D","12","D",.,"H","415","D","405","D","410","D",,"A"
"20141",2753772,36,1,"1","420","D","12","D",71,"E",,"A",,"A",,"A",,"A"
"20141",2753772,36,2,"1","405","D","12","D",62,"E",,"A",,"A",,"A",,"A"
"20141",2753772,36,3,"1","410","D","12","D",75,"E",,"A",,"A",,"A",,"A"
"20141",2753872,36,0,"1","410","D","12","D",108,"D",,"A",,"A",,"A",,"A"
"20141",2753872,37,0,"1","420","D","12","D",100,"D",,"A",,"A",,"A",,"A"
"20141",2754072,60,0,"1","420","D","11","D",36,"D",,"A",,"A",,"A",,"A"
"20141",2754122,56,0,"1","405","D","12","D",89,"D",,"A",,"A",,"A",,"A"
"20141",2754212,55,0,"1","420","D","12","D",40,"D",,"A",,"A",,"A",,"A"
"20141",2754222,57,0,"1","420","D","12","D",145,"D",,"A",,"A",,"A",,"A"
"20141",2754302,57,0,"1","400","D","12","D",20,"D",,"A",,"A",,"A",,"A"
"20141",2754412,36,0,"1","420","D","11","D",25,"D",,"A",,"A",,"A",,"A"
"20141",2754562,50,0,"1","410","D","12","D",100,"D",,"A",,"A",,"A",,"A"
"20141",2754652,74,0,"1","420","D","10","D",120,"D",,"A",,"A",,"A",,"A"
"20141",2754662,53,0,"1","420","D","11","D",80,"D",,"A",,"A",,"A",,"A"
"20141",2754742,93,0,"1","400","D","10","D",105,"D",,"A",,"A",,"A",,"A"
"20141",2754742,94,0,"1","410","D","11","D",35,"D",,"A",,"A",,"A",,"A"
"20141",2754742,95,0,"1","420","D","12","D",635,"D",,"A",,"A",,"A",,"A"
"20141",2754742,96,0,"2","400","D","10","D",100,"D",,"A",,"A",,"A",,"A"
"20141",2754762,37,0,"1","400","D","12","D",76,"D",,"A",,"A",,"A",,"A"
"20141",2754762,38,0,"1","420","D","12","D",98,"D",,"A",,"A",,"A",,"A"
"20141",2754762,39,0,"1","420","D","11","D",98,"D",,"A",,"A",,"A",,"A"
"20141",2754812,36,0,"1","420","D","12","D",100,"D",,"A",,"A",,"A",,"A"
"20141",2754922,41,0,"1","420","D","12","D",101,"D",,"A",,"A",,"A",,"A"
"20141",2754932,36,0,"1","420","D","11","D",362,"F",,"A",,"A",,"A",,"A"
"20141",2754932,37,0,"1","405","D","11","D",89,"F",,"A",,"A",,"A",,"A"
"20141",2754992,64,0,"1","420","D","12","D",90,"D",,"A",,"A",,"A",,"A"
"20141",2755062,50,0,"2","430","D","10","D",.,"H","425","D","415","D",,"A",,"A"
"20141",2755062,50,1,"2","420","D","10","D",300,"E",,"A",,"A",,"A",,"A"
"20141",2755192,41,0,"1","410","D","11","D",21,"D",,"A",,"A",,"A",,"A"
"20141",2755222,46,0,"1","420","D","11","D",400,"D",,"A",,"A",,"A",,"A"
"20141",2755222,47,0,"1","410","D","10","D",20,"D",,"A",,"A",,"A",,"A"
"20141",2755222,48,0,"2","420","D","10","D",300,"D",,"A",,"A",,"A",,"A"
"20141",2755532,22,0,"1","420","D","12","D",43,"D",,"A",,"A",,"A",,"A"
"20141",2755802,19,0,"1","420","D","10","D",150,"D",,"A",,"A",,"A",,"A"
"20141",2755802,20,0,"2","420","D","10","D",145,"D",,"A",,"A",,"A",,"A"
"20141",2755812,47,0,"1","420","D","11","D",130,"D",,"A",,"A",,"A",,"A"
"20141",2755812,48,0,"1","410","D","11","D",27,"D",,"A",,"A",,"A",,"A"
"20141",2755943,36,0,"1","420","D","11","D",103,"D",,"A",,"A",,"A",,"A"
"20141",2756072,37,0,"2","420","D","10","D",76,"D",,"A",,"A",,"A",,"A"
"20141",2756112,51,0,"1","420","D","11","D",175,"D",,"A",,"A",,"A",,"A"
"20141",2756352,69,0,"1","420","D","12","D",250,"D",,"A",,"A",,"A",,"A"
"20141",2756352,70,0,"1","400","D","12","D",75,"D",,"A",,"A",,"A",,"A"
"20141",2756352,71,0,"2","400","D","10","D",32,"D",,"A",,"A",,"A",,"A"
"20141",2756442,62,0,"1","420","D","10","D",100,"D",,"A",,"A",,"A",,"A"
"20141",2756502,61,0,"1","420","D","11","D",36,"D",,"A",,"A",,"A",,"A"
"20141",2756622,41,0,"1","420","D","11","D",202,"D",,"A",,"A",,"A",,"A"
"20141",2756622,42,0,"2","405","D","10","D",15,"D",,"A",,"A",,"A",,"A"
"20141",2756712,41,0,"1","410","D","12","D",5,"D",,"A",,"A",,"A",,"A"
"20141",2756722,42,0,"1","420","D","10","D",79,"D",,"A",,"A",,"A",,"A"
"20141",2756722,43,0,"1","410","D","10","D",15,"D",,"A",,"A",,"A",,"A"
"20141",2756732,60,0,"1","400","D","12","D",45,"D",,"A",,"A",,"A",,"A"
"20141",2756732,61,0,"1","410","D","12","D",31,"D",,"A",,"A",,"A",,"A"
"20141",2756832,49,0,"1","400","D","12","D",25,"F",,"A",,"A",,"A",,"A"
"20141",2756832,50,0,"2","420","D","10","D",230,"D",,"A",,"A",,"A",,"A"
"20141",2756852,107,0,"1","420","D","12","D",400,"D",,"A",,"A",,"A",,"A"
"20141",2756862,63,0,"1","410","D","11","D",87,"D",,"A",,"A",,"A",,"A"
"20141",2756912,41,0,"1","420","D","12","D",80,"D",,"A",,"A",,"A",,"A"
"20141",2756932,46,0,"1","410","D","12","D",29,"D",,"A",,"A",,"A",,"A"
"20141",2756962,61,0,"1","420","D","12","D",103,"D",,"A",,"A",,"A",,"A"
"20141",2756962,62,0,"2","420","D","10","D",60,"D",,"A",,"A",,"A",,"A"
"20141",2757022,21,0,"1","420","D","11","D",63,"D",,"A",,"A",,"A",,"A"
"20141",2757182,57,0,"1","420","D","12","D",20,"D",,"A",,"A",,"A",,"A"
"20141",2757322,21,0,"1","430","D","11","D",.,"H","400","D","415","D",,"A",,"A"
"20141",2757322,21,1,"1","400","D","11","D",19,"E",,"A",,"A",,"A",,"A"
"20141",2757322,21,2,"1","420","D","11","D",83,"E",,"A",,"A",,"A",,"A"
"20141",2757532,60,0,"1","400","D","12","D",27,"D",,"A",,"A",,"A",,"A"
"20141",2757532,61,0,"2","420","D","10","D",30,"D",,"A",,"A",,"A",,"A"
"20141",2757654,56,0,"1","420","D","12","D",158,"D",,"A",,"A",,"A",,"A"
"20141",2757672,65,0,"1","400","D","11","D",65,"D",,"A",,"A",,"A",,"A"
"20141",2757672,66,0,"2","420","D","10","D",68,"D",,"A",,"A",,"A",,"A"
"20141",2757932,18,0,"1","420","D","12","D",110,"D",,"A",,"A",,"A",,"A"
"20141",2758092,28,0,"1","430","D","12","D",.,"H","405","D","415","D",,"A",,"A"
"20141",2758092,28,1,"1","405","D","12","D",55,"E",,"A",,"A",,"A",,"A"
"20141",2758092,28,2,"1","420","D","12","D",50,"E",,"A",,"A",,"A",,"A"
"20141",2758112,66,0,"2","400","D","10","D",30,"D",,"A",,"A",,"A",,"A"
"20141",2758112,67,0,"2","420","D","10","D",75,"D",,"A",,"A",,"A",,"A"
"20141",2758272,37,0,"1","420","D","11","D",87,"D",,"A",,"A",,"A",,"A"
"20141",2758302,44,0,"1","420","D","11","D",78,"D",,"A",,"A",,"A",,"A"
"20141",2758352,72,0,"1","420","D","11","D",75,"D",,"A",,"A",,"A",,"A"
"20141",2758442,23,0,"1","410","D","12","D",10,"D",,"A",,"A",,"A",,"A"
"20141",2758492,24,0,"1","420","D","11","D",200,"D",,"A",,"A",,"A",,"A"
"20141",2758522,37,0,"1","420","D","11","D",101,"D",,"A",,"A",,"A",,"A"
"20141",2758552,39,0,"1","400","D","01","D",33,"F",,"A",,"A",,"A",,"A"
"20141",2758602,46,0,"1","410","D","01","D",45,"D",,"A",,"A",,"A",,"A"
"20141",2758622,59,0,"2","400","D","11","D",60,"D",,"A",,"A",,"A",,"A"
"20141",2758652,29,0,"1","420","D","01","D",79,"D",,"A",,"A",,"A",,"A"
"20141",2758792,23,0,"1","410","D","01","D",40,"D",,"A",,"A",,"A",,"A"
"20141",2758792,24,0,"1","420","D","01","D",56,"D",,"A",,"A",,"A",,"A"
"20141",2758842,43,0,"1","400","D","12","D",60,"D",,"A",,"A",,"A",,"A"
"20141",2758932,38,0,"1","420","D","01","D",71,"D",,"A",,"A",,"A",,"A"
"20141",2758972,37,0,"1","410","D","01","D",25,"D",,"A",,"A",,"A",,"A"
"20141",2759022,55,0,"1","410","D","01","D",28,"D",,"A",,"A",,"A",,"A"
"20141",2759022,56,0,"1","420","D","01","D",67,"D",,"A",,"A",,"A",,"A"
"20141",2759052,21,0,"1","405","D","01","D",50,"D",,"A",,"A",,"A",,"A"
"20141",2759082,42,0,"1","420","D","12","D",58,"D",,"A",,"A",,"A",,"A"
"20141",2759252,25,0,"1","420","D","11","D",100,"D",,"A",,"A",,"A",,"A"
"20141",2759252,26,0,"1","430","D","11","D",.,"H","425","D","415","D",,"A",,"A"
"20141",2759252,26,1,"1","420","D","11","D",88,"E",,"A",,"A",,"A",,"A"
"20141",2759252,26,2,"1","420","D","11","D",112,"E",,"A",,"A",,"A",,"A"
"20141",2759362,29,0,"1","420","D","01","D",256,"D",,"A",,"A",,"A",,"A"
"20141",2759472,26,0,"1","400","D","11","D",35,"D",,"A",,"A",,"A",,"A"
"20141",2759472,27,0,"1","420","D","11","D",75,"D",,"A",,"A",,"A",,"A"
"20141",2759632,111,0,"1","400","D","01","D",24,"D",,"A",,"A",,"A",,"A"
"20141",2759632,112,0,"2","400","D","11","D",24,"D",,"A",,"A",,"A",,"A"
"20141",2759632,113,0,"2","420","D","11","D",72,"D",,"A",,"A",,"A",,"A"
"20141",2759672,26,0,"1","405","D","12","D",180,"D",,"A",,"A",,"A",,"A"
"20141",2759772,48,0,"1","405","D","01","D",362,"D",,"A",,"A",,"A",,"A"
"20141",2759802,34,0,"1","420","D","11","D",58,"D",,"A",,"A",,"A",,"A"
"20141",2759962,27,0,"2","420","D","11","D",134,"D",,"A",,"A",,"A",,"A"
"20141",2760102,64,0,"1","400","D","01","D",20,"D",,"A",,"A",,"A",,"A"
"20141",2760182,49,0,"1","420","D","12","D",144,"D",,"A",,"A",,"A",,"A"
"20141",2760352,63,0,"1","420","D","01","D",115,"D",,"A",,"A",,"A",,"A"
"20141",2760435,73,0,"1","410","D","12","D",47,"D",,"A",,"A",,"A",,"A"
"20141",2760435,74,0,"1","420","D","12","D",159,"D",,"A",,"A",,"A",,"A"
"20141",2760492,20,0,"1","420","D","01","D",58,"D",,"A",,"A",,"A",,"A"
"20141",2760544,19,0,"2","410","D","11","D",40,"D",,"A",,"A",,"A",,"A"
"20141",2760642,29,0,"1","410","D","11","D",45,"D",,"A",,"A",,"A",,"A"
"20141",2760902,27,0,"1","420","D","01","D",90,"D",,"A",,"A",,"A",,"A"
"20141",2760912,40,0,"1","410","D","01","D",60,"D",,"A",,"A",,"A",,"A"
"20141",2760912,41,0,"1","420","D","01","D",36,"D",,"A",,"A",,"A",,"A"
"20141",2760942,12,0,"1","420","D","11","D",81,"D",,"A",,"A",,"A",,"A"
"20141",2761072,12,0,"1","400","D","12","D",5,"F",,"A",,"A",,"A",,"A"
"20141",2761132,44,0,"1","420","D","01","D",100,"D",,"A",,"A",,"A",,"A"
"20141",2761202,31,0,"1","410","D","12","D",28,"D",,"A",,"A",,"A",,"A"
"20141",2761202,32,0,"2","420","D","11","D",65,"D",,"A",,"A",,"A",,"A"
"20141",2761242,38,0,"1","405","D","12","D",102,"D",,"A",,"A",,"A",,"A"
"20141",2761322,77,0,"1","400","D","11","D",36,"D",,"A",,"A",,"A",,"A"
"20141",2761322,78,0,"2","420","D","11","D",101,"D",,"A",,"A",,"A",,"A"
"20141",2761372,64,0,"1","420","D","01","D",82,"D",,"A",,"A",,"A",,"A"
"20141",2761492,40,0,"1","410","D","12","D",72,"D",,"A",,"A",,"A",,"A"
"20141",2761622,28,0,"1","400","D","12","D",24,"D",,"A",,"A",,"A",,"A"
"20141",2761622,29,0,"1","400","D","12","D",24,"D",,"A",,"A",,"A",,"A"
"20141",2761702,45,0,"1","410","D","01","D",15,"D",,"A",,"A",,"A",,"A"
"20141",2761722,27,0,"1","410","D","01","D",28,"D",,"A",,"A",,"A",,"A"
"20141",2761722,28,0,"1","420","D","01","D",28,"D",,"A",,"A",,"A",,"A"
"20141",2761722,29,0,"1","405","D","01","D",25,"D",,"A",,"A",,"A",,"A"
"20141",2761792,29,0,"1","410","D","01","D",37,"D",,"A",,"A",,"A",,"A"
"20141",2761812,77,0,"1","420","D","01","D",75,"D",,"A",,"A",,"A",,"A"
"20141",2761852,33,0,"1","410","D","12","D",16,"D",,"A",,"A",,"A",,"A"
"20141",2761852,34,0,"2","410","D","11","D",16,"D",,"A",,"A",,"A",,"A"
"20141",2761872,47,0,"1","420","D","01","D",90,"D",,"A",,"A",,"A",,"A"
"20141",2762042,45,0,"1","410","D","12","D",75,"D",,"A",,"A",,"A",,"A"
"20141",2762052,49,0,"1","420","D","12","D",90,"D",,"A",,"A",,"A",,"A"
"20141",2762102,45,0,"1","410","D","12","D",20,"D",,"A",,"A",,"A",,"A"
"20141",2762162,22,0,"1","410","D","11","D",20,"D",,"A",,"A",,"A",,"A"
"20141",2762252,33,0,"2","420","D","11","D",36,"D",,"A",,"A",,"A",,"A"
"20141",2762282,21,0,"1","405","D","01","D",150,"D",,"A",,"A",,"A",,"A"
"20141",2762332,35,0,"1","420","D","01","D",58,"D",,"A",,"A",,"A",,"A"
"20141",2762362,29,0,"1","400","D","11","D",50,"D",,"A",,"A",,"A",,"A"
"20141",2762392,29,0,"1","410","D","01","D",16,"D",,"A",,"A",,"A",,"A"
"20141",2762422,54,0,"1","420","D","01","D",140,"D",,"A",,"A",,"A",,"A"
"20141",2762532,32,0,"1","400","D","12","D",25,"D",,"A",,"A",,"A",,"A"
"20141",2762532,33,0,"2","400","D","11","D",26,"D",,"A",,"A",,"A",,"A"
"20141",2762552,72,0,"1","400","D","11","D",35,"D",,"A",,"A",,"A",,"A"
"20141",2762642,25,0,"1","420","D","11","D",88,"D",,"A",,"A",,"A",,"A"
"20141",2762662,55,0,"1","420","D","01","D",80,"D",,"A",,"A",,"A",,"A"
"20141",2762762,21,0,"2","420","D","11","D",70,"D",,"A",,"A",,"A",,"A"
"20141",2762762,22,0,"2","400","D","11","D",17,"D",,"A",,"A",,"A",,"A"
"20141",2762792,52,0,"1","420","D","12","D",75,"D",,"A",,"A",,"A",,"A"
"20141",2762892,96,0,"1","420","D","12","D",64,"D",,"A",,"A",,"A",,"A"
"20141",2762892,97,0,"2","400","D","11","D",33,"D",,"A",,"A",,"A",,"A"
"20141",2762985,44,0,"1","410","D","01","D",14,"D",,"A",,"A",,"A",,"A"
"20141",2763062,19,0,"1","430","D","11","D",.,"H","415","D","410","D",,"A",,"A"
"20141",2763062,19,1,"1","420","D","11","D",21,"E",,"A",,"A",,"A",,"A"
"20141",2763062,19,2,"1","410","D","11","D",22,"E",,"A",,"A",,"A",,"A"
"20141",2763062,20,0,"1","430","D","12","D",.,"H","415","D","410","D",,"A",,"A"
"20141",2763062,20,1,"1","420","D","12","D",21,"E",,"A",,"A",,"A",,"A"
"20141",2763062,20,2,"1","410","D","12","D",22,"E",,"A",,"A",,"A",,"A"
"20141",2763562,31,0,"1","420","D","11","D",52,"D",,"A",,"A",,"A",,"A"
"20141",2763622,42,0,"2","420","D","11","D",60,"D",,"A",,"A",,"A",,"A"
"20141",2763632,74,0,"2","420","D","11","D",550,"D",,"A",,"A",,"A",,"A"
"20141",2763722,44,0,"1","410","D","01","D",47,"D",,"A",,"A",,"A",,"A"
"20141",2763812,39,0,"1","420","D","01","D",138,"D",,"A",,"A",,"A",,"A"
"20141",2764002,58,0,"1","405","D","01","D",250,"D",,"A",,"A",,"A",,"A"
"20141",2764172,53,0,"1","410","D","12","D",19,"D",,"A",,"A",,"A",,"A"
"20141",2764192,29,0,"1","400","D","12","D",35,"D",,"A",,"A",,"A",,"A"
"20141",2764422,44,0,"1","420","D","01","D",110,"D",,"A",,"A",,"A",,"A"
"20141",2764442,15,0,"1","420","D","01","D",67,"D",,"A",,"A",,"A",,"A"
"20141",2764652,26,0,"1","430","D","01","D",.,"H","425","D","415","D",,"A",,"A"
"20141",2764652,26,1,"1","420","D","01","D",50,"E",,"A",,"A",,"A",,"A"
"20141",2764732,35,0,"1","420","D","12","D",124,"D",,"A",,"A",,"A",,"A"
"20141",2764752,42,0,"1","420","D","11","D",86,"D",,"A",,"A",,"A",,"A"
"20141",2764752,43,0,"1","420","D","12","D",182,"D",,"A",,"A",,"A",,"A"
"20141",2764782,22,0,"2","420","D","11","D",29,"D",,"A",,"A",,"A",,"A"
"20141",2764792,33,0,"1","420","D","12","D",300,"D",,"A",,"A",,"A",,"A"
"20141",2764822,40,0,"2","420","D","11","D",75,"D",,"A",,"A",,"A",,"A"
"20141",2764862,33,0,"1","420","D","01","D",187,"D",,"A",,"A",,"A",,"A"
"20141",2764962,38,0,"1","410","D","12","D",15,"D",,"A",,"A",,"A",,"A"
"20141",2764962,39,0,"1","420","D","12","D",64,"D",,"A",,"A",,"A",,"A"
"20141",2764992,22,0,"1","400","D","12","D",24,"D",,"A",,"A",,"A",,"A"
"20141",2764992,23,0,"1","400","D","11","D",11,"D",,"A",,"A",,"A",,"A"
"20141",2765122,35,0,"1","400","D","11","D",32,"D",,"A",,"A",,"A",,"A"
"20141",2765162,25,0,"1","420","D","01","D",90,"D",,"A",,"A",,"A",,"A"
"20141",2765222,36,0,"2","400","D","11","D",75,"F",,"A",,"A",,"A",,"A"
"20141",2765492,34,0,"2","420","D","11","D",101,"D",,"A",,"A",,"A",,"A"
"20141",2765552,46,0,"1","420","D","01","D",64,"D",,"A",,"A",,"A",,"A"
"20141",2765562,48,0,"1","400","D","12","D",36,"D",,"A",,"A",,"A",,"A"
"20141",2765582,56,0,"1","420","D","01","D",47,"D",,"A",,"A",,"A",,"A"
"20141",2765652,52,0,"1","420","D","01","D",150,"D",,"A",,"A",,"A",,"A"
"20141",2765672,29,0,"1","400","D","12","D",25,"D",,"A",,"A",,"A",,"A"
"20141",2765742,48,0,"1","420","D","12","D",64,"D",,"A",,"A",,"A",,"A"
"20141",2765762,56,0,"1","420","D","12","D",220,"D",,"A",,"A",,"A",,"A"
"20141",2765802,23,0,"1","420","D","01","D",90,"D",,"A",,"A",,"A",,"A"
"20141",2765812,19,0,"1","420","D","12","D",110,"D",,"A",,"A",,"A",,"A"
"20141",2765942,34,0,"1","405","D","12","D",190,"D",,"A",,"A",,"A",,"A"
"20141",2766142,91,0,"1","405","D","11","D",88,"D",,"A",,"A",,"A",,"A"
"20141",2766152,31,0,"1","400","D","01","D",20,"D",,"A",,"A",,"A",,"A"
"20141",2766222,29,0,"1","410","D","11","D",29,"D",,"A",,"A",,"A",,"A"
"20141",2766322,22,0,"1","400","D","11","D",20,"D",,"A",,"A",,"A",,"A"
"20141",2766332,19,0,"1","420","D","12","D",165,"D",,"A",,"A",,"A",,"A"
"20141",2766402,33,0,"1","420","D","11","D",300,"D",,"A",,"A",,"A",,"A"
"20141",2766492,34,0,"1","420","D","12","D",140,"D",,"A",,"A",,"A",,"A"
"20141",2766512,34,0,"1","420","D","01","D",78,"D",,"A",,"A",,"A",,"A"
"20141",2766552,26,0,"2","420","D","11","D",258,"D",,"A",,"A",,"A",,"A"
"20141",2766732,29,0,"1","420","D","01","D",41,"D",,"A",,"A",,"A",,"A"
"20141",2766782,45,0,"1","420","D","12","D",150,"D",,"A",,"A",,"A",,"A"
"20141",2766872,27,0,"1","410","D","01","D",14,"D",,"A",,"A",,"A",,"A"
"20141",2766872,28,0,"1","420","D","12","D",76,"D",,"A",,"A",,"A",,"A"
"20141",2766892,23,0,"1","400","D","01","D",25,"D",,"A",,"A",,"A",,"A"
"20141",2766952,34,0,"1","420","D","12","D",57,"D",,"A",,"A",,"A",,"A"
"20141",2767072,37,0,"1","420","D","01","D",97,"D",,"A",,"A",,"A",,"A"
"20141",2767092,57,0,"1","420","D","01","D",75,"D",,"A",,"A",,"A",,"A"
"20141",2767142,38,0,"2","400","D","11","D",45,"D",,"A",,"A",,"A",,"A"
"20141",2767242,56,0,"1","420","D","01","D",284,"D",,"A",,"A",,"A",,"A"
"20141",2767282,51,0,"1","410","D","01","D",45,"D",,"A",,"A",,"A",,"A"
"20141",2767282,52,0,"1","420","D","01","D",156,"D",,"A",,"A",,"A",,"A"
"20141",2767292,53,0,"1","410","D","01","D",14,"D",,"A",,"A",,"A",,"A"
"20141",2767433,26,0,"1","400","D","12","D",80,"F",,"A",,"A",,"A",,"A"
"20141",2767622,53,0,"1","420","D","01","D",52,"D",,"A",,"A",,"A",,"A"
"20141",2767652,57,0,"1","400","D","01","D",10,"D",,"A",,"A",,"A",,"A"
"20141",2767682,61,0,"1","420","D","01","D",170,"D",,"A",,"A",,"A",,"A"
"20141",2767693,33,0,"1","400","D","11","D",3,"D",,"A",,"A",,"A",,"A"
"20141",2767904,40,0,"1","420","D","01","D",75,"D",,"A",,"A",,"A",,"A"
"20141",2767904,41,0,"2","420","D","11","D",75,"D",,"A",,"A",,"A",,"A"
"20141",2767972,50,0,"1","420","D","12","D",63,"D",,"A",,"A",,"A",,"A"
"20141",2767972,51,0,"1","420","D","12","D",63,"D",,"A",,"A",,"A",,"A"
"20141",2768002,24,0,"1","420","D","11","D",105,"D",,"A",,"A",,"A",,"A"
"20141",2768042,46,0,"1","400","D","12","D",24,"D",,"A",,"A",,"A",,"A"
"20141",2768042,47,0,"1","420","D","01","D",24,"D",,"A",,"A",,"A",,"A"
"20141",2768042,48,0,"1","405","D","01","D",200,"D",,"A",,"A",,"A",,"A"
"20141",2768052,35,0,"1","410","D","01","D",50,"D",,"A",,"A",,"A",,"A"
"20141",2768052,36,0,"1","420","D","01","D",110,"D",,"A",,"A",,"A",,"A"
"20141",2768082,21,0,"2","400","D","11","D",65,"D",,"A",,"A",,"A",,"A"
"20141",2768092,58,0,"2","420","D","11","D",68,"D",,"A",,"A",,"A",,"A"
"20141",2768092,59,0,"2","410","D","11","D",40,"D",,"A",,"A",,"A",,"A"
"20141",2768192,42,0,"1","420","D","12","D",101,"D",,"A",,"A",,"A",,"A"
"20141",2768202,37,0,"1","420","D","01","D",241,"D",,"A",,"A",,"A",,"A"
"20141",2768242,62,0,"1","400","D","01","D",27,"D",,"A",,"A",,"A",,"A"
"20141",2768502,25,0,"1","400","D","12","D",25,"D",,"A",,"A",,"A",,"A"
"20141",2768562,17,0,"2","420","D","11","D",108,"D",,"A",,"A",,"A",,"A"
"20141",2768622,55,0,"1","405","D","12","D",123,"D",,"A",,"A",,"A",,"A"
"20141",2768712,80,0,"1","420","D","01","D",221,"D",,"A",,"A",,"A",,"A"
"20141",2768732,55,0,"2","430","D","11","D",.,"H","410","D","415","D",,"A",,"A"
"20141",2768732,55,1,"2","410","D","11","D",27,"E",,"A",,"A",,"A",,"A"
"20141",2768732,55,2,"2","420","D","11","D",73,"E",,"A",,"A",,"A",,"A"
"20141",2768792,24,0,"1","420","D","11","D",138,"D",,"A",,"A",,"A",,"A"
"20141",2769192,65,0,"1","420","D","11","D",65,"D",,"A",,"A",,"A",,"A"
"20141",2769202,39,0,"1","400","D","12","D",18,"D",,"A",,"A",,"A",,"A"
"20141",2769202,40,0,"1","420","D","12","D",67,"D",,"A",,"A",,"A",,"A"
"20141",2769202,41,0,"1","420","D","12","D",123,"D",,"A",,"A",,"A",,"A"
"20141",2769242,30,0,"2","420","D","11","D",50,"D",,"A",,"A",,"A",,"A"
"20141",2769302,24,0,"1","410","D","01","D",20,"D",,"A",,"A",,"A",,"A"
"20141",2769365,55,0,"1","400","D","12","D",40,"D",,"A",,"A",,"A",,"A"
"20141",2769542,76,0,"1","420","D","11","D",115,"D",,"A",,"A",,"A",,"A"
"20141",2769542,77,0,"1","420","D","11","D",40,"D",,"A",,"A",,"A",,"A"
"20141",2769612,56,0,"1","420","D","11","D",335,"D",,"A",,"A",,"A",,"A"
"20141",2769702,42,0,"1","420","D","12","D",150,"D",,"A",,"A",,"A",,"A"
"20141",2769722,51,0,"2","420","D","11","D",176,"D",,"A",,"A",,"A",,"A"
"20141",2769992,65,0,"1","410","D","02","D",39,"D",,"A",,"A",,"A",,"A"
"20141",2770132,45,0,"1","405","D","02","D",235,"D",,"A",,"A",,"A",,"A"
"20141",2770282,17,0,"1","420","D","01","D",20,"D",,"A",,"A",,"A",,"A"
"20141",2770312,52,0,"1","410","D","02","D",25,"D",,"A",,"A",,"A",,"A"
"20141",2770312,53,0,"1","420","D","02","D",54,"D",,"A",,"A",,"A",,"A"
"20141",2770462,71,0,"1","420","D","12","D",40,"D",,"A",,"A",,"A",,"A"
"20141",2770553,32,0,"1","410","D","02","D",48,"D",,"A",,"A",,"A",,"A"
"20141",2770572,30,0,"2","420","D","12","D",86,"D",,"A",,"A",,"A",,"A"
"20141",2770672,22,0,"1","400","D","02","D",10,"D",,"A",,"A",,"A",,"A"
"20141",2770762,55,0,"1","420","D","01","D",320,"D",,"A",,"A",,"A",,"A"
"20141",2770792,65,0,"1","420","D","02","D",119,"D",,"A",,"A",,"A",,"A"
"20141",2770802,22,0,"2","420","D","12","D",235,"D",,"A",,"A",,"A",,"A"
"20141",2770832,56,0,"2","405","D","12","D",50,"D",,"A",,"A",,"A",,"A"
"20141",2770832,57,0,"2","410","D","12","D",12,"D",,"A",,"A",,"A",,"A"
"20141",2770975,31,0,"1","400","D","02","D",45,"D",,"A",,"A",,"A",,"A"
"20141",2771122,57,0,"2","410","D","12","D",20,"D",,"A",,"A",,"A",,"A"
"20141",2771122,58,0,"2","420","D","12","D",20,"F",,"A",,"A",,"A",,"A"
"20141",2771152,57,0,"1","410","D","01","D",38,"D",,"A",,"A",,"A",,"A"
"20141",2771152,58,0,"1","420","D","02","D",140,"D",,"A",,"A",,"A",,"A"
"20141",2771152,59,0,"2","410","D","12","D",67,"D",,"A",,"A",,"A",,"A"
"20141",2771292,19,0,"1","420","D","12","D",49,"D",,"A",,"A",,"A",,"A"
"20141",2771322,30,0,"1","420","D","01","D",260,"D",,"A",,"A",,"A",,"A"
"20141",2771482,39,0,"1","410","D","02","D",13,"D",,"A",,"A",,"A",,"A"
"20141",2771482,40,0,"1","420","D","02","D",98,"D",,"A",,"A",,"A",,"A"
"20141",2771655,26,0,"1","420","D","01","D",280,"D",,"A",,"A",,"A",,"A"
"20141",2771752,44,0,"1","410","D","12","D",10,"D",,"A",,"A",,"A",,"A"
"20141",2771772,17,0,"1","410","D","01","D",16,"D",,"A",,"A",,"A",,"A"
"20141",2771892,26,0,"1","420","D","02","D",175,"D",,"A",,"A",,"A",,"A"
"20141",2771892,27,0,"1","410","D","02","D",59,"D",,"A",,"A",,"A",,"A"
"20141",2771952,59,0,"1","430","D","02","D",.,"H","415","D","400","D",,"A",,"A"
"20141",2771952,59,1,"1","420","D","02","D",72,"E",,"A",,"A",,"A",,"A"
"20141",2771952,59,2,"1","400","D","02","D",38,"E",,"A",,"A",,"A",,"A"
"20141",2772102,29,0,"2","420","D","12","D",100,"D",,"A",,"A",,"A",,"A"
"20141",2772112,25,0,"1","405","D","02","D",343,"D",,"A",,"A",,"A",,"A"
"20141",2772132,37,0,"1","410","D","01","D",21,"D",,"A",,"A",,"A",,"A"
"20141",2772162,37,0,"1","420","D","01","D",25,"D",,"A",,"A",,"A",,"A"
"20141",2772162,38,0,"1","420","D","01","D",79,"D",,"A",,"A",,"A",,"A"
"20141",2772192,55,0,"1","420","D","02","D",106,"D",,"A",,"A",,"A",,"A"
"20141",2772222,26,0,"1","420","D","01","D",80,"D",,"A",,"A",,"A",,"A"
"20141",2772232,30,0,"1","410","D","12","D",15,"D",,"A",,"A",,"A",,"A"
"20141",2772312,19,0,"1","420","D","02","D",90,"D",,"A",,"A",,"A",,"A"
"20141",2772442,27,0,"1","420","D","02","D",250,"D",,"A",,"A",,"A",,"A"
"20141",2772462,21,0,"1","420","D","02","D",1800,"D",,"A",,"A",,"A",,"A"
"20141",2772722,45,0,"1","410","D","01","D",28,"D",,"A",,"A",,"A",,"A"
"20141",2772722,46,0,"1","420","D","01","D",74,"D",,"A",,"A",,"A",,"A"
"20141",2772782,48,0,"1","405","D","02","D",81,"D",,"A",,"A",,"A",,"A"
"20141",2772812,30,0,"1","400","D","02","D",25,"D",,"A",,"A",,"A",,"A"
"20141",2772832,27,0,"1","420","D","02","D",178,"D",,"A",,"A",,"A",,"A"
"20141",2772912,45,0,"1","405","D","02","D",500,"D",,"A",,"A",,"A",,"A"
"20141",2772982,62,0,"1","400","D","02","D",30,"D",,"A",,"A",,"A",,"A"
"20141",2772982,63,0,"1","410","D","01","D",10,"D",,"A",,"A",,"A",,"A"
"20141",2772982,64,0,"1","420","D","12","D",90,"D",,"A",,"A",,"A",,"A"
"20141",2772992,21,0,"1","430","D","02","D",.,"H","425","D","415","D",,"A",,"A"
"20141",2772992,21,1,"1","420","D","02","D",49,"E",,"A",,"A",,"A",,"A"
"20141",2773102,70,0,"1","420","D","01","D",36,"D",,"A",,"A",,"A",,"A"
"20141",2773112,50,0,"1","420","D","01","D",138,"D",,"A",,"A",,"A",,"A"
"20141",2773172,56,0,"1","400","D","02","D",85,"D",,"A",,"A",,"A",,"A"
"20141",2773172,57,0,"1","420","D","02","D",120,"D",,"A",,"A",,"A",,"A"
"20141",2773222,35,0,"1","420","D","02","D",285,"D",,"A",,"A",,"A",,"A"
"20141",2773232,44,0,"1","410","D","12","D",16,"D",,"A",,"A",,"A",,"A"
"20141",2773232,45,0,"1","420","D","02","D",75,"D",,"A",,"A",,"A",,"A"
"20141",2773262,47,0,"1","420","D","12","D",56,"D",,"A",,"A",,"A",,"A"
"20141",2773262,48,0,"1","420","D","01","D",56,"D",,"A",,"A",,"A",,"A"
"20141",2773262,49,0,"1","410","D","12","D",20,"D",,"A",,"A",,"A",,"A"
"20141",2773262,50,0,"1","410","D","01","D",20,"D",,"A",,"A",,"A",,"A"
"20141",2773312,12,0,"1","430","D","01","D",.,"H","415","D","425","D",,"A",,"A"
"20141",2773312,12,1,"1","420","D","01","D",250,"E",,"A",,"A",,"A",,"A"
"20141",2773352,38,0,"1","420","D","12","D",420,"D",,"A",,"A",,"A",,"A"
"20141",2773362,33,0,"1","410","D","12","D",55,"D",,"A",,"A",,"A",,"A"
"20141",2773362,34,0,"1","420","D","12","D",130,"D",,"A",,"A",,"A",,"A"
"20141",2773622,72,0,"1","420","D","12","D",37,"D",,"A",,"A",,"A",,"A"
"20141",2773622,73,0,"1","420","D","02","D",37,"D",,"A",,"A",,"A",,"A"
"20141",2773692,36,0,"1","420","D","12","D",81,"D",,"A",,"A",,"A",,"A"
"20141",2773762,21,0,"1","420","D","01","D",100,"D",,"A",,"A",,"A",,"A"
"20141",2773782,34,0,"1","420","D","01","D",85,"D",,"A",,"A",,"A",,"A"
"20141",2773852,47,0,"1","400","D","01","D",25,"D",,"A",,"A",,"A",,"A"
"20141",2773852,48,0,"1","410","D","01","D",10,"D",,"A",,"A",,"A",,"A"
"20141",2773852,49,0,"1","420","D","01","D",300,"D",,"A",,"A",,"A",,"A"
"20141",2773882,66,0,"1","405","D","12","D",680,"D",,"A",,"A",,"A",,"A"
"20141",2773942,36,0,"1","420","D","12","D",78,"D",,"A",,"A",,"A",,"A"
"20141",2773962,28,0,"1","420","D","01","D",24,"D",,"A",,"A",,"A",,"A"
"20141",2774112,20,0,"1","420","D","01","D",102,"D",,"A",,"A",,"A",,"A"
"20141",2774132,9,0,"1","420","D","02","D",314,"F",,"A",,"A",,"A",,"A"
"20141",2774162,23,0,"1","420","D","01","D",230,"D",,"A",,"A",,"A",,"A"
"20141",2774162,24,0,"1","420","D","02","D",190,"D",,"A",,"A",,"A",,"A"
"20141",2774182,17,0,"1","400","D","01","D",40,"D",,"A",,"A",,"A",,"A"
"20141",2774292,74,0,"1","410","D","12","D",15,"D",,"A",,"A",,"A",,"A"
"20141",2774292,75,0,"1","420","D","12","D",60,"D",,"A",,"A",,"A",,"A"
"20141",2774292,76,0,"1","410","D","02","D",12,"D",,"A",,"A",,"A",,"A"
"20141",2774292,77,0,"1","420","D","02","D",76,"D",,"A",,"A",,"A",,"A"
"20141",2774302,38,0,"1","410","D","02","D",70,"D",,"A",,"A",,"A",,"A"
"20141",2774462,63,0,"1","400","D","02","D",70,"D",,"A",,"A",,"A",,"A"
"20141",2774462,64,0,"1","405","D","02","D",120,"D",,"A",,"A",,"A",,"A"
"20141",2774472,64,0,"1","420","D","12","D",400,"D",,"A",,"A",,"A",,"A"
"20141",2774482,19,0,"1","410","D","02","D",36,"D",,"A",,"A",,"A",,"A"
"20141",2774502,24,0,"1","405","D","12","D",140,"D",,"A",,"A",,"A",,"A"
"20141",2774842,30,0,"1","420","D","12","D",40,"F",,"A",,"A",,"A",,"A"
"20141",2774842,31,0,"2","420","D","12","D",67,"F",,"A",,"A",,"A",,"A"
"20141",2774902,61,0,"1","410","D","12","D",14,"D",,"A",,"A",,"A",,"A"
"20141",2774962,19,0,"1","420","D","01","D",200,"D",,"A",,"A",,"A",,"A"
"20141",2775082,22,0,"1","400","D","12","D",40,"D",,"A",,"A",,"A",,"A"
"20141",2775092,24,0,"1","410","D","02","D",35,"F",,"A",,"A",,"A",,"A"
"20141",2775102,33,0,"1","420","D","02","D",47,"D",,"A",,"A",,"A",,"A"
"20141",2775102,34,0,"1","420","D","12","D",67,"D",,"A",,"A",,"A",,"A"
"20141",2775202,25,0,"1","400","D","02","D",5,"D",,"A",,"A",,"A",,"A"
"20141",2775242,43,0,"1","420","D","12","D",150,"D",,"A",,"A",,"A",,"A"
"20141",2775242,44,0,"1","410","D","12","D",20,"D",,"A",,"A",,"A",,"A"
"20141",2775282,18,0,"2","420","D","12","D",59,"D",,"A",,"A",,"A",,"A"
"20141",2775292,75,0,"1","420","D","12","D",230,"D",,"A",,"A",,"A",,"A"
"20141",2775292,76,0,"1","400","D","12","D",25,"D",,"A",,"A",,"A",,"A"
"20141",2775302,46,0,"1","420","D","01","D",296,"D",,"A",,"A",,"A",,"A"
"20141",2775302,47,0,"2","420","D","12","D",190,"D",,"A",,"A",,"A",,"A"
"20141",2775322,18,0,"1","420","D","01","D",76,"D",,"A",,"A",,"A",,"A"
"20141",2775374,12,0,"2","410","D","12","D",40,"D",,"A",,"A",,"A",,"A"
"20141",2775383,14,0,"1","420","D","02","D",65,"D",,"A",,"A",,"A",,"A"
"20141",2775402,50,0,"1","420","D","02","D",36,"D",,"A",,"A",,"A",,"A"
"20141",2775582,45,0,"2","400","D","12","D",25,"D",,"A",,"A",,"A",,"A"
"20141",2775582,46,0,"2","420","D","12","D",194,"D",,"A",,"A",,"A",,"A"
"20141",2775643,16,0,"1","400","D","02","D",20,"D",,"A",,"A",,"A",,"A"
"20141",2775802,50,0,"1","420","D","01","D",60,"D",,"A",,"A",,"A",,"A"
"20141",2775822,66,0,"1","420","D","02","D",600,"D",,"A",,"A",,"A",,"A"
"20141",2775902,57,0,"1","410","D","02","D",24,"D",,"A",,"A",,"A",,"A"
"20141",2775902,58,0,"1","420","D","02","D",101,"D",,"A",,"A",,"A",,"A"
"20141",2776062,36,0,"1","400","D","02","D",75,"D",,"A",,"A",,"A",,"A"
"20141",2776092,21,0,"1","420","D","02","D",144,"D",,"A",,"A",,"A",,"A"
"20141",2776212,26,0,"2","420","D","12","D",96,"D",,"A",,"A",,"A",,"A"
"20141",2776242,43,0,"1","420","D","12","D",28,"D",,"A",,"A",,"A",,"A"
"20141",2776362,27,0,"1","420","D","12","D",27,"D",,"A",,"A",,"A",,"A"
"20141",2776452,44,0,"1","420","D","02","D",70,"D",,"A",,"A",,"A",,"A"
"20141",2776582,31,0,"1","420","D","02","D",15,"D",,"A",,"A",,"A",,"A"
"20141",2776852,32,0,"1","400","D","12","D",100,"D",,"A",,"A",,"A",,"A"
"20141",2776872,52,0,"2","420","D","12","D",1,"D",,"A",,"A",,"A",,"A"
"20141",2776952,79,0,"1","430","D","12","D",.,"H","405","D","415","D",,"A",,"A"
"20141",2776952,79,1,"1","405","D","12","D",310,"E",,"A",,"A",,"A",,"A"
"20141",2776952,79,2,"1","420","D","12","D",140,"E",,"A",,"A",,"A",,"A"
"20141",2776982,43,0,"1","410","D","12","D",30,"D",,"A",,"A",,"A",,"A"
"20141",2776982,44,0,"1","430","D","12","D",.,"H","405","D","425","D",,"A",,"A"
"20141",2776982,44,1,"1","410","D","12","D",30,"F",,"A",,"A",,"A",,"A"
"20141",2776982,44,2,"1","420","D","12","D",28,"F",,"A",,"A",,"A",,"A"
"20141",2777012,63,0,"1","420","D","02","D",192,"D",,"A",,"A",,"A",,"A"
"20141",2777062,39,0,"2","420","D","12","D",48,"D",,"A",,"A",,"A",,"A"
"20141",2777082,25,0,"1","420","D","02","D",272,"D",,"A",,"A",,"A",,"A"
"20141",2777352,43,0,"1","420","D","02","D",100,"D",,"A",,"A",,"A",,"A"
"20141",2777412,27,0,"1","400","D","02","D",36,"D",,"A",,"A",,"A",,"A"
"20141",2777452,62,0,"1","420","D","02","D",50,"D",,"A",,"A",,"A",,"A"
"20141",2777532,63,0,"1","400","D","02","D",15,"D",,"A",,"A",,"A",,"A"
"20141",2777592,36,0,"1","420","D","01","D",90,"F",,"A",,"A",,"A",,"A"
"20141",2777622,60,0,"2","410","D","12","D",5,"D",,"A",,"A",,"A",,"A"
"20141",2777692,21,0,"1","410","D","12","D",99,"D",,"A",,"A",,"A",,"A"
"20141",2777852,24,0,"1","410","D","02","D",60,"D",,"A",,"A",,"A",,"A"
"20141",2777852,25,0,"1","420","D","02","D",60,"D",,"A",,"A",,"A",,"A"
"20141",2777852,26,0,"2","410","D","12","D",39,"D",,"A",,"A",,"A",,"A"
"20141",2777882,35,0,"1","410","D","01","D",50,"D",,"A",,"A",,"A",,"A"
"20141",2777882,36,0,"1","420","D","01","D",120,"D",,"A",,"A",,"A",,"A"
"20141",2777972,47,0,"1","400","D","12","D",40,"D",,"A",,"A",,"A",,"A"
"20141",2778022,36,0,"2","410","D","12","D",20,"D",,"A",,"A",,"A",,"A"
"20141",2778082,20,0,"1","420","D","01","D",157,"D",,"A",,"A",,"A",,"A"
"20141",2778112,38,0,"1","420","D","02","D",250,"D",,"A",,"A",,"A",,"A"
"20141",2778222,19,0,"1","420","D","01","D",46,"D",,"A",,"A",,"A",,"A"
"20141",2778242,19,0,"1","400","D","01","D",22,"D",,"A",,"A",,"A",,"A"
"20141",2778242,20,0,"1","400","D","01","D",14,"D",,"A",,"A",,"A",,"A"
"20141",2778242,21,0,"1","400","D","12","D",14,"D",,"A",,"A",,"A",,"A"
"20141",2778242,22,0,"1","420","D","01","D",56,"D",,"A",,"A",,"A",,"A"
"20141",2778242,23,0,"1","420","D","12","D",64,"D",,"A",,"A",,"A",,"A"
"20141",2778322,39,0,"1","410","D","01","D",14,"D",,"A",,"A",,"A",,"A"
"20141",2778322,40,0,"1","410","D","02","D",14,"D",,"A",,"A",,"A",,"A"
"20141",2778362,15,0,"1","420","D","01","D",113,"D",,"A",,"A",,"A",,"A"
"20141",2778402,34,0,"1","400","D","02","D",90,"D",,"A",,"A",,"A",,"A"
"20141",2778402,35,0,"2","420","D","12","D",121,"D",,"A",,"A",,"A",,"A"
"20141",2778432,28,0,"1","420","D","12","D",78,"D",,"A",,"A",,"A",,"A"
"20141",2778552,61,0,"1","410","D","02","D",25,"D",,"A",,"A",,"A",,"A"
"20141",2778703,18,0,"2","400","D","12","D",48,"D",,"A",,"A",,"A",,"A"
"20141",2778772,57,0,"2","420","D","12","D",100,"D",,"A",,"A",,"A",,"A"
"20141",2778812,40,0,"1","420","D","12","D",31,"D",,"A",,"A",,"A",,"A"
"20141",2778892,42,0,"2","400","D","12","D",24,"D",,"A",,"A",,"A",,"A"
"20141",2778892,43,0,"2","410","D","12","D",15,"D",,"A",,"A",,"A",,"A"
"20141",2778932,56,0,"1","420","D","02","D",78,"D",,"A",,"A",,"A",,"A"
"20141",2778992,30,0,"1","420","D","12","D",202,"D",,"A",,"A",,"A",,"A"
"20141",2779042,22,0,"1","405","D","12","D",320,"D",,"A",,"A",,"A",,"A"
"20141",2779072,46,0,"1","420","D","01","D",58,"D",,"A",,"A",,"A",,"A"
"20141",2779192,31,0,"1","420","D","02","D",56,"D",,"A",,"A",,"A",,"A"
"20141",2779272,13,0,"1","410","D","02","D",40,"D",,"A",,"A",,"A",,"A"
"20141",2779452,20,0,"1","420","D","01","D",64,"D",,"A",,"A",,"A",,"A"
"20141",2779482,31,0,"2","420","D","12","D",250,"D",,"A",,"A",,"A",,"A"
"20141",2779492,35,0,"1","420","D","12","D",60,"D",,"A",,"A",,"A",,"A"
"20141",2779522,58,0,"1","420","D","01","D",36,"D",,"A",,"A",,"A",,"A"
"20141",2779672,19,0,"1","420","D","02","D",20,"D",,"A",,"A",,"A",,"A"
"20141",2779762,56,0,"1","420","D","02","D",116,"D",,"A",,"A",,"A",,"A"
"20141",2779792,43,0,"1","420","D","02","D",238,"D",,"A",,"A",,"A",,"A"
"20141",2779912,65,0,"1","420","D","01","D",175,"D",,"A",,"A",,"A",,"A"
"20141",2780162,40,0,"1","420","D","02","D",181,"D",,"A",,"A",,"A",,"A"
"20141",2780342,30,0,"1","420","D","02","D",283,"D",,"A",,"A",,"A",,"A"
"20141",2780372,26,0,"1","410","D","12","D",15,"D",,"A",,"A",,"A",,"A"
"20141",2780462,79,0,"1","410","D","12","D",40,"D",,"A",,"A",,"A",,"A"
"20141",2780462,80,0,"1","420","D","12","D",60,"D",,"A",,"A",,"A",,"A"
"20141",2780462,81,0,"2","410","D","12","D",40,"D",,"A",,"A",,"A",,"A"
"20141",2780502,33,0,"2","420","D","12","D",116,"D",,"A",,"A",,"A",,"A"
"20141",2780642,31,0,"1","420","D","02","D",74,"D",,"A",,"A",,"A",,"A"
"20141",2780662,103,0,"1","410","D","12","D",90,"D",,"A",,"A",,"A",,"A"
"20141",2780662,104,0,"1","420","D","12","D",471,"D",,"A",,"A",,"A",,"A"
"20141",2780742,73,0,"1","410","D","01","D",25,"D",,"A",,"A",,"A",,"A"
"20141",2780742,74,0,"1","420","D","01","D",139,"D",,"A",,"A",,"A",,"A"
"20141",2780762,39,0,"1","400","D","01","D",35,"D",,"A",,"A",,"A",,"A"
"20141",2780762,40,0,"2","420","D","12","D",113,"D",,"A",,"A",,"A",,"A"
"20141",2780822,51,0,"1","420","D","12","D",101,"D",,"A",,"A",,"A",,"A"
"20141",2780822,52,0,"1","420","D","01","D",150,"D",,"A",,"A",,"A",,"A"
"20141",2780842,61,0,"2","420","D","12","D",200,"D",,"A",,"A",,"A",,"A"
"20141",2780852,23,0,"1","420","D","01","D",25,"D",,"A",,"A",,"A",,"A"
"20141",2780892,77,0,"1","400","D","01","D",30,"D",,"A",,"A",,"A",,"A"
"20141",2784555,19,0,"1","420","D","12","D",168,"D",,"A",,"A",,"A",,"A"
"20141",2785525,22,0,"1","400","D","11","D",20,"D",,"A",,"A",,"A",,"A"
"20141",2785834,34,0,"1","420","D","10","D",99,"D",,"A",,"A",,"A",,"A"
"20141",2786043,18,0,"1","420","D","12","D",300,"D",,"A",,"A",,"A",,"A"
"20141",2786405,19,0,"1","410","D","11","D",29,"D",,"A",,"A",,"A",,"A"
"20141",2787784,19,0,"1","420","D","12","D",110,"D",,"A",,"A",,"A",,"A"
"20141",2789725,37,0,"1","420","D","10","D",120,"D",,"A",,"A",,"A",,"A"
"20141",2791493,32,0,"1","420","D","11","D",75,"D",,"A",,"A",,"A",,"A"
"20141",2795224,37,0,"1","420","D","12","D",85,"D",,"A",,"A",,"A",,"A"
"20141",2795232,18,0,"1","420","D","11","D",65,"D",,"A",,"A",,"A",,"A"
"20141",2795972,32,0,"1","430","D","11","D",.,"H","405","D","415","D",,"A",,"A"
"20141",2795972,32,1,"1","420","D","11","D",210,"E",,"A",,"A",,"A",,"A"
"20141",2795995,57,0,"1","400","D","12","D",30,"D",,"A",,"A",,"A",,"A"
"20141",2799055,47,0,"1","400","D","11","D",200,"D",,"A",,"A",,"A",,"A"
"20141",2800374,10,0,"1","400","D","11","D",26,"D",,"A",,"A",,"A",,"A"
"20141",2800403,19,0,"1","420","D","12","D",200,"D",,"A",,"A",,"A",,"A"
"20141",2801125,13,0,"1","400","D","11","D",20,"D",,"A",,"A",,"A",,"A"
"20141",2801194,34,0,"1","420","D","01","D",150,"D",,"A",,"A",,"A",,"A"
"20141",2801695,12,0,"1","410","D","11","D",5,"D",,"A",,"A",,"A",,"A"
"20141",2802353,14,0,"1","420","D","11","D",90,"D",,"A",,"A",,"A",,"A"
"20141",2803042,26,0,"1","405","D","12","D",211,"D",,"A",,"A",,"A",,"A"
"20141",2807624,22,0,"1","410","D","02","D",16,"D",,"A",,"A",,"A",,"A"
"20141",2811542,27,0,"1","400","D","02","D",25,"D",,"A",,"A",,"A",,"A"
"20141",2811542,28,0,"1","410","D","01","D",25,"D",,"A",,"A",,"A",,"A"
"20141",2811542,29,0,"1","420","D","01","D",180,"D",,"A",,"A",,"A",,"A"
"20141",2811542,30,0,"1","405","D","01","D",317,"F",,"A",,"A",,"A",,"A"
"20141",2811745,35,0,"1","420","D","02","D",120,"D",,"A",,"A",,"A",,"A"
"20141",2813343,22,0,"1","405","D","01","D",200,"D",,"A",,"A",,"A",,"A"
"20141",2814192,38,0,"1","420","D","01","D",113,"D",,"A",,"A",,"A",,"A"
