era_id,source_file,release_date,page_number,metadata_type,text_raw,ocr_confidence
1,1970s/1977-10-13_491110_October_13_1977.pdf,1977-10-13,1,revision_notice,"ee
4
G.6 REVISION OF BANK DEBITS AND DEPOSIT TURNOVER SERIES October 13, 1977
e
The bank debits and demand deposit turnover data published
monthly on the G.6 release has been revised. The attached G.6 release
is the first issue for the new series. Commencing with July, the new
monthly series replaces the former 233 SMSA series which terminated
r with June 1977 data. The new series provides monthly estimates of
debits, deposits, and deposit turnover at all commercial banks for
demand deposits, total savings deposits, business savings deposits,
and savings deposits of all other customers. Breakdowns for major
New York City banks and for all other commercial banks also are pro-
vided for the demand deposit series.
e
Back data for the period January 1970 through June 1977 have
been estimated for the demand deposit series based on data from the
former 233 SMSA series and from member bank deposit reports. Seasonal
factors based on these back data will be applied to current estimates
for the demand deposit series. The back data are available on request
@ from the Banking Section, Division of Research and Statistics Board of
Governors of Federal Reserve System, Washington, D.C., 20551. Savings
debits, deposits, and turnover will be available only on an unadjusted
basis until sufficient data are available for computation of seasonal
adjustments.
@ The new debits estimates are derived from reports of a national
sample of about 300 member banks. For purposes of this series, demand
deposits include deposits of individuals, partnerships, and corporations
and States and political subdivisions in the United States. All debits
and turnover estimates are expressed as annual rates.
e ~
e
igitized for FRASER",86.67
1,1970s/1977-10-13_491110_October_13_1977.pdf,1977-10-13,2,other_non_table_material,"Pom arn nar nnn n nnn $name wanna n-gage
2/ REPRESENTS ACCOUNTS OF INDIVIOUALS, PARTNERSHIPS, AND CORPORATIONS AND OF STATES AND
POLITICAL SUBDIVISIONS.
£/ EXCLUDES NOW ACCOUNTS AND SPECIAL CLUB ACCOUNTS, SUCH AS CHRISTMAS AND VACATION CLUBS.
e 2/ REPRESENTS CORPORATIONS AND OTHER PROFIT-SEEKING ORGANIZATIONS (EXCLUDING COMMERCIAL
BANKS BUT INCLUDING SAVINGS AND LOAN ASSOCIATIONS, MUTUAL SAVINGS BANKS, CREOIT UNIONS,
THE EXPORT-IMPORT BANK, ANO FEDERALLY SPUNSORED LENDING AGENCIES).
NOTE? HISTORICAL DATA FOR THE PERIOD 1970 THROUGH JUNE 1977 HAVE BEEN ESTIMATED; THESE
ESTIMATES ARE BASED IN PART ON THE DEBITS SERIES FOR 233 SMSA°S, WHICH WERE AVAILABLE THROUGH
JUNE 1977. BACK DATA ARE AVAILABLE FROM PUBLICATIONS SERVICES, DIVISION OF ADMINISTRATIVE
SERVICES, BOARD OF GOVERNORS OF THE FEDERAL RESERVE SYSTEM, WASHINGTON, D.C. 20551. DEBITS
AND TURNOVER DATA FOR SAVINGS DEPOSITS ARE NOT AVAILABLE PRIOR TO JULY 1977.",81.61
1,1970s/1977-11-10_491111_November_10_1977.pdf,1977-11-10,1,other_non_table_material,"V/ REPRESENTS ACCOUNTS OF INDIVIDUALS, PARTNERSHIPS, AND CORPORATIONS AND OF STATES ANO
POLITICAL SUBDIVISICNS.
Z/ EXCLUDES NOW ACCOUNTS AND SPECIAL CLU& ACCOUNTS, SUCH AS CHRISTMAS ANO VACATIGN CLU8S.
3/ REPRESENTS CORPORATIONS AND OTHER PROFIT-SEEKING ORGANIZATIONS (EXCLUDING COMMERCIAL
BANKS BUT INCLUDING SAVINGS AND LOAN ASSUCIATIONS, MUTUAL SAVINGS BANKS, CREDIT UNIGNS,
THE FXPORT-IMPORT BANK, AND FEDERALLY SPONSORED LENOING AGENCIES).
NOTE: HISTORICAL DATA FOR THE PERIOU 1970 THROUGH JUNE 1977 HAVE BEEN ESTIMATEOs THESE
ESTIMATES ARE BASED IN PART ON THE DEBITS SERIES FOR 233 SMSA*S, WHICH WERE AVAILABLE THROUGH
@ JUNE 1977. BACK DATA ARE AVAILABLE FROM PUBLICATIONS SERVICES» DIVISION OF ADMINISTRATIVE",84.96
1,1970s/1977-12-08_491112_December_8_1977.pdf,1977-12-08,1,other_non_table_material,"e@ U/ REPRESENTS ACCOUNTS OF INDIVIDUALS», PARTNERSHIPS, ANU CORPORATIONS AND OF STATES AND
POLITICAL SUBDIVISIONS.
2/ EXCLUDES NGW ACCOUNTS ANO SPECIAL CLUB ACCOUNTS, SUCH AS CHRISTMAS ANDO VACATION CLUBS.
2/ REPRESENTS CORPORATIONS AND OTHER PRUFIT-SEEKING URGANIZATIONS (EXCLUDING COMMERCIAL
BANKS BUT INCLUDING SAVINGS AND LOAN ASSOCIATIONS, MUTUAL SAVINGS BANKS, CREDIT UNIONS,
THE EXPORT-IMPORT BANK, AND FEDERALLY SPONSURED LENDING AGENCIES).
| NUTE? HISTORICAL DATA FOR THE PERIUO 1970 THRUUGH JUNE 1977 HAVE BEEN ESTIMATED; THESE
ESTIMATES ARE BASED IN PART ON THE DEBITS SERIES FOK 233 SMSA®S, WHICH WERE AVAILABLE THROUGH
| JUNE 1977. 6ACK DATA ARE AVAILABLE FRUM PUBLICATIONS SERVICES» DIVISION OF AUMINISTRATIVE
@ SERVICES, BOARD OF GOVEKNORS OF THE FEDERAL RESERVE SYSTEM, WASHINGTON, 0.C. 20551. DEBITS",84.51
1,1970s/1978-01-11_491113_January_11_1978.pdf,1978-01-11,1,revision_notice,"| 1/ REPRESENTS ACCOUNTS OF INDIVIDUALS, PARTNERSHIPS, AND CORPORATIONS AND OF STATES AND
POLITICAL SUBDIVISIONS.
: 2/ EXCLUDES NOW ACCOUNTS AND SPECIAL CLUB ACCOUNTS, SUCH AS CHRISTMAS AND VACATION CLUBS.
33/. REPRESENTS CORPORATIONS AND OTHER PROFIT-SEEKING ORGANIZATIONS (EXCLUDING COMMERCIAL
BANKS BUT INCLUDING SAVINGS AND LOAN ASSOCIATIONS, MUTUAL SAVINGS BANKS, CREDIT UNIONS,
THE EXPORT-IMPORT BANK, AND FEDERALLY SPONSORED LENDING AGENCIES).
NOTE: HISTORICAL DATA FOR THE PERIOD 1970 THROUGH JUNE 1977 HAVE BEEN ESTIMATED: THESE
ESTIMATES ARE BASED IN PART ON THE BEBITS SERIES FOR 233 SMSA'S, WHICH WERE AVAILABLE THROUGH
JUNE 1977. BACK DATA RRE AVAILABLE FROM PUBLICATIONS SERVICES, DIVISION OF ADMINISTRATIVE
SERVICES, BOARD OF GOVERNORS OF THE FEDERAL RESERVE SYSTEM, WASHINGTON, D.C. 20551. DEBITS
AND TURNOVER DATA FOR SAVINGS DEPOSITS ARE NOT AVAILABLE PRIOR TO JULY 1877.
BEGINNING WITH JULY 1977, DATA RAVE BEEN REVISED TO TAKE ACCOUNT OF CALL REPORT BENCHMARKS",93.93
1,1970s/1978-02-09_491114_February_9_1978.pdf,1978-02-09,1,other_non_table_material,"1/ REPRESENTS ACCOUNTS OF INDIVIDUALS, PARTNERSHIPS, AND CORPORATIONS ANDO OF STATES AND
POLITICAL SUBDIVISIONS.
27 EXCLUDES NOW ACCOUNTS AND SPECIAL CLUB ACCOUNTS, SUCH AS CHRISTMAS AND VACATION CLUBS.
3/ REPRESENTS CORPORATIONS AND UTHER PROFIT-SEEKING ORGANIZATIONS (EXCLUDING COMMERCIAL
BANKS BUT INCLUDING SAVINGS AND LOAN ASSOCIATIONS, MUTUAL SAVINGS BANKS, CREDIT UNIONS,
THE EXPORT-IMPORT BANK, ANO FEDERALLY SPONSOREO LENOING AGENCIES).
NOTE: HISTURICAL DATA FOR THE PERIUD 1970 THRUUGH JUNE 1977 HAVE BEEN ESTIMATED; THESE
ESTIMATES ARE BASEO IN PART ON THE DEBITS SERIES FOR 233 SMSA*S, WHICH WERE AVAILABLE THROUGH
JUNE 1977. BACK DATA ARE AVAILABLE FROM PUBLICATIONS SERVICES, OIVIS1ON OF AOMINISTRATIVE
SERVICES, BOARD OF GOVERNORS OF THE FEDERAL RESERVE SYSTEM, WASHINGTON, 0.C. 20551. DEBITS
AND TURNUVER DATA FOR SAVINGS DEPOSITS ARE NOT AVAILABLE PRIOK TO JULY 1977.
igitized for FRASER",89.84
1,1970s/1978-03-22_491115_March_22_1978.pdf,1978-03-22,1,other_non_table_material,"1/ REPRESENTS ACCOUNTS OF INDIVIOUALS, PARTNERSHIPS, AND CORPORATIONS ANDO OF STATES AND
POLITICAL SUBDIVISIONS.
2/ EXCLUDES NGW ACCOUNTS AND SPECIAL CLUB ACCOUNTS, SUCH AS CHRISTMAS AND VACATION CLUBS.
3/ REPRESENTS CORPORATIONS ANO OTHER PROFIT-SEEKING ORGANIZATIONS (EXCLUDING COMMERCIAL
BANKS BUT INCLUDING SAVINGS AND LOAN ASSOCIATIONS, MUTUAL SAVINGS BANKS, CREDIT UNIONS,
THE EXPORT-IMPORT BANK, ANDO FEDERALLY SPONSORED LENDING AGENCIES)~
NOTE: HISTORICAL DATA FOR THE PERIUO 1970 THROUGH JUNE 1977 HAVE BEEN ESTIMATED: THESE
ESTIMATES ARE BASED IN PART ON THE DEBITS SERIES FOR 233 SMSA*S, WHICH WERE AVAILABLE THROUGH
JUNE 1977. BACK DATA ARE AVAILABLE FROM PUBLICATIONS SERVICES, DIVISION OF ADMINISTRATIVE
SERVICES, BOARD OF GOVERNORS OF THE FEDERAL RESERVE SYSTEM, WASHINGTON, D.C. 20551. OEBITS",86.68
1,1970s/1978-04-13_491116_April_13_1978.pdf,1978-04-13,1,revision_notice,"1/ REPRESENTS ACCOUNTS OF INDIVIDUALS, PARTNERSHIPS, AND CORPORATIONS AND OF STATES AND
POLITICAL SUBDIVISIONS.
2/ EXCLUDES NOW ACCOUNTS AND SPECIAL CLUB ACCOUNTS, SUCH AS CHRISTMAS AND VACATION CLUBS.
3/ REPRESENTS CORPORATIONS AND OTHER PROFIT-SEEKING ORGANIZATIONS (EXCLUDING COMMERCLAI
BANKS BUT INCLUDING SAVINGS AND LOAN ASSOCIATIONS, MUTUAL SAVINGS BANKS, CREDIT UNIONS,
THE EXPORT-IMPORT BANK, AND FEDERALLY SPONSORED LENDING AGENCIES).
NOTE: HISTORICAL DATA FOR THE PERIOD 1970 THROUGH JUNE 1977 HAVE BEEN ESTIMATED: THESE
ESTIMATES ARE BASED IN PART ON THE DEBITS SERIES FOR 233 SMSA'S, WHICH WERE AVAILABLE THROUGH
JUNE 1977. BACK DATA ARE AVAILABLE FROM PUBLICATIONS SERVICES, DIVISION OF ADMINISTRATIVE
SERVICES, BOARD OF GOVERNORS OF THE FEDERAL RESERVE SYSTEM, WASHINGTON, D.C, 20551. DEBITS
AND TURNOVER DATA FOR SAVINGS DEPOSITS ARE NOT AVAILABLE PRIOR TO JULY 1977.
BEGINNING WITH JULY 1977, DATA HAVE BEEN REVISED TO TAKE ACCOUNT OF CALL REPORT BENCHMARKS
AS OF SEPTEMBER 30, 1977.
Jigitized for FRASER °",90.12
1,1970s/1978-05-16_491117_May_16_1978.pdf,1978-05-16,1,other_non_table_material,"D/ REPRESENTS ACCOUNTS OF INDIVIDUALS» PARTNERSHIPS» AND CORPORATIONS AND OF STATES AND
POLITICAL SUBDIVISIONS.
2/ EXCLUDES NOW ACCOUNTS AND SPECIAL CLUB ACCOUNTS» SUCH AS CHRISTMAS AND VACATION CLuBs.
3/ REPRESENTS CORPORATIONS AND OTHER PROF IT~SEEKING ORGANIZATIONS (EXCLUDING COMMERCIAL
BANKS BUT INCLUDING SAVINGS AND LOAN ASSOCIATIONS, MUTUAL SAVINGS BANKS, CREDIT UNIONS,
THE EXPORT-IMPORT BANK, AND FEDERALLY SPONSORED LENOING AGENCIES).
NOTES HISTORICAL DATA FOR THE PERIOD 1970 THROUGH JUNE 1977 HAVE BEEN ESTIMATED: THESE
ESTIMATES ARE BASED IN PART ON THE DEBITS SERIES FOR 233 SMSA*S, WHICH WERE AVAILABLE THROUGH
JUNE 1977~ BACK DATA ARE AVAILABLE FROM PUBLICATIONS SERVICES» DIVISION OF ADMINISTRATIVE
SERVICES,» BOARD OF GOVERNORS OF THE FEDERAL RESERVE SYSTEM, WASHINGTON, D.C. 20551. ODEBITS
AND TURNOVER DATA FOR SAVINGS DEPOSITS ARE NOT AVAILABLE PRIOR TO JULY 1977.",85.75
1,1970s/1978-06-05_491118_June_5_1978.pdf,1978-06-05,1,footnotes,"1/7 REPRESENTS ACCOUNTS OF INDIVIDUALS, PARTNERSHIPS, AND CORPORATIONS AND OF STATES AND
POLITICAL SUBDIVISIONS.
&/ EXCLUDES NOW ACCOUNTS AND SPECIAL CLUB ACCOUNTS, SUCH AS CHRISTMAS ANO VACATION CLUBS.
| 32/ REPRESENTS CORPORATIONS ANC OTHER PRUFIT-SEEKING ORGANIZATIONS (EXCLUDING COMMERCIAL
| BANKS BUT INCLUDING SAVINGS AND LOAN ASSOCIATIONS, MUTLAL SAVINGS BANKS, CREULIT UNIONS,
| THE EXPORT-IMPORT BANK, AND FEDERALLY SPONSORED LENDING AGENCIES).
| NOTE: HISTORICAL DATA FOR THE PERICD 1970 THROUGH JUNE 1977 HAVE BEEN ESTIMATED; THESE
ESTIMATES ARE BASED IN PART ON THE DEBITS SERIES FOR 233 SMSA’S, WHICH WERE AVAILABLE THRUUGH
JUNE 1977. BACK DATA ARE AVAILABLE FROM PUBLICATIONS SERVICES, DIVISION UF AUMINISTRATIVE
| SERVICES, BOARD OF GOVERNORS OF THE FEDERAL RESERVE SYSTEM, WASHINGTON, D.C. 20551. DEBITS
| AND TURNOVER DATA FOR SAVINGS DEPOSITS ARE NUT AVAILABLE PRIGR TO JULY 1977.",82.93
1,1970s/1978-07-20_491119_July_20_1978.pdf,1978-07-20,1,revision_notice,"1/ REPRESENTS ACCOUNTS OF INDIVIDUALS, PARTNERSHIPS AND CORPORATIONS AND OF STAT:.S AND
POLITICAL SUBDIVISIONS
2/ EXCLUDES NOW ACCOUNTS AND SPECTAL CLUD ACCOUNTS, SUCH AS CHRISTMAS AND VACATICN CLUBS.
‘3/ REPRESENTS CORPORATIONS AND OTHER PROFIT-SEEKING ORGANIZATIONS (EXCLUDING COMMERCIAL
BANKS BUT INCLUDING SAVINGS AND LOAN ASSOCIATIONS, MUTUAL S-VINCS BANKS, CREDIT UNIONS,
THE EXPORT-TMPORT BANX, AND FEDERALLY SPONSORED LENDING AGENCIES).
NOTE: HISTORICAL DATA FOR THE PERIL i970 THROUGH JUNE 1977 KAVE BEEN ESTIMATED: THESE
ESTIMATES ARE BASED IN PART ON THE DEBITS SERIES FOR 233 SMSA‘S, WHICH ARE AVAILARLY THROUGH
JUNE 1977. BACK DATA ARE AVAILABLE FROM PUBLICATIONS SERVICES, RIVIS'ON OF ADMINISTRATIVE
SERVICES, BOARD OF GOVERNORS OF THE FEDERAL RESERVE SYSTRM, WASHINGTON D.C. 20521. DEBITS
AND TURNOVER DATA FOR SAVINGS DEPOSITS ARE NOT AVAILABIE PRIOR TO JUZY 1977.
BEGINNING WITH JULY 1977, DATA HAVE BEEN REVISED TO TAKE ACCOUNT OF CALL REPORT BENCIMAS",85.47
1,1970s/1978-08-02_491120_August_2_1978.pdf,1978-08-02,1,other_non_table_material,"A/ KEPRESENTS ACCOUNTS OF INDIVIDUALS», PARTNERSHIPS» AND CORPORATIONS AND OF STATES AND
PULITICAL SUBDIVISIONS.
&/ EXCLUDES NOW ACCOUNTS AND SPECIAL CLUB ACCOUNTS», SUCH AS CHRISTMAS AND VACATION CLUBS.
3/ KEPRESENTS CORPOKATIONS ANG OTHER PKOFIT-SEEKING ORGANIZATIONS (EXCLUDING COMMERCIAL
BANKS 6UT INCLUDING SAVINGS ANDO LUAN ASSUCIATIUNS, MUTUAL SAVINGS GANKS, CREGIT UNIGNS,
THE EXPOKT-IMPURT BANK, AND FEDERALLY SPONSURED LENUING AGENCIES).
NOTE: HISTORICAL CATA FOR THE PERIUL 1970 THRUUGH JUNE 1977 HAVE BEEN ESTIMATEOS THESE
ESTIMATES ARE BASED IN PART ON THE DEBITS SEKIES FOR 233 SMSA*S, WHICH WERE AVAILAGLE THROUGH
YUNE 1977. BACK DATA ARt AVAILABLE FROM PUGLICATIGNS SEKVICES, LIVISION OF AUMINISTKATIVE
SERVICES, BLARD UF GUVERNUKS Cr THE FEDERAL RESERVE SYSTEM, WASHINGTUN, D.C. 20551. DEbITS
AND TURNOVER DATA FOK SAVINGS UEPCSITS ARe NGT AVAILABLE PRICK TO JULY 1977.",76.86
1,1970s/1978-09-11_491121_September_11_1978.pdf,1978-09-11,1,footnotes,"47 REPRESENTS ACCOUNTS UF INDIVIDUALS, PARTNERSHIPS, AND CORPORATIONS ANG OF STATES ANO
POLITICAL SUBOIVISIUNS.
2/7 EXCLUDES NOW ACCOUNTS ANU SPECIAL CLUB ACCOUNTS, SUCH AS CHRISTMAS ANDO VACATION CLUBS.
3/ REPRESENTS CORPORATIONS AND OTHER PROFIT-SEEKING ORGANIZATIONS (EXCLUDING COMMERCIAL
BANKS BUT INCLUDING SAVINGS AND LGAN ASSOCIATIONS, MUTUAL SAVINGS BANKS» CREOIT UNIONS»
THE EXPORT-IMPORT BANK, AND FEDERALLY SPONSORED LENOING AGENCIES).
NOTES HISTORICAL DATA FOR THE PERIUU 1970 THROUGH JUNE 1977 HAVE BEEN ESTIMATED; THESE .
ESTIMATES ARE BASED IN PART ON THE DEBITS SERIES FOR 233 SMSA*S, WHICH WERE AVAILABLE THROUGH
JUNE 1977. BACK LATA ARE AVAILABLE FROM PUBLICATIUNS SERVICES, DIVISI1UN UF ADMINISTRATIVE
SERVICES, BOARD OF GOVERNORS OF THE FEDERAL RESERVE SYSTEM, WASHINGTON, 0.C. 20551. O€B1TS
AND TURNOVER DATA FOR SAVINGS DEPUSITS ARE NUT AVAILABLE PRIOR TO JULY 1977.",81.69
1,1970s/1978-10-13_491122_October_13_1978.pdf,1978-10-13,1,revision_notice,"L/ REPRESENTS ACCOUNTS OF INDIVIDUALS, PARTNERSHIPS. AND CORPORATIONS AND OF STATES AND
POLITICAL SUBDIVISIONS
2/ EXCLUDES NOW ACCOUNTS AND SPECIAL CLUB ACCOUNTS, SUCH AS CHRISTMAS AND VACATION CLUBS.
3/ REPRESENTS CORPORATIONS AND OTHER PROFIT-SEEKING ORGANIZATIONS (EXCLUDING COMMERCIAL
BANKS BUT INCLUDING SAVINGS AND LOAN ASSOCIATIONS, MUTUAL SAVINGS BANKS, CREDIT UNIONS,
THE EXPORT-IMPORT BANK, AND FEDERALLY SPONSORED LENDING AGENCIES).
NOTE: HISTORICAL DATA FOR THE PERIOD 1970 THROUGH JUNE 1977 HAVE BEEN ESTIMATED: THESE
ESTIMATES ARE BASED IN PART ON THE DEBITS SERIES FOR 233 SMSA'S, WHICH ARE AVAILABLE THROUGH
JUNE 1977. BACK DATA ARE AVAILABLE FROM PUBLICATIONS SERVICES, DIVISION OF ADMINISTRATIVE
SERVICES, BOARD OF GOVERNORS OF THE FEDERAL RESERVE SYSTEM, WASHINGTON D.C. 20551. DEBITS
AND TURNOVER DATA FOR SAVINGS DEPOSITS ARE NOT AVAILABLE PRIOR TO JULY 1977.
BEGINNING WITH JULY 1977, DATA HAVE BEEN REVISED TO TAKE ACCOUNT OF CALL REPORT BENCHMARKS
igitized for FRASER AS OF MARCH 1978.",92.44
1,1970s/1978-11-14_491123_November_14_1978.pdf,1978-11-14,1,other_non_table_material,"1/ REPRESENTS ACCOUNTS OF INDIVIOUALS, PARTNERSHIPS, AND CORPORATIONS ANO OF STATES AND
POLITICAL SUBDIVISIONS.
2/ €XCLUDES NOW ACCOUNTS ANDO SPECIAL CLUB ACCOUNTS, SUCH AS CHRISTMAS ANO VACATION CLUBS.
3/ REPRESENTS CORPORATIONS AND OTHER PROFIT-SEEKING ORGANIZATIONS (EXCLUDING COMMERCIAL
BANKS BUT INCLUDING SAVINGS AND LOAN ASSOCIATIONS, MUTUAL SAVINGS BANKS, CREDIT UNIONS,
THE EXPORT-IMPORT BANK, AND FEDERALLY SPONSORED LENDING AGENCIES).
NOTE: HISTORICAL DATA FOR THE PERIOD 1970 THROUGH JUNE 1977 HAVE BEEN ESTIMATED; THESE
ESTIMATES ARE BASED IN PART ON THE DEBITS SERIES FOR 233 SMSA°S, WHICH WERE AVAILABLE THROUGH
JUNE 1977. BACK DATA ARE AVAILABLE FROM PUBLICATIONS SERVICES, DIVISION OF ADMINISTRATIVE
| SERVICES, BOARD OF GOVERNORS OF THE FEDERAL RESERVE SYSTEM, WASHINGTON, 0.C. 20551. OEBITS",88.78
1,1970s/1978-12-12_491124_December_12_1978.pdf,1978-12-12,1,footnotes,"1/ REPRESENTS ACCOUNTS OF INDIVIDUALS, PARTNiKSHIPS, AND CORPGRATIONS ANO C& STATES AND
POLITICAL SUBQIVISIONS.
2/7 EXCLUDES NOW ACCOUNT AND SPECTAL CLUB ACCUUNTS» SJCH AS CHATSTMAS AND VACATION CLUAS.
3/ REPRESENTS CORPORATICNS ANU OTHER PROFIT-SEEKING GAGANIZATIONS CEXCEUUTNG CUMAERC TAL
BANKS BUT INCLUDING SAVINGS AND LOAN ASSUCTATIONS, “uTUAL SAVINGS BANNSs CREDIT UNIUNS,
THE EXPURT-IMPORT RANK, ANO FEDERALLY SPONSOKLO LENDING AGENCIES).
NOTE? HISTCRICAL OATA FUR THE PERIL 1970 THROJSH JUNE 1977 HAVE BEEN FSTIMATED; THESE
ESTIMATES ARE SASTO IN PART Gi TH! DESITS SthIES FUR 233 S¥SA""S, WHICH wLAF AVALCASLE THROUGH
igitized for FRASER",64.35
1,1970s/1979-01-09_491125_January_9_1979.pdf,1979-01-09,1,other_non_table_material,"L/ REPRESENTS ACCOUNTS OF INDIVIDUALS, PARTNERSHIPS, ANO CORPORAITUNS AND OF STATES AND
POLITICAL SUBDIVISIONS.
2/ EXCLUDES NOW ACCOUNTS AND SPECIAL CLUS ACCOUNTS, SUCH AS CHRISTMAS ANO VACATION CLU3S.
3/ REPRESENTS CORPORATICNS AND OTHER PROFIT-SEEKING CRGANIZATIONS (EXCLUDING COMMERCTAL
BANKS BUT INCLUDING SAVINGS ANO LOAN ASSOCIATIONS, MUTUAL SAVINGS BANKS, CREOIT UNIONS,
THE EXPORT-IMPORT BANK, AND FEDERALLY SPONSORED LENDING AGENCIES).
NOTE: HISTORICAL SATA FOR THE PERTOO 1970 THROUGH JUNE 1977 HAVE SEEN ESTIMATED; THESE
FSTIMATES ARE BASED IN PART ON THE OESITS SERIES FOR 233 SMSA'S, WHICH WERE AVAILABLE THROUGH
@ JUNE 1977. BACK DATA ARE AVAILABLE FROM PUBLICATIONS SERVICES, OIVISION SF ADMINISTRATIVE
igitized for FRASER SERVICES, BOARD OF GOVERNORS OF THE FEDERAL RESERVE SYSTEM, WASHINGTON, 9.C. 20551. OERITS",83.2
1,1970s/1979-02-15_491126_February_15_1979.pdf,1979-02-15,1,other_non_table_material,"1/ REPRESENTS ACCOUNTS OF INDIVIDUALS, PARTNERSHIPS, AND CORPORATIONS AND OF STATES AND
® POLITICAL SUBDIVISIONS.
| 2/ EXCLUDES NOW ACCOUNTS AND SPECIAL CLUB ACCOUNTS, SUCH AS CHRISTMAS AND VACATION CLUBS.
3/ REPRESENTS CORPORATIONS AND OTHER PROFIT-SEEKING ORGANIZATIONS (EXCLUDING COMMERCIAL
BANKS BUT INCLUDING SAVINGS AND LOAN ASSOCIATIONS, MUTUAL SAVINGS BANKS , CREDIT UNIONS,
THE EXPORT-IMPORT BANK, AND FEDERALLY SPONSORED LENDING AGENCIES).
| NOTE: HISTORICAL DATA FOR THE PERIOD 1970 THROUGH JUNE 1977 HAVE BEEN ESTIMATED: THESE
ESTIMATES ARE BASED IN PART ON THE DEBITS SERIES FOR 233 SMSA'S, WHICH ARE AVAILABLE THROUGH
JUNE 1977. BACK DATA ARE AVAILABLE FROM PUBLICATIONS SERVICES, DIVISION OF ADMINISTRATIVE
SERVICES, BOARD OF GOVERNORS OF THE FEDERAL RESERVE SYSTEM, WASHINGTON D.C. 20551. DEBITS
of AND TURNOVER DATA FOR SAVINGS DEPOSITS ARE NOT AVAILABLE PRIOR TO JULY 1977.
igitized for FRASER",92.16
1,1970s/1979-04-24_491127_April_24_1979.pdf,1979-04-24,1,other_non_table_material,"a 1/ REPRESENTS ACCOUNTS OF INDIVIDUALS, PARTNERSHIPS, AND CORPORATIONS AND OF STATES AND
POLITICAL SUBDIVISIONS.
2/ EXCLUDES NOW ACCOUNTS AND SPECIAL CLUB ACCOUNTS, SUCH AS CHRISTMAS ANO VACATION CLUBS.
3/ REPRESENTS CORPORATIONS AND OTHER PROFIT-SEEKING ORGANIZATIONS (EXCLUDING COMMERCIAL
BANKS BUT INCLUDING SAVINGS AND LOAN ASSOCIATIONS, MUTUAL SAVINGS BANKS, CREDIT UNIONS,
THE EXPORT-IMPORT BANK, AND FEDERALLY SPONSORED LENDING AGENCIES).
NOTE: HISTORICAL DATA FOR THE PERIOD 1979 THROUGH JJNE 1977 HAVE BEEN ESTIMATED; THESE
ESTIMATES ARE BASED IN PART ON THE DESITS SERIES FOR 233 SMSA'S, WHICH WERE AVAILABLE THROUGH
JUNE 1977. BACK DATA ARE AVAILABLE FROM PUBLICATIONS SERVICES, DIVISION OF ADMINISTRATIVE
e SERVICES, BOARD OF GOVERNORS OF THE FEDERAL RESERVE SYSTEM, WASHINGTON, 0.C. 20551. DOEBITS
AND TURNOVER DATA FOR SAVINGS DEPOSITS ARE NOT AVAILABLE PRIOR TO JULY 1977.",91.48
1,1970s/1979-05-11_491128_May_11_1979.pdf,1979-05-11,1,other_non_table_material,"1/ REPRESENTS ACCOUNTS OF INDIVIDUALS, PARTNERSHIPS, AND CORPORATIONS ANO OF STATES ANO
POLITICAL SUADIVISTONS.
af EXCLUDES NOW ACCOUNTS AND SPECIAL CLUB ACCOUNTS, SUCH AS CHRISTMAS AND VACATION CLUBS.
3/ REPRESENTS CORPORATIONS AND OTHER PROFIT-SEEKING ORGANIZATIONS (EXCLUDING COMMERCIAL
RANKS BUT INCLUDING SAVINGS ANDO LOAN ASSOCIATIONS, MUTUAL SAVINGS BANKS, CREDIT UNIONS,
THE EXPORT-IMPORT SANK, ANO FEDERALLY SPONSORED LENDING AGENCIES).
NOTE: HISTORICAL OATA FOR THE PERIOD 1970 THROUGH JUNE 1977 HAVE BEEN ESTIMATED; THESE
ESTIMATES ARE BASED IN PART ON THE DEBITS SERTES FOR 233 SMSA'S, WHICH WERE AVAILABLE THROUGH
JUNE 1977. BACK DATA ARE AVAILABLE FROM PUBLICATIONS SERVICES, DIVISION OF ADMINISTRATIVE
SERVICES, BOARD OF GOVERNORS OF THE FENERAL RESERVE SYSTEM, WASHINGTON, D.C. 20551. OEBITS
e AND TURNOVER DATA FOR SAVINGS DEPOSITS ARE NOT AVAILABLE PRIOR TO JULY 1977.",82.97
1,1970s/1979-06-13_491129_June_13_1979.pdf,1979-06-13,1,revision_notice,"| 1/ REPRESENTS ACCOUNTS OF INDIVIDUALS, PARTNERSHIPS. AND CORPORATIONS AND OF STATES AND
POLITICAL SUBDIVISIONS.
2/ EXCLUDES NOW ACCOUNTS AND SPECIAL CLUR ACCOUNTS, SUCH AS CHRISTMAS AND VACATION CLUBS.
| 3/ REPRESENTS CORPORATIONS AND OTHER PROF IT-SEEKING ORGANIZATIONS (EXCLUDING COMMERCIAL
rd ~ BANKS BUT INCLUDING SAVINGS AND LOAN ASSOCIATIONS, MUTUAL SAVINGS BANKS » CREDIT UNIONS,
THE EXPORT-IMPORT BANK, AND FEDERALLY SPONSORED LENDING AGENCIES).
NOTE: HISTORICAL DATA FOR THE PERIOD 1970 THROUGH JUNE 1977 HAVE BEEN ESTIMATED: THESE.
ESTIMATES ARE BASED IN PART ON THE DEBITS SERIES FOR 233 SMSA'S, WHICH ARE AVAILABLE THROUGH
JUNE 1977. BACK DATA ARE AVAILABLE FROM PUBLICATIONS SERVICES, DIVISION OF ADMINISTRATIVE
' SERVICES, BOARD OF GOVERNORS OF THE FEDERAL RESERVE SYSTEM, WASHINGTON D.C. 20551. DEBITS
AND TURNOVER DATA FOR SAVINGS DEPOSITS ARE NOT AVAILABLE PRIOR TO JULY 1977.
| BEGINNING WITH JULY 1978, DATA HAVE BEEN REVISED TO TAKE ACCOUNT OF CALL REPORT BENCHMARKS
@ AS OF SEPTEMBER 30, 1978.",90.71
1,1970s/1979-07-12_491130_July_12_1979.pdf,1979-07-12,1,other_non_table_material,"1/ REPRESENTS ACCOUNTS OF INDIVIQUALS, PARTNERSHIPS, AND CORPORATIONS AND OF STATES AND
POLITICAL SUBOIVISTONS.
2/ EXCLUDES NOW ACCOUNTS ANO SPECIAL CLUB ACCOUNTS, SUCH AS CHRISTMAS AND VACATION CLUBS.
3/ REPRESENTS CORPORATIONS AND OTHER PROFIT-SEEKING ORGANIZATIONS (EXCLUDING COMMERCIAL
BANKS BUT INCLUDING SAVINGS AND LOAN ASSOCIATIONS, MUTUAL SAVINGS BANKS, CREDIT UNIONS,
THE EXPORT-IMPORT BANK, ANO FEDERALLY SPONSORED LENDING AGENCIES).
NOTE: HISTORICAL DATA FOR THE PERIOD 1970 THROUGH JUNE 1977 HAVE BEEN ESTIMATED; THESE
ESTIMATES ARE BASED IN PART ON THE DEBITS SERTES FOR 233 SMSA'S, WHICH WERE AVAILABLE THROUGH
@ JUNE 1977. BACK OATA ARE AVAILABLE FROM PUBLICATIONS SERVICES, DIVISION OF ADMINISTRATIVE
SERVICES, BOARD OF GOVERNORS OF THE FEDERAL RESERVE SYSTEM, WASHINGTON, 0.C. 20551. OEBITS
ANO TURNOVER DATA FOR SAVINGS DEPOSITS ARE NOT AVAILABLE PRIOR TO JULY 1977.
9.03 for FRASER",86.24
1,1970s/1979-08-10_491131_August_10_1979.pdf,1979-08-10,1,other_non_table_material,"1/ REPRESENTS ACCOUNTS OF INDIVIOUALS, PARTNERSHIPS, AND CORPORATIONS ANO OF STATES AND
POLITICAL SUBDIVISIONS.
2/ EXCLUDES NOW ACCOUNTS AND SPECIAL CLUB ACCOUNTS, SUCH AS CHRISTMAS AND VACATION CLUBS.
2/) REPRESENTS CORPORATICNS AND OTHER PROFIT-SEEKING ORGANIZATIONS (EXCLUDING COMMERCIAL
BANKS BUT INCLUDING SAVINGS AND LOAN ASSOCIATIONS, MUTUAL SAVINGS BANKS, CREDIT UNIONS,
THE EXPORT-IMPORT BANK, AND FEDERALLY SPONSORED LENDING AGENCIES).
NOTE: HISTORICAL DATA FOR THE PERIOD 1970 THROUGH JUNE 1977 HAVE BEEN ESTIMATED; THESE
ESTIMATES ARE BASED IN PART ON THE DEBITS SERIES FOR 233 SMSA'S, WHICH WERE AVAILABLE THROUGH
JUNE 1977, BACK DATA ARE AVAILABLE FROM PUBLICATIONS SERVICES, DIVISION OF ADMINISTRATIVE
SERVICES, BOARD OF GOVERNORS OF THE FEDERAL RESERVE SYSTEM, WASHINGTON, 0.C. 20551. OE€BITS
AND TURNOVER DATA FOR SAVINGS DEPOSITS ARE NOT AVAILABLE PRIOR TO JULY 1977.
gitized for FRASER",89.41
1,1970s/1979-09-13_491132_September_13_1979.pdf,1979-09-13,1,other_non_table_material,"@ 1/ REPRESENTS ACCOUNTS OF INDIVIDUALS, PARTNERSHIPS, AND CORPORATIONS ANO OF STATES ANO
POLITICAL SUBDIVISIONS.
2/ EXCLUDES NOW ACCOUNTS AND SPECIAL CLUB ACCOUNTS, SUCH AS CHRISTMAS AND VACATION CLUBS.
3/ REPRESENTS CORPURATIONS AND OTHER PROFIT-SEEKING ORGANIZATIONS (EXCLUDING COMMERCIAL
BANKS BUT INCLUDING SAVINGS AND LOAN ASSOCIATIONS, MUTUAL SAVINGS BANKS, CREDIT UNIONS»
THE EXPORT-IMPORT BANK, AND FEDERALLY SPONSORED LENDING AGENCIES).
NOTE: HISTORICAL DATA FOR THE PERIOD 1970 THROUGH JUNE 1977 HAVE BEEN ESTIMATED; THESE
ESTIMATES ARE BASED IN PART ON THE DEBITS SERIES FOR 233 SMSA*S, WHICH WERE AVAILABLE THROUGH
JUNE 1977. 3ACK DATA ARE AVAILABLE FROM PUBLICATIONS SERVICES, JIVISION OF ADMINISTRATIVE
@ SERVICES, BOARD OF GOVERNORS OF THE FEDERAL RESERVE SYSTEM, WASHINGTON, 0.C. 20551. DEBITS
AND TURNOVER DATA FOR SAVINGS DEPOSITS ARE NOT AVAILABLE PRIOR TO JULY 1LYTT.",87.95
1,1970s/1979-10-12_491133_October_12_1979.pdf,1979-10-12,1,other_non_table_material,"-) 1/ REPRESENTS ACCOUNTS OF INDIVIDUALS, PARTNERSHIPS, AND CORPORATIONS AND OF STATES ANO
POLITICAL SUBDIVISIONS.
2/ EXCLUDES NOW ACCOUNTS AND SPECIAL CLUB ACCOUNTS, SUCH AS CHRISTMAS AND VACATION CLUBS.
3/ REPRESENTS CORPORATIONS AND OTHER PROFIT-SEEKING ORGANIZATIONS (EXCLUDING COMMERCIAL
BANKS BUT INCLUDING SAVINGS AND LOAN ASSOCIATIONS, MUTUAL SAVINGS BANKS, CREDIT UNIONS,
THE EXPORT-IMPORT BANK, AND FEDERALLY SPONSORED LENDING AGENCIES).
NOTE: HISTORICAL DATA FOR THE PERIOD 1970 THROUGH JUNE 1977 HAVE BEEN ESTIMATED; THESE
ESTIMATES ARE BASED IN PART ON THE DEBITS SERIES FOR 233 SMSA*S, WHICH WERE AVAILABLE THROUGH
JUNE 1977. BACK DATA ARE AVAILABLE FROM PUBLICATIONS SERVICES, DIVISION OF AOMINISTRATIVE
“J SERVICES, BOARD OF GOVERNORS OF THE FEDERAL RESERVE SYSTEM, WASHINGTON, 0.C. 20551. ODEBITS",89.81
1,1970s/1979-11-15_491134_November_15_1979.pdf,1979-11-15,1,other_non_table_material,"1/ REPRESENTS ACCOUNTS OF INDIVIDUALS, PARTNERSHIPS, ANO CORPORATIONS ANDO OF STATES ANO
POLITICAL SUBDIVISIONS.
2/ EXCLUDES NOw ACCOUNTS AND SPECIAL CLUB ACCOUNTS, SUCH AS CHRISTMAS ANO VACATION CLUBS.
@ 3/ REPRESENTS CORPORATIONS AND OTHER PROFIT-SEEKING ORGANIZATIONS (EXCLUDING COMMERCIAL
| THE EXPORT-IMPORT BANK, AND FEDERALLY SPONSORED LENDING AGENCIES).
BANKS BUT INCLUDING SAVINGS AND LOAN ASSOCIATIONS, MUTUAL SAVINGS BANKS, CREDIT UNIONS,
NOTE: HISTORICAL DATA FOR THE PERIOD 1970 THROUGH JUNE 1977 HAVE BEEN ESTIMATED; THESE
| ESTIMATES ARE BASED IN PART ON THE DEBITS SERIES FOR 233 SMSA*S, WHICH WERE AVAILABLE THROUGH
JUNE 1977. BACK DATA ARE AVAILABLE FROM PUBLICATIONS SERVICES, DIVISION OF ADMINISTRATIVE
SERVICES, BOARD OF GOVERNORS OF THE FEDERAL RESERVE SYSTEM, WASHINGTON, D.C. 20551. ODEBITS
AND TURNOVER DATA FOR SAVINGS DEPOSITS ARE NOT AVAILABLE PRIOR TO JULY 1977.
igitized for FRASER",89.22
1,1970s/1979-12-26_491135_December_26_1979.pdf,1979-12-26,1,other_non_table_material,"r ) 1/ REPRESENTS ACCOUNTS OF INDIVIDUALS, PARTNERSHIPS, AND CORPORATIONS AND OF STATES ANO
POLITICAL SUBDIVISIONS.
2/ EXCLUDES NOW ACCOUNTS AND SPECIAL CLUB ACCOUNTS, SUCH AS CHRISTMAS AND VACATION CLUBS.
3/ REPRESENTS CORPORATIONS AND OTHER PROFIT-SEEKING ORGANIZATIONS (EXCLUDING COMMERCIAL
BANKS BUT INCLUDING SAVINGS AND LOAN ASSOCIATIONS, MUTUAL SAVINGS BANKS, CREDIT UNIONS,
THE EXPORT-IMPORT BANK, ANO FEDERALLY SPONSORED LENDING AGENCIES).
NOTE: HISTORICAL DATA FOR THE PERIOD 1970 THROUGH JUNE 1977 HAVE BEEN ESTIMATED; THESE
ESTIMATES ARE BASED IN PART ON THE DEBITS SERIES FUR 233 SMSA*S, WHICH WERE AVAILABLE THROUGH
JUNE 1977. BACK DATA ARE AVAILABLE FROM PUBLICATIONS SERVICES, DIVISION OF ADMINISTRATIVE
r ) SERVICES» BOARD OF GOVERNORS OF THE FEDERAL RESERVE SYSTEM, WASHINGTON, 0.C. 20551. O€BITS
AND TURNOVER DATA FOR SAVINGS DEPOSITS ARE NOT AVAILABLE PRIOR TO JULY 1977.
igitized for FRASER",90.01
1,1980s/1980-01-14_491136_January_14_1980.pdf,1980-01-14,1,other_non_table_material,"e 1/ REPRESENTS ACCOUNTS OF INDIVIDUALS, PARTNERSHIPS, AND CORPORATIONS ANDO OF STATES AND
POLITICAL SUBDIVISIONS.
2/ EXCLUDES NOW ACCOUNTS AND SPECIAL CLUB ACCOUNTS, SUCH AS CHRISTMAS AND VACATION CLUBS.
3/ REPRESENTS CORPORATIONS AND OTHER PROFIT-SEEKING ORGANIZATIONS (EXCLUDING COMMERCIAL
BANKS BUT INCLUDING SAVINGS AND LOAN ASSOCIATIONS, MUTUAL SAVINGS BANKS, CREDIT UNIONS,
THE EXPORT-IMPORT BANK, AND FEDERALLY SPONSORED LENDING AGENCIES).
NOTE: HISTORICAL DATA FOR THE PERIOD 1970 THROUGH JUNE 1977 HAVE BEEN ESTIMATED; THESE
ESTIMATES ARE BASED IN PART ON THE DEBITS SERIES FOR 233 SMSA'S, WHICH WERE AVAILABLE THROUGH
JUNE 1977. BACK DATA ARE AVAILABLE FROM PUBLICATIONS SERVICES, DIVISION OF ADMINISTRATIVE
eS SERVICES, BOARD OF GOVERNORS OF THE FEDERAL RESERVE SYSTEM, WASHINGTON, 0-C. 20551. OEBITS
Pp T .",86.98
1,1980s/1980-03-11_491137_March_11_1980.pdf,1980-03-11,1,revision_notice,"1/ REPRESENTS ACCOUNTS OF INDIVIDUALS, PARTNERSHIPS, AND CORPORATIONS AND OF STATES AND
POLITICAL SUBDIVISIONS,
2/ EXCLUDES NOW ACCOUNTS AND SPECIAL CLUB ACCOUNTS, SUCH AS CHRISTMAS AND VACATION CLUBS,
3/ REPRESENTS CORPORATIONS AND OTHER PROFIT-SEEKING ORGANIZATIONS (EXCLUDING COMMERCIAL
2 BANKS BUT INCLUDING SAVINGS AND LOAN ASSOCIATIONS, MUTUAL SAVINGS BANKS, CREDIT UNIONS,
THE EXPORT-IMPORT BANK, AND FEDERALLY SPONSORED LENDING AGENCIES),
NOTE: HISTORICAL DATA FOR THE PERIOD 1970 THROUGH JUNE 1977 HAVE BEEN ESTIMATED: THESE
ESTIMATES ARE BASED IN PART ON THE DEBITS SERIES FOR 233 SMSA'S, WHICH ARE AVAILABLE THROUGH
JUNE 1977, BACK DATA ARE AVAILABLE FROM PUBLICATIONS SERVICES, DIVISION OF ADMINISTRATIVE
SERVICES, BOARD OF GOVERNORS OF THE FEDERAL RESERVE SYSTEM, WASHINGTON D.C, 20551. DEBITS
AND TURNOVER DATA FOR SAVINGS DEPOSITS ARE NOT AVAILABLE PRIOR TO JULY 1977.
BEGINNING WITH OCTOBER 1978, DATA HAVE BEEN REVISED TO TAKE ACCOUNT OF CALI. REPORT BENCHMARKS
> AS OF DECEMBER 31, 1978 AND MARCH 31, 1979,
igitized for FRASER",91.9
1,1980s/1980-04-02_491138_April_2_1980.pdf,1980-04-02,1,other_non_table_material,"1/ REPRESENTS ACCOUNTS OF INDIVIDUALS, PARTNERSHIPS, AND CORPORATIONS AND OF STATES AND
POLITICAL SUBDIVISIONS.
2/ EXCLUDES NOW ACCOUNTS AND SPECIAL CLUB ACCOUNTS, SUCH AS CHRISTMAS AND VACATION CLUBS.
3/ REPRESENTS CORPORATIONS AND OTHER PROPIT-SEEKING ORGANIZATIONS (EXCLUDING COMMERCIAL
BANKS BUT INCLUDING SAVINGS AND LOAN ASSOCIATIONS, MUTUAL SAVINGS BANKS, CREDIT UNIONS,
THE EXPORT-IMPORT BANK, AND FEDERALLY SPONSORED LENDING AGENCIES).
NOTE: HISTORICAL DATA FOR THE PERIOD 1970 THROUGH JUNE 1977 HAVE BEEN ESTIMATED; THESE
ESTIMATES ARE BASED IN PART ON TRE DEBITS SERIES POR 233 SMSA'S, WHICH WERE AVAILABLE THROUGH
JUNE 1977. BACK DATA ARE AVAILABLE PROM PUBLICATIONS SERVICES, DIVISION OF ADMINISTRATIVE
SERVICES, BOARD OF GOVERNORS OF THE PEDERAL RESERVE SYSTEM, WASHINGTON, D.C. 20551. DEBITS
Digitized",92.18
1,1980s/1980-05-01_491139_May_1_1980.pdf,1980-05-01,1,other_non_table_material,"1/ REPRESENTS ACCOUNTS OF INDIVIDUALS, PARTNERSHIPS, AND CORPORATIONS AND OF STATES AND
POLITICAL SUBDIVISIONS.
2/ EXCLUDES NOW ACCOUNTS AND SPECIAL CLUB ACCOUNTS, SUCH AS CHRISTMAS AND VACATION CLUBS.
e 3/ REPRESENTS CORPORATIONS AND OTHER PROPIT-SEEKING ORGANIZATIONS (EXCLUDING COMMERCIAL
BANKS BUT INCLUDING SAVINGS AND LOAN ASSOCIATIONS, MUTUAL SAVINGS BANKS, CREDIT UNIONS,
THE EXPORT-IMPORT BANK, AND FEDERALLY SPONSORED LENDING AGENCIES).
NOTE: HISTORICAL DATA POR THE PERIOD 1970 THROUGH JUNE 1977 HAVE BEEN ESTIMATED; THESE
ESTIMATES ARE BASED IN PART ON THE DEBITS SERIES POR 233 SMSA'S, WHICH WERE AVAILABLE THROUGH
JUNE 1977. BACK DATA ARE AVAILABLE PROM PUBLICATIONS SERVICES, DIVISION OP ADMINISTRATIVE
SERVICES, BOARD OP GOVERNORS OP THE FEDERAL RESERVE SYSTEM, WASHINGTON, D.C. 20551. DEBITS
AND TURNOVER DATA POR SAVINGS DEPOSITS ARE NOT AVAILABLE PRIOR TO JOLY 1977.",91.58
1,1980s/1980-05-12_491140_May_12_1980.pdf,1980-05-12,1,other_non_table_material,"1/ REPRESENTS ACCOUNTS OP INDIVIDUALS, PARTNERSHIPS, AND CORPORATIONS AND OF STATES AND
e POLITICAL SUBDIVISIONS.
2/ EXCLUDES NOW ACCOUNTS AND SPECIAL CLUB ACCOUNTS, SUCH AS CHRISTMAS AND VACATION CLUBS.
3/ REPRESENTS CORPORATIONS AND OTHER PROPIT-SEEKING ORGANIZATIONS (EXCLUDING COMMERCIAL
BANKS BUT INCLUDING SAVINGS AND LOAN ASSOCIATIONS, MUTUAL SAVINGS BANKS, CREDIT UNIONS,
THE EXPORT-IMPORT BANK, AND FEDERALLY SPONSORED LENDING AGENCIES).
NOTE: HISTORICAL DATA FOR THE PERIOD 1970 THROUGH JUNE 1977 HAVE BEEN ESTIMATED; THESE
ESTIMATES ARE BASED IN PART ON THE DEBITS SERIES FOR 233 SMSA‘'S, WHICH WERE AVAILABLE THROUGH
JUNE 1977. BACK DATA ARE AVAILABLE PROM PUBLICATIONS SERVICES, DIVISION OF ADMINISTRATIVE
SERVICES, BOARD OF GOVERNORS OF THE FEDERAL RESERVE SYSTEMS, WASHINGTON, D.C. 20551. DEBITS
e AND TURNOVER DATA FOR SAVINGS DEPOSITS ARE NOT AVAILABL® PRIOR TO JULY 1977.
for FRASER",93.45
1,1980s/1980-06-09_491141_June_9_1980.pdf,1980-06-09,1,other_non_table_material,"1/ REPRESENTS ACCOUNTS OP INDIVIDUALS, PARTNERSHIPS, AND CORPORATIONS AND OF STATES AND
POLITICAL SUBDIVISIONS.
2/ EXCLUDES NOW ACCOUNTS AND SPECIAL CLUB ACCOUNTS, SUCH AS CHRISTMAS AND VACATION CLUBS.
3/ REPRESENTS CORPORATIONS AND OTHER PROFIT-SEEKING ORGANIZATIONS (E2XCLUDING COMMERCIAL
BANKS BUT INCLUDING SAVINGS AND LOAN ASSOCIATIONS, MUTUAL SAVINGS BANKS, CREDIT UNIONS,
e THE EXPORT-INPORT BANK, AND PEDERALLY SPONSORED LENDING AGENCIES) ~
NOTE: HISTORICAL DATA FOR THE PERIOD 1970 THROUGH JUNE 1977 HAVE BEEN ESTIMATED; THESE
ESTIMATES ARE BASED IN PART ON THE DEBITS SERIES FOR 233 SMSA‘S, WHICH WERE AVAILABLE THROUGH
JONE 1977. BACK DATA ARE AVAILABLE FROM PUBLICATIONS SERVICES, DIVISION OP ADMINISTRATIVE
SERVICES, BOARD OP GOVERNORS OF THE FEDERAL RESERVE SYSTEM, WASHINGTON, D.C. 20551. DEBITS
AND TURNOVER DATA FOR SAVINGS DEPOSITS ARE NOT AVAILABLE PRIOR TO JULY 1977.
for FRASER",91.02
1,1980s/1980-07-09_491142_July_9_1980.pdf,1980-07-09,1,other_non_table_material,"J/ REPRESENTS ACCOUNTS OF INDIVIDUALS, PARTNERSHIPS, AND CORPORATIONS AND OF STATES AND
@ POLITICAL SUBDIVISIONS.
2/ EXCLUDES NOW ACCOUNTS AND SPECIAL CLUB ACCOUNTS, SUCH AS CHRISTMAS AND VACATION CLUBS.
3/ REPRESENTS CORPORATICNS AND OTNER OROFIT-SEEKING ORGANIZATIONS (EXCLUDING COMMERCIAL
BANKS BUT 1NCLUDING SAVINGS AND LOAN ASSOCIATIONS, MUTUAL SAVINGS BANKS, CREDIT UNIONS,
THE EXPORT-ZMPORT BANK, AND FEDERALLY SPONSORED LENDING AGENCIES).
NOTE: HISTORICAL DATA POR THE PERIOD 1970 THROUGH JUNE 1977 HAVE BEEN 2STIMATED; THESE
ESTIMATES ARE BASED IN PART CN THE DEBITS SFRIRS POR 233 SMSA'S, WHICH RERE AVAILABLE THROUGY
JUJNE 1977. BACK DATA ARE AVAILABLE FROM PUBLICATIONS SERVICES, DIVISION OF ADMINISTRATIVE
SEPVICES, BOARD CF GOVERNORS OF THE PEDERAL RESERV® SYSTEM, WASHINGTCN, D.C. 20551. DEBITS
e AND TURNOVER DATA FOR SAVINGS DEPOSITS ANS NOT AVAILARLP PPTNR TO JULY 1977.",85.71
2,1980s/1980-08-14_491143_August_14_1980.pdf,1980-08-14,1,revision_notice,"a a a a Bo 5 a oe a = a ae an On Be sw a Bn nn a Be rennet
J/ REPRESENTS ACCOOWTS OP INDIVIDUALS, PARTNERSHIPS, AND CORPORATIONS AND OP STATES AWD
POLITICAL SUBDIVISIONS.
2/7 P8XCLIDES SPECIAL CLUB ACCOUNTS, SCCR AS CARISTMAS ANDO VACATION CLUBS.
3/ ACCOUNTS ACTHORIZED POR NEGOTIABLE ORDERS OP WITHDRAWL (FOR) AND ACCOONTS AUTHORIZED
POR AUTOMATIC TRANSPER TO DEMAND DEPOSITS {ATS).
&/ REPRESENTS CORPORATIONS AND OTHER PROFIT-SSEKING ORGANIZATIONS (2XCLUDING COMS®RCIAL
e@ BANKS BOT INCLUDING SAVINGS AND LOAN ASSOCIATIONS, MUTUAL SAVINGS BAWKS, CREDIT ONIONS,
THE BXPORT-IMPORT BANK, AND PEDERALLY SPOWSORED LENDING AGENCIES).
S/ SAVINGS ACCOUNTS OTRER THAN ATS, NOW, AND BUSINESS.
ROT: HISTORICAL DATA POR TRE PERIOD 1970 THRONGH JOME 1977 RAVE BEEN PSTIMATED; THESE
PSTIMATES AR® BASED IN PAPT ON THE DEBITS SERT2S POR 233 SMSA'S, WHICH BERE AVATLABLE THROUGA
SINF WITT, SAC® DATA ARE AVAILABLE PROM PUBLICATIONS SPRVICES, DIVISION OF ADMINISTRATIVE
SERVICES, 30ARD OP GOVERNORS OP THE PROZRAL RESERVE SYSTEM, WASHINGTON, D.C. 20551. DEBITS
AND TORNOVER DATA POR SAVINGS DEPOSITS APE NOT AVAILABLE PRIOR TO JOLY 1977.
BEGINNING WITH APRIL 1979, DATA HAVE BEEN REVISED TO TAKE ACCOUNT OF CALL REPORT BENCHMARKS AS OF JUNE 30, 1979,
e SEPTEMBER 30, 1979, AND DECEMBER 31, 1979. FOR BACK DATA SEE REVERSE SIDE.
for FRASER",75.53
2,1980s/1980-08-14_491143_August_14_1980.pdf,1980-08-14,2,footnotes,"Orn w nnn nnn nn nnn = Ore nn wn nn oe = 3 = 8 ~~ - 0 + 2 5 oe 5 0+ oe 3 eee eo
1/ REPRESENTS ACCOUNTS OP INDIVIDUALS, PARTNERSHIPS, AND CORPORATIONS AND OP STATES ARD
POLITICAL SUBDIVISIONS.
2/ BXCLODES SPECIAL CLUB ACCOUNTS, SUCH AS CHRISTMAS AND VACATION CLUBS.
3/ ACCOUNTS AUTHORIZED POR NEGOTIABLE ORDERS OF WITADFAWL (NOW) AND ACCOUNTS AUTHORIZED
POR AUTOMATIC TRANSPER TO DEMAND DEPOSITS (ATS).
8/ PEPRESPUTS CORPORATIONS AND OTHER PROFIT-SEEKING ORGANTZATIO""S (EXCLUDING COMMERCIAL
BANKS BOT INCLODING SAVINGS AND LOAN ASSOCIATIONS, MOTOAL SAVINGS SANKS, CREDIT PNIONS,
THE EXPORT-INPORT BANK, AND PEDERALLY SPONSORED LENDING AGPECI®S). @
S/ SAVINGS ACCOUNTS OTHER TRAM ATS, NOW, ASD BUSINPSS.
WOTE: HISTORICAL DATA POR THE PERIOD 1970 THROUGH JNNE 1977 HAVE 32EN PSTIMATEO; THESE
ESTIMATES ARE BASED IW PART ON THE DEBITS SERIRS POR 233 SMSA'S, WHICH WERE AVAILABLE THROUGR
JUNE 1977. BACK DATA ARE AVAILABLE PROM PUBLICATIONS SERVIC""S, DIVISTON OP ADMINISTRATIVE
SERVICES, BOARD OP GOVERNORS OF THE PEDERAL PESERV? SYSTEM, WASHINGTON, D.C. 29551. nesits
AND TORMOVER DATA POR SAVINGS DEPOSITS APE NCT AVAILABLE PFIOR IO JNLY 1977.
for FRASER",75.06
2,1980s/1980-08-18_491144_August_18_1980_Corrected_copy.pdf,1980-08-18,2,footnotes,"o-oo 8 a oon 8 5 8 a Bn ee nr a Bn nn nn rn nn On enn nn enn nn
1/ REPRESEWTS ACCOUSTS OF INDIVIDUALS, PARTNERSHIPS, AND CORPORATIONS AND OP STATES AND
POLITICAL SUBDIVISIONS.
2/ 8XCLODES SPECIAL CLUB ACCOUNTS, SUCH AS CHRISTMAS AND VACATION CLUBS.
3/ ACCOUNTS AUTHORIZED POR NEGOTIABLE ORDERS OP WITHDRAWL (NOW) AND ACCOUNTS AUTHORIZED
POR AUTOMATIC TRANSPER TO DEMAND DEPOSITS (ATS).
4/ REPRESENTS CORPORATIONS AND OTHER PROPIT-SEERING ORGANIZATIONS (BXCLUDING COMMERCIAL
BANKS BUT INCLUDING SAVINGS AND LOAN ASSOCIATIONS, MUTUAL SAVINGS BANKS, CREDIT UNIONS,
THE EXPORT-IBPORT BAWK, AND FEDERALLY SPONSORED LENDING AGENCIES) .
5/ SAVINGS. ACCOURTS OTHER THAN ATS, WOW, AWD BUSINESS. r
NOTE: RISTORICAL DATA FOR THE PERIOD 1970 THROUGR JUNE 1977 HAVE BEEN BSTIAATED; THESE
PSTISATES ARE BASED’ IW PART ON THE DEBITS SERIES POR 233 SMSA°S, WHICH WERE AVAILABLE THROUGH
JUNE 1977. BACK DATA ARE AVAILABLE PROM PUBLICATIONS SERVICES, DIVISION OF ADAIBISTRATIVE
SERVICES, BOARD OF GOVERWORS OP THE PEDERAL RESERVE SYSTEM, WASHINGTON, D.C. 20551. DEBITS
AND TURNOVER DATA POR SAVINGS DEPOSITS ARE NOT AVAILABLE PRIOR TO JULY 1977.
e
for FRASER",76.29
2,1980s/1980-09-10_491145_September_10_1980.pdf,1980-09-10,1,other_non_table_material,"Y/ REPRESSNTS ACCOUNTS OF INDIVIDUALS, PARTNERSHIPS, AND CCRPCRATIONS AND OP STATFS AND POLITICAL SOBNIVISIONS.
2/ EXCLUDES SPECIAL CLUE ACCOUNTS, SUCH AS CHRISTMAS AND VACATION CLUBS.
@ 3/ ACCOUNTS AUTHORIZED FOR NEGOTIABLF ORDERS CF WITHDRAWL (NOW) AND ACCOUNTS AUTHORIZED POR ATJTCMATIC TRANSFER TO
DEMAND DEPOSITS (ATS). ATS DATA AVAILABILITY STARIS WITH DECEMBER 1978,
U/ REPRESENTS CORPORATIONS AND CTHER PROFIT-SEEKING ORGANIZATIONS (EXCLUDING COMMERCIAL BANKS BUT INCLUDING SAVINGS AND
LOAN ASSOCIATIONS, MUTOAL SAVINGS SANKS, CREDIT ONIONS, THE EXPORT-IMPORT BANK, AND FEDERALLY SPONSORED LENDING
AGENCIES).
S5/ SAVINGS ACCOUNTS OTHER THAN NOW; BUSINESS; AND, PROM DECEMBER 1978, ATS.
MOTE: HISTORICAL DATA POR THE PERIOD 1970 THROUGH JUNE 1977 HAVE BEEN ESTIMATED; THESE ESTIMATES ARB BASED IN PART ON
THE DEBITS SERIES FOR 233 SMSA‘*S, WHICH WERE AVAILABLE THROUGH JUNE 1977. BACK DATA ARP AVAILABLE FPOM
PUBLICATIONS SERVICES, DIVISION OF ADMINISTRATIVE SERVICES, BOARD OP GOVERNORS OP THE FEDERAL RZSERVE SYSTES,
e WASHINGTON, D.C. 20551. DEBITS AND TURNOVER CATA FOR SAVINGS DEPOSITS ARE NOT AVAILABLE PRIOR TO JULY 1977,",79.01
2,1980s/1980-10-09_491146_October_9_1980.pdf,1980-10-09,1,other_non_table_material,"df REPRESENTS ACCOUNTS OF INDIVIDUALS, PARTNERSHI2®S, AND CORPORATIONS AND OP STATES AND POLITICAL SUBDIVISIONS.
2/ FEXCLUODRS SPRPCIAL CLUB ACCOUNTS, SUCH AS CHRISTMAS AND VACATION CLUBS.
3/ = ACCONNTS ANTHORIZED FOR NEGOTIABLE ORDERS OF WITHDRAWL {NOW) AND ACCOUNTS AUTKORIZED PCR AUTCMATIC TRANSFER TO
r DEMAND DEPOSITS (ATS). ATS DATA AVAILABILITY STARTS WITH DECEMBER 1978.
Us PEPRESENTS CORPORATIONS AND OTNER PROFIT-SEEFKING ORGANIZATIONS (EXCLIDING COMMERCIAL BANKS BUT INCLUDING SAVINGS AND
LOAN ASSOCIATIONS, MUTUAL SAVINGS BANKS, CREDIT UNIONS, THE EXPORT-IMPORT BANK, AND FRDFFALLY SPONSORED LENDING
AG2NCTES).
5/ SAVINGS ACCOUNTS OTHER THAN NOW; BUSINESS; AND, FROM DECEMBER 1978, ATS.
NOTE: HISTORICAL DATA FOR THE PFRIOD 1970 THPOUGH JUNP 1977 HAVE BEEN ESTINATED; THESE ESTIMATES ARE BASED IN PART ON
TPR DEBITS SERIES FOR 233 SMSA‘S, WHICH WERE AVATLABLE THROUGH JUNE 1977. BACK DATA ARE AVAILABLE FROM
PUBLICATIONS SPRVICES, DIVISICN OF ADMINISTRATIVE S®RVICES, BOARD OP GOVERNORS OP THE FEDPRAL R®SERVE SYSTEM,
WASHINGTON, D.C. 20551. DPBITS AND TURNOVER DATA FOR SAVINGS DEPOSITS ARE NOT AVATLABLE PRIOP TO JULY 1977.
for FRASER",80.07
2,1980s/1980-11-10_491147_November_10_1980.pdf,1980-11-10,1,other_non_table_material,"J/ REPRESENTS ACCOUNTS OP INDIVIDUALS, PARTNERSHIPS, AND CORPORATIONS AND OF STATES AND POLITICAL SUBDIVISIONS.
2/ PXCLUDES SPECIAL CLUB ACCOUNTS, SUCH AS CHRISTMAS AND VACATION CLUBS.
r ) 3/ ACCOUNTS AUTHORIZED POR NEGOTIABLE ORDERS OF WITHDRAWL (NOW) AND ACCOUNTS AUTHORIZED FOR AUTOMATIC TRANSFER TO
CEMAND CEPOSITS (ATS). ATS DATA AVAILABILITY STARTS WITH DECEMBER 1978.
4/ REPRESENTS CORPORATIONS AND CTHER PROFIT-SEEKING ORGANIZATIONS (2XCLUDING COMMERCIAL BANKS BUT INCLUDING SAVINGS ANC
LOAN ASSOCIATIONS, MUTUAL SAVINGS BANKS, CRECIT UNIONS, THE EXPORT-IMFORT BANK, AND FEDERALLY SPONSORED LENDING
AGENCIES).
5/ SAVINGS ACCOUNTS OTHER THAN NCW; BUSINESS; ANC, FROM DECEMBER 1978, AIS.
NOTE: HISTORICAL DATA FOR THE PERIOD 1970 THROUGH JUNE 1977 HAVE BEEN ESTIMATED; THESE ESTIMATES ARE BASED IN PART ON
THE DEBIIS SERIES FOR 233 SMSA'S, WHICH WERE AVAILABLE TIIROUGH JUNE 1977. BACK DATA ARE AVAILABLE PRC
PUBLICATIONS SERVICES, DIVISION OF ADMINISTRATIVE SERVICES, BOARD OF GOVERNORS OF THE FEDERAL RESERVE SYSTEM,
e WASHINGTCN, D.C. 20551. DEBITS AND TURNOVER DATA FOR SAVINGS DPPOSITS ARE NOT AVAILABLE PRIOR TO JULY 1977.
Jigitized for FRASER",88.25
2,1980s/1980-12-10_491148_December_10_1980.pdf,1980-12-10,1,other_non_table_material,"1/ REPRESENTS ACCOUNTS OP INDIVIDUALS, PARTNERSHIPS, AND CORPORATIONS AND OF STATES AND POLITICAL SUBDIVISIONS.
e 2/ EXCLUDES SPECIAL CLUB ACCOUNTS, SUCH AS CHRISTMAS AND VACATION CLUBS.
3/ ACCOUNTS AUTHORIZED FOR NEGOTIABLE ORDERS OF WITHDRAWL (NOW) AND ACCOUNTS AUTHORIZED FOR AUTCMATIC TRANSFER 10
DEMAND DEPOSITS (ATS). ATS DATA AVAILABILITY STARTS WITH DECEMBER 1978.
4/ REPRESENTS CORPORATIONS AND OTHER PROFIT-SEEKING ORGANIZATIONS (EXCLUDING COMMERCIAL BANKS BUT INCLUDING SAVINGS AND
LOAW ASSOCIATIONS, MUTUAL SAVINGS BANKS, CREDIT UNIONS, THE EXPORT-IMPORT BANK, AND FEDERALLY SPONSORED LENDING
AGENCIES).
5/ SAVINGS ACCOUNTS OTHER THAN NOW; BUSINESS; AND, FROM DECEMBER 1978, ATS.
NOTE: HYSTORICAL DATA FOR THE PERIOD 1970 THROUGH JUNE 1977 HAVE BREN ESTIMATED; THESE ESTIMATES ARE BASED IN PART ON
THE DEBITS SERIES FOR 233 SMSA'S, WHICH WERE AVAILABLE THROUGH JUNE 1977. BACK DATA ARE AVAILABLE FROM
r PUBLICATIONS SERVICES, DIVISION OF ADMINISTRATIVE SERVICES, BOARD OF GOVERNORS OP THE FEDERAL RESERVE SYSTEM,
WASHINGTON, D.C. 20551. DEBITS AND TURNOVER DATA POR SAVINGS DEPOSITS ARE NOT AVAILABLE PRIOR TO JULY 1977.
for FRASER",92.57
2,1980s/1981-03-26_491151_March_26_1981.pdf,1981-03-26,1,other_non_table_material,"Y/ REPRESENTS ACCOUNTS OF INDIVIDUALS, PARTHERSAIPS, AND CORPORATIONS AND OF STATES AND POLITICAL SUBDIVISIONS.
2/ BXCLODES SPBCIAL CLUB ACCOUNTS, SUCH AS CHRISTMAS AND VACATION CLUBS.
3/ ACCOUNTS AUTHORIZED FOR HEGOTIABLE ORDERS OP WITHDRAWL (NOB) ABD ACCOUNTS AUTHORIZED FOR AUTOMATIC TRANSPER TO
DEMAND DEPOSITS (ATS). ATS DATA AVAILABILITY STARTS WITH DECEMBER 1978.
@ Q/ REPRESENTS CORPORATIONS AWD OTHER PROPIT-SBEKING ORGANIZATIONS (EXCLUDING COMMERCIAL BANKS BOT INCLUDING SAVINGS AND
LOAN ASSOCIATIONS, MUTUAL SAVINGS BAWKS, CREDIT UNIONS, THE EBXPORT-IMPORT BANK, AMD FEDERALLY SPONSORED LENDING
AGENCIES).
5/ SAVINGS ACCOUNTS OTHER THAN NOW; BUSINESS; AND, PROM DECEMBER 1978, ATS.
MOTB: HISTORICAL DATA POR THE PERIOD 1970 THROUGR JUNE 1977 HAVE BEEBW ESTIMATED; THESE ESTIMATES ABE BASED IN PART OW
THE DEBITS SERIES POR 233 SMSA‘S, WHICH WERE AVAILABLE THROUGH JUNE 1977. BACK DATA ARE AVAILABLE PROA
PUBLICATIONS SERVICES, DIVISION OF ADMINISTRATIVE SERVICES, BOARD OP GOVERWORS OP THE FEDERAL RESERVE SYSTEA,
WASHINGTON, D.C. 20551. DEBITS AND TURWOVER DATA POR SAVINGS DEPOSITS ARE BOT AVAILABLE PRIOR TO JULY 1977.
for FRASER",75.67
2,1980s/1981-04-07_491152_April_7_1981.pdf,1981-04-07,1,footnotes,"1/ REPRESENTS ACCOUNTS OF INDIVIDUALS, PARTHERSAIPS, AED COPPORATIORS AMD OF STATES +3 POLITICAL SUBDIVISIONS.
| 27 EXCLUDES SPECIAL CLUB ACCOUNTS, SOCH AS CHRISTHAS AND VACATION Ct0BS.
37 ACCOUNTS AUTHORIZED POR WECOTIABLE ORDERS OF WITEDRABL (ROS) AND ACCOUNTS ADYHORL2ED run /JTORATIC TRABSPER TO
DESAWD DEPOSITS (ATS). ATS DATA AVAILABILITY STARTS CITA DECEMBER 1978.
4/ REPRESENTS CORPORATIONS AND OTRER PROPIT-SEEKING ORGANIZATIONS (RECLODTWG CORMERCIA: OAWRS BOT IWCLODIBG SAVIECS AND
@ LOAB ASSOCIATIONS, BOTOAL SAVINGS BAUKS, CREDIT ONIONS, THE BXPORT-IAPORT BAK, AWD PROBFALLY SPONSORED LESDING .
AGENCIES) « .
S/ SAVINGS ACCOUNTS OFRER THAW NOW: BUSIUESS; ABD, PRON DECRABER 1975, ATS.
NOPE: BISTORICAL DATA POR TRE PERIOD 1970 THROUGH JOME 1977 MAVE DESH FSTIAATED; TRESS PSTIMATES ARE BASED IH PART ON
{RE DEBITS SERIES POR 233 SSSA°S, ATCT CERE AVAILABLE TAROUGA JONZ 1977. BACK DATA ARE AVAILABLF PROB
PUBLICATIOBS SERVICES, DIVISION OF ADAIWISTRATIVE SERVICES, SOARD OP GOVERNORS CP TRE PEDEEAL SESEPYE STSTRS,
SASHINGTON, D.C. 20551. DEBITS AWD TORBOVER DATA POR SAVINGS DEPOSITS ARE HOT AVATLARLE PRIOR 70 JOLY 1977.
i .",59.41
2,1980s/1981-05-12_491153_May_12_1981.pdf,1981-05-12,1,other_non_table_material,"Y/ REPRESENTS ACCOUNTS OF INDIVIDUALS, PARTNERSHIPS, AWD CORPORATIONS AND OF STATES AND POLITICAL SUBDIVISIONS.
2/ BXCLUDES SPBCIAL CLUB ACCOUNTS, SUCH AS CHRISTMAS AND VACATION CLUBS.",82.49
2,1980s/1981-06-08_491154_June_8_1981.pdf,1981-06-08,1,other_non_table_material,"1/ REPRESEETS ACCOUNTS OF INDIVIDUALS, PARTNERSHIPS, AND CORPORATIONS AWD OF STATES AWD POLITICAL SUBDIVISIONS.
e@ 2/ =BICLODES SPECIAL CLOB ACCOUNTS, SUCH AS CHRISTHAS AWD VACATION CLUBS.
2/ ACCOUNTS AUTHORIZED FOR BRGOTIABLE ORDERS OP WITHDRAWL (HOW) AUD ACCOUNTS AUTHORIZED POR AUTOSATIC TRAMSPER TO
DEBSAND DBPOSITS (ATS). ATS DATA AVAILABILITY STARTS ITH DECBGBEP 1978.
&/ REPRESESTS CORPORATIONS AND OTHER PROPIT-SEEKING ORGABIZATIONS (BIYCLODING COBMERCIAL BANKS BUT IWCLODING SAVINGS AND
LOAN ASSOCIATIONS, SUTUAL SAVINGS BANKS, CREDIT ONIONS, THE BXPORT-ISPORT BABK, AND PEDERALLY SPONSORED LEUDING
AGBBCIBS).
S/ SAVINGS ACCOUBTS OTHER THAN HOW; BUSINESS; AND, PROH DECBABER 1978, ATS.
WOTE: HISTORICAL DATA POR THE PERIOD 1970 THROUGH JONE 1977 SAVE BEES BSTISATED; THESE ESTISATES Ack BASED IN PART OF
THE DEBITS SERIES FOR 233 SAHSA‘'S, WHICH WERE AVAILABLE THROUGH JOWE 1977. BACK DATA ARE AVAILABLE PROS
PUBLICATIONS SBRVICES, DIVISION OF ADMINISTRATIVE SERVICES, BOARD OF GOVERBORS OF THE FEDERAL RESERVE SYSTRA,
@ WASHINGTON, D.C. 20551. DEBITS ABD TURNOVER DATA FOR SAVIUGS DEPOSITS ARB BOT AVAILABLE PRIOR TO JOLY 1977.
igitized for FRASER",73.04
2,1980s/1981-07-13_491155_July_13_1981.pdf,1981-07-13,1,other_non_table_material,"1/ REPRESENTS ACCOUNTS OF INDIVIDUALS, PARTHERSHIPS, AWD CORPORATIONS AWD OP STATES AWD POLITICAL SUBDIVISIONS.
2/ BXCLUDES SPECIAL CLUB ACCOUNTS, SUCH AS CBHRISTSAS AND VACATION CLUBS.
@ 3/ ACCOUNTS AUTHORIZED FOR NEGOTIABLE ORDERS OP WITHDRAWL (NOW) AMD ACCOUNTS AUTHORIZED FOR AUTOMATIC TRANSFER TO
DEMAMD DEPOSITS (ATS). ATS DATA AVAILABILITY STARTS WITH DECEMBER 1978.
4/ REPRESENTS CORPORATIONS AWD OTHER PROPIT-SBEKING ORGANIZATIONS (EXCLUDING COMMERCIAL BANKS BUT INCLUDING SAVINGS AND
LOAM ASSOCIA1ZONS, MU1UAL SAVINGS BAWKS, CREDIT ONIONS, 1HZ EXPORT-IM@ORT BANK, AKD FEDERALLY SFONSORED LENDING
AGENCIES).
5/ SAVIUGS ACCOUNTS OTHER THAN NOW; BUSINESS; AND, PROM DECEMBER 1978, ATS.
HOTE: HISTORICAL BAIA POR IMZ PERIOD 1970 THROUGH JUNE 1977 MAVE BEEN ESTIMATED; THESE ESTIMATES ARZ BASED IN PART OW
TMB DEBITS SBRIES FOR 233 SSSA*S, WHICH MERZ AVAILABLE THROUGH JUWB 1977. BACK DATA ARE AVAILABLE PROM
PUBLICATIONS SERVICES, DIVISION OF ADMINISTRATIVE SERVICES, BOARD OF GOVERNORS OF IME FEDERAL RESERVE SYSTES,
® WASHINGTON, D.C. 20551. DEBITS AWL TURNOVER DATA POR SAVINGS DEPOSITS ARE NOT AVAJLABLE PRIOR TC JULY 1977.
Jigitized for FRASER",76.07
2,1980s/1981-08-13_491156_August_13_1981.pdf,1981-08-13,1,other_non_table_material,"@ 1/ REPRESENTS ACCOUNTS OF INDIVIDUALS, PARTNERSHIPS, AND CORPORATIONS AND OP STATES AND POLITICAL SUBDIVISIONS.
2/ BXCLUDES SPECIAL CLUB ACCOUNTS, SUCH AS CHRISTMAS AND VACATION CLUBS.
3/ ACCOUNTS AUTHORIZED FOR NEGOTIABLE ORDERS OP WITHDRAWL (NOW) AND ACCOUNTS AUTHORIZED POR AUTOMATIC TRANSFER TO
DEMAND DEPOSITS (ATS). ATS DATA AVAILABILITY STARTS WITH DECEMBER 1978.
S/ RBPRESEWTS CORPORATIONS AND OTHER PROPIT-SEEKING ORGAWIZATIONS (EXCLUDING COMMERCIAL BANKS BUT INCLUDING SAVINGS AND
LOAW ASSOCIATIONS, MUTUAL SAVINGS BANKS, CREDIT ONIONS, THE EXPORT-IMPORT BANK, AND PEDERALLY SPONSORED LENDING
AGENCIES) .
5/ SAVINGS ACCOUNTS OTHER THAN NOW; BUSINESS; AND, PROM DECEMBER 1978, ATS.
NOTE: HISTORICAL DATA POR THE PERIOD 1970 THROUGH JUNE 1977 HAVE BEEN ESTIMATED; THESE ESTIMATES ARE BASED IN PART OW
© THE DEBITS SERIES POR 233 SMSA‘'S, WHICH WERE AVAILABLE THROUGH JUNE 1977. BACK DATA ARE AVAILABLE PROM
igitized for FRASPRELICATIONS SERVICES, DIVISION OF ADMINISTRATIVE SERVICES, BOARD OP GOVERNORS OP THE PEDERAL RESERVE SYSTEA,",83.66
2,1980s/1981-09-15_491157_September_15_1981.pdf,1981-09-15,1,other_non_table_material,"Q/) REPRESENTS ACCOUNTS OP INDIVIDUALS, PABINERSHIPS, AND CORPORATIONS AND OF STAAES AND POLITICAL SUBDIVISIONS.
2/ EXCLUDES SPECIAL CLUB ACCOUNTS, SUCH AS CHRISTMAS AND VACA1ION CLUBS.
Bf ACCOUNYS AUTHORIZED FOR NEGOTIASLE ORDEBS OF WITHDRAWL (NOW) AND ACCOUNTS AUTHORIZED FOR AUTOMATIC TRANSFER TO
DEMAND DZPOSITS (ATS). ATS DATA AVAILABILITY STARIS WITH DECEMBER 1978.
e U/ ®WEFPRESENTS CJRPORATIONS AND OTHER PGOFIT-SEEKING ORGANIZATIONS (EXCLUDING COMMERCIAL BANKS GUT INCLUDING SAVINGS AND
~ LOAN ASSOCIATIONS, SUTUAL SAVINGS BANKS, CREDIT UNIONS, THE EXPORT-IMPORZ BANK, AND PEDERALLY SPCNSORED LENDING
AGENCIES) .
Sf SaVINGS ACCOUNTS OTHER THAN NOW; BUSINESS; AND, FROM DECEMBER 1978, ATS.
wOrE: HISTORICAL DATA FOR THE PERIOD 1970 THROUGH JUNE 1977 HAYE BEEN ESTIMATED; THESE ESTIMATFS ARE BASED IN P*RT CN
TRE DEBITS SERIES POR 233 SMSA'S, WHICH WERE AVAJIABLE THROUGH JONE 1977. BACK DATA BRE AVAILABLE FROM
PUBLICATIONS SERVICES, DIVISION OF ADBINISTG&LTIVE SERVICES, .OARD OF COVERNORS OF -I1E FEDERAL KESEBVF SYSTEM,
WASHINGTON, D.C. 20551. DEBITS ANC TURNOVER DATA FCR SAVI‘.GS DEPOSITS ARF NOT AVAILABLE i RICK TC JULY 1977.
@izcs for FRASER",77.32
2,1980s/1981-10-15_491158_October_15_1981.pdf,1981-10-15,1,footnotes,"1/ RAPRESENTS ACCOUNTS OF INDIVIDUALS, PARTHERSAIPS, AWD CORPORATIONS AND OF STATES AWD POLITICAL SUBDIVISIONS.
7 REXCLODES SPECIAL CLUB ACCOORTS, SOCH AS CHRISTAAS AND VACATIOW CLUBS.
¥ ACCOUNTS AOTAORIZED POR WEGOTIABLE ORDERS OF HITRORAGL (NOW) AND ACCOUNTS AUTHORIZED POP AUTOMATIC TRANSPER TO
DEMABD DEPOSITS (ATS). ATS DATA AVAILABILITY STARTS WITH DECERBER 1978.
e &/ REPRESENTS CORPORATIONS AWD OTHER PROPIT-SEEKING ORGANTIZATTONS (BXCLODING COMMERCIAL BANES BUT INCLUDING SAVINGS AND
LOAM ASSOCTATIONS, ROTOAL SAVINGS BANKS, CREDIT ONIOWS, THE BYPORT-IMPORT BARK, AND PEOBRALLY SPONSORED LENDING
AGPNCIES) .
S/ SAVINGS ACCOUNTS OTHER TAAB NOW; BUSINESS; AND, PRON DECEABBR 1978, ATS.
WOTE: AISTORICAT DATA POR TRE PERIOD 1970 THROUGH JOWE 1977 HAVE BEEN ESTIMATED; THESE RSTIMATES ARE BASED IN PART OW
TRE DEBITS SPRIES POR 223 S4SA°S, WAICH WERE AVAYLABLE THROUGH JONG 1977. BACK DATA ARE AVAILABLE PROR
PSOBLICATIOWS SERVICES, DIVISION OF ADBIBISTRATIVE SERVICES, BOARD OP GOVERNORS OF THE FEDERAL RESERVE SYSTEN,
WASHINGTON, D.C. 20551. DEBITS AND TORWOVER DATA POR SAVINGS DEPOSITS ARE NOT AVAILABLE PRIOR TO JULY 1977.
for FRASER",72.42
2,1980s/1981-11-12_491159_November_12_1981.pdf,1981-11-12,1,footnotes,"9 Y/ REPRESENTS ACCOUNTS OP INDIVIDUALS, PARTNERSHIPS, AWD CORPORATIONS AND OP STATES AND POLITICAL SUBDIVISIONS.
2/ BICLUDES SPBCIAL CLUB ACCOUNTS, SOCH AS CHRISTSAS AND VACATION CLUBS.
3/ ACCOUNTS AUTHORIZED POR WEGOTIABLE ORDERS OF WITHDRAWL (NOW) AND ACCOUNTS AUTHORIZED FOR AUTOMATIC TRABSPER TO
DBMABD DEPOSITS (ATS). ATS DATA AVAILABILITY STARIS WITH DECEMBER 1978.
4/ EBPEBSBUTS CORPOBATIONS AND OTHER PROPIT-SEEKING ORGAMIZATIONS (EXCLUDING COBSERBCIAL BAWKS BOT INCLUDING SAVINGS AND
LOAN ASSOCIATIONS, SOTUAL SAVINGS BAUKS, CREDIT UNIONS, THB BXPORT-IMPORT BANK, AND PEDERALLY SPOBSORED LENDING
AGBNCIES) .
5/ SAVINGS ACCOOMTS OTHER THAM NOW; BUSINESS; AND, PROM DECEMBER 1978, ATS.
BCTE: BISTORICAL DATA FOR THE PZRIOD 1970 TEFOUSH JUNE 1977 HAVE BEBM ESTISATED; THESE ESTIMATES ARE BASED IN PART OF
] TBE DBBITS SBRIBS POR 233 SMSA‘°S, WHicH WSBL AVAILABLE THROUGH JONE 1977. BACK DATA ARE AVAILABLE PROS
PUBLICATIGHS SBRVICES, DIVISION OF APGIMISTBATIVE SZEVICBS, BOARD OF GOVERUCRS OP THE FEDERAL RESERVE SYSTEA,
igitized for FRASERWASHIBeTOM, N.C. 20551. DEBITS AMD TULBOVER DATA POR SAVINGS DEPOSITS ASE NOT AVAILABLE PEXOR TO JOLY 1977.",71.55
2,1980s/1981-12-14_491160_December_14_1981.pdf,1981-12-14,1,other_non_table_material,"1/ REPRESENTS ACCOUNTS OF INDIVIDUALS, PARTMERSHIPS, AND CORPORATIONS AND OP STATES AWD POLITICAL SUBDIVISIONS.
2/ EXCLUDES SPECIAL CLUB ACCOUNTS, SUCH AS CBRISTSAS AND VACATION CLUBS.
3/ ACCOUNTS AUTHORIZED POR NEGOTIABLE ORDERS OF WITHDRAWL (NOW) AND ACCOUNTS AUTHORIZED FOR AUTOMATIC TRANSPBR TO
DEMAND DEPOSITS (ATS). ATS DATA AVAILABILITY STARTS WITH DECBABER 1978.
4/ REPRESENTS CORPORATIONS AND OTHER PROPIT~SEZEKING ORGANIZATIONS (EXCLUDING COMMERCIAL BANKS BUT INCLUDING SAVINGS AND
LOAW ASSOCIATIONS, MUTUAL SAVINGS BAWKS, CREDIT UNIONS, THB BXPORT-IMPORT BANK, AND PEDERALLY SPONSORED LENDING
AGENCIES) .
5/ SAVINGS ACCOUNTS OTHER THAM WOW; BUSINESS; AND, PROB DECBABER 1978, ATS.
MOTE: HISTORICAL DATA POR THE PERIOD 1970 THROUGH JUNE 1977 HAVE BEEN ESTIMATED; THESE BSTISATES ARE BASED IN PART ON
THE DEBITS SERIES POR 233 SSSA°S, WHICH WERE AVAILABLE THROUGH JOWE 1977. BACK DATA ARB AVAILABLE PROS
POBLICATIOWS SERVICES, DIVISION OP ADMINISTRATIVE SERVICES, BOARD OP GOVERNORS OP THB FEDERAL RESERVE SYSTES,
WASHINGTON, D.C. 20551. DEBITS AMD TURWOVER DATA POR SAVINGS DEPOSITS ARE HOT AVAILABLE PRIOR TO JOLY 1977.
for FRASER",77.82
2,1980s/1982-01-19_491161_January_19_1982.pdf,1982-01-19,1,other_non_table_material,"V/ REPRESENTS ACCOUNIS OP INDIVIDUALS, PARTNERSHIPS, AND CORPORATIONS AND OP STATES AND POLITICAL SUBDIVISIONS.
2/ PXCLUDES SPECIAL CLUB ACCOUNTS, SUCH AS CHRISTMAS AND VACATION CLUBS.
3/ ACCOUNTS AUTHORIZED POR NEGOTIABLE ORDERS OF WITHDRAWL (NOW) AND ACCOUNTS AUTHORIZ2D FOR AUTOMATIC @RANSFER TO
DEMAND DEPOSITS (A1S). ATS DAZA AVAILABILiT£ STABIS WITH DECEMBER 1978.
4/ REPRESENTS CORPORATIONS AND OTHER PROFIT-SEEKING ORGANIZATIONS (EXCLUDING COMMERCIAL BANKS BUT INCLUDING SAVINGS AWD
@ LOAN ASSOCIATIONS, MUTUAL SAVINGS BANKS, C&EDIT UNIONS, THE EXPORT-1MPORT BANK, AND PEDERALLY SPONSORED LENDING
AGENCIES).
S/ SAVINGS ACCOUNTS OTHER THAN NOW; BUSINESS; AND, PROM DECEMBER 1978, AIS.
NOTE: HISTORICAL DATA FOR THE PERIOD 1970 THROUGH JUNE 1977 HAVE BEEN ESTISATED; THESE BSTIMSATES ARE BASED IN PART ON
THE DEBIIS SERIES FO 233 SMSSA'S, WHICH WERE AVAILABLE THROUGH JUNE 1977. BACK DATA ARE AVAILABLE FEROS
PUBLICATIONS SERVICES, DIVISION OF ADMINISTRATIVE SERVICES, BCABD OF GOVERNORS OF THE PEDERAL RESERVE SYSTEM,
| WASHINGTON, D.C. 20551. DEBITS AWD TURNOVER DATA FOR SAVINGS DEPOSITS ARE NOT AVAILABLE PRIOR TC JULY 1977.
for FRASER",83.05
2,1980s/1982-02-16_491162_February_16_1982.pdf,1982-02-16,1,other_non_table_material,"1/ REPRESEUTS ACCOUNTS OF INDIVIDUALS, PARTHERSHIPS, AUD CORPORATIONS AND OF STATES AND POLITICAL SUBDIVISIONS.
2/ BECLUDES SPBCIAL CLUB ACCOUBTS, SOCH AS CBRISTHAS AND VACATION CLUBS.
2/ ACCOOMTS AUTHORIZED POR MEGOTIABLE ORDERS OF WITHDRAWL (WOM) AND ACCOUNTS AUTHORIZED FOR AUTOMATIC TRANSFER TO
DESAND DEPOSITS (ATS). ATS DATA AGAILABILITY STARTS WITH DECBABEB 1978.
Q/ REPRESESTS CORPORATIONS AWD OTHER PKOPIT-SEBRING ORGANIZATIONS (BXCLUDING COMMERCIAL BANKS BUT INCLUDING SAVINGS AMD
LOAM ASSOCIATIONS, BUTGAL SAVINGS BAWKS, CREDIT OWIONS, THE BXPORT-1HPORT BANK, AWO FEDERALLY SPOWSOKEO LENDING
AGBUCIES).
S/ SAVINGS ACCOUNTS O1HER THAM WOW; BUSINESS; AUD, FROM DECEABER 1978, ATS.
@ wOTR: ISTORICAL DATA POR THE PERIOD 1970 THROUGH JOE 1977 HAVE BEEN ESTIMATED; THESK ESTIBATES ARE BASED IM PART OD
TBE DEBITS SBRIES POR 233 SMSA*S, WHICH WERE AVAILABLE THROUGH JUNE 1977. BACK DATA ARE AVAILABLE PROS
PUBLICATIONS SERVICES, DIVISION OF ADHIMISTRATIVE SERVICES, BOARD OF GOVERNORS OF THE FEDERAL RESERVE SISTERS,
WASHINGTON, D.C. 20551. DEBITS AND TURNOVER DATA POR SAVINGS DEPOSITS ARE MOT AVAILABLE PRIOR TO JOLY 1977.
for FRASER",71.72
2,1980s/1982-04-13_491165_April_13_1982.pdf,1982-04-13,1,other_non_table_material,"Y/Y EEPRESENTS ACCOUNTS OF INDIVIDUALS, PARTNERSHIPS, AND CORPORATIONS AND OF STATES AWD POLITICAL SUBDIVISIONS.
@ 2/ EXCLUDES SPECIAL CLUB ACCOUNTS, SUCH AS CHRISTMAS AND YACATIONW CLUBS.
3/ ACCOUNTS AUTHORIZZD FOR NEGOTIABLE OBDEKS OF WITHDRAWL (NOW) AMD ACCOUNTS AUTHORIZED POR AUTOMATIC TRANSFER TO
DEMAND DEPOSITS (ATS). ATS DATA AVAILABILITY STARTS WITH DECEMBER 1978.
4/ REPRESENTS CORPORATIONS AWD OTHER PROPIT-SEBEKING ORGANIZATIONS (EXCLUDING COMMERCIAL BANKS BUT INCLUDING SAVINGS AWD
LOAN ASSOCIATIONS, MUTUAL SAVINGS BANKS, CREDIT UNIONS, THE EXPOBT-IMPORT BANK, AND FEDERALLY SPONSORED LENDING
AGENCIES). :
S/ SAVINGS ACCOUNTS OTHER THAN WOW; BUSINESS; AND, FROM DECEMBER 1978, ATS.
NOTE: HISTORICAL DATA FORK THE PERIOD 1970 THROUGH JUNE 1977 HAVE SEEN ESTISATBO; THESE ESTIMATES ARE BASED IN PAET O8
UHE DEBITS SERIES FOR 233 SASA‘*S, WHICH WERE AVAILABLE THROUGH JUNE 1977. BACK DATA ARE AVAILABLE PRON
@ PUBLICATIONS SERVICES, DIVISION OP ADAIMISTRATIVE SEKVICES, BOARD OF GOVERUORS OF THB PEDERAL RESERVE SYSTEM,
for FRASERASHINGTON, D.C. 20551. DEBIIS AND TURNOVER DATA POR SAVINGS DEPOSITS ARE NOT AVAILABLE PRIOR TO JOLY 1977.",77.68
2,1980s/1982-05-13_491166_May_13_1982.pdf,1982-05-13,1,other_non_table_material,"—_— ee on
V/ REPRESENTS ACCOUNTS OF INDIVIDUALS, PARTNERSHIPS, AND CORPORATIONS AND Ul STATES AND POLITICAL SUBDIVISIONS.
2/ EXCLUDES SPECIAL CLUB ACCOUNTS, SUCH AS CHRISTMAS AND VACATION CLUBS.
3/ ACCOUNTS PITHCRIZED FOR NEGOTIABLE OPDERS OP #ITHDRASL (NOW) AND ACCOUNTS AUTHORIZED PO2 AUTOMATIC TRANSFER TO
DEMAND DRPOSITS (ATS). ATS DATA AVAILABILITY STARTS wITH DECPMBER 1°78,
G/ PRPRESZMTS CORPORATIONS ANC OTHER PROPIT-SEEKING CRGANJZATIONS (EXCLINVING COMMERCIAL BANKS BUT INCLUDING SAVINGS AND
LOAN ASSCCTATIONS, MUTCAL SAVINGS BANKS, C2RDIT UNIONS, THE EF PORT-IMPOUT BANK, AND PEDERALLY SPOKSORED LENDING
AGENCIES).
Sf SAVINGS ACCOUNTS OTHER THAN WOW; BUSINESS; AND, PROM DECZSbER TO7B, ATS
NCTE: MISTORICAL DATA POK THE PERIOD 1970 THROUGH JUNE 1977 HAVE BERG ESTIMATED; THESE BSLIMPTLS ARE BASED TK PART ON
THE OBRTTS SERIES POR 233 SNSA*S, WHICH WERE AVATLANLO LHFOUGH JUNE 1977. BACK DATA ARE ANAZUABLE FROA
PUBLICATICNS SERVICES, DIVISION OF ADMINISTRATIVE SERVICES, BOARD OF GOVEENORS OF TKE PEDERSL KESERVE SYSTEM,
WASHINGTON, 0.C. 20551. DEBITS AND TURNOVER DATA FOR SAVINGS DEPOSITS ARE NOT AVAITABLE PRIOk ZO JULY 1977,
.. for FRASER",71.75
2,1980s/1982-06-14_491167_June_14_1982.pdf,1982-06-14,1,other_non_table_material,"J/ REPRESEBTS ACCOUNTS OF INDIVIDUALS, PARTNERSHIPS, AND CORPORATIONS AND OP STATES AND POLITICAL SUBDIVISIONS.
@ 2/ EXCLUDES SPECIAL CLUB ACCOUNTS, SUCH AS CHRISTMAS AND VACATION CLUBS.
3/ ACCOUNTS AUTHORIZED POR NEGOTIABLE ORDERS OF WITHDRAWL (NOW) AMD ACCOUNTS AUTHORIZED FOR AUTOMATIC TRANSPER TO
DESAMD DEPOSITS (ATS). ATS DATA AVAILABILITY STARTS WITH DECEMBER 1978.
&/ REPRESENTS CORPORATIONS AMD OTHER PROPIT-SEBKING ORGANIZATIONS (EXCLUDING COMMERCIAL BANKS BUT INCLUDING SAVINGS AWD .
LOAM ASSOCIATIONS, MUTUAL SAVINGS BANKS, CREDIT UNIONS, THE EXPORT-IMPORT BANK, AND FEDERALLY SPONSORED LENDING
AGENCIES).
Sf SAVINGS ACCOOMTS OTHER THAN NOW; BUSINESS; AMD, PROM DECEMBER 1978, ATS.
WOTE: HISTORICAL DATA POR THE PEKIOD 1970 THROUGH JONZ 1977 HAVE BEEN ESTIMATED; THESE ESTIMATES ARE BASED IN PART ON
TEE DEBITS SERIES POR 233 SASA‘S, WHICH WERE AVAILABLE THROUGH JUNE 1977. BACK DATA ARE AVAILABLZ PROM
) PUBLICATIONS SERVICES, DIVISION OF ADMINISTRATIVE SERVICES, BOARD OP GOVERWORS OF TRE PEDERAL RESERVE SYSTEA,
WASHINGTON, D.C. 20551. DEBITS AND TURBOVER DATA POR SAVINGS DEPOSITS ARE NOT AVAILABLE PRIOR TO JOLY 1977.",76.93
2,1980s/1982-07-15_491168_July_15_1982.pdf,1982-07-15,1,other_non_table_material,"1/ REPRESENTS ACCOUNTS OF INDIVIDUALS, PARTNERSHIPS, AND CORPORATIONS AND OF STATES AND POLITICAL SUBDIVISIONS.
2/ eXCLUDES SPECIAL CLUB ACCOUNTS, SUCH AS CHRISTSAS AND VACATION CLOBS.
3/ ACCOUNTS AUTHORIZED POR NEGOTIABLE ORDERS OP WITHDRAWL (HOW) AND ACCOUNTS AUTHORIZED FOR AUTOMATIC TRANSFER TO
DBAAED DEPOSITS (ATS). ATS DATA AVAILABILITY STARTS WITH DECBABER 1978.
4/ RBPRESENTS CORPORATIONS ABD OTHER PROPIT-SEEKING ORGANIZATIONS (BXCLODING COBAERCIAL BAWKS BUT INCLODING SAVINGS AND
LOAN ASSOCIATIONS, SUTUAL SAVINGS BANKS, CREDIT UNIONS, THE EXPORT-IAPORT BAWK, AND FEDERALLY SPONSORED LEBDING
AGBECIES).
5/ SAVINGS ACCOUNTS OTHER THAN NOW; BUSINESS; AWD, PROM DECESBER 1978, ATS.
WOTE: HISTORICAL DATA FOR THE PERIOD 1970 THROUGH JOWE 1977 HAVE BEEBW ESTIMATED; THESE ESTIMATES ARE BASED IN PART ON
@BE DEBITS SERIES FOR 233 SMSA*S, WHICH WERE AVAILABLE THROUGH JUNE 1977. BACK DATA ARE AVAILABLE PROR
igitized for FRASERPUBLICATIONS SERVICES, DIVISION OP ADMIWISTRATIVE SERVICES, BOARD OF GOVERNORS OF THE FEDERAL RESERVE SYSTEM,",72.68
2,1980s/1982-08-04_491169_August_4_1982.pdf,1982-08-04,1,other_non_table_material,"T/ REPRESENTS ACCOUNTS OF IMUDIVIDUALS, PARSTNERSHIPS, AMD CORPORATIONS AND OP STATES AWD POLITICAL SUBDIVISIONS.
2/ EXCLUDES SPECIAL CLUB ACCOUNTS, SUCH AS CHRISTAAS AND VACATION CLUBS.
3/ ACCOUNTS AUTHORIZED FOR MEGOTIABLE ORDERS OF WITHDRAWL (NOM) ABD ACCOONTS AUTHORIZED POR AUTOBATIC TRANSPER TO
DEMAND DEPOSITS (ATS). ATS DATA AVAILABILITY STARTS WITH DECEMBER 1978.
Q/ REPRESENTS CORPORATIONS AMD OTHER PROPIT-SEBKING ORGANIZATIONS (BKCLUDING COMMERCIAL BARKS BUT INCLUDING SAVINGS AND
LOAM ASSOCIATIONS, AUTUAL SAVINGS BANKS, CREDIT UMIONS, THB EBXPORT-IMPORT BAUR, AMD FEDERALLY SPONSORED LENDING
AGENCIES) ~
5S/ SAVINGS ACCOONTS OTAER THAN HOW; BUSINESS; AND, PROS DECEABER 1978, ATS. :
WOTE: AISTORICAL DATA FOR THE PERIOD 1970 THROUGH JUNE 1977 HAVE BEEN ESTIMATED; THESE ESTIMATES ARE BASED IB PART ON
. TBE DEBITS SERIES POR 233 SASA’S, WHICA WERE AVAILABLE THROUGH JUNE 1977. BACK DATA ARE AVAILABLE FROS
PUBLICATIONS SERVICES, DIVISION OP ADMINISTRATIVE SERVICES, BOARD OP GOVERNORS OF THE FEDERAL RESEBYE SYSTEA, .
@ WASHINGTON, DeC. 20551. DEBITS AWD TORWOVER DATA FOR SAVINGS DEPOSITS ARE NOT AVAILABLE PRIOR TC JULY 1977.
for FRASER .",72.49
3,1980s/1982-10-14_491170_October_14_1982.pdf,1982-10-14,1,revision_notice,"-Wewehe ; : ESB.
. ae eX. —
Bo, ae
G.6(408) DEBITS AND DEPOSIT TURNOVER October 14, 1982
REVISED SERIES
The debits and deposit turnover series have been revised, reflect-
ing new benchmark corrections to previously estimated data and revisions in
seasonal factors. In addition, the format of the G.6 release is changed with
this issue, eliminating the business savings series, which had been published
since July 1977, and adding estimates for total savings accounts including
business savings and excluding ATS/NOW accounts. ATS/NOW data and the demand
deposit breakdowns published previously will be continued and all data will
be shown both with and without seasonal adjustment. Previously, seasonally
: adjusted data were shown only for the demand deposit breakdowns.
The benchmark corrections--derived from condition reports for all
insured banks for December 1980, June 1981, and December 1981—affect monthly
> estimates for all series from July 1980 to date. Seasonal factor revisions
for the demand deposit series--deposits, debits, and turnover--affect the
| seasonally adjusted data from 1970 to date. Seasonally adjusted data for
>» ATS/NOW and savings accounts are available for the first time for the period
from July 1977 to date.
This issue of the G.6 release provides revised data for the latest
] 13 months ending with August 1982. Back data prior to August 1981 are avail-
able on request from the Banking Section, Division of Research and Statistics,
board of Governors of the Federal Reserve Systen, Washington, D.C. 20551.
Jigitized for FRASER
‘ederal Reserve Bank of St. Louis",85.37
3,1980s/1982-10-14_491170_October_14_1982.pdf,1982-10-14,3,other_non_table_material,"1/ REPRESENTS ACCOURTS OF INDIVIDUALS, PARTUERSHIPS, AND CCRPORATIONS AND OF STATES AND POLITICAL
SUBDIVISIOBS.
2/ ACCOUBIS AUTHORIZED FOR NEGOTIABLE ORDERS OF WITHDRAWL (NOW) AND ACCOUNTS AUTHOBIZED FOR AOTORATIC
TRANSFER TO CEHAND DEPOSITS (ATS). ATS DATA AVAILABILITY STARTS WITH DECEABER 1978.
3/ BXCLUDES ATS AND WOW ACCOUNTS AS WELL AS SPECIAL CLOB ACCOUNTS, SUCH AS CARISTAAS AND VACATION CLOBS. q
MOTE: HISTORICAL DATA FOR DEAAWD DEFOSITS ARE AVAILABLE BACK TO 1970 ESTIMATED IN PART FROG THE OEBITS
SERIBS POR 233 SHSA°S WHICH WERE AVAILABLE THROUGH JUNE 1977. HISTORICAL DATA FOR ATS/NO® AND
SAVINGS DEPOSI2S ARE AVAILABLE BACK TO JOLY 1977. BACK DATA ABE AVAILABLE OW REQUEST P8OH BANKING
SECTION, DIVISION OF RESEARCH AWD STATISTICS, BOARD OF GOVERMCRS OF THE PEDBRAL RESERVE SISTER,
WASBIRGTON, D.C. 20551.
Jigitized for FRASER |",73.81
3,1980s/1982-11-10_491171_November_10_1982.pdf,1982-11-10,2,footnotes,"1/ REPRESESTS ACCOONTS OF IBDIVIDUALS, PARTNERSHIPS, AND CORPORATIONS AND OF STATES AND POLITICAL
. SUBDIVISIONS.
2/7 ACCOUNTS AUTHORIZED POR NEGOTIABLE ORDERS OF WITHDRAWL (NOW) AND ACCOUNTS AUTHOBIZED POR AUTOMATIC
TRANSFER TO DESAWD DEPOSZIS (ATS). ATS DATA AVAILABILITY STABIS GITH DECESBEE 1978.
3/ EXCLODES ATS AND WOW ACCOUNTS AS @ELL AS SPECIAL CLOB ACCOUNTS, SOCH AS CHRISTSAS AND VACATION CLUBS.
MOTE: HISTORICAL DATA FOR DESAND DEFOSITS ARE AVAILABLE BACK TO 1970 ESTISATED IM PART FROA THE DEBITS
SERIES FOB 233 SMSA‘S WHICH WERE AVAILABLE THROUGH JONE 1977. HISTORICAL DATA FOR ATS/NOW AMD
SAVINGS DEPOSIZS ARE AVAILABLE BACK TO JOLY 1977. BACK DATA ARE AVAILABLE OB BEQUEST PROA BANKING
SECTION, DIVISION OF RESEARCH AND STATISTICS, BOARD OF GOVERNORS OF THE PEDEBAL BESBRVE SYSTES,
WASHINGTON, D.C. 20551.
for FRASER",80.58
3,1980s/1982-12-10_491172_December_10_1982.pdf,1982-12-10,1,other_non_table_material,"1/ REPRESENTS ACCOUBTS OF IBDIVIDUALS, PARTMERSHIPS, AND CORPORATIONS AND OF STATES ABD POLITICAL
SUBDIVISIONS.
2/ ACCOUNTS AUTHORIZED FOR WEGOTIABLE ORDERS OF WITHDRAWL (NOB) AND ACCOONTS AUTHORIZED FOR AUTOAATIC .
TRANSFER TO CBSAMD DEPOSITS (ATS). ATS DATA AVAILABILITY STABIS WITH DECESBEB 1978.
3/ BICLUDES ATS ABD MOW ACCOUNTS AS WELL AS SPECIAL CLUB ACCOUBZS, SOCH AS CHRISTHAS AND VACATION CLUBS.
MOTE: HISTORICAL DATA POR DEAAND DEPOSITS ARE AVAILABLE BACK TO 1970 BSTXSATED I# PART PROG TAB DBBITS
SERIES POR 233 SASA°S WBICH WERE AVAILABLE THROUGH JONEZ 1977. BISTORICAL DATA FOR ATS/BOW AND
SAVINGS DRPOSITS ARE AVAILABLE BACK TO JOLY 1977. BACK DATA ARE AVAILABLE OB BRQUBST PRON BABKING
SEC1IOW, DIVISION OF RESEARCH ABD STATISTICS, BOARD OP GOVERBCRS OF THB FEDERAL RESERVE SYSTES,
WASHINGTON, D.C. 20551.
gitized for FRASER",78.16
3,1980s/1982-12-10_491172_December_10_1982.pdf,1982-12-10,2,footnotes,"q
v bhais Accouays OF [¥PIVIOGALS, PARTBERSAIPS, ABD CCRPOBATICES ASD QP STATES AWD POLITICAL
4 one, PART HBRSE $ as .
3/ ekchLongs Rs i ip presstta is! ut AG Sein uty AccoostS, Soce AS Char3zeas aud VacaTJON CLOBS.
us og S) gu 8 °
oat $ POR 233 shsh+s patce inaz drattial thgdece 3osR 1977. alstobteht biza Pog Arsysoe kup
WOTE: MISTOBICAL Data B ORBAYD DRFOSITS 2 AVAILABLE BACK TO 1970 BSTIBATED IB PART PROB THE DEBITS
states DEPOSIZS ate aVAILAaEE Back go JeLy 1977. pick’ odta iH avatradLs on ascosss 730"" BAEKIEG
Cttd8, pivision | ? asbuates aud SsazrSzics, poanb oF GovsRhORS'Of TAB PEDRRAL RBSRAVE SystEB, r
udsbruczon, b.c. 20551. ‘ “ . , “ ,
for FRASER",41.39
3,1980s/1983-01-13_491173_January_13_1983.pdf,1983-01-13,2,other_non_table_material,"1/ BEPRESENTS ACCOUNTS OF INDIVIDUALS, PARTNERSHIPS, AND CORPORATIONS AND OP STATES AND POLITICAL
2/ ACCOUNTS AUTHORIZED POR NEGOTIABLE ORDERS OF WITHDRAWL (NOW) AND ACCOUNTS AUTHORIZED POR AUTOMATIC e
SUBDIVISIONS.
TRANSPEBR TO DEMAND DEPOSITS (ATS). ATS DATA AVAILABILITY STARTS WITH DECEMBER 1978.
3/ BXCLUDES ATS AND WOW ACCOUNTS AS WELL AS SPECIAL CLUB ACCOUNTS, SUCH AS CHRISTMAS AND VACATION CLUBS.
MOTE: HISTORICAL DATA FOR DEMAND DEPOSITS ARE AVAILABLE BACK TO 1970 ESTIMATED IN PART PROM THE DEBITS
SERIBS POR 233 SSSA'S WHICH WEBB AVAILABLE THROUGH JUNE 1977. HISTORICAL DATA POR ATS/NOW AND
SAVINGS DEPOSITS ARE AVAILABLE BACK TO JULY 1977. BACK DATA ARE AVAILABLE ON REQUEST PROM RANKING
SECTION, DIVISION OF RESEARCH AND STATISTICS, BOARD OF GOVERNORS OP THE PEDERAL RESERVE SYSTES,
WASHINGTON, D.C. 20551.
Jigitized for FRASER td",87.24
3,1980s/1983-02-09_491174_February_9_1983.pdf,1983-02-09,1,other_non_table_material,"ee ee a Ca
1/ REPRESENTS ACCOUSTS OF INDIVIDUALS, PARTNERSHIPS, AND CORPORATIONS ABD OF STATES AND POLITICAL
r ) SUBDIVISIONS.
2/ ACCOUNTS AUTHORIZED POR NEGOTIABLE ORDERS OP WITHDRAWL (NOW) AWD ACCOUNTS AUTHORIZED POR AUTOMATIC
TRANSPER TO DEMAND DEPOSITS (ATS). ATS DATA AVAILABILITY STARTS WITH DECEMBER 1978.
3/7. EXCLUDES ATS AND SOW ACCOUNTS AS WELL AS SPECIAL CLUB ACCOUNTS, SUCH AS CHRISTMAS AND VACATION CLOBS.
MOTE: HISTORICAL DATA POR DEMAND DEPOSITS ARE AVAILABLE BACK TO 1970 ESTIMATED IN PART PROS THE DEBITS
SERIES FOR 233 SSSA'S WHICH WERE AVAILABLE THROUGH JUNE 1977. HISTORICAL DATA POR ATS/NOW AND
SAVINGS DEPOSITS ARE AVAILABLE BACK TO JULY 1977. BACK DATA ARB AVAILABLE OM REQUEST PROM BANKING
SECTION, DIVISION OP BBSBARCH AND STATISTICS, BOARD OP GOVERNORS OF THE PEDERAL RESERVE SYSTEA,
WASALEGTON, D.C. 20551.
for FRASER",72.43
3,1980s/1983-02-09_491174_February_9_1983.pdf,1983-02-09,2,other_non_table_material,for FRASER,96.63
4,1980s/1983-03-22_491175_March_22_1983.pdf,1983-03-22,1,other_non_table_material,"1/ REPRESENTS ACCOUNTS OF INDIVIDUALS, PARTNERSHIPS, ABD CORPORATIONS AWD OP STATES AND POLITICAL
SUBDIVISIONS.
2/ ACCOUNTS AUTHORIZED FOR NEGOTIABLE ORDERS OF WITHDRAWL (NOW) AND ACCOUNTS AUTHORIZED POR AUTOMATIC
TRANSPER TO DEMAND DEPOSITS (ATS). ATS DATA AVAILABILITY STARTS WITH DECEMBER 1978.
3/ MONEY MARKET DEPOSIT ACCOUNTS.
e 4/ EXCLUDES ATS AWD NOW ACCOUNTS, ANDA, AWD SPECIAL CLOB ACCOUNTS, SUCH AS CHRISTMAS AND VACATION CLUBS.
MOTE: HISTORICAL DATA POR DEAAWD DEPOSITS ARE AVAILABLE BACK TO 1970 ESTIMATED IN PART PROM THE DEBITS
SERIES POR 233 SMSA'S SHICH WERK AVAILABLE THROUGH JONE 1977. HISTORICAL DATA FOR ATS/NOW AND
SAVINGS DEPOSITS ARE AVAILABLE BACK TO JULY 1977. BACK DATA ARE AVAILABLE OW REQUEST PROM BANKING
SECTION, DIVISION OF RESEARCH AND STATISTICS, BOARD OP GOVERNORS OF THE FEDERAL RESERVE SY¥STEA,
WASHINGTON, D.C. 20551.
© od FRASER",81.88
4,1980s/1983-03-22_491175_March_22_1983.pdf,1983-03-22,2,other_non_table_material,"1/ REPRESENTS ACCOUNTS OP INDIVIDUALS, PARTEERSHEPS, AND CORPORATIONS AND OF STATES AND POLITICAL
SUBDIVI SIOWS.
2/ ACCOOBTS AUTHORIZED POR NEGOTIABLE ORDERS OP WITHDRAWL (HOW) AND ACCOUNTS AUTHORIZED FOR AUTOMATIC
TRANSFER TO DBAAMD DEPOSITS (ATS). ATS DATA AVAILABILITY STARTS WITH DECBABER 1978.
3/ SONEY SARKET DEPOSIT ACCOUNTS.
: MOTE: HISTORICAL DATA FOR DEAAND DEPOSITS ARB AVAILABLE BACK TO 1970 ESTIMATED IW PART PROM THE DEBITS
SERIES POR 233 SMSA*S WHICH WERE AVAILABLE THROUGH JUNE 1977. HISTORICAL DATA POR ATS/NOW AND
SAVINGS DEPOSITS ARB AVAILABLE BACK TO JOLY 1977. BACK DATA ARE AVAILABLE ON REQUEST PROM BANKING
SECTION, DIVISION OF RESEARCH AUD STATISTICS, BOARD OP GOVERNORS OP THE PEDERAL RESERVE SYSTEM, @
WASHINGTON, D.C. 20551.
for FRASER",75.42
4,1980s/1983-04-15_491176_April_15_1983.pdf,1983-04-15,1,other_non_table_material,"a es bs a ee | ee rs |
17 REPRESEWTS ACCOUNTS OF IYDIVIDUALS, PARTNERSHIPS, AWD CORPORATIONS AND OF STATES AND POLITICAL
SUBDIVISIOSS.
r ) 2/ ACCOUBTS AUTHORIZED POR WEGOTIABLE ORDERS OF WITHDRAWL (NOW) AND ACCOOSTS AUTHORIZED FOR AUTOMATIC
TRAWSPER TO DESAND DEPOSITS (ATS). ATS DATA AVAILABILITY STARTS WITH DECEABER 1978.
3/ SONRY BARKET DEPOSIT ACCOUNTS.
&/ EXCLUDES ATS AND NOW ACCOUNTS, SSDA, AND S@BCIAL CLOB ACCOUSTS, SUCH AS CARISTAAS ABD VACATIOB CLUBS.
BOTE: HISTORICAL DATA POR DESAND DEPOSITS ARE AVAILABLE BACK TO 1970 BSTISATED IN PART PROB THE DEBITS
SERIES FOR 233 SMSA*°S WHICH WERB AVAILABLE THROUGH JUNE 2977, AESTORICAL DATA POR ATS/BOW AND
SAVINGS DEPOSITS ARE AVAILABLE BACK TO JULY 1977. BACK DATA ARB AVAILABLE ON REQUEST FROM BAKING
SECTION, DIVISION OP AZSZARCH AMD STATISTICS, BOARD OF GOVERUORS OF THE FEDERAL RESBRVE SISTER,
WASHINGTON, D.C. 20551.
for FRASER",68.63
4,1980s/1983-04-15_491176_April_15_1983.pdf,1983-04-15,2,other_non_table_material,"1/ BEPRESESTS ACCOUNTS OP INDIVIDUALS, PARTBEBSHIPS, AND CORPORATIONS AMD OP STATES AND POLITICAL
SUBDIVISIONS.
2/ ACCOUNTS ADTHORIZED FOR MEGOTIABLE CRDEBS OF WITHDRAWL (NOW) AND ACCOUNTS AUTHORIZED POR AUTOMATIC
TRABSFER TO DEMABD DEPOSITS (ATS). ATS DATA AVALLABILITY STARTS WITH DECEABBR 1978. e
3/ MONEY BARKET DEPOSIT ACCOUNTS.
NOTE: HISTORICAL DATA POR DEBAND CEPOSITS ARE AVAILABLE BACK TO 1970 ESTIMATED IW PART PROM THE DEBITS
SERIES FOR 233 SSSA'S WHICH WERE AVAILABLE THROUGH JUNE 1977. HISTORICAL DATA POR ATS/BOW AND
SAVINGS DEPOSITS ARE AVAILABLE BACK TO JULY 1977. BACK DATA ARE AVAILABLE ON REQUEST PROM BANKING
SECTION, DIVISAON OP RESEARCH AND STATISTICS, BOARD OF GOVERNORS OP THB FEDERAL RESERVE SYSTEA,
WASAIYGTON, D.C. 20551.
for FRASER",79.99
4,1980s/1983-05-09_491177_May_9_1983.pdf,1983-05-09,1,other_non_table_material,"a SG CO
1/ REPRESENTS ACCOUNTS OF INDIVIDUALS, PARTNERSHIPS, AND CORPORATIONS AND OF STATES AND POLITICAL
SUBDIVISIONS.
2/ ACCOUNTS AUTHORIZED FOR NECOTIABLE ORDERS OF WITHORAWAL (NOW) AND ACCOUNTS AUTHORIZED FOR AUTOMATIC
TRANSPER TO DEMAND DEPOSITS (ATS). ATS DATA AVAILABILITY STARTS WITH DECEMBER 1978.
@ 3/ EXCLUDES ATS AND NOW ACCOUNTS, MMDA, AND SPECIAL CLUB ACCOUNTS, SUCH AS CHRISTMAS AND VACATION CLUBS.
MOTE: HISTORICAL OATA FOR DEMAND DEPOSITS ARE AVAILABLE BACK TO 1970 ESTIMATED IN PART FROM THE DEBITS
SERIES FOR 233 SMSA'S WHICH WERE AVAILABLE THROUCH JUNE 1977. HISTORICAL DATA FOR ATS/NOW AND
SAVINGS DEPOSITS ARE AVAILABLE BACK TO JULY 1977. 8ACK DATA ARE AVAILABLE ON REQUEST FROM BANKING
SECTION, DIVISION OF RESEARCH AND STATISTICS, BOARD OF COVERNORS OF THE FEDERAL RESERVE SYSTEM,
WASHINGTON, D.C. 20551.
eee ery :
‘ aan :
- MAY ip (se |
L: Yue U ib
igitized for FRASER",74.29
4,1980s/1983-05-09_491177_May_9_1983.pdf,1983-05-09,2,other_non_table_material,"1/ RBPRESEWTS ACCOUNTS OP IUDIVIDUALS, PABTBERSHIPS, AND CORPORATIONS AUD OF STATES AND POLITICAL
SUBDIVISIONS.
2/ ACCOUNTS AUTHORIZED POR MEGCTIABLE ORDERS OF WITHDRAWL (BOW) AND ACCOUNTS AOTHORIZED POR AUTOMATIC
TRABSPRR TO DEAAND DEPOSITS (ATS). ATS OATA AVAILABILITY STARTS WITH DECZSBES 1978.
3/ BOBEY MARKET DEPOSIT accooNts.
&/ EXCLUDES ATS AND BOW ACCOURTS, BDA, AND SPECIAL CLOB ACCOUBTS, SUCH AS CHRISTBAS AMD VACATION CLOBS. e
BOTE: BISTORICAL DATA POR DEGAUD DEPOSITS ABE AVAILABLE BACK TO 1970 ESTIMATED IM PART PROA THE DEBITS
SERIRS POR 233 SBSA°S WAICH WERE AVAILABLE THROUGH JONE 1977. BISTORICAL DATA POR ATS/BOW AND
SAVINGS DEPOSITS ARE AVAILABLE BACK TO JOLY 1977. BACK DATA ARE AVAILABLE O¥ REQUEST PROB BABKIEG
SECTION, DIVISION OF RESEARCH ABD STATISTICS, BOARD OF GOVERUORS OP THE PEDERAL SESERVE SYSTER,
WASHIBCTOB, D.C. 20551.
igitized for FRASER e",75.03
4,1980s/1983-06-21_491178_June_21_1983.pdf,1983-06-21,1,other_non_table_material,"| \/ REPRESENTS ACCOUNTS OF INDIVIDUALS, PARTUEBSHIPS, ABD CORPORATIONS AND OF STATES ABD POLITICAL
r) SUBDIVISIONS.
2/ ACCOUNTS AUTHORIZED FOR NEGCTIABLE ORDERS OP WITHDRAWL (WOW) ABD ACCOUBTS AUTHORIZED POR AUTOMATIC
TRANSFER TO DEHAUD DEPOSITS (ATS). ATS DATA AVAILABILITY STARTS GITH DECEMBER 1978.
3/ MONEY SABRKEY DEPOSIT ACCOUNTS.
&/ BXCLUDES ATS AND NOW ACCOUNTS, BDA, ABD SPRCIAL CLUB ACCOUNTS, SUCH AS CHRISTMAS AND VACATION CLOBS.
NOTE: HISTORICAL DATA FOR DEAAWD CEPOSITS ABE AVAILABLE BACK TO 1970 ESTIMATED IN PART PRON THE DBBITS
SBBIES POR 233 SMSA°S WHICH WRBEZ AVAILABLE THROUGH JUNE 1977, HISTORICAL DATA POR ATS/NOW AND
| SAVINGS DEPOSITS ARE AVAILABLE BACK TO JULY 1977. BACK DATA ABB AVAILABLE OM BEQUEST PROM BASKING
| SECTION, OLVISION OF RESEARCH AND STATISTICS, BUARD OF GOVERNORS OF THE PEDEZBAL RESERVE SYSTEA,
e WASHINGTON, D.C. 20551.
for FRASER",69.55
4,1980s/1983-06-21_491178_June_21_1983.pdf,1983-06-21,2,other_non_table_material,"1/ REPRESENTS ACCOUBTS OF IUDIVICOALS, PARTBERSBIPS, AND CORPORATIOBS AND OP STATES AND POLITICAL
SOBD1VI SIONS.
2/ ACCOOBTS AGTHORIZRD FOR BEGCTIABLE ORDERS OF SITHDRAML (BOW) AUD ACCOUNTS AUTHORIZED FOR AGTORATIC e
TRAUSFER TO OBMABD DRPOSITS (ATS). ATS DATA AVAILABILITY STARTS WITH ORCERBER 1978.
3/ BOWRY SARKEY DEPOSIT ACCOUsTS.
NOTE: HISTORECAL DATA FOR DEAAUD DEPOSETS ARE AVAILABLE BACK TO 1970 RSTIGATED ID PART PROS THE DSBITS
SERIES POR 233 SHSA°S WHICH WERE AVAILABLE THROUGH JUNE 1977. HISTORICAL DATA POR ATS/#OU ABD
SAVINGS DEPOSITS ARE AVAILASLE BACK TO JULY 1977. BACK DATA ARR AVAILABLE OB REQUEST PROB BAUKIEG
SECTION, DEVISIOS OP RESEARCH AUD STATISTICS, BOARD OF GOVERNORS OF THE PEDRRAL RESERVE StsTES,
| WASHINGTOB, D.C. 20551.",64.11
4,1980s/1983-07-12_491179_July_12_1983.pdf,1983-07-12,1,other_non_table_material,"1/ REPRESEUTS ACCOUNTS OF INDIVIDUALS, PABTSERSAIPS, AND CORPORATIONS AND OP STATES AND POLITICAL
SUBDIVISIONS.
2/ ACCOUNTS AUTHORIZED POR NEGOTIABLE ORDERS OP WITHDRAWL (WOW) ABD ACCOUNTS AUTHORIZED POR AUTOMATIC
r) TRAMSPER TO DEMAND DEPOSITS (ATS). ATS DATA AVAILABILITY STARTS WITH DECEMBER 1978.
3/ MOMEY MARKET DBPOSIT ACCOUNTS.
&/ EXCLUDES ATS AMD NOW ACCOUNTS, ANDA, AND SPECIAL CLUB ACCOUNTS, SUCH AS CHRISTAAS AND VACATION CLOBS.
MOTE: HISTORICAL DATA POR DEMAND DEPOSITS ARE AVAILABLE RACK TO 1970 ESTEMATED IW PART PRON THE DEBITS
SERIES POR 233 SMSA°S WHICH WERE AVAILABLE THROUGH JUNE 1977. HISTORICAL DATA POR ATS/ROW AND
SAVINGS DEPOSITS ARE AVALLABLE BACK TO JULY 1977. BACK DATA ARE AVAILABLE O8 REQUEST PRON BANKING
SECTION, DIVISION OF RESEARCH AND STATISTICS, BOARD OP GOVERNORS OF THE PEDERAL RESERVE SISTER,
WASHIUGTON, D.C. 20551.
igitized for FRASER",80.77
4,1980s/1983-08-12_491180_August_12_1983.pdf,1983-08-12,1,other_non_table_material,"1/ BEPRESENTS ACCOUNTS OP [HDIVIDUALS, PARTNERSHIPS, AND CORPORATICUS AND OP STATES AND POLITICAL
SUBDIVISIONS.
2/ ACCOUNTS AUTHORIZED POR NEGOTIABLE ORDERS OP dITHDRAWL (NOW) AND ACCOUNTS AUTHORIZED POR ADTOAATIC
@ TRAUSPE@ TO DEMAWO DEPOSITS (ATS). ATS CATA AVAILABILITY STARTS WITA DECEMBER 1978.
3/ MONEY SARKET CEPOSIT ACCOUNTS.
WOTE: HISTORICAL DATA FOR DEMAND DEPOSITS ARE AVAILABLE BACK TO 1970 ESTISATZD IN PART FROM THE DEBITS
SBBIZS POR 233 SASA'S GHICH WERE AVAILABLE THROOGH JONE 1977. AISTORICAL DATA POR ATS/NOW AND
SAVINGS DEPOSITS ARE AVAILABLE BACK TO JOLY 1977. BACK DATA ARE AVAILABLE ON REQUEST PROM BANKING
SECTION, OLVISIOW OF RBSEARCH AND STATISTICS, BOARD OF GOVE@HORS OF THE PRDERAL RESERVE SYSTEA,
WASHINGTON, D.C. 20551.",68.1
4,1980s/1983-09-26_491181_September_26_1983.pdf,1983-09-26,1,footnotes,"1 |
1/ REPRESEUTS ACCCOMTS OF INDIVICOUALS, PARTNERSHIPS, AND CORPORATIONS AMD OF STATES AMD POLITICAL
SUBDIVISIONS.
2/ ACCOUNTS AUTHORIZED FOR MEGCTIABLE CRDBES OF WITHDRAWAL (NOB) AND ACCOUNTS AUTHORIZED FOR AUTOMATIC
@ TRABSPEB TO DEMAMD DEPOSITS (ATS). ATS OATA AVAILABILITY STABTS WITH DECEABER 1978.
3/ BICLUDES ATS AND WOW ACCOUNTS, ADA, AWD SPECIAL CLOB ACCOUBTS, SUCH AS CARISTMAS ABD VACATION CLUBS.
MOTE: HISTOBICAL DATA FOR DEBAND DEPOSITS ARE AVAILABLE BACK TO 1970 ESTIMATED IM PART PROM THE DEBITS
SERIES POR 233 SHSA*S GAICH WERE AVAILABLE THROUGH JUNE 1977. HISTORICAL DATA POR ATS/NOW AND
SAVINGS DEPOSITS ARE AVAILABLE BACK TC JOLY 1977. BACK DATA ARE AVAILABLE ON REQUEST PRON BAWKING
SECTION, DIVISION OF RESEARCH AND STATISTICS, BOARD OF GOVERNCBS OF THE PEDESAL RESERVE SYSTEA,
WASHIBGTON, D.C. 20551.",74.0
4,1980s/1983-09-26_491181_September_26_1983.pdf,1983-09-26,2,footnotes,"1/7 REPRESENTS ACCOUBTS OF INDIVIDUALS, PARTWERSHIPS, AWD CORPORATIONS AUD OF STATES AND POLITICAL | a
SUBDIVISIONS.
2/ ACCOBUTS AUTHORIZES FOR BEGCTIABLE ORDERS OF WITHDRAWAL (NOW) ABD ACCOUNTS AUTHORIZED POR AUTOMATIC ®
TRANSPER TO DESAUD DEPOSITS (ATS). ATS CATA AVAILABILITY STARTS WITH DECEABER 1978.
3/ SONEY MARKET DEPOSI? aCCOUBTS.
¥/ BICLUDES ATS AND BOW ACCOUNTS, BADA, AWD SPECIAL CLUB ACCOUNTS, SUCH AS CHRISTAAS AND VACATION CLUBS. |
NOTE: HISTORICAL DATA FOR DEBABD DEPOSITS ABZ AVAILABLE BACK TO 1970 BSTISATED IN PART PROM TRE DEBITS |
SERIES POR 233 SSSA°S SHICH WERB AVAILABLE THROUGH JUNE 1977, BISTORICAL DATA FOR ATS/HOW AND
SAVINGS DEPOSITS ARE AVAILABLE BACK TO JULY 1977. BACK DATA ARE AVAILABLE OW REQUEST FROM BAMKING
SECTION, DIVISION OF RESEARCH ABD STATISTICS, BOARD OF GOVERBORS OF THE PEDERAL RESERVE SYSTEA,
WASHISGTON, D.C. 20551. °",73.28
4,1980s/1983-10-13_491182_October_13_1983.pdf,1983-10-13,1,other_non_table_material,"1/ REPRESEBTS ACCCONTS OF INDIVIDUALS, PARTWERSHIPS, ABD CORPORATIONS AND OF STATES AND POLITICAL
SUBDIVISIONS.
2/ ACCOUNTS AUTHORIZED POR MEGOTIABLE ORDERS OF WITHDRAWAL (NOW) AMD ACCOUNTS AUTHORIZED POR AUTOMATIC
TRABSFER TO DEBAMD DEPOSITS (ATS). ATS DATA AVAILABILITY STARTS WITH DECESBEB 1978.
D 3/ BXCLUDES ATS AND NOW ACCOUNTS, BSHDA, AWD SPECIAL CLUB ACCOUBTS, SUCH AS CHRISTRAS ABD VACATION CLOPS.
MOTE: HISTOSICAL DATA POR DESAND DEPOSITS ARE AVAILABLE BACK TO 1970 ESTIMATED IM PART PROM THZ DEBITS
SERIES POR 233 SMHSA°S WHICH WERE AVAILABLE THROUGH JUNE 1977. HISTORICAL DATA FOP ATS/NOW AND
SAVINGS DEPOSITS ARE AVAILABLE BACK TO JULY 1977. BACK DATA ARE AVAILABLE OB BECUEST PRON BAUKING
SECTION, DIVISION OP BESEABCH AMD STATISTICS, BOARD OF GOVERNCRS OF THE PEDERAL RESERVE SYSTEB,
WASHIBGTON, D.C. 20551.",80.96
4,1980s/1983-10-13_491182_October_13_1983.pdf,1983-10-13,2,other_non_table_material,"REPRESENTS ACCOUNTS OF INDIVIDUALS, PARTNERSHIPS, ABD CCRPORATIONS AND OF STATES AND POLITICAL OT
SUBDIVISIONS.
2/ ACCCUNTS AUTHORIZED POR NEGOTIABLE ORDERS OF WITHDRAWAL (NOW) AND ACCOUNTS AUTHORIZED POR AUTOMATIC
TRAMSPER TO DEMAND DEPOSITS (ATS). ATS DATA AVAILABILITY STARTS WITH DECEABEB 1978. r
3/ MOMEY MARKET DBPCSIZ ACCOUNTS.
G/ EXCLUDES ATS AMD HOW ACCOUNTS, BMDA, AND SPECIAL CLUB ACCOUNTS, SUCH AS CHRISTAAS AUD VACATION CLUBS.
WOTE: HISTORICAL DATA POR DEBAND DEPOSITS ABE AVAILABLE BACK TO 1970 BSTIMATED IN PART FROM THE DEBITS
SERIES FOR 233 SMSA‘'S WHICH WERE AVAILABLE THB8OUGH JUNE 1977. HISTORICAL DATA POR ATS/NOW AND
SAVINGS DEPOSITS ARE AVAILABLE BACK TO JULY 1977. BACK DATA ABE AVAILABLE C8 REQUEST PROS BASKING
SECTION, DIVISION OF RESEARCH AND STATISTICS, BOARD OP GOVERMORS OP THE PEDERAL RESERVE SYSTEN,
WASHINGTON, D.C. 20551.
for FRASER",77.44
4,1980s/1983-11-17_491183_November_17_1983.pdf,1983-11-17,1,other_non_table_material,"1/ REPRESENTS ACCOUNTS OP INDIVIDUALS, PAKTNEBSHIPS, AND CORPORATIONS AMD OP STATES AND POLITICAL
SUBDIVISIONS.
2/ ACCOUNTS AUTHOBIZED FOR NEGOTIABLE CRDERS OF WITHOKAWAL (NOW) AWD ACCOUNTS AUTHCRIZED POR AUTORATIC
@ TRANSFER TO DENAWD DEPOSITS (ATS). ATS DATA AVAILABALITY STARTS WITH DECEMBER 1978.
3/ EXCLUDES ATS AND NOW ACCOUNTS, MNDA, AND SPECIAL CLUB ACCOUNTS, SOCR AS CHRISTSAS AND VACATION CLUBS.
NOTE: WISTOBRICAL DATA POR DEMAND DEPOSIIS ARE AVAILABLE BACK TO 1970 SSTIMATED IN PART PRCA THE DEBITS
SERIES POR 233 SMSA'S WHICH WERE AVAILABLE THROUGH JUBZ 1977. HISTORICAL DATA FOR ATS/WOW ABD
SAVINGS DEPOSITS ARE AVAILABLE BACK TO JULY 1977. BACK DATA ARE AVAILABLE ON REQUEST PROK BANKING
SECTIOS, DIVISION OP RESEARCH AND STATISTICS, BOAKO OF GOVBRNORS OF THE PEDBBAL RESERVE SYSTES,
WASHINGTON, D.C. 20551.",81.05
4,1980s/1983-11-17_491183_November_17_1983.pdf,1983-11-17,2,footnotes,"1/ REPRESENTS ACCOUNTS OP INDIVIDUALS, PARTHERSHIPS, AND CORPORATIONS AND OF STATES AND POLITICAL
2/7 ACCOUNTS AUTHORIZED POR WEGOTIABLE ORDERS OF WITHDRATAL (WOW) ABD ACCOUNTS AUTHORIZED FOR ADTOBATIC eS
SUBDIVISIONS.
TRASSPER TO DEMAND DEPOSITS (ATS). ATS DATA AVAILABILITY STARTS WITH DECESBER 1978.
3/ MONEY MARKET DEPOSIT ACCOUNTS.
U/ EXCLUDES ATS AND NOW ACCOUNTS, MMDA, AND SPECIAL CLUB ACCOUNTS, SUCH AS CABISTMAS ABD VACATION CLOBS. |
WOTE: HISTORICAL DATA POR DEMAND DEPOSITS ARE AVAILABLE BACK TO 1970 ESTESATED IB PART FRON THE DEBITS
SERIES POR 233 SSSA°S WHICH WEHE AVAILADLE THROUGH JUNE 1977. HISTORICAL DATA POR ATS/WOW ABD |
SAVINGS DEPOSITS ARE AVAILABLE BACK TO JULY 1977. BACK DATA ARE AVAILABLE ON BEQUEST PROM BANKING
SECTION, DIVISION OF RESEARCH ABD STATISTICS, BOARD OP GOVBREORS OF THE PEDERAL RESERVE S¥STEA,
WASBINGTON, D.C. 20551.
for FRASER",78.06
4,1980s/1983-12-27_491184_December_27_1983.pdf,1983-12-27,1,footnotes,"es
47 REPRESENTS ACCOUNTS OF IUDIVICUALS, PARTBEGSHIPS, AMO CORPORATIONS AUD OF STATES AMD POLITICAL
SUSDIVISIONS.
2/ ACCOUNTS AUTHORIZED FOR MEGCTIAELE GROEES OP WITHDRABAL (NOW) AWO ACCOUNTS AUTHOBIZED FOR AUTOMATIC
TRANSFER TO DEMAND DEPOSITS (ATS). ATS CATA AVAILABILITY STARTS WITH DECEBBER 1978.
3/ MOWEY MARKET DEFOSI2 ACCCUNTS.
8/ BXCLODES ATS AMD NOW ACCOUNTS, SMDA, AND SPECIAL CLUB ACCOUNTS, SUCH AS CHBISTBAS AND VACATICH CLUBS.
e NOTE: HISTORICAL DATA FGR DEMAND DEPOSITS ABE AVAILABLE BACK TO 1970 ESTIGATED 1 PART PRCA THE DEBITS
SERIZS FOR 233 SNSA°S WHICH WERE AVAILABLE THROUGH JUME 1977. HISTORICAL DATA POR ATS/HO@ AND
SAVINGS DEPOSITS ARE AVALLAELE BACK 10 JULY 1977. BACK DATA ARE AVALLAELE CB BEQUEST PRCS BARKING
SECTION, DIVISICN OF RESEARCH AUD STATISTICS, BOARD OF GOVESNCHS OF THE PEDEBAL BESERVE SYSTES,
WASHINGTON, D.C. 20551.",65.38
4,1980s/1983-12-27_491184_December_27_1983.pdf,1983-12-27,2,other_non_table_material,"1/ BEPRESEMTS ACCOUNTS OP INCIVICUALS, PARTKESHIPS, AND CORPURATIOUS AND OF STATES AMD POLITICAL
SUBDIVISIONS.
2/ ACCOUNTS AUTHORIZED POR HEGCTIABLE GRDESS CF WITHOPA@AL (NOW) AND ACCOUNTS AUTHORIZED FOR AUTOMATIC
TRAMSPER TO DESAND DEPOSITS (ATS). ATS CATA AVAILABILITY STABTS WITH DECEABER 1978.
3/ BICLODES ATS AND WOW ACCOUNTS, SADA, AMO SPECIAL CLUB ACCOUNTS, SUCH AS CHRISTHAS ABD VACATION CLUBS.
VOTE: HISTORICAL DATA FCB DEMAND DEPOSITS ARE AVAILABLE BACK TO 1970 ESTI@ATEC 1M PART PRCK THE DEEITS
SPRIES POR 233 SASA*°S WHICH WERE AVAILABLE THROUGH JUME 1977. HISTUBICAL DATA PO ATS/NCW AND
SAVINGS DEPOSITS ARE AVAILAELE BACK TO JULY 1977. BACK OATA ARE AVAILAELE CB REQUEST PRON PABKING ®@
SECTION, DIVISION OF RESEARCH AND STATISTICS, BOAKD OP GUVERBOBS OF THE PECERAL RESERVE SYSTER,
WASHINGTOB, D.C. 20551.",74.28
4,1980s/1984-01-10_491185_January_10_1984.pdf,1984-01-10,1,other_non_table_material,"| 1/ REPRESENTS ACCOUNTS OF INDIVIDUALS, PARTNERSHIPS, AND CORPORATIONS AND OF STATES AND POLITICAL
SOBDIVISIONS. . .
2/ ACCOUNTS AUTHORIZED POR NEGOTIABLE ORDERS OF WITHDRAWAL (WOW) AWD ACCOUNTS AUTHORIZED POR AUTORATIC
e TRAWSPER TO DEMAND DEPOSITS (ATS). ATS DATA AVAILABILITY STARTS WITH DECEABER 1978.
| 3/ EXCLUDES ATS AND WOW ACCOUNTS, AADA, AND SPECIAL CLOB ACCOUNTS, SUCH AS CHRISTAAS ABD VACATION CLUBS.
NOTE: HISTORICAL DATA FOR DEMAND DEPOSITS ARE AVAILABLE BACK TO 1970 ESTIMATED IN PART PRON THE DEPITS
| SERIES FOR 233 SASA*°S WHICH WERE AVAILABLE THROUGH JONZ 1977. AISTORICAL DATA POR ATS/BOW ABD
SAVINGS DEPOSITS ARE AVAILABLE BACK TO JOLY 1977. BACK DATA AR@ AVAILABLE ON BEQUEST PROM BANKING
SECTION, DIVISION OF RESEARCH ABD STATISTICS, BORED OF GOVERNORS OP THB PEDERAL RESERYR SYSTER,
WASHINGTOB, D.C. 20551.
le",74.72
4,1980s/1984-01-10_491185_January_10_1984.pdf,1984-01-10,2,other_non_table_material,"1/ REPRESENTS ACCOUNTS OF INDIVIDUALS, PARTUERSAIPS, ABD CORPORATIONS ABD OF STATES AND POLITICAL
SUBDIVISIONS.
2/ ACCOUNTS AUTHORIZED POR NEGOTIABLE ORDERS OF HITHDRAWAL (BOT) AND ACCOUNTS AUTHORIZED POR AUTORATIC
TRANSPER TO DERABD DEPOSITS (ATS). ATS DATA AVAILABILITY STARTS WITH DECEABER 1976. e
3/ HONEY BABKET DEPOSIT ACCOUNTS.
&/ BICLUDES ATS AWD NOW ACCOUNTS, ABDA, ABD SPECIAL CLUB ACCOUNTS, SUCH AS CHRISTAAS AND VACATION CLUBS.
- ORR: HISTORICAL DATA POR DESASD DEPOSITS ARB AVAILABLE BACK TO 1970 ESTIBATED IB PART PROM THE DEBITS
SERIES FOR 233 SMSA°S WHICH WERE AVAILABLE THROUGH JUNE 1977. SISTORICAL DATA POR ATS/HOW AND
SAVINGS DEPOSITS ARE AVAILABLE BACK TO JOLY 1977. BACK DATA ARE AVAILABLE O8 REQUEST PROE BANKING
SECTION, DIVISION OF RESEARCH ABD STATISTICS, BOARD OF GOVEREORS OF THE FEDERAL RESERVE SYSTEA,
WASHIEGTOB, D.C. 20551.",66.25
4,1980s/1984-02-13_491186_February_13_1984.pdf,1984-02-13,1,other_non_table_material,"WASHIBG‘O2, D.C. 20551.
for FRASER",75.23
4,1980s/1984-02-13_491186_February_13_1984.pdf,1984-02-13,2,other_non_table_material,"1/ REPRESENTS ACCOUNTS OP INDIVIDUALS, PARTNERSHIPS, AND CORPORATIONS ABD OF STATES ABD POLITICAL
SUBDIVISIONS.
2/ ACCOUSTS AUTHORIZED POR NEGOTIABLE Oa@Dz2BS OF WITHDRAWAL (NOW) AWD ACCOUNTS AOTHORIZED POR AUTOMATIC
TRAWSPER TO DEMAND DEPOSITS (ATS). ATS DATA AVAILABILITY STARTS WITA DECROBER 1978,
3/ EXCLUDES ATS ABD BOW ACCOUNTS, RADA, AUD SPECIAL CLUB ACCOUNTS, SOCH AS CHRISTMAS AND VACATION CLUBS. e
NOTE: HISTORICAL DATA POR DESAND DEPOSITS ARE AVAILABLE BACK TO 1970 ESTIMATED IB PART PROS THE DEBITS
SERIES POR 233 SMSA’°S WHICH WERE AVAILAPLP THROUGH JUNE 1977. HISTORICAL DATA POR ATS/BOW AUD
SAVINGS DEPOSITS ARZ AVAILABLE BACK TO JCLY 1977. BACK DATA ARE AVAILABLE OWN REQUEST FROS BANKING
SECTION, DIVISION OP RESEARCH AND STATISTICS, BOARD OF GOVERNORS OF THE FEDERAL RESERVE SISTER,
WASHINGTON, D.C. 20551.
Jigitized for FRASER @",78.34
4,1980s/1984-03-20_491187_March_20_1984.pdf,1984-03-20,1,other_non_table_material,"1/ REPRESENTS ACCOUNTS OF INDIVIDUALS, PARTNERSHIPS, AND CORPORATIONS ABD OF STATES AND POLITICAL —
SUBDIVISIONS.",77.63
4,1980s/1984-03-20_491187_March_20_1984.pdf,1984-03-20,2,footnotes,"1
1/ BEPRESEWTS ACCOUSTS OF INDIVIDUALS, PABTNEBSHIPS, AND CORPORATIONS ABD OP STATES AND POLITICAL
SUBDIVISIONS.
2/ ACCOUNTS AUTHORIZED POR BEGOTIABLE ORDERS OP BITHDRAWAL (BOW) AND ACCOUNTS AUTHORIZED POR AUTORATIC
TRABSPER TO DEMABD DEPOSITS (ATS). ATS DATA AVAILABILITY STARTS WITH DECBABEB 1978.
3/ SOBEY HARKET DEPCSIT ACCOUNTS.
&/ EXCLUDES ATS AND 8O® ACCOUNTS, SBDA, AND SPECIAL CLUB ACCOUBTS, SOCH AS CHRISTBAS AND VACATION CLUBS. rT )
NOTE: BISTOBICAL DATA FOR DEMAND CEPOSITS ARE AVAILABLE BACK TO 1970 BSTEBATED IW PART PROA THE DEBITS
SEREBS POR 233 SBSA°S WHICH BBRE AVAILABLE THROUGH SURE 1977. SISTORICAL CATA POR ATS/HOW ABD
SAVEUGS DEPOSITS ARE AVAILABLE BACK TO JOLY 1977. BACK DATA ARE AVAILABLE OB REQUEST PROM BARKING
SECTION, DIVISION OF RESEARCH ABD STATISTICS, BOARD OF GOVERNORS OF THE PEDEBAL RESERVE SYSTES,
WASHIBGTOB, D.C. 20551. ’",73.5
4,1980s/1984-04-17_491188_April_17_1984.pdf,1984-04-17,2,footnotes,"7 1/. REPRESENTS ACCOUNTS OF INCDIVICUALS, PARINEFSHIPS, AWD CCRPCBATICOS AND CE STATES AND ECLITICAL ~~
SUBDIVISIONS.
2/ ACCOUNTS AUTHOBIZED FOR WEGOTIAELE C@CEBS CP WITHCRAWAL (NCW) AND ACCGUNIS AUTHCBEIZED FOG AUTOBATIC
TRAUSPER TO DEMAND CEPCSITS (aTS). ATS CATA AVAILABILITY STABIS b11H CECEBEES 1978.
3/ MONEY MARKET DBEFOSIT ACCOUNTS.
u/s BXCLUDES ATS AND NCK ACCOUNTS, BMCA, AND SFECIAL CLUB ACCOUNTS, SOCH AS CHBISTPAS AbD VACATICH CLUES.
WOTE: HISTORICAL DATA PCR DEMANC CEPOSITS ABE AVAILAELE EACK TC 1970 ESTIBATEC Ih EABT ERCE THE CEEITS
SERIES FOB 233 SBSA°S WHICB WARE AVAILAELE THROOGH JUNE 1977. BISTCSICAL CATA ECB ATS/HCH AND
SAVINGS DEPOSITS ARE AVAILAELE BACK TC JULY 1977. BACK DATA ARE AVAILAELE Cb BECUEST PRCE EABRIDG
SECTION, DIVISICU OF RESEARCH AND STATISTICS, BOARD OF GOVERUCES CF THE FELEFAL RESERVE SYSTEA, €
Digitized for FRASRARERGION. 0-C- 20551-",68.19
4,1980s/1984-05-11_491189_May_11_1984.pdf,1984-05-11,1,other_non_table_material,"————— ae ee ee -——————
1/ REPRESENTS ACCOUNTS OP INDIVIDUALS, PARTNERSHIPS, AMD CORPORATIONS AND OP STATPS AND POLITICAL
SUBDIVISIONS. :
le 2/ ACCOUNTS AUTHORIZED POR NEGOTIABLE ORDERS OF WITHDRAWAL (NOW) AND ACCOUNTS AOTHORIZED POR AUTOMATIC
TRAUSPER TO DESAMD DEPOSITS (ATS). ATS DATA AVAILABILITY STARTS WITH DECEMBER 1978.
3/ EXCLUDES ATS AND NOW ACCOUNTS, NADA, AND SPECIAL CLUB ACCOUNTS, SUCH AS CHRISTMAS AND VACATION CLIIRS.
MOTE: HISTORICAL DATA POR DEMAND DEPOSITS ARB AVAILABLE BACK TO 1970 RSTIMATED IN PART PROS THE DEBITS
SERIES POR 233 SHSA'S GHICA WERP AVAILABLE THROUGH JONE 1977. HISTORICAL DATA POR ATS/NOW AND
SAVINGS DEPOSITS ARE AVAILABLE BACK TO JULY 1977. BACK DATA ARP AVAILABLE ON REQUEST PROM BANKING
SECTION, DIVISION OF 2ESEARCH AND STATISTICS, BOARD OF GOVERNORS OP THE FEDPRAL RESERVE SYSTFM,
| WASHINGTON, D.C. 20551.",76.44
4,1980s/1984-05-11_491189_May_11_1984.pdf,1984-05-11,2,other_non_table_material,"ok.
1/ REPRESENTS ACCOUNTS OF INDIVIDUALS, PARTNERSHIPS, ABD CORPORATIONS AND OF STATES AND POLITICAL
SUBDIVISIONS. @
2/ ACCOUNTS AUTHORIZED FOR NEGOTIABLE ORDERS OF WITHDRAWAL (NOW) AND ACCOUNTS AUTHORIZED FOR AUTOMATIC
TRANSPEB TO OEBMAWD DEPOSITS (ATS). ATS DATA AVAILABILITY STARTS WITH DECEMBER 1978.
3/ SOMEY MARKET DEPOSIT ACCOUNTS.
4/ EXCLUDES ATS AND WOW ACCOUNTS, MAOA, AWD SPECIAL CLUB ACCOUNTS, SOCH AS CHRISTMAS AND VACATIOW CLUBS.
MOTE: HISTORICAL DATA FOR DESAND DEPOSITS ARF AVAILABLE BACK TO 1970 RSTIAATED IM PART PROM THE DEBITS
SERIES POR 233 SMSA'S WHICH WPRE AVAILABLE THROUGH JUNP 1977. HISTORICAL DATA POR ATS/WOW AND
SAVINGS DEPOSITS ARE AVAILABLE BACK TO JOLY 1977. BACK DATA ABE AVAILABLE ON REQUEST PRON BANKING
SECTION, DIVISION OF RESEARCH AND STATISTICS, BOARD OF GOVFRNOBS OP THE PEDERAL RRSERVE SYSTEM,
WASHINGTON, D.C. 20551. e
for FRASER",81.56
4,1980s/1984-06-15_491190_June_15_1984.pdf,1984-06-15,1,footnotes,"1/ REPRESESTS ACCOONTS OF INDIVIDUALS, PABTNZBSHIPS, AWD CORPORATIONS AWD OP STATES AND POLITICAL
SUBDIVISIONS.
2/7 ACCOUNTS AUTHORIZED POR NEGOTIABLE ORDESS OF WITHDRAWAL (NOW) AND ACCOUNTS AUTHORIZED roR AUTONATIC
TRAUSPER TO DENABD DEPOSITS (ATS). ATS CATA AVAILABILITY STARTS BITH DECRSBER 1978.
e 3/ BOMEY BSARKET OEZPOSIZ aCcouNTS.
4/ EXCLUDES ATS ABD WOW ACCOUNTS, MADA, AND SPECIAL CLUB ACCOUNTS, SUCH AS CHRISTHAS ABD VACATION CLUBS.
MOTE: HISTORICAL DATA POR DEMAND DEPOSITS ARE AVAILABLE BACK TO 1970 ESTIMATED IB PART PROM THE DEBITS
SERIES POR 233 SASA*S WHICH WERE AVAILABLE THROUGH JUNE 1977. HISTORICAL DATA POR ATS/NOW ABD
SAVINGS DEPOSITS ARE AVAILABLE BACK TO JULY 1977. BACK DATA ARE AVAILABLE OW REQUEST PROS BANKING
SECTION, DIVISION OF RESEARCH AND STATISTICS, BOARD OF GOVERUORS OF TRE PRDERAL RESERVE SYSTER,
WASHINGTON, D.C. 20551.
for FRASER",79.44
4,1980s/1984-07-13_491191_July_13_1984.pdf,1984-07-13,1,other_non_table_material,"1/ REPRESESTS ACCOOTS OF INDIVIDUALS, PABTMERSHIPS, ABD CORPORATIONS ABD OF STATES ABD POLITICAL
SUBDIVISIOxS.
2/ ACCOUNTS AUTHORIZED FOK BEGOTIABLE ORDESS OF SITHDRABAL (OU) AND ACCOUNTS AUTBORIZED POR AUTOMATIC
TRABSPER TO DEBABD DEPOSITS (ATS). ATS CATA AVAILABILITY STARTS GITH DECENBER 1978.
3/ SOSEY HARKET DEPOSIT ACCOUSTS.
&/ BXCLUDES ATS ABD BOW ACCOUNTS, AADA, AND SPECIAL CLUB ACCOUNTS, SUCH AS CHRISTHSAS ASD VACATION CLUBS.
BOTEs SISTORICAL DATA POR DESAND DEPOSITS AGE AVAILABLE BACK TO 1970 SSTIMATED IB PART PROS THE OLSITS
SERIES POR 233 SBSA‘°S WHICH WERE AVAILABLE THROUGH JUNE 1977. BISTORICAL DATA POR ATS/BOW ABD
SAVINGS DEPOSITS ARE AVAILABLE BACK TO JULY 1977. BACK DATA ARE AVAILABLE O8 REQUEST PRON BARKING
SECTION, DIVISION OF RESEARCH ABD STATISTICS, BOARD OP GOVERNORS OF THE FEDERAL RESERVE SISTER,
SASEIBGTOB, D.C. 20551.
for FRASER",70.04
4,1980s/1984-07-13_491191_July_13_1984.pdf,1984-07-13,2,other_non_table_material,"1/ RBEPRESEBSTS ACCOUBTS OF IBDIVIDUALS, PABTBEBSHIPS, ABD CORPORATIONS ABD OF STATES ABD POLITICAL
SUBDIVISIONS.
2/ =accossts AUTHORIZED POR BEGOTIABLE ORDERS OF UITAHDRABAL (SOB) ABD ACCOGBTS AUTHORIZED FOR AUTOMATIC q
YRABSPER TO DESABD DEPOSITS (ATS). ATS OATA AVAILABILITY STARTS GITH DECEABER 1978,
3/ RICLUDES ATS ABD SOB ACCOUNTS, SHDA, AND SPECIAL CLUB ACCOUBTS, SUCH AS CHEISTHAS ABD VACATION CLUBS.
NOTE: HISTORICAL DATA FOR DESAND OEBPOSITS ARE AVAILABLE BACK TO 197@ BSTINATED IB PART FROA THE DEBITS
SERIES POR 233 SBHSA'S BHICH HERE AVAILABLE THROUGS JUNE 1977. BXSTORICAL DATA POR ATS/BOU ABD
SAVINGS DEPOSITS ARE AVAILABLE BACK TO JOLY 1977. BACK DATA ARB AVAILABLE OF BEQUEST PROR BARKING
SBCTION, DIVISION OF RESEARCH AND STATISTICS, BOARD OF GOVERBORS OF THE PEDEBAL RESERVE SISTEA,
BASAIUGTOB, D.C. 20551.
Jigitized for FRASER ‘",67.67
4,1980s/1984-08-13_491192_August_13_1984.pdf,1984-08-13,1,other_non_table_material,"1/ BSEPRESESTS ACCOUNTS OF IADIVIDUALS, PARTBEBSAIPS, ABD CORPORATIORS ABD OF STATES ABD POLITICAL
SUBDIVISIONS. .
2/ ACCOUNTS AUTHORIZED FOR BEGOTIABLE ORDERS OF SITHDRASAL (NOW) ABD ACCOUBSS AUTSORIZED FOR ADTOSATIC
TRABSPER TO DEBAABD DEPOSITS (ATS). ATS SATA AVAILABILITY SEARTS BITE DECRSBER 1978.
3/ BOBBY SARKET DEPOSIT aCcousTS. .
&/ BICLODES ATS AND HOW ACCOUNTS, EDA, AND SPECIAL CLUB ACCOUNTS, SUCH AS CMRISTSAS AND VACATION CLUBS.
MOTE: HISTORICAL DATA FOR DESAND DEPOSITS ABE AVAILABLE BACK TO 1970 BSTISATED IB PART FROM TBR OEBITS
@ SERIES POR 233 SHSA‘S WHICH UERE AVAILABLE THROUGH JOBE 1977. SISTORICAL DATA POR ATS/BO™ ABD
SAYINGS DEPOSITS ARE AVAILABLE BACK TO JULY 1977. BACK DATA ARE AVAILABLE O8 BEQUEST PROM BANKING .
SECTION, DIVISION OF BBSEARCH AND STATISTICS, BOARD OP GOVERSORS OF THE PEDEBAL RESERVE SISTA,
WASHINGTON, D.C. 20551.
for FRASER",71.45
4,1980s/1984-08-13_491192_August_13_1984.pdf,1984-08-13,2,footnotes,"e
14 REPRESEBTS ACCOUNTS OF INDIVIDUALS, PARTBERSEIPS, ABD CORPORATIONS AND OF STATAS ABD POLITICAL
SUBDIVISIONS.
2/ ACCOUBTS AGTHORIZED POR BEGOTIABLE ORDERS OF SITHDRASAL (BOE) ABD ACCOUBTS AUTHORIZED POR adTONATIC
TRABSPFER TQ ORBAED DEPOSITS (ATS). ATS DATA AVAILABILITY STARTS SITH DECREBEB 1978.
3/4 BICLEDES ATS ABD BOW ACCOURTS, MEDA, ABD SPECIAL CLUB ACCOUBTS, SOCH AS CBBISTHAS AUD VACATION CLUBS.
NOTE: BISTORICAL DATA POR DEBABD DEPOSITS ARE AVAILABLE BACK TO 1970 ESTIMATED IB PART FROS TEE DEBITS
SERIES FOR 233 SHSA°S SRICH GERE AVAILABLE THROUGH JOBE 1977. BISTORICAL DATA FOR ATS/BOW ABD @
SAVIBGS DEPOSITS ARE AVAILABLE BACK 70 JULY 1977. BACK DATA ARE AVAILABLE CB REQUEST PROM BABKIBC
SECTIOS, OIVISION OF RESSARCE ABD STATISTICS, BOARD OF COVERHORS OF THES PEDEBAL RESERUS SISTES,
WASEIBGTOB, D.C. 20551.
igitized for FRASER",67.49
4,1980s/1984-09-11_491193_September_11_1984.pdf,1984-09-11,1,other_non_table_material,"1/ REPRESEBTS ACCOUNTS OF INDIVIDUALS, PASTNERSHIPS, AUN CORPORATIONS AND OP STATES AND POLITICAL
SUBDIVISIONS.
2/ ACCOONTS AUTHORIZED POR NEGOTIABLE ORDERS OP WITHDRAWAL (HOW) AND ACCOUNTS AUTACRIZZD FOR AUTOMATIC
TRANSFER TO DERAND DZPOSITS (ATS). ATS DATA AVAILABILITY STARTS WITH DECEREER 1978.
3/ EXCLODES ATS AND HOW ACCOUNTS, AADA, AND SPECIAL CLOB ACCOUNTS, SOCA AS CHRISTAAS AWD VACATION CLOBS.
@ MOTE: HISTORICAL DATA POR DESAND DEPOSITS ABE AVAILABL2 BACK TO 1970 SSTIMATLO IB PART PROA THE OEBITS
SERIES POR 233 SMSA'S WHICH WERE AVAILABLE THROUGH JUNE 1977. BISTORICAL DATA POR ATS/¥ON ABD
SAVINGS DEPOSITS ARB AVAILABLE BACK TO JULY 1977. BACK DATA ARE AVAILABLE ON REQUEST PROM BANKING
SECTION, DIVISION OF RESEARCH AWD STATISTICS, BOARD OP GOVERBOSS OF THE PROEZRAL PRESERVE SYSTES,
WASHIBGTOB, D.C. 20551,
Jigitized for FRASER",75.34
4,1980s/1984-09-11_491193_September_11_1984.pdf,1984-09-11,2,other_non_table_material,"1/ REPRESENTS ACCOUBTS OF INDIVIDUALS, PARTNERSHIPS, ABO CORPORATIORS ABD OF STATES AND POLITICAL
SUBDIVISIONS.
2/ ACCOUNTS AUTHOSIZED POR BEGCTIABLE ORDERS OF WITHDRAWAL (NOW) AND ACCOOMTS AUTBORIZED FOR AUTOBATIC
TRABSPER TO DEMAND DEPOSITS (ATS). ATS CATA AVAILABILITY STARTS BITH DECEABES 1978.
B/ EXCLODES ATS AND BOW ACCOUNTS, AMADA, ABD SPECIAL CLUB ACCODNTS, SOCH AS CARISTBAS AND VACATION CLUBS. ®
3/ SOMBY KARKET DEPOSIT ACCOOETS.
OTE: BISTORICAL DATA POR DEMAND DEPOSITS ARE AVAILABLE BACK TO 1970 ESTIMATED IM PART PRON TAE DEBITS
SERIES POS 233 SMSA*°S WAICH WERE AVAILABLE THROUGH JOE 1977. BISTORICAL DATA FOR ATS/HOW ABD
SAVIBGS DEPOSITS ARE AVAILABLE BACK TO JULY 1977. BACK DATA ABE AVAILABLE Of REQUEST FROM BAUEIEG
SECTIOB, DIVISION OF BESZARCH ABD STATISTICS, BOARD OF GOVERBORS OF THE FEDERAL RESERVE SISTER,
VASBINGTOB, D.C. 20551.",73.6
4,1980s/1984-10-15_491194_October_15_1984.pdf,1984-10-15,1,other_non_table_material,"1/ REPRESEWTS ACCOUNTS OF IUDIVIDUALS, PARTNERSHIPS, AND COBPORATIONS AMD OF STATES AMD POLITICAL
SUBLCIVISIONS.
27 ACCOUNTS AUTHORIZED FOR BEGOTIABLE ORDERS OP WITHORAWAL (NOW) AND ACCOUNTS AUTRORIZED POR AUTOMATIC
TRASSPER TO DEMAND DEPOSITS (ATS). ATS DATA AVAILABILITY STARTS GITH DECESBER 1976.
3/ EXCLUDES ATS AND NOW ACCOUNTS, BADA, AND SPECIAL CLUB ACCOUNTS, SUCH AS CHRISTBAS AMD VACATION CLOES.
NOTE: HISTORICAL DATA FOR DENAMD DEPOSITS ABE AVAILABLE BACK TO 1970 SSTIBATEC IM PART PROM THE DEBITS
SERIES FOB 233 SNSA'S WHICH WERE AVAILABLE THROUGH JUNE 1977. HISTORICAL DATA FOR ATS/HOW AUD
SAVINGS DEPCSITS ARE AVAILABLE BACK TO JULY 1977. BACK DATA ABE AVAILAELE ON BEQUEST PROA BARKING
SECTION, DIVISIGH OF RESEARCH AMD STATISTICS, BOARD OF GOVERNORS OF THE FEDERAL RESERVE SYSTEA,
WASHINGTON, D.C. 20551.
for FRASER",79.37
4,1980s/1984-10-15_491194_October_15_1984.pdf,1984-10-15,2,other_non_table_material,"1/ REPRESEWTS ACCOUMTS OP INDIVIDUALS, PABTHERSBIPS, AND CORPORATIONS AMD OP STATES AND POLITICAL
SUBDIVISIONS.
2/ ACCOUNTS AUTHORIZED POR NEGCTIABLE CRDEBS OP WITHDRAWAL (NOW) AND ACCOUNTS AUTHORIZED FOR AUTOMATIC
TRANSPER TO DESAWD DEPOSITS (ATS). ATS CATA AVAILABILITY STARTS WITH DECEMBER 1978.
3/ SOWEZY MARKET OBPOSIT aCCouNTS.
4/ EXCLUDES ATS ABD NOW ACCOUNTS, SADA, AND SPECIAL CLUB ACCOUNTS, SOCA AS CH&ISTAAS AND VACATION CLUBS. «
MOTE: HISTORICAL DATA POR DESAND CBPOSITS ARE AVAILABLE BACK 70 1970 SSTIMATED LW PART PRCA THE DEBITS
SERIES FOR 233 SSSA'S WHICH WEKE AVAILABLE THROUGH JUNE 1977. WISTORICAL DATA POR ATS/WOW AWD
SAVINGS DEPOSITS ARE AVAILABLE BACK TO JULY 1977. SACK DATA ARE AVAILAELE OM BEQUEST PROS BANKING
SECTION, DIVISION OF RESEARCH AND STATISTICS, BOARD OF GOVERNORS OF THE FEDESAL RESERVE SYSTES,
WASHINGTON, D.C. 20551,
Jigitized for FRASER bs",71.54
4,1980s/1984-11-20_491195_November_20_1984.pdf,1984-11-20,1,other_non_table_material,"1/ REPRESEBTS ACCOUNTS OF INDIVIDUALS, PARINERSHIPS, AND CORPORATIONS AMD OF STATES AND POLITICAL
SUBDIVISIONS.
e 2/ ACCOUNTS AUTHORIZED FOR NEGOTIABLE ORDERS OP WITHDRAWAL (NOW) AND ACCOUNTS AUTHORIZED FOR ADTOMATIC
TBAMSPER TO DESAND CEPOSITS (ATS). ATS CATA AVAILABILITY STARTS WITH DECEMBER 1978.
3/ BXCLUDES ATS AND NOW ACCOUNTS, MBDA, AND SPECIAL CLUB ACCOUNTS, SUCH AS CHRISTMAS AWD VACATIOW CLUBS.
MOTE: HISTORICAL DATA FOR DEMAND DEPOSITS ARE AVAILABLE BACK TO 1970 ESTIMATED IN PART FROM THE DEBITS
SERIES POR 233 SMSA'S WHICH WEBE AVAILABLE THROUGH JONE 1977. HISTORICAL DATA FOR ATS/NOW AWD
SAVINGS DEPOSITS ARZ AVAILABLE BACK TO JULY 1977. BACK DATA ARE AVAILAPLE CN REQUEST FROM BANKING
SECTION, DIVISION OF KESEARCH AND STATISTICS, BOARD OF GOVERNORS OP THE PEDEBAL RBSERVE SYSTEA,
WASHIBGTOM, D.C. 20551.
for FRASER",85.01
4,1980s/1984-11-20_491195_November_20_1984.pdf,1984-11-20,2,other_non_table_material,"1/ BEPRESENTS ACCOUNTS OF INDIVIDUALS, PARTNERSHIPS, AND CORPORATIONS AND OF STATES AWD POLITICAL
SUBDIVISIONS,
2/ ACCOUNTS AUTHORIZED FOR NEGOTIABLE ORDEBS OP WITHDRAWAL (NOW) AND ACCOUNTS AUTHORIZED FOR AUTOMATIC e
TRAUSPER TO DEMAND DEPOSITS (ATS). ATS DATA AVAILABILITY STARTS WITH DECEMBER 1978.
3/ SONEBY BARKET DEFOSIT ACCOUNTS,
8/ EXCLUDES ATS AND HOW ACCOUNTS, AMDA, AWD SPECIAL CLUB ACCOUNTS, SOCH AS CHRISTBAS AND VACATION CLUBS.
NOTE: HISTORICAL DATA FCR DEMAND DEPOSITS ARE AVAILABLE BACK TO 1970 ESTISATED IM PART PROM THE DEBITS
SERIES POR 233 SMSA°S WHICH WERE AVAILABLE THROUGH JOWE 1977. BISTORICAL DATA FOR ATS/WOW AND
SAVINGS DEPOSITS ARE AVAILABLE BACK TC JULY 1977, BACK DATA ARE AVAILAELE ON REQUEST FROM BANKING
SECTION, DIVISION OP RESEARCH AND STATISTICS, BOARD OF GOVERWORS OF THE FEDEBAL RESERVE SYSTEA,
WASHINGTON, D.C. 20551. e
for FRASER",81.93
4,1980s/1984-12-14_491196_December_14_1984.pdf,1984-12-14,1,footnotes,"1/ REPRESENTS ACCOUBTS OF INDIVIDUALS, PARTHERSAIPS, ABD CORPORATIONS ABD OF STATES AND POLITICAL
» SUBDIVISIONS.
2/7 ACCOUNTS AUTHOBIZED POR BEGOTIABLE ORDERS OF WITHDRAWAL (BOW) AWD ACCOUNTS AUTBORIZED FOR AUTOMATIC
TRANSPPB TO DEMAND DEPOSITS (ATS). ATS DATA AVAILABILITY STARTS WITH DECEMBER 1978.
i 3/ MONEY HASKET DEPOSIT ACCOUNTS.
4/ EXCLUDES ATS ABD WOW ACCOUNTS, HADA, AWD SPECIAL CLUB ACCOUNTS, SOCK AS CBRISTAAS AWD VACATION CLUBS.
BOTE: HISTORICAL DATA POR DEMAND DEPOSITS ARE AVAILABLE BACK TO 1970 ESTIBATED IB PART PRON THE DEBITS
\ SBRIES POR 233 SASA°S WHICH WERE AVAILABLE THOUGH JUNE 1977, BISTORICAL DATA POR ATS/BOW AND
SAVINGS DEPOSITS ARE AVAILABLE BACK TO JULY 1977. BACK DATA ABB AVAILABLE CR REQUEST FROM BANKING
SECTION, DIVISION OF RESEARCR AND STATISTICS, BOARD OP GOVERWORS OF THE PEDERAL RESERVE SYSTEZA,
WASHIEGTOB, D.C. 20551.",68.04
4,1980s/1984-12-14_491196_December_14_1984.pdf,1984-12-14,2,footnotes,"14 BEPRESEBTS ACCOUSTS OF IBDIVIDUALS, PARTHERSBIPS, ABD CORPORATIONS AND OF STATES ABD POLITICAL
SUBDIVISIONS.
2/7 ACCOUNTS AUTHORIZED POR BEGOTIABLE ORDERS OF WITHDRAWAL (NOW) AND ACCOUNTS AUTHORIZED FoR AvTORATIC
TRABSPER TO OEMABD DEPOSITS (ATS). ATS DATA AVAILABILITY STARTS GITH DECERBER 1976.
34 BECLUDES ATS AND BOW ACCOUSTS, ANDA, AUD SPECIAL CLOB ACCOURTS, SOCH AS CARISTBAS AND VACATION CLOBS.
HOTE: BISTORICAL DATA POR DESAND DEPOSITS ARE AVAILABLE BACK TO 1970 RSTIATED IW PART PROS THE DEBITS
SERIES POR 233 SASA°S WHICH WERE AVAILABLE THROUGN JUNE 1977. AISTORICAL DATA FOR ATS/HOW ABD
SAVINGS DEPOSITS ARE AVAILABLE BACK TO JOLY 1977. BACK DATA ARE AVAILABLE OB REQUEST FROM BANKING
| SECTION, DIVISION OF RESEARCH ABD STATISTICS, BOARD OF GOVERNORS OF THE FEDERAL RESERVE SYSTEB, r
| BASHIBGTOB, D.C. 20551.
for FRASER",75.2
4,1980s/1985-01-11_491197_January_11_1985.pdf,1985-01-11,1,other_non_table_material,"14 REPRESERTS ACCOUNTS OF INDIVIDUALS, PARTNERSHIPS, AND CORPORATIONS AND OP STATES AND POLITICAL
SUBDIVISIONS.
2/ ACCOUNTS AUTHORIZED POR NEGOTIABLE ORDERS OP WITHDRAWAL (NOW) AWD ACCOUNTS AUTBORIZED FOR AUTOMATIC
e@ TRAWSPEB TO DEMAND DEPOSITS (ATS). ATS DATA AVAILABILITY STARTS WITH DECEABER 1978.
3/ AOBBY SARKET DEPOSIT ACCOUNTS.
4/ EXCLUDES ATS AND HOW ACCOUNTS, ABDA, AND SPECIAL CLUB ACCOUBTS, SUCH AS CHRISTHAS AND VACATION CLUBS.
NOTE: HISTORICAL DATA POR DEMAND DEPOSITS ARE AVAILABLE BACK TO 1970 ESTISATED I¥ PART FROM THE DEBITS
SERIES POR 233 SHSA'S @HICA WERE AVAILABLE THROUGH JUNE 1977. BISTORICAL DATA POR ATS/HOW AND
SAVINGS DEPOSITS ARE AVAILABLE BACK TO JULY 1977. BACK DATA ARE AVAILABLE OB REQUEST PROA BANKING
SECTION, DIVISION OF RESEARCH AWD STATISTICS, BOARD OF GOVERNORS OP THE PEDERAL RESERVE SYSTEA,
WASHINGTON, D.C. 20551.
for FRASER",81.22
4,1980s/1985-02-12_491198_February_12_1985.pdf,1985-02-12,1,other_non_table_material,"| 1/ REPRESENTS ACCOUNTS OP INDIVIDUALS, PARTNERSHIPS, AND CORPORATIONS AND OF STATES AND POLITICAL
SUBDIVISIONS.
2/ ACCOUNTS AUTHORIZED POR WEGOTIABLE ORDEBS OF WITHDRAWAL (WOW) ABD ACCOUNTS AUTHORIZED POR AUTOMATIC
TRANSPER TO DEMABD DEPOSITS (ATS). ATS DATA AVAILABILITY STARTS WITH DECEMBER 1978.
3/ MONEY MARKET DEPOSIT ACCCUNTS.
@ uy Exciuves ATS AWD NOW ACCOUNTS, AMDA, AND SPECIAL CLUB ACCOUNTS, SUCH AS CHRISTMAS AWD VACATION CLUBS.
WOTE: HISTORICAL DATA FOR DBAAND DFPOSITS ARF AVAILABLE BACK TO 1970 ESTIBATED IN PART PROM THE DEBITS
SERIES FOR 233 SMSh°S WHICH WERE AVAILABLE THROUGH JUNE 1977. HISTORICAL DATA FOR ATS/NOW AND
SAVINGS DEPOSI%S ARE AVAILABLE BACK TO JULY 1977, BACK DATA ARE AVAILABLE ON BEQUEST PROM BANKING
SECTION, DIVISION OF RESEARCH AND STATISTICS, BOARD OF GOVERNORS OF THE PEDERAL RESERVE S¥STEA,
WASHIBGTON, DeC. 20551.
for FRASER",86.29
4,1980s/1985-02-12_491198_February_12_1985.pdf,1985-02-12,2,other_non_table_material,"} 17 REPRESENTS ACCOUNTS OP INDIVIDUALS, PARTNERSHIPS, AND CORPORATIOWS AND OF STATES AND POLITICAL
SUBDIVISIONS.
2/ ACCOUNTS AUTHORIZED FOR NEGOTIABLE ORDERS OF WITHDRAWAL (NOW) AND ACCOUNTS AUTHORIZED FOR AUTOMATIC
TRANSPER TO DEMAND DEPOSITS (ATS). ATS CATA AVAILABILITY STARTS WITH DECEMBER 1976.
3/ EXCLODES ATS AND WOW ACCOUNTS, MBDA, AND SPECIAL CLUB ACCOUNTS, SUCH AS CHRISTAAS AND VACATION CLUBS. e",84.79
4,1980s/1985-03-12_491199_March_12_1985.pdf,1985-03-12,1,other_non_table_material,"@ 1/ REPRESENTS ACCOUNTS OP INDIVIDUALS, PARTNERSHIPS, AND CORPORATIONS AND OF STATES AND POLITICAL
SUBDIVISIONS,
2/ ACCOUNTS AUTHORIZED POR NEGOTIABLE ORDERS OF WITHDRAWAL (NOW) AND ACCOUNTS AUTHORIZED POR AUTOMATIC
TRAMSPER TO DEBAND DEPOSITS (ATS). ATS DATA AVAILABILITY STARTS WITH DECEABER 1978.
3/ MONEY MARKET DEPOSIT ACCOUNTS.
4/ EXCLUDES ATS ABD WOW ACCOUNTS, MMDA, AND SPECIAL CLUB ACCOUNTS, SOCH AS CHRISTMAS AWD VACATION CLOBS.
NOTE: HISTORICAL DATA POR DEMAND DEPOSITS AR® AVAILABLE BACK TO 1970 &STIMATED IN PART PROM THE DEBITS |
SERIES POR 233 SASA'S WAICH WERE AVAILABLE THROUGH JUNE 1977. HISTORICAL DATA POR ATS/NOR® AND |
SAVINGS DEPOSITS ARE AVAILABLE BACK TO JOLY 1977. BACK DATA ABE AVAILABLE CN REQUEST FROM BANKING |
SECTION, DIVISION OF RESEARCH AND STATISTICS, BOARD OP GOVERNORS OP THE PEDERAL RESERVE SYSTEA,
e WASHINGTON, D.C. 20551.
for FRASER",86.71
4,1980s/1985-04-12_491200_April_12_1985.pdf,1985-04-12,1,other_non_table_material,"1/ REPRESENTS ACCOUNTS OP INDIVIDUALS, PARTHERSHIPS, AND CORPORATIONS AND OP STATES AND POLITICAL
SUBDIVISIONS.
2/ ACCOUNTS AUTHORIZED POR NEGOTIABLE ORDERS OP WITHDRAWAL (NOW) AND ACCOUNTS AUTHORIZED FOR AUTOBATIC
@ TRANSPEBR TO DEMAND DEPOSITS (ATS). ATS DATA AVAILABILITY STARTS WITH DECEMBER 1978.
3/ BXCLODES ATS AND NOW ACCOUNTS, MMDA, AND SPECIAL CLUB ACCOUBTS, SOCH AS CHBIST#AS AND VACATION CLUBS.
WOTE: HISTORICAL DATA POR DEMAND DEPOSITS ABE AVAILABLE BACK TO 1970 ESTIMATED IN PART PROM THE DEBITS
SBRIBS POR 233 SHSA'S WHICH WERE AVAILABLE THROUGH JUNE 1977. HISTORICAL DATA FOR ATS/NOW AWD
SAVINGS DEPOSITS ARE AVAILABLE BACK TO JULY 1977. BACK DATA ABZ AVAILAELE CB BEQUEST PROM BANKING
SECTION, DIVISION OF &ESEARCH AND STATISTICS, BOARD OP GOVERNORS OF THE PECEBAL RESERVE SYSTEA,
| WASHIBGTON, D.C. 20551.",86.38
4,1980s/1985-04-12_491200_April_12_1985.pdf,1985-04-12,2,other_non_table_material,"1/ REPRESEBTS ACCOUNTS OF INDIVIDUALS, PABTNERSHIPS, AND CORPORATIONS AND OF STATES AWD POLITICAL |
SUBDIVISIONS. |
2/ ACCOUNTS AUTHORIZED POR NEGOTIABLE CRDEBS OF WITHDRAWAL (NOW) AND ACCOUNTS AUTHORIZED FOR AUTOBATIC
TRANSPER TO DEMAND DEPOSITS (ATS). ATS DATA AVAILABILITY STARTS WITH DECEMEER 1978, t )
3/ MSOWEY AARKET DEPCSIT ACCOUNTS.
4/ BXCLUDES ATS AND WOW ACCOUNTS, SADA, AKD SPECIAL CLUB ACCOUBTS, SUCH AS CHRISTBAS AMD VACATION CLUES.
MOTE: HISTORICAL DATA POR DEMAND DEPOSITS ABE AVAILABLE BACK TO 1970 ESTISATED IN PART FROM THE DEBITS |
SERIES FOR 233 SASA*S WHICH WERE AVAILABLE THROUGH JUNE 1977, HISTORICAL DATA FOR ATS/HOW AND
SAVINGS DEPOSITS ARE AVAILABLE BACK TO JULY 1977. BACK DATA ALE AVAALAELE CN REQUEST FROM BAWKING
SECTION, DIVISION OF RESEARCH AWD STATISTICS, BOARD OF GOVERNORS OF THE FEDEBAL RESERVE SYSTER,
WASHINGTON, D.C. 20851.
for FRASER °",78.25
4,1980s/1985-05-13_491201_May_13_1985.pdf,1985-05-13,2,other_non_table_material,"— a -
1/ REPRESEWTS ACCOOWTS OF INDIVIDUALS, PARTN""RSHIPS, AND CORPOKATICUS AWD OF STATES AWD POLITICAL
SUBDIVISIONS.
2/ ACCOUNTS AUTHORIZED FOR NEGOTIABLE ORDEBS OF WITHDRAWAL (NOW) ABD ACCOUNTS AUTHOBIZED POR AOTOMATIC
TRAWSPER TO DEMAND DEPOSITS (ATS). ATS CATA AVAILABILITY STARTS BITH DECBABER 1978.
4/ EXCLUDES ATS AWD NOW ACCOUNTS, ANDA, AND SPECIAL CLOB ACCOUNTS, SOCH AS CHRISTMAS AND VACATION CLUBS. @
3/ MONEY SARKET DEPOSIT ACCOUNTS.
| MOTE: HISTORICAL DATA FOR DEMAND DEPOSITS ABE AVAILABLE BACK TO 1970 2STIMATED 18 PART PROB THE DEBITS
SERIES FOR 233 SMSA'S WHICH WBRE AVAILABLE THROUGH JUNE 1977. HISTORICAL DATA POR ATS/NOW AND
SAVINGS DEPOSITS ARE AVAILABLE BACK TO JULY 1977. BACK DATA ABE AVAILABLE OW REQUEST PRON BANKING
| SPCTION, DIVISION OF RESEARCA AND STATISTICS, BOARD OF GOVPRNORS OF THE PEDBRAL RESERVE SYSTEA,
WASHINGTON, D.C. 20551.
for FRASER",76.63
4,1980s/1985-06-14_491202_June_14_1985.pdf,1985-06-14,1,other_non_table_material,"1/ RBPRESENTS ACCOUNTS OF IBDIVIDOALS, PARTNERSHIPS, ABD CORPORATIONS AND OF STATES ABD POLITICAL
SOBDIVISIONS.
2/ ACCOUNTS AUTHOBIZED POR NEGOTIABLE ORDERS OP WITHDRAWAL (NOW) AND ACCOONSS AUTBORIZED FOB avTOBATIC
TRAUSPER TO DEMAND DEPOSITS (ATS). ATS CATA AVAILABILITY STARTS G@ITH DEC#BBER 1978.
3/ BONET MARKEY DEPCSIT ACCOUNTS,
4/ EXCLUDES ATS AND HOW ACCOUNTS, SADA, ABD SPECIAL CLUB ACCOUBTS, SUCH AS CABRISTHAS AND VACATION CLOBS.
@ MOTE: HISTORICAL DATA FOR DBAQNC CEPOSITS ARE AVAILABLE BACK TO 1970 BSTISATED IN PART PRON TBE DEBIIS
SEBIES POR 233 SBSA°S SBICH WERE AVAILABLE THROUGH JUNE 1977. BISTORICAL DATA POR ATS/BOW ABD
SAVINGS DEPOSITS ARE AVAILAELE BACK TO JULY 1977. BACK DATA ARB AVAILABLE OW BEQUEST PROM BABKING
SECTION, DIVISION OF RESEARCH AWD STATISTICS, BOARD OF GOVERBORS OF THA FEDERAL RESERYE SYSTEA,
WASHINGTON, D.C. 20551,",76.26
4,1980s/1985-07-12_491203_July_12_1985.pdf,1985-07-12,1,footnotes,"omay |
1/7 REPRESENTS ACCOUNTS OF INDIVIDUALS, PARTNPRSHIPS, AND CORPORATIONS AWD CP STATES AND POLITICAL
SUBDIVISIONS.
@ 2/ ACCOUNTS AUTHORIZED POR NEGOTIABLE ORDERS OP WITHDRAWAL (NOW) AND ACCOUNTS AUTHORIZED POR AUTOMATIC
TRAMSPER TO DEMAND DEPOSITS (ATS). ATS DATA AVAILABILITY STARTS WITH OPCPMEER 1978.
3/. MONEY MARKET DEPOSIT ACCOUNTS.
47 PXCLUDES ATS AWD NOW ACCOUNTS, AMADA, AND SPECIAL CLUS ACCOUNTS, SNCH AS CHRISTMAS AND VACATION CT nBS.
NOTE: HISTORICAL DATA POR DEMAND DEPOSITS ARE AVAILABLE BACK 70 1970 PSTIMATED IW PART PROM THE DEBITS
SERIES POR 233 SHSA°S WHICH WERE AVAILABLE THROUGH JUNP 1977. HYSTORICAL DATA FOR ATS/NOW SND
SAVINGS DEPOSITS ARE AVAILABLE BACK TO JOLY 1977, SACK DATA ARE AVAITLABLP ON R2QUPST PROM RANKING
SECTION, DIVISION OP RESPAPCH AND STATISTICS, ROARM OP GOVERNORS CP THE FEDERAL RESERVE SYSTEM,
e WASHINGTON, D.C. 20551.
for FRASER",77.58
4,1980s/1985-08-12_491204_August_12_1985.pdf,1985-08-12,2,footnotes,"1/. REPRESENTS ACCOUBTS OP INDIVIDUALS, PARTRERSHIPS, AND CORPORATIONS AND OF STATES AND POLITICAL @
SUBDIVISIONS.
2/ ACCOUNTS AUTHORIZED POR NEGOTIABLE ORDERS OF WITHDRAWAL (NOW) AND ACCOOBTS AUTHORIZED FOR AUTOMATIC
| TRAWSFER TO DEMAND DEPOSITS (ATS). ATS CATA AVAILABILITY STARTS WITH DECEABEB 1978.
3/7 EXCLUDES ATS AND WOW ACCOUNTS, BADA, AND SPECIAL CLUB ACCOUNTS, SUCH AS CHRISTMAS AND VACATION CLOBS,
MOTE: HISTORICAL DATA POR DEMAND DEPOSITS ARE AVAILABLE BACK TO 1970 ESTIMATED IN PART PROM THE DEBITS
| SERIES POR 233 SMSA*S WAICH WERE AVAILABLE THROUGH JUNE 1977. HISTORICAL DATA POR ATS/NOW AND
: SAVINGS DEPOSITS ARE AVAILABLE BACK TO JULY 1977. BACK DATA ARE AVAILABLE ON REQUEST FROM BANKING
SECTION, DIVISION OF RESEARCH AWD STATISTICS, BOARD OF GOVBRWORS OP THE FEDERAL RESERVE SISTER,
WASHIRGTON, D.C. 20551. e
for FRASER",80.83
4,1980s/1985-09-13_491205_September_13_1985.pdf,1985-09-13,1,other_non_table_material,"1/ RBPRESESTS ACCOUNTS OP INDIVIDUALS, PARTNERSHIPS, AWD CORPORATIONS AND OP STATES AND POLITICAL
SUBDIVISIONS.
2/ ACCOUNTS AUTHORIZED POR BEGOTIABLE ORDERS OP WITHDRAWAL (NOW) ABD ACCOUBTS AUTHORIZED POR AOTOMATIC
TRABSPER TO DEAAWD DEPOSITS {ATS). ATS DATA AVAILABILITY STARTS SITH DECESBER 1978.
3/ MONEY BABKET DEPOSIT ACCOUNTS.
@/ EXCLUDES ATS AND NOW ACCOUNTS, AADA, AND SPECIAL CLUB ACCOUNTS, SOCH AS CHRISTHAS AWD VACATION CLUBS.
> BOTEZ: HISTORICAL DATA FOR DEMAND DEPOSITS ABE AVAILABLE BACK TO 1970 ESTIMATED I8 PART PROA THE DEBITS
SERIES POR 233 SASA'S GHICH WERE AVAILABLE THROUGH JOWE 1977. BYSTORICAL DATA POR ATS/HO® ABD
SAVINGS DEPOSITS ARE AVAILABLE BACK TO JULY 1977. BACK DATA ARE AVAILABLE OM REQUEST FROG BABKING
SECTION, DIVISION OF BESEZARCH AWD STATISTICS, BOARD OF GOVERNORS OP THE PEDERAL RESERVE SYSTEA,
WASHINGTOB, D.C. 20551,
Jigitized for FRASER",75.29
4,1980s/1985-09-13_491205_September_13_1985.pdf,1985-09-13,2,other_non_table_material,"1/ REPRESESTS ACCOUNTS OP IMDIVIDUALS, PARTNERSHIPS, ABD CORPORATIONS AND OF STATES ABD POLITICAL
SUBDIVISIONS.
| 2/ ACCOUNTS AUTHORIZED POR NEGOTIABLE ORDERS OP WITHDRAWAL (WOW) AND ACCOUNTS AUTHORIZED FOR AUTOMATIC
TRANSPER TO DEAABD DEPOSITS (ATS). ATS DATA AVAILABILITY STARTS WITH DECEMBER 1978.
3/ BXCLUDES ATS AND NOW ACCOUNTS, MBDA, AND SPECIAL CLUB ACCOUNTS, SUCH AS CBRISTHAS AND VACATION CLUBS.
MOTE: HISTORICAL DATA FOR DEMAND DEPOSITS ARE AVAILABLE BACK TO 1970 ESTIMATED IB PART PROS THE DEBITS r
SERIES POR 233 SMSA‘S WHICH WERE AVAILABLE THROUGA JOWE 1977. MISTOBICAL DATA POR ATS/¥OR AND
SAVINGS DEPOSITS ARE AVAILABLE BACK TO JULY 1977. BACK DATA ARE AVAILABLE OW REQUEST FROM BANKING
SECTION, DIVISION OP RESEARCH AND STATISTICS, BOARD OF GOVERWORS OF THE PEDEBAL RESERVE SYSTER,
WASHINGTON, D.C. 20551.
for FRASER",83.24
4,1980s/1985-10-15_491206_October_15_1985.pdf,1985-10-15,1,other_non_table_material,"@ 1/ REPRESENTS ACCOUBTS OF IBDIVIDUALS, PARTHRESHIPS, AND CORPORATIONS AUD OF STATES AMD POLITICAL
SUBDIVISIONS.
2/ ACCOUNTS AUTHORIZED FOR BEGOTIABLE ORDERS OF WITHDRAWAL (HOW) AWD ACCOUSTS AUTHORIZED POR AUTOMATIC
TRAUSPER TO OBBAWD DRPOSITS (ATS). ATS CATA AVAILABILITY STARTS WITH DECEBBER 1976.
3/ ROMRY BARKBT DEPOSIT ACCCONTS.
&/ BICLUDES ATS ABD ROW ACCOUNTS, BADA, AND SPBCIAL CLUB ACCOGMTS, SUCH AS CHRISTAAS ABD VACATIOB CLOBS.
BOTE: HISTORICAL DATA POR OBAAND DEPOSITS ARE AVAILABLE BACK TO 1970 ESTIMATED Ib PART PROB TUB DEBITS
SERIES POR 233 SBSA°S HICH WERE AVAILABLE THROUGH JOBE 1977. HISTORICAL DATA FOR ATS/HOW AND
SAVIBGS DEPOSITS ARE AVAILABLE BACK TO JULY 1977. BACK DATA ARE AVAILABLE OB REQUEST PROM BARKING
| SECTION, DIVISION OF RESEARCH ABD STATISTICS, BOARD OF GOVERNORS OF THE PEDEBAL RESERVE SISTEA,
@ WASHINGTON, D.C. 20551.
ae 2d for FRASER",71.58
4,1980s/1985-10-15_491206_October_15_1985.pdf,1985-10-15,2,other_non_table_material,"1/ REPRESENTS ACCOUNTS OF INDIVIDUALS, PARTNERSHIPS, AND CORPORATIOSS AND OF STA1ES ABD POLITICAL
SUBDIVISIONS.
2/ ACCOUNTS AUTHORIZED FOR BEGOTIABLE ORDERS OF WITHORAWAL (HOW) AND ACCOUBIS AUTBORIZED POR AUTOMATIC
TRABSPER TO DEBABD DEPOSITS (ATS). ATS DATA AVAILABILITY STARTS SITH DECESERBB 1976.
3/ BICLUDES ATS ABD NOW ACCOUBTS, BNDA, AMD SPECIAL CLUB ACCOUNTS, SOCH AS CHRISTMAS AUD VACATION CLUES.
BOTE: HISTORICAL DATA POR DEBAND DEPOSITS ARE AVAILABLE BACK TO 1970 BSTLAATED IN PART PROB THE DEBITS
SERIES POR 233 SMSA‘S WHICH WERE AVAILABLE THROUGH JUWE 1977. AISTORICSL DATA FOR ATS/NOW ABD
SAVINGS DEPOSITS ARE AVAILABLE BACK TO JULY 1977. BACK DATA ARE AVAILACLE CB REQUEST PROS BASKIEG «
SECTION, DIVISION OF RESEARCH AND STATISTICS, BOARD OF GOVERBOSS OF THE PECESAL BESERVE SISTER,
WASHINGTOB, D.C. 20551.",76.51
4,1980s/1985-11-15_491207_November_15_1985.pdf,1985-11-15,1,other_non_table_material,"1/ RBPRESEBTS ACCOUNTS OF INDIVIDUALS, PARTHBRSHIPS, ABD CORPORATIONS ASD OF STATES AND POLITICAL
r ) SUBDIVISIONS.
2/ ACCOUNTS AUTHORIZED FoR MBCOTIDBLE ORDERS OF BITHDRAWAL (BOW) AND ACCOUNTS AUTHORIZED FOR aUTONATIC
TRAUSPER YO DEBABND DEPOSITS (ATS). ATS DATA AVAILABILITY STARTS WITA DECEABER 1978.
| 3/ BXCLUDES ATS AND BOW ACCOUNTS, AADA, ABD SPBCIAL CLOB ACCOUBTS, SUCH AS CBRISTHAS ABD VACATION CLUBS.
SORE: HISTORICAL DATA FOR DESAND DEPOSITS ARE AVAILABLE BACK TO 1970 ESTIMATED IM PART PROM THK DsBITS
SERIES POR 233 SASA'S SMICH SERE AVALLABLE THROUGH JUBE 1977. HISTORICAL DATA POR ATS/NOW ASD
SAVINGS DEPOSITS ARB AVAILABLE BACK TO JOLY 1977. BACK DATA ARE AVAILABLE O8 REQUEST PROM BASKING
SECTION, DIVISION OF RESEABCH AND STATISTICS, BOARD OF GOVERMORS OF THE FEDERAL RESERYE S/STEN,
WASHINGTON, D.C. 20551.
e
for FRASER",73.06
4,1980s/1985-11-15_491207_November_15_1985.pdf,1985-11-15,2,other_non_table_material,"17 SEPRESEETS ACCOUNTS OF IBDIVIDUALS, PARTHERSHIPS, AND CORPORATIONS ABD OF STATES AND POLITICAL
SUBDIVISIONS.
2/ ACCOUNTS AUTHORIZED FOR BECOFIABLE ORDERS OF WITHDRAWAL (¥O#) ABD ACCOUNTS AUTHORIZED POR AUTOMATIC e@
ERANSPER TO DEGAWD DEPOSITS (ATS). ATS DATA AVAILABILITY STARTS GITH DECEABER 1978. |
B/ BICLUDES ATS AND WOW ACCOUNTS, BADA, AND SPECIAL CLUB ACCOUNTS, SUCH AS CARISTMAS ABD VACATION CLUBS. |
3/ NOMEY SABKBT DEPOSIT ACCoUsTs.
HOPE: HISPORICAL DATA FOR DBAABD DEPOSITS ABE AVAILABLE BACK 70 1970 ESTISATED IB PART FRO THE DEBITS
SERIBS POR 233 SMSA°S WHICK WERE AVAILABLE THROUGH JUS 1977. BISTORICAL DATA FOR ATS/HOS AND
SAVINGS DEPOSITS ARE AVAJLABLE BACK TO JULY 1977. BACK DATA ARE AVAILABLE OM REQUEST PROM BABKING
SECTIOB, DIVISION OF RESEARCH AND STATISTICS, BOARD OF GOVERNORS OF THE FEDBRAL RESERVE SESTEA,
WASHINGTON, DeC. 20551.
for FRASER",71.85
4,1980s/1985-12-13_491209_December_13_1985.pdf,1985-12-13,1,other_non_table_material,"V/ BECKESEWTS ACCOUNTS UF LNDIVIDUALS, PAKTNERSHL2S, ANY COKPORATLONS AND OF STATES AND POLITICAL
SUSDIVISLONS.
2/ ACCOUNTS AUTHUMIZED PUR NEGOTIABLE ORDERS OF sifdvdAeAL (Hb) ABD ACCOUNTS AUTHORIZED YOu aUrusaric
THANSF 6K TO DEMAND DEPOSITS (ATS). ATS DATA AVALLAGILITY STARTS WITH DECANBER 1978.
3/ EACLULES ATS AND NOW ACCOUNTS, SADA, AWD SPECAAL CLUB ACCOUNTS, SUCH AS CH@ISTAAS AND VACAY1OB CLUds.
WOTS: HISTUKICAL DATA FOR DBAAND DEPOSITS ARE AVALLADLE GACK fU 1970 BSTIMATED I PART PROM THE VEBLID
SERIES YOR 233 SNSA°S WHICH WZGE AVAILABLE (HRUUGH JUNE 1977. HISTOBICAL DATA FOR ATS/NOw AbD
SAVINGS ODBPUSITS AKB AVAILAGLE JACK TO JULY 1977. BACK VATA AHE AVAILABLE ON REQUEST PRON BANKING
SECTION, DIVISION OF BESZAKCH ANU STATISTIC35, oVABD OF GOVERNORS OF TAE FEDERAL BESERVE S¥StzA,
esSdINGTON, DC. 20551.",62.08
4,1980s/1985-12-13_491209_December_13_1985.pdf,1985-12-13,2,other_non_table_material,"1/ KEPRESENTS ACCOUNTS OF INDIVIDUALS, PARTWEBSdivS, AMV CUBPOBATIOBS AND OF STATES AND POLITICAL
SUBDIVISIONS.
2/ ACCOUNTS AUTHORIZED FOK NBGOTIABLé OKDERS OF «lidDsAeAL (NOw) AND ACCOUNTS AUTHOKIZZD POM AUTOMATIC
TRANSFER TO DEHABD DEPOSITS (ATS). ATS DATA AVAILABILITY STARTS MITH DECEABER 1970~ e
3/ MOWELT SARKET DEPOSIT ACCOUNTS.
4/ KECLUDES ATS AMD SOW ACCOUNTS, BADA, AWD SPECAAL CLUS ACCOUNTS, SUCH AS CHBISTSAS AND VACATION CLUBS.
WOIE: HLSTORICAL DATA POR DEMAND DEPOSITS ARE AVAALABLEZ BACK TU 1970 ESTIMATED IN PART PROM THE DEBITS
SEBIsS POR 233 SASA*°S WHICH WERE AVAILLABLZ THOUGH JUNZ 1977. HISTORICAL DATA FOR ATS/WOs AND
SAVINGS DEPOSITS ARE AVAILABLE BACK TO JULY 1977. BACK DATA ARE AVAILAGLE ON BEQUEST FROS BANKING
SBCTLON, DIVISION OF RESEARCH AND STATISTICS, sOAKY OF GOVEKNOBS OF THE PEDEBAL RESERVE SYSTEB,
WASHIHGTOM, D.C. 20551.",62.38
4,1980s/1986-01-15_491210_January_15_1986.pdf,1986-01-15,1,other_non_table_material,"1/ BBPRESEUTS ACCOUNTS OF INDIVIDUALS, PARTNERSHIPS, ABD CORPORATIONS AMD OF STATES AND POLITICAL
SOBDIVISIONS.
@ 2/ ACCOUNTS AUTHORIZED FOR MEGOTIABLE ORDERS OF SITHORAWAL (BOW) AND ACCOUNTS AUTHORIZED PUR AUTOMATIC
TRAUSPER TO DEMAND DEPOSITS (ATS). ATS DATA AVAILABILITY STARTS WITH DECEMBER 1978.
3/ MONBY HABKBT DEPOSIT ACCOUBTS.
&/ EXCLUDES ATS ABD WOW ACCOUNTS, BANDA, ABD SPECIAL CLUS ACCOUNTS, SUCH AS CHRISTAAS ABD VACATION CLUBS.
NOTE: BISTORICAL DATA POR DESAWD DEPOSITS ARB AVAILABLE BACK TO 1970 ESTIMATED IN PART PROS THK DsBITS
SBRIBS FOR 233 SHSA’S WHICH WERE AVAILABLE THKOUGH JUNE 1977. HISTORICAL DATA FOR ATS/HOW AND
SAVINGS DEPOSITS ARE AVAILABLE BACK TO JULY 1977. BACK DATA ARE AVAILABLE OW REQUEST FROM BANKING
SECTION, DIVISION OF RESEARCH AUD STATISTICS, BOARD OF GOVERNORS OF THE PEDERAL RESERVE SYSTEA,
e WASHINGTON, D.C. 20551.",76.43
4,1980s/1986-01-15_491210_January_15_1986.pdf,1986-01-15,2,other_non_table_material,"1/ REPRESENTS ACCOUNTS OF INDIVIDUALS, PARTHERSHIPS, AND CORPORATIONS ABD OF STATES AND POLITICAL
SUBDIVISIONS. r )
2/ ACCOONTS AUTHORIZED FOR MEGOTIABLE ORDERS OF WITHDRAWAL (NOM) AND ACCOUNTS AUTHORIZED POR AUTOSATIC
TRAMSPER TO DESAND DEPOSITS (ATS). ATS DATA AVAILABILITY STARTS WITH DECESBER 1978.
3/ BXCLUDES ATS AUD WOW ACCOUNTS, HMDA, AND SPECIAL CLUB ACCOUNTS, SUCH AS CHRISTMAS ABD VACATION CLUBS.
HOPE: HISTORICAL DATA FOR DEMAND DEPOSITS ARB AVAILABLE BACK 20 1970 ESTIMATED IN PART PROM THE DEBITS
SBRIES POR 233 SHSA°S WHICH WERE AVAILABLE THROUGH JUNE 1977. HISTORICAL DATA FOR ATS/NOW AUD
SAVINGS DEPOSITS ARE AVAILABLE BACK TO JOLY 1977. BACK DATA ABE AVAILABLE OM BEQUEST PROA KAUKING
SECTION, DIVISION OF RESEARCH AND STATISTICS, BOARD OF GOVERNORS OF THE PEDERAL BBSERVE SYS¥EA,
WASHINGTON, D.C. 20551.
for FRASER",77.14
4,1980s/1986-02-12_491211_February_12_1986.pdf,1986-02-12,1,other_non_table_material,"1/ BBPRESENTS ACCOUNTS OF INDIVIDUALS, PARTWERSBIPS, AND CORPORATIONS AND OF STATRS AMD POLITICAL
SUBDIVISIONS.
2/ ACCOUNTS AUTHORIZED FOR SEGOTIABLE ORDERS OF WITHDRAGAL (BOW) ABD ACCOUSTS AUTHORIZED FOR AUTOAATIC
TRABSPER TO DESAMUD DEPOSITS (ATS). ATS DATA AVAILABILITY STARTS WITH DECEABER 1978.
3/ SONBY GARKET DEPOSIT ACCOUNTS.
@/ EXCLUDES ATS AND WOW ACCOUNTS, HADA, ABD SPECIAL CLUB ACCOUNTS, SOCH AS CHRISTMAS ABD VACATION CLUBS.
@ BOTE: HISTORICAL DATA FOR DENABD DEPOSITS ARE AVAILABLE BACK TQ 1970 RSTIGATED IB PART PRON THE DBBITS
SERIBS POR 233 SBSA'S WHICH GEAB AVAILABLE THROUGH JUNE 1977. HISTORICAL DATA FOR ATS/#OW ABD
SAVINGS DEPOSITS ARZ AVAILABLE BACK TO JOLY 1977. BACK DATA ARE AVAILABLE ON REQUEST FROA BANKING
SECTION, DIVISION OF RESEASCH AND STATISTICS, BOARD OF COVERBORS OF THE FEDERAL RESERVE SYSTEZA,
WASUIEGTON, D.C. 20551.
for FRASER",70.29
4,1980s/1986-02-12_491211_February_12_1986.pdf,1986-02-12,2,other_non_table_material,"1/ RBEPRESEBTS ACCOUNTS OF ISDIVIDUALS, PARTNERSHIPS, AND CORPORATIONS ASD OF STATES AND POLITICAL
SUBDIVISIONS.
2/ ACCOUBTS AUTWORIZED FOR BRGOTIABLE ORDERS OF WITHDRAWAL (#08) AUD ACCOUSTS AUTBORIZED POR AUTORATIC
TRANSFER TO DEHABUD DEPOSITS (ATS). ATS DATA AVAILABILITY STARTS WITH DECRABER 1976.
3/ BXCLUDEBS ATS AND NOS ACCOUSTS, MNDA, ABD SPECIAL CLUB ACCOSSTS, SOCH AS CHRISTMAS ABD VACATION CLUBS.
SOTR: BISTORICAL DATA FOR ORMASD DEPOSITS ARE AVAILABLE BACK TO 1970 BSTINATZD IN PART PROA THE DESITS
SBQIRS POR 233 SHSA°S BRICK SERE AVAILABLE FRROUVCH JOSE 1977. MISTORICAL DATA FOR ATS/BO# AND @
SAVINGS DEPOSITS 488 AVAILABLE BACK TO JOLY 1977. BACK DATA ARE AVAILABLE O8 SEQUBST PRON BASKIEG
SECTION, DIVISION OF ASSEABCH ASD STATISTICS, BOARD OF GOVERSORS OF THE PREDEAAL RESERVE SISTER,
VASEIBGTOB, D.C. 20551.
for FRASER",70.35
4,1980s/1986-03-18_491212_March_18_1986.pdf,1986-03-18,1,footnotes,"1/ REPRESENTS ACCOUNTS OF INDIVIDUALS, PARTNERSHIPS, ANU CURPORATIOMS AMD OF STATES AND POLITICAL
SUBDIVISIONS.
r ) 2/7 ACCOGNTS AUTHORIZED FOR WEGOTIABLE ORDERS OF WITHDRAWAL (WOW) AND ACCOUSTS AUTHORIZED POK AUTUNATIC
TRAWUSPER TO DEMAND DEPOSITS (ATS). ATS DATA AVAILABILITY STAMTS WITH DECERBER 1978.
3/ MOMBY SARKET DEPOSIT ACCOUNTS,
4/ EXCLUDES ATS AND ROW ACCOUNTS, AMADA, AUD SPECIAL CLUB ACCOUNTS, SUCH AS CHBISTHAS AND VACATION CLUBS.
BOTB: HISTORICAL DATA POR DEMAND DEPOSITS ASE AVAILABLE BACK TO 1970 ESTIMATED IM PART FROM THE veBITS
SERIES FOR 233 SMSA°S WHICH WERE AVAILABLE THROUGH JUNE 1977. HISTORICAL DATA FOR ATS/#OW AND
SAVINGS DEPOSITS ARE AVAILABLE BACK TO JULY 1977. SACK DATA ANE AVALLABLZ OM @EQUEST PHON BANKLUG
SECTION, DIVISION OF BESZARCH A¥D STATISTICS, BOARD OF GOVENHORS OF THE FEDERAL RESERVE SYSTES,
WASHIBGTOR, D.C. 20551.
for FRASER",77.71
4,1980s/1986-03-18_491212_March_18_1986.pdf,1986-03-18,2,other_non_table_material,"1/ BEPRESESTS ACCOUNTS OF INDIVIDUALS, PARTNERSHIPS, AUD CORPORATIONS AND OF STATES ABD POLITICAL
SUBDIVISIONS.
2/ ACCOUNTS AUTHORIZED FOR BEGOTIAGLE ORDERS OF WITHORAWAL (BOW) AND ACCOUNTS AGTMORIZED FOR AUTOMATIC @
TRAUSPER TO DEMAND DEPOSITS (ATS). ATS DATA AVAILABILITY STARTS WITH DECEABER 1978.
3/ BXCLODES ATS AND BOW ACCOUNTS, ADA, AND SPECIAL CLUB ACCOUNTS, SUCH AS CHURISTBAS AND VACATION CLOMS.
WOPB: HISTORICAL DATA POR DESAND DEPOSITS ARE AVAILABLE BACK TO 1970 ESTIMATED IW PART PROM THE DKBITS
SBRIES POR 233 SASA°S WHICH WERE AVAILABLE THROUGH JUBE 1977. HISTORICAL DATA FOR ATS/WOW AUD
SAVINGS DEPOSITS ARE AVAILABLE BACK TO JULY 1977. BACK DATA ARE AVAILABLE ON REQUEST PRON BANKING
SECTION, DIVISION OF RESEABCH AWD STATISTICS, BOARD OF GOVERNORS OF THE PEDERAL RESBRVK SISTER,
WASBIBGTON, D.C. 20551.
for FRASER",79.59
4,1980s/1986-04-21_491213_April_21_1986.pdf,1986-04-21,1,other_non_table_material,"1/ REPRESENTS ACCOUNTS OF LBDIVIDUALS, PARTUBRSHIPS, ABD CORPORATIONS ABD OF STATES AMD POLITICAL
SUBDIVISIONS.
e 2/ ACCOUNTS AUTHORIZED FOR NEGOTIABLE ORDERS OF wITHDRAWAL (HOW) AND ACCOUSTS AUTHORIZED FOR AUTOMATIC
TRAMSPER TO DEMAND DEPOSITS (ATS). ATS DATA AVAILABLLITY STARTS SITH DECBABER 1978.
3/ BACLUDES ATS AND NOW ACCOUNTS, NMDA, AND SPECIAL CLUS ACCOUNTS, SUCH AS CHRISTAAS ABD VACATION CLUBS.
WOTB: HISTORICAL DATA FOR DEAAMD DEPOSITS ARB AVAILABLE BACK TO 1970 ESTIMATBD IW PART PROM THE D&BITS
SERIES FOR 233 SASA‘S WHICH WERE AVAILABLE THROUGH JUNE 1977. HISTORICAL DATA FOR ATS/SOW 2D
SAVINGS DEPOSITS ARB AVAILABLE BACK TO JULEY 1977. BACK DATA ARB AVAILABLE O8 REQUEST PROM BANKING
SECTION, DIVISION OF RESEARCH AND STATISTICS, BOAKD OF GOV&RMORBS OF THE FBDEBRAL RESERVE SUSTEA,
WASHINGTON, D.C. 20551.
for FRASER",79.35
4,1980s/1986-04-21_491213_April_21_1986.pdf,1986-04-21,2,other_non_table_material,"-PBBRUARY
1/ REPRESENTS ACCOUNTS OF IMDIVIDUALS, PARTNERSHIPS, AND CORPORATIONS AND OF STATES ABD POLITICAL
SUBDIVISIONS.
2/ ACCOUNTS AUTHORIZED POR NBGOTIABLE ORDERS OF WITHDRAWAL (HOW) AND ACCOUNTS AUTHORIZED FOR AUTOATIC
TRANSFER TO DEAAMD DEPUSITS (ATS). ATS DATA AVAILABILITY STARTS WITH DECEMBER 1978~ e@
3/ KOMBY SARKET DEPOSIT ACCOUNTS.
Q/ EXCLUDES ATS AMD WOW ACCOUNTS, SADA, AND SPECIAL CLUB ACCOUNTS, SUCH AS CHRISTAAS AND VaCaTION CLOBS.
VOTE: HISTORICAL DATA FOR DESAMD DLPOSITS ARE AVAILABLE BACK TO 1970 ESFISATED IM PART PROA THE DEBITS
SERIES FOR 233 SHSA°S WHICH WERE AVAILABLE THROUGS JUNE 1977. HISTORICAL DATA FOR ATS/MOM AMD
SAVINGS DEPOSITS ARE AVAILABLE BACK TO JULY 1977. BACK DATA ARK AVAILABLE OW REQUEST FROM BANKING
SECTION, DIVISION OF RESEARCH AND STATISTICS, BOARD OF GOVERUORS OF THE PEDERAL RESERVE SISTEA,
WASHINGTON, D.C. 20551.
for FRASER e",73.08
4,1980s/1986-06-13_491215_June_13_1986.pdf,1986-06-13,1,other_non_table_material,"~APRIL
1/ REPRESENTS ACCOUBTS OF INDIVIDUALS, PARTNERSHIPS, ASD CORPORATIONS ABD OF STATES AND POLITICAL
SUBDIVISIONS.
e 2/ ACCOUNTS AUTHORIZED FOR NEGOTIABLE ORDERS OF WITMDRAMAL (BOM) AND ACCOUNTS AUTHORIZED FOR AUTONATIC
TRANSFER TO DBNABD DEPOSITS (ATS). ATS DATA AVAILABILITY STARTS SITH DECRABRE 1978.
3/ BXCLODES ATS ABD BOB ACCOUNES, MAEDA, AND SPECIAL CLUB ACCOUBTS, SUCH AS CHRISTMAS AND VACATION CLUBS.
HOTE: HISTORICAL DATA POR DBAAND DEPOSITS ARE AVAILABLE BACK TO 1970 BSTIGATED IM PART FRON THE DRBBIZS
SBRIBS POR 233 SMSA°S SHICH WERE AVAILABLE THROUGH JUKE 1977. MISTORICAL DATA FOR ATS/HOM ABD
SAVINGS DEPOSITS ARE AVAILABLE 8ACK TO JOLX 1977. BACK DATA ARE AVAILABLE OF REQUEST PROM BABKLEG
SECTION, DIVISION OF RESEARCH AMD STATISTICS, BOARD OF GOVERBORS OF THE FEDERAL RESERVS SISTEM,
WASHINGTON, D.C. 20551.
for FRASER",65.21
4,1980s/1986-06-13_491215_June_13_1986.pdf,1986-06-13,2,other_non_table_material,"| 1/ REPRESEN1S ACCOUSTS OF LBDIVIDUALS, PRATNERSHIPS, 43D COMPORATIONS AMD OF STATES aD POLITACAL
SUBDIVISICBS.
</ ACCOOWTS AUTHORIZED FOR BEGOTIABLE ORDERS OF SITHDKAWAL (BOW) AND ACCOUNTS AUTHORIZED FOR aUTORATIC
TRANSFEX TO DBBAUD DEPOSITS (ATS). ATS DATA AVALLABILITY STARTS WITH DECBSKER 1978. e
3/ GONBY SakKBT DEPOSIT ACCOUNTS.
_ 47 BKCLODES ATS AND HOW ACCOUNTS, BMDA, AND SPECIAL CLUS ACCOUNTS, SUCH AS CHRISTAAS ABD VACATION CLUBS.
WOTk: HISTOKICAL DATA POR DEMAND DEPOSIIS ARE AVAILABLE BACK TO 1970 ESTIBATEO IM PART PROM THs DEBITS
SERIES POR 233 SMSA*°S MHICH WEAE AVAILABLE THROUGH JOME 1977. HISTORICAL DATA POR ATS/NOW AMD
SAVINGS DBPUSITS Akt AVAILABLE SACK TO JOLY 1977. SACK DATA AKE AVAILABLE OM BEQUEST PKOS BANKING
SKCTICH, DIVISION OF BBSEARCH AND STATISTICS, cOAKD OF GOVERMOBS OF THE F&DKBAL RESERVE SYSTSM,
| WASHINGTON, D.C. 20551.
for FRASER",67.32
4,1980s/1986-07-14_491216_July_14_1986.pdf,1986-07-14,1,other_non_table_material,"1/ REPRESEUTS ACCOUMTS OF INDIVIDUALS, PABTNERSH1PS, ABD CORPORATIONS AUD OF STATES AMD POLITICAL
SUBDIVISIONS.
2/ ACCUDNTS AUTHORIZED FOR MEGOTIABLE ORDERS OP WITHDRASAL (NOV) ABD ACCOUSTS AUTHORIZED FOR AUTOMATIC
® TRANSPER TO DEMAND DEPOSITS (ATS). ATS DATA AVAILABILITY STARTS BITH DECBABER 1978.
3/ BICLUDES ATS ABD NOW ACCOUNTS, MBDA, AND SPECIAL CLUB ACCOUNTS, SUCH AS CBRISTSAS AND VACATIQM CLUBS.
NOTE: HISTORICAL DATA POR DESAMD DEPOSITS ARB AVAILABLE BACK TO 1970 BSTISATED IU PART FROM THE DEBITS
SERIBS FOR 233 SSSA*S SHICH WERE AVAILABLE THROUGH JUNE 1977. HISTORICAL DATA FOR ATS/#O@ AND
SAVIBEGS DEPOSITS ARB AVAILABLE BACK TO JULY 1977. BACK DATA ARE AVAILABLE ON REQUEST FROA BANKING
SECTION, DIVISION OF RESEARCH ABD STATISTICS, BOARD OF GOVERNORS OF THE PEDERAL RESERVE SYSTEA,
WASHINGTOS, D.C. 20552.
Jigitized for FRASER",78.22
4,1980s/1986-07-14_491216_July_14_1986.pdf,1986-07-14,2,other_non_table_material,"1/ REPRESENTS ACCOUNTS OF INDIVIDUALS, PARTNBASHIPS, AUD CORPURATIOSS AUD OF STATES AND POLITICAL
SUBDIVISIONS.
2/ ACCOUNTS AUTHOKIZED FOR WEGOTIABLE ORDERS OF WITHDRAWAL (NOW) AND ACCOUNTS AUTHORIZED FOK AUTOBATIC
TRAMSYER TO DEMAND DBPUSITS (ATS). ATS DATA AVALLABILITY STARTS WITH DECRABER 1978. @
3/ SOMEY GARKET DEPOSIT ACCOUNTS.
a7 BICLUDES ATS AMD WOW ACCOUNTS, BADA, AMD SPECIAL CLUB ACCOUBTS, SUCH AS CHRISTMAS AND VACATION CLUBS.
NOTE: HISTORICAL DATA POR DESAMD DEPOSITS ARB AYALLASLE BACK TO 1970 ESTIHATED IB PABT FROA THB ORBITS
SER1&S FOR 233 SASA'S WHICH WERE AVAILABLZ THROUGH JOME 1977. HISTORICAL DATA FOR ATS/NOs AND
SAVINGS DEPOSITS ARE AVAILABLE BACK TO JULY 1977. BACK DATA ARE AVAILABLE OB REQUEST PROB BANKING
SBCTION, DIVISION OF RESEARCH AMD SL£ATISTICS, BOAHD OF GOVERWORS OF THE PEDERAL RESERVE SUSTER,
WASHINGTON, D.C. 20951.
for FRASER",66.15
4,1980s/1986-08-12_491217_August_12_1986.pdf,1986-08-12,1,other_non_table_material,"1/ BRPRESESTS ACCOUNTS OF IBDIVIDUALS, PARTBERSHIPS, ABD CORPORATIOBS ABD OF STATES AND POLITICAL
SUBDIVISIONS.
2/ ACCOUBTS AUTHORIZED POR BRGOTIABLE OMDERS OF SITADRASAL (HOW) ABD ACCOUNSS AUFRORIZED FOR A0fOnaTIC
TRAESPER TO DESABD DEPOSITS (ATS). APS DATA AVAILABILITY STARTS EITS DBCRABER 1978.
@ 3/ RECLODES ATS ABD HOM ACCOUNTS, HMDA, AMD SPECIAL CLUB ACCOUBTS, SUCH AS CURISTBAS AND VACATION CLUBS.
pork: BISTORICAL DATA POR DESABD DEPOSITS ARE AVALLABLE BACK TO 1970 ESTIMATED IN PART FROM TE DEBITS
SERIBS FOR 233 SHSA°S SHICH @ERE AVAILABLE THROUGH JUNE 1977. BISTORICAL DATA FOR ATS/BOS ABD
SAVINGS DEPOSITS ARE AVAILABLE BACK TO JULE 1977. BACK DATA ARZ AVAILABLE OB REQUEST F208 SABKIEG
SECTION, DIVISION OF RESEARCH ABD STATISTICS, BOARD OF GOVERSORS OF TAR FEDERAL QESERVE SISTES,
BASBINGTOS, D.C. 20551.",69.11
4,1980s/1986-09-15_491218_September_15_1986.pdf,1986-09-15,1,other_non_table_material,"1/ REPRESENTS ACCOUNTS OF INDIVIDUALS, PARTMBBSHIPS, AND CORPORATIONS AND OF STATES AND POLITICAL
\ 2/ ACCOUNTS AUTHORIZED POR MEGOTIAGLE ORDERS OF MITHDRAWAL (NOW) AND ACCOUNTS AUTBORIZED POR AUTOMATIC
SUBDIVISIONS.
TRANSPER TO DEMAND DEPOSITS (ATS). ATS DATA AVAILABILITY STARTS WITH DECEMBER 1979.
3/ BXCLUDES ATS AND WOW ACCOURFTS, SADA, AND SPECIAL CLUB ACCOUNZS, SUCH AS CHRISTMAS ASD VACATION CLUBS.
MOTB: HISTORICAL DATA POR DEMAND DEPOSITS ARE AVAILABLE BACK TO 1970 BSTISATED IM PART PROS THE DEBITS
SERIES POR 233 SHSA‘S WHICH WERE AVAILABLE {HROUGH JONB 1977. HISTORICAL DATA POR ATS/HOW AND
SAVINGS DEPOSITS ARE AVAILABLE BACK TO JULY 1977. BACK DATA ARE AVAILABLE ON REQUEST FROM BABKING
SELTION, DIVISION OF RESEARCH AND STATISTICS, BOARD OF GOVERBORS OF THE FEDERAL RESERVE SYSTEA,
WASHINGTON, D.C. 20551.
igitized for FRASER",80.38
4,1980s/1986-09-15_491218_September_15_1986.pdf,1986-09-15,2,other_non_table_material,"z
1/ RBPRESESTS ACCOUNTS OF IBDIVIDUALS, PARTHERSHIPS, AND CORPORATIONS AND OF STATES AND POLITICAL
SUBDIVISIONS.
2/ ACCOUNTS AUTBORIZED FOR BECOTIABLE ORDERS OF WITHDRAWAL (OM) AMD ACCOUSTS AUTHORIZED FOR AUTOsATIC e@
YRABSPER TO DESAND DEPOSITS (ATS). ATS DATA AVAILABILITY SEARTS BITH DECREABER 1978.
3/ MOSBY SARKET DEPOSIT ACCOUNTS.
&/ RICLUDES ATS ABD BOW ACCOUSTS, BUDA, AND SPECIAL CLUB ACCOUBTS, SUCH AS CHRISTMAS ABD VACATION CLUBS.
NOTE: HISTORICAL DATA POR DEAAND DEPOSITS ARE AVAILABLE BACK TO 1970 EBSTIAATED IU PART FROM THE DEBITS
SERIES FOR 233 SASA°S GHICH SERE AVAILABLE THROUGH JUNE 1977. HISTORICAL DATA FOR ATS/BOU ABD
SAVINGS DEPOSIS ARE AVAILABLE BACK TO JOULE 1977. BACK DATA ARE AVAILABLE ON REQUEST FROM BASKIEG
SECTION, DIVISION OF RESEARCH ABD STATISTICS, BUARD OF GOVERNORS OF THE FEDERAL RESERVE SISTES,
WASHINGTON, D.C. 20551.
igitized for FRASER",72.54
4,1980s/1986-10-14_491219_October_14_1986.pdf,1986-10-14,1,other_non_table_material,"1/ RBPRESENTS ACCOUBTS OF INDIVIDUALS, PARTWERSHIPS, AND CORPORATIONS AND OF STATES AND POLITICAL
SUBDIViS10NS.
: 2/ ACCOUNTS AUTHORIZED FOR MZGOTIABLE ORDERS OF WITBDHAVAL (WOR) AND ACCOUMTS AUTHORIZED FOR AUTOMATIC
| TRANSFER TO DESAMD DEPOSITS (ATS). ATS DATA AVAILABILITY STARTS WITH DBCBABER 1978.
| 3/ SONBY @ARKET DEPOSIT ACCOUNTS.
e 4/ BXCLUDES ATS AND NOW ACCOUNTS, BADA, AND SPECIAL CLUB ACCOUNTS, SUCH AS CHRISTMAS AND VACATION CLOBS.
WOTE: HISTORICAL DATA POR DEMAND DEPOSITS ARE AVAILABLE BACK TO 1970 ESTIMATED I8 PART PROM THE DEBITS
SERIES POR 233 SMSA°S WHICH WERE AVAILABLE THROUGH JUNE 1977. HISTORICAL DATA POR ATS/NOW AND
SAVINGS DEPOSITS ARE AVAILABLE BACK TO JOLY 1977. BACK DATA ARB AVAILABLE OB REQUEST FROG BARKING
SECTION, DIVISION OF RESEARCH AND STATISTICS, BOARD OF GOVERNORS OF THE PEDERAL RESERVE SY¥STEA,
WASHINGTON, D.C. 20551.",69.82
4,1980s/1986-11-19_491220_November_19_1986.pdf,1986-11-19,1,other_non_table_material,"-S8PTEABER
1/ REPRESEUTS ACCOUNTS Ur sBDLVIDUALS, PANTBERSHLPS, AMO CORPORATLONS AUD OF STATES AND POLITICAL
SUBDIVISLUNS.
@ «27 accoowrs actHox1z20 FUR MEGOTIABLE ORDERS OF WITHDKAM AL (WOW) AUD ACCOUNTS AUTHORIZED POH AUTOMATIC
TRANSFER TO DiBAND D&POSITS (415). ATS DATA AVAILABILITY STAMTS WITH DECBABER 1978.
} 3/ HOMEY SARKET DEPOSIT ACCOUNTS.
4/ EXCLUDSS ATS AND NOM ACCOUNTS, BADA, AND SPECAAL CLUB ACCOOETS, SUCH AS CHRISTMAS ABD VACATION CLUBS.
‘yoTk: SISTORICAL DATA POR DRBMAMD DZPUSITS ABB AVALLABLE BACK TO 1970 ESTIAATED IM PART PROS THB DRBBITS
SZRLES POR 233 SMSA'S WHICH weds AVALLABLE TdROUGH JOME 1977. HISTORICAL DATA FOR ATS/HOW AND
SAVINGS DEPOSITS AKEZ AVALLABLS OACK (0 JULI 1977. BACK DATA ARE AVAILABLE O8 REQUEST FROM BANKLUG
SECTION, DIVISION UF hESEABCH AMD STATISTICS, B0auD OF GOVERNORS OF THE PEDEBAL RBSERVS SYSTBA,
e wASHLBGTOS, D.C. 20551.",60.49
4,1980s/1986-11-19_491220_November_19_1986.pdf,1986-11-19,2,other_non_table_material,"1/ REPRESENTS ACCOUNTS CF INDIVIDUALS, PAKTNEKSHIPS, AND CORPORATIOMS ABD OP STATES AND POLITACAL
SUBDIVAS1ONS. @
2/ ACCOUNTS AUTHORIZED FOX MZGOTLABLE ORDBES OF WITHDRAWAL (NOW) AND ACCOUNTS AUTHORIZED Fuk AUTOAATIC
TRANSPEK TO DEBAAMD DEPOSITS (ATS). ATS DATA AVAILABILITY STARTS WITH DECEABER 1978.
3/ BACLODES aTS AND NOW ACCOUNTS, BMDA, AND SPECLAL CLUB ACCOUSTS, SUCH AS CHRISTAAS AND VACATLON CLUBS.
NOTE: BISTORICAL DATA POR DEAAND DKPOSITS ABB AVAILABLE BACK TO 1970 ESTIAATBD IN PART PROM THE DEBITS
SERLKS FOR 233 SMSA'S WHICH WEE AVAILABLS TdkOUGH JUMB 1977. HISTORICAL DATA FOR ATS/NOM ABD
SAVINGS DEPOSLIS ARB AVAILABLE BACK TO JULY 1977. BACK DATA A&E AVAILABLE ON REQUEST FKOM BANKLNG
SKCT10H, DIVISION OF RESEARCH AND STATISTICS, BUARD OF GOVBRNORS OF THE FEDZBAL RESBRVE SYSTEA,
wWaSHINGTOS, D.C. 20551. e",72.12
4,1980s/1986-12-16_491221_December_16_1986.pdf,1986-12-16,1,other_non_table_material,"1/ REPRESENTS ACCOUNTS OF INDIVIDUALS, PARTBERSUIPS, AND CORPORATIONS AND OF STATES ABD POLITICAL
SUBDIVISIONS.
27 ACCOOWTS AUTHORIZED FOR WEGOTIABLE ORDERS OF WITHORAGAL (BOW) ABD ACCOUBTS AUTSORIZED FOR AUTOMATIC
TRANSFER TO DERAND DEPOSITS (ATS). ATS DATA AVAILABILITY STARTS SITH DECESBER 1978.
3/ MONEY BARKE1 VEPOSIT ACCOUNTS.
4/ ¥ZACLUDES ATS aND HOW ACCOUNTS, SADA, AND SPECIAL CLUB ACCOUNTS, SUCH AS CHRISTAAS AND VACATION CLUBS.
e NOTE: HISTORICAL DATA FOR DEBSAND DEPOSITS ARE AVALLABLE BACK TO 1970 BSTIBATED Iu PART PROS THE ORBITS
S£RIgS POR 233 SHSA*S WHICH WERE AVAILABLE fHROUGH JOBE 1977. MISTORICAL DATA FOR ATS/HOB ABD
SAVINGS DEPOSITS ARE AVAILABLE BACK TO JOLY 1977. BACK DATA ARE AVAILABLE ON REQUEST FROM BANKING
SiCTION, DIVISION OF KYSEARCH AND STATISTICS, BOARD OP GOVEREORS OF THE PEDERAL RESERVE SYSTEA,
WASHINGTON, D.C. 20551.
for FRASER",74.79
4,1980s/1986-12-16_491221_December_16_1986.pdf,1986-12-16,2,other_non_table_material,"1/ BRPRESESTS ACCOUNTS OF IMDIVIDUALS, PARTEBRSHLPS, AND CORPORATIONS AND OF STATES ABD POLITICAL
2/ ACCOUNTS AUTHORIZED FOR BEGOTIABLE ORDERS OF SITHDRAGAL (NOS) ABD ACCOUBTS AUFBORIZED FOR agroaaric
SUBDIVISIONS.
TRAUSFER TO DESABD DEPOSITS (ATS). ATS DATA AVAILABILITY STARTS SITE DECRABER 1976.
3/ RBECLODES ATS AND HOS ACCOUNTS, MBDA, ABD SPECIAL CLUB ACCOUNTS, SUCH AS CHRISTMAS AND VACATION CLUBS.
HOTS: HXSTORICAL DATA POR DEMAND DEPOSITS ARE AVAILABLE BACK TO 1970 ESTIHATED IS PART FROA THE DEBITS
SERIEZES FOR 233 SMSA‘S WHICH WERE AVAILABLE THROUGH JUNE 1977. HISTORICAL DATA FOR ATS/SOW AND @
SAVINGS DEPOSITS ARE AVAILABLE BACK TO JULZ 1977. BACK DATA ARE AVAILABLE ON REQUEST FROM BABKIEG
SECTIOS, DIVISION OF RESEARCH AWD STATISTICS, BOARD OF GOVERBORS OF THE PEOSRAL RESERVE SYSTEA,
SASHINGTON, D.C. 20551.
for @",76.01
4,1980s/1987-01-14_491222_January_14_1987.pdf,1987-01-14,1,other_non_table_material,"1/ REBPRESESTS ACCOUNTS OF ISDIVIDUALS, PARTNERSHIPS, AND CORPORATIOBS AND OF STATES AND POLITICAL
SOBDIVISIONS.
2/ ACCOGNTS AUTHORIZED FOR BEGOTIABLE ORDERS OF WITHDRAGAL (BOW) AND ACCOUNTS AUTHORIZED FOR AUTOMATIC
r ) TRABSPER TO DESAND DEPOSITS (ATS). ATS DATA AVAILABILITE STARTS SITH DECEABER 1978.
3/ BECLODES ATS ABD NOW ACCOUSTS, SADA, AUD SPECIAL CLUS ACCOUBTS, SUCH AS CHRISTMAS AED ¥ACATION CLBAS.
OB: HISTORICAL DATA POR DEMAND DEPOSITS ARE AVAILABLE BACK TO 1970 RSTIBATED IBS PART PROS THE DEBITS
SERIBS FOR 233 SSSA*S UHICH VERE AVAILABLE THROUGH JUNE 1977. HESPORICAL DATA FOR ATS/BOW ABD
SAVIEGS DBPOSITS ARE AVAILABLE BACK TO JULY 1977. BACK DATA ARE AVAILABLE OB REQUEST FROM BARKING
SBCTION, DIVISION OF RESEARCH AND STATISTICS, BOARD OF GOVERBORS OF THE PEDERAL RESERVE SESTEA,
WASHINGTOB, D.C. 20551.
igitized for FRASER",76.76
4,1980s/1987-01-14_491222_January_14_1987.pdf,1987-01-14,2,footnotes,"7
1/ BBPRESEETS ACCOUSTS OF IBDIVIDUALS, PARTHERSHIPS, AND CORPORATIONS ABD OF STATES ABD POLITICAL
SUBDIVISIONS.
2/ ACCOUBTS AUTHORIZED FOR BECOTIABLE ORDERS OF SITHDRAGAL (HO) AND ACCOUBTS AUTHORIZED FOR AUTOSATIC
TRAMSPER TO DESAND DEPOSITS (ATS). ATS DATA AVAILABILIZY STARTS SITH DECRABER 1978. e
3/ MSOBRY SARKET DEPOSIT ACCOUsTS.
&/ BXCLODES ASS ABD HOW ACCOUNTS, HADA, AED SPECIAL CLUB ACCOUBTS, SOCH AS CHRISTMAS AND VACATION“ CLUBS.
yDTE: HISTORICAL DATA POR DBHABD DEPOSITS ARE AVAILABLE BACK TO 1970 ESTIHATED I¥ PART FROH THE DEBITS
SERIES FOR 233 SASA°S WBICH WERK AVAILABLE THROUGS JUBR 1977. BESTORICAL DATA POR ATS/BOS ABD
SAVINGS OBPOSITS ARB AVAILABLE BACK TO JOULE 1977. BACK DATA ARB AVAILABLE O8 REQUEST FROM BARKING
SECTION, DIVISION OP RESEARCH AND STATISTICS, BOARD OP GOVERBORS OF THE FRORBAL RESERVE SYST£A,
WASBINGTON, D.C. 20551.
for FRASER °",67.03
4,1980s/1987-02-20_491223_February_20_1987.pdf,1987-02-20,1,other_non_table_material,"e 1/ REPRESEUTS ACCOUBTS OP INDIVIDUALS, PARTBBESGIPS, AND CORPORATIONS ABD OF STATES AWD POLITICAL
SUBDIVISLONS.
2/ ACCOUNTS AUTHORIZED FOR SEGOTIABLE ORDERS OF WITHDRAWAL (¥OB) AND ACCOUNTS AUTHORIZED POR AUTOMATIC
TRAUSPER TO DEAAND DEPOSITS (ATS). ATS DATA AVAILABILITY STARTS WITH DECEMBER 1978.
3/ BXCLODES afS AMD WON ACCOUNTS, HADA, AND SPECIAL CLUB ACCOUNTS, SUCH AS CHRISTMAS AND VACATION CLUBS.
MOTB: HISTORICAL DATA POR DEAABD DEPOSITS ABB AVAILABLE BACK TO 1970 BSTIMATED IM PART PROM THE DEBITS
SERIES POR 233 SHSA*°S WHICH WERE AVAILABLE fHROUGH JOBE 1977. AISTORICAL DATA FOR ATS/#Ow AND
SAVINGS DEPOSITS ARE AVAILABLE BACK TO JULY 1977, BACK DATA AKE AVAILABLE ON REQUEST P8O8 BANKING
SECTION, DIVISION OF RESEARCH AND STATISTICS, BOAKD OF GOVERNORS OF THE FEDERAL RESERVE SYSTEM,
e WASHINGTON, D.C. 20551.
for FRASER",78.16
4,1980s/1987-02-20_491223_February_20_1987.pdf,1987-02-20,2,other_non_table_material,"1/ BBPRESKUTS ACCOUNTS OF INDIVIDUALS, PARTNERSHIPS, AWD CORPORATIONS AUD OF STATES AND POLITICAL
SUBDIVISIONS. e
2/ aCCUUHTS AUTAORI4ED FUb NEGUTIABLE ONDERS OP WITHDRAWAL (BOW) AND ACCOUNTS AUTHORIZED POR AUTOMATIC
TRAMSPEK TO DEMAWD DEPOSITS (ATS). ATS DATA AVAILABILITY STARTS ITH DECESBER 1978.
3/ @ONEY MARKET DEPOSIT ACLOUSTS.
4/ KXCLUDES ATS AND NOW ACCOUNTS, BADA, AUD SPECLAL CLUB ACCOUNTS, SUCH AS CHBISTAAS AND VACATION CLUBS.",71.03
4,1980s/1987-03-13_491224_March_13_1987.pdf,1987-03-13,1,other_non_table_material,"1/ REPRESENTS ACCOUNTS OF INDIVIDUALS, PARTHBRSHIPS, AND CORPORATIONS AND OF STATES AMD POLITICAL
SUBDIVISIONS.
2/ ACCOUBTS AUTHORIZED FOR NEGOTIABLE ORDERS OF WITHDRAWAL (BOW) ABD ACCOUNTS AUTHORIZED POR AUTOBATIC
e TRANSFER TO DEAABD DEPOSITS (ATS). ATS DATA AVAILABILITY STARTS WITH DECBABBR 1978.
3/ MSOMBY BARKET DEPOSIT aCcousTS.
&/ BXCLUDES ATS AND BOW ACCOUNTS, BEDA, AND SPECIAL CLOB ACCOUNTS, SUCH AS CHRISTHAS ABD VACATION CLUBS.
* wore: BISTORICAL DATA POR DEMAND DEPOSITS ARE AVAILABLE BACK TO 1970 ESTIAATED IM PART PROS THE DEBLTS
SBRIES POR 233 SMSA°S WHICH WERE AVAILABLE THROUGH JUNE 1977. HISTORICAL DATA POR ATS/#OW AND
SAVISGS DEPOSITS ARE AVAILABLE BACK TO JOLY 1977. BACK DATA ARB AVAILABLE O8 RBQUEST FROA BANKING ’
SECTION, DIVISION OF RESEARCH AND STATISTICS, BOARD OF GOVERNORS OP THE FEDERAL RESERVE SYSTEA,
@ASHINGTON, D.C. 20551.
for FRASER",77.17
4,1980s/1987-03-13_491224_March_13_1987.pdf,1987-03-13,2,other_non_table_material,"1/ REPRESESTS ACCOUNTS OF IEDIVIDGALS, PARTBRRSHLPS, AUD CORPORATIOBS AUD OF STATES AND POLITICAL
SUBDIVISIONS.
2/ ACCOUNTS AUTHORIZED FOR BECOTIABLE ORDERS OF SITUDRAWAL (HOW) ABD ACCOUNTS AUTBORIZED FoR agronaric
TRAUSRRR TO DBAAED DEPOSITS (ATS). ATS DATA AVAILABILITY STARTS WITS DECEABER 1978. @
3/ RXCLODES ATS AMD HOW ACCOUNTS, ABDA, AND SPECIAL CLUB ACCOUSTS, SUCH AS CHRISTAAS AND VACATION CLUBS.
NOTE: BISTORICAL DATA POR DEGAND DEPOSITS ARE AVAILABLE BACK TO 1970 ESTIGATED IN PART FROM THE DEBITS
SERIZS FOR 233 S8SA°S WHICH WERE AVAILABLE THROGGH JUNE 1977. HISTORICAL DATA FOR ATS/NOW AND
, SAVINGS DEPOSITS ARB AVAILABLE BACK TO JOLY 1977. BACK DATA ARE AVAILABLE OB REQUEST FROS BANKING
SECTION, DIVISION OF RESEARCH AND STATISTICS, BOARD OF GOVERBORS OF TAE PEDESAL RESERVE SISTEA,
@ASHINGTOB, D.C. 20551.
for FRASER . . e",73.89
4,1980s/1987-04-15_491225_April_15_1987.pdf,1987-04-15,1,other_non_table_material,"dT :
1/ REPRESENTS ACCOUNTS OF LEDIVIDUALS, PARTNERSHIPS, AND CORPORATIONS ABD OF STATRS ABD POLITICAL
SUBDIVISIONS.
2/ ACCOUBTS AUTHORIZED FOR NEGOTIABLE ORDERS OF WITHDRASAL (VOW) AND ACCOUNTS AUTHORIZED FOR AUTOMATIC
TRAUSPER TO OBAAND DEPOSITS (ATS). ATS DATA AVAILABILITY STARTS MITH DECRABER 1978.
3/ BXCLODES ATS AND BOW ACCOUNTS, BADA, AND SPECIAL CLUB ACCOONTS, SOCH AS CHRISTAAS ABD VACATION CLUBS.
@ NOTR: HISTORICAL DATA FOR DESAND DEPOSITS ARE AVAILABLE BACK TO 1970 BSTIMATED IN PART PROB THE DEBITS
SBRIES FOR 233 SSSA‘'S WHICE WERE AVALLABLE THROUGH JUNE 1977. HISTORICAL DATA FOR ATS/#OW ABD
SAVINGS DEPOSITS ARB AVAILABLE BACK TO JULY 1977. BACK DATA ARE AVAILABLE O8 REQUEST FROS BANKING
SBCTION, DIVISION OF RESEARCH AND SPATISTICS, BOARD OF GOVERNORS OF THE FEDERAL RESERVE SISTEA,
WASHINGTON, D.C. 20551.
for FRASER",70.96
4,1980s/1987-04-15_491225_April_15_1987.pdf,1987-04-15,2,footnotes,"e
1/ REPEESEBTS ACCOUNTS OF INDIVIDUALS, PARTWERSHIPS, AMD CORPORATIONS AND OF STATES ABD POLITICAL ‘
SUBDIVISIONS.
2/ ACCOUNTS AUTHORIZED FOR WEGOTIABLE ORDERS OF WITHDRAWAL (HOW) AND ACCOUN3S AUTHORIZED FOR AUTOMATIC
TRANSFER TO DESABD DEPOSITS (ATS). ATS DATA AVAILABILITY STARTS MITE DECBABER 1978.
3/ MOBRY MARKBT DEPOSIT ACCOUNTS.
4/7 RXCLODES ATS AND NOW ACCOUBTS, BADA, AND SPECIAL CLUB ACCOUSTS, SUCH AS CHRISTMAS ABD VACATION CLUBS.
WorB: HISTORICAL DATA FOR DEAAND DEPOSITS ABB AVALLABLRZ BACK TO 1970 ESTIMATED IN PART PROB THE DEBITS e
SERIES POR 233 SASA°S WHICH WERE AVAILABLE TdROUGH JUNE 1977. HISTORICAL DATA FOR ATS/HOW AND
SAVINGS DEPOSITS ARE AVAILABLE BACK TO JULY 1977. BACK DATA ARE AVAILABLE O8 REQUEST FROS BANEIEG
SECTION, DIVISION OP RESEAGCH AMD STATISTICS, BOARD OF GOVERNORS OF TUR FEDERAL RESERVE SISTEA,
WASHINGTON, D.C. 20551. :
for FRASER",75.22
4,1980s/1987-05-15_491226_May_15_1987.pdf,1987-05-15,1,other_non_table_material,"1/ REPRESENTS ACCOUNTS OP INDIVIDUALS, PARTHERSHIPS, AND CORPORATIONS AND OF STATES AND POLITICAL ~ ~
SUBDIVISIONS.
2/ ACCOGNTS AUTHORIZED POR SEGOTIABLE ORDERS OF SITHDRAGAL (NOW) AND ACCOUNTS AUTHORIZED FOR AUTOSATIC
TRAUSFER TO DESAND DEPOSITS (ATS). ATS DATA AVAILABILITY STARTS WITH DECBABER 1978.
3/ SONEY MARKET DEPOSIT ACCOUNTS.
@ wy arciopes ars auD NOW ACCOUNES, SSDA, AND SPECIAL CLUB ACCOUNTS, SUCH AS CHRISTMAS AND VACATION CLUBS.
| OTR: ALSTORICAL DATA POR DESAMD DEPOSITS ARB AVAiLABLE BACK TO 1970 ESTIAATED IW PART PROA THE DEBITS
SBRIBS POR 233 SSSA*S WHICH WERE AVAILABLE THROUGH JUNB 1977. HISTORICAL DATA POR ATS/NOW ABD
SAVINGS DEPOSITS ARE AVAILABLE BACK TO JULY 1977. BACK DATA ARE AVAILABLE OM BEQUEST FROK BABKIEG
SECTIOB, DIVISION OP RESEARCH AMD STATISTICS, BOARD OP -GOYZRBORS OF THE FEDERAL RESERVE SISTES,
WASHINGTON, D.C. 20551.
for FRASER",78.22
4,1980s/1987-05-15_491226_May_15_1987.pdf,1987-05-15,2,other_non_table_material,"1/ REPRESENTS ACCOUNTS OF INDIVIDUALS, PARTNERSHIPS, AND CORPORATIONS AND OF STATES ABD FO TT
SUBDIVISIONS. ee
2/ ACCOUNTS AUTHORIZED FOR BEGOTIABLB ORDESS OF SITHDRAWAL (NOW) AND ACCOUNTS AUTHORIZED FOR AUTOMATIC
TRAWSPBE TO DEMAND DEPOSITS (ATS). ATS DATA AVAILABILITY STARTS WITR DECBABER 1978.
3/ BXCLUDES ATS ABD NOW ACCOUNTS, HADA, AND SPECIAL CLUB ACCOUBTS, SUCH AS CHRISTMAS AND VACATION CLUBS. @
NOTE: HISTORICAL DATA FOR DENAWD DEPOSITS ARE AVAILABLE BACK TO 1970 EBSTISATED IN PART PROB THE DEBITS
SERIES FOR 233 SHSA@*S WHICA WERE AVAILABLE THROUGH JONE 1977. HISTORICAL DATA FOR aTs/uoOe AND
SAVINGS DEPOSITS ARB AVAILABLE BACK TO JULY 1977. BACK DATA ARE AVAILABLE ON REQUEST PROS BASKING
SECTION, DIVISION OF RESEARCA AND STATISTICS, BOARD OF GOVERNORS OF THE FEDERAL RESERVE SISTEA,
WASHINGTOB, D.C. 20551.",75.0
4,1980s/1987-06-15_491227_June_15_1987.pdf,1987-06-15,1,other_non_table_material,"1/ REPRESEBUTS ACCOUNTS OF IBDIVIDUALS, PARTHERSHIPS, AND CORPORATIONS ASD OF STATES AND POLITICAL
SUBDIVISIONS. .
2/ ACCOUETS AGTSORIZED FOR BEGOTIABLE ORDERS OF VITHDRASAL (BOB) AND ACCOGNTS AUTHORISED POR ASTOAATIC
TRAUSTER TO DEAAND DBPOSITS (ATS). ATS DATA AVAILABILITY STARTS HITE DECESBER 1976.
3/ SOBRY SARKET DEPOSIT aCcourTS.
&/ BECLOUDES ATS ABD BOW ACCOUNTS, BEDA, ABD SPECIAL CLUB ACCOSETS, SUCH AS CERISTEAS ABD VACATION CLUBS.
@ * GOTB: HISTORICAL DATA FOR DEMAND DEPOSITS ARE AVAILABLE BACK TO 1970 ESTISATED IB PART PROA THE DEBITS
SBRIES POR 233 SHSA‘°S GHICH BERE AVAILABLE TEROUGE JOBE 1977. MXSTORICAL DATA FOR ATS/SO8 AUD
SAVINGS DEPOSITS ARE AVAILABLE BACK TO JULY 1977. BACK DATA ARB AVAILABLE OB REQUEST FROM BANKING
SECTION, DIVISION OF RESEASCE ABD STATISTICS, BOARD OF GOVERBORS OF THE FEDERAL RESERVE SYSTEA, .
BASAIRGTOB, D.C. 20551.
for FRASER",69.71
4,1980s/1987-06-15_491227_June_15_1987.pdf,1987-06-15,2,other_non_table_material,"17 REPRESENTS ACCOUNTS OF LUDIVIDUALS, PARTBBRSHIPS, AND CORPORATIONS ABD OF STATES ABD POLITICAL
SUBD IVIS10BS.
2/ ACCOOETS AUTHOBIZED FOR BECOTIABLE ORDERS OF BIFADRAGAL (NOS) AND ACCOUSTS AUTEORIZED POR avrouarIc
TRAUSPER TO DERAUD DEPOSITS (ATS). ATS DATA AVAILABILITI STARTS EITH ORCERBER 1978.
37 RECLODES ATS AND HOW ACCOUSTS, MEDA, ABD SPECIAL CLOS ACCOUNTS, SUCHE AS CURISTEAS AUD VACATION CLUBS.
SOTE: BISTORICAL DATA POR DEMAUD DEPOSITS ARE AVAILABLE BACK TO 1970 BSTISATED IB PART PROB TEE BRSITS ®
SERIES FOR 233 SHSA°S GHICH WERE AVAILABLE THOUGH JOBE 1977. BISTORICAL DATA POR ATS/BOS AED
SAVINGS DEPOSITS ABE AVAILABLE BACK TO JOLY 1977. BACK DATA ARE AVAILABLE OF REQUEST PROM BASKIEG
SBECTIOS, DIVISION OF RESEARCH ASD STATISTICS, BOARD OF GOVERSORS OF THE FEDERAL RESERVE SISTES,
SASBIBGTON, D.C. 20551.
for FRASER °",61.15
4,1980s/1987-07-15_491228_July_15_1987.pdf,1987-07-15,1,other_non_table_material,"e 1/ REPRESKUTS ACCOUNTS OF INDIVIDUALS, PARTNERSHIPS, AMD CORPORATIONS AND OF STATES AWD POLITICAL
SUBDIVISIONS.
2/ ACCOUNTS AUTHORIZED PUR WEGOTIABLE ORDERS OF SITHDRAWAL (BOW) AND ACCOUSTS AUTHORIZED POR AUTOMATIC
TRANSFER TO DEMAND DEPOSITS (ATS). ATS DATA AVAILABILITY STARTS WITH DECEMBER 1978.
3/ GBONBY MARKET DEPOSIT ACCOUNTS.
&/ BXCLUDES ATS ABD NOW ACCOUNTS, HSDA, AND SPECIAL CLUS ACCOUNTS, SUCH AS CHRISTMAS AMD VACATION CLUBS.
MOTE: HISTORICAL DATA FOR DEMAND DEPOSITS ARE AVAILABLE BACK TO 1970 EBSTIGATEBD IM PART FROS THB DSBITS
SBKIES FOR 233 SASA*S WHICH WE@E AVAILABLE THROUGH JUMB 1977. HISTORICAL DATA FOR ATS/¥OW AND
@ SAVINGS DBPOSITS ARE AVAILABLE BACK TO JULY 1977. BACK DATA ARE AVAILABLE ON REQUEST PROA BAUKIUG
DIVISIOW OF KESEARCH AND STATISTICS, BOARD OP GOVERNORS OF THE FEDERAL RESERVS SISTER,",77.59
4,1980s/1987-07-15_491228_July_15_1987.pdf,1987-07-15,2,other_non_table_material,"1/ REPHESRNTS ACCOUNTS OF INDIVIDUALS, PARTNERSHIPS, AND CORPORATIONS AND OF STATES AND POLITICAL
SUBDIVISIONS.
2/ ACCOUNTS AUTHORIZED POR NEGOTIABLE ORDERS OF WITHDRAWAL (HOW) AND ACCOUNTS AUTHORIZED FOR AUTOMATIC
TRASSPER TO DEMAND DBPOSITS (ATS). ATS DATA AVAILABILITY STARTS GITH DECESBER 1978.
3/ BECLUOES ATS AND WOM ACCOUNTS, MBDA, AND SPRCIAL CLUB ACCOUNTS, SUCH AS CHRISTAAS ABD VACATION CLoBS.
NOTE: HISTORICAL DATA POR DESABD DEPOSITS ARE AVALLABLE BACK TO 1970 ESTIMATED IN PART PROS THE DEBITS
SBBIES FOR 233 SHSA'S WHICH WERE iVAILABLE THMOUGH JONR 1977. HESTORICAL DATA FOR ATS/NOM AMD e
SAVINGS DEPOSITS ARE AVAILABLE BACK TO JULY 1977. BACK DATA ARE AVAILABLE ON REQUEST PRO BASKING
SBgt iON, DIVISION OF RESEARCH AND STATISTICS, BOARD OF GOVERAORS OP THE PEDERAL RESERVE
for",74.57
4,1980s/1987-08-14_491229_August_14_1987.pdf,1987-08-14,1,footnotes,"| 1/ REPRESEMTS ACCOUNTS OF IBDIVIDUALS, PARTNERSHIPS, ABD CORPORATIONS AUD OF STATES AND POLITICAL
SUBDIVISIONS.
2/ aCCOONTS AUTHORIZED FOR NEGOTIABLE ORDERS OF WITHDRABAL (BOW) AND ACCOUNTS AUTHORIZED FOR AUTOBATIC
TRABSPER TO DESAWD DEPOSITS (ATS). ATS DATA AVAILABILITY STARTS SITH DECEABBR 1978.
@ 3/ EXCLUDES ATS AMD NOW ACCOUSTS, NADA, AND SPECIAL CLUB ACCOUBTS, SUCH AS CBRISTAAS ABD VACATION CLUBS.
7 NOTR: HISTORICAL DATA POR DEMAND DEPOSITS ARE AVAILABLE BACK TO 1970 ESTISATED I8 PART FROA THE DEBITS
SERIZS FOR 233 SMSA‘S WHICH WERE AVAILABLE THROUGH JUNE 1977. GISTORICAL DATA FOR ATS/BOU ABD
SAVIBGS DEPOSITS ARE AVAILABLE BACK TO JOLY 1977. BACK DATA ARB AVAILABLE OB REQUEST PROS BASKING
SECTION, DIVISION OF RESRARCH ABD STATISTICS, BOARD OF GOVERORS OF THE FEDERAL RESERVE SYSTEA,
WASHINGTOU, D.C. 20551.
for FRASER",75.04
4,1980s/1987-08-14_491229_August_14_1987.pdf,1987-08-14,2,other_non_table_material,"1/ REPRESENTS ACCOUBTS OF LBDIVIDUALS, PARTOERSHIPS, EBD CORPORATIONS AND OP STATES AND POLITICAL
SUBDIVISIONS.
2/ ACCOUNTS AUTHORIZED FOR NEGOTIABLE ORDERS OF WITHDRAWAL (HON) AND ACCOUBTS AUTHORIZED POR AUTOMATIC
TRAMSFER TO DERAND DEPOSITS (ATS). ATS DATA AVAILABILITY STARTS WITH DECBABER 1978.
3/ SOMEY AARKET DEPOSIT ACCOUNTS. r )
4s EXCLUDES ATS AWD BOW ACCOUNTS, MBDA, AUD SPECIAL CLEB ACCOUBTS, SOCH AS CERISTSAS AUD VACATION CLUBS.
MOTE: HISTORICAL DATA POR DESAND DEPOSITS ARE AVAILABLE BACK TO 1970 BSTIAATED IB PART PROM THE DEBITS
SERIES FOR 233 SASA°S WHICH WERE AVAILABLE THROUGH JONK 1977. AISTORICAL DATA FOR ATS/BOS ABD
SAVINGS DEPOSITS ARE AVAILABLE BACK TO JOLY 1977. BACK DATA ARE AVAILABLE O8 REQUEST FROM BASKING
SECTIOB, DIVISION OP RESEARCH AND STATISTICS, BOARD OF COVERBORS OF TEE FEDERAL RESERVE SYSTES,
WASHINGTON, DeCo 20552.
for FRASER sd",70.05
4,1980s/1987-11-20_491230_November_20_1987.pdf,1987-11-20,1,revision_notice,"\@ \ s
G.6 Data Revised
e
The bank debits and deposit turnover series have been revised to
le reflect new benchmark adjustments and revised seasonal factors as well
as some revisions of reported data. The revisions affect the not
seasonally adjusted data beginning in 1982, except in the case of :
e savings deposits which have been revised back to March 1979. Seasonal
factor revisions affect the seasonally adjusted series over the entire
span of the series--from 1970 to date for the demand deposit series, and
e from July 1977 to date for the ATS/NOW and savings deposits series. The
MMDA series, which dates back only to 1983, continues to be reported
only on a not seasonally adjusted basis. Seasonal factors were
e computed by the X-11 ARIMA method with business-day adjustments
incorporated in seasonal adjustments for the debits to demand deposits
series.
Ps This issue of the G.6 release provides revised data for the latest
available 13 months through August 1987. Historical tables containing
revised data for earlier periods may be obtained from the Banking
e Section, Division of Monetary Affairs, Board of Governors of the Federal
Reserve System, Washington, D.C. 20551
od
Jigitized for FRASER
ederal Reserve Bank of St. Louis _ _",83.35
4,1980s/1987-11-20_491230_November_20_1987.pdf,1987-11-20,2,footnotes,"1/ REPRESENTS ACCOUNTS OF (BDAVLDUALS, PABTNERSHLYS, AWD CORPORATIONS AND OF STATBS AWD POLITICAL
SUBUIVISIONS.
2/ ACCOUNTS AUTHOBLZED POR WEGOTLABLE ORVERS OF sLTHD@AWAL (NOW) AND ACCOUNTS AUTHORIZED POR AUTOMATIC
@ TRANSPcK TO DESAND DEvUSITS (ATS). ATS DATA AVAILABILITY STARTS WITH DECBABER 1978.
3/4 BXCLUDES ATS a8D NOW aCCUURTS, AADA, AND SPECZAL CLUB ACCOUNTS SOCH AS CHRISTMAS AND VACATION CLUBS.
HOTEL: HISiORICAL DATA YOR DEMAND UcPUSI1S AaB &VALLADLE BACK TO 1970 ESTIMATED IB PART FROM DEBITS
ScBLES PCR £33 SMSA'S WHICH wWeb2 AVAILABLE THROUGH JUDE 1977. ALSTORICAL DATA FOR ATS/HOM AND
SAVINGS DEPUSITS ARZ AVAILABLE BACK YO JULY 1977. BACK DATA ARE AVAILABLE OW REQUEST PROM BARKING
SECTION, DIVISION OF HZSEARCH AND STATISTICS, BOAGD OF GOVERNORS OF THE PEDBRAL RESERVE S¥STEA,
| WASHINGTON, 0.C. 20591.
for FRASER",68.56
4,1980s/1987-11-20_491230_November_20_1987.pdf,1987-11-20,3,footnotes,"1/ Q@BPRESENTS ACCOUNTS OF INDIVIDUALS, PARTNERSHIPS, AUD CORPORATIOBS AND OF STATES AMD POLITICAL
SUBDIVISIONS.
2/ ACCOUNTS AUTHORIZED POR BBGOTIABLE ORDERS OF SITHDRAWAL (NOM) AND ACCOUNTS AUTHORIZED POR AUTOMATIC
TRAMSPER TO DESAND DEPOSITS (ATS). ATS DATA AVAILABILITY STARTS ITH DECESBER 1978.
3/ BOMBY SARKET DEPOSIT ACCOUNTS.
4/7 BXCLUDES ATS ABD HOW ACCOUNTS, BADA, AND SPECLAL CLUB ACCOUBTS SUCH AS CHRISTAAS AND VACATION CLOBS. ®
“NOPE: HISTOKICAL DATA FOR DEMAND DEPOSITS ABE AVALLABLE BACK TO 1970 ESTIMATED IN PART PRON DEBITS
SERIES FOR 233 SHSA‘S @HICH WERE AVAILABLE THROUGH JUNE 1977. BISTORICAL DATA FOR ATS/MOM AND ~
SAVINGS DEPOSITS ARB AVAILABLE BALK FO JULY 1977. BACK DATA ARR AVAILABLE OM REQUEST FROS BANKING “
SECTION, DIVISION OF RESEARCH ABD STTISTI{CS, BOARD OF GOVERNORS OF TAE PECERAL RESERVK SYSTEM, +
WASHINGTON, D.C. 20551.
gitized for FRASER e",76.08
4,1980s/1987-12-28_491231_December_28_1987.pdf,1987-12-28,2,other_non_table_material,"1/ REPRESENTS ACCOUNTS OF INDIVIDUALS, PARTHERSHIPS, AND CORPORATIONS AND OF STATES AED POLITICAL e
SUBDIVISIONS.
2/ ACCOSETS AUTHORIZED FOR BEGOTIABLE ORDERS OF SITHDRASAL (BOB) ABD ACCOUSTS AUTBORIZED FoR aUTOSATIC
TRAUSFER TO DESABD DEPOSITS (ATS). ATS DATA AVAILABILITY STARTS WITH DECEABER 1978.
3/ MSOBBY SARKET DEPOSIT ACCOUSTS.
&/ EXCLUDES ATS ABD BOW ACCOUNTS, SNDA, AND SPECIAL CLUB ACCOUBTS SUCH AS CSRISTSAS AND VACATION CLUBS.
WokRs MISTORICAL DATA POR DEAABD DEPOSITS ARB AVAILABLE BACK TO 1970 ESTIMATED IN PART FROM DEBITS
SBRIES POR 233 SHSA°S WHICH WERE AVAILABLE THROUGH JOBE 1977. HISTORICAL DATA POR ATS/NOW AND
| SAVINGS DEPOSITS ARK AVAILABLE BACK TO JULY 1977. BACK DATA ARE AVAILABLE ON REQUEST FROM BABKING
SECTION, DIVISION OF RESEARCH AND STATISTICS, SOAKD OF GOVERBORS OF THE PEOERAL RESERVE SYSTEL, r )
for FRARERNCTON. DAC. 205)
20551.",74.81
4,1980s/1988-01-25_491232_January_25_1988.pdf,1988-01-25,1,footnotes,"7 BEPRESEUTS ACCOUBTS OP INDIVIDUALS, PARTNERSHIPS, AND CORPORATIONS ABD OF STATRS AND POLITICAL
SUBDIVISIONS.
2/ ACCOUNTS AUTHORIZED FOR NEGOTIABLE OMDERS OF WITHDRAWAL (NOH) AND ACCOUNTS AUTHORIZED FOR AUTORATIC
TRANSPER TO DBHAND DEPOSITS (ATS). ATS DATA AVAILABILITY STARTS WITH DECEABER 1978.
3/ RICLUOES ATS AMD NOW ACCOUNTS, HADA, AMD SPECIAL CLUB ACCOUNTS SUCH AS CHRISTHAS AND VACATION CLUBS.
WOTE: MISTUMLCAL DATA POR DEMAWD DEPOSITS ARE AVALLABLE BACK TO 1970 BSTIMATED IN PART PROM DEBITS
SBRIES POR 233 SASA*S SHICH MEKE AVAILABLE THROUGH JONB 1977. SISTORICAL DATA FOR ATS/NOW AND
@ SAVINGS DEPOSITS ARE AVAILABLE BACK TO JULY 1977. BACK DATA ARE AVAILABLE OM REQUEST FROA BANKING
for FRASESBCTION, DIVISION OF RESEARCH AND STATISTICS, BOARD OF GOVARBORS OF THE FEOBRAL RESERVE SYSTEA,",79.25
4,1980s/1988-01-25_491232_January_25_1988.pdf,1988-01-25,2,other_non_table_material,"| 1/ =RBPRESENES ACLOUSTS OF INDIVIDUALS, PARTBERSHIPS, AND CORPORATIONS AND OF STATES AND POLITICAL
| SUEDIVISIONS.
| 2/ ACCOUNTS AUTHORIZED FOR BEGOTIABLE ORDERS OF WITEDRABAL (NOB) ABD ACCOUBTS AUTHORIZED FOR AUTOsATIC
TRANSFER TO OENAND DEPOSITS (ATS). ATS DATA AVAILABILITY STARTS WITH DECEABER 1978.
3/ SOBRI SABKET DEPOSIT aCCOUsTS.
87 BECLODES ATS AND HOW ACCOUNTS, ASDA, AND SPECIAL CLUB ACCOUNTS SUCH AS CMRISTHAS AND VACATION CLUBS.
HOPE: HISTORICAL DATA FOR DEMAND DEPOSITS ARE AVAALASLE BACK TO 1970 ESTISATED IB PART PROR DBalTs
SBBIES FOR 233 SSSA°S WRICB WERE AVAILABLE THAOUGH JUNE 1977. SISTORICAL DATA FOR ATS/BOW AND
SAVINGS DEPOSITS ARB AVAILABLE 8ACK TO JULY 1977. BACK DATA ARE AVAILABLE ON REQUEST PROM BASKIEG )
for & ft, DIVISION OF RESEARCH AND STATISTICS, BOARD OF GOVERNORS OF THE FEDERAL RESERVE SISTEA,",73.67
4,1980s/1988-02-16_491233_February_16_1988.pdf,1988-02-16,1,other_non_table_material,"1/ BRPRESENTS ACCOUNTS OF IUDIVIDUALS, PARTNERSHIPS, ABD CORPORATIONS AND OF STATES AND POLITICAL
SUBDIVISIONS.
2/ ACCOUNTS AUTHORIZED FOR NEGOTIABLE ORDERS OF WITHDRAWAL (NOW) AUD ACCOUBTS AUTHORIZED FOR AUTOMATIC
TRANSFER TO DEAABD DEPOSITS (ATS). ATS DATA AVALLABILITY STARTS WITH DECRABER 1978.
3/ SONBY SARKET DEPOSIT accousTs.
4/ EXCLODKS ATS AND BOW ACCOUNTS, SADA, ABD SPECIAL CLUB ACCOUBTS SUCH AS CHRISTMAS AND VACATION CLUBS.
| “WORB: HISEORICAL DATA FOR DESAND DEPOSITS AGE AVAILABLE BACK TO 1970 ESTIAATED IN PART PROS DEBITS
SERIES FOR 233 SSSA'S WHICH MERE AVAILABLE THROUGH JUBE 1977. RISTORICAL DATA FOR ATS/NOW AND
e@ SAVINGS DEPOSITS ABE AVAILABLE BACK TO JULY 1977. BACK DATA ARZ AVAILABLE OM REQUEST PROA BANKISG
SECTION, DIVISION OF RESEARCH ABD STATISTICS, BOARD OF GOVERBORS OF THE PEDERAL BRSERVE SISTEA,
WASHINGTON, D.C. 20551.
© cs for FRASER",73.11
4,1980s/1988-02-16_491233_February_16_1988.pdf,1988-02-16,2,other_non_table_material,"1/ BEBPRESESTS ACCOUNTS OF IBDIVIDOALS, PARTBERSHLPS, AND CORPORATIONS AND OF STATES AND POLITICAL
SUBDIVISIONS.
| 2/ ACCOUNTS AUTHORISED FOR BEGOTIABLE ORDERS OP WITHDRASAL (BOS) ABD ACCOUB@S AUTHORIZED FOR AUTOMATIC
TRABSPER TO DEHABD DEPOSITS (ATS). ATS DATA AVAILABILIZY STARTS GITH DECEMBER 1978.
3/ BXCLODES ATS AND HOW ACCOUNTS, GMDA, ABD SPECIAL CLUB ACCOUNTS SUCH AS C@RISTHAS AND VACATION CLUBS.
BOTS: BLSTORICAL DATA FOR DEBAND DEPOSITS ARB AVAILABLE BACK TO 1970 RSTXSATED 15 PART PROB UBBITS
SBRIES POR 233 SHSA°S WHICH WERE AVAILABLE THROUGH JUSE 1977. HISTORICAL DATA FOR ATS/NOW ABD
SAVINGS DBPOSITS ARB AVAILABLE BACK TO JULK 1977. BACK DATA ABE AVAILABLE O8 REQUBST FROM BANKING
SBCTIOB, DIVISION OF RESRARCH AND STATISTICS, BOARD OF GOVRRBORS OF THE FEDERAL RESERVE SISTEA, e
WASHINGTON, D.C. 20551.
for FRASER",73.91
4,1980s/1988-04-15_491235_April_15_1988.pdf,1988-04-15,1,footnotes,"1/ REPRESENTS ACCOUNTS OP INDIVIDUALS, PARTNERSHIPS, AND CORPORATIONS AND OF STATES ABD POLITICAL
SUBDIVISIONS.
2/7 ACCOUNTS AUTHORIZED POR MEGOTIABLE O8DERS OF BITHDRAGAL (HOW) AND ACCOUSTS AUTHORIZED FOR AUTOMATIC
TRAVSFER TO DEMAND DEPOSITS (ATS). ATS DATA AVAILABILITY STARTS GITH DECBBBER 1978.
e 3/7 EXCLUDES ATS AND NOW ACCOUNTS, BADA, AMD SPECIAL CLUB ACCOUNTS SUCH AS CHBISTHAS ABD VACATION CLUBS.
NOTE: HISTORICAL DATA POR DBAAWD DEPOSITS ARE AVAILABLE BACK TO 1970 BSTISATED IN PART PROM ORBITS
SEKLéS POR 233 SASA‘S WHICH WERE AVAILABLE THROUGH JUNE 1977. HISTORICAL DATA FOR ATS/BOW AND
SAVINGS DEPOSITS ABZ AVAILABLE BACK TO JULY 1977. BACK DATA ARE AVAILABLE ON REQUEST PROS BASKING
SECTION, DIVISION OF RESEARCH AND STATISTICS, BOARD OP GOVERNORS OF THE PEDERAL SESERVE SYSTEM,
WASHINGTON, D.C. 20551.
for FRASER",72.57
4,1980s/1988-04-15_491235_April_15_1988.pdf,1988-04-15,2,other_non_table_material,"a
1/ REPRESEBTS ACCOUNTS OF INDIVIDUALS, PARTEERSHIPS, AND CORPORATIONS AND OF STATES ABD POLITICAL
SUBDIVISIONS.
2/ ACCOUNTS AUTHORIZED FOR NEGOTIABLE ORDERS OF SITHDRAWAL (NOS) AND ACCOUNTS AUTHORIZED FOR AUTOMATIC
TRABSPER TO DEAASD DEPOSITS (ATS). ATS DATA AVAILABILITY STARTS WITH DECEABER 1978.
3/ @ONBY BARKBT DEPOSIT ACCOUNTS.
87 RECLODES ATS AND HOB ACCOUNTS, MADA, AMD SPECIAL CLUB ACCOUNTS SUCH AS CHRISTAAS AND VACATION CLUBS. r )
BOE: HISTORICAL DATA POR DEMAND DEPOSITS ASE AVAILABLE BACK TO 1970 BSTISATED IN PART PROM DEBITS
SERIES POR 233 SSSA*°S SHICH GRRE AVAILABLE THROUGH JUNE 1977. AISTORICAL DATA POR ATS/NOW AND
SAVINGS DEPOSIZS ARE AVAILABLE BACK TO JOLY 1977. BACK DATA ARE AVAILABLE O8 REQUEST FROM BANKING
SECTION, DIVISION OF RESEARCH AUD STATISTICS, BOARD OF GOVERNORS OF THE PEDERAL SESERVE SYSTZA,
GASHINGTON, D.C. 20551. |
for FRASER",66.07
4,1980s/1988-05-17_491236_May_17_1988.pdf,1988-05-17,1,other_non_table_material,"REPRESENTS ACCOUBTS OF INDIVIDUALS, PARTWERSHIPS, AND CORPORATIONS ABD OF STATES AWD POLITICAL
SUBDIVISIONS.
ACCOUNTS AUTHORIZED FOR NEGOTIABLE ORDERS OF WITHDRAWAL (BOW) AND ACCOUMTS AUTHORIZED POk AUTOMATIC
e TRANSFER TO DEMAND DEPOSITS (ATS). ATS DATA AVALLABILITY STARTS WITH DECEABES 1978.
‘ BXCLODZS ATS ABD YOu ACCOUMTS, BADA, AND SPECLAL CLUB ACCOUNTS SUCH AS C@RISTHAS AND VACATION CLUBS.
CB; BISTOMICAL DATA POR DEAAND DEPOSITS ABB AVAILABLE BACK TO 1970 ESTIMATED I¥ PART PROB DEBITS
SERLES PCh 233 SASA*S WHICH WERZ AVAILABLE T@ROUGH JOME 1977. HISTORICAL DATA FOR ATS/uOW AND
SAVINGS DEPOSITS ARB AVAILABLE BACK 10 JULY 1977. BACK DATA ARE AVAILABLE OM KEQUEST PROM BANKING
SECTION, DIVISION UF RESEARCH ASD STATISTICS, BOARD OF GOVERNORS OF T""E FEDERAL RESERVE SYSTBA,
WASHINGTON, D.C. 20551.
for FRASER",76.24
4,1980s/1988-05-17_491236_May_17_1988.pdf,1988-05-17,2,other_non_table_material,"1/ BBPRESsNTS ACCOUNTS OF INDIVIDUALS, PARTHBRSH1PS, AND CORPORATIONS ABD OF STATES ABD POLITICAL
SUSUIVISIONS.
2/ ACCOONTS AUTHORIZED FOR MAGOTIABLE ORDERS OF BITBDRAWAL (UOB) AND ACCOUBTS AUTMORIZED FoR AUTOMATIC
TKABSPER 10 DEMABD DEPOSITS (ATS). ATS DATA AVAILABILITY STARTS ITH DECEABER 1978. e
3/ MUMSY MARKET DEPOSIT aCcounTS.
S/ EsCeUbeS aTS aND NUM ACCOUNTS, MBDA, AND SPECIAL CLUB ACCOUSTS SUCH AS CARISTHAS ABD VACATION CLUBS.
NOTE: HISTORICAL DATA POX DEBAND DEPOSITS ABE AVAILABLE BACK TO 1970 BSYIMATED IS PART PROM DESITS
SERIZS POR 233 SHSA'S WHICH WERE AVAILABLE TBkOOGH JONE 1977. MISTORICAL DATA FOR ATS/HOW AUD
SAVINGS DEPOSITS Abs AVAILABLE BACK TO JUsY 1977. BACK DATA ARE AVAILABLE ON REQUEST PROS BANKING
ScC11UN, DIVISION OF BESEAACH aBL STATISTICS, bOAKD OF GOVEREORS OF THE PEDERAL RESERVK SYSTEA, -
WaSdlsG1UN, YC. cUraI~.
for FRASER",61.54
4,1980s/1988-06-15_491237_June_15_1988.pdf,1988-06-15,1,other_non_table_material,"1/ REPRESEMTS ACCOUSTS OF INDIVIDUALS, PARTNERSHIPS, AUD CORPORATIONS ABD OF STATES AWD POLITICAL
SUBDIVISIONS.
2/ ACCOUNTS AUTHORIZED FOR BEGOTIABLE ORDERS OF UITEDRAVAL (808) ABD ACCOUNTS AUTHORIZED FOR agTrosaric
TRABS?ER TO DEHAND DEPOSITS (ATS). ATS DATA AVAILABILITY STARTS SITH DECEMBER 1978.
3/ BXCLUDES ATS ABD NOW ACCOUDETS, MHDA, AND SPECIAL CLUB ACCOUNTS SUCH aS CERISTSAS auc VACATION CLUBS.
NOTE: HISTORICAL DATA FOR DEMAND DEPOSITS ARZ AVAILABLE BACK TO 1970 ESTISATED IN PART PROM DEBITS
SERIES FOR 233 SHSA°S MHICH YERE AVAILABLZ THROUGH JUNE 1977. MISTORICAL DATA POR ATS/BOW AND
SAVINGS DEPOSITS ARB AVAILABLE BACK TO JULY 1977. BACK DATA ARE AVAILABLE ON REQUEST PROA BANKING
SECTION, DIVISION OF RESEARCH AND STATISTICS, BOARD OF GOVERSORS OF THE PEDERAL RESERIE SYSTEM,
WASHINGTON, D.C. 20551.",69.64
4,1980s/1988-06-15_491237_June_15_1988.pdf,1988-06-15,2,other_non_table_material,"1/ REPRESEBTS ACCOUNTS OF IBDIVIDUALS, PARTBERSHIPS, ABD CORPORATIONS ABD OF STATES AMD POLITICAL
SUBDIVISIONS.
2/ ACCOUBTS AUTHORIZED FOR BEGOTIABLE ORDERS OF WITHDRAWAL (B8OU) AND ACCOUSTS AUTHORIZED FOR AUTONATIC
TRABSFER TO DEAAND DEPOSITS (ATS). ATS DATA AVAILABILITY STARTS BITH DECRABER 1976.
34 SOBRBY MARKET DEPOSIT ACCOUNTS.
&/ RBXCLODES ATS AND BOS ACCOUNTS, SADA, AND SPECIAL CLUB ACCOGSTS SUCHE AS CSRISTHAS AND VACATION CLOBS. .
sors: BISTORICAL DATA FOR DESAND DEPOSITS ARE AVAILABLE BACK TO 1970 BSTIMATED IN PART FROM DEBITS
SBAIZS FOR 233 SHSA°S GHICH BRBRE AVAILABLE THROUGH JONE 1977. HISTORICAL DATA POR ATS/BOM AND
SAVINGS DEPOSITS ARE AVAILABLE BACK TO JULY 1977. BACK DATA ARE AVAILABLE ON REQUEST PROS BANKING
SECTION, DIVISION OF RESEARCH ABD STATISTICS, BOARD OF GOVERBORS OF THE FEDERAL RESERVE SYSTEA,
WASHINGTON, D.C, 20551.
for FRASER",69.49
4,1980s/1988-07-15_491238_July_15_1988.pdf,1988-07-15,2,other_non_table_material,"1/ BEPRESESTS ACCOSBTS OF ISDIVIDUALS, PARTBERSHIPS, AND CORPORATIONS AND OF STATES ABD POLITICAL
SUADIVISIONS.
2/ ACCOUSTS AUTHORIZED FOR BRCOTIABLE ORDERS OF VITEDRAUAL (HOB) ABD ACCOUETS AUTRORIZED POR AUTOSATIC
TRABS?MR TO DEZAND DEPOSITS (ATS). ATS DATA AVAILASILITY STARTS SITH DECEMBER 1976.
3/ GOEEY SARKET DEPOSIT ACCOSETS.
€/ «EXCLEDES ATS ABD BOW ACCOUNTS, NEDA, AND SPECIAL CLUS ACCOUBTS SUCH AS CMRISTHAS ASD VACATIOB CLUBS.
OTR: SISTORICAL DATA FOR DEMAND DEFOSITS ARE AVAILABLE BACK TO 1970 ESTIMATED IB PART FROS DEAITS
SENIES POR 233 SHSA°S URICH ERE AVAILABLE THROGGH JUNE 1977. HISTORICAL DATA FOR ATS/BOS ABD r )
SAVINGS DEPOSITS ARE AVAILABLE BACK TO JULY 1977. BACK DATA ARE AVAILABLE OS REQUEST FBOH BARKISG
SECTIOG, DIVISION OF RESEARCH AND STATISTICS, SOARD OF COVEREORS OF THE FEDERAL RESERVE SYSTES,
HASEZBGTON, B.C. 20551. ©
for FRASER",66.47
4,1980s/1988-08-15_491239_August_15_1988.pdf,1988-08-15,1,other_non_table_material,"e 1/ WEPhL>EUTS ACCOUNTS GY 2NDIVIDUALS, PARTNERSHi¢s, AND COKPORATIONS ABD OF STATES ABD POLITICAL
SUoDIVIS1ONS.
2/ ACCOUNTS AUTHORIZED OM NEGOTIABLE UsDBRS OF aiTADRAWAL (BOW) AND ACCOUB2S ABTMOKIZED Fuk AUTOMATIC
TRANSFERS TO UBAAMD DEPUSITS (ATS). ATS OATA AVALLASILITY STARTS WITH DECRABER 1978.
3/ ESCLUD2S ATS AMD NOw ACLUUBTS, GSDA, AUD SPxCaae CLUB ACCOUNTS SOCH AS CHRISTMAS AND VACATIUM CLUBS.
NOTE: HISTUKICAL LATA POR DoBAND DEPOSITS AWE AVAILABLE BACK TU 1970 BSTIMATRD Iu PART PROA DkB1TS
Seales fUa £33 SOSA°S WHICH WEde AVALLABL2 £a80UGH JUBE 1977. AISTORICAL DARPA FOR ATS/uOw AND
DAVLNLS DEPUSITS Ade AUALLABLE OACK TO JULY 1977. BACK DATA ARB AVALLABLE OB REQUEST FROM BANKING
SECTION, DIVISION UF RESEARCH AMD STATISTICS, BUAMD OF GOVERBORS OF THE FEDEAAL RESERVE SISTREA,
r wASHANGION, DC. 20257.
for FRASER",52.86
4,1980s/1988-08-15_491239_August_15_1988.pdf,1988-08-15,2,footnotes,"1/ wkBPRESasTS ACCOUNTS OF IMDIVIDUALS, PAKTBEUSHIPS, ABD CORPORATIONS AUD Of STATES AND POLITICAL
SUBDIVISIONS.
2/ ACCOUNTS AUTHORIZED POR BEGOTIABLZ ORDERS OF WATHDRAWAL (HOM) AMD ACCOUNPS AUTHORIZED PUR AUTUBATIC
TRANSFER TO DERANO, DEPOSITS (ATS). ATS DATA AVALLABILITY STARTS WITH DECEABER 1978. @e
3/ BOMBY AARKKT DEPOSIT ACCOUsTS.
7 BSCLUDES ATS ABD BOW ACCOUNRS, SADA, AMD SPECIAL CLUS ACCOUNTS SOCM AS CHAISTBAS AND VACATION CLUBS.
WOTs: HISTORICAL DATA PUs DSAABD DEPOSITS A&B AVALLAGL& BACK TO 1970 BSTISATED IW PAST PROA DeoITS
SERIES FOR 233 SHSA*S GHICM GKAE AVALLABLY THROUGH JUBE 1977. HISTOMICAL DATA FOR ATS/HOd AND
SAVINGS DEPOSITS ANZ AVAILABLE BACK TO JULY 1977, SACK OATA ARK AVAILABLE OW R&WUEST FROM dANKLEG
SECTION, DIVISION OF R&SEABCH AMD STATISTICS, vOAD OP GOVERNORS OF THE PROEMAL RESEMVE SISTKA,
WASHINGTON, D.C. 20551.",61.59
4,1980s/1988-11-04_491240_November_4_1988.pdf,1988-11-04,1,other_non_table_material,"1/ REPRESENTS ACCOUNTS OF INDIVIDUALS, PARTNERSHIPS, ANDO CORPORATIONS AND OF STATES AMD POLITICAL
SUBDIVISIONS.
| 2/ ACCOUNTS AUTWORIZED FOR BEGOTIABLE ORDERS OP WITHDRAWAL (NOW) AND ACCOUNTS AUTHORIZED FOR AUTOMATIC
TRANSPER TO DBSAND DEPOSITS (ATS). ATS DATA AVAILABILITY STAKTS WITH DECEABER 1978.
3/ BEXCLODES ATS AMD OW ACCOUNTS, AMADA, AND SPECIAL CLUB ACCOUNTS SUCH AS CHRISTMAS AND VACATION CLUBS.
MOTE: HISTORICAL DATA POR DEMAND DEPOSITS ARE AVAILABLE BACK TO 1970 BSTIMATED IM PART PROM DEBITS
SERIBS FOR 233 SMSA°S WHICH WERE AVAILABLE THROUGH JUNE 1977. HISTORICAL DATA POR ATS/NOW AWD
SAVINGS DEPOSITS ARE AVAILABLE BACK TO JULY 1977. BACK DATA ARE AVAILABLE ON REQUEST FROM BANKING AND MONEY
SARKBT STATISTICS SECTION, DIVISION OF MONETARY APFAIRS, BOARD OF GOVERNORS OF THE
for FRASERBDERAL RESL«VE SYSTEM, WASHINGTON, D.C. 20551,",69.51
4,1980s/1988-11-04_491240_November_4_1988.pdf,1988-11-04,2,other_non_table_material,"1/. REPRESENTS ACCOUSTS OF INDIVIDUALS, PARTBERSHIPS, AND CORPORATIONS AND OF STATES AND POLITICAL €
SUBDIVISIONS.
2/ ACCOUNTS AUTHORIZED POR BEGOTIABLE ORDERS OF SITHDRAWAL (NOW) AND ACCOUNTS AUTHORIZED FOR AUTOMATIC
TRANSPER TO DESAWD DEPOSITS (ATS). ATS DATA AVAILABILITY STARTS WITH DECEABER 1978.
| 47 BXCLUDES ATS ABD NOW ACCOUNTS, SADA, AND SPECIAL CLUB ACCOUSTS SUCH AS CHBISTHAS AND VACATION CLUBS. |
| 3/ SOMBY BARKET DBPOSIT ACCOUNTS.
) NOTE: BISTORICAL DATA FOR DEMAND DEPOSITS ARE AVALLABLE BACK TO 1970 BSTIAATRD IN PART PRON DEBITS
SBRIBS POR 233 SHSA°S SHICH SERE AVAILABLE THROUGH JUNE 1977. HISTORICAL DATA FOR ATS/#OU ABD
SAVINGS DEPOSITS ARE AVAILABLE BACK TO JULY 1977. BACK DATA ARE AVAILABLE OW REQUEST FROM BANKING ABD SOMET «
Apa STATISTICS SECTION, DIVISION OP MONETARY APFAIRS, BOARD OF GOVERNORS OF THE
for FR",77.7
4,1980s/1988-12-27_491241_December_27_1988.pdf,1988-12-27,1,other_non_table_material,"1/ REPRESENTS ACCOUNTS OP INDIVIDUALS, PARTRERSELPS, ABD CORPORATIONS AND OF STATES AUD POLITICAL
SUBDIVISIONS.
2/ ACCOUBTS AUTHORIZED POR BEGOTIABLE ORDERS OF WITHDRAWAL (BOW) AND ACCOUNTS AUTHORIZED POR AUTOMATIC
TRANSFER TO DESABD DEPOSITS (ATS). ATS DATA AVAILABILITY STARTS SITH DECESBRR 1978.
e@ 3/ BXICLODES ATS AND NOW ACCOUNTS, ABDA, ASD SPECIAL CLUB ACCOUNTS SUCH AS CMRISTAAS ABD VACATION CLUBS.
PE: BISTORICAL DATA FOR DEHABD DEPOSITS ARE AVAILABLE BACK TO 1970 BSTIMATRD IW PART PROA DEBITS
SERIES POR 233 SHSA°S WHICH WERE AVAILABLE THROUGH JUNE 1977. SISTORICAL DATA POR ATS/WOW AND
SAVINGS DEPOSITS ARE AVAILABLE BACK TO JOLY 1977. BACK DATA ARE AVAILABLE OW REQUEST FROM BANKING AND SONEY
SARKET STATISTICS SECTION, DIVISION OF AOUEBTARY APFAIES, BOARD OF GOVERBORS OF THE
PEDERAL RESERVE SYSTEZES, WASHIBGTOB, D.C. 20551.
for FRASER",79.55
4,1980s/1989-01-27_491242_January_27_1989.pdf,1989-01-27,1,other_non_table_material,"17 REPRESENTS ACCOUNTS OF INDIVIDUALS, PARTNERSHIPS, AMD CORPORATIONS AND OF STATES AND POLITICAL
SUBDIVISIONS.
2/ ACCOOMTS AUTHORIZED FOR BEGOTIABLE ORDERS OF SITHDRAWAL (NOW) AND ACCOUNTS AUTHORIZED POR AUTORATIC
TRANSPZK TO UEMARD DEPOSITS (ATS). ATS DATA AVAILABILITY STARTS WITH DECEABER 1978.
3/ MONEY ARKE2T DEPUSIT ACCOUNTS.
@ 4/ SKCLUDES ATS AMD BOW ACCOUNTS, MBDA, AND SPECIAL CLUB ACCOUNTS SUCH AS CHRISTMAS AND VACATION CLUBS.
* work: HISTORICAL DATA POR DEMAND DEPOSITS ARE AVAILABLB BACK TO 1970 ESTIMATBD IB PART FROB DEBITS
SERIES FOR 233 SOSA°S WHICH WERE AVAILABLE THROUGH JONZ 1977. HISTORICAL DATA FOR ATS/HOW AND
SAVINGS DEPOSITS ARZ AVAILABLE BACK TO JULY 1977. BACK DATA ARE AVAILABLE OB REQUEST PEON BANKING AND HOMEY
NABKET STATISTICS SECTIOW, DIVIS.ON OF MONEZARY AFPAIFS, BOARD OF GOVERWORS OF THE
PEDEBAL RESERVE SYSTEM, WASHINGTUN, D.C. 20551.
e
for FRASER",75.68
4,1980s/1989-01-27_491242_January_27_1989.pdf,1989-01-27,2,other_non_table_material,"1/ REPRESENTS ACCOUNTS OF INDIVIDUALS, PARTNERSHIPS, AND CORPORATIONS AND OF STATES AND POLITICAL
SUBDIVISIONS.
2/ ACCOUNTS AUTHORIZED POR NEGOTIABLE ORDERS OF WITHDRAWAL (NOW) AND ACCOUNTS AUTHORIZED POR AUTOMATIC
TRANSFER TO DEMAND DEPOSITS (ATS). ATS DATA AVAILABILITY STARTS WITH DECEMBER 1978.
3/ EXCLUDES ATS AND WOW ACCOUNTS, AMDA, AND SPECAAL CLUB ACCOUNTS SUCH AS CHRISTMAS AND VACATION CLUBS. e
WOTE: HISTORICAL DATA POR DEMAND DEPOSI1S ARE AVAILABLE BACK TO 1970 ZSTAMATED IN PART FROA DBBITS
SERIES POR 233 SMSA‘S WHICH WERE AVAILABLE THROUGH JUNE 1977. HISTORICAL DATA FOR ATS/HOW AND
| SAVINGS DEPOSITS ARE AVAILABLE BACK TO JOLY 1977. BACK DATA AKE AVAILABLE ON REQUEST FROM BASKING AND MOMEY
MARKET STATISTICS SECTION, DIVISION OF MOWETAKY APPAIRS, BOARD OF GOVERNORS OF THE
fEDBssL RESERVE SYSTER, WASHINGTON, D.C. 20551.
soe for FRASER",81.57
4,1980s/1989-02-21_491243_February_21_1989.pdf,1989-02-21,1,footnotes,"1/7 RBPRESEUTS ACCOU.7S Gi LWDIVIDUALS, PARTWERSHLPS, Adu CORPOMATIONS AND OP STATES AND POLITICAL
SUBDIVISIONS.
2/ ACCOUNTS AUTHUrLe£v FOR NEGOTIABLE ORDEBS OF WILHUKAGAL (NOW) AND ACCOUNTS AUTHORIZED Fuk aUCusATIC
TRANSPcRK 10 veMAN. VEPUSITS (ATS). ATS DATA AVAALAGALITY STARTS WITH DECBABER 1978.
e@ 3/ MONEY MABKET DEPOSIT ACCOUNTS.
G/ EXCLUDES aTS AND NOW ACCOUNTS, ABDA, AND SPZCAAL CLUD ACCOUNTS SUCH AS CHKISTHAS AND VACATION CLUBS.
MOTE: HISTORICAL DATa FUR DeMAND DEPUSITS ABE AVALLABLE SACK TO 1970 ESTIMATED IN PART FROM O&SIES
SokitS FOK 233 SASA*S wuld WERE AVALLABLE (HGOUGH JUNE 1977, HISTORICAL DA1A FOR ATS/NOn AnD
SAVINGS DEPOSITS aRE AVALLADLE GACK TO JULY 1977. BACK DATA ARE AVAILABLE ON REQUEST FROM BANKING AMD HONEY
SABKET STATISTICS SECLION, DIVASLON OF MONELAKY Ab FAIHS, BOAKY OF GOVEBNOBS OF THE
PEDEKAL KESEKVE SYSTEM, WASHINGTON, D.C. 2u291,
for FRASER",66.76
4,1980s/1989-03-15_491244_March_15_1989.pdf,1989-03-15,1,other_non_table_material,"1/ REPUESEMTS ACCOUNTS OF INDIVIDUALS, PAHTNERSHIPS, AND COKPUBATIONS AND OF STATES AND POLsTiLaL .
SUBDIVISIONS.
2/ ACCOUNTS AUTHORIZED FOR WEGOTIABLE O8DcRS OF sATHDRAWAL (NOW) AND ACCOUNAS AUABKORGZED PORK auaunaTIC
TRANSYER TO VEMAMD DEPOSITS (ATS). ATS DATA AVALLABIEITY STARTS METH VECEMDEN 1974.
@ 3/ EXCLUDES ATS AND NOW ACCOUNTS, SBDA, AND SPECLAL CLUb ACCOUNTS SUCH AS CHKISTNAS AND WAUATIUS CLUBS.
MOTE: HISTORICAL DATA FOR DEMAND DEPOSITS ARE AVALLAKLE BACK TO 19/U ESAIMALED Lh FARA FHOK veoiTs
SERIES POR 233 SMSA'S WHICH WERE AVALLABLE THRUUGH JUNE 1977. HISTORICAL DATA FOR ATS/NOw ayy
SAVINGS DEPOSITS ARE AVAILABLE BACK TO JULI 1977. SaLK VATA AKE AVALAAELE O8 BEQUES1 FHUA BauKadG AMD BUNBY
AAWKED STATISTICS SECTION, DIVISION Of MOWELAXY AYFALRS, BUAKD Of GUVESNUMS OF THE ro
PEDERAL RESERVE SYSTEB, WASHINGTON, D.C. 2029).
ieee
for FRASER",61.03
4,1980s/1989-03-15_491244_March_15_1989.pdf,1989-03-15,2,other_non_table_material,"1/ REPRESUTS ACCOUNTS OF LMDIVIDUALS, PARTNERSHLPS, ANu CURPOBATLUMS AND UF SLATES AMD POLITALAL
SUBDIVISIONS.
2/ ACCOUNTS AUTHORIZSD FOR NEGOTLABLE ORDZRS OF sAIdDHAWAL (WU) AND ACCOUNTS AUGHORBAZED FORK AUTUMATIC
TRANSFER TO DEMABL DEPOSITS (ATS). ATS DATA AVAALAJILITY STAMTS MITH DECENUEH 1978. e
3/ SOWEY MARKET DEPOSIT ACCOUNTS.
4/ EXCLUDES ATS AWD NOW ACCOUNTS, BAVA, AND SPECLAL CaUb ACCOUNTS SUCH AS CHAISTHAS AND VACATIUs Cauds,
NOTB: HISTORICAL DATA FOR DZSAND DEPUSITS AWE AVAALABLE BACK TO 1970 ESY1NAutu LN PAHT PROM Dovsis
SERIES FOR 233 SSSA‘S WHICH WERE AVAILABLE THAUUGH JUWE 1977. HISTORICAL DATA FOR ATS/HOM AMD
SAVINGS DEPOSITS AgE AVALLABLE JACK £O JULY 1977. BACK VATA AX AVAILAGLE OU KEQUEST FuUA HaMKLNG AMD AONEY
SARKET STATISTICS SECTION, DIVISIOM OF MUMETABY AFFYALAS, BUAKD OF GOVESNUBKS OF 1HE
PEDERAL RESERVE SYSTEK, WASHINGTON, D.C. 20251,
for FRASER",67.0
4,1980s/1989-04-14_491245_April_14_1989.pdf,1989-04-14,1,other_non_table_material,"Vf KEPKESENTS ACCOUNTS OF ZNVIVIDUALS, PARTNERSHaPS, AND CORPORATIONS AND OP STATES AND POLATICAL
SUBDIVISIONS.
2/ aCCOUNTS AUTHORIZED FOR WEGOLLABLE ORDERS OF wITHDEAWAL (NOw®) AND ACCOUNTS AUTHORIZED FOK AUTOMATIC
TRANSFER 10 DEBAND DEPUSITS (ATS). ATS DATA AVAILABILITY STABTS WITH DECEMBER 1978.
e@ 3/ EXCLUDES ATS AND NOW@ ACCOUNTS, AMDA, AND S¥ECAAL CLUB ACCOUNTS SUCH AS CHRISTAAS AND VACATION CLUBS.
MOTE: HISTURICAL DATA FOK DESAWD DEPOSITS ARE AVALLABLE GACK TU 1970 ESTIMATED LN PAKT PROM DesITs
SLELES POK 233 SHSA*S WHICH WB&E AVALLABLZ THROUGH JUNE 1977, HISTORICAL DATA FOR ATS/NOW AND
SaViNGS DEPOSITS ARE AVAILABLE BACK £0 JULY 1977. BACK DATA ARE AVAILABLE ON REQUEST PKOA BANKING AND HONEY
MAGKET STATISTICS SECTION, DIVISION OF MOWETAKY APBALKS, BOAKD OF GOVERNORS OF THE
FEDERAL RESZKVe SYSTEM, WASHINGTON, D.C. 20551.
for FRASER",75.5
4,1980s/1989-04-14_491245_April_14_1989.pdf,1989-04-14,2,other_non_table_material,"i]
1/ BEPRESENTS ACCOUNTS UF INDIVIDUALS, PARTNEKSUL?S, AND CORPORATIONS AND OF STATES AND POLITICAL
SUBUVIVISIUNS.
2/ ACCOUNZS AUTHUKIZeD FUR NEGUTIAbLL ORDERS OF WITHDRAWAL (NO@) AND ACCOUNTS AUTHORIZED FOR aUTOMATIC
YRANSFEE“ TO DEMAND DEPOSITS (ATS). ATS DATA AVAILABILITY STABTS WITH DECEMBER 1978. r
3/ MONEY MARKET DEPOSIT ACCOUNTS.
4/ EXCLUDES ATS AND NOW ACCOUNTS, NMDA, AND SPECIAL CLUB ACCOUNTS SUCH AS CH&ISIMAS AND VACATLON CLUBS.
MOTE: HISTOXICAL VATA FUR UeMAND DEPUSITS ARE AVALLABLE wbACK TO 1970 ESTIMATED IN PART PROS DEBITS
SEBLES FORK £53 SSS4'D WHACh @ERS AVALLAbLE thaQUGh JUNE 1977, HISTORICAL DATA POX ATS/HOw AND
SAVINGS DEPOSITS AbE AVAILABLE BACK 10 JULY 1977, BACK VATA ARB AVAILABLE CN REQUEST FHOA BANKING AND MONEY
BABKET STATISI1CS SECTION, DaVISIUN OF MONELAaY AFFAIKS, BOARD OF GOVERNORS OF THE
FEDLKAL RESERVE SYSTEM, WASHINGTON, D.C. 20091.",66.78
4,1980s/1989-05-22_491246_May_22_1989.pdf,1989-05-22,2,other_non_table_material,"—_ a | _. es es cee . . :
1/ REPRESENTS ACCOUNTS Gr LNDLVIDUALS, PARTNERSHIPS, ANU CURPOGATIUNS AND UP STATES AND POLITICAL
SUBDIViSLONS.
2/ ACCOUNTS AUTHGKIZED OK NEGOTIABLE URLEhS OF WITHDRAWAL (NOW) AND ACCOUNTS AUTHORIZED FUR AUTUMATIC e
TRANSFEK TO DESAND DEPOSITS (ATS). ATS CATA AVALLABLLITY STARTS w1Td DECEMBER 1978.
3/ EXCLUDES ATS AND NOW ACCOUNTS, MADA, AND SPECLAL CLUB ACCOUNTS SUCH AS CHRISTMAS AND VACATION CLUBS.
NOTE: HLSLOSLCAL DATA FOa DEMAND DBYUSITS ARE AVALLABLE BACK TO 1970 ESTIMATED IN PART FROM DEBITS
SERIES FOR 233 SMSA'S WHICH WERE AVacLABLE THROUGH JUNE 1977, HISTORICAL DATA FOR ATS/NOW AND
SAVINGS DEPOSITS Aki AVAILABLE BACK TO JULY 1977, BACK DATA ARE AVAILABLE ON REQUEST PKOM BANKING AND MONEY
SARKEY STATISTICS SECTION, DIVISION OF MONELAKY AFFALHS, BOARD OF GOVERNORS OF THE
FEDERAL RESERVE SYSTES, WASHIUGTON, D.C. 20551,
for FRASER",69.53
4,1980s/1989-06-14_491247_June_14_1989.pdf,1989-06-14,1,other_non_table_material,"J/ | REPRESENTS ACCOUNTS OF LNDIVIDUALS, PARTNERSHIPS, AND CORPORATIONS AND OF STATES AND POLITICAL
SUBDIVISIONS.
2/ ACCOUNTS AUTHORIZED FOR NEGOTIABLE ORDERS OF wIdHDRAWAL (NOW) AND ACCOUNLS AUTHORIZED Fou AULQHALAC
TRANSFER TO DEMAND DEPOSITS (ATS). ATS DATA AVAILABILITY STARTS WITH DECEMBER 1978.
e 3/ EXCLUDES ATS AND NOW ACCOUNTS, AMDA, AND SPECIAL CLUb ACCOUNTS SUCH AS CHhISTMAS AND VACATION CLUBS.
NOTE: HISTORICAL DATA FOX DEMAND DEPOSITS AKE AVAILABLE BACK £O 1970 ESTIMAVED IN PAH2 PROM DeBAYS
SERIZS FORK 233 SMSA‘S WHICH dZaE AVAILABLE THRUUGH JUNE 1977. HISTORICAL VATA FOR ATS/NOM AND
SAVINGS DEPOSITS ARE AVAILABLE BACK TU JULY 1977. BACK DATA ABB AVALLAGLE ON SEQUEST FROM BAMKANG AND HONEY
MARKET STATISTICS SECTION, VIVISION OF MONZTARY AFFAIRS, BOARD OP GOVZSNOBS OF THE
FEDERAL RESERVE SYSTEM, WASHINGTON, D.C. 20591.",73.69
4,1980s/1989-07-14_491248_July_14_1989.pdf,1989-07-14,1,footnotes,"es ee on | _
| i
1/ REPRESENTS ACCOUNTS OF INDIVIDUALS, PARTNRRSHIPS, AND CORPORATIONS AND OF STATES AND POLITICAL
SUBDIVISIONS,
2/7 ACZOUNTS AUTHORIZED POR NEGOTIABLE ORDERS OP WITHDRAWAL (NOW) AND ACCOUNTS AUTHORIZPD FOR AUTOMATIC
TRANSPEC T) DEMAND DEPOSITS (ATS). ATS DATA AVAILABILITY STARTS WITH DECEMBEF 1978.
3/ NONBY MARKET DEPOSIT ACCOUNTS.
47 EXCLUDES ATS AND NOW ACCOUNTS, NMDA, ANDO SPECIAL CLUB ACCOUNTS SUCH AS CHRIST4AS AND VACATION CLUBS.
\ NOPE: ALSTORICAL DATA POR DEMAND DEPOSITS ARP AVALLABLE BACK IT) 1970 BZSTIMATED IN PART PROM DESITS
SBRIES POR 233 SMSA'S WHICH WERE AVAILABLE THROUGH JUNE 1977, HISTORICAL DATA POR ATS/NOw AND
SAVINGS DEPOSITS ARE AVAILABLE 3ACK T9 JULY 1977. BACK DATA ARE AVAILABLE ON REQUEST FROS BANKING AND MONEY
MARKET STATISTICS SECTION, DIVISION OF NONBTARY APPAIRS, BOARD OP GOVZPNORS OP THE
FEDERAL PESERVE SYSTEM, WASHINGTON, D.C. 20551.
for FRASER",75.55
4,1980s/1989-07-14_491248_July_14_1989.pdf,1989-07-14,2,footnotes,"1/ PEPPESENTS ACCOUNTS OF INDIVIDUALS, PARTNPRSHIPS, AND CORPORATIONS AND DF STATPS AND POLITICAL
SUBDIVISTONS.
2/7 ADTOUNTS AUTHOFIZ2D POR NEGOTIAPLE ORDERS OF WITHDRAWAL (HOW) AND ACCOUNTS AUTHORIZED TOK AUTOMATIC
TEANSPER TO DEMAND CEPOSITS (ATS). ATS DATA AVAILABILITY STARTS WITH DECENGEF 1478.
3/ EXCLUDES ATS AND NOW ACCOUNTS, HMDA, AND SPECIAL CLUB ACCOUNTS SUCH AS CHRISTPAS AND VACATION CLUBS.
NOPE: HISTURICAL DATA POP DEMAND DEPOSITS ARP AVAILABLE BACK [9 197) ESTIMATED IN PART PROM DzBIT> e
SERIES POP 233 SMSA°S WHICH PRE AVATLARLE THROUGH JUNP 1977. HISTOPICAL DATA FOR ATS/NOW AND
SAVINGS DEPOSITS AE AVAILABLE SACK T2 JULY 1977. BACK DATA ABE AVAILABLE ON PEQUEST FXOM BANKING AND MONEY
MARKET STATISTICS SECTION, DIVISION OP MONETARY APPAIPS, BOARD OF GOVERNORS OF THE
FEDRRAL SESPRVE SYSTE®, WASHINGION, D.C. 20591.
for FRASER",76.4
4,1980s/1989-08-16_491249_August_16_1989.pdf,1989-08-16,1,other_non_table_material,"eee —---—_1___ _.. - ~ a $$ _ ——__________- —— ee Oe —$—_
1/ REPRESENTS ACCOUNTS OF INDIVIDUALS, PARTNFPSHIPS, AND CORPORATIONS AND OF STATES AND POLITICAL
SUBDIVISIONS,
2/ ACCOUNTS AUTHORIZED POR NEGOTIABLE ORDERS OF WITHDRAWAL (NOW) AND ACCOUNTS AUTHORIZED POR AUTOMATIC
TRANSPPR TO DEMAND DEPOSITS (ATS). ATS DATA AVAILABILITY STARTS WITH DECEMBEP 1978,
@ 3/ MONFY MARKET DEPOSIT ACCOUNTS.
4/ RXCLUDES ATS AND WOW ACCOUNTS, SADA, AND SPECIAL CLUB ACCOUNTS SUCH AS CARISTMAS AND VACATION CLUBS.
NOTE: HISTORICAL DATA POR DEMAND DEPOSITS ARP AVAILABLE BACK TO 1970 FSTIMATED IN PART PPOR DEBITS
SERIES POR 233 SMSA*S WHICH WERE AVAITLACLE THROUGH JUNE 1977. HISTORICAL DATA POR ATS/NOW AND
SAVINGS DEPOSITS ARE AVAILABLE BACK TO JULY 1977, BACK DATA ARP AVAILABLE ON PEQNPST PROM BANKING AND MONEY
MARKET STATISTICS SECTION, DIVISION OF MONBIARY APPAIRS, BOARD OP SOVERNORS OF THE
PEDRRAL RESERVE SYSTEM, WASHINGTON, D.C. 20551.",78.71
4,1980s/1989-08-16_491249_August_16_1989.pdf,1989-08-16,2,other_non_table_material,"1/ REPRESENTS ACCOUNTS OF INDIVIDUALS, PART™PRSHIPS, AND CORPORATIONS AND OP STATES AND POLITICAL
SUBDIVISIONS.
2/ ACCOUNTS AUTHORIZED POR NEGOTIABLE ORDPRS OF WITHDRAWAL (NOW) AMD ACCOUNTS AUTHORIZED POR AUTOMATIC
TRANSPRR TO DEMAND DEPOSITS (ATS). ATS DATA AVAILABILITY STARTS WITH DECEMBER 1978,
3/ EXCLODES ATS AND NOW ACCOUNTS, NADA, AND SPECLAL CLUB ACCIONTS SUCH AS CHRISTMAS AND VACATION CLUBS. e
NOTE: HISTORICAL DATA POR DEMAND DEPOSITS AP® AVAILABLE BACK TO 1970 PSTINATED IN PART PROS DEBITS
SERIES POR 233 SMSA'S WHICR WERP AVAILABLE THROUGH JUNF 1977, AYSTORICAL DATA POP ATS/NOW AND
SAVINGS DEPOSITS ARE AVAILABLE BACK TO JULY 1977. BACK DATA ARE AVAILABLE ON REQURST PROM BANKING AND MONEY
MARKET STATISTICS SECTION, DIVISION OF MONETARY APPAI®S, BOARD OF GOVERNORS OP THR .
PEDEPAL PESERVE SYSTEM, WASHINGTON, D.C. 20551,",80.79
4,1980s/1989-09-19_491250_September_19_1989.pdf,1989-09-19,1,other_non_table_material,"| t
| + REPRESENTS ACCOURTS OF INDIVIDUALS, PARTNERSHIPS, AND CORPORATIONS AND OF STATES AND POLILICAL
SUBDIVISIONS,
‘ ACCOUNTS AUTHORIZED FOR NEGOTIABLE ORDERS OF WITHDKAWAL (NOW) AND ACCOUNTS AUTHORIZED PUk AUTOMATIC
TRANSPER TO DEMAND DEPOSITS (ATS). ATS DATA AVAILABLLITY STARTS WITH DECEMBER 1978.
MONEY MARKET DEPOSIT ACCOUNTS.
@ «BXCLODES ATS AND NOW ACCOUNTS, NMDA, AND SPECIAL CLUS ACCOUNTS SUCH AS CHRISTMAS AND VACATLON Cadus.
PE: ALSTORICAL DATA POR DEMAND DEPOSITS ARE AVAILABLE BACK TO 1970 ESTIMATBD IN PART PROM DiwITS
SBRIES POR 233 SMSA'S WHICH WERE AVAILABLE THROUGH JUNE 1977. HISTORICAL DATA POR ATS/MUM AND
SAVINGS DEPOSITS ARE AVAILABLE BACK TO JULY 1977. BACK DATA ARE AVAILABLE ON REQUEST FROS BANKING AND MONEY
MARKET STATISTICS SECTION, DIVISION OF MONELARY APPAIRS, BOARD OF GOVERNORS OP THE
PEDERAL RESERVE SYSTEM, WASHINGTON, D.C. 20551.",78.5
4,1980s/1989-09-19_491250_September_19_1989.pdf,1989-09-19,2,other_non_table_material,"| | $023
GC
17 REPRESENTS ACCOUNTS OP INDIVIDUALS, PARTNERSHIPS, AND CORPORATIONS AND OF STATES AND POusciChu
SUBDIVISIONS.
2/ ACCOOMTS AUTHORIZED FOK NEGOTIABLE ORBDBRS OP WITHDRAWAL (8O#) AND ACCOUNTS AUTHORIZED Pox aUTOSATIC
THANSPEB TO DEMAND DEPOSITS (ATS). ATS DATA AVAILABILITY STARTS WITH DECEMGER 1976- e
3/ EXCLUDES ATS AND NOW ACCOUNTS, MADA, AND SPECZAL CLUB ACCOUNTS SUCH AS CHBISTHAS AND VACATAUS CLUBS.
NOPE: HISTORICAL DATA FOR DEMAND DEPOSITS AXE AVAILASLE BACK TO 1970 ESTIMATKD IN PART PROM DEBLTS
SERIES POR 233 SMSA‘S WHICH WERE AVAILABLE THROUGH JUNE 1977. HISTORICAL DATA POR ATS/hOw AND
SAVINGS DEPOSITS ARE AVAILABLE BACK TO JULY 1977. BACK DATA AKE AYALLABLE ON REQUEST FHUS GANKANG AND SUNEY
BARKET STATISTICS SECTION, DIVISION OP MOMETARY AYFAIKS, BOARU OF GOVERNORS OP THs
PEDERAL RESERVE SYSTEM, WASHINGTON, D.C. 20551,",70.58
4,1980s/1989-10-18_491251_October_18_1989.pdf,1989-10-18,2,footnotes,"1/ REPRESENTS ACCOUNTS OF INDIVIDUALS, PARTNERSHIPS, AND CORPORATIONS ANY OF STATES AND POLITICAL
SUBDIVISIONS. e
2/7 ACCOUNTS AUTHORIZED YOR NEGOTIABLE ORDERS OP dITHDRAWAL (NOW) AND ACCOUNTS AULHORIZED Pur AUUMATIC
TRANSPER TO DEMAND DEPOSITS (ATS). ATS DATA AVALLAGILITY STAKTS WITH DECEMBER 1978.
3/ MONEY MARKET DEPOSIT ACCOUNTS.
4/ EXCLUDES ATS AND NOW ACCOUNTS, MANDA, AND SP2CIAL CLUo ACCOUNTS SUCH AS CHAISTNAS AND VACATAUN CLUBS.
NOPE: HISTORICAL DATA POK DEMAND DEPOSITS ARE AVALLABLE BACK TO 1970 ESTIMATED IN PART PROM Dbol1s
SERIES POR 233 SMSA*S WHICH WERE AVALLABLE 14mOUGH JUNC 1977. HISTORICAL DATA FOR AIS/HUs ANU
SAVINGS DEPOSITS ARE AVAILABLE BACK TO JULY 1977. BACK DATA AGE AVAILABLE ON SEQUEST PRKUA BAUAING AND MUNCY
MARKET STATISTICS SECTION, DIVISION UF MONETARY A®FAIRS, BUARD OF GUVERNORS OF THE
PEDERAL RESERVE SYSTEM, WASHINGTON, D.C. 20951. r",75.27
4,1980s/1989-11-22_491252_November_22_1989.pdf,1989-11-22,2,footnotes,"es Se — jp _ _ a —
7 REPRESENTS ACCOUNTS OF INDIVIDUALS, PABTNERSHLPS, AND CORPORATIONS AND OF STATES AND POLIYICAL
SUBDIVISIONS.
7 ACCOUNTS AUTHORIZED FOR NEGOTIABLE ORDERS OP WITdDRAWAL (NOW) AND ACCOUNTS AUTHORIZED PUN AUTUMALLC
TRANSPER TO DEMAND DEPOSITS (ATS). ATS DATA AVAILABILITY STARTS WITH DECEMBER 1978.
¢ MONEY SARKET DEPOSIT ACCOUNTS.
7 EXCLUDES ATS AND NOW ACCOUNTS, NSDA, AND SPECIAL CLUB ACCOUNTS SUCH AS CHbISTMAS AND VACATION CLUBS.
OTE: HISTORICAL DATA FOR DESAND DEPOSITS ARE AVALLAGLe BACK TO 1970 ESTIMATED IN PART PROM VEsiTo
SERIES POR 233 SMSA'S WHICH WERE AVAILABLE THROUGH JUNE 1977. HISTORICAL DATA POR ATS/Nus atv
SAVINGS DEPOSITS ARE AVAILABLE BACK TO JULY 1977. BACK DATA AXE AVAILABLE ON BEQUEST FuUM BANKLNG AND MONEY
MARKET STATISTICS SECTION, DIVISION OP MONETARY AFFAIRS, BOARD OF GOVERNO&S OF THE
FEDERAL RESERVE SYSTeM, WASHINGTON, D.C. 20551,",75.92
4,1980s/1989-12-26_491253_December_26_1989.pdf,1989-12-26,1,other_non_table_material,"1/ REPRESENTS ACCOUNTS OF INDIVIDUALS, PARTNERKSHiPS, AND CORPORATIONS AND OF SCATES AND PULataCan
SUBUIVASiONS.
27 ACCOUNTS AGTHURIGED FUR NEGUTIABLE OKVERS OF «iTHDRAWAL (NOK) AUD ACCOUNTo AUTAOKLZED Fuad AUTOMATIC
TRANSYZ@ TO DEMAND UEPOSITS (ATS). ATS DATA AVAALAOLALITY STARTS MITH DECEMBER 1973.
3/ GkCLUDES ATS AND NO® ACCOUNTS, MBDA, AWD SPECLAL CLUB ACCOUNTS SUCd aS CHRISTMAS AND VACATAUN CiUBS.
NOTE: HISTOWKICAL DATA FOR DESAND DEPOSITS AKE AVALLASLE BACK TO 1970 ESTIMATED LN PART PROM DEpits
S2RiSS POR 233 SSSA's wulCH Eas AVALLABLE HKUUGa JUNE 1977. HISTORICAL DATA POX ATS/Hus avy
e SAVINGS DEPUSICS Ake AVAILABLE BACK TO JULY 1977. BACK DATA ARE AVALLABLE ON KEQUES] rhOM BANALNG auD HONEY
MABKET STATISTICS SECTION, DIVISLON OF MONELAKY APPALRS, BOAdD OF GOVESNOKS OF THE
cuddl.",50.7
4,1980s/1989-12-26_491253_December_26_1989.pdf,1989-12-26,2,footnotes,"1/ REPRESENTS ACCOUNTS OF LNDIVIDUALS, PAKTNERSHiseS, AdD COMPORATIONS AND O€ STATES AND PULLTICaL
SUBDIVISIONS. @
2/ ACCOUNTS AUTHUKIZ2D POR NEGOTIABLE ORDERS OF WitavRaWAL (NOW) AND ACCOUNTS AUTHOBIZED Fuse aUTOMALIC
TRANSFER %O LEMAND DePOSITS (ATS). ATS DATA AVAALABILATY STARTS wITd DECEBSER 1978.
3/ MONLY MAKKET DEPOSIT ALCUUNTS.
4/7 EXCLUDES ATS AND NOW ACCOUNTS, MSDA, AND SPECAAL CuUB ACCOUNTS SUCH AS CHKLSZNAS aND VACATAOM Cuuas.
NUTE: HiSTURICAL vAYA FOH VEAAND DEPOSITS aKE AVALLABLE BACK TO 1970 ESTIBATED IN PART PROM Dewlts
SERLES FOR £35 SSSA'S WHICH WERE AVAILABLE idkUUGn JUNE 1977. HISTORICAL DATA FUK ATS/Nuw any
SAVIbGS DEPOSITS AKE AVAILADLE BACK TO JOLY 1977. Back DATA AKE AVAILAGLE ON HEQUESY FROM BANAING bav MUNDY
SRK2L STALISTICS SeCi1ON, DIVISION OF MONELAuY AXFAIRS, BOARD OF GUVERNOLS OF THE e
FEDERAL RESERVE SYSTLA, WASHINGTON, u.C. £0951.
for FRASER",66.55
4,1990s/1990-01-16_491254_January_16_1990.pdf,1990-01-16,1,footnotes,"eee ee es a — _
1/ REPRESENTS ACCOUNTS OP INDIVIDUALS, PARTNERSHIPS, AND CORPORATIONS AND OP STATPS AWD POLITICAL
SUBDIVISIONS.
2/7 ACCOUNTS AUTHORIZED FOR NEGOTIABLE ORDERS OP WITHDRAWAL (NOW) AND ACCOUNTS AOTHORIZED POR AUTOMATIC
TRANSPE@ TO DEMAND DEPOSITS (ATS). ATS DATA AVAILABILITY STARTS WITH DECEMBER 1978,
e 3/ EXCLUDES ATS AND NOW ACCOUNTS, MADA, AND SPECIAL CLUB ACCOUNTS SUCH AS CHRISTMAS AND VACATION CLUAS.
NOTE: HISTORICAL DATA POR DEMAND DEPOSITS ARE AVALLABLE BACK TO 197) FSTIMATED IN PART PROM DBBITS
SERIZS FOR 233 SMSA*S WHICH WERE AVAILABLE THROUGH JUNE 1977, HISTORICAL DATA PCR ATS/NOW AND
SAVINGS DEPOSITS ARE AVAILABLE BACK TO JULY 1977. BACK DATA ARE AVAILABLE ON REQUPST PROM BANKING AND MONEY
MARKET STATISTICS SECTION, DIVISION OF MONETARY APPAIRS, BOARD OF GOVERNORS OF THE
PEDEBAL RESERVE SYSTEM, WASHINGTON, D.C. 20551,",82.31
4,1990s/1990-02-14_491255_February_14_1990.pdf,1990-02-14,1,other_non_table_material,"| 1/ REPRESENTS ACCOUNTS OP INDIVIDUALS, PARTNERSHIPS, AND CORPORATIONS AND 9F STATPS AND POLITICAL
SUBDIVISIONS.
| 2/ ACCOUNTS AUTHORIZED FOR NEGOTIABLE ORDERS OF WITHDRAWAL (NOW) AND ACCOUNTS ANTHORIZPD POR AUTOMATIC
e@ TRANSFER TO DEMAND DEPOSITS (ATS). ATS DATA AVAILABILITY STARTS WITH DECEMBER 1978.
3/ BXCLUDES ATS AND NOW ACCOUNTS, AADA, AND SPECIAL CLUB ACCOUNTS SUCH AS CHRISTMAS AND VACATION CLUBS,
MOTE: HISTORICAL DATA FOR DEMAMD DEPOSITS ARE AVAILABLE BACK TO 1970 PSTINATED IN PART PPO DERITS
SERLES FOR 233 SHSA'S WHICH WERE AVAILABLE THROUGH JUNE 1977, HISTORICAL DATA POP ATS/NOW AND
SAVINGS DEPOSITS ARE AVAILABLE BACK TO JOLY 1977. BACK DATA ARE AVAILABLE ON REQUEST PROM BANKING AND SONPY
ABKET STATISTICS SECTION, DIVISION OP MONETARY APFAIPS, BOARD OF GOVRRNOPS OP THF
PEDERAL RESERVE SYSTES, WASHINGTON, D.C. 20551.
for FRASER",80.92
4,1990s/1990-03-20_491256_March_20_1990.pdf,1990-03-20,1,footnotes,"1/ REPRESENTS ACCOUNTS OF INDIVIDUALS, PARTNERSHIPS, AND CORPORATIONS AND OF STATES AWD POLITICAL
SUBDIVISIONS.
9 ACCOUNTS AUTHORIZED POK NEGOTIABLE ORDERS OF WITHDRAWAL (NOW) AND ACCOUNTS AUTHORIZED POR AUTOMATIC
TRANSFER TO DEMAND DEPOSITS (ATS). ATS DATA AVAILABILITY STARTS WITH DECEMBER 1978.
3/ EXCLUDES ATS AND NOw ACCOUNTS, MADA, AND SPECIAL CLUB ACCOUNTS SUCH AS CHRISTMAS AND VACATION CLUBS.
NOTE: HISTONICAL DATA POR DEMAND DEPOSITS ARE AVALLABLE BACK TO 1970 ESTIMATED IN PART PROM DZoITS
SERIES POR 2345 SMSA'S WHICH WERE AVAILABLE THROUGH JUNE 1977. HISTORICAL DATA FOR ATS/NOw AWD
SAVINGS DEPOSITS ARE AVAILABLE BACK TO JOLY 1977. SACK DATA ARE AVAILABLE ON REQUEST PROM BANKING AND MONPY
WARKET STATISTICS SECTION, DIVISiON UP MONETARY APYAIRS, BOARD OP GOVERNORS OP TRE
YEDERAL RESERVE SYSTEM, WASHINGTON, D.C. 20551.
for FRASER",86.89
4,1990s/1990-03-20_491256_March_20_1990.pdf,1990-03-20,2,other_non_table_material,"1/ REPRESENTS ACCOUNTS OF INDIVIDUALS, PARTNERSHIPS, AND CORPORATIONS AND OF STATES AND POLITICAL
SUBDIVISIONS.
2/ ACCOONTS AUTHORIZED FOR NEGOTIABLE ORDERS OF WITHORAWAL (NOW) AND ACCOUNTS AUTHORIZED FOR AUTOMATIC e
TRANSFER TO DEMAND DEPOSITS (ATS). ATS DATA AVAILABILITY STARTS WITH DECEMBER 1978.
3/ WONEY MARKET DEPOSIT aCcouNTs.
4/ EXCLUDES ATS AND NOW ACCOUNTS, BMDA, AND SPECiAL CLU» ACCOUNTS SUCH AS CHaISTMAS AND VACATION CLUBS.
NOTE: HISTORICAL DATA POR DEMAND DEPOSITS ARF AVAILABLE BACK TO 1970 ESTIMATED IN PART FROM DEbITS
SERIES FOR 233 SMSA°S WHICH WERE AVAILABLE 1HROUGH JUNE 1977. HISTORICAL DATA FOR ATS/NOw AND
SAVINGS DEPUSITS ARE AVAILABLE BACK TO JULY 1977. BACK DATA ABE AVAILABLE ON REQUEST PROM BANKING AND MONEY
MARKET STATISTICS SECTLON, DIVISION OF MONETARY AFFAIRS, BOARD OF GOVERNORS OF THE
FEDERAL RESERVE SYSTEM, WASHINGTON, D.C. 20551. °
for FRASER",83.83
4,1990s/1990-04-19_491257_April_19_1990.pdf,1990-04-19,1,other_non_table_material,"1/ REPRESENTS ACCOUNTS OF INDIVIDUALS, PARTNERSHIPS, AND CORPORATIONS AND OF STATES AND POLITICAL
SUBDIVISIONS.
@2, accouuts AUTHORIZED FOR NEGOTIABLE ORDERS OF WETHDRAWAL (HOW) AND ACCOUNTS AUTHORIZED FOR AUTOMATIC
TRANSPBR TO DEMAMD DEPOSITS (ATS). ATS DATA AVAILABILITY STARTS WITH DECEMBER 1978.
3/ SOMBY SARKET DEPOSIT ACCOUNTS.
&/ BXCLUDES ATS AND WOW ACCOUNTS, MADA, AND SPECLAL CLUB ACCOUNTS SUCH AS CHRISTMAS AND VACATION CLUBS.
NOPE: HISTORICAL DATA POR DEMAND DEPOSITS ABE AVAILABLE BACK TO 1970 ESTIMATED IN PART PROM DEBITS
SERIES POR 233 SMSA°S WHICH WERE AVAILABLE THROUGH JUNE 1977. HISTORICAL DATA FOR ATS/NOW AND
SAVINGS DEPOSITS ARE AVAILABLE BACK TO JULY 1977. BACK DATA ARE AVAILABLE ON REQUEST PROM BANKING AND NONPY
MARKET STATISTICS SECTION, DIVISION OP MONETARY APFAIRS, BOARD OF GOVERNORS OP THE
e PBDERAL RESERVE SYSTEM, WASHINGTON, D.C. 20551.",81.02
4,1990s/1990-04-19_491257_April_19_1990.pdf,1990-04-19,2,other_non_table_material,"1/ RBPRESEWTS ACCOUNTS OP INDIVIDUALS, PARTNERSHIPS, AND CORPORATIONS AND OF STATES AND POLITICAL
SUBDIVISIONS.
2/ ACCOUNTS AUTHORIZED FOR NEGOTIABLE ORDERS OF WITHDRAWAL (NOW) AND ACCOUNTS AUTHORIZED FOR AUTOMATIC td
TRAKSPER TO DEMAND DEPOSITS (ATS). ATS DATA AVALLABILITY STARTS WITH DECEMBER 1978.
3/ EXCLUDES ATS AND NOW ACCOUNTS, MMDA, AND SPECIAL CLUB ACCOUNTS SUCH AS CHRISTMAS AND VACATION CLUBS.
MOTE: HISTORICAL DATA FOR DEMAND D&POSITS ARE AVAILABLE BACK TO 1970 ESTIMATED IN PART FROM DEBITS
SEMLES POR 233 SMSA‘S WHICH WERE AVALLABLE £HROUGH JUNE 1977. HISTORICAL DATA POR ATS/NOW AND
SAVLNGS DEPOSITS ARE AVAILABLE BACK TO JULY 1977, BACK DATA ARE AVAILABLE ON REQUEST FRON BANKING AND MONEY
MARKET STATISTICS SECTION, DIVISION OP MONETARY AFFAIKS, BOABD OF GOVERNORS OP THE
FEDERAL RESERVE SYSTZM, WASHINGTON, D.C. 20551.",82.86
4,1990s/1990-05-22_491258_May_22_1990.pdf,1990-05-22,1,other_non_table_material,"1/ REPRESENTS ACCOUNTS OF LMNDIVIDUALS, PARTNERSHLPS, ABD CORPORATIONS AND OF STATES AND POLITICAL
SUBDIVISIONS.
2/ ACCOUNTS AUTHORIZED FOR MBGOTIASLE ORDERS OP WITHORAWAL (NOW) AND ACCOUNTS ADTBORIZED POR AUTOMATIC
TRANSYER TO DEMAND DEPOSITS (ATS). ATS DATA AVAILABILITY STATS WITH DECBABER 1978.
e 3/ GOMEY AAKKZ1 DEPOSIT ACCOUNTS.
4/ BXCLODES ATS AND NOW ACCOUNTS, MMDA, AYO SPECIAL CLUB ACCOUNTS SUCR AS CHRISTAAS AND VACATION CLUBS.
WOTE: dISZORICAL DATA POK DEMAND DEPOSITS ARE AVALLABLE BACK TO 1970 ESTIMATED LW PART PROM DEBITS
SEBIZS POR 233 SMSA‘'S WHICH WERZ AVAILABLE THROUGH JUME 1977. HISTORICAL DATA FOR ATS/NOW AND
SAVLUGS DEPOSITS ARE AVAILABLE BACK TO JULY 1977. BACK DATA AKE AVAILABLE ON REQUEST PROM BANKING AND HOMBY
SARKET STATISTICS SECTION, DIVISION OF AOBELARY AFFAIK5, BOARD OP GOVERNORS OF THE
PeDEuAL RESERVE SYSTEA, WASHINGTON, D.C. 20551.
for FRASER",77.95
4,1990s/1990-05-22_491258_May_22_1990.pdf,1990-05-22,2,other_non_table_material,"1/ REPRESENTS ACCOUNTS OF INDIVIDUALS, PARTNERSHIPS, AND CORPORATIUNS AND OF STATES AND POLITICAL
SUBDIVLSLONS.
2/ aCCOUNTS AUTHORIZED POR MEGOTIABLi ORDEES OF WITHDRAWAL (NOW) AND ACCOUNTS AUTHORIZED POR AUTOMATIC
TRAMSPIR TO DEMAMD DEPOSITS (ATS). 7S CATA AVAILABILITY STABTS WITH DECEMBER 1978.
3/ EXCLUDES ATS AND BOW ACCOUNTS, MADA, AND SPECIAL CLUB ACCOUNTS SUCH AS CHRISTMAS AND VACATION CLUBS. r )
MOTE: HISTORICAL DATA FOR DEMAND DEPOSITS aRE AVAALABLE BACK TO 1970 ESTIMATED IN PART PROM DEBITS
SEB1ES POR 233 SMSA'S WHICH WERE AVAILABLE THROUGH JUNE 1977. HISTORICAL DATA FOR ATS/NOW AND
SAVINGS DEPOSITS AKE AVAILABLE BACK TO JULY 1977. BACK DATA AKE AVAILABLE OM REQUEST FROM BANKING AMD SONBY
SARKET STATISTICS SECTION, DIVISION OF MONETARY APPAIRS, BOARD OF GOVEBNORS OF THE
PEDEBAL KESERVE SYSTEM, WASHINGTUB, D.C. 20551. |
for FRASER",75.08
4,1990s/1990-06-12_491259_June_12_1990.pdf,1990-06-12,1,footnotes,"ee | — 1 — Lo — | —_ jp
Vf hevaESENTS ACCOUNTS GF ANDIVIDUALS, PARINERSAIPS, AND COKPORAZIONS AND GF STALES AND POLATICAL
SUBDIVISIONS.
2/7 ACCOUNTS AUTHORIZED FUx NEGOTLABLE ORDERS OF wiTHD2ZAWAL (NOW) AND ACCOUNTS AUTHORIZED FOn AUZOMATIC
TRANSFr@ TO DEMANY DEPOSITS (ATS). ATS DATA AVAILABILITY STARTS WITH DECEMBER 1978.
@ 37 exkcLuves ats AND NOW ACUOUNTS, MADA, AND SPECIAL CLUB ACCOUNTS SUCH AS CHRISTMAS AND VACATLON CLUBS.
OTL: HLSTOoICAL DATA FOR vEMAND DEPUSITS ARE AVALLASLE BACK TO 1970 ESTIMATED IN PART PROM véeBITs
ScoRLES FOR 233 SASA*S anICH Weke AVAILABLE THRUUGH JUNE 1977. HISTORICAL DATA FOR ATS/NOW AND
SAVINGS DzeeGSITS Abi AVAILABLE BALK TO JULY 197/. DACK DATA ARE AVAILABLE ON REQUEST FROM BANKING AND MONEY
MARKET STATISTICS SECTIUN, DIVISION OP MONETARY AFFAIRS, BOARD UF GCVERNORS OF THE
FoDEbAL RES&RVE SYSTEM, @ASHINGTON, D.C. 20291.
for FRASER",70.22
4,1990s/1990-06-12_491259_June_12_1990.pdf,1990-06-12,2,other_non_table_material,"a | a
\/ GEPBESENTS ACCOUNTS OF INDIVIDUALS, PARTWERSHiPS, AND CORPORATIONS AND OP STATES AND POLITICAL
SUBDIVISIONS.
2/ ACCOUNTS AUTHORIZED FOR MEGOTIABLE ORDERS OF WITHDRAWAL (NOW) AND ACCOUNTS AUTHORIZED PuR AUTOMATIC r
TRANSPEx TO DEMAND DEPOSITS (ATS). ATS DATA AVALLABILITY STAWIS wITH DECEMBER 1970s
3/ MONEY MAKKET DEPOSIT ACCOUNTS.
47 BXCLUDGS ATS AND NOW ACCOUNTS, NMDA, AND SPECIAL CLUS AUCOUNTS SUCH AS CHRISTMAS AND VACATIUN CLUvS.
NOTES HéSIORICAL DATA FCs DEMAND DEPOSLIS ARE AVAILABLE BACK TO 1970 ESTIMATED IN RAPT FROM vEsITS
SekIES FOR 253 SMSA¢S WHICH WERE AVAILABLE THROUGH JUNE 1977. HISTORICAL DATA POR ATS/NUW AND
SAVIaGS DEPOSITS Ant AVAILADLe BACK 70 JULY 1977. BACK DATA ARE AVALLABLE ON REQUEST FAOM BANKLNG AND SONEY
MARKET STATISTICS SECTION, DIVISZUN OP MONETARY AYFAIKS, BUAKD OF GOVERMORS OF THE
FEDERAL FESERVE SYSTem, WASHINGTON, 0.C. 20951.
for FRASER",71.76
4,1990s/1990-07-19_491260_July_19_1990.pdf,1990-07-19,1,other_non_table_material,"| mE ee
1/ REPRESENTS ACCOUNTS OP INDIVIDUALS, PARTNERSHIPS, AND CORPORATIONS AND OP STATES AND POLITICAL
SUBDIVISIONS.
2/ ACCOUNTS AUTHORIZED POR BEGOTIABLE ORDERS OF WITHDRAWAL (BOB) AND ACCOUNTS AUTHORIZED POR AUTOMATIC
| TRANSPEBR TO DEMAND DEPOSITS (ATS). ATS DATA AVAILABILITY STAKTS WITH DECEMBER 1978,
e 3/ MONEY BARKET DEPOSIT ACCOUNTS.
us EXCLODES ATS AND NOW ACCOUNTS, MADA, ANDO SPECIAL CLUB ACCOUNTS SUCR AS CHRISTMAS AND VACATION CLUBS.
MOTE: HISTORICAL VATA FOR DEMAND DEPOSITS AL f& AVALLABL2 BACK TO 1970 ESTIMATED IN PART PROM DEBITS
SER1LES FOR 233 SMSA*S WHICH WERE AVAILABLE THROUGH JONE 1977. HISTORICAL DATA POR ATS/NOW AND
SAVINGS DEPOSITS ABE AVAILABLE RACK TO JULY 1977. BACK DATA ARE AVAILABLE ON REQUEST PROM BANKING AND MONEY
MARKED STATISTICS SECTION, DIVISION OF MONETARY AFFAIRS, BOARD OF GOVERNORS OP THE
| PBDERAL RESERVE SYSTEM, WASHINGTON, D.C. 20551.
for FRASER",80.13
4,1990s/1990-07-19_491260_July_19_1990.pdf,1990-07-19,2,other_non_table_material,"1/ REPRESENTS ACCOUNTS OF INDIVIDUALS, PARTNZRSHIPS, AND CORPORATIONS AND OF STATES AND POLITICAL
SUBLIVISIONS.
27 ACCOUNTS AUTHORIZED POR NEGOTIABLE ORDERS OF WITHDRAWAL (WOW) AND ACCOUNTS AGTAORIZED POR agTORATIC
TRANSPER TO DEBASD DEPOSITS (ATS). ATS DATA AVAILABILITY STARTS WITH DECBRBER 1978.
3/ BXCLUDES ATS AND NOW ACLOUSTS, t4ua, a+0 SPLCIAL CLUB ACCOUNTS SUCH AS CHRISTHAS AND VACATION CLUBS. r )
MOTE: HISTORICAL DATA Pu. LiMANY VEYOSLIS APE AVALLABLeE BACK TO 1970 PSTIMATED IN PART PROM DEBITS
SERIES FOR 233 SASA'S WHICH WERE AVAILABLE THROUGH JUNE 1977, HISTORICAL DATA FOR ATS/NOW AND
SAVINGS DEPOSITS ARE AVAILABLE BACK TO JULY 1977. BACK DATA ARE AVAILABLE OW REQUEST PROM BANKING AMD MONEY
MARKET STATISTICS SECTION, DIVISION OF MONETARY APPAIRS, BOARD OP GOVERNORS OF THE
VEDERAL RESERVE SYSTES, WASHINGTON, D.C. 20551.
for FRASER",76.05
4,1990s/1990-08-16_491261_August_16_1990.pdf,1990-08-16,2,other_non_table_material,"V/ PEPRESENES ACCOUNTS OF LNVDIVIDUALS, PANTN?RSHIPS, ANU CORPORATIONS AND OF STATES AND POLITICAL
SU yu AVL SLUN Se
2/ ACCOUNTS AUTHGLI1eLD FUK NEGOTIABLE OKDERS CF WITHDRAWAL (NOm) AND ACCOUNTS AUTHORIZED POK AUTOMATIC (
PRANSFoh TO DEMAND De POSITS (ATS). ATD DATA AVAAUABILITY STARTS WITH DECEMBER 1978.
3/ ELCLULES ATS AND NOW ACCOUNTS, SMUA, AND SPcCIldu CLUL ACCOUNTS SUCH AS CHRISTMAS AND VACATION CLUBS.
NOTE: HISUORLCAL DATA FORK DEMAND DEPOSITS ARF AVALLAOLE LACK TO 1970 ESTIAATFD JN PAPT PROM DEBITS
SLRLES FOR 233 SMSA'S WHICH WeKE AVALLALLE TirOUGh JUNE 1977. HISTCEICAL DATA FOR ATS/NOW AWD
SAVANGS DEPOSITS anc aVAlLABLE JACK TO JULY 1977, BACK DATA ABE AVAILABLE ON REQUEST FROM BANKING AND MOWEY
Ma@KSY SEATASYIUS SccL ION, DIVISLON OF MONELAGY AFFALKS, BOARD OF GOVPRNORS OP THE
POOEMAL RESGHVE SYSTEM, WASHINGTON, D.C. 20551,
for FRASER",64.96
4,1990s/1990-09-19_491262_September_19_1990.pdf,1990-09-19,1,other_non_table_material,"1/ REPRESENLS ACCOUNTS OF LNDIVIDUALS, PARTNZRSH12S, AND CUMPORATIONS AND OF STATES AND POLITICAL
SUBDIVISIONS.
2/ ACCOUNTS AUTHORIZED FOK NEGOTIABLE ORDERS OF WITHDRAWAL (NOW) AND ACCOUNTS AUTHORIZED POR AUTOMATIC
TRANSFER TO DEMAND DEPOSITS (ATS). ATS DATA AVALLABILITY STARTS WITH DECEMBER 1978,
@ 3/ EXCLUDES ATS AND NOW ACCOUNTS, AMADA, AND SPECIAL CLUB ACCOUNTS SUCH AS CHRISTMAS AND VACATION CLUBS.
NOTE: ‘HASTUNICAL DATA POs DEMAND DEPOSITS ARB AVALLAGLE BACK TO 1970 ESTIMATED IN PAPT PPOM DEBITS
SERIES POF 233 SMSA'S WHICH WERE AVAILABLE f£HROUGH JONE 1977, HISTORICAL DATA POR ATS/NOW AND
SAVINGS DEPOSITS AKE AVAILABLE BACK TO JULY 1977, BACK DATA ARE AVAILABLE ON REQUEST FROM BANKING AND AUNEY
MARKET STATISTICS SECLION, DIVISION UF MONETAKY AEPAIKS, BUARD OF GOVERNOPS OF THE
PLOEKAL RESERVE SYSTCM, wASHINGTON, v.C. 20551.
igitized for FRASER",80.87
4,1990s/1990-09-19_491262_September_19_1990.pdf,1990-09-19,2,footnotes,"ee Sen oe _ _}]
1/ WEPRESENTS ACCOUNTS OF INDIVIDUALS, PAKTNERSHIPS, AND CORPORATIONS AND OF STATES AND POLITICAL
SUBDIVISIONS.
2/7 ACCOUNTS AUTHOPIZED FOR NRGWOTLABLE ORDERS OF bITHDRAWAL (NOW) AND ACCOUNTS AUTHORIZED POR AUTOMATIC
TRANSFiR TO DEMAND DEPOSITS (ATS). ATS DATA AVAILABILITY STARTS WITH DECEMBEP 1973.
3/ MONEY MARKKET OEPOSIT ACCOUNTS.
4/ EXCLUDES ATS AUD NOW ACCOUNTS, AMADA, AND SPECIAL CLUB ACCOUNTS SUCH AS CHRISTMAS AND VACATION CLUBS. e
NOTE: HASTGoICAL DATA FOR DEMAND DEPOSIZS ARE AVALLABLE BACK TO 1970 ESTIMATED IN PART PROM DEBITS
SERIES FOR 233 SASA'S WHICH WERE AVAILABLE THROUGH JUNE 1977. HISTOHICAL DATA FOR ATS/NUd AND
SAVINGS DEPOSLTS ARE AVAILABLE BACK TO JULY 1977. BACK DaTA ARE AVAILABLE ON REQUEST FRUM RAWALNG AND AONEY
MARKET STATISTICS SECTION, DIVISIUM UF MONELARY AFPAIRS, BOARD OF GOVERNORS OP THE
PEDLRAL KESERVE SYSTEM, WASHINGTON, D.C. 20551.
for FRASER",76.46
4,1990s/1990-10-15_491263_October_15_1990.pdf,1990-10-15,1,other_non_table_material,"1/ REPRESENTS ACCOUNTS OF INDIVIDUALS, PARTNERSHIPS, AND CORPORATIONS AND OF STATES AND POLITICAL
SUBDIVISIONS,
@ 27 accounts avTHoRIZeED FOR NEGOTIABLE ORDERS OP wITHDRAWAL (NOW) AND ACCOUNTS AUTHORIZED POR AUTOMATIC
TRANSFER TO DEMAND DEPOSITS (ATS). ATS DATA AVAILABILITY STARTS WITH DECEMBER 1978,
3/ EXCLUDES ATS AND NOW ACCOUNTS, MADA, AND SPECIAL CLUB ACCOUNTS SUCH AS CHRISTMAS AND VACATION CLUBS.
NOTE: HISTORICAL DATA POR DEMAND DEPOSITS APE AVAILABLE BACK TO 1970 ESTIMATBD IN PART PROM DEBITS
SERIES POR 233 SMSA‘S WHICH WERE AVAILABLE THROUGH JUNE 1977. HISTORICAL DATA POR ATS/NOW AND
SAVINGS DEPOSITS ARE AVAILABLE BACK TO JULY 1977. BACK DATA ARE AVAILABLZ ON REQUEST FROM BANKING AND MONEY
MARKET STATISTICS SECTION, DIVISION OF MONETARY AFFAIRS, BOARD OF GOVERNORS CP THF
FEDERAL RESERVE SYSTEM, WASHINGTON, D.C. 20551.
for FRASER",87.53
4,1990s/1990-10-15_491263_October_15_1990.pdf,1990-10-15,2,other_non_table_material,"1/ REPRESENTS ACCOUBTS OF INDIVIDUALS, PARTNERSHIPS, AND CORPORATIONS AND OF STATES AND POLITICAL
SUBDIVISIONS.
2/ ACCOUNTS AUTHORIZED POR WEGOTIABLE ORDERS OF WITHDRAWAL (NOW) AND ACCOUNTS AUTHORIZEZD POR AUTOMATIC
TRANSFER TO DEMAND DEPOSITS (ATS). ATS DATA AVAILABILITY STARTS WITH DECEMBER 1978. @
3/ MONEY MARKET DEPOSIT ACCOUNTS.
4/ EXCLUDES ATS AND NOW ACCOUNTS, AMADA, AND SPECIAL CLUB ACCOUNTS SUCH AS CHRISTMAS AND VACATION CLUBS.
NOTE: HISTORICAL DATA POR DEMAND DEPOSITS ARE AVAILABLE BACK TO 1970 ESTIMATED IN PART PROM DESITS
SERIES POR 233 SASA*S WHICH WERE AVAILABLE THROUGH JUNE 1977, HISTORICAL DATA POR ATS/WOW AND
SAVINGS DEPOSITS ARE AVAILABLE BACK TO JULY 1977. BACK DATA APE AVAILABLE ON REQUEST FROM BANKING AND HONEY
MARKET STATISTICS SECTION, DIVISION OP MONETARY APPAIKS, BOARD OF GOVERNORS OP THE
PEDERAL RESERVE SYSTEM, WASHINGTON, D.C. 20551.
Jigitized for FRASER °",87.26
4,1990s/1990-12-06_491264_December_6_1990.pdf,1990-12-06,1,other_non_table_material,"1/ =RRBPRESESTS ACCOUNTS OF IBDIVIDUALS, PARTNERSHIPS, AND CORPORATIONS AWD OF STATES ABD POLATACAL
SOBDIVISIONS.
2/ ACCOUNTS AUTHORIZED POR BEGOTIABLE ORDERS OF WITHDRAWAL (NOW) AND ACCOUNTS AUTHORIZED FOR a0TOMATIC
e TRANSFER TO DRBAND DEPOSITS (ATS). ATS OATA AVAILABILIBY STARTS @ITH DECEMBER 1978.
3/ SECLUDBS ATS ABD BOW ACCOUNTS, ANDA, AND SPECIAL CLUB ACCOUBTS SUCH AS CHRISZNAS ABD VACATION CiOUS.
SOTE: MESTORICAL DATA FOR DESAND DEPOSITS ARE AVAILABLE BACK TO 1970 SSTINATED 18 PART PROM DBUITS
SERIES FOR 233 SHSA°S WHICH DERE AVAILABLE TUROUGH JUNE 1977. HISTORICAL DATA FOR ATS/NO# AND
SAVINGS DBPOSITS ARB AVAILABLE BACK TO JULY 1977. BACK DATA ARZ AVAILABLE QB REQUEST FROA BASKING AUD MONEY
GARKET STATISTICS SECTION, DIVISION OF MONRTARY AFFAIRS, BQARD OF GOVESNORS OF THE
PRORRAL RESERVE SYSTEN, WASHINGTON, D.C. 20551.
igitized for FRASER",74.62
4,1990s/1990-12-06_491264_December_6_1990.pdf,1990-12-06,2,other_non_table_material,"1/ BEPRESESTS ACCOUNTS OF IBDIVIDUALS, PARTNERSHIPS, AND CORPORATIONS AND OF STATES ABD POLITICAL
susp IVIsIoNs.
2/ ACCOUNTS AUTHORIZED FOR NEGOTIABLE ORDERS OF WITHDRAWAL (NOW) AND ACCOUMTS AUTHORIZED FOR AGTORAPIC
TRANSFER TO DESAND DEPOSITS (ATS). ATS DATA AVAILABILITY STARTS MITH DECEASED 1978,
3/ SONBY MARKET DEPOSIT ACCOUNTS. : ®
4/ EXCLUDES ATS AND NOW ACCOUNTS, MADA, AWD SPECLAL CLUB ACCOUNTS SUCH AS CHBISTHAS AWD VACATION CLUBS.
WOTE: HISTORICAL DATA POR DEMAND DEPOSITS ARB AVAILABLE BACK TO 1970 ESTIMATED IM PART FROM DEBITS
SERIES POR 233 SASA'S WHICH WERE AVAILABLE THROUGH JOWE 1977. HISTORICAL DATA POR ATS/NOW AND
SAVINGS DEPOSITS ARE AVAILABLE BACK TO JULY 1977. SACK DATA ARE AVAILAELE ON SEQUESD PROS BANKING ABD MOSBY
BARKED STATISTICS SECTION, DIVISION OF MOMETAKY APPALRS, BOARD OF GOVESNORS OF THE
PEDERAL RESERVE SISTEM, WASHINGTON, D.C. 20551.
for FRASER",68.73
4,1990s/1990-12-14_491265_December_14_1990.pdf,1990-12-14,1,other_non_table_material,"1/ REPRESENTS ACCOUNTS OF INDIVIDUALS, PABINELSAIPS, AND CUBPORATIONS AND OF STATES AWD POLLSICAL
SUBDIVISIONS.
2/ ACCOUNIS AUIHURIZED FOR NBGUTLASLE ORDERS OF SILHORAWAL (NOW) AND ACCOUNTS AUTHULIZED POR AULUGATIC
TRANSPC@ TU USMAUD DEPOSITS (A1S). ATS DATA AVAILAFILITY STARTS WITH DECEMBER 1974,
e 3/ EXCLODES ATS AND NOW ACCOUNTS, AMDA, AMD SPECIAL CLUG ACCOUNTS SUCH AS CHRISTMAS oND VACATACH CLUBS.
MOTE: HISTOKICAL vATA FOR DEMAND DEPOSITS ARE AVALLABLE BACK TO 1970 ESEIMAYEU 1N PART FROS OkbILS
SERIES YOR 233 SSSA'S WHICH wEbe AVALLABLe £UbOUGH JUNE 1977, BISTORICAL DATA FOR ATS/¥Ue AND
SaVINGS DEPOSITS ABE AVAILABLE BACK TO JULY 1977. daCK DATA AKE AVAILAPBL3 ON REQUEST FROM BANKING AUD BONEY
MARKET STATISTICS SSCTION, DIVASAON OF MOMETAuY AFEALKS, BOARD OF GOVZBNORS GF THE
FEDZGAL PESERVE SYSTEM, WASHINGTON, DeCe 29351.
for FRASER",71.81
4,1990s/1990-12-14_491265_December_14_1990.pdf,1990-12-14,2,other_non_table_material,"1/ REPRESENTS ACCOUNTS UF LNDIVIDUALS, PAKTWERSHLPS, AND CORPORATIONS AMD OF STATES AMD POLITICAL ,
SUBDIVISIONS.
2/, ACCOUNTS AUTHOSIZED POR NEGOTIABLE ORDERS OF WITHDRAWAL (WQS) AND ACCOUNTS AUTHORIZED ruR ADTOMATIC
TRANSFER TO DEMAKUY DEVOSITS (ATS). ATS DATA AVAILABILITY STARTS MIT DECEMBER 1978.
3/ MONBY BARKET DEPOSIT ACCUOKTS. e
4/ BECLUDES ATS AND WOW GCCOUNTS, MBDA, AND SPECLAL CLUL ACCOUNTS SUCH AS CHKISTMAS AND VACaTiON CLUBS.
WOTES HISTORICAL DATA 2CF DEMAND DEPOSITS ABE AVAiLAduc BACK TO 1970 ESTIMATED IM PAKT FROM DEsItS “
SERLES POR 233 SMSA'S WHICH WERZ AVALLALLe TusOUGH JUMZ 1977. HISTORICAL DATA YOR ATS/¥Oe ap
SAVIMGS DEPOSITS AbZ AVAILABLE BACK TO JULY 1977. BACK DATA ABR AVAILAMLE ON REQUEST FROM BAMKLUG AWD HOMEY
SAQK2T STATISTICS SECTION, DIVISION OP MONG1AKY AVVAIKS, BOARD OP GOVZ8HORS OF THE
PEDERAL RESERVE SYSTEM, WASHINGTON, D.C. 20551.
for FRASER",63.95
4,1990s/1991-01-22_491266_January_22_1991.pdf,1991-01-22,2,footnotes,"1/ REPRESENTS ACCOUNTS OP INDIVIDUALS, PARTNERSHIPS, AND CORPORATIONS AND OF STATES AND POLITICAL
SUBDIVISIONS.
2/7 ACCOUNTS AUTHORIZED POR NEGOTIABLE ORDERS OF WITHDRAWAL (NOW) AND ACCOUNTS ANTHORIZED POR AUTOMATIC e
TRANSPEK TO DEMAND DEPOSITS (ATS). ATS DATA AVAILABILITY STARTS WITH DECEMBE® 1978,
3/ EXCLUDES ATS AND NOW ACCOUNTS, AMDA, AND SPECIAL CLUB ACCOUNTS SUCH AS CHPISTMAS AND VACATION CLUBS.
NOTE: HISTORICAL DATA POR DEMAND DEPOSITS ARE AVAILABLE BACK TO 1970 ESTIMATED IN PART PROM DEBITS
SEKL25 FOP 233 SMSA'S WHICH WERE AVAILABLE THROUGH JONP 1977. HISTOPICAL DATA POR ATS/NOW AND
SAVINGS DEPOSITS AK& AVAILABLE BACK TO JULY 1977, BACK DATA ARE AVAILABLE ON REQUEST PROM BANKING AND SOREY
MARKET STATISTICS SECTION, DIVISiON OP MONETARY AFFAIRS, BOARD OF GOVEBNORS OF THE
PEDERAL RESERVR SYSTEM, WASHINGTON, D.C. 20551.
for FRASER",88.01
5,1990s/1991-02-19_491267_February_19_1991.pdf,1991-02-19,1,footnotes,"| 9 of Ove .
S/T"".
ns FT",30.59
5,1990s/1991-02-19_491267_February_19_1991.pdf,1991-02-19,2,other_non_table_material,"1/ Represents accounts of Individuals, partnerships, and corporations and of states and political subdivisions.
2/ Negotiable Order of Withdrawal accounts and accounts authorized for Automatic Transfer to Demand Deposits.
3/ Money Market Deposit Accounts.
4/ Excludes MMDA, NOW and ATS accounts.
Note: Historical data are available on request from Banking and Money Market Statistics Section, Division of Monetary Affairs, Board of Governors of the Federal
e@ Reserve System, Washington, D.C. 20551.
for FRASER",91.08
5,1990s/1991-02-19_491267_February_19_1991.pdf,1991-02-19,3,other_non_table_material,"1/_ Represents accounts of individuals, partnerships, and corporations and of states and political subdivisions.
2/ Negotiable Order of Withdrawal accounts and accounts authorized for Automatic Transfer to Demand Deposits.
9/ Money Market Deposit Accounts.
4/ Excludes MMDA, NOW and ATS accounts.
Note: Historica! data are available on request from Banking and Money Market Statistics Section, Division of Monetary Affairs, Board of Governors of the Federal
Reserve System, Washington, D.C. 20551. e
for FRASER",87.57
5,1990s/1991-03-22_491268_March_22_1991.pdf,1991-03-22,1,other_non_table_material,"Represents accounts of Individuals, partnerships, and corporations and of states and political subdivisions.
Negotiable Order of Withdrawal accounts and accounts authorized for Automatic Transfer to Demand Deposits.
3/ Money Market Deposit Accounts.
4/ Excludes MMDA, NOW and ATS accounts.
Note: Historical data are available on request from Banking and Money Market Statistics Section, Division of Monetary Affairs, Board of Governors of the Federal
e Reserve System, Washington, D.C. 20551.
igitized for FRASER",90.3
5,1990s/1991-04-19_491269_April_19_1991.pdf,1991-04-19,1,footnotes,"1/ Represents accounts of individuals, partnerships, and co-porations and of states and political subdivisions.
2' Negotiable Order of Withdrawal accounts and accourts authorized for Automatic Transfer to Demand Deposits.
3° Moray Marks! Dacosit Accounts.
4 Excludes MMDA NOW and 475 accounts
Note: Histonea: deta are evarlabie 7 request fom Sanking and Money Market Statistics Section, Division of Monetary Affairs, Board of Governors of the Federal
Reserve Svstem. Washiroten. 0.0. 20851.",68.42
5,1990s/1991-04-19_491269_April_19_1991.pdf,1991-04-19,2,other_non_table_material,"1/ Represents accounts of individuals, partnerships, and corporations and of states and political subdivisions.
| 2/ Negotiable Order of Withdrawal accounts and accounts authorized for Automatic Transfer to Demand Deposits.
3/ Money Market Deposit Accounts.
4/ Excludes MMDA, NOW and ATS accounts.
Note: Historical data are available on request from Banking and Money Market Statistics Section, Division of Monetary Affairs, Board of Governors of the Federal
Reserve System, Washington, D.C. 20551. r )",89.27
5,1990s/1991-06-27_491271_June_27_1991.pdf,1991-06-27,1,other_non_table_material,"e
1/ Represents accounts of individuals, partnerships, and corporations and of states and political subdivisions.
2/ Negotiable Order of Withdrawal accounts and accounts authorized for Automatic Transfer to Demand Deposits.
3/ Money Market Deposit Accounts.
41 Excludes MMDA, NOW and ATS accounts.
Note: Historical data are avallable on request from Banking and Money Merket Statistice Section, Division of Monetary Affaire, Board of Governors of the Federal
Reserve System, Washington, D.C. 20551.
e
for FRASER",85.94
5,1990s/1991-06-27_491271_June_27_1991.pdf,1991-06-27,2,revision_notice,"1/ Represents accounts of individuals, partnerships, and corporations and of states and political subdivisions.
2/ Negotiable Order of Withdrawal accounts and accounts authorized for Automatic Transfer to Demand Deposits.
3/ Money Market Deposit Accounts.
4/ Excludes MMDA, NOW and ATS accounts.
Note: Historical data are available on request from Banking and Money Market Statistics Section, Division of Monetary Affairs, Board of Governors of the Federal
Reserve System, Washington, D.C. 20581.
r Revised
e
for FRASER",82.22
5,1990s/1991-07-15_491272_July_15_1991.pdf,1991-07-15,1,other_non_table_material,"1/ Represents accounts of individuals, partnerships, and corporations and of states and political subdivisions.
2/ ~ Negotlable Order of Withdrawal accounts and accounts authorized for Automatic Transfer to Demand Deposits.
\ for FRASER
3/ Money Market Deposit Accounts.
4/ Excludes MMDA, NOW and ATS accounts.
Note: Historical data are available on request from Banking and Money Market Statistics Section, Division of Monetary Affairs, Board of Governors of the Federal
e Reserve System, Washington, D.C. 20551.",84.22
5,1990s/1991-07-15_491272_July_15_1991.pdf,1991-07-15,2,other_non_table_material,"1/ Represents accounts of Individuals, partnerships, and corporations and of states and polltical subdivisions.
2/ Negotiable Order of Withdrawal accounts and accounts authorized for Automatic Transfer to Demand Deposits.
3/ Money Market Deposit Accounts.
4/ Excludes MMDA, NOW and ATS accounts.
Note: Historical data are available on request from Banking and Money Market Statistics Section, Division of Monetary Affairs, Board of Governors of the Federal
Reserve System, Washington, D.C. 20551. e
for FRASER",91.9
5,1990s/1991-08-16_491273_August_16_1991.pdf,1991-08-16,1,footnotes,"e oe © e ©@ ©@ 6 e ©@ ©@ eo
° : 19 (0G Aaaae nil 2
*eSRAL RESES *
G.10 (411) 1 weet
Billions of dollars August 16, 1991 |
1991 1991 1991 1991 1991 1991 1991
Jan Feb Mar Apr May Jun Jul
SEASONALLY ADJUSTED
1 Total nondeposit funds? 277.2 265.1 264.2 263.2 258.9 248.7 248.3
2 Net balances due to related foreign offices? 33.5 24.9 30.2 30.9 26.1 19.2 18.8
3 Borrowings from other than commercial banks in the United States‘ 243.6 240.2 | 234.0 232.4 232.8 229.5 229.5
4 By domestically chartered banks 182.2 177.1 171.5 170.6 168.8 166.3 165.0
5 By foreign-related banks 61.5 63.1 62.6 61.8 64.0 63.3 64.6
NOT SEASONALLY ADJUSTED
6 Total nondeposit tunds@ 272.5 268.1 269.5 263.9 266.8 251.7 245.1
7 Net balances due to related foreign offices? 33.2 24.8 29.7 29.0 28.6 19.5 16.5
8 Of domestically chartered banks -15.2 -15.2 -6.0 -3.5 -0.7 -3.5 -7.2
9 Of foreign-related banks 48.4 40.0 35.6 32.5 29.3 23.0 23.7
10 Borrowings from other than commercial banks in the United States* 239.4 | 243.3 | 239.8 235.0 | 238.2 232.2 | 228.7
11 By domestically chartered banks 177.7 179.4 175.8 171.4 173.5 167.2 162.9
12 Federal funds and security RP borrowings® 174.4 176.6 172.6 168.5 170.7 164.3 159.7
13 Other 3.2 2.8 3.2 2.9 2.8 2.8 3.2
14 By foreign-related banks 61.7 63.9 64.0 63.6 64.7 65.0 65.8
MEMORANDA
15 Gross time deposits in amounts of $100,000 or more 6 SA 441.0 450.6 451.0 451.3 453.0 451.9 447.5
16 NSA 439.3 449.2 450.5 449.0 452.6 451.4 446.3
17 U.S. Treasury demand balances at commercial banks? SA 25.7 33.4 33.8 21.7 15.1 23.2 20.4
18 NSA 29.4 39.3 28.4 20.4 19.8 23.6 20.7
1. Commercial banks are those in the 50 states and the District of Columbia with national or state charters, plus agencies and branches of foreign banks, New York
investment companies. and Edge Act corporations. Monthly series are a combination of averages of dailyand averages of Wednesday data, except where
noted.
2. Includes federal funds, RPs, and other borrowings from nonbanks, and net balances due to related foreign offices.
3. Reflects net positions of U.S. chartered banks, Edge Act corporations, and U.S. branches and agencies of foreign banks with related foreign offices, plus net
positions with own IBFs.
4. Consists of borrowings through instruments, such as promissory notes or due bills, for purpose of funding the banking business. These include borrowings from
Federal Reserve Banks and from foreign banks, overnight and term federal funds , loan RPs, and sales of participations in pooled loans.
5. Based on daily average data reported weekly by approximately 100 large banks and quarterly or annual data reported by other banks.
6. Data are estimated averages of daily data.
aes for ee ‘7. Includes U.S. Treasury demand deposits and Treasury tax-and-loan notes at commercial banks. Data are averages of daily data.
ederal Reserve Bank of St. Louis",87.62
5,1990s/1991-08-16_491273_August_16_1991.pdf,1991-08-16,2,revision_notice,"e 1/_ Represents accounts of individuals, partnerships. and corporations and of states and political subdivisions.
2/ Negotiable Order of Withdrawal accounts and accounts authorized for Automatic Transfer to Demand Deposits.
3/ Money Market Deposit Accounts.
4/ Excludes MMDA, NOW and ATS accounts.
| Note: Historical data are available on request from Banking and Money Market Statistics Section, Division of Monetary Affairs, Board of Governors of the Federal
Reserve System, Washington, D.C. 20551.
t Revised",84.4
5,1990s/1991-08-16_491273_August_16_1991.pdf,1991-08-16,3,revision_notice,"e
1/_ Represents accounts of Individuals, partnerships, and corporations and of states and political subdivisions.
2/ Negotiable Order of Withdrawal accounts and accounts authorized for Automatic Transfer to Demand Deposits.
3/ Money Market Deposit Accounts.
4/ Excludes MMDA, NOW and ATS accounts.
Note: Historical data are avaliable on request from Banking and Money Market Statistics Section, Division of Monetary Affairs, Board of Governors of the Federal
Reserve System, Washington, D.C. 20551.
t Revised
e
for FRASER",81.96
5,1990s/1991-09-19_491274_September_19_1991.pdf,1991-09-19,1,other_non_table_material,"1/_ Represents accounts of individuats, partnerships, and corporations and of states and political subdivisions.
2/ Negotiable Order of Withdrawal accounts and accounts authorized for Automatic Transfer to Demand Deposits.
3/ Money Market Deposit Accounts.
4/ Excludes MMDA, NOW and ATS accounts.
r ) Note: Historical data are available on request from Banking and Money Market Statistics Section, Division of Monetary Affairs, Board of Governors of the F ederal
for AReserve-System, Washington, D.C. 20551.",88.77
5,1990s/1991-09-19_491274_September_19_1991.pdf,1991-09-19,2,other_non_table_material,"1/ Represents accounts of individuals, partnerships, and corporations and of states and political subdivisions.
2/ ~Negotlable Order of Withdrawal accounts and accounts authorized for Automatic Transfer to Demand Deposits.
3, Money Market Deposit Accounts.
4/ Excludes MMDA, NOW and ATS accounts.
Note: Historical data are available on request from Banking and Money Market Statistics Section, Division of Monetary Affairs, Board of Governors of the Federal
Reserve System, Washington, D.C. 20551. e
for FRASER",87.32
5,1990s/1991-10-22_491275_October_22_1991.pdf,1991-10-22,1,revision_notice,"- 1/_ Represents accounts of individuals, partnerships, and corporations and of states and political subdivisions.
2/ Negotiable Order of Withdrawal accounts and accounts authorized for Automatic Transfer to Demand Deposits.
3/ Money Market Deposit Accounts.
4/ Excludes MMDA, NOW and ATS accounts.
Note: Historical data are avaliable on request from Banking and Money Market Statistics Section, Division of Monetary Affairs, Board of Governors of the Federal
Reserve System, Washington, D.C. 20551.
r revised",87.37
5,1990s/1991-10-22_491275_October_22_1991.pdf,1991-10-22,2,revision_notice,"1/ Represents accounts of individuals, partnerships, and corporations and of states and political subdivisions. ~
2/ Negotiable Order of Withdrawal accounts and accounts authorized for Automatic Transfer to Demand Deposits.
3/ Money Market Deposit Accounts.
4/ Excludes MMDA, NOW and ATS accounts.
Note: Historical data are available on request from Banking and Money Market Statistics Section, Division of Monetary Affairs, Board of Governors of the Federal
Reserve System, Washington, D.C. 20551.
revised
for FRASER",90.51
6,1990s/1991-11-18_491276_November_18_1991.pdf,1991-11-18,1,footnotes,"| 1/ Represents accounts of individuals, partnerships, and corporations and of states arid political subdivisions.
| 2/ Negotiable Order of Withdrawal accounts and accounts authorized for Automatic Transter to Demand Deposits.
3 Money Market Deposit Accounts.
4/ Includes MMDAs as of September 1991.
Note: Historical data are available on request from Banking and Money Market Statistics Section, Division of Monetary Affairs, Board of Governors of the Federal
| e Reserve System, Washington, D.C. 20551.
n.a. not available
for FRASER",88.27
6,1990s/1991-11-18_491276_November_18_1991.pdf,1991-11-18,2,footnotes,"1/ Represents accounts of individuals, partnerships, and corporations and of states and political subdivisions.
2 Negotiable Order of Withdrawal accounts and accounts authorized tor Automatic Transfer to Dernand Deposits.
3/ Money Market Deposit Accounts
4/ Includes MMDAs as of September 1991.
Note: Historical data are available on request from Banking and Money Market Statistics Section, Division of Monetary Affairs, Board of Governors of the Federal
Reserve System, Washington, D.C. 20551. e
n.a. not available
for FRASER",86.58
6,1990s/1991-12-16_491277_December_16_1991.pdf,1991-12-16,1,footnotes,"2 Nepotable Order of Witharewal sasconte and necounte wutortred for Automatic Trereter io Denna Doposks,
KY Money Market Deposit Accounts.
Note: Tntoricel Guts are evaitote on request from Banking and Money Market Statistics Section Division of Mon Affairs, Board of Governors of the Federal
” Reserve System, Washington, Dc 20881, , wy
r ) na. not
for FRASER",71.29
6,1990s/1992-01-15_491278_January_15_1992.pdf,1992-01-15,1,footnotes,"2 Negotioble Order Ot Withdrawal excronte and wcbounte ‘authorized fort Automate Traneter to Demand Deposits.
3 Money Market Deposit Accounts.
4/ Includes MMDAs as of September 1991.
Note: Historical data are available on request from Banking and Money Market Statistics Section, Division of Monetary Affairs, Board of Governors of the Federal
e@ Reserve System, Washington, be 20551.
for FRA Het avi e r rev",76.27
6,1990s/1992-01-15_491278_January_15_1992.pdf,1992-01-15,2,other_non_table_material,"1/_ Represents accounts of individuals, partnerships, and corporations and of states and political subdivisions.
2/ Negotiable Order of Withdrawal accounts and accounts authorized for Automatic Transter to Demand Deposits.
Ka Money Market Deposit Accounts.
4/ Includes MMDAs as of September 1991.
Note: Historical data are avaliable on request from Banking and Money Market Statistics Section, Division of Monetary Affairs, Board of Governors of the Federal
Reserve System, Washington, D.C. 20551. r
for Race” ro",80.71
6,1990s/1992-02-14_491279_February_14_1992.pdf,1992-02-14,1,other_non_table_material,"1/_ Represents accounts of individuals, partnerships, and corporations and of states and political subdivisions.
2/ Negotiable Order of Withdrawal accounts and accounts authorized for Automatic Transter to Damand Deposits.
a Money Market Deposit Accounts.
4/ Includes MMDAs as of September 1991.
Note: Historical data are avaliable on request from Banking and Money Market Statistics Section, Division of Monetary Attairs, Board of Governors of the Federal
r ) Reserve System, Washington, be. 20551.
foR-BR",85.43
6,1990s/1992-02-14_491279_February_14_1992.pdf,1992-02-14,2,other_non_table_material,"1/ Represents accounts of individuals, partnerships, and corporations and of states and political subdivisions.
2/ Negotiable Order of Withdrawal accounts and accounts authorized for Automatic Transfer to Demand Deposits.
3/ Money Market Deposit Accounts.
aot jes MMDAs as of September 1991.
Note: Historical data are available on request from Banking and Money Market Statistics Section, Division of Monetary Affairs, Board of Governors of the Federal
Reserve System, Washington, D.C. 20551. t )
fee.F netavelieble |",79.11
6,1990s/1992-03-24_491280_March_24_1992.pdf,1992-03-24,1,footnotes,"¥) Nepolble Order of Withdrawal sccoorto and pecounte euthorizod for Avtomaie rarer to Demand Doposts.
3/ Money Market Deposit Accounts.
@ 4 Includes MMDAs be of September 1991.
igitized are avaliable on from Banking and Money Market Statistics Section, Diviston of Monetary Affairs, Board of Governors of the Federal",73.21
6,1990s/1992-03-24_491280_March_24_1992.pdf,1992-03-24,2,footnotes,"Py Negotiable Order of Wihrewel actwunts and secounts authorised for Automatic Tranter to Denend Deposits
1/ Represents accounts of Individuals, partners! corporations ubdivis!
3/ Money Market Deposit Accounts. @
4 Includes MMDAs as of September 1991.
and Market Statistics of Board of Governors of the Federal",78.64
6,1990s/1992-04-28_491281_April_28_1992.pdf,1992-04-28,1,revision_notice,"17 Rep ts accounts of individuals, partnerships, and corporations and of states and political subdivisions.
2/ Negotiable Order of Withdrawal accounts and accounts authorized for Automatic Transter to Demand Deposits.
3/ Money Market Deposit Accounts.
4 Incudes MMDAs as of September 1991.
Note: Historical data are available on jest from Banking and Money Market Statistics Section, Division of Monetary Affaire, Board of Governors of the Federa!
@ Reserve System, Washington, D:c. 20551,
fone revised",75.86
6,1990s/1992-04-28_491281_April_28_1992.pdf,1992-04-28,2,footnotes,"1/ Represents individuals, orporatt Ibdivisl
2 Negotiable Order of Witicrevrel scofunts and mecounte authorized for Automatic Traveler to Demand Deposits,
3/ Money Market Deposit Accounts.
4 Inches MMDAs se of Septeriber 1901. e
Note: Historical deta ere available on request trom Banking and Money Market Statistics Section, Division of Monetary Affairs, Board of Governors of the Federal
for FReeev¥eSystem, Washington, D.C. 20551.",75.16
6,1990s/1992-05-28_491282_May_28_1992.pdf,1992-05-28,1,revision_notice,"1/ Represents accounts of individuals, partnerships, and corporations and of states and political subdivisions.
2/ Negotiable Order of Withdrawal accounts and accounts authorized for Automatic Transfer to Demand Deposits.
Ki Money Market Deposit Accounts.
4/ Includes MMDAs as of September 1991.
Note: Historical data are available on request from Banking and Money Market Statistics Section, Division of Monetary Affairs, Board of Governors of the Federal
Reserve System, Washington, D.C. 20551
@ n.a. not available r revised
for FRASER",88.86
6,1990s/1992-05-28_491282_May_28_1992.pdf,1992-05-28,2,revision_notice,"1/ Represents accounts of Individuals, partnerships, and corporations and of states and political subdivisions.
2/ Negotiable Order of Withdrawal accounts and accounts authorized for Automatic Transfer to Demand Deposits.
3 Money Market Deposit Accounts.
4/ Includes MMDAs as of September 1991.
Note: Historical data are available on request from Banking and Money Market Statistics Section, Division of Monetary Affairs, Board of Governors of the Federal
Reserve System. Washington, D.C. 20551.
na. not avaliable r revised e
for FRASER",85.38
6,1990s/1992-06-15_491283_June_15_1992.pdf,1992-06-15,1,footnotes,"a
1/_ Represents accounts of individuals, partnerships, and corporations and of states and political subdivisions.
2 Negotiable Order of Withdrawal accounts and accounts authorized for Automatic Transter to Demand Deposits.
3/_ Money Market Deposit Accounts
4/ Includes MMDAs as of September 1991.
Note: Historical data are available on request from Banking and Money Market Statistics Section, Division of Monetary Affairs, Board of Governors of the Federal
Reserve System. Washington, D.C. 20551.
na. notavailable",79.57
6,1990s/1992-06-15_491283_June_15_1992.pdf,1992-06-15,2,other_non_table_material,"1/_ Represents accounts of individuals, partnerships, and corporations and of states and political subdivisions.
2) Negotiable Order of Withdrawal accounts and accounts authorized for Automatic Transter to Demand Deposits.
3/. Money Market Deposit Accounts.
4/ Includes MMDAs as of September 1991.
Note: Historical data are available on request from Banking and Money Market Statistics Section, Division of Monetary Affairs, Board of Governors of the Federal
Reserve eystem. Washington, D.C. 20551.
na. notavailable e",80.96
6,1990s/1992-07-17_491284_July_17_1992.pdf,1992-07-17,1,footnotes,"© 1 Represents accounts of individuais, partnerships, and corporations and of states and political subdivisions.
2) Negotiaole Order of Withdrawal accounts and accounts authorized for Automatic Transter to Demand Deposits.
3/ Money Market Deposit Accounts. 901
Note."" shatencal dala are avajable on reques trom Banking and Money Market Statistics Section, Division of Monetary Affairs, Board of Governors of the Federal
Reserve System, Washington, D.C. 20551.
@ na. not valable r rensed
Jigitized for FRASER",74.72
6,1990s/1992-07-17_491284_July_17_1992.pdf,1992-07-17,2,revision_notice,"14 Represents accounts of individuals. partnerships. and corporations and of states and political subdivisions. ©
2 Negotiable Order of Withdrawal accounts and accounts authorized for Automatic Transter to Demand Deposits.
3 Money Market Deposit Accounts.
4/ —Inctudes MMDAs as of September 1991.
Note: Historical data are available on request trom Banking and Money Market Statistics Section, Division of Monetary Attairs. Board ot Governors ot the Federal
Reserve System, Washington. 0.C. 20551. e
igitizettor aqtavaiane ‘revised",70.14
6,1990s/1992-08-21_491285_August_21_1992.pdf,1992-08-21,1,revision_notice,"} Reputable Order ol Windrawal accouris and sosounis authorized for Ainomase Trarater Demand Deposits
KV Money Market Deposit Accounts.
“ es MMDAs as of September 1991.
Note: Historical data ave available on request from Banking and Money Market Statistics Section, Division of Monetary Affairs, Board of Governors of the Federal
Reserve Syston. Washington, D.C. 20551.
@ Na. notavaiable 1 revised
for FRASER",74.87
6,1990s/1992-08-21_491285_August_21_1992.pdf,1992-08-21,2,revision_notice,"1/ Represents accounts of individuals, parinerships, and corporations and of states and political subdivisions.
2 Negotiadie Order of Withdrawal accounts and accounts authorized for Automatic Transfer to Demand Deposits.
Y Money Market Deposit Accounis.
4 inches MMDAs as of September 1901. ;
Note: Historical deta are evaiieble on requesi from Banking and Money Market Statistics Section, Division of Monetary Affairs, Board of Governors of the Federal
Reserve System, Washington, 0.C. 20551.
nha. no ‘evalable t revised
for FRASER",81.05
6,1990s/1992-09-18_491286_September_18_1992.pdf,1992-09-18,1,revision_notice,"1/_ Represents accounts of individuals, partnerships, and corporations and of states and political subdivisions.
2 Negotiable Order of Withdrawal accounts and accounts authorized for Automatic Transfer to Demand Deposits.
KY Money Market Deposit Accounts.
4/ Includes MMDAs as of September 1991.
Note: Historical data are available on request from Banking and Money Market Statistics Section, Division of Monetary Aftairs, Board of Governors of the Federal
Reserve System, Washington, D.C. 20551.
@ fia. notavailable =r revised",83.37
6,1990s/1992-09-18_491286_September_18_1992.pdf,1992-09-18,2,revision_notice,"1/_ Represents accounts of individuals, partnerships, and corporations and of states and political subdivisions.
2 Negotiable Order of Withdrawal accounts and accounts authorized for Automatic Transfer to Demand Deposits.
a Money Market Deposit Accounts.
4/ Includes MMDAs as of September 1991.
Note: Historical data are available on request from Banking and Money Market Statistics Section, Division of Monetary Affairs, Board of Governors of the Federal
Reserve System. Washington, D.C. 20551.
fa. notavailable 1 revised 2
for FRASER",88.24
6,1990s/1992-10-21_491287_October_21_1992.pdf,1992-10-21,1,revision_notice,"1/_ Represents accounts of individuals, partnerships, and corporations and of states and political subdivisions.
2 Negotiable Order of Withdrawal accounts and accounts authorized for Automatic Transfer to Demand Deposits.
a Money Market Deposit Accounts.
4/ Includes MMDAs as of September 1991.
Note: Historical data are available on request from Banking and Money Market Statistics Section, Division of Monetary Affairs, Board of Governors of the Federal
r) Reserve System, Washington, D.C. 20551.
n.a._ not available r revised",85.93
6,1990s/1992-10-21_491287_October_21_1992.pdf,1992-10-21,2,footnotes,"1/_ Represents accounts of individuals, partnerships, and corporations and of states and political subdivisions.
2 Negotiable Order of Withdrawal accounts and accounts authorized for Automatic Transfer to Demand Deposits.
3a Money Market Deposit Accounts.
4/ Includes MMDAs as of September 1991.
Note: Historical data are available on request from Banking and Money Market Statistics Section, Division of Monetary Affairs, Board of Governors of the Federal s
Reserve System, Washington, D.C. 20551.",89.42
6,1990s/1992-11-16_491288_November_16_1992.pdf,1992-11-16,1,revision_notice,"1/_ Represents accounts of individuals, partnerships, and corporations and of states and political subdivisions.
2/ Negotiable Order of Withdrawal accounts and accounts authorized for Automatic Transfer to Demand Deposits.
KY Money Market Deposit Accounts.
4/ Includes MMDAs as of September 1991.
Note: Historical data are available on request from Banking and Money Market Statistics Section, Division of Monetary Affairs, Board of Governors of the Federal
Reserve System. Washington, D.C. 20551.
e n.a. not available r revised
for FRASER",85.22
6,1990s/1992-11-16_491288_November_16_1992.pdf,1992-11-16,2,revision_notice,"1/_ Represents accounts of individuals, partnerships, and corporations and of states and political subdivisions.
2 Negotiable Order of Withdrawal accounts and accounts authorized tor Automatic Transfer to Demand Deposits.
a Money Market Deposit Accounts.
4/ Includes MMDAs as of September 1991.
Note: Historical data are available on request from Banking and Money Market Statistics Section, Division of Monetary Affairs, Board of Governors of the Federal
Reserve System, Washington, D.C. 20551.
na. notavailable t revised 2
for FRASER .",84.89
7,1990s/1992-12-17_491289_December_17_1992.pdf,1992-12-17,1,other_non_table_material,"1. Represents accounts of individuals, partnerships, and corporations and of states and political subdivisions.
2. Negotiable Order of Withdrawal accounts and accounts authorized for Automatic Transfer to Demand Deposits.
3. Includes Money Market Deposit Accounts.
Note: Historical data are available on request from Banking and Money Market Statistics Section, Division of Monetary Affairs, Board of Governors of the Federal
a Reserve System, Washington, 0.C. 20551.
Inbi/a¥aiable",78.55
7,1990s/1992-12-17_491289_December_17_1992.pdf,1992-12-17,2,other_non_table_material,"1. Represents accounts of individuals, partnerships, and corporations and of states and political subdivisions.
2. Negotiable Order of Withdrawal accounts and accounts authorized for Automatic Transfer to Demand Deposits.
3. Includes Money Market Deposit Accounts. ,
Note: Historical data are available on request from Banking and Money Market Statistics Section, Division of Monetary Affairs, Board of Governors of the Federal
Reserve System, Washington, D.C. 20551. . -",88.02
7,1990s/1993-01-25_491290_January_25_1993.pdf,1993-01-25,2,other_non_table_material,"1. Represents accounts of individuals, partnerships, and corporations and of states and political subdivisions.
2. Negotiable Order of Withdrawal accounts and accounts authorized for Automatic Transfer to Demand Deposits.
3. Includes Money Market Deposit Accounts.
Note: Historical data are available on request from Banking and Money Market Statistics Section, Division of Monetary Affairs, Board of Governors of the Federal
Reserve System, Washington, D.C. 20551.
n.a. notavailable @
for FRASER",89.01
7,1990s/1993-01-25_491290_January_25_1993.pdf,1993-01-25,3,revision_notice,"b4 . R/S ZN Re:. — °
e
G.6 January 25, 1993
| The G.6 data have been revised back to January 1988 and are available e
| from the Banking and Money Market Statistics Section, Board of
Governors of the Federal Reserve System, Washington, DC 20551.
e
| e
e
j
e
b
e
Federal Reser ank of Ji",57.47
7,1990s/1993-02-17_491291_February_17_1993.pdf,1993-02-17,1,other_non_table_material,"| 2. Negotiable Order of Withdrawal accounts and accounts authorized for Automatic Transfer to Demand Deposits.
1. Represents accounts of individuals, partnerships, and corporations and of states and political subdivisions.
3. Includes Money Market Deposit Accounts. , , -_
Note: Historical data are available on request from Banking and Money Market Statistics Section, Division of Monetary Affairs, Board of Governors of the Federal
e@ Reserve System, Washington, D.C. 20551.
na. notavailable",83.79
7,1990s/1993-03-15_491292_March_15_1993.pdf,1993-03-15,1,other_non_table_material,"1. Represents accounts of individuals, partnerships, and corporations and of states and political subdivisions.
2. Negotiable Order of Withdrawal accounts and accounts authorized for Automatic Transfer to Demand Deposits.
3. Includes Money Market Deposit Accounts.
Note: Historical data are available on request from Banking and Money Market Statistics Section, Division of Monetary Affairs, Board of Governors of the Federal
Reserve System, Washington, 0.C. 20551.
e@ fa. not available",90.19
7,1990s/1993-03-15_491292_March_15_1993.pdf,1993-03-15,2,other_non_table_material,"1. Represents accounts of individuals, partnerships, and corporations and of states and political subdivisions.
2. Negotiable Order of Withdrawal accounts and accounts authorized for Automatic Transfer to Demand Deposits.
3. Includes Money Market Deposit Accounts.
Note: Historical data are available on request from Banking and Money Market Statistics Section, Division of Monetary Affairs, Board of Governors of the Federal e
Reserve System, Washington, D.C. 20551.
@r Prehayaitable",78.05
7,1990s/1993-04-15_491293_April_15_1993.pdf,1993-04-15,1,other_non_table_material,"1. Represents accounts of individuals, partnerships, and corporations and of states and political subdivisions.
2. Nepotiable Order of Withdrawal accounts and accounts authorized for Automatic Transfer to Demand Deposits.
3. Includes Money Market Deposit Accounts.
e Note: Historical data are available on request from Banking and Money Market Statistics Section, Division of Monetary Affairs, Board of Governors of the Federal
Reserve System, Washington, 0.C. 20551.
igitizedntar Thok Nvallable",81.57
7,1990s/1993-04-15_491293_April_15_1993.pdf,1993-04-15,2,other_non_table_material,"1. Represents accounts of individuals, partnerships, and corporations and of states and political subdivisions.
2. Nepotiabie Order of Withdrawal accounts and accounts authonzed for Automatic Transfer to Demand Deposits.
3. Includes Money Market Deposit Accounts.
Note: Historical data are available on request from Banking and Money Market Statistics Section, Division of Monetary Affairs, Board of Governors of the Federal
Reserve System, Washington, D.C. 20551. @
igittAd (OP eRSEP,",80.76
7,1990s/1993-05-18_491294_May_18_1993.pdf,1993-05-18,2,footnotes,"| 1. Represents accounts of individuals, partnerships, and corporations and of states and political subdivisions
2 Negotiable Order of Withdrawal accounts and accounts authorized for Automatic Transfer to Demand Deposits
3. Includes Money Market Deposit Accounts
Note: Historical data are available on request from Banking and Money Market Statistics Section, Division of Monetary Affairs, Board of Governors of the Federal
Reserve System, Washington, D.C, 20551 r
FRASER",79.34
7,1990s/1993-06-15_491295_June_15_1993.pdf,1993-06-15,1,other_non_table_material,"1, Represents accounts of individuals, partnerships, and corporations and of states and political subdivisions.
2. Negotiable Order of Withdrawal accounts and accounts authorized for Automatic Transter to Demand Deposits
3. Includes Money Market Deposit Accounts.
Note: Historical data are available on request from Banking and Money Market Statistics Section, Division of Monetary Affairs, Board of Governors of the Federal
Reserve System, Washington, D.C. 20551.
@ n.a. not available",90.57
7,1990s/1993-06-15_491295_June_15_1993.pdf,1993-06-15,2,other_non_table_material,"1. Represents accounts of individuals, partnerships, and corporations and of states and political subdivisions.
2. Negotiable Order of Withdrawal accounts and accounts authorized for Automatic Transfer to Demand Deposits
3. Includes Money Market Deposit Accounts.
Note: Historical data are available on request from Banking and Money Market Statistics Section, Division of Monetary Affairs, Board of Governors of the Federal
Reserve System, Washington, D.C. 20551. e
na. not available",88.57
7,1990s/1993-07-15_491296_July_15_1993.pdf,1993-07-15,1,other_non_table_material,"1. Represents accounts of individuals, partnerships, and corporations and of states and political subdivisions
2. Negotiable Order of Withdrawal accounts and accounts authorized for Automatic Transter to Demand Deposits
3. Includes Money Market Deposit Accounts. ;
Note: Historical data are available on request from Banking and Money Market Statistics Section, Division of Monetary Affairs, Board of Governors of the Federal
fore MAS Beracie
R ve System, Washington, D.C. 20551",80.14
7,1990s/1993-09-15_491298_September_15_1993.pdf,1993-09-15,1,other_non_table_material,"1. Represents accounts of individuais, partnerships, and corporations and of states and political subdivisions.
2. Negotiable Order of Withdrawal accounts and accounts authorized for Automatic Transfer to Demand Deposits.
3. Includes Money Market Deposit Accounts.
Note: Historical data are available on request from Banking and Money Market Statistics Section, Division of Monetary Affairs, Board of Governors of the Federal
@ Reserve System, Washington, D.C. 20551
for FRASER",93.59
7,1990s/1993-09-15_491298_September_15_1993.pdf,1993-09-15,2,other_non_table_material,"1. Represents accounts of individuals, partnerships, and corporations and of states and political subdivisions.
2. Negotiable Order of Withdrawal accounts and accounts authorized for Automatic Transfer to Demand Deposits.
3. Includes Money Market Deposit Accounts.
Note: Historical data are available on request from Banking and Money Market Statistics Section, Division of Monetary Affairs, Board of Governors of the Federal
Reserve System, Washington, D.C. 20551 r )
for FRASER",92.86
7,1990s/1993-10-15_491299_October_15_1993.pdf,1993-10-15,1,other_non_table_material,"1. Represents accounts of individuals, partnerships, and corporations and of states and political subdivisions.
2. Negotiable Order of Withdrawal accounts and accounts authorized for Automatic Transfer to Demand Deposits.
3. Includes Money Market Deposit Accounts.
Note: Historical data are available on request from Banking and Money Market Statistics Section, Division of Monetary Affairs, Board of Governors of the Federal
e Reserve System, Washington, D.C. 20551.
for FRASER",93.82
7,1990s/1993-10-15_491299_October_15_1993.pdf,1993-10-15,2,other_non_table_material,"1. Represents accounts of individuals, partnerships, and corporations and of states and political subdivisions.
2. Negotiable Order of Withdrawal accounts and accounts authorized for Automatic Transfer to Demand Deposits.
3. Includes Money Market Deposit Accounts.
Note: Historical data are available on request from Banking and Money Market Statistics Section, Division of Monetary Affairs, Board of Governors of the Federat
Reserve System, Washington, D.C. 20551. r )
for FRASER",93.05
7,1990s/1993-11-16_491300_November_16_1993.pdf,1993-11-16,1,other_non_table_material,"1. Represents accounts of individuals, partnerships, and corporations and of states and political subdivisions.
2. Negotiable Order of Withdrawal accounts and accounts authorized for Automatic Transfer to Demand Deposits.
3. Includes Money Market Deposit Accounts.
Note: Historical data are available on request from Banking and Money Market Statistics Section, Division of Monetary Affairs, Board of Governors of the Federal
e Reserve System, Washington, D.C. 20551. |
FY FSVASER |",84.1
7,1990s/1993-11-16_491300_November_16_1993.pdf,1993-11-16,2,other_non_table_material,"1. Represents accounts of individuals, partnerships, and corporations and of states and political subdivisions.
2. Negotiable Order of Withdrawal accounts and accounts authorized for Automatic Transfer to Demand Deposits.
3. Includes Money Market Deposit Accounts.
Note: Historical data are available on request from Banking and Money Market Statistics Section, Division of Monetary Affairs, Board of Governors of the Federal
Reserve System, Washington, D.C. 20551. e
fot FRASSER",84.88
7,1990s/1993-12-15_491301_December_15_1993.pdf,1993-12-15,1,other_non_table_material,"1. Represents accounts of individuals, partnerships, and corporations and of states and political subdivisions
2. Negotiable Order of Withdrawal accounts and accounts authorized for Automatic Transfer to Demand Deposits.
3. Includes Money Market Deposit Accounts.
Note: Historical data are available on request from Banking and Money Market Statistics Section, Division of Monetary Affairs, Board of Governors of the Federal
e Reserve System, Washington, D.C. 20551.
for FRASER",93.99
7,1990s/1994-01-24_491302_January_24_1994.pdf,1994-01-24,1,other_non_table_material,"1. Represents accounts of individuals, partnerships, and corporations and of states and poliscal subdivisions.
2. Nepotiable Order of Withdrawal accounts and accounts authonzed for Automatic Transfer to Demand Deposits.
3. Includes Money Market Deposit Accounts.
®& Note: Historical data are available on request from Baniung and Money Market Statstics Section, Division of Monetary Affairs, Board of Governors o: >
DC. 20551.",77.89
7,1990s/1994-01-24_491302_January_24_1994.pdf,1994-01-24,2,other_non_table_material,"1. Represents accounts of individuals, partnerships, and corporations and of states and political subdivisions.
2. Negotiable Order of Withdrawal accounts and accounts authorized for Automatic Transfer to Demand Deposits.
3. Includes Money Market Deposit Accounts. ; y
Note: Historical data are available on request trom Banking and Money Market Statistics Section, Division of Monetary Affairs, Board of Governors of the Federal
igiftgserye Systera.dashington, D.C. 2051.",79.69
8,1990s/1994-03-21_491304_March_21_1994.pdf,1994-03-21,1,other_non_table_material,"1. Represents accounts of individuals, partnerships, and corporations and of states and political subdivisions.
2. As of January 1994, other checkable deposits, previously defined as ATS and NOW accounts, were expanded to include telephone and preauthorized transfer accounts. This
redefined OCDs for debits data to be consistent with OCDs for deposits data, also shown above.
3. Includes Money Market Deposit Accounts.
> Note: Historical data are available on request from Publications Section, Division of Support Services, Board of Governors of the Federal Reserve System, Washington,
Digitized foP FRASER",87.67
8,1990s/1994-03-21_491304_March_21_1994.pdf,1994-03-21,2,other_non_table_material,"1, Represents accounts of individuals, partnerships, and corporations and of states and political subdivisions.
2. As of January 1994, other checkable deposits, previously defined as ATS and NOW accounts, were expanded to include telephone and preauthorized transter accounts. This
redefined OCDs for debits data to be consistent with OCDs for deposits data, also shown above.
3. Includes Money Market Deposit Accounts.
Note: Historical data are available on request from Publications Section, Division of Support Services, Board of Governors of the Federal Reserve System, Washington,
for BRAZER",86.37
8,1990s/1994-03-21_491304_March_21_1994.pdf,1994-03-21,3,revision_notice,"EESO'SC non DLL
l
'@ PERE...
SS 5"") \C
EA Regie >
| BEN ve ia
“RAL RESE.
: Gé ue
; March 21, 1994
The G.6 data have been revised back to January 1988. Historical data are available on diskette
e from the Publications Section, Division of Support Services, Federal Reserve Board, Washington,
D.C. 20551.
a)
Jigitized for FRASER
ederal Reserve Bank of St. Louis",47.09
8,1990s/1994-04-20_491305_April_20_1994.pdf,1994-04-20,1,other_non_table_material,"1, Represents accounts of individuals, partnerships, and corporations and of states and political subdivisions.
2. As of January 1994, other checkable deposits, previously defined as ATS and NOW accounts, were expanded to include telephone and preauthorized transfer accounts. This
redefined OCDs for debits data to be consistent with OCDs for deposits data, also shown above.
3. Includes Money Market Deposit Accounts.
HER ASE RC® data are available on request from Publications Section, Division of Support Services, Board of Governors of the Federal Reserve System, Washington,",93.1
8,1990s/1994-04-20_491305_April_20_1994.pdf,1994-04-20,2,other_non_table_material,"1. Represents accounts of individuals, partnerships, and corporations and of states and political subdivisions.
2. Aso! January 1994, other checkable deposits, previously defined as ATS and NOW accounts, were expanded to include telephone and preauthorized transter accounts. This
redetined OCDs for debits data to be consistent with OCDs for deposits data, also shown above.
3. Includes Money Market Deposit Accounts.
Note: Historical data are available on request from Publications Section, Division of Support Services, Board of Governors of the Federal Reserve System, Washington, d
£Q-E2RS6IR",78.17
8,1990s/1994-05-20_491306_May_20_1994.pdf,1994-05-20,1,footnotes,"1. Represents accounts of individuals, partnerships, and corporations and of states and political subdivisions.
2 As of January 1994, other checkable deposits, previously defined as ATS and NOW accounts, were expanded to include telephone and preauthorized transfer accounts. This
redefined OCDs for debits data to be consistent with OCDs for deposits data, also shown above.
3. includes Money Market Deposit Accounts.
® Note. Historical data are available on request trom Publications Section, Division of Support Services, Board of Governors of the Federal Reserve System, Washington,
OF FRASER",86.42
8,1990s/1994-05-20_491306_May_20_1994.pdf,1994-05-20,2,other_non_table_material,"1. Represents accounts ot individuals, partnerships, and corporations and of states and political subdivisions.
2. As of January 1994, other checkable deposits, previously defined as ATS and NOW accounts, were expanded to include telephone and preauthorized transter accounts. This
redetined OCDs for debits data to be consistent with OCDs for deposits data. also shown above.
3. Includes Money Market Deposit Accounts.
Note: Historical data are available on request from Publications Section, Division of Support Services, Board of Governors of the Federal Reserve System, Washington.
Digiti225 BP ERASER",84.29
8,1990s/1994-06-21_491307_June_21_1994.pdf,1994-06-21,1,other_non_table_material,"1. Represents accounts of individuals, partnerships. and corporations and of states and political subdivisions.
2. As of January 1994, other checkable deposits, previously defined as ATS and NOW accounts, were expanded to include telephone and preauthorized transfer accounts. This
) redefined OCDs for debits data to be consistent with OCDs for deposits data, also shown above.
3. Includes Money Market Deposit Accounts.
Gata available trom Publications",88.56
8,1990s/1994-06-21_491307_June_21_1994.pdf,1994-06-21,2,footnotes,"1. Represents accounts of individuals, partnerships, and corporations and of states and political subdivisions.
2. As of January 1994, other checkable deposits, previously defined as ATS and NOW accounts, were expanded to include telephone ano preauthorized transfer accounts. This
redefined OCDs for debits data to be consistent with OCDs for deposits data, also shown above.
| 3. Includes Money Market Deposit Accounts. ; ; 7 A
Note: Historical data are available on request from Publications Section, Division of Support Services, Board of Governors of the Federal Reserve System, Washington,",86.11
8,1990s/1994-07-19_491308_July_19_1994.pdf,1994-07-19,1,other_non_table_material,"1. Represents accounts of individuals, partnerships, and corporations and of states and political subdivisions.
2. As of January 1994, other checkable deposits, previously defined as ATS and NOW accounts, were expanded to include telephone and preauthorized transfer accounts. This |
: redefined OCDs for debits data to be consistent with OCDs for deposits data, also shown above.
3. includes Money Market Deposit Accounts.
& Note Historical data are available on request from Publications Section, Division of Support Services, Board of Governors of the Federal Reserve System, Washington, |",93.26
8,1990s/1994-08-23_491309_August_23_1994.pdf,1994-08-23,1,other_non_table_material,"1. Represents accounts of individuals, partnerships, and corporations and of states and political subdivisions.
2. As of January 1994, other checkable deposits, previously defined as ATS and NOW accounts, were expanded to inciude telephone and preauthorized transfer accounts. This
redefined OCDs for debits data to be consistent with OCDs for deposits data, also shown above.
3. includes Money Market Deposit Accounts.
& Note: Historical data are available on request from Publications Section, Division of Support Services, Board of Governors of the Federal Reserve System, Washington,",94.21
8,1990s/1994-08-23_491309_August_23_1994.pdf,1994-08-23,2,other_non_table_material,"1. Represents accounts of individuals, partnerships, and corporations and of states and political subdivisions.
2. As of January 1994, other checkable deposits, previously defined as ATS and NOW accounts, were expanded to include telephone and preauthorized transfer accounts. This
redefined OCDs for debits data to be consistent with OCDs for deposits data, also shown above. |
3. Includes Money Market Deposit Accounts.
Note: Historical data are available on request from Publications Section, Division of Support Services, Board of Governors of the Federal Reserve System, Washington, @
igitize PPRRASER",83.19
8,1990s/1994-09-21_491310_September_21_1994.pdf,1994-09-21,2,other_non_table_material,"1. Represents accounts of individuals, partnerships, and corporations and of states and political subdivisions.
2. As of danuay 1994, other checkable deposits, previously defined as ATS and NOW accounts, were expanded to include telephone and preauthorized transfer accounts. This
redetined OCDs for debits data to be consistent with OCDs for deposits data, also shown above.
3. Includes Money Market Deposit Accounis. _ ; a
igi sce gata are available on request from Publications Section, Division of Support Services, Board of Governors of the Federal Reserve System, Washington,",84.57
8,1990s/1994-10-19_491311_October_19_1994.pdf,1994-10-19,1,other_non_table_material,"1. Represents accounts of individuals, partnerships, and corporations and of states and political subdivisions.
2. As of January 1994, other checkable deposits, previously defined as ATS and NOW accounts, were expanded to include telephone and preauthorized transfer accounts. This
redefined OCDs for debits data to be consistent with OCDs for deposits data, also shown above.
3. Includes Money Market Deposit Accounts.
~ Note: Historical data are available on request from Publications Section, Division of Support Services, Board of Governors of the Federal Reserve System, Washington,
for FRASER",95.15
8,1990s/1994-10-19_491311_October_19_1994.pdf,1994-10-19,2,other_non_table_material,"1. Represents accounts of individuals, partnerships, and corporations and of states and political subdivisions. ,
2. As of January 1994, other checkable deposits, previously defined as ATS and NOW accounts, were expanded to include telephone and preauthorized transfer accounts. This
redefined OCDs for debits data to be consistent with OCDs for deposits data, also shown above.
3. Includes Money Market Deposit Accounts.
Note: Historical data are available on request from Publications Section, Division of Support Services, Board of Governors of the Federal Reserve System, Washington, A
Digitized Sr PRASER",87.24
8,1990s/1994-11-17_491312_November_17_1994.pdf,1994-11-17,1,footnotes,"> Renresents eccounts of individuals, partnerships. and comporatons and of siates and politcal subdivisions. ;
7 re8 OOO tor tte Semtable deposits. previously defined as Sand NOW accounts, were expanded to include telephone and preauthonized transter accounts. Thrs
3. Includes Money Market Deposit Accounts.
& Note: Histoncal data are available on request trom Publications Section. Division of Support Services, Board of Governors of the Federal Reserve System, Washington,
oP ;",66.06
8,1990s/1994-11-17_491312_November_17_1994.pdf,1994-11-17,2,other_non_table_material,"1. Represents accounts of individuals, partnerships, and corporations and of states and poliucal subdivisions.
2. As of January 1994. other checkable deposits, previcusty Gefined as ATS and NOW accounts, were expanded to include lelephone and preauthonzed transier accounts. This
tedetined OCOs for debits data to be consistent with OCDs for deposits data. also shown above.
3. inciuges Money Market Deposit Accounts. ; d
Note: tistoncal Gata are available on request from Publications Secuon. Division of Support Services. Board of Governors of the Federal Reserve System, Washington,",78.0
8,1990s/1994-12-15_491313_December_15_1994.pdf,1994-12-15,1,other_non_table_material,"1, Represents accounts of individuais, partnerships, and corporations and of states and political subdivisions.
2.As of January 1994, other checkable deposits, previously defined as ATS and NOW accounts. were expanded to include telephone and preauthorized transfer accounts. This
redefined OCDs for debits data to be consistent with OCDs for deposits data, also shown above.
3. Includes Money Market Deposit Accounts.
_) Note: Historical data are available on request from Publications Section, Division of Support Services, Board of Governors of the Federal Reserve System, Washington.
(@ERRSER",76.92
8,1990s/1994-12-15_491313_December_15_1994.pdf,1994-12-15,2,other_non_table_material,"1. Represents accounts of individuals, partnerships, and corporations and of states and political subdivisions.
2. AS of January 1994, other checkabie deposits, Previously detined as ATS and NOW accounts. were expanded to include telephone and preauthorized transfer accounts. This
| tedetined OCDs for debits data to be consistent with OCDs for deposits data, also shown above.
3. Includes Money Market Deposit Accounts. é
Note: Historical data are available on request from Publications Section, Division of Support Services, Board of Governors ot the Federal Reserve System, Washington",90.01
8,1990s/1995-01-12_491314_January_12_1995.pdf,1995-01-12,1,footnotes,"1 Represents accounts of ina:viduais, partnerships. anc corporations and of states and political subdivisions
2 As of January 1994. other checxabie deposits. previously detined as ATS ana NOW accounts, were expanded to include telephone and preauthorized transter accounts This
r ) , fedetined OCDs for debits data to be consistent with OCDs for deposits data. also shown above
igitized Roe RASHES Services. Board Governors of Federal Reserve
3.1 Money Market Deposit Accounts",80.73
8,1990s/1995-01-12_491314_January_12_1995.pdf,1995-01-12,2,footnotes,"1, Represents accounts of indiviguais. partnersnips. ano corporations and of states ano politica: subdivisions |
2 As otf January 1994. olner checkable deposits. previously defined as ATS and NOW accounts. were expanded to incluce telephone and preauthorizeo transfer accounts This
redetined OCDs tor debits data to be consistent with OCDs tor aeposits cata. also shown above.
3. Includes Money Market Deposit Accounts rd
igitized for NGA GHiRorica! data are ava:labie on request trom Publications Section. Division of Support Services. Board of Governors of tne Federa’ Reserve System. Washington.",80.11
8,1990s/1995-02-13_491315_February_13_1995.pdf,1995-02-13,1,other_non_table_material,"1. Represents accounts of individuals, partnerships, and corporations and of states and political subdivisions.
2. As of January 1994, other checkable deposits, previously defined as ATS and NOW accounts, were expanded to include telephone and preauthorized transfer accounts. This
redefined OCDs for debits data to be consistent with OCDs for deposits data, also shown above.
| 3. Includes Money Market Deposit Accounts.
e Note: Historical data are available on request from Publications Section, Division of Support Services, Board of Governors of the Federal Reserve System, Washington,
fd0.GRa0SHIR",80.86
8,1990s/1995-02-13_491315_February_13_1995.pdf,1995-02-13,2,other_non_table_material,"1. Represents accounts of individuals, partnerships, and corporations and of states and political subdivisions.
2. As of January 1994, other checkable deposits, previously defined as ATS and NOW accounts, were expanded to include telephone and preauthorized transfer accounts. This
redefined OCDs for debits data to be consistent with OCDs for deposits data, also shown above.
3. Includes Money Market Deposit Accounts. ; ; ; e
Note: Historical data are available on request from Publications Section, Division of Support Services, Board of Governors of the Federal Reserve System, Washington,",90.6
8,1990s/1995-03-16_491316_March_16_1995.pdf,1995-03-16,1,other_non_table_material,"1, Represents accounts of individuals, partnerships, and corporations and of states and political subdivisions.
2. Asof January 1994, other checkable deposits, previously defined as ATS and NOW accounts, were expanded to include telephone and preauthorized transfer accounts. This
redefined OCDs for debits data to be consistent with OCDs for deposits data, also shown above.
3. Includes Money Market Deposit Accounts.
e Note: Historical data are available on request trom Publications Section, Division of Support Services, Board of Governors of the Federal Reserve System, Washington,
f&.G ROSEER",80.46
8,1990s/1995-04-13_491317_April_13_1995.pdf,1995-04-13,1,other_non_table_material,"1. Represents accounts of individuals, partnerships, and corporations and of states and political subdivisions.
2. As of January 1994, other checkable deposits, previously defined as ATS and NOW accounts, were expanded to include telephone and preauthorized transfer accounts. This
redefined OCDs for debits data to be consistent with OCDs tor deposits data, also shown above
3. Includes Money Market Deposit Accounts.
e@ Note: Historical data are available on request from Publications Section, Division of Support Services, Board of Governors of the Federal Reserve System, Washington,
igitizeQ.Be2PKRASER",77.45
8,1990s/1995-05-15_491318_May_15_1995.pdf,1995-05-15,1,footnotes,"1. Represents accounts of individuals, partnerships, and corporations and of states and political subdivisions.
2. As of January 1994, other checkable deposits, previously defined as ATS and NOW accounts, were expanded to include telephone and preauthorized transfer accounts. This
3 redefined OC Ds Hind deen fo be consistent with OCDs for deposits data, also shown above.
. Includes Money Market osit Accounts.
e@ Note: Historical data are available on request from Publications Section, Division of Support Services, Board of Governors of the Federal Reserve System, Washington,
igitized +S PPRSER",78.06
8,1990s/1995-06-15_491319_June_15_1995.pdf,1995-06-15,1,other_non_table_material,"1. Represents accounts of individuals, partnerships, and corporations and of states and political subdivisions.
2. As of January 1994, other checkable deposits, previously defined as ATS and NOW accounts, were expanded to include telephone and preauthorized transfer accounts. This
redefined Ds for debits data to be consistent with OCDs for deposits data, also shown above.
3. Includes Money Market Deposit Accounts.
e@ Note: Historical data are available on request from Publications Section, Division of Support Services, Board of Governors of the Federal Reserve System, Washington,
igitizedQ& RPBSSER",82.66
8,1990s/1995-06-15_491319_June_15_1995.pdf,1995-06-15,2,other_non_table_material,"1. Represents accounts of individuals, partnerships, and corporations and of states and political subdivisions. ; | |
2.As of January 1994, other checkable deposits, previously defined as ATS and NOW accounts, were expanded to include telephone and preauthorized transfer accounts. This |
redefined OCDs for debits data to be consistent with OCDs for deposits data, also shown above. |
3. Includes Money Market Deposit Accounts.
Note: Historical data are available on request from Publications Section, Division of Support Services, Board of Governors of the Federal Reserve System, Washington, @
PE PRB",81.42
8,1990s/1995-07-18_491320_July_18_1995.pdf,1995-07-18,1,other_non_table_material,"1. Represents accounts of individuals, partnerships, and corporations and of states and political subdivisions.
2. As of january 1994, other checkable deposits, previously defined as ATS and NOW accounts, were expanded to include telephone and preauthorized transfer accounts. This
tedetined OCDs for debits data to be consistent with OCDs for deposits data, also shown above.
3. Includes Money Market Deposit Accounts.
@ Note: Historical data are available on request from Publications Section, Division of Support Services, Board of Governors of the Federal Reserve System, Washington,",94.52
8,1990s/1995-07-18_491320_July_18_1995.pdf,1995-07-18,2,other_non_table_material,"1. Represents accounts of individuals, partnerships, and corporations and of states and political subdivisions. .
2.As of January 1994, other checkable deposits, previously defined as ATS and NOW accounts, were expanded to include telephone and preauthorized transfer accounts. This
redefined OCDs tor debits data to be consistent with OCDs for deposits data, also shown above.
3. Includes Money Market Deposit Accounts.
Note: | Historical Gata are available on request from Publications Section, Division of Support Services, Board of Governors of the Federal Reserve System, Washington, r )
for FRASER",92.51
8,1990s/1995-08-15_491321_August_15_1995.pdf,1995-08-15,1,other_non_table_material,"1. Represents accounts of individua!s, partnerships, and corporations and of states and political subdivisions.
2. As ot naa 1994, other checkabie deposits, previously defined as ATS and NOW accounts. were expanded to include telephone and preauthor zed transfer accounts. This
redefined Ds for debits data to be consistent with OCDs for deposits data, also shown above
3. Includes Money Market Deposit Accounts.
e Hoe, dastoneal data are available on request from Publications Section. Division of Support Services. Board of Governors of the Federal Reserve System, Washington,",87.29
8,1990s/1995-08-15_491321_August_15_1995.pdf,1995-08-15,2,other_non_table_material,"1. Represents accounts of individuals, partnerships, ana corporations and of states and political subdivisions
2. As ol January 1994, other checkable deposits, Previousiy defined as ATS ano NOW accounts, were expanded to include telepnone and preauthorized transter accounts. This
reoe'ined OCDs for debits data 10 be consistent with OCDs for deposits data, also shown above.
3. Inciudes Money Market Deposit Accounts.
Note: diisioncal data are available on request trom Publications Section, Division of Support Services, Board of Governors of the Federal Reserve System, Washington, e
for FRASER",88.55
8,1990s/1995-09-15_491322_September_15_1995.pdf,1995-09-15,1,other_non_table_material,"1. Represents accounts of individuals, partnerships, and corporations and of states and political subdivisions.
2. As of January 1994, other checkable deposits, previously defined as ATS and NOW accounts, were expanded to include telephone and preauthorized transfer accounts. This
redefined OCDs for debits data to be consistent with OCDs for deposits data, also shown above.
3. Includes Money Market Deposit Accounts.
e Note: Giistoncal data are available on request from Publications Section, Division of Support Services, Board of Governors of the Federal Reserve System, Washington,
for FRASER",93.41
8,1990s/1995-09-15_491322_September_15_1995.pdf,1995-09-15,2,other_non_table_material,"1. Represents accounts of individuals, partnerships, and corporations and of states and political subdivisions.
2. As of danuary 1994, other checkable deposits, previously defined as ATS and NOW accounts, were expanded to include telephone and preauthorized transfer accounts. This
redetined OCDs for debits data to be consistent with OCDs for deposits data, also shown above.
3. Includes Money Market Deposit Accounts.
Notes, Historical data are available on request trom Publications Section, Division of Support Services, Board of Governors of the Federal Reserve System, Washington, e
for FRASER",92.6
8,1990s/1995-10-12_491323_October_12_1995.pdf,1995-10-12,1,other_non_table_material,"1. Represents accounts of individuals, partnerships, and corporations and of states and political subdivisions.
2. As of January 1994, other checkable deposits, previously defined as ATS and NOW accounts, were expanded to include telephone and preauthorized transfer accounts. This
redefined OCDs for debits data to be consistent with OCDs for deposits data, also shown above.
3. Includes Money Market Deposit Accounts.
e Note: Historical data are available on request from Publications Section, Division of Support Services, Board of Governors of the Federal Reserve System, Washington,
igitize AG 20855ER",87.65
8,1990s/1995-11-14_491324_November_14_1995.pdf,1995-11-14,1,other_non_table_material,"1. Represents accounts of individuals, partnerships, and corporations and of states and political subdivisions.
2.As of January 1994, other checkabie deposits, previously defined as ATS and NOW accounts, were expanded to include telephone and preauthorized transfer accounts. This
redefined OCDs for debits data to be consistent with OCDs for deposits data, also shown above.
3. Includes Money Market Deposit Accounts.
e Note: Historical data are available on request from Publications Section, Division of Support Services, Board of Governors of the Federal Reserve System, Washington,",92.73
8,1990s/1995-11-14_491324_November_14_1995.pdf,1995-11-14,2,other_non_table_material,"1. Represents accounts of individuals, partnerships, and corporations and of states and political subdivisions.
2. As of January 1994, other checkable deposits, previously defined as ATS and NOW accounts, were expanded to include telephone and preauthorized transfer accounts. This
redefined OCDs for debits data to be consistent with OCDs for deposits data, also shown above.
3. Includes Money Market Deposit Accounts.
Note: Historical data are available on request from Publications Section, Division of Support Services, Board of Governors of the Federal Reserve System, Washington,
jigitized PPR",79.76
8,1990s/1995-12-18_491325_December_18_1995.pdf,1995-12-18,2,other_non_table_material,"1, Represents accounts of individuals, partnerships, and corporations and of states and political subdivisions.
2. As of January 1994, other checkable deposits, Previously defined as ATS and NOW accounts, were expanded to include telephone and preauthorized transfer accounts. This
tedefined OCDs for debits data to be consistent with OCDs for deposits data, also shown above.
3. Includes Money Market Deposit Accounts.
Note:, Historical data are avaiable on request from Publications Secton, Division ot Support Services, Board of Governors of the Federal Reserve System, Washington, e",93.14
8,1990s/1996-01-18_491326_January_18_1996.pdf,1996-01-18,1,other_non_table_material,"1, Represents accounts of individuals, partnerships, and corporations and of states and political subdivisions.
2. As of January 1994, other checkable deposits, previously defined as ATS and NOW accounts, were expanded to include telephone and preauthorized transfer accounts. This
e@ redefined OCs for debits data to be consistent with OCDs for deposits data, also shown above.
Digitized Market Deposit Accounts.",93.43
8,1990s/1996-02-20_491327_February_20_1996.pdf,1996-02-20,1,other_non_table_material,"e 1. Represents accounts of individuals. partnerships, and corporations and of states and political subdivisions.
2. Ascot January 1994, other checkabie deposits, Previously defined as ATS and NOW accounts, were expanded to include telephone and preauthorized wansier accounts. This
redefined OCDs for debits data to be consistent with O for deposits data, also shown above.
3. Includes Money Market Deposit Accounts.
Naw: ocean! Gata are available on reques! trom Publications Section. Division of Support Services, Board of Governors of the Federal Reserve Sysiem, Wastungton,
for FRASER",86.45
8,1990s/1996-02-20_491327_February_20_1996.pdf,1996-02-20,2,other_non_table_material,"e
2. yoy Teruel 1084 ther checkatleSepoute, prov Gene’ ae ATS nd NOW aecounis, wore expanded 10 include telephone and preauthorized transter accounts. This
redefined for debks data to be consistent with OCDs for deposits data, also shown above.
3. Includes Money Market Deposit Accounts.
how, {istoncel date are avaiable on request from Publications Section, Division of Support Services, Board of Governors of the Federal Reserve System. Washington,
Jigitized for FRASER ©",72.8
8,1990s/1996-03-13_491328_March_13_1996.pdf,1996-03-13,1,other_non_table_material,"1. Represents accounts of individuals, partnerships, and corporations and of states and political subdivisions.
2. As of January 1994, other checkable deposits, previously defined as ATS and NOW accounts, were expanded to include telephone and preauthorized transfer accounts. This
redefined OCDs for debits data to be consistent with OCDs for deposits data, also shown above.
3. Includes Money Market Deposit Accounts.
Notes, Historical data are available on request from Publications Section, Division of Support Services, Board of Governors of the Federal Reserve System, Washington,",94.52
8,1990s/1996-03-13_491328_March_13_1996.pdf,1996-03-13,2,other_non_table_material,"1, Represents accounts of individuals, partnerships, and corporations and of states and political subdivisions.
2. As of January 1994, other checkable deposits, previously defined as ATS and NOW accounts, were expanded to include telephone and preauthorized transter accounts. This
redefined OCDs for debits data to be consistent with OCDs for deposits data, also shown above.
3. Includes Money Market Deposit Accounts.
Note:, Historical data are available on request from Publications Section, Division of Support Services, Board of Governors of the Federal Reserve System, Washington,
igitized for FRASER ®",92.44
8,1990s/1996-04-18_491329_April_18_1996.pdf,1996-04-18,1,other_non_table_material,"1, Represents accounts of individuals, partnerships, and corporations and of states and political subdivisions.
2. As of January 1994, other checkable deposits, previously defined as ATS and NOW accounts, were expanded to include telephone and preauthorized transfer accounts. This
redefined OCDs tor debits data to be consistent with OCDs for deposits data, also shown above.
r ) 3. Indudes Money Market Deposit Accounts.
trom Publications Section, Division of Services, Board ot Governors of the Federal Reserve System, Washington,",88.33
8,1990s/1996-04-18_491329_April_18_1996.pdf,1996-04-18,2,other_non_table_material,"1. Represents accounts of individuals, partnerships, and corporations and of states and political subdivisions.
2. As of January 1994, other checkable deposits, previously defined as ATS and NOW accounts, were expanded to include telephone and preauthorized transter accounts. This
redefined OCDs for debits data to be consistent with OCDs for deposits data, also shown above. @
3. Includes Money Market Deposit Accounts. ; , ;
data are available on request from Publications Section, Division of Support Services, Board of Governors of the Federal Reserve System, Washington,",87.57
8,1990s/1996-05-20_491330_May_20_1996.pdf,1996-05-20,2,other_non_table_material,"| 1. Represents accounts of individuals, partnerships, and corporations and of states and political subdivisions.
2. As of January 1994, other checkable deposits, previously defined as ATS and NOW accounts, were expanded to include telephone and preauthorized transfer accounts. This
redefined OCDs for debits data to be consistent with OCDs for deposits data, also shown above. of Lg:
3. Includes Money Market Deposit Accounts. ae . j ar eed
\ Hye Histosgal aja ae avajatts.on request from Publications Section, Division of SupportGarvices, Board of Govemorsef the Federal Reserve System, Washington, “~~ - e",80.9
8,1990s/1996-06-19_491331_June_19_1996.pdf,1996-06-19,1,other_non_table_material,"1. Represents accounts of individuals, partnerships, and corporations and of states and political subdivisions.
2. As oy aanuay 1994, other checkable deposits, previously defined as ATS and NOW accounts, were expanded to include telephone and preauthonzed transfer accounts. This
redefined OCDs for debits data to be consistent with OCDs for deposits data, also shown above.
3. Includes Money Market Deposit Accounts. : . on
Note: fistorcal data are available on request from Publications Section, Division of Support Services, Board of Govemors of the Federal Reserve System, Washington, .
@ 2D. . -
for FRASER",83.09
8,1990s/1996-07-18_491332_July_18_1996.pdf,1996-07-18,2,other_non_table_material,"1. Represents accounts of individuals, partnerships, and corporations and of states and political subdivisions.
2. AS of January 1994, other checkable deposits, previously defined as ATS and NOW accounts, were expanded to include telephone and preauthorized transfer accounts. This
redefined OCDs for debits data to be consistent with OCDs for deposits data, also shown above.
3. Includes Money Market Deposit Accounts.
Note: Historical data are available on request from Publications Section, Division of Support Services, Board of Govemors of the Federal Reserve System, Washington,
0.C. 20551. e
for FRASER",93.33
8,1990s/1996-08-22_491333_August_22_1996.pdf,1996-08-22,1,other_non_table_material,"1. Represents accounts of individuals, partnerships, and corporations and of states and political subdivisions.
2. As of January 1994, other checkable deposits, previously defined as ATS and NOW accounts, were expanded to include telephone and preauthorized transfer accounts. This
tedefined OCDs for debits data to be consistent with OCDs for deposits data, also shown above.
r ) 3. Includes Money Market Deposit Accounts. ; ;
igitize Ce AR ASER oa are available on request from Publications Section, Division of Support Services, Board of Governors of the Federal Reserve System, Washington,",87.05
8,1990s/1996-09-16_491334_September_16_1996.pdf,1996-09-16,1,other_non_table_material,"1. Represents accounts of individuals, partnerships, and corporations and of states and political subdivisions.
2. As of January 1994, other checkable deposits, previously defined as ATS and NOW accounts, were expanded to include telephone and preauthorized transfer accounts. This
redefined OCDs for debits data to be consistent with OCDs for deposits data, also shown above.
@ 3. Includes Money Market Deposit Accounts. ;
are available on request from Publications Section, Division of Support Services, Board of Governors of the Federal Reserve System, Washington,",93.12
8,1990s/1996-09-16_491334_September_16_1996.pdf,1996-09-16,2,other_non_table_material,"1. Represents accounts of individuals, partnerships, and corporations and of states and political subdivisions.
2. As of January 1994, other checkable deposits, previously defined as ATS and NOW accounts, were expanded to include telephone and preauthorized transfer accounts. This
redefined OCDs for debits data to be consistent with OCDs for deposits data, also shown above.
3. Includes Money Market Deposit Accounts. . r )
data are available on request from Publications Section, Division of Support Services, Board of Governors of the Federal Reserve System, Washington,",89.13
8,1990s/1996-10-23_491335_October_23_1996.pdf,1996-10-23,1,discontinuation_notice,"EK ii({: =. ——
G.6 October 23, 1996
DEBITS AND DEPOSIT TURNOVER
° AT COMMERCIAL BANKS
Note to Users of the G.6
e Effective September 20, 1996, the Federal Reserve Board has discontinued the Survey of Debits to
Selected Deposit Accounts (FR 2573). Accordingly, this is the final issue of the G.6 statistical
release.
e
e
6
e
CaoAaoral Rocano Rank of St I oiuis CS",72.51
8,1990s/1996-10-23_491335_October_23_1996.pdf,1996-10-23,2,other_non_table_material,"2. ey January 1904, other Checlatle ceposts, ovculy dened es ATS and NOW accounts, were expanded to include telephone and preauthorized transfer accounts. This
1. ‘esents accounts of individuals, $s, and ions and of states and ical subdivisions.
9, owined fox cebits dara to be consistent with ‘Os for deposits data, also shown above.
Note: _(istorica data are avaliable on request from Publications Section, Division of Support Services, Board of Governors of the Federal Reserve System, Washington.",77.7
8,1990s/1996-10-23_491335_October_23_1996.pdf,1996-10-23,3,other_non_table_material,"}: Represents accounts of individuals. partnerships, and corporations and of states and political subdivisions. , ‘ This
| January is 4, other checkath ra Ae Geposits, previously defined as Sand NON Bocounts were expanded to include telephone and preauthorized transfer accounts.
3. Includes Money Market Deposit Accounts.
| Note: Historical data are available on request from Publications Section, Division of Support Services. Board of Governors of the Federal Reserve System, Washington, r }",77.56
