"QYEAR","NEWID","SEQNO","ALCNO","REC_ORIG","PROP_NOG","PROP0NOG","OWNYG","OWNYG_","NEWMRTG","NEWMRTG_","ORGMRTG","ORGMRTG_","QMRTTRMG","QMRT_RMG","MRTPMTG","MRTPMTG_","PAYPRTXG","PAYP_TXG","PAYPRING","PAYP_ING","PAYMRING","PAYM_ING","PAYOTHRG","PAYO_HRG","QESCROWG","QESC_OWG","QPRINM1G","QPRI_M1G","QPRINM2G","QPRI_M2G","QPRINM3G","QPRI_M3G","QADINT1G","QADI_T1G","QADINT2G","QADI_T2G","QADINT3G","QADI_T3G","QRFINDTG","QRFI_DTG","FRSTPYMG","FRST_YMG","FRSTPYRG","FRST_YRG","FIXDRTEG","FIXD_TEG","QNEWDATG","QNEW_ATG","QBLNCM1G","QBLN_M1G","QBLNCM2G","QBLN_M2G","QBLNCM3G","QBLN_M3G","LOAN_NOG","LOAN0NOG","VARRTEG","VARRTEG_","INTONLYG","INTO_LYG","OTHRTEG","OTHRTEG_","PAYMT1G","PAYMT1G_","PAYMT2G","PAYMT2G_","PAYMT3G","PAYMT3G_","PAYPRNPG","PAYP_NPG","PAYINTG","PAYINTG_"
"20131",2512765,24,0,"5","01","D","100","D",0.074,"D",32516,"D",5,"D",650,"D",,"A",,"A",,"A",,"A",0,"D",524,"D",527,"D",531,"D",126,"D",123,"D",119,"D",,"A","09","D","2010","D","1","D",,"A",20407,"D",19882,"D",19355,"D","01","D",,"A",,"A",,"A",.,"A",.,"A",.,"A","1","D","2","D"
"20131",2513405,46,0,"5","01","D","100","D",0.075,"D",82000,"D",15,"D",849,"D",,"B",,"B",,"B",,"B",89,"D",500,"D",504,"D",507,"D",260,"D",256,"D",253,"D",,"A","05","D","2003","D","1","D",,"A",41532,"D",41031,"D",40528,"D","01","D",,"A",,"A",,"A",.,"A",.,"A",.,"A","1","D","2","D"
"20131",2514595,56,0,"5","01","D","100","D",0.0765,"D",25000,"D",15,"D",255,"D",,"B",,"B",,"B",,"B",21,"D",126,"D",127,"D",128,"D",108,"D",107,"D",106,"D",,"A","11","D","2005","D","1","D",,"A",16869,"D",16743,"D",16615,"D","01","D",,"A",,"A",,"A",.,"A",.,"A",.,"A","1","D","2","D"
"20131",2514705,82,0,"5","01","D","100","D",0.0859,"D",69255,"D",10,"D",862,"D",,"A",,"A",,"A",,"A",0,"D",570,"D",574,"D",578,"D",292,"D",288,"D",284,"D",,"A","08","D","2007","D","1","D",,"A",40798,"D",40228,"D",39654,"D","01","D",,"A",,"A",,"A",.,"A",.,"A",.,"A","1","D","2","D"
"20131",2515655,32,0,"5","01","D","100","D",0.0859,"D",47676,"D",15,"D",472,"D",,"A",,"A",,"A",,"A",0,"D",243,"D",245,"D",247,"D",229,"D",227,"D",225,"D",,"A","07","D","2005","D","1","D",,"A",31972,"D",31729,"D",31484,"D","01","D",,"A",,"A",,"A",.,"A",.,"A",.,"A","1","D","2","D"
"20131",2515685,38,0,"5","01","D","100","D",0.0859,"F",8790,"F",5,"F",265,"F",,"B",,"B",,"B",,"B",84,"F",127,"F",128,"F",129,"F",54,"F",53,"F",52,"F",,"A","12","F","2011","F","1","F",,"A",7570,"F",7444,"F",7316,"F","01","D",,"A",,"A",,"A",.,"A",.,"A",.,"A","1","D","2","D"
"20131",2516125,48,0,"5","01","D","100","D",0.0859,"D",34343,"D",20,"D",300,"D",,"A",,"A",,"A",,"A",0,"D",94,"D",95,"D",96,"D",206,"D",205,"D",204,"D",,"A","04","D","2006","D","1","D",,"A",28711,"D",28617,"D",28522,"D","01","D",,"A",,"A",,"A",.,"A",.,"A",.,"A","1","D","2","D"
"20131",2517675,31,0,"5","01","D","100","D",0.0859,"F",22374,"F",5,"F",460,"F",,"C",,"C",,"C",,"C",0,"F",369,"F",371,"F",374,"F",91,"F",89,"F",86,"F",,"A","06","F","2010","F","1","F",,"A",12748,"F",12380,"F",12008,"F","01","D",,"A",,"A",,"A",.,"A",.,"A",.,"A",,"C",,"A"
"20131",2517885,39,0,"5","01","D","100","D",0.058,"D",95000,"D",10,"D",1045,"D",,"A",,"A",,"A",,"A",0,"D",935,"D",940,"D",944,"D",110,"D",105,"D",101,"D",,"A","09","D","2004","D","1","D",,"A",22721,"D",21786,"D",20846,"D","01","D",,"A",,"A",,"A",.,"A",.,"A",.,"A","1","D","2","D"
"20131",2518255,34,0,"5","01","D","100","D",0.0859,"D",8790,"D",5,"D",265,"D",,"B",,"B",,"B",,"B",84,"D",127,"D",128,"D",129,"D",54,"D",53,"D",52,"D",,"A","12","D","2011","D","1","D",,"A",7570,"D",7444,"D",7316,"D","01","D",,"A",,"A",,"A",.,"A",.,"A",.,"A","1","D","2","D"
"20131",2519405,33,0,"5","01","D","100","D",0.0859,"D",52222,"D",10,"D",650,"D",,"A",,"A",,"A",,"A",0,"D",305,"D",307,"D",310,"D",345,"D",343,"D",340,"D",,"A","08","D","2011","D","1","D",,"A",48170,"D",47865,"D",47558,"D","01","D",,"A",,"A",,"A",.,"A",.,"A",.,"A","1","D","2","D"
"20131",2519435,37,0,"5","01","D","100","D",0.05,"D",5000,"D",4,"D",115,"D",,"A",,"A",,"A",,"A",0,"D",99,"D",99,"D",99,"D",16,"D",16,"D",16,"D",,"A","11","D","2011","D","1","D",,"A",3942,"D",3844,"D",3745,"D","01","D",,"A",,"A",,"A",.,"A",.,"A",.,"A","1","D","2","D"
"20131",2519475,43,0,"5","01","D","300","D",0.0859,"D",14539,"D",20,"D",127,"D",,"A",,"A",,"A",,"A",0,"D",0,"D",0,"D",0,"D",127,"D",127,"D",127,"D",,"A","07","D","2008","D","1","D",,"A",14539,"D",14539,"D",14539,"D","01","D",,"A",,"A",,"A",.,"A",.,"A",.,"A",,"A","2","D"
"20131",2520275,60,0,"5","01","D","100","D",0.0859,"D",20000,"D",12,"D",225,"D",,"B",,"B",,"B",,"B",2,"D",108,"D",108,"D",109,"D",115,"D",115,"D",114,"D",,"A","04","D","2009","D","1","D",,"A",16105,"D",15997,"D",15888,"D","01","D",,"A",,"A",,"A",.,"A",.,"A",.,"A","1","D","2","D"
"20131",2521105,41,0,"5","01","D","100","D",0.04,"D",25000,"D",15,"D",215,"D",,"A",,"A",,"A",,"A",30,"D",136,"D",136,"D",137,"D",49,"D",49,"D",48,"D",,"A","09","D","2005","D","1","D",,"A",14631,"D",14495,"D",14358,"D","01","D",,"A",,"A",,"A",.,"A",.,"A",.,"A","1","D","2","D"
"20131",2521125,62,0,"5","01","D","100","D",0.0625,"D",30000,"D",20,"D",775,"D",,"B",,"B",,"B",,"B",556,"D",133,"D",134,"D",135,"D",86,"D",85,"D",84,"D",,"A","09","D","2000","D","1","D",,"A",16459,"D",16326,"D",16192,"D","01","D",,"A",,"A",,"A",.,"A",.,"A",.,"A","1","D","2","D"
"20131",2521335,58,0,"5","01","D","100","D",0.09,"D",25000,"D",20,"D",250,"D",,"B",,"B",,"B",,"B",25,"D",57,"D",58,"D",58,"D",168,"D",167,"D",167,"D",,"A","01","D","2008","D","1","D",,"A",22345,"D",22288,"D",22230,"D","01","D",,"A",,"A",,"A",.,"A",.,"A",.,"A","1","D","2","D"
"20131",2521395,49,0,"5","01","D","100","D",0.0859,"F",22374,"F",5,"F",460,"F",,"C",,"C",,"C",,"C",0,"F",369,"F",371,"F",374,"F",91,"F",89,"F",86,"F",,"A","06","F","2010","F","1","F",,"A",12748,"F",12380,"F",12008,"F","01","D",,"C",,"C",,"C",.,"A",.,"A",.,"A",,"C",,"A"
"20131",2525125,53,0,"5","01","D","100","D",0.08,"D",18000,"D",10,"D",218,"D",,"A",,"A",,"A",,"A",0,"D",180,"D",182,"D",183,"D",117,"D",115,"D",114,"D",,"A","02","D","2009","D","2","D",,"A",12856,"D",12724,"D",12590,"D","01","D",,"A",,"A","3","D",297,"D",297,"D",297,"D","1","D","2","D"
"20131",2526215,35,0,"5","02","D","500","D",0.0575,"F",.,"V",.,"A",.,"A","3","F","4","F",,"A",,"A",0,"F",.,"V",.,"V",.,"V",290,"F",290,"F",290,"F",,"A","02","F","1999","F","2","D",,"A",63347,"F",63057,"F",62767,"F","01","D",,"C",,"C",,"C",.,"T",.,"T",.,"T",,"C",,"A"
"20131",2527835,32,0,"5","01","D","100","D",0.0859,"D",142421,"D",15,"D",1410,"D","3","D","4","D",,"A",,"A",0,"D",494,"D",498,"D",501,"D",916,"D",912,"D",909,"D",,"A","02","D","2010","D","1","D",,"A",127943,"D",127449,"D",126951,"D","01","D",,"A",,"A",,"A",.,"A",.,"A",.,"A","1","D","2","D"
"20131",2528185,43,0,"5","01","D","100","D",0.06,"D",130508,"D",20,"D",935,"D",,"A",,"A",,"A",,"A",0,"D",345,"D",347,"D",348,"D",590,"D",588,"D",587,"D",,"A","07","D","2009","D","1","D",,"A",118035,"D",117690,"D",117344,"D","01","D",,"A",,"A",,"A",.,"A",.,"A",.,"A","1","D","2","D"
"20131",2529005,29,0,"5","01","D","100","D",0.0859,"D",29000,"D",10,"D",500,"D","3","D",,"A",,"A",,"A",139,"D",196,"D",197,"D",198,"D",165,"D",164,"D",163,"D",,"A","01","D","2010","D","1","D",,"A",23118,"D",22923,"D",22726,"D","01","D",,"A",,"A",,"A",.,"A",.,"A",.,"A","1","D","2","D"
"20131",2529495,38,0,"5","01","D","100","D",0.05,"D",100000,"D",15,"D",832,"D",,"B",,"B",,"B",,"B",41,"D",480,"D",482,"D",484,"D",311,"D",309,"D",307,"D",,"A","11","D","2007","D","1","D",,"A",74543,"D",74063,"D",73580,"D","01","D",,"A",,"A",,"A",.,"A",.,"A",.,"A","1","D","2","D"
"20131",2529905,55,0,"5","01","D","100","D",0.13,"D",15600,"D",6,"D",313,"D","3","D","4","D","5","D","6","D",0,"D",.,"A",195,"D",197,"D",.,"A",116,"D",114,"D",,"A","08","D","2010","D","1","D","122012","D",.,"A",10919,"D",10724,"D","01","D",,"A",,"A",,"A",.,"A",.,"A",.,"A","1","D","2","D"
"20131",2529905,76,0,"5","01","D","100","D",0.13,"D",14845,"D",6,"D",298,"D",,"A",,"A",,"A",,"A",0,"D",184,"D",.,"A",.,"A",112,"D",.,"A",.,"A","122012","D","08","D","2010","D","1","D",,"A",10569,"D",.,"A",.,"A","01","D",,"A",,"A",,"A",.,"A",.,"A",.,"A","1","D","2","D"
"20131",2531605,41,0,"5","01","D","100","D",0.08,"D",136033,"D",15,"D",1300,"D",,"A",,"A",,"A",,"A",0,"D",710,"D",715,"D",720,"D",590,"D",585,"D",580,"D",,"A","06","D","2005","D","1","D",,"A",88479,"D",87769,"D",87054,"D","01","D",,"A",,"A",,"A",.,"A",.,"A",.,"A","1","D","2","D"
"20131",2532035,50,0,"5","01","D","100","D",0.08,"F",51000,"F",15,"F",500,"F",,"B",,"B",,"B",,"B",13,"F",160,"F",161,"F",162,"F",327,"F",326,"F",325,"F",,"A","09","F","2011","F","1","F",,"A",49011,"F",48850,"F",48689,"F","01","D",,"A",,"A",,"A",.,"A",.,"A",.,"A","1","D","2","D"
"20131",2532785,64,0,"5","01","D","100","D",0.0859,"D",40000,"D",10,"D",667,"D","3","D","4","D",,"A",,"A",169,"D",276,"D",278,"D",280,"D",222,"D",220,"D",218,"D",,"A","10","D","2009","D","1","D",,"A",31070,"D",30794,"D",30516,"D","01","D",,"A",,"A",,"A",.,"A",.,"A",.,"A","1","D","2","D"
"20131",2532885,31,0,"5","01","D","100","D",0.0675,"F",65000,"F",15,"F",640,"F",,"B",,"B",,"B",,"B",65,"F",437,"F",439,"F",441,"F",138,"F",136,"F",134,"F",,"A","01","F","2002","F","1","F",,"A",24611,"F",24174,"F",23735,"F","01","D",,"A",,"A",,"A",.,"A",.,"A",.,"A","1","D","2","D"
"20131",2533355,39,0,"5","01","D","100","D",0.097,"F",21000,"F",15,"F",228,"F",,"B",,"B",,"B",,"B",6,"F",90,"F",90,"F",91,"F",125,"F",125,"F",124,"F",,"A","05","F","2007","F","1","F",,"A",16378,"F",16289,"F",16198,"F","01","D",,"A",,"A",,"A",.,"A",.,"A",.,"A","1","D","2","D"
"20131",2533455,42,0,"5","01","D","100","D",0.07,"D",85000,"D",15,"D",789,"D",,"B",,"B",,"B",,"B",25,"D",365,"D",367,"D",369,"D",399,"D",397,"D",395,"D",,"A","06","D","2008","D","1","D",,"A",68401,"D",68036,"D",67669,"D","01","D",,"A",,"A",,"A",.,"A",.,"A",.,"A","1","D","2","D"
"20131",2533775,26,0,"5","01","D","100","D",0.0859,"D",309156,"T",10,"D",3334,"T",,"A",,"A",,"A",,"A",0,"D",.,"A",.,"A",.,"A",.,"A",.,"A",.,"A",,"A","07","D","2003","D","2","D",,"A",25268,"D",22188,"D",19085,"D","01","D","1","D",,"A",,"A",.,"C",.,"C",.,"C","1","D","2","D"
"20131",2533825,31,0,"5","01","D","100","D",0.06,"D",12000,"D",6,"D",199,"D",,"A",,"A",,"A",,"A",0,"D",159,"D",160,"D",161,"D",40,"D",39,"D",38,"D",,"A","08","D","2010","D","1","D",,"A",7993,"D",7834,"D",7674,"D","01","D",,"A",,"A",,"A",.,"A",.,"A",.,"A","1","D","2","D"
"20131",2536505,56,0,"5","01","D","100","D",0.0775,"F",14130,"F",15,"F",133,"F",,"A",,"A",,"A",,"A",0,"F",111,"F",112,"F",112,"F",22,"F",21,"F",21,"F",,"A","04","F","2000","F","1","F",,"A",3397,"F",3286,"F",3175,"F","01","D",,"A",,"A",,"A",.,"A",.,"A",.,"A","1","D","2","D"
"20131",2537515,46,0,"5","01","D","100","D",0.065,"D",63138,"D",15,"D",550,"D",,"A",,"A",,"A",,"A",0,"D",275,"D",277,"D",278,"D",275,"D",273,"D",272,"D",,"A","08","D","2008","D","1","D",,"A",50684,"D",50408,"D",50131,"D","01","D",,"A",,"A",,"A",.,"A",.,"A",.,"A","1","D","2","D"
"20131",2538395,39,0,"5","01","D","100","D",0.07,"D",7500,"D",5,"D",240,"D",,"B",,"B",,"B",,"B",91,"D",141,"D",142,"D",142,"D",8,"D",7,"D",7,"D",,"A","10","D","2008","D","1","D",,"A",1410,"D",1269,"D",1128,"D","01","D",,"A",,"A",,"A",.,"A",.,"A",.,"A","1","D","2","D"
"20131",2538825,25,0,"5","01","D","100","D",0.0859,"D",14141,"D",15,"D",140,"D",,"A",,"A",,"A",,"A",0,"D",59,"D",59,"D",59,"D",81,"D",81,"D",81,"D",,"A","02","D","2008","D","1","D",,"A",11365,"D",11307,"D",11248,"D","01","D",,"A",,"A",,"A",.,"A",.,"A",.,"A","1","D","2","D"
"20131",2538905,31,0,"5","01","D","100","D",0.06,"D",20000,"D",15,"D",335,"D",,"B",,"B",,"B",,"B",166,"D",79,"D",80,"D",80,"D",60,"D",60,"D",60,"D",,"A","08","D","2010","D","1","D",,"A",17932,"D",17852,"D",17773,"D","01","D",,"A",,"A",,"A",.,"A",.,"A",.,"A","1","D","2","D"
"20131",2539755,90,0,"5","01","D","100","D",0.0775,"D",14130,"D",15,"D",133,"D",,"A",,"A",,"A",,"A",0,"D",111,"D",112,"D",112,"D",22,"D",21,"D",21,"D",,"A","04","D","2000","D","1","D",,"A",3397,"D",3286,"D",3175,"D","01","D",,"A",,"A",,"A",.,"A",.,"A",.,"A","1","D","2","D"
"20131",2540395,51,0,"5","01","D","100","D",0.0625,"F",30000,"F",20,"F",775,"F",,"B",,"B",,"B",,"B",556,"F",133,"F",134,"F",135,"F",86,"F",85,"F",84,"F",,"A","09","F","2000","F","1","F",,"A",16459,"F",16326,"F",16192,"F","01","D",,"A",,"A",,"A",.,"A",.,"A",.,"A","1","D","2","D"
"20131",2542335,38,0,"5","01","D","100","D",0.063,"F",40000,"F",10,"F",496,"F",,"B",,"B",,"B",,"B",46,"F",339,"F",341,"F",343,"F",111,"F",109,"F",107,"F",,"A","04","F","2007","F","1","F",,"A",21128,"F",20789,"F",20448,"F","01","D",,"A",,"A",,"A",.,"A",.,"A",.,"A","1","D","2","D"
"20131",2543765,32,0,"5","01","D","100","D",0.0859,"D",13838,"D",15,"D",137,"D",,"A",,"A",,"A",,"A",0,"D",105,"D",106,"D",107,"D",32,"D",31,"D",30,"D",,"A","01","D","2001","D","1","D",,"A",4439,"D",4334,"D",4228,"D","01","D",,"A",,"A",,"A",.,"A",.,"A",.,"A","1","D","2","D"
"20131",2545244,30,0,"5","01","D","100","D",0.0859,"D",20000,"D",15,"D",198,"D",,"A",,"A",,"A",,"A",0,"D",56,"D",57,"D",57,"D",142,"D",141,"D",141,"D",,"A","06","D","2012","D","1","D",,"A",19778,"D",19722,"D",19665,"D","01","D",,"A",,"A",,"A",.,"A",.,"A",.,"A","1","D","2","D"
"20131",2547464,31,0,"5","01","D","100","D",0.0775,"F",14130,"F",15,"F",133,"F",,"A",,"A",,"A",,"A",0,"F",111,"F",112,"F",112,"F",22,"F",21,"F",21,"F",,"A","04","F","2000","F","1","F",,"A",3397,"F",3286,"F",3175,"F","01","D",,"A",,"A",,"A",.,"A",.,"A",.,"A","1","D","2","D"
"20131",2548644,20,0,"5","01","D","100","D",0.0859,"F",22374,"F",5,"F",460,"F",,"C",,"C",,"C",,"C",0,"F",369,"F",371,"F",374,"F",91,"F",89,"F",86,"F",,"A","06","F","2010","F","1","F",,"A",12748,"F",12380,"F",12008,"F","01","D",,"A",,"A",,"A",.,"A",.,"A",.,"A",,"C",,"A"
"20131",2551064,21,0,"5","01","D","100","D",0.0859,"D",50000,"D",10,"D",622,"D",,"A",,"A",,"A",,"A",0,"D",0,"D",0,"D",0,"D",118,"D",118,"D",118,"D",,"A","04","D","2007","D","2","D",,"A",50000,"D",50000,"D",50000,"D","01","D","1","D",,"A",,"A",118,"D",118,"D",118,"D",,"A","2","D"
"20131",2551774,41,0,"5","01","D","100","D",0.04,"D",9877,"D",10,"D",100,"D",,"A",,"A",,"A",,"A",0,"D",70,"D",70,"D",71,"D",30,"D",30,"D",29,"D",,"A","09","D","2011","D","1","D",,"A",8987,"D",8917,"D",8847,"D","01","D",,"A",,"A",,"A",.,"A",.,"A",.,"A","1","D","2","D"
"20131",2553554,42,0,"5","01","D","100","D",0.14,"F",4881,"F",15,"F",65,"F",,"A",,"A",,"A",,"A",0,"F",61,"F",61,"F",62,"F",4,"F",4,"F",3,"F",,"A","05","F","1998","F","1","F",,"A",376,"F",315,"F",254,"F","01","D",,"A",,"A",,"A",.,"A",.,"A",.,"A","1","D","2","D"
"20131",2553554,43,0,"5","01","D","100","D",0.0859,"F",13838,"F",15,"F",137,"F",,"A",,"A",,"A",,"A",0,"F",105,"F",106,"F",107,"F",32,"F",31,"F",30,"F",,"A","01","F","2001","F","1","F",,"A",4439,"F",4334,"F",4228,"F","02","D",,"A",,"A",,"A",.,"A",.,"A",.,"A","1","D","2","D"
"20131",2554624,61,0,"5","01","D","100","D",0.0859,"D",25468,"D",10,"D",317,"D",,"A",,"A",,"A",,"A",0,"D",0,"D",0,"D",0,"D",317,"D",317,"D",317,"D",,"A","09","D","2009","D","1","D",,"A",25468,"D",25468,"D",25468,"D","01","D",,"A",,"A",,"A",.,"A",.,"A",.,"A",,"A","2","D"
"20131",2555904,35,0,"5","01","D","200","D",0.08,"D",17789,"D",15,"D",170,"D",,"A",,"A",,"A",,"A",0,"D",95,"D",96,"D",97,"D",75,"D",74,"D",73,"D",,"A","01","D","2005","D","1","D",,"A",11195,"D",11100,"D",11004,"D","01","D",,"A",,"A",,"A",.,"A",.,"A",.,"A","1","D","2","D"
"20131",2556674,59,0,"5","01","D","100","D",0.0859,"F",18000,"F",10,"F",224,"F",,"A",,"A",,"A",,"A",0,"F",188,"F",189,"F",191,"F",174,"F",173,"F",171,"F",,"A","07","F","2010","F","2","F",,"A",15060,"F",14944,"F",14827,"F","01","D",,"A",,"A",,"A",362,"F",362,"F",362,"F","1","D","2","D"
"20131",2557204,38,0,"5","01","D","100","D",0.052,"D",36900,"D",12,"D",345,"D",,"A",,"A",,"A",,"A",0,"D",266,"D",267,"D",268,"D",79,"D",78,"D",77,"D",,"A","11","D","2005","D","1","D",,"A",18193,"D",17927,"D",17660,"D","01","D",,"A",,"A",,"A",.,"A",.,"A",.,"A","1","D","2","D"
"20131",2557304,42,0,"5","01","D","100","D",0.08,"D",30000,"D",15,"D",400,"D",,"B",,"B",,"B",,"B",113,"D",105,"D",106,"D",107,"D",182,"D",181,"D",180,"D",,"A","06","D","2010","D","1","D",,"A",27227,"D",27121,"D",27015,"D","01","D",,"A",,"A",,"A",.,"A",.,"A",.,"A","1","D","2","D"
"20131",2558004,42,0,"5","01","D","100","D",0.0859,"D",71500,"D",5,"D",1470,"D",,"A",,"A",,"A",,"A",0,"D",0,"D",0,"D",0,"D",220,"D",220,"D",220,"D",,"A","03","D","2008","D","2","D",,"A",71500,"D",71500,"D",71500,"D","01","D","1","D",,"A",,"A",220,"D",220,"D",220,"D",,"A","2","D"
"20131",2558934,56,0,"5","01","D","100","D",0.045,"D",28000,"D",5,"D",549,"D",,"B",,"B",,"B",,"B",27,"D",461,"D",463,"D",465,"D",61,"D",59,"D",57,"D",,"A","08","D","2010","D","1","D",,"A",16175,"D",15713,"D",15250,"D","01","D",,"A",,"A",,"A",.,"A",.,"A",.,"A","1","D","2","D"
"20131",2559424,80,0,"5","01","D","100","D",0.08,"D",26000,"D",15,"D",250,"D",,"B",,"B",,"B",,"B",2,"D",125,"D",125,"D",126,"D",123,"D",123,"D",122,"D",,"A","06","D","2006","D","1","D",,"A",18518,"D",18394,"D",18268,"D","01","D",,"A",,"A",,"A",.,"A",.,"A",.,"A","1","D","2","D"
"20131",2559684,28,0,"5","01","D","100","D",0.0859,"D",33665,"D",6,"D",600,"D",,"A",,"A",,"A",,"A",0,"D",488,"D",491,"D",495,"D",112,"D",109,"D",105,"D",,"A","04","D","2009","D","1","D",,"A",15662,"D",15175,"D",14683,"D","01","D",,"A",,"A",,"A",.,"A",.,"A",.,"A","1","D","2","D"
"20131",2559854,32,0,"5","01","D","100","D",0.0859,"D",3030,"D",15,"D",30,"D",,"A",,"A",,"A",,"A",0,"D",0,"D",0,"D",0,"D",30,"D",30,"D",30,"D",,"A","07","D","2002","D","1","D",,"A",3030,"D",3030,"D",3030,"D","01","D",,"A","2","D",,"A",.,"A",.,"A",.,"A",,"A","2","D"
"20131",2561114,37,0,"5","01","D","100","D",0.0859,"F",8790,"F",5,"F",265,"F",,"B",,"B",,"B",,"B",84,"F",127,"F",128,"F",129,"F",54,"F",53,"F",52,"F",,"A","12","F","2011","F","1","F",,"A",7570,"F",7444,"F",7316,"F","01","D",,"A",,"A",,"A",.,"A",.,"A",.,"A","1","D","2","D"
"20131",2561134,59,0,"5","01","D","100","D",0.05,"D",30000,"D",10,"D",380,"D",,"B",,"B",,"B",,"B",62,"D",213,"D",214,"D",215,"D",105,"D",104,"D",103,"D",,"A","11","D","2010","D","1","D",,"A",25139,"D",24926,"D",24712,"D","01","D",,"A",,"A",,"A",.,"A",.,"A",.,"A","1","D","2","D"
"20131",2561534,31,0,"5","01","D","100","D",0.045,"D",25000,"D",15,"D",396,"D",,"B",,"B",,"B",,"B",205,"D",136,"D",136,"D",137,"D",55,"D",55,"D",54,"D",,"A","06","D","2005","D","1","D",,"A",14748,"D",14612,"D",14476,"D","01","D",,"A",,"A",,"A",.,"A",.,"A",.,"A","1","D","2","D"
"20131",2562284,39,0,"5","01","D","100","D",0.09,"D",64000,"D",15,"D",729,"D","3","D","4","D",,"A",,"A",80,"D",215,"D",216,"D",218,"D",434,"D",433,"D",431,"D",,"A","03","D","2010","D","1","D",,"A",57913,"D",57699,"D",57483,"D","01","D",,"A",,"A",,"A",.,"A",.,"A",.,"A","1","D","2","D"
"20131",2564724,23,0,"5","01","D","100","D",0.0437,"D",21500,"D",15,"D",300,"D",,"B",,"B",,"B",,"B",137,"D",150,"D",150,"D",151,"D",13,"D",13,"D",12,"D",,"A","10","D","1999","D","1","D",,"A",3601,"D",3452,"D",3301,"D","01","D",,"A",,"A",,"A",.,"A",.,"A",.,"A","1","D","2","D"
"20131",2564834,38,0,"1","01","D","200","D",0.0875,"F",20000,"F",.,"A",.,"A","3","F",,"A",,"A",,"A",.,"A",21,"F",21,"F",21,"F",8,"F",8,"F",8,"F",,"A","12","F","2005","D","2","D",,"A",18652,"F",18630,"F",18609,"F","01","D",,"C",,"C",,"C",157,"F",157,"F",157,"F",,"C",,"A"
"20131",2565674,34,0,"5","01","D","100","D",0.0859,"F",22374,"F",5,"F",460,"F",,"C",,"C",,"C",,"C",0,"F",369,"F",371,"F",374,"F",91,"F",89,"F",86,"F",,"A","06","F","2010","F","1","F",,"A",12748,"F",12380,"F",12008,"F","01","D",,"A",,"A",,"A",.,"A",.,"A",.,"A",,"C",,"A"
"20131",2565834,33,0,"5","01","D","100","D",0.09,"F",25000,"F",20,"F",250,"F",,"B",,"B",,"B",,"B",25,"F",57,"F",58,"F",58,"F",168,"F",167,"F",167,"F",,"A","01","F","2008","F","1","F",,"A",22345,"F",22288,"F",22230,"F","01","D","1","D",,"A",,"A",.,"A",.,"A",.,"A","1","D","2","D"
"20131",2566084,57,0,"5","01","D","100","D",0.0859,"D",9962,"D",10,"D",124,"D",,"A",,"A",,"A",,"A",0,"D",81,"D",82,"D",83,"D",43,"D",42,"D",41,"D",,"A","10","D","2007","D","1","D",,"A",5950,"D",5868,"D",5786,"D","01","D",,"A",,"A",,"A",.,"A",.,"A",.,"A","1","D","2","D"
"20131",2568014,44,0,"5","01","D","100","D",0.0859,"D",9192,"D",15,"D",91,"D",,"A",,"A",,"A",,"A",0,"D",72,"D",72,"D",73,"D",19,"D",19,"D",18,"D",,"A","09","D","2000","D","1","D",,"A",2667,"D",2595,"D",2523,"D","01","D",,"A",,"A",,"A",.,"A",.,"A",.,"A","1","D","2","D"
"20131",2568134,25,0,"5","01","D","100","D",0.04,"F",50000,"F",10,"F",525,"F",,"B",,"B",,"B",,"B",19,"F",464,"F",466,"F",467,"F",42,"F",40,"F",39,"F",,"A","01","F","2005","F","1","F",,"A",12612,"F",12148,"F",11683,"F","01","D",,"A",,"A",,"A",.,"A",.,"A",.,"A","1","D","2","D"
"20131",2568324,32,0,"5","01","D","100","D",.,"C",30000,"D",15,"D",75,"D",,"A",,"A",,"A",,"A",.,"B",.,"A",.,"A",.,"A",.,"A",.,"A",.,"A",,"A","06","D","2013","D","1","D",,"A",.,"A",.,"A",.,"A","01","D",,"A",,"A",,"A",.,"A",.,"A",.,"A","1","D","2","D"
"20131",2570594,56,0,"5","01","D","100","D",0.0859,"D",12593,"D",7,"D",200,"D",,"A",,"A",,"A",,"A",0,"D",196,"D",197,"D",199,"D",4,"D",3,"D",1,"D",,"A","03","D","2006","D","1","D",,"A",591,"D",396,"D",198,"D","01","D",,"A",,"A",,"A",.,"A",.,"A",.,"A","1","D","2","D"
"20131",2570884,66,0,"5","01","D","100","D",0.065,"D",15333,"D",5,"D",300,"D",,"A",,"A",,"A",,"A",0,"D",255,"D",256,"D",258,"D",45,"D",44,"D",42,"D",,"A","06","D","2010","D","1","D",,"A",8287,"D",8032,"D",7775,"D","01","D",,"A",,"A",,"A",.,"A",.,"A",.,"A","1","D","2","D"
"20131",2571954,29,0,"5","01","D","100","D",0.0859,"F",52222,"F",10,"F",650,"F",,"A",,"A",,"A",,"A",0,"F",305,"F",307,"F",310,"F",345,"F",343,"F",340,"F",,"A","08","F","2011","F","1","F",,"A",48170,"F",47865,"F",47558,"F","01","D",,"A",,"A",,"A",.,"A",.,"A",.,"A","1","D","2","D"
"20131",2572204,52,0,"5","01","D","100","D",0.06,"F",80000,"F",10,"F",888,"F",,"A",,"A",,"A",,"A",0,"F",404,"F",406,"F",408,"F",172,"F",170,"F",168,"F",,"A","10","F","2008","F","2","F",,"A",52971,"F",52348,"F",51721,"F","01","D",,"A",,"A",,"A",576,"F",576,"F",576,"F","1","D","2","D"
"20131",2574084,22,0,"5","01","D","100","D",0.0859,"F",9192,"F",15,"F",91,"F",,"A",,"A",,"A",,"A",0,"F",72,"F",72,"F",73,"F",19,"F",19,"F",18,"F",,"A","09","F","2000","F","1","F",,"A",2667,"F",2595,"F",2523,"F","01","D",,"A",,"A",,"A",.,"A",.,"A",.,"A","1","D","2","D"
"20131",2574554,30,0,"5","01","D","100","D",0.0859,"F",22374,"F",5,"F",460,"F",,"C",,"C",,"C",,"C",0,"F",369,"F",371,"F",374,"F",91,"F",89,"F",86,"F",,"A","06","F","2010","F","1","F",,"A",12748,"F",12380,"F",12008,"F","01","D",,"A",,"A",,"A",.,"A",.,"A",.,"A",,"C",,"A"
"20131",2576324,48,0,"5","01","D","100","D",0.109,"D",11000,"D",15,"D",247,"D",,"B",,"B",,"B",,"B",123,"D",26,"D",26,"D",27,"D",98,"D",98,"D",97,"D",,"A","03","D","2012","D","1","D",,"A",10775,"D",10749,"D",10723,"D","01","D",,"A",,"A",,"A",.,"A",.,"A",.,"A","1","D","2","D"
"20131",2577764,51,0,"5","01","D","100","D",0.0859,"D",13000,"D",7,"D",348,"D",,"B",,"B",,"B",,"B",142,"D",161,"D",162,"D",164,"D",45,"D",44,"D",42,"D",,"A","10","D","2008","D","1","D",,"A",6239,"D",6078,"D",5915,"D","01","D",,"A",,"A",,"A",.,"A",.,"A",.,"A","1","D","2","D"
"20131",2578963,75,0,"5","01","D","100","D",0.0859,"D",35311,"D",5,"D",726,"D",,"A",,"A",,"A",,"A",0,"D",639,"D",643,"D",648,"D",87,"D",83,"D",78,"D",,"A","04","D","2009","D","1","D",,"A",12220,"D",11581,"D",10938,"D","01","D",,"A",,"A",,"A",.,"A",.,"A",.,"A","1","D","2","D"
"20131",2579003,44,0,"5","01","D","100","D",0.09,"D",30629,"D",10,"D",388,"D",,"A",,"A",,"A",,"A",0,"D",327,"D",329,"D",332,"D",61,"D",59,"D",56,"D",,"A","09","D","2004","D","1","D",,"A",8168,"D",7841,"D",7512,"D","01","D",,"A",,"A",,"A",.,"A",.,"A",.,"A","1","D","2","D"
"20131",2579143,55,0,"5","01","D","100","D",0.0859,"F",58000,"F",14,"F",664,"F",,"B",,"B",,"B",,"B",69,"F",423,"F",426,"F",429,"F",172,"F",169,"F",166,"F",,"A","10","F","2002","F","1","F",,"A",23998,"F",23575,"F",23149,"F","01","D",,"A",,"A",,"A",.,"A",.,"A",.,"A","1","D","2","D"
"20131",2580153,27,0,"5","01","D","100","D",0.0675,"F",65000,"F",15,"F",640,"F",,"B",,"B",,"B",,"B",65,"F",437,"F",439,"F",441,"F",138,"F",136,"F",134,"F",,"A","01","F","2002","F","1","F",,"A",24611,"F",24174,"F",23735,"F","01","D",,"A",,"A",,"A",.,"A",.,"A",.,"A","1","D","2","D"
"20131",2581693,23,0,"5","01","D","100","D",0.0449,"D",80000,"D",10,"D",829,"D",,"A",,"A",,"A",,"A",0,"D",569,"D",572,"D",574,"D",231,"D",228,"D",226,"D",,"A","05","D","2010","D","2","D",,"A",63816,"D",63226,"D",62634,"D","01","D","1","D",,"A",,"A",800,"D",800,"D",800,"D","1","D","2","D"
"20131",2581963,39,0,"5","01","D","100","D",0.04,"D",40000,"D",20,"D",242,"D",,"A",,"A",,"A",,"A",0,"D",118,"D",118,"D",118,"D",124,"D",124,"D",124,"D",,"A","10","D","2010","D","1","D",,"A",37290,"D",37172,"D",37054,"D","01","D",,"A",,"A",,"A",.,"A",.,"A",.,"A","1","D","2","D"
"20131",2582843,49,0,"5","01","D","100","D",0.0613,"D",61339,"D",10,"D",685,"D",,"A",,"A",,"A",,"A",0,"D",0,"D",0,"D",0,"D",685,"D",685,"D",685,"D",,"A","07","D","2006","D","1","D",,"A",61339,"D",61339,"D",61339,"D","01","D",,"A",,"A",,"A",.,"A",.,"A",.,"A",,"A","2","D"
"20131",2585013,45,0,"5","01","D","100","D",0.0859,"D",68094,"D",5,"D",1400,"D",,"A",,"A",,"A",,"A",0,"D",932,"D",939,"D",946,"D",468,"D",461,"D",454,"D",,"A","07","D","2012","D","1","D",,"A",65337,"D",64404,"D",63465,"D","01","D",,"A",,"A",,"A",.,"A",.,"A",.,"A","1","D","2","D"
"20131",2585473,36,0,"5","01","D","100","D",0.05,"D",53000,"D",15,"D",560,"D",,"B",,"B",,"B",,"B",141,"D",.,"A",289,"D",291,"D",.,"A",130,"D",128,"D",,"A","04","D","2005","D","1","D","112012","D",.,"A",31126,"D",30837,"D","01","D",,"A",,"A",,"A",.,"A",.,"A",.,"A","1","D","2","D"
"20131",2585473,52,0,"5","01","D","100","D",0.0859,"D",53000,"D",15,"D",621,"D",,"A",,"A","5","D",,"A",96,"D",279,"D",.,"A",.,"A",246,"D",.,"A",.,"A","112012","D","03","D","2005","D","1","D",,"A",34412,"D",.,"A",.,"A","01","D",,"A",,"A",,"A",.,"A",.,"A",.,"A","1","D","2","D"
"20131",2588043,58,0,"5","01","D","100","D",0.058,"F",95000,"F",10,"F",1045,"F",,"A",,"A",,"A",,"A",0,"F",935,"F",940,"F",944,"F",110,"F",105,"F",101,"F",,"A","09","F","2004","F","1","F",,"A",22721,"F",21786,"F",20846,"F","01","D","1","D",,"A",,"A",.,"A",.,"A",.,"A","1","D","2","D"
"20131",2588063,29,0,"5","01","D","100","D",0.08,"D",51000,"D",15,"D",500,"D",,"B",,"B",,"B",,"B",13,"D",160,"D",161,"D",162,"D",327,"D",326,"D",325,"D",,"A","09","D","2011","D","1","D",,"A",49011,"D",48850,"D",48689,"D","01","D",,"A",,"A",,"A",.,"A",.,"A",.,"A","1","D","2","D"
"20131",2588173,66,0,"5","01","D","100","D",0.0859,"F",47676,"F",15,"F",472,"F",,"A",,"A",,"A",,"A",0,"F",243,"F",245,"F",247,"F",229,"F",227,"F",225,"F",,"A","07","F","2005","F","1","F",,"A",31972,"F",31729,"F",31484,"F","01","D",,"A",,"A",,"A",.,"A",.,"A",.,"A","1","D","2","D"
"20131",2588533,33,0,"5","01","D","100","D",0.0859,"D",58000,"D",14,"D",664,"D",,"B",,"B",,"B",,"B",69,"D",423,"D",426,"D",429,"D",172,"D",169,"D",166,"D",,"A","10","D","2002","D","1","D",,"A",23998,"D",23575,"D",23149,"D","01","D",,"A",,"A",,"A",.,"A",.,"A",.,"A","1","D","2","D"
"20131",2589003,38,0,"5","01","D","100","D",0.0859,"D",18500,"D",10,"D",230,"D",,"A",,"A",,"A",,"A",0,"D",189,"D",191,"D",192,"D",41,"D",39,"D",38,"D",,"A","01","D","2005","D","1","D",,"A",5670,"D",5480,"D",5290,"D","01","D",,"A",,"A",,"A",.,"A",.,"A",.,"A","1","D","2","D"
"20131",2594063,48,0,"5","01","D","100","D",0.05,"F",110585,"F",8,"F",1400,"F",,"A",,"A",,"A",,"A",0,"F",1381,"V",1389,"V",1397,"V",295,"F",291,"F",286,"F",,"A","07","F","2009","F","1","F",,"A",70900,"F",69796,"F",68687,"F","01","D",,"A",,"A",,"A",.,"A",.,"A",.,"A","1","D","2","D"
"20131",2594863,32,0,"5","01","D","100","D",0.0859,"D",164541,"D",10,"D",3334,"T","3","D","4","D",,"A",,"A",0,"D",883,"D",889,"D",895,"D",1165,"D",1159,"D",1153,"D",,"A","09","D","2012","D","1","D",,"A",162794,"D",161912,"D",161023,"D","01","D",,"A",,"A",,"A",.,"A",.,"A",.,"A","1","D","2","D"
"20131",2597173,36,0,"5","01","D","100","D",0.0859,"F",33665,"F",6,"F",600,"F",,"A",,"A",,"A",,"A",0,"F",488,"F",491,"F",495,"F",112,"F",109,"F",105,"F",,"A","04","F","2009","F","1","F",,"A",15662,"F",15175,"F",14683,"F","01","D",,"A",,"A",,"A",.,"A",.,"A",.,"A","1","D","2","D"
"20131",2597723,54,0,"5","02","D","200","D",0.06,"D",7204,"D",1,"D",620,"D",,"C",,"C",,"C",,"C",0,"D",.,"A",.,"A",.,"A",.,"A",.,"A",.,"A",,"A","02","D","2006","D","1","D",,"A",.,"A",.,"A",.,"A","01","D",,"A",,"A",,"A",.,"A",.,"A",.,"A",,"C",,"A"
"20131",2599053,53,0,"5","01","D","100","D",0.0859,"F",20000,"F",12,"F",225,"F",,"B",,"B",,"B",,"B",2,"F",108,"F",108,"F",109,"F",115,"F",115,"F",114,"F",,"A","04","F","2009","F","1","F",,"A",16105,"F",15997,"F",15888,"F","01","D",,"A",,"A",,"A",.,"A",.,"A",.,"A","1","D","2","D"
"20131",2599333,32,0,"5","01","D","100","D",0.0859,"D",4000,"D",15,"D",125,"D",,"B",,"B",,"B",,"B",85,"D",15,"D",15,"D",16,"D",25,"D",25,"D",24,"D",,"A","05","D","2009","D","1","D",,"A",3445,"D",3430,"D",3415,"D","01","D",,"A",,"A",,"A",.,"A",.,"A",.,"A","1","D","2","D"
"20131",2600803,75,0,"5","01","D","100","D",0.05,"D",5000,"D",15,"D",40,"D",,"A",,"A",,"A",,"A",0,"D",32,"D",32,"D",32,"D",23,"D",23,"D",23,"D",,"A","08","D","2008","D","2","D",,"A",3939,"D",3916,"D",3893,"D","01","D","1","D",,"A",,"A",55,"D",55,"D",55,"D","1","D","2","D"
"20131",2600943,37,0,"5","01","D","100","D",0.0859,"D",84106,"D",9,"D",1147,"D",,"B",,"B",,"B",,"B",26,"D",.,"A",.,"A",.,"A",.,"A",.,"A",.,"A",,"A","06","D","2001","D","1","D",,"A",.,"A",.,"A",.,"A","01","D",,"A",,"A",,"A",.,"A",.,"A",.,"A","1","D","2","D"
"20131",2600943,38,0,"5","01","D","100","D",0.0859,"F",22374,"F",5,"F",460,"F",,"C",,"C",,"C",,"C",0,"F",369,"F",371,"F",374,"F",91,"F",89,"F",86,"F",,"A","06","F","2010","F","1","F",,"A",12748,"F",12380,"F",12008,"F","02","D",,"A",,"A",,"A",.,"A",.,"A",.,"A",,"C",,"A"
"20131",2601163,61,0,"5","01","D","100","D",0.065,"D",15412,"D",10,"D",175,"D",,"A",,"A",,"A",,"A",0,"D",92,"D",92,"D",93,"D",83,"D",83,"D",82,"D",,"A","11","D","2012","D","1","D","112012","D",15412,"D",15320,"D",15228,"D","01","D",,"A",,"A",,"A",.,"A",.,"A",.,"A","1","D","2","D"
"20131",2602453,38,0,"5","01","D","100","D",0.0859,"D",19942,"D",5,"D",410,"D",,"A",,"A",,"A",,"A",0,"D",317,"D",319,"D",322,"D",93,"D",91,"D",88,"D",,"A","12","D","2010","D","1","D",,"A",12971,"D",12654,"D",12335,"D","01","D",,"A",,"A",,"A",.,"A",.,"A",.,"A","1","D","2","D"
"20131",2602873,56,0,"5","01","D","100","D",0.0859,"D",75000,"D",17,"D",700,"D",,"A",,"A",,"A",,"A",0,"D",205,"D",206,"D",208,"D",495,"D",494,"D",492,"D",,"A","04","D","2010","D","1","D",,"A",69157,"D",68952,"D",68746,"D","01","D",,"A",,"A",,"A",.,"A",.,"A",.,"A","1","D","2","D"
"20131",2605083,25,0,"5","01","D","100","D",0.0859,"D",15000,"D",18,"D",143,"D",,"B",,"B",,"B",,"B",6,"D",51,"D",51,"D",51,"D",86,"D",86,"D",86,"D",,"A","09","D","2006","D","1","D",,"A",12072,"D",12022,"D",11971,"D","01","D",,"A",,"A",,"A",.,"A",.,"A",.,"A","1","D","2","D"
"20131",2605383,33,0,"5","01","D","100","D",0.0859,"D",309156,"T",10,"D",3334,"T",,"A",,"A",,"A",,"A",0,"D",1381,"T",1389,"T",1397,"T",1637,"D",1627,"D",1617,"D",,"A","04","D","2012","D","1","D",,"A",231876,"T",229892,"T",227896,"T","01","D",,"A",,"A",,"A",.,"A",.,"A",.,"A","1","D","2","D"
"20131",2607893,46,0,"5","01","D","100","D",0.062,"D",309156,"T",20,"D",3334,"T",,"A",,"A",,"A",,"A",0,"D",1381,"T",1389,"T",1397,"T",217,"D",207,"D",197,"D",,"A","09","D","1994","D","1","D",,"A",42014,"D",40120,"D",38216,"D","01","D",,"A",,"A",,"A",.,"A",.,"A",.,"A","1","D","2","D"
"20131",2609193,42,0,"5","01","D","100","D",0.0675,"D",5000,"D",5,"D",98,"D",,"A",,"A",,"A",,"A",0,"D",0,"D",0,"D",0,"D",0,"D",0,"D",0,"D",,"A","07","D","2010","D","2","D",,"A",2793,"D",2710,"D",2627,"D","01","D",,"A",,"A","3","D",0,"D",0,"D",0,"D","1","D","2","D"
"20131",2610053,31,0,"5","01","D","100","D",0.0675,"D",65000,"D",15,"D",640,"D",,"B",,"B",,"B",,"B",65,"D",437,"D",439,"D",441,"D",138,"D",136,"D",134,"D",,"A","01","D","2002","D","1","D",,"A",24611,"D",24174,"D",23735,"D","01","D",,"A",,"A",,"A",.,"A",.,"A",.,"A","1","D","2","D"
"20131",2610583,42,0,"5","01","D","100","D",0.059,"D",309156,"T",20,"D",1864,"D",,"A",,"A",,"A",,"A",0,"D",1381,"T",1389,"T",1397,"T",683,"D",677,"D",671,"D",,"A","09","D","2000","D","1","D",,"A",138859,"D",137677,"D",136490,"D","01","D",,"A",,"A",,"A",.,"A",.,"A",.,"A","1","D","2","D"
"20131",2612623,35,0,"5","01","D","100","D",0.0859,"F",20000,"F",15,"F",198,"F",,"A",,"A",,"A",,"A",0,"F",56,"F",57,"F",57,"F",142,"F",141,"F",141,"F",,"A","06","F","2012","F","1","F",,"A",19778,"F",19722,"F",19665,"F","01","D",,"A",,"A",,"A",.,"A",.,"A",.,"A","1","D","2","D"
"20131",2612683,38,0,"5","01","D","100","D",0.0859,"D",11650,"D",10,"D",145,"D",,"A",,"A",,"A",,"A",0,"D",.,"A",62,"D",62,"D",.,"A",83,"D",83,"D",,"A","01","D","2013","D","1","D",,"A",.,"A",11650,"D",11588,"D","01","D",,"A",,"A",,"A",.,"A",.,"A",.,"A","1","D","2","D"
"20131",2613193,33,0,"1","01","D","100","D",0.0859,"D",3472,"D",1,"D",303,"D",,"A",,"A",,"A",,"A",0,"D",280,"D",282,"D",284,"D",23,"D",21,"D",19,"D",,"A","09","D","2012","D","1","D",,"A",3194,"D",2914,"D",2632,"D","01","D",,"A",,"A",,"A",.,"A",.,"A",.,"A","1","D","2","D"
"20131",2614212,46,0,"1","01","D","100","D",0.09,"F",64000,"F",15,"F",729,"F","3","F","4","F",,"A",,"A",80,"F",215,"F",216,"F",218,"F",434,"F",433,"F",431,"F",,"A","03","F","2010","F","1","F",,"A",57913,"F",57699,"F",57483,"F","01","D",,"A",,"A",,"A",.,"A",.,"A",.,"A","1","D","2","D"
"20131",2614262,37,0,"5","01","D","100","D",0.063,"D",40000,"D",10,"D",496,"D",,"B",,"B",,"B",,"B",46,"D",339,"D",341,"D",343,"D",111,"D",109,"D",107,"D",,"A","04","D","2007","D","1","D",,"A",21128,"D",20789,"D",20448,"D","01","D",,"A",,"A",,"A",.,"A",.,"A",.,"A","1","D","2","D"
"20131",2615892,38,0,"5","01","D","100","D",0.0859,"D",6829,"D",10,"D",85,"D",,"A",,"A",,"A",,"A",0,"D",0,"D",0,"D",0,"D",85,"D",85,"D",85,"D",,"A","07","D","2005","D","1","D",,"A",6829,"D",6829,"D",6829,"D","01","D",,"A",,"A",,"A",.,"A",.,"A",.,"A",,"A","2","D"
"20131",2616122,49,0,"5","01","D","100","D",0.0859,"D",30000,"D",5,"D",617,"D","3","D",,"A",,"A",,"A",0,"D",.,"A",.,"A",423,"D",.,"A",.,"A",194,"D",,"A","05","D","2012","D","1","D","122012","D",.,"A",.,"A",27123,"D","01","D",,"A",,"A",,"A",.,"A",.,"A",.,"A","1","D","2","D"
"20131",2616122,74,0,"5","01","D","100","D",0.045,"D",30000,"D",5,"D",1000,"D",,"B",,"B",,"B",,"B",441,"D",455,"D",457,"D",.,"A",104,"D",102,"D",.,"A","122012","D","05","D","2012","D","1","D",,"A",27751,"D",27296,"D",.,"A","01","D",,"A",,"A",,"A",.,"A",.,"A",.,"A","1","D","2","D"
"20131",2617222,43,0,"5","01","D","100","D",0.0859,"D",20202,"D",15,"D",200,"D",,"A",,"A",,"A",,"A",0,"D",164,"D",165,"D",166,"D",36,"D",35,"D",34,"D",,"A","02","D","2000","D","1","D",,"A",5059,"D",4896,"D",4731,"D","01","D",,"A",,"A",,"A",.,"A",.,"A",.,"A","1","D","2","D"
"20131",2620172,25,0,"1","01","D","100","D",0.0859,"F",309156,"V",10,"F",3334,"V",,"A",,"A",,"A",,"A",0,"F",1381,"V",1389,"V",1397,"V",1637,"F",1627,"F",1617,"F",,"A","04","F","2012","F","1","F",,"A",231876,"V",229892,"V",227896,"V","01","D",,"A",,"A",,"A",.,"A",.,"A",.,"A","1","D","2","D"
"20131",2621112,40,0,"5","02","D","200","D",0.0859,"D",100000,"D",10,"D",1245,"D",,"A",,"A",,"A",,"A",0,"D",0,"D",0,"D",0,"D",884,"D",884,"D",884,"D",,"A","12","D","2010","D","2","D",,"A",100000,"D",100000,"D",100000,"D","01","D","1","D",,"A",,"A",930,"D",930,"D",930,"D",,"A","2","D"
"20131",2621152,25,0,"5","01","D","100","D",0.05,"D",110585,"D",8,"D",1400,"D",,"A",,"A",,"A",,"A",0,"D",1381,"T",1389,"T",1397,"T",295,"D",291,"D",286,"D",,"A","07","D","2009","D","1","D",,"A",70900,"D",69796,"D",68687,"D","01","D",,"A",,"A",,"A",.,"A",.,"A",.,"A","1","D","2","D"
"20131",2621922,42,0,"5","01","D","100","D",0.0859,"F",35311,"F",5,"F",726,"F",,"A",,"A",,"A",,"A",0,"F",639,"F",643,"F",648,"F",87,"F",83,"F",78,"F",,"A","04","F","2009","F","1","F",,"A",12220,"F",11581,"F",10938,"F","01","D",,"A",,"A",,"A",.,"A",.,"A",.,"A","1","D","2","D"
"20131",2622082,56,0,"5","01","D","100","D",0.0649,"D",35000,"D",15,"D",409,"D",,"B",,"B",,"B",,"B",104,"D",131,"D",132,"D",132,"D",174,"D",173,"D",173,"D",,"A","11","D","2010","D","1","D",,"A",32174,"D",32043,"D",31912,"D","01","D",,"A",,"A",,"A",.,"A",.,"A",.,"A","1","D","2","D"
"20131",2623382,51,0,"5","01","D","100","D",0.0859,"D",10000,"D",10,"D",200,"D",,"B",,"B",,"B",,"B",76,"D",80,"D",80,"D",81,"D",40,"D",40,"D",39,"D",,"A","11","D","2007","D","1","D",,"A",6169,"D",6089,"D",6008,"D","01","D",,"A",,"A",,"A",.,"A",.,"A",.,"A","1","D","2","D"
"20131",2623762,29,0,"5","01","D","100","D",0.06,"D",6000,"D",15,"D",100,"D",,"B",,"B",,"B",,"B",49,"D",23,"D",23,"D",24,"D",28,"D",28,"D",27,"D",,"A","01","D","2011","D","1","D",,"A",5536,"D",5513,"D",5489,"D","01","D",,"A",,"A",,"A",.,"A",.,"A",.,"A","1","D","2","D"
"20131",2625602,50,0,"5","01","D","100","D",0.04,"D",50000,"D",10,"D",525,"D",,"B",,"B",,"B",,"B",19,"D",464,"D",466,"D",467,"D",42,"D",40,"D",39,"D",,"A","01","D","2005","D","1","D",,"A",12612,"D",12148,"D",11683,"D","01","D",,"A",,"A",,"A",.,"A",.,"A",.,"A","1","D","2","D"
"20131",2628312,53,0,"5","01","D","100","D",0.05,"D",11216,"D",10,"D",119,"D",,"A",,"A",,"A",,"A",0,"D",84,"D",84,"D",85,"D",35,"D",35,"D",34,"D",,"A","11","D","2009","D","1","D",,"A",8415,"D",8331,"D",8247,"D","01","D",,"A",,"A",,"A",.,"A",.,"A",.,"A","1","D","2","D"
"20131",2628742,43,0,"5","01","D","100","D",0.0859,"D",22374,"D",5,"D",460,"D",,"C",,"C",,"C",,"C",0,"D",369,"D",371,"D",374,"D",91,"D",89,"D",86,"D",,"A","06","D","2010","D","1","D",,"A",12748,"D",12380,"D",12008,"D","01","D",,"A",,"A",,"A",.,"A",.,"A",.,"A",,"C",,"A"
"20131",2629662,48,0,"5","01","D","100","D",0.0859,"D",18000,"D",10,"D",224,"D",,"A",,"A",,"A",,"A",0,"D",188,"D",189,"D",191,"D",174,"D",173,"D",171,"D",,"A","07","D","2010","D","2","D",,"A",15060,"D",14944,"D",14827,"D","01","D","1","D",,"A",,"A",362,"D",362,"D",362,"D","1","D","2","D"
"20131",2630242,83,0,"5","01","D","100","D",0.05,"D",30000,"D",15,"D",440,"D",,"B",,"B",,"B",,"B",203,"D",144,"D",145,"D",146,"D",93,"D",92,"D",91,"D",,"A","10","D","2007","D","1","D",,"A",22240,"D",22095,"D",21950,"D","01","D",,"A",,"A",,"A",.,"A",.,"A",.,"A","1","D","2","D"
"20131",2630692,42,0,"5","01","D","100","D",0.06,"D",80000,"D",10,"D",888,"D",,"A",,"A",,"A",,"A",0,"D",404,"D",406,"D",408,"D",172,"D",170,"D",168,"D",,"A","10","D","2008","D","2","D",,"A",52971,"D",52348,"D",51721,"D","01","D","1","D",,"A",,"A",576,"D",576,"D",576,"D","1","D","2","D"
"20131",2631062,50,0,"5","01","D","100","D",0.0859,"F",33232,"F",15,"F",329,"F",,"A",,"A",,"A",,"A",0,"F",234,"F",235,"F",237,"F",95,"F",94,"F",92,"F",,"A","12","F","2001","F","1","F",,"A",13326,"F",13092,"F",12857,"F","01","D",,"A",,"A",,"A",.,"A",.,"A",.,"A","1","D","2","D"
"20131",2632402,43,0,"5","01","D","100","D",0.14,"D",4881,"D",15,"D",65,"D",,"A",,"A",,"A",,"A",0,"D",61,"D",61,"D",62,"D",4,"D",4,"D",3,"D",,"A","05","D","1998","D","1","D",,"A",376,"D",315,"D",254,"D","01","D",,"A",,"A",,"A",.,"A",.,"A",.,"A","1","D","2","D"
"20131",2635322,41,0,"5","01","D","100","D",0.0524,"D",34929,"D",5,"D",663,"D",,"A",,"A",,"A",,"A",0,"D",564,"D",567,"D",569,"D",99,"D",96,"D",94,"D",,"A","12","D","2010","D","1","D",,"A",22606,"D",22042,"D",21475,"D","01","D",,"A",,"A",,"A",.,"A",.,"A",.,"A","1","D","2","D"
"20131",2635552,43,0,"5","01","D","100","D",0.053,"D",45500,"D",10,"D",489,"D",,"A",,"A",,"A",,"A",0,"D",0,"D",0,"D",0,"D",500,"D",500,"D",500,"D",,"A","12","D","2004","D","2","D",,"A",45500,"D",45500,"D",45500,"D","01","D","1","D",,"A",,"A",500,"D",500,"D",500,"D",,"A","2","D"
"20131",2635702,20,0,"5","01","D","100","D",0.058,"F",95000,"F",10,"F",1045,"F",,"A",,"A",,"A",,"A",0,"F",935,"F",940,"F",944,"F",110,"F",105,"F",101,"F",,"A","09","F","2004","F","1","F",,"A",22721,"F",21786,"F",20846,"F","01","D",,"A",,"A",,"A",.,"A",.,"A",.,"A","1","D","2","D"
"20131",2640052,50,0,"5","01","D","100","D",0.0859,"D",22290,"D",7,"D",354,"D",,"A",,"A",,"A",,"A",0,"D",197,"D",199,"D",200,"D",157,"D",155,"D",154,"D",,"A","10","D","2012","D","1","D",,"A",21900,"D",21702,"D",21504,"D","01","D",,"A",,"A",,"A",.,"A",.,"A",.,"A","1","D","2","D"
"20131",2640962,35,0,"1","01","D","100","D",0.0859,"F",15000,"F",18,"F",143,"F",,"B",,"B",,"B",,"B",6,"F",51,"F",51,"F",51,"F",86,"F",86,"F",86,"F",,"A","09","F","2006","F","1","F",,"A",12072,"F",12022,"F",11971,"F","01","D",,"A",,"A",,"A",.,"A",.,"A",.,"A","1","D","2","D"
"20131",2641632,54,0,"1","01","D","100","D",0.0859,"D",40000,"D",15,"D",816,"D",,"B",,"B",,"B",,"B",420,"D",164,"D",165,"D",166,"D",232,"D",231,"D",230,"D",,"A","04","D","2008","D","1","D",,"A",32478,"D",32314,"D",32150,"D","01","D",,"A",,"A",,"A",.,"A",.,"A",.,"A","1","D","2","D"
"20131",2643085,59,0,"5","01","D","100","D",0.05,"F",53000,"F",15,"F",560,"F",,"B",,"B",,"B",,"B",141,"F",.,"A",289,"F",291,"F",.,"A",130,"F",128,"F",,"A","04","F","2005","F","1","F","112012","F",.,"A",31126,"F",30837,"F","01","D",,"A",,"A",,"A",.,"A",.,"A",.,"A","1","D","2","D"
"20131",2644122,84,0,"5","01","D","100","D",0.08,"D",225953,"D",18,"D",1977,"D",,"A",,"A",,"A",,"A",0,"D",563,"D",567,"D",571,"D",1414,"D",1410,"D",1406,"D",,"A","09","D","2010","D","1","D",,"A",231876,"T",229892,"T",227896,"T","01","D",,"A",,"A",,"A",.,"A",.,"A",.,"A","1","D","2","D"
"20131",2644992,67,0,"5","01","D","100","D",0.09,"D",54000,"D",10,"D",695,"D",,"B",,"B",,"B",,"B",11,"D",519,"D",523,"D",527,"D",165,"D",161,"D",157,"D",,"A","01","D","2006","D","1","D",,"A",22036,"D",21517,"D",20994,"D","01","D",,"A",,"A",,"A",.,"A",.,"A",.,"A","1","D","2","D"
"20131",2645142,61,0,"5","01","D","100","D",0.08,"D",30000,"D",12,"D",325,"D",,"A",,"A",,"A",,"A",0,"D",208,"D",210,"D",211,"D",117,"D",115,"D",114,"D",,"A","07","D","2006","D","1","D",,"A",17475,"D",17266,"D",17056,"D","01","D",,"A",,"A",,"A",.,"A",.,"A",.,"A","1","D","2","D"
"20131",2645752,28,0,"5","01","D","100","D",0.0859,"D",33232,"D",15,"D",329,"D",,"A",,"A",,"A",,"A",0,"D",234,"D",235,"D",237,"D",95,"D",94,"D",92,"D",,"A","12","D","2001","D","1","D",,"A",13326,"D",13092,"D",12857,"D","01","D",,"A",,"A",,"A",.,"A",.,"A",.,"A","1","D","2","D"
"20131",2646592,80,0,"5","01","D","100","D",0.097,"D",21000,"D",15,"D",228,"D",,"B",,"B",,"B",,"B",6,"D",90,"D",90,"D",91,"D",125,"D",125,"D",124,"D",,"A","05","D","2007","D","1","D",,"A",16378,"D",16289,"D",16198,"D","01","D",,"A",,"A",,"A",.,"A",.,"A",.,"A","1","D","2","D"
"20131",2646742,42,0,"5","01","D","100","D",0.05,"D",34384,"D",14,"D",285,"D",,"A",,"A",,"A",,"A",0,"D",195,"D",196,"D",197,"D",90,"D",89,"D",88,"D",,"A","07","D","2006","D","1","D",,"A",21548,"D",21353,"D",21157,"D","01","D",,"A",,"A",,"A",.,"A",.,"A",.,"A","1","D","2","D"
"20131",2673024,37,0,"1","02","D","300","D",0.05,"D",261546,"T",10,"D",3334,"T",,"A",,"A",,"A",,"A",0,"F",4423,"V",4441,"V",4460,"V",952,"F",925,"F",898,"F",,"A","06","F","2005","D","1","D",,"A",231876,"V",229892,"V",227896,"V","01","D",,"A",,"A",,"A",.,"A",.,"A",.,"A","1","D","2","D"
"20132",2545245,20,0,"5","01","D","100","D",0.0859,"D",20000,"D",15,"D",198,"D",,"A",,"A",,"A",,"A",0,"D",58,"D",58,"D",58,"D",140,"D",140,"D",140,"D",,"A","06","D","2012","D","1","D",,"A",19608,"D",19550,"D",19492,"D","01","D",,"A",,"A",,"A",.,"A",.,"A",.,"A","1","D","2","D"
"20132",2547465,23,0,"5","01","D","100","D",0.0859,"F",58000,"F",14,"F",664,"F",,"B",,"B",,"B",,"B",69,"F",432,"F",435,"F",439,"F",163,"F",160,"F",156,"F",,"A","10","F","2002","F","1","F",,"A",22719,"F",22287,"F",21851,"F","01","D",,"A",,"A",,"A",.,"A",.,"A",.,"A","1","D","2","D"
"20132",2548645,7,0,"5","01","D","100","D",0.0859,"F",22374,"F",5,"F",460,"F",,"C",,"C",,"C",,"C",0,"F",377,"F",379,"F",382,"F",83,"F",81,"F",78,"F",,"A","06","F","2010","F","1","F",,"A",11634,"F",11258,"F",10878,"F","01","D",,"A",,"A",,"A",.,"A",.,"A",.,"A",,"C",,"A"
"20132",2551775,28,0,"5","01","D","100","D",0.04,"D",5430,"D",5,"D",100,"D",,"A",,"A",,"A",,"A",0,"D",86,"D",87,"D",87,"D",14,"D",13,"D",13,"D",,"A","09","D","2011","D","1","D",,"A",4086,"D",4000,"D",3913,"D","01","D",,"A",,"A",,"A",.,"A",.,"A",.,"A","1","D","2","D"
"20132",2553555,40,0,"5","01","D","100","D",0.14,"F",4881,"F",15,"F",65,"F",,"A",,"A",,"A",,"A",0,"F",41,"F",42,"F",42,"F",24,"F",23,"F",23,"F",,"A","05","F","2001","F","1","F",,"A",2028,"F",1987,"F",1945,"F","01","D",,"A",,"A",,"A",.,"A",.,"A",.,"A","1","D","2","D"
"20132",2553555,41,0,"5","01","D","100","D",0.0859,"F",9192,"F",15,"F",91,"F",,"A",,"A",,"A",,"A",0,"F",73,"F",74,"F",75,"F",18,"F",17,"F",16,"F",,"A","09","F","2000","F","1","F",,"A",2450,"F",2376,"F",2302,"F","02","D",,"A",,"A",,"A",.,"A",.,"A",.,"A","1","D","2","D"
"20132",2554625,35,0,"5","01","D","100","D",0.0859,"D",25468,"D",10,"D",317,"D",,"A",,"A",,"A",,"A",0,"D",0,"D",0,"D",0,"D",317,"D",317,"D",317,"D",,"A","09","D","2009","D","1","D",,"A",25468,"D",25468,"D",25468,"D","01","D",,"A",,"A",,"A",.,"A",.,"A",.,"A",,"A","2","D"
"20132",2555905,18,0,"5","01","D","200","D",0.08,"D",17789,"D",15,"D",170,"D",,"A",,"A",,"A",,"A",0,"D",97,"D",98,"D",99,"D",73,"D",72,"D",71,"D",,"A","01","D","2005","D","1","D",,"A",10907,"D",10810,"D",10712,"D","01","D",,"A",,"A",,"A",.,"A",.,"A",.,"A","1","D","2","D"
"20132",2556675,48,0,"5","01","D","100","D",0.0859,"F",18000,"F",10,"F",224,"F",,"A",,"A",,"A",,"A",0,"F",197,"F",199,"F",200,"F",175,"F",173,"F",172,"F",,"A","07","F","2010","F","2","F",,"A",14709,"F",14590,"F",14471,"F","01","D",,"A",,"A",,"A",372,"F",372,"F",372,"F","1","D","2","D"
"20132",2557205,20,0,"5","01","D","100","D",0.052,"D",36900,"D",12,"D",345,"D",,"A",,"A",,"A",,"A",0,"D",270,"D",271,"D",272,"D",75,"D",74,"D",73,"D",,"A","11","D","2005","D","1","D",,"A",17391,"D",17122,"D",16851,"D","01","D",,"A",,"A",,"A",.,"A",.,"A",.,"A","1","D","2","D"
"20132",2557305,28,0,"5","01","D","100","D",0.08,"D",30000,"D",15,"D",400,"D",,"B",,"B",,"B",,"B",113,"D",108,"D",108,"D",109,"D",179,"D",179,"D",178,"D",,"A","06","D","2010","D","1","D",,"A",26908,"D",26801,"D",26692,"D","01","D",,"A",,"A",,"A",.,"A",.,"A",.,"A","1","D","2","D"
"20132",2558005,26,0,"5","01","D","100","D",0.0859,"D",71500,"D",10,"D",890,"D",,"A",,"A",,"A",,"A",0,"D",0,"D",0,"D",0,"D",220,"D",220,"D",220,"D",,"A","03","D","2008","D","2","D",,"A",71500,"D",71500,"D",71500,"D","01","D","1","D",,"A",,"A",220,"D",220,"D",220,"D",,"A","2","D"
"20132",2558935,35,0,"5","01","D","100","D",0.045,"D",28000,"D",5,"D",549,"D",,"B",,"B",,"B",,"B",27,"D",467,"D",468,"D",470,"D",55,"D",54,"D",52,"D",,"A","08","D","2010","D","1","D",,"A",14785,"D",14319,"D",13850,"D","01","D",,"A",,"A",,"A",.,"A",.,"A",.,"A","1","D","2","D"
"20132",2559425,53,0,"5","01","D","100","D",0.08,"D",26000,"D",15,"D",250,"D",,"B",,"B",,"B",,"B",2,"D",125,"D",125,"D",126,"D",123,"D",123,"D",122,"D",,"A","09","D","2006","D","1","D",,"A",18518,"D",18394,"D",18268,"D","01","D",,"A",,"A",,"A",.,"A",.,"A",.,"A","1","D","2","D"
"20132",2559685,16,0,"5","01","D","100","D",0.0859,"D",33665,"D",6,"D",600,"D",,"A",,"A",,"A",,"A",0,"D",474,"D",478,"D",481,"D",126,"D",122,"D",119,"D",,"A","11","D","2009","D","1","D",,"A",17580,"D",17105,"D",16628,"D","01","D",,"A",,"A",,"A",.,"A",.,"A",.,"A","1","D","2","D"
"20132",2559855,19,0,"5","01","D","100","D",0.0859,"D",3030,"D",15,"D",30,"D",,"A",,"A",,"A",,"A",0,"D",0,"D",0,"D",0,"D",30,"D",30,"D",30,"D",,"A","07","D","2002","D","1","D",,"A",3030,"D",3030,"D",3030,"D","01","D",,"A",,"A",,"A",.,"A",.,"A",.,"A",,"A","2","D"
"20132",2561115,16,0,"5","01","D","100","D",0.0859,"F",9962,"F",10,"F",124,"F",,"A",,"A",,"A",,"A",0,"F",83,"F",84,"F",84,"F",41,"F",40,"F",40,"F",,"A","10","F","2007","F","1","F",,"A",5704,"F",5620,"F",5537,"F","01","D",,"A",,"A",,"A",.,"A",.,"A",.,"A","1","D","2","D"
"20132",2561135,34,0,"5","01","D","100","D",0.05,"D",30000,"D",10,"D",380,"D",,"B",,"B",,"B",,"B",62,"D",220,"D",220,"D",221,"D",98,"D",98,"D",97,"D",,"A","07","D","2010","D","1","D",,"A",23628,"D",23408,"D",23188,"D","01","D",,"A",,"A",,"A",.,"A",.,"A",.,"A","1","D","2","D"
"20132",2561535,17,0,"5","01","D","100","D",0.045,"D",25000,"D",15,"D",396,"D",,"B",,"B",,"B",,"B",205,"D",158,"D",159,"D",159,"D",33,"D",32,"D",32,"D",,"A","04","D","2002","D","1","D",,"A",8746,"D",8588,"D",8429,"D","01","D",,"A",,"A",,"A",.,"A",.,"A",.,"A","1","D","2","D"
"20132",2562285,27,0,"5","01","D","100","D",0.09,"D",64000,"D",15,"D",729,"D","3","D","4","D",,"A",,"A",80,"D",220,"D",221,"D",223,"D",429,"D",428,"D",426,"D",,"A","03","D","2010","D","1","D",,"A",57265,"D",57045,"D",56824,"D","01","D",,"A",,"A",,"A",.,"A",.,"A",.,"A","1","D","2","D"
"20132",2563045,24,0,"5","01","D","100","D",0.0625,"D",7000,"D",5,"D",150,"D",,"B",,"B",,"B",,"B",14,"D",123,"D",124,"D",124,"D",13,"D",12,"D",12,"D",,"A","09","D","2009","D","1","D",,"A",2463,"D",2340,"D",2216,"D","01","D",,"A",,"A",,"A",.,"A",.,"A",.,"A","1","D","2","D"
"20132",2564725,12,0,"5","01","D","100","D",0.0437,"D",21500,"D",15,"D",300,"D",,"B",,"B",,"B",,"B",137,"D",152,"D",152,"D",153,"D",11,"D",11,"D",10,"D",,"A","10","D","1999","D","1","D",,"A",3150,"D",2999,"D",2846,"D","01","D",,"A",,"A",,"A",.,"A",.,"A",.,"A","1","D","2","D"
"20132",2564835,17,0,"5","01","D","200","D",0.0875,"F",80000,"F",.,"A",.,"A","3","F","4","F",,"A",,"A",100,"F",86,"F",87,"F",87,"F",17,"F",17,"F",17,"F",,"A","12","F","2005","D","2","D",,"A",74436,"F",74349,"F",74262,"F","01","D",,"C",,"C",,"C",729,"F",729,"F",729,"F",,"C",,"A"
"20132",2565675,24,0,"5","01","D","100","D",0.0859,"F",22374,"F",5,"F",460,"F",,"C",,"C",,"C",,"C",0,"F",377,"F",379,"F",382,"F",83,"F",81,"F",78,"F",,"A","06","F","2010","F","1","F",,"A",11634,"F",11258,"F",10878,"F","01","D",,"A",,"A",,"A",.,"A",.,"A",.,"A",,"C",,"A"
"20132",2565835,13,0,"5","01","D","100","D",0.0859,"F",22290,"F",7,"F",354,"F",,"A",,"A",,"A",,"A",0,"F",201,"F",203,"F",204,"F",153,"F",151,"F",150,"F",,"A","10","F","2012","F","1","F",,"A",21304,"F",21102,"F",20899,"F","01","D","1","D",,"A",,"A",.,"A",.,"A",.,"A","1","D","2","D"
"20132",2566085,33,0,"5","01","D","100","D",0.0859,"D",9962,"D",10,"D",124,"D",,"A",,"A",,"A",,"A",0,"D",83,"D",84,"D",84,"D",41,"D",40,"D",40,"D",,"A","10","D","2007","D","1","D",,"A",5704,"D",5620,"D",5537,"D","01","D",,"A",,"A",,"A",.,"A",.,"A",.,"A","1","D","2","D"
"20132",2568015,34,0,"5","01","D","100","D",0.0859,"D",9192,"D",15,"D",91,"D",,"A",,"A",,"A",,"A",0,"D",73,"D",74,"D",75,"D",18,"D",17,"D",16,"D",,"A","09","D","2000","D","1","D",,"A",2450,"D",2376,"D",2302,"D","01","D",,"A",,"A",,"A",.,"A",.,"A",.,"A","1","D","2","D"
"20132",2568135,13,0,"5","01","D","100","D",0.05,"F",53000,"F",15,"F",560,"F",,"B",,"B",,"B",,"B",141,"F",288,"F",289,"F",291,"F",131,"F",130,"F",128,"F",,"A","07","F","2005","F","1","F",,"A",31414,"F",31126,"F",30837,"F","01","D",,"A",,"A",,"A",.,"A",.,"A",.,"A","1","D","2","D"
"20132",2568325,16,0,"5","01","D","100","D",0.0859,"D",7576,"D",15,"D",75,"D",,"A",,"A",,"A",,"A",0,"D",54,"D",55,"D",55,"D",21,"D",20,"D",20,"D",,"A","12","D","2001","D","1","D",,"A",2878,"D",2823,"D",2769,"D","01","D",,"A",,"A",,"A",.,"A",.,"A",.,"A","1","D","2","D"
"20132",2569565,24,0,"5","01","D","100","D",0.0859,"D",58000,"D",10,"D",722,"D",,"A",,"A",,"A",,"A",0,"D",0,"D",0,"D",0,"D",0,"D",0,"D",0,"D",,"A","06","D","2006","D","2","D",,"A",24490,"D",23944,"D",23393,"D","01","D","1","D",,"A",,"A",0,"D",0,"D",0,"D","1","D","2","D"
"20132",2571955,15,0,"5","01","D","100","D",0.0859,"F",51580,"F",10,"F",642,"F",,"A",,"A",,"A",,"A",0,"F",350,"F",353,"F",355,"F",292,"F",289,"F",287,"F",,"A","04","F","2010","F","1","F",,"A",40774,"F",40424,"F",40071,"F","01","D",,"A",,"A",,"A",.,"A",.,"A",.,"A","1","D","2","D"
"20132",2572095,20,0,"5","01","D","100","D",0.0859,"D",50000,"D",5,"D",1028,"D",,"A",,"A",,"A",,"A",0,"D",.,"A",.,"A",.,"A",.,"A",.,"A",.,"A",,"A","04","D","2007","D","2","D",,"A",.,"A",.,"A",.,"A","01","D","1","D",,"A",,"A",280,"D",280,"D",280,"D","1","D","2","D"
"20132",2572205,28,0,"5","01","D","100","D",0.052,"F",12480,"F",15,"F",100,"F",,"A",,"A",,"A",,"A",0,"F",48,"F",48,"F",48,"F",52,"F",52,"F",52,"F",,"A","06","F","2012","F","1","F",,"A",12107,"F",12059,"F",12012,"F","01","D",,"A",,"A",,"A",.,"A",.,"A",.,"A","1","D","2","D"
"20132",2574085,10,0,"5","01","D","100","D",0.0859,"F",9192,"F",15,"F",91,"F",,"A",,"A",,"A",,"A",0,"F",73,"F",74,"F",75,"F",18,"F",17,"F",16,"F",,"A","09","F","2000","F","1","F",,"A",2450,"F",2376,"F",2302,"F","01","D",,"A",,"A",,"A",.,"A",.,"A",.,"A","1","D","2","D"
"20132",2574555,21,0,"5","01","D","100","D",0.0859,"F",22374,"F",5,"F",460,"F",,"C",,"C",,"C",,"C",0,"F",377,"F",379,"F",382,"F",83,"F",81,"F",78,"F",,"A","06","F","2010","F","1","F",,"A",11634,"F",11258,"F",10878,"F","01","D",,"A",,"A",,"A",.,"A",.,"A",.,"A",,"C",,"A"
"20132",2577765,30,0,"5","01","D","100","D",0.0859,"D",13000,"D",7,"D",348,"D",,"B",,"B",,"B",,"B",142,"D",170,"D",171,"D",172,"D",36,"D",35,"D",34,"D",,"A","06","D","2008","D","1","D",,"A",5085,"D",4915,"D",4745,"D","01","D",,"A",,"A",,"A",.,"A",.,"A",.,"A","1","D","2","D"
"20132",2577965,11,0,"1","01","D","400","D",0.055,"D",.,"T",8,"D",250,"D",,"B",,"B",,"B",,"B",57,"D",.,"T",.,"T",.,"T",20,"D",19,"D",18,"D",,"A","02","D","2007","D","1","D",,"A",4257,"D",4083,"D",3909,"D","01","D",,"A",,"A",,"A",.,"A",.,"A",.,"A","1","D","2","D"
"20132",2578964,40,0,"5","01","D","100","D",0.0859,"D",35311,"D",5,"D",726,"D",,"A",,"A",,"A",,"A",0,"D",652,"D",657,"D",662,"D",74,"D",69,"D",64,"D",,"A","04","D","2009","D","1","D",,"A",10290,"D",9638,"D",8981,"D","01","D",,"A",,"A",,"A",.,"A",.,"A",.,"A","1","D","2","D"
"20132",2579004,23,0,"5","01","D","100","D",0.09,"D",30629,"D",10,"D",388,"D",,"A",,"A",,"A",,"A",0,"D",334,"D",337,"D",339,"D",54,"D",51,"D",49,"D",,"A","09","D","2004","D","1","D",,"A",7180,"D",6846,"D",6510,"D","01","D",,"A",,"A",,"A",.,"A",.,"A",.,"A","1","D","2","D"
"20132",2579144,31,0,"5","01","D","100","D",0.0859,"F",58000,"F",14,"F",664,"F",,"B",,"B",,"B",,"B",69,"F",432,"F",435,"F",439,"F",163,"F",160,"F",156,"F",,"A","10","F","2002","F","1","F",,"A",22719,"F",22287,"F",21851,"F","01","D",,"A",,"A",,"A",.,"A",.,"A",.,"A","1","D","2","D"
"20132",2580154,16,0,"5","01","D","100","D",0.0859,"F",58000,"F",14,"F",664,"F",,"B",,"B",,"B",,"B",69,"F",432,"F",435,"F",439,"F",163,"F",160,"F",156,"F",,"A","10","F","2002","F","1","F",,"A",22719,"F",22287,"F",21851,"F","01","D",,"A",,"A",,"A",.,"A",.,"A",.,"A","1","D","2","D"
"20132",2581694,10,0,"5","01","D","100","D",0.0449,"D",80000,"D",10,"D",829,"D",,"A",,"A",,"A",,"A",0,"D",0,"D",0,"D",0,"D",0,"D",0,"D",0,"D",,"A","05","D","2010","D","2","D",,"A",62039,"D",61443,"D",60844,"D","01","D","1","D",,"A",,"A",0,"D",0,"D",0,"D","1","D","2","D"
"20132",2581964,27,0,"5","01","D","100","D",0.04,"D",40000,"D",20,"D",242,"D",,"A",,"A",,"A",,"A",0,"D",122,"D",122,"D",122,"D",120,"D",120,"D",120,"D",,"A","03","D","2010","D","1","D",,"A",36095,"D",35973,"D",35851,"D","01","D",,"A",,"A",,"A",.,"A",.,"A",.,"A","1","D","2","D"
"20132",2582844,17,0,"5","01","D","100","D",0.0613,"D",61339,"D",10,"D",685,"D",,"A",,"A",,"A",,"A",0,"D",0,"D",0,"D",0,"D",685,"D",685,"D",685,"D",,"A","07","D","2006","D","1","D",,"A",61339,"D",61339,"D",61339,"D","01","D",,"A",,"A",,"A",.,"A",.,"A",.,"A",,"A","2","D"
"20132",2585474,23,0,"5","01","D","100","D",0.05,"D",53000,"D",15,"D",560,"D",,"B",,"B",,"B",,"B",141,"D",288,"D",289,"D",291,"D",131,"D",130,"D",128,"D",,"A","07","D","2005","D","1","D",,"A",31414,"D",31126,"D",30837,"D","01","D",,"A",,"A",,"A",.,"A",.,"A",.,"A","1","D","2","D"
"20132",2586254,37,0,"5","01","D","100","D",0.0725,"D",60000,"D",18,"D",505,"D",,"B",,"B",,"B",,"B",7,"D",203,"D",204,"D",205,"D",295,"D",294,"D",293,"D",,"A","06","D","2007","D","1","D",,"A",48850,"D",48647,"D",48443,"D","01","D",,"A",,"A",,"A",.,"A",.,"A",.,"A","1","D","2","D"
"20132",2588044,37,0,"5","01","D","100","D",0.0859,"F",58000,"F",14,"F",664,"F",,"B",,"B",,"B",,"B",69,"F",432,"F",435,"F",439,"F",163,"F",160,"F",156,"F",,"A","10","F","2002","F","1","F",,"A",22719,"F",22287,"F",21851,"F","01","D","1","D",,"A",,"A",.,"A",.,"A",.,"A","1","D","2","D"
"20132",2588064,17,0,"5","01","D","100","D",0.08,"D",51000,"D",15,"D",500,"D",,"B",,"B",,"B",,"B",13,"D",163,"D",165,"D",166,"D",324,"D",322,"D",321,"D",,"A","09","D","2011","D","1","D",,"A",48527,"D",48363,"D",48199,"D","01","D",,"A",,"A",,"A",.,"A",.,"A",.,"A","1","D","2","D"
"20132",2588174,33,0,"5","01","D","100","D",0.085,"F",41128,"F",15,"F",405,"F",,"A",,"A",,"A",,"A",0,"F",215,"F",216,"F",218,"F",190,"F",189,"F",187,"F",,"A","09","F","2005","F","1","F",,"A",26885,"F",26670,"F",26454,"F","01","D",,"A",,"A",,"A",.,"A",.,"A",.,"A","1","D","2","D"
"20132",2588534,19,0,"5","01","D","100","D",0.0859,"D",58000,"D",14,"D",664,"D",,"B",,"B",,"B",,"B",69,"D",432,"D",435,"D",439,"D",163,"D",160,"D",156,"D",,"A","10","D","2002","D","1","D",,"A",22719,"D",22287,"D",21851,"D","01","D",,"A",,"A",,"A",.,"A",.,"A",.,"A","1","D","2","D"
"20132",2589004,25,0,"5","01","D","100","D",0.0859,"D",18500,"D",10,"D",230,"D",,"A",,"A",,"A",,"A",0,"D",194,"D",195,"D",196,"D",36,"D",35,"D",34,"D",,"A","01","D","2005","D","1","D",,"A",5098,"D",4904,"D",4709,"D","01","D",,"A",,"A",,"A",.,"A",.,"A",.,"A","1","D","2","D"
"20132",2594034,20,0,"5","01","D","100","D",0.0859,"F",7576,"F",15,"F",75,"F",,"A",,"A",,"A",,"A",0,"F",54,"F",55,"F",55,"F",21,"F",20,"F",20,"F",,"A","12","F","2001","F","1","F",,"A",2878,"F",2823,"F",2769,"F","01","D","1","D",,"A",,"A",.,"A",.,"A",.,"A","1","D","2","D"
"20132",2594064,27,0,"5","01","D","100","D",0.05,"F",110585,"F",8,"F",1400,"F",,"A",,"A",,"A",,"A",0,"F",1381,"V",1389,"V",1397,"V",336,"F",332,"F",327,"F",,"A","07","F","2010","F","1","F",,"A",80638,"F",79574,"F",78505,"F","01","D",,"A",,"A",,"A",.,"A",.,"A",.,"A","1","D","2","D"
"20132",2594864,18,0,"5","01","D","100","D",0.0859,"D",99611,"D",5,"D",3334,"T","3","D","4","D",,"A",,"A",0,"D",1381,"T",1389,"T",1397,"T",665,"D",655,"D",645,"D",,"A","09","D","2012","D","1","D",,"A",92840,"D",91457,"D",90063,"D","01","D",,"A",,"A",,"A",.,"A",.,"A",.,"A","1","D","2","D"
"20132",2597724,38,0,"5","02","D","200","D",0.06,"D",7204,"D",1,"D",620,"D",,"C",,"C",,"C",,"C",0,"D",.,"A",.,"A",.,"A",.,"A",.,"A",.,"A",,"A","02","D","2006","D","1","D",,"A",.,"A",.,"A",.,"A","01","D",,"A",,"A",,"A",.,"A",.,"A",.,"A",,"C",,"A"
"20132",2599054,42,0,"5","01","D","100","D",0.0859,"F",20000,"F",15,"F",198,"F",,"A",,"A",,"A",,"A",0,"F",58,"F",58,"F",58,"F",140,"F",140,"F",140,"F",,"A","06","F","2012","F","1","F",,"A",19608,"F",19550,"F",19492,"F","01","D",,"A",,"A",,"A",.,"A",.,"A",.,"A","1","D","2","D"
"20132",2599334,22,0,"5","01","D","100","D",0.0859,"D",4000,"D",15,"D",125,"D",,"B",,"B",,"B",,"B",85,"D",16,"D",16,"D",16,"D",24,"D",24,"D",24,"D",,"A","03","D","2009","D","1","D",,"A",3368,"D",3352,"D",3336,"D","01","D",,"A",,"A",,"A",.,"A",.,"A",.,"A","1","D","2","D"
"20132",2600804,36,0,"5","01","D","100","D",0.05,"D",5000,"D",15,"D",40,"D",,"A",,"A",,"A",,"A",0,"D",33,"D",33,"D",33,"D",22,"D",22,"D",22,"D",,"A","08","D","2008","D","2","D",,"A",3870,"D",3846,"D",3823,"D","01","D","1","D",,"A",,"A",55,"D",55,"D",55,"D","1","D","2","D"
"20132",2600944,14,0,"5","01","D","100","D",0.0859,"D",84106,"D",9,"D",1147,"D",,"B",,"B",,"B",,"B",26,"D",.,"A",.,"A",.,"A",.,"A",.,"A",.,"A",,"A","06","D","2001","D","1","D",,"A",.,"A",.,"A",.,"A","01","D",,"A",,"A",,"A",.,"A",.,"A",.,"A","1","D","2","D"
"20132",2600944,15,0,"5","01","D","100","D",0.0859,"F",22374,"F",5,"F",460,"F",,"C",,"C",,"C",,"C",0,"F",377,"F",379,"F",382,"F",83,"F",81,"F",78,"F",,"A","06","F","2010","F","1","F",,"A",11634,"F",11258,"F",10878,"F","02","D",,"A",,"A",,"A",.,"A",.,"A",.,"A",,"C",,"A"
"20132",2602454,41,0,"5","01","D","100","D",0.0859,"D",19942,"D",5,"D",410,"D",,"A",,"A",,"A",,"A",0,"D",324,"D",326,"D",329,"D",86,"D",84,"D",81,"D",,"A","12","D","2010","D","1","D",,"A",12013,"D",11689,"D",11363,"D","01","D",,"A",,"A",,"A",.,"A",.,"A",.,"A","1","D","2","D"
"20132",2602874,42,0,"5","01","D","100","D",0.0859,"D",75000,"D",17,"D",700,"D",,"A",,"A",,"A",,"A",0,"D",209,"D",211,"D",212,"D",491,"D",489,"D",488,"D",,"A","04","D","2010","D","1","D",,"A",68538,"D",68328,"D",68118,"D","01","D",,"A",,"A",,"A",.,"A",.,"A",.,"A","1","D","2","D"
"20132",2604204,14,0,"5","01","D","100","D",0.0859,"F",22374,"F",5,"F",460,"F",,"C",,"C",,"C",,"C",0,"F",377,"F",379,"F",382,"F",83,"F",81,"F",78,"F",,"A","06","F","2010","F","1","F",,"A",11634,"F",11258,"F",10878,"F","01","D",,"C",,"C",,"C",.,"A",.,"A",.,"A",,"C",,"A"
"20132",2605084,12,0,"5","01","D","100","D",0.0859,"D",15000,"D",18,"D",143,"D",,"B",,"B",,"B",,"B",6,"D",51,"D",51,"D",51,"D",86,"D",86,"D",86,"D",,"A","12","D","2006","D","1","D",,"A",12072,"D",12022,"D",11971,"D","01","D",,"A",,"A",,"A",.,"A",.,"A",.,"A","1","D","2","D"
"20132",2605384,23,0,"5","01","D","100","D",0.0859,"D",309156,"T",10,"D",3334,"T",,"A",,"A",,"A",,"A",0,"D",1381,"T",1389,"T",1397,"T",1206,"D",1199,"D",1191,"D",,"A","04","D","2012","D","1","D",,"A",231876,"T",229892,"T",227896,"T","01","D",,"A",,"A",,"A",.,"A",.,"A",.,"A","1","D","2","D"
"20132",2607894,34,0,"5","01","D","100","D",0.062,"D",309156,"T",20,"D",3334,"T",,"A",,"A",,"A",,"A",0,"D",1381,"T",1389,"T",1397,"T",188,"D",178,"D",168,"D",,"A","09","D","1994","D","1","D",,"A",36303,"D",34379,"D",32446,"D","01","D",,"A",,"A",,"A",.,"A",.,"A",.,"A","1","D","2","D"
"20132",2609194,27,0,"5","01","D","100","D",0.0675,"D",5000,"D",5,"D",98,"D",,"A",,"A",,"A",,"A",0,"D",597,"D",600,"D",603,"D",101,"D",98,"D",95,"D",,"A","07","D","2010","D","2","D",,"A",2543,"D",2459,"D",2374,"D","01","D",,"A",,"A","3","D",698,"D",698,"D",698,"D","1","D","2","D"
"20132",2609674,13,0,"1","01","D","100","D",0.085,"D",10888,"D",10,"D",135,"D",,"A",,"A",,"A",,"A",0,"D",93,"D",94,"D",94,"D",42,"D",41,"D",41,"D",,"A","08","D","2007","D","1","D",,"A",5947,"D",5855,"D",5761,"D","01","D",,"A",,"A",,"A",.,"A",.,"A",.,"A","1","D","2","D"
"20132",2610584,29,0,"5","01","D","100","D",0.059,"D",309156,"T",20,"D",1864,"D",,"A",,"A",,"A",,"A",0,"D",1381,"T",1389,"T",1397,"T",647,"D",641,"D",635,"D",,"A","06","D","2000","D","1","D",,"A",131683,"D",130467,"D",129244,"D","01","D",,"A",,"A",,"A",.,"A",.,"A",.,"A","1","D","2","D"
"20132",2612624,25,0,"5","01","D","100","D",0.0859,"F",20000,"F",15,"F",198,"F",,"A",,"A",,"A",,"A",0,"F",58,"F",58,"F",58,"F",140,"F",140,"F",140,"F",,"A","06","F","2012","F","1","F",,"A",19608,"F",19550,"F",19492,"F","01","D",,"A",,"A",,"A",.,"A",.,"A",.,"A","1","D","2","D"
"20132",2612684,19,0,"5","01","D","100","D",0.0859,"D",11650,"D",10,"D",145,"D",,"A",,"A",,"A",,"A",0,"D",62,"D",63,"D",63,"D",83,"D",82,"D",82,"D",,"A","01","D","2013","D","1","D",,"A",11526,"D",11464,"D",11401,"D","01","D",,"A",,"A",,"A",.,"A",.,"A",.,"A","1","D","2","D"
"20132",2613194,24,0,"5","01","D","100","D",0.0859,"D",3472,"D",1,"D",303,"D",,"A",,"A",,"A",,"A",0,"D",286,"D",288,"D",290,"D",17,"D",15,"D",13,"D",,"A","09","D","2012","D","1","D",,"A",2347,"D",2061,"D",1773,"D","01","D",,"A",,"A",,"A",.,"A",.,"A",.,"A","1","D","2","D"
"20132",2614213,23,0,"5","01","D","100","D",0.09,"F",64000,"F",15,"F",729,"F","3","F","4","F",,"A",,"A",80,"F",220,"F",221,"F",223,"F",429,"F",428,"F",426,"F",,"A","03","F","2010","F","1","F",,"A",57265,"F",57045,"F",56824,"F","01","D",,"A",,"A",,"A",.,"A",.,"A",.,"A","1","D","2","D"
"20132",2616123,37,0,"5","01","D","100","D",0.0859,"D",30000,"D",5,"D",617,"D","3","D",,"A",,"A",,"A",0,"D",426,"D",429,"D",432,"D",191,"D",188,"D",185,"D",,"A","05","D","2012","D","1","D",,"A",26700,"D",26274,"D",25845,"D","01","D",,"A",,"A",,"A",.,"A",.,"A",.,"A","1","D","2","D"
"20132",2617123,24,0,"1","02","D","200","D",0.08,"F",17789,"F",15,"F",170,"F",,"A",,"A",,"A",,"A",0,"F",97,"F",98,"F",99,"F",73,"F",72,"F",71,"F",,"A","01","F","2005","F","1","F",,"A",10907,"F",10810,"F",10712,"F","01","D",,"A",,"A",,"A",.,"A",.,"A",.,"A","1","D","2","D"
"20132",2617223,21,0,"5","01","D","100","D",0.0859,"D",20202,"D",15,"D",200,"D",,"A",,"A",,"A",,"A",0,"D",167,"D",169,"D",170,"D",33,"D",31,"D",30,"D",,"A","02","D","2000","D","1","D",,"A",4565,"D",4397,"D",4229,"D","01","D",,"A",,"A",,"A",.,"A",.,"A",.,"A","1","D","2","D"
"20132",2620173,20,0,"5","01","D","100","D",0.0859,"F",309156,"V",10,"F",3334,"V",,"A",,"A",,"A",,"A",0,"F",326,"F",328,"F",330,"F",199,"F",197,"F",195,"F",,"A","10","F","2008","F","2","F",,"A",231876,"V",229892,"V",227896,"V","01","D",,"A",,"A",,"A",525,"F",525,"F",525,"F","1","D","2","D"
"20132",2620523,16,0,"1","01","D","100","D",0.0859,"D",15000,"D",9,"D",200,"D",,"A",,"A",,"A",,"A",0,"D",124,"D",125,"D",126,"D",76,"D",75,"D",74,"D",,"A","08","D","2009","D","1","D",,"A",10604,"D",10480,"D",10355,"D","01","D",,"A",,"A",,"A",.,"A",.,"A",.,"A","1","D","2","D"
"20132",2621113,25,0,"5","02","D","200","D",0.0859,"D",100000,"D",10,"D",1245,"D",,"A",,"A",,"A",,"A",0,"D",0,"D",0,"D",0,"D",930,"D",930,"D",930,"D",,"A","12","D","2010","D","2","D",,"A",100000,"D",100000,"D",100000,"D","01","D","1","D",,"A",,"A",930,"D",930,"D",930,"D",,"A","2","D"
"20132",2621153,13,0,"5","01","D","100","D",0.05,"D",110585,"D",8,"D",1400,"D",,"A",,"A",,"A",,"A",0,"D",1381,"T",1389,"T",1397,"T",336,"D",332,"D",327,"D",,"A","07","D","2010","D","1","D",,"A",80638,"D",79574,"D",78505,"D","01","D",,"A",,"A",,"A",.,"A",.,"A",.,"A","1","D","2","D"
"20132",2621203,11,0,"5","01","D","100","D",0.099,"D",37007,"D",10,"D",487,"D","3","D",,"A","5","D",,"A",0,"D",387,"D",390,"D",393,"D",100,"D",97,"D",94,"D",,"A","05","D","2005","D","1","D",,"A",12132,"D",11745,"D",11355,"D","01","D",,"A",,"A",,"A",.,"A",.,"A",.,"A","1","D","2","D"
"20132",2622083,35,0,"5","01","D","100","D",0.0649,"D",35000,"D",15,"D",409,"D",,"B",,"B",,"B",,"B",104,"D",133,"D",134,"D",135,"D",172,"D",171,"D",170,"D",,"A","11","D","2010","D","1","D",,"A",31779,"D",31646,"D",31512,"D","01","D",,"A",,"A",,"A",.,"A",.,"A",.,"A","1","D","2","D"
"20132",2623763,13,0,"5","01","D","100","D",0.06,"D",6000,"D",15,"D",100,"D",,"B",,"B",,"B",,"B",49,"D",24,"D",24,"D",24,"D",27,"D",27,"D",27,"D",,"A","01","D","2011","D","1","D",,"A",5466,"D",5442,"D",5418,"D","01","D",,"A",,"A",,"A",.,"A",.,"A",.,"A","1","D","2","D"
"20132",2625603,42,0,"5","01","D","100","D",0.04,"D",50000,"D",10,"D",525,"D",,"B",,"B",,"B",,"B",19,"D",456,"D",458,"D",459,"D",50,"D",48,"D",47,"D",,"A","09","D","2005","D","1","D",,"A",14909,"D",14453,"D",13995,"D","01","D",,"A",,"A",,"A",.,"A",.,"A",.,"A","1","D","2","D"
"20132",2628313,62,0,"5","01","D","100","D",0.05,"D",11216,"D",10,"D",119,"D",,"A",,"A",,"A",,"A",0,"D",85,"D",85,"D",86,"D",34,"D",34,"D",33,"D","052013","D","11","D","2009","D","1","D",,"A",8163,"D",8078,"D",7992,"D","01","D",,"A",,"A",,"A",.,"A",.,"A",.,"A","1","D","2","D"
"20132",2628743,17,0,"5","01","D","100","D",0.0859,"D",22374,"D",5,"D",460,"D",,"C",,"C",,"C",,"C",0,"D",377,"D",379,"D",382,"D",83,"D",81,"D",78,"D",,"A","06","D","2010","D","1","D",,"A",11634,"D",11258,"D",10878,"D","01","D",,"A",,"A",,"A",.,"A",.,"A",.,"A",,"C",,"A"
"20132",2629663,30,0,"5","01","D","100","D",0.0859,"D",18000,"D",10,"D",224,"D",,"A",,"A",,"A",,"A",0,"D",197,"D",199,"D",200,"D",175,"D",173,"D",172,"D",,"A","07","D","2010","D","2","D",,"A",14709,"D",14590,"D",14471,"D","01","D","1","D",,"A",,"A",372,"D",372,"D",372,"D","1","D","2","D"
"20132",2630243,87,0,"5","01","D","100","D",0.05,"D",30000,"D",15,"D",440,"D",,"B",,"B",,"B",,"B",203,"D",146,"D",147,"D",147,"D",91,"D",90,"D",90,"D",,"A","10","D","2007","D","1","D",,"A",21805,"D",21659,"D",21512,"D","01","D",,"A",,"A",,"A",.,"A",.,"A",.,"A","1","D","2","D"
"20132",2630693,27,0,"5","01","D","100","D",0.06,"D",80000,"D",10,"D",888,"D",,"A",,"A",,"A",,"A",0,"D",410,"D",412,"D",414,"D",166,"D",164,"D",162,"D",,"A","10","D","2008","D","2","D",,"A",51092,"D",50459,"D",49823,"D","01","D","1","D",,"A",,"A",576,"D",576,"D",576,"D","1","D","2","D"
"20132",2631063,32,0,"5","01","D","100","D",0.0859,"F",7576,"F",15,"F",75,"F",,"A",,"A",,"A",,"A",0,"F",54,"F",55,"F",55,"F",21,"F",20,"F",20,"F",,"A","12","F","2001","F","1","F",,"A",2878,"F",2823,"F",2769,"F","01","D",,"A",,"A",,"A",.,"A",.,"A",.,"A","1","D","2","D"
"20132",2631063,49,0,"5","01","D","100","D",0.0859,"F",84106,"F",9,"F",1147,"F",,"B",,"B",,"B",,"B",26,"F",.,"A",.,"A",.,"A",.,"A",.,"A",.,"A",,"A","06","F","2001","F","1","F",,"A",.,"A",.,"A",.,"A","01","D",,"A",,"A",,"A",.,"A",.,"A",.,"A","1","D","2","D"
"20132",2631843,18,0,"5","01","D","100","D",0.05,"D",100000,"D",20,"D",660,"D",,"A",,"A",,"A",,"A",0,"D",.,"A",.,"A",.,"A",.,"A",.,"A",.,"A",,"A","02","D","2009","D","2","D",,"A",87102,"D",86805,"D",86507,"D","01","D",,"A",,"A","3","D",.,"A",.,"A",.,"A","1","D","2","D"
"20132",2632403,31,0,"5","01","D","100","D",0.14,"D",4881,"D",15,"D",65,"D",,"A",,"A",,"A",,"A",0,"D",41,"D",42,"D",42,"D",24,"D",23,"D",23,"D",,"A","05","D","2001","D","1","D",,"A",2028,"D",1987,"D",1945,"D","01","D",,"A",,"A",,"A",.,"A",.,"A",.,"A","1","D","2","D"
"20132",2635323,24,0,"5","01","D","100","D",0.0524,"D",34929,"D",5,"D",663,"D",,"A",,"A",,"A",,"A",0,"D",572,"D",574,"D",577,"D",91,"D",89,"D",86,"D",,"A","12","D","2010","D","1","D",,"A",20906,"D",20334,"D",19760,"D","01","D",,"A",,"A",,"A",.,"A",.,"A",.,"A","1","D","2","D"
"20132",2635553,36,0,"5","01","D","100","D",0.053,"D",45500,"D",10,"D",489,"D",,"A",,"A",,"A",,"A",0,"D",0,"D",0,"D",0,"D",180,"D",180,"D",180,"D",,"A","12","D","2004","D","2","D",,"A",45500,"D",45500,"D",45500,"D","01","D","1","D",,"A",,"A",180,"D",180,"D",180,"D",,"A","2","D"
"20132",2635703,9,0,"5","01","D","100","D",0.0859,"F",58000,"F",14,"F",664,"F",,"B",,"B",,"B",,"B",69,"F",432,"F",435,"F",439,"F",163,"F",160,"F",156,"F",,"A","10","F","2002","F","1","F",,"A",22719,"F",22287,"F",21851,"F","01","D",,"A",,"A",,"A",.,"A",.,"A",.,"A","1","D","2","D"
"20132",2640053,41,0,"5","01","D","100","D",0.0859,"D",22290,"D",7,"D",354,"D",,"A",,"A",,"A",,"A",0,"D",201,"D",203,"D",204,"D",153,"D",151,"D",150,"D",,"A","10","D","2012","D","1","D",,"A",21304,"D",21102,"D",20899,"D","01","D",,"A",,"A",,"A",.,"A",.,"A",.,"A","1","D","2","D"
"20132",2641633,41,0,"5","01","D","100","D",0.0859,"D",40000,"D",15,"D",816,"D",,"B",,"B",,"B",,"B",420,"D",167,"D",168,"D",169,"D",229,"D",228,"D",227,"D",,"A","04","D","2008","D","1","D",,"A",31984,"D",31817,"D",31649,"D","01","D",,"A",,"A",,"A",.,"A",.,"A",.,"A","1","D","2","D"
"20132",2644123,35,0,"5","01","D","100","D",0.08,"D",225953,"D",18,"D",1977,"D",,"A",,"A",,"A",,"A",0,"D",574,"D",578,"D",582,"D",1403,"D",1399,"D",1395,"D",,"A","09","D","2010","D","1","D",,"A",231876,"T",229892,"T",227896,"T","01","D",,"A",,"A",,"A",.,"A",.,"A",.,"A","1","D","2","D"
"20132",2644993,42,0,"5","01","D","100","D",0.09,"D",54000,"D",10,"D",695,"D",,"B",,"B",,"B",,"B",11,"D",530,"D",534,"D",538,"D",154,"D",150,"D",146,"D",,"A","01","D","2006","D","1","D",,"A",20468,"D",19937,"D",19403,"D","01","D",,"A",,"A",,"A",.,"A",.,"A",.,"A","1","D","2","D"
"20132",2645753,15,0,"5","01","D","100","D",0.0859,"D",33232,"D",15,"D",329,"D",,"A",,"A",,"A",,"A",0,"D",239,"D",240,"D",242,"D",90,"D",89,"D",87,"D",,"A","12","D","2001","D","1","D",,"A",12620,"D",12381,"D",12141,"D","01","D",,"A",,"A",,"A",.,"A",.,"A",.,"A","1","D","2","D"
"20132",2646593,72,0,"5","01","D","100","D",0.097,"D",21000,"D",15,"D",228,"D",,"B",,"B",,"B",,"B",6,"D",92,"D",93,"D",93,"D",117,"D",116,"D",116,"D",,"A","05","D","2007","D","1","D",,"A",16107,"D",16016,"D",15923,"D","01","D",,"A",,"A",,"A",.,"A",.,"A",.,"A","1","D","2","D"
"20132",2647622,36,0,"5","01","D","100","D",0.045,"D",46315,"D",10,"D",480,"D",,"A",,"A",,"A",,"A",0,"D",392,"D",394,"D",395,"D",88,"D",86,"D",85,"D",,"A","07","D","2007","D","1","D",,"A",23425,"D",23033,"D",22639,"D","01","D",,"A",,"A",,"A",.,"A",.,"A",.,"A","1","D","2","D"
"20132",2652382,27,0,"5","01","D","100","D",0.05,"D",20000,"D",5,"D",500,"D",,"B",,"B",,"B",,"B",123,"D",372,"D",374,"D",375,"D",5,"D",3,"D",2,"D",,"A","04","D","2008","D","1","D",,"A",1150,"D",778,"D",404,"D","01","D",,"A",,"A",,"A",.,"A",.,"A",.,"A","1","D","2","D"
"20132",2654022,25,0,"5","01","D","100","D",0.0859,"D",10000,"D",14,"D",103,"D",,"A",,"A",,"A",,"A",0,"D",35,"D",35,"D",36,"D",68,"D",68,"D",67,"D",,"A","09","D","2011","D","1","D",,"A",9469,"D",9434,"D",9399,"D","01","D",,"A",,"A",,"A",.,"A",.,"A",.,"A","1","D","2","D"
"20132",2655102,31,0,"5","01","D","100","D",0.0859,"F",51580,"F",10,"F",642,"F",,"A",,"A",,"A",,"A",0,"F",350,"F",353,"F",355,"F",292,"F",289,"F",287,"F",,"A","04","F","2010","F","1","F",,"A",40774,"F",40424,"F",40071,"F","01","D",,"A",,"A",,"A",.,"A",.,"A",.,"A","1","D","2","D"
"20132",2656022,20,0,"5","01","D","100","D",0.045,"D",15000,"D",6,"D",350,"D",,"B",,"B",,"B",,"B",112,"D",216,"D",217,"D",218,"D",22,"D",21,"D",20,"D",,"A","03","D","2009","D","1","D",,"A",5894,"D",5678,"D",5461,"D","01","D",,"A",,"A",,"A",.,"A",.,"A",.,"A","1","D","2","D"
"20132",2656382,29,0,"1","01","D","100","D",0.06,"D",29274,"D",10,"D",325,"D",,"A",,"A",,"A",,"A",0,"D",253,"D",255,"D",256,"D",72,"D",70,"D",69,"D",,"A","03","D","2007","D","1","D",,"A",14347,"D",14093,"D",13839,"D","01","D",,"A",,"A",,"A",.,"A",.,"A",.,"A","1","D","2","D"
"20132",2657172,24,0,"5","01","D","100","D",0.0859,"D",10000,"D",15,"D",193,"D",,"B",,"B",,"B",,"B",94,"D",35,"D",35,"D",36,"D",64,"D",64,"D",63,"D",,"A","02","D","2010","D","1","D",,"A",8914,"D",8879,"D",8843,"D","01","D",,"A",,"A",,"A",.,"A",.,"A",.,"A","1","D","2","D"
"20132",2659142,19,0,"5","01","D","100","D",0.05,"D",17000,"D",10,"D",257,"D",,"B",,"B",,"B",,"B",77,"D",127,"D",128,"D",128,"D",53,"D",52,"D",52,"D",,"A","01","D","2010","D","1","D",,"A",12643,"D",12515,"D",12387,"D","01","D",,"A",,"A",,"A",.,"A",.,"A",.,"A","1","D","2","D"
"20132",2661572,35,0,"5","01","D","100","D",0.09,"F",30629,"F",10,"F",388,"F",,"A",,"A",,"A",,"A",0,"F",334,"F",337,"F",339,"F",54,"F",51,"F",49,"F",,"A","09","F","2004","F","1","F",,"A",7180,"F",6846,"F",6510,"F","01","D",,"A",,"A",,"A",.,"A",.,"A",.,"A","1","D","2","D"
"20132",2664172,13,0,"5","01","D","100","D",0.062,"F",309156,"V",20,"F",3334,"V",,"A",,"A",,"A",,"A",0,"F",1381,"V",1389,"V",1397,"V",188,"F",178,"F",168,"F",,"A","09","F","1994","F","1","F",,"A",36303,"F",34379,"F",32446,"F","01","D",,"A",,"A",,"A",.,"A",.,"A",.,"A","1","D","2","D"
"20132",2664362,18,0,"1","01","D","100","D",0.0859,"F",22290,"F",7,"F",354,"F",,"A",,"A",,"A",,"A",0,"F",201,"F",203,"F",204,"F",153,"F",151,"F",150,"F",,"A","10","F","2012","F","1","F",,"A",21304,"F",21102,"F",20899,"F","01","D",,"A",,"A",,"A",.,"A",.,"A",.,"A","1","D","2","D"
"20132",2664542,28,0,"5","01","D","100","D",0.048,"D",200000,"D",15,"D",1561,"D",,"A",,"A",,"A",,"A",0,"D",0,"D",0,"D",0,"D",1488,"D",1488,"D",1488,"D",,"A","07","D","2012","D","2","D",,"A",200000,"D",200000,"D",200000,"D","01","D","1","D",,"A",,"A",1920,"T",1919,"T",1488,"D",,"A","2","D"
"20132",2665482,32,0,"5","01","D","100","D",0.04,"D",100000,"D",15,"D",1000,"D",,"B",,"B",,"B",,"B",260,"D",512,"D",513,"D",515,"D",228,"D",227,"D",225,"D",,"A","05","D","2007","D","1","D",,"A",68510,"D",67998,"D",67485,"D","01","D",,"A",,"A",,"A",.,"A",.,"A",.,"A","1","D","2","D"
"20132",2665762,28,0,"5","01","D","100","D",0.075,"D",49752,"D",12,"D",525,"D",,"A",,"A",,"A",,"A",0,"D",239,"D",241,"D",242,"D",286,"D",284,"D",283,"D",,"A","08","D","2011","D","1","D",,"A",45687,"D",45448,"D",45207,"D","01","D",,"A",,"A",,"A",.,"A",.,"A",.,"A","1","D","2","D"
"20132",2665922,37,0,"5","01","D","100","D",0.0859,"D",30000,"D",15,"D",3334,"T",,"B",,"B",,"B",,"B",3103,"D",90,"D",91,"D",92,"D",207,"D",206,"D",205,"D","052013","D","01","D","2012","D","1","D",,"A",28884,"D",28793,"D",28702,"D","01","D",,"A",,"A",,"A",.,"A",.,"A",.,"A","1","D","2","D"
"20132",2667292,21,0,"5","01","D","100","D",0.0859,"F",22290,"F",7,"F",354,"F",,"A",,"A",,"A",,"A",0,"F",201,"F",203,"F",204,"F",153,"F",151,"F",150,"F",,"A","10","F","2012","F","1","F",,"A",21304,"F",21102,"F",20899,"F","01","D",,"A",,"A",,"A",.,"A",.,"A",.,"A","1","D","2","D"
"20132",2668112,31,0,"5","01","D","100","D",0.052,"D",12480,"D",15,"D",100,"D",,"A",,"A",,"A",,"A",0,"D",48,"D",48,"D",48,"D",52,"D",52,"D",52,"D",,"A","06","D","2012","D","1","D",,"A",12107,"D",12059,"D",12012,"D","01","D",,"A",,"A",,"A",.,"A",.,"A",.,"A","1","D","2","D"
"20132",2669452,18,0,"5","01","D","100","D",0.065,"D",10000,"D",9,"D",125,"D",,"B",,"B",,"B",,"B",2,"D",116,"D",117,"D",118,"D",7,"D",6,"D",5,"D",,"A","02","D","2005","D","1","D",,"A",1247,"D",1131,"D",1014,"D","01","D",,"A",,"A",,"A",.,"A",.,"A",.,"A","1","D","2","D"
"20132",2669662,11,0,"5","01","D","100","D",0.0859,"F",13000,"F",7,"F",348,"F",,"B",,"B",,"B",,"B",142,"F",170,"F",171,"F",172,"F",36,"F",35,"F",34,"F",,"A","06","F","2008","F","1","F",,"A",5085,"F",4915,"F",4745,"F","01","D",,"A",,"A",,"A",.,"A",.,"A",.,"A","1","D","2","D"
"20132",2669862,36,0,"5","01","D","100","D",0.0859,"D",28521,"D",10,"D",355,"D",,"A",,"A",,"A",,"A",0,"D",0,"D",0,"D",0,"D",355,"D",355,"D",355,"D",,"A","05","D","2010","D","1","D",,"A",28521,"D",28521,"D",28521,"D","01","D",,"A",,"A",,"A",.,"A",.,"A",.,"A",,"A","2","D"
"20132",2670572,35,0,"5","01","D","100","D",0.0859,"D",100000,"D",10,"D",1245,"D",,"A",,"A",,"A",,"A",0,"D",0,"D",0,"D",0,"D",190,"D",190,"D",190,"D",,"A","06","D","2003","D","2","D",,"A",100000,"D",100000,"D",100000,"D","01","D",,"A","2","D",,"A",190,"D",190,"D",190,"D",,"A","2","D"
"20132",2671752,16,0,"5","01","D","100","D",0.07,"D",30000,"D",12,"D",315,"D",,"B",,"B",,"B",,"B",6,"D",188,"D",189,"D",190,"D",121,"D",120,"D",119,"D",,"A","05","D","2008","D","1","D",,"A",20783,"D",20595,"D",20407,"D","01","D",,"A",,"A",,"A",.,"A",.,"A",.,"A","1","D","2","D"
"20132",2672692,10,0,"1","01","D","100","D",0.0859,"F",75000,"F",17,"F",700,"F",,"A",,"A",,"A",,"A",0,"F",209,"F",211,"F",212,"F",491,"F",489,"F",488,"F",,"A","04","F","2010","F","1","F",,"A",68538,"F",68328,"F",68118,"F","01","D",,"A",,"A",,"A",.,"A",.,"A",.,"A","1","D","2","D"
"20132",2672782,45,0,"5","01","D","100","D",0.08,"D",20000,"D",10,"D",280,"D",,"B",,"B",,"B",,"B",37,"D",190,"D",192,"D",193,"D",53,"D",51,"D",50,"D",,"A","04","D","2006","D","1","D",,"A",7895,"D",7705,"D",7513,"D","01","D",,"A",,"A",,"A",.,"A",.,"A",.,"A","1","D","2","D"
"20132",2673025,27,0,"5","02","D","300","D",0.05,"D",261546,"T",10,"D",3334,"T",,"A",,"A",,"A",,"A",.,"A",4423,"V",4441,"V",4460,"V",844,"F",816,"F",789,"F",,"A","06","F","2005","D","1","D",,"A",195835,"F",189227,"F",182591,"F","01","D",,"A",,"A",,"A",.,"A",.,"A",.,"A","1","D","2","D"
"20132",2673132,20,0,"5","01","D","100","D",0.04,"D",4000,"D",5,"D",500,"D",,"B",,"B",,"B",,"B",426,"D",64,"D",64,"D",64,"D",10,"D",10,"D",10,"D",,"A","12","D","2011","D","1","D",,"A",3068,"D",3005,"D",2941,"D","01","D",,"A",,"A",,"A",.,"A",.,"A",.,"A","1","D","2","D"
"20132",2673752,12,0,"1","01","D","100","D",0.06,"D",22699,"D",10,"D",252,"D",,"A",,"A",,"A",,"A",0,"D",195,"D",196,"D",197,"D",57,"D",56,"D",55,"D",,"A","06","D","2007","D","1","D",,"A",11320,"D",11125,"D",10928,"D","01","D",,"A",,"A",,"A",.,"A",.,"A",.,"A","1","D","2","D"
"20132",2675922,18,0,"1","01","D","100","D",0.0859,"D",51580,"D",10,"D",642,"D",,"A",,"A",,"A",,"A",0,"D",350,"D",353,"D",355,"D",292,"D",289,"D",287,"D",,"A","04","D","2010","D","1","D",,"A",40774,"D",40424,"D",40071,"D","01","D",,"A",,"A",,"A",.,"A",.,"A",.,"A","1","D","2","D"
"20132",2676892,9,0,"5","01","D","100","D",0.085,"D",41128,"D",15,"D",405,"D",,"A",,"A",,"A",,"A",0,"D",215,"D",216,"D",218,"D",190,"D",189,"D",187,"D",,"A","09","D","2005","D","1","D",,"A",26885,"D",26670,"D",26454,"D","01","D",,"A",,"A",,"A",.,"A",.,"A",.,"A","1","D","2","D"
"20132",2676912,30,0,"5","01","D","100","D",0.0859,"D",55000,"D",5,"D",1131,"D",,"A",,"A",,"A",,"A",0,"D",.,"A",.,"A",.,"A",.,"A",.,"A",.,"A",,"A","06","D","2005","D","2","D",,"A",.,"A",.,"A",.,"A","01","D","1","D",,"A",,"A",200,"D",200,"D",200,"D",,"A","2","D"
"20132",2679542,21,0,"5","01","D","100","D",0.0859,"F",33665,"F",6,"F",600,"F",,"A",,"A",,"A",,"A",0,"F",474,"F",478,"F",481,"F",126,"F",122,"F",119,"F",,"A","11","F","2009","F","1","F",,"A",17580,"F",17105,"F",16628,"F","01","D",,"A",,"A",,"A",.,"A",.,"A",.,"A","1","D","2","D"
"20132",2679982,46,0,"5","01","D","100","D",0.09,"F",30629,"F",10,"F",388,"F",,"A",,"A",,"A",,"A",0,"F",334,"F",337,"F",339,"F",54,"F",51,"F",49,"F",,"A","09","F","2004","F","1","F",,"A",7180,"F",6846,"F",6510,"F","01","D",,"A",,"A",,"A",.,"A",.,"A",.,"A","1","D","2","D"
"20132",2680232,39,0,"5","01","D","100","D",0.0859,"D",309156,"T",10,"D",3334,"T",,"A",,"A",,"A",,"A",0,"D",326,"D",328,"D",330,"D",199,"D",197,"D",195,"D",,"A","10","D","2008","D","2","D",,"A",231876,"T",229892,"T",227896,"T","01","D","1","D",,"A",,"A",525,"D",525,"D",525,"D","1","D","2","D"
"20133",2578965,53,0,"5","01","D","100","D",0.0859,"D",35311,"D",5,"D",726,"D",,"A",,"A",,"A",,"A",0,"D",666,"D",671,"D",676,"D",60,"D",55,"D",50,"D",,"A","04","D","2009","D","1","D",,"A",8319,"D",7653,"D",6982,"D","01","D",,"A",,"A",,"A",.,"A",.,"A",.,"A","1","D","2","D"
"20133",2579005,30,0,"5","01","D","100","D",0.09,"D",30629,"D",10,"D",388,"D",,"A",,"A",,"A",,"A",0,"D",342,"D",344,"D",347,"D",46,"D",44,"D",41,"D",,"A","09","D","2004","D","1","D",,"A",6170,"D",5829,"D",5484,"D","01","D",,"A",,"A",,"A",.,"A",.,"A",.,"A","1","D","2","D"
"20133",2579145,39,0,"5","01","D","100","D",0.075,"F",50000,"F",15,"F",563,"F",,"B",,"B",,"B",,"B",99,"F",272,"F",274,"F",276,"F",192,"F",190,"F",188,"F",,"A","06","F","2005","F","1","F",,"A",30700,"F",30428,"F",30154,"F","01","D",,"A",,"A",,"A",.,"A",.,"A",.,"A","1","D","2","D"
"20133",2580155,19,0,"5","01","D","100","D",0.0859,"F",64274,"F",10,"F",800,"F",,"A",,"A",,"A",,"A",0,"F",665,"F",669,"F",674,"F",135,"F",131,"F",126,"F",,"A","08","F","2005","F","1","F",,"A",18918,"F",18253,"F",17584,"F","01","D",,"A",,"A",,"A",.,"A",.,"A",.,"A","1","D","2","D"
"20133",2581695,9,0,"5","01","D","100","D",0.0449,"D",80000,"D",10,"D",829,"D",,"A",,"A",,"A",,"A",0,"D",582,"D",585,"D",587,"D",218,"D",215,"D",213,"D",,"A","05","D","2010","D","2","D",,"A",60243,"D",59640,"D",59034,"D","01","D","1","D",,"A",,"A",800,"D",800,"D",800,"D","1","D","2","D"
"20133",2581965,29,0,"5","01","D","100","D",0.04,"D",40000,"D",20,"D",242,"D",,"A",,"A",,"A",,"A",0,"D",120,"D",121,"D",121,"D",122,"D",121,"D",121,"D",,"A","09","D","2010","D","1","D",,"A",36457,"D",36337,"D",36216,"D","01","D",,"A",,"A",,"A",.,"A",.,"A",.,"A","1","D","2","D"
"20133",2582845,19,0,"5","01","D","100","D",0.0613,"D",61339,"D",10,"D",685,"D",,"A",,"A",,"A",,"A",0,"D",0,"D",0,"D",0,"D",685,"D",685,"D",685,"D",,"A","07","D","2006","D","1","D",,"A",61339,"D",61339,"D",61339,"D","01","D",,"A",,"A",,"A",.,"A",.,"A",.,"A",,"A","2","D"
"20133",2585475,25,0,"5","01","D","100","D",0.05,"D",53000,"D",15,"D",560,"D",,"B",,"B",,"B",,"B",141,"D",288,"D",289,"D",291,"D",131,"D",130,"D",128,"D",,"A","10","D","2005","D","1","D",,"A",31414,"D",31126,"D",30837,"D","01","D",,"A",,"A",,"A",.,"A",.,"A",.,"A","1","D","2","D"
"20133",2586255,42,0,"5","01","D","100","D",0.0725,"D",60000,"D",18,"D",505,"D",,"B",,"B",,"B",,"B",7,"D",207,"D",208,"D",209,"D",285,"D",284,"D",283,"D",,"A","06","D","2007","D","1","D",,"A",48237,"D",48031,"D",47823,"D","01","D",,"A",,"A",,"A",.,"A",.,"A",.,"A","1","D","2","D"
"20133",2588065,18,0,"5","01","D","100","D",0.08,"D",51000,"D",15,"D",500,"D",,"B",,"B",,"B",,"B",13,"D",167,"D",168,"D",169,"D",320,"D",319,"D",318,"D",,"A","09","D","2011","D","1","D",,"A",48033,"D",47866,"D",47698,"D","01","D",,"A",,"A",,"A",.,"A",.,"A",.,"A","1","D","2","D"
"20133",2588175,37,0,"5","01","D","100","D",0.045,"F",46315,"F",10,"F",480,"F",,"A",,"A",,"A",,"A",0,"F",397,"F",398,"F",400,"F",83,"F",82,"F",80,"F",,"A","07","F","2007","F","1","F",,"A",22244,"F",21847,"F",21449,"F","01","D",,"A",,"A",,"A",.,"A",.,"A",.,"A","1","D","2","D"
"20133",2588535,20,0,"5","01","D","100","D",0.0859,"D",58000,"D",14,"D",664,"D",,"B",,"B",,"B",,"B",69,"D",442,"D",445,"D",448,"D",153,"D",150,"D",147,"D",,"A","10","D","2002","D","1","D",,"A",21413,"D",20971,"D",20526,"D","01","D",,"A",,"A",,"A",.,"A",.,"A",.,"A","1","D","2","D"
"20133",2589005,18,0,"5","01","D","100","D",0.0859,"D",18500,"D",10,"D",230,"D",,"A",,"A",,"A",,"A",0,"D",198,"D",199,"D",201,"D",32,"D",31,"D",29,"D",,"A","01","D","2005","D","1","D",,"A",4513,"D",4315,"D",4116,"D","01","D",,"A",,"A",,"A",.,"A",.,"A",.,"A","1","D","2","D"
"20133",2594035,18,0,"5","01","D","100","D",0.06,"F",6000,"F",15,"F",100,"F",,"B",,"B",,"B",,"B",49,"F",24,"F",24,"F",24,"F",27,"F",27,"F",27,"F",,"A","01","F","2011","F","1","F",,"A",5395,"F",5371,"F",5346,"F","01","D","1","D",,"A",,"A",.,"A",.,"A",.,"A","1","D","2","D"
"20133",2594065,36,0,"5","01","D","100","D",0.05,"F",110585,"F",8,"F",1400,"F",,"A",,"A",,"A",,"A",0,"F",975,"F",979,"F",983,"F",425,"F",421,"F",417,"F",,"A","07","F","2012","F","1","F",,"A",101990,"F",101015,"F",100036,"F","01","D",,"A",,"A",,"A",.,"A",.,"A",.,"A","1","D","2","D"
"20133",2594865,26,0,"5","01","D","100","D",0.0859,"D",164541,"D",10,"D",3334,"T","3","D","4","D",,"A",,"A",0,"D",921,"D",928,"D",934,"D",1127,"D",1120,"D",1114,"D",,"A","09","D","2012","D","1","D",,"A",157403,"D",156482,"D",155554,"D","01","D",,"A",,"A",,"A",.,"A",.,"A",.,"A","1","D","2","D"
"20133",2597175,25,0,"5","01","D","100","D",0.0859,"F",33232,"F",15,"F",329,"F",,"A",,"A",,"A",,"A",0,"F",244,"F",246,"F",247,"F",85,"F",83,"F",82,"F",,"A","12","F","2001","F","1","F",,"A",11899,"F",11655,"F",11410,"F","01","D",,"A",,"A",,"A",.,"A",.,"A",.,"A","1","D","2","D"
"20133",2597725,35,0,"5","02","D","200","D",0.06,"D",7204,"D",1,"D",620,"D",,"C",,"C",,"C",,"C",0,"D",.,"A",.,"A",.,"A",.,"A",.,"A",.,"A",,"A","02","D","2006","D","1","D",,"A",.,"A",.,"A",.,"A","01","D",,"A",,"A",,"A",.,"A",.,"A",.,"A",,"C",,"A"
"20133",2599055,41,0,"5","01","D","100","D",0.08,"F",20000,"F",10,"F",280,"F",,"B",,"B",,"B",,"B",37,"F",194,"F",195,"F",197,"F",49,"F",48,"F",46,"F",,"A","04","F","2006","F","1","F",,"A",7320,"F",7126,"F",6931,"F","01","D",,"A",,"A",,"A",.,"A",.,"A",.,"A","1","D","2","D"
"20133",2599335,19,0,"5","01","D","100","D",0.0859,"D",4000,"D",15,"D",125,"D",,"B",,"B",,"B",,"B",85,"D",16,"D",16,"D",16,"D",24,"D",24,"D",24,"D",,"A","07","D","2009","D","1","D",,"A",3383,"D",3368,"D",3352,"D","01","D",,"A",,"A",,"A",.,"A",.,"A",.,"A","1","D","2","D"
"20133",2600805,31,0,"5","01","D","100","D",0.05,"D",5000,"D",15,"D",40,"D",,"A",,"A",,"A",,"A",0,"D",33,"D",33,"D",33,"D",22,"D",22,"D",22,"D",,"A","08","D","2008","D","2","D",,"A",3799,"D",3776,"D",3752,"D","01","D","1","D",,"A",,"A",55,"D",55,"D",55,"D","1","D","2","D"
"20133",2600945,22,0,"5","01","D","100","D",0.0859,"D",84106,"D",9,"D",1147,"D",,"B",,"B",,"B",,"B",26,"D",.,"A",.,"A",.,"A",.,"A",.,"A",.,"A",,"A","06","D","2001","D","1","D",,"A",.,"A",.,"A",.,"A","01","D",,"A",,"A",,"A",.,"A",.,"A",.,"A","1","D","2","D"
"20133",2600945,23,0,"5","01","D","100","D",0.0859,"F",22374,"F",5,"F",460,"F",,"C",,"C",,"C",,"C",0,"F",385,"F",388,"F",390,"F",75,"F",72,"F",70,"F",,"A","06","F","2010","F","1","F",,"A",10496,"F",10111,"F",9723,"F","02","D",,"A",,"A",,"A",.,"A",.,"A",.,"A",,"C",,"A"
"20133",2602455,26,0,"5","01","D","100","D",0.0859,"D",19942,"D",5,"D",410,"D",,"A",,"A",,"A",,"A",0,"D",331,"D",333,"D",336,"D",79,"D",77,"D",74,"D",,"A","12","D","2010","D","1","D",,"A",11034,"D",10703,"D",10370,"D","01","D",,"A",,"A",,"A",.,"A",.,"A",.,"A","1","D","2","D"
"20133",2602875,41,0,"5","01","D","100","D",0.0859,"D",75000,"D",17,"D",700,"D",,"A",,"A",,"A",,"A",0,"D",214,"D",215,"D",217,"D",486,"D",485,"D",483,"D",,"A","04","D","2010","D","1","D",,"A",67905,"D",67691,"D",67476,"D","01","D",,"A",,"A",,"A",.,"A",.,"A",.,"A","1","D","2","D"
"20133",2605085,12,0,"5","01","D","100","D",0.0859,"D",15000,"D",18,"D",143,"D",,"B",,"B",,"B",,"B",6,"D",55,"D",55,"D",55,"D",82,"D",82,"D",82,"D",,"A","04","D","2006","D","1","D",,"A",11496,"D",11441,"D",11386,"D","01","D",,"A",,"A",,"A",.,"A",.,"A",.,"A","1","D","2","D"
"20133",2605385,20,0,"5","01","D","100","D",0.0859,"D",309156,"T",10,"D",3334,"T",,"A",,"A",,"A",,"A",0,"D",1381,"T",1389,"T",1397,"T",1262,"D",1254,"D",1246,"D",,"A","04","D","2012","D","1","D",,"A",231876,"T",229892,"T",227896,"T","01","D",,"A",,"A",,"A",.,"A",.,"A",.,"A","1","D","2","D"
"20133",2607895,26,0,"5","01","D","100","D",0.062,"D",309156,"T",20,"D",3334,"T",,"A",,"A",,"A",,"A",0,"D",1381,"T",1389,"T",1397,"T",158,"D",148,"D",137,"D",,"A","09","D","1994","D","1","D",,"A",30503,"D",28549,"D",26586,"D","01","D",,"A",,"A",,"A",.,"A",.,"A",.,"A","1","D","2","D"
"20133",2609195,35,0,"5","01","D","100","D",0.0675,"D",5000,"D",5,"D",98,"D",,"A",,"A",,"A",,"A",0,"D",607,"D",610,"D",614,"D",91,"D",88,"D",84,"D",,"A","07","D","2010","D","2","D",,"A",2289,"D",2204,"D",2118,"D","01","D",,"A",,"A","3","D",698,"D",698,"D",698,"D","1","D","2","D"
"20133",2610585,31,0,"5","01","D","100","D",0.059,"D",309156,"T",20,"D",1864,"D",,"A",,"A",,"A",,"A",0,"D",1381,"T",1389,"T",1397,"T",605,"D",599,"D",593,"D",,"A","02","D","2000","D","1","D",,"A",123041,"D",121782,"D",120516,"D","01","D",,"A",,"A",,"A",.,"A",.,"A",.,"A","1","D","2","D"
"20133",2611095,20,0,"1","01","D","100","D",0.045,"D",8404,"D",3,"D",250,"D",,"A",,"A",,"A",,"A",0,"D",221,"D",222,"D",223,"D",29,"D",28,"D",27,"D",,"A","03","D","2013","D","1","D",,"A",7746,"D",7525,"D",7303,"D","01","D",,"A",,"A",,"A",.,"A",.,"A",.,"A","1","D","2","D"
"20133",2612625,31,0,"5","01","D","100","D",0.0599,"F",20000,"F",10,"F",222,"F",,"A",,"A",,"A",,"A",0,"F",166,"F",166,"F",167,"F",56,"F",56,"F",55,"F",,"A","04","F","2008","F","1","F",,"A",11314,"F",11148,"F",10982,"F","01","D",,"A",,"A",,"A",.,"A",.,"A",.,"A","1","D","2","D"
"20133",2612685,27,0,"5","01","D","100","D",0.0859,"D",11650,"D",10,"D",145,"D",,"A",,"A",,"A",,"A",0,"D",64,"D",64,"D",65,"D",81,"D",81,"D",80,"D",,"A","01","D","2013","D","1","D",,"A",11338,"D",11274,"D",11209,"D","01","D",,"A",,"A",,"A",.,"A",.,"A",.,"A","1","D","2","D"
"20133",2613195,24,0,"5","01","D","100","D",0.0859,"D",3472,"D",1,"D",303,"D",,"A",,"A",,"A",,"A",0,"D",292,"D",294,"D",297,"D",11,"D",9,"D",6,"D",,"A","09","D","2012","D","1","D",,"A",1483,"D",1190,"D",896,"D","01","D",,"A",,"A",,"A",.,"A",.,"A",.,"A","1","D","2","D"
"20133",2614214,21,0,"5","01","D","100","D",0.0859,"F",64274,"F",10,"F",800,"F",,"A",,"A",,"A",,"A",0,"F",665,"F",669,"F",674,"F",135,"F",131,"F",126,"F",,"A","08","F","2005","F","1","F",,"A",18918,"F",18253,"F",17584,"F","01","D",,"A",,"A",,"A",.,"A",.,"A",.,"A","1","D","2","D"
"20133",2615244,64,0,"5","01","D","100","D",0.049,"D",12000,"D",10,"D",260,"D",,"B",,"B",,"B",,"B",133,"D",.,"A",78,"D",78,"D",.,"A",49,"D",49,"D",,"A","05","D","2013","D","1","D",,"A",.,"A",12000,"D",11922,"D","01","D",,"A",,"A",,"A",.,"A",.,"A",.,"A","1","D","2","D"
"20133",2616124,41,0,"5","01","D","100","D",0.0859,"D",30000,"D",5,"D",617,"D","3","D",,"A",,"A",,"A",0,"D",435,"D",438,"D",441,"D",182,"D",179,"D",176,"D",,"A","05","D","2012","D","1","D",,"A",25413,"D",24978,"D",24540,"D","01","D",,"A",,"A",,"A",.,"A",.,"A",.,"A","1","D","2","D"
"20133",2617124,31,0,"5","02","D","200","D",0.05,"D",130000,"D",26,"D",957,"D","3","D","4","D","5","D",,"A",196,"F",233,"F",234,"F",235,"F",513,"F",512,"F",511,"F",,"A","11","F","2010","D","1","D",,"A",122811,"F",122577,"F",122342,"F","01","D",,"A",,"A",,"A",.,"A",.,"A",.,"A","1","D","2","D"
"20133",2617224,20,0,"5","01","D","100","D",0.0859,"D",20202,"D",15,"D",200,"D",,"A",,"A",,"A",,"A",0,"D",171,"D",172,"D",173,"D",29,"D",28,"D",27,"D",,"A","02","D","2000","D","1","D",,"A",4059,"D",3888,"D",3716,"D","01","D",,"A",,"A",,"A",.,"A",.,"A",.,"A","1","D","2","D"
"20133",2620174,20,0,"5","01","D","100","D",0.0859,"F",309156,"V",10,"F",3334,"V",,"A",,"A",,"A",,"A",0,"F",333,"F",335,"F",337,"F",192,"F",190,"F",188,"F",,"A","10","F","2008","F","2","F",,"A",231876,"V",229892,"V",227896,"V","01","D",,"A",,"A",,"A",525,"F",525,"F",525,"F","1","D","2","D"
"20133",2620524,23,0,"5","01","D","100","D",0.0859,"D",15000,"D",9,"D",200,"D",,"A",,"A",,"A",,"A",0,"D",127,"D",128,"D",129,"D",73,"D",72,"D",71,"D",,"A","08","D","2009","D","1","D",,"A",10230,"D",10103,"D",9975,"D","01","D",,"A",,"A",,"A",.,"A",.,"A",.,"A","1","D","2","D"
"20133",2621114,20,0,"5","02","D","200","D",0.0859,"D",100000,"D",10,"D",1245,"D",,"A",,"A",,"A",,"A",0,"D",0,"D",0,"D",0,"D",.,"A",.,"A",.,"A",,"A","12","D","2010","D","2","D",,"A",100000,"D",100000,"D",100000,"D","01","D","1","D",,"A",,"A",.,"A",.,"A",.,"A",,"A","2","D"
"20133",2621154,12,0,"5","01","D","100","D",0.05,"D",110585,"D",8,"D",1400,"D",,"A",,"A",,"A",,"A",0,"D",975,"D",979,"D",983,"D",425,"D",421,"D",417,"D",,"A","07","D","2012","D","1","D",,"A",101990,"D",101015,"D",100036,"D","01","D",,"A",,"A",,"A",.,"A",.,"A",.,"A","1","D","2","D"
"20133",2621924,25,0,"5","01","D","100","D",0.0649,"F",35000,"F",15,"F",409,"F",,"B",,"B",,"B",,"B",104,"F",135,"F",136,"F",137,"F",170,"F",169,"F",168,"F",,"A","11","F","2010","F","1","F",,"A",31378,"F",31242,"F",31106,"F","01","D",,"A",,"A",,"A",.,"A",.,"A",.,"A","1","D","2","D"
"20133",2622084,33,0,"5","01","D","100","D",0.0649,"D",35000,"D",15,"D",409,"D",,"B",,"B",,"B",,"B",104,"D",135,"D",136,"D",137,"D",170,"D",169,"D",168,"D",,"A","11","D","2010","D","1","D",,"A",31378,"D",31242,"D",31106,"D","01","D",,"A",,"A",,"A",.,"A",.,"A",.,"A","1","D","2","D"
"20133",2622714,37,0,"5","01","D","100","D",0.0859,"D",12000,"D",15,"D",300,"D",,"B",,"B",,"B",,"B",181,"D",.,"A",33,"D",33,"D",.,"A",86,"D",86,"D",,"A","05","D","2013","D","1","D",,"A",.,"A",12000,"D",11967,"D","01","D",,"A",,"A",,"A",.,"A",.,"A",.,"A","1","D","2","D"
"20133",2623764,13,0,"5","01","D","100","D",0.06,"D",6000,"D",15,"D",100,"D",,"B",,"B",,"B",,"B",49,"D",24,"D",24,"D",24,"D",27,"D",27,"D",27,"D",,"A","01","D","2011","D","1","D",,"A",5395,"D",5371,"D",5346,"D","01","D",,"A",,"A",,"A",.,"A",.,"A",.,"A","1","D","2","D"
"20133",2625604,38,0,"5","01","D","100","D",0.04,"D",50000,"D",10,"D",525,"D",,"B",,"B",,"B",,"B",19,"D",464,"D",466,"D",467,"D",42,"D",40,"D",39,"D",,"A","07","D","2005","D","1","D",,"A",12612,"D",12148,"D",11683,"D","01","D",,"A",,"A",,"A",.,"A",.,"A",.,"A","1","D","2","D"
"20133",2628314,35,0,"5","01","D","100","D",0.05,"D",11000,"D",10,"D",119,"D",,"B",,"B",,"B",,"B",2,"D",71,"D",71,"D",72,"D",46,"D",46,"D",45,"D",,"A","05","D","2013","D","1","D",,"A",11000,"D",10929,"D",10857,"D","01","D",,"A",,"A",,"A",.,"A",.,"A",.,"A","1","D","2","D"
"20133",2628744,18,0,"5","01","D","100","D",0.0859,"D",22374,"D",5,"D",460,"D",,"C",,"C",,"C",,"C",0,"D",385,"D",388,"D",390,"D",75,"D",72,"D",70,"D",,"A","06","D","2010","D","1","D",,"A",10496,"D",10111,"D",9723,"D","01","D",,"A",,"A",,"A",.,"A",.,"A",.,"A",,"C",,"A"
"20133",2629664,22,0,"5","01","D","100","D",0.0859,"D",18000,"D",10,"D",224,"D",,"A",,"A",,"A",,"A",0,"D",.,"A",.,"A",.,"A",.,"A",.,"A",.,"A",,"A","07","D","2010","D","2","D",,"A",14350,"D",14229,"D",14107,"D","01","D","1","D",,"A",,"A",372,"D",372,"D",372,"D","1","D","2","D"
"20133",2630244,90,0,"5","01","D","100","D",0.05,"D",30000,"D",15,"D",440,"D",,"B",,"B",,"B",,"B",203,"D",148,"D",149,"D",149,"D",89,"D",88,"D",88,"D",,"A","10","D","2007","D","1","D",,"A",21365,"D",21217,"D",21068,"D","01","D",,"A",,"A",,"A",.,"A",.,"A",.,"A","1","D","2","D"
"20133",2630694,23,0,"5","01","D","100","D",0.06,"D",80000,"D",10,"D",888,"D",,"A",,"A",,"A",,"A",0,"D",417,"D",419,"D",421,"D",159,"D",157,"D",155,"D",,"A","10","D","2008","D","2","D",,"A",49184,"D",48542,"D",47897,"D","01","D","1","D",,"A",,"A",576,"D",576,"D",576,"D","1","D","2","D"
"20133",2631064,50,0,"5","01","D","100","D",0.059,"F",309156,"V",20,"F",1864,"F",,"A",,"A",,"A",,"A",0,"F",1381,"V",1389,"V",1397,"V",605,"F",599,"F",593,"F",,"A","02","F","2000","F","1","F",,"A",123041,"F",121782,"F",120516,"F","01","D",,"A",,"A",,"A",.,"A",.,"A",.,"A","1","D","2","D"
"20133",2631844,36,0,"5","01","D","100","D",0.05,"D",100000,"D",20,"D",660,"D",,"A",,"A",,"A",,"A",0,"D",.,"A",.,"A",.,"A",.,"A",.,"A",.,"A",,"A","02","D","2009","D","2","D",,"A",86207,"D",85906,"D",85604,"D","01","D",,"A",,"A","3","D",.,"C",.,"C",.,"C","1","D","2","D"
"20133",2632104,12,0,"1","01","D","100","D",0.0859,"F",22374,"F",5,"F",460,"F",,"C",,"C",,"C",,"C",0,"F",385,"F",388,"F",390,"F",75,"F",72,"F",70,"F",,"A","06","F","2010","F","1","F",,"A",10496,"F",10111,"F",9723,"F","01","D",,"C",,"C",,"C",.,"A",.,"A",.,"A",,"C",,"A"
"20133",2635324,23,0,"5","01","D","100","D",0.0524,"D",34929,"D",5,"D",663,"D",,"A",,"A",,"A",,"A",0,"D",579,"D",582,"D",584,"D",84,"D",81,"D",79,"D",,"A","12","D","2010","D","1","D",,"A",19184,"D",18604,"D",18023,"D","01","D",,"A",,"A",,"A",.,"A",.,"A",.,"A","1","D","2","D"
"20133",2635554,34,0,"5","01","D","100","D",0.053,"D",45500,"D",10,"D",489,"D",,"A",,"A",,"A",,"A",0,"D",0,"D",0,"D",0,"D",500,"D",500,"D",500,"D",,"A","12","D","2004","D","2","D",,"A",45500,"D",45500,"D",45500,"D","01","D","1","D",,"A",,"A",500,"D",500,"D",500,"D",,"A","2","D"
"20133",2635704,8,0,"5","01","D","100","D",0.0859,"F",85117,"F",5,"F",1750,"F",,"A",,"A",,"A",,"A",0,"F",1381,"V",1389,"V",1397,"V",516,"F",507,"F",498,"F",,"A","07","F","2012","F","1","F",,"A",72110,"F",70877,"F",69634,"F","01","D",,"A",,"A",,"A",.,"A",.,"A",.,"A","1","D","2","D"
"20133",2640054,50,0,"5","01","D","100","D",0.0859,"D",22290,"D",7,"D",354,"D",,"A",,"A",,"A",,"A",0,"D",206,"D",207,"D",209,"D",148,"D",147,"D",145,"D",,"A","10","D","2012","D","1","D",,"A",20695,"D",20489,"D",20282,"D","01","D",,"A",,"A",,"A",.,"A",.,"A",.,"A","1","D","2","D"
"20133",2640964,21,0,"5","01","D","100","D",0.045,"F",15000,"F",6,"F",350,"F",,"B",,"B",,"B",,"B",112,"F",217,"F",218,"F",218,"F",21,"F",20,"F",20,"F",,"A","05","F","2009","F","1","F",,"A",5678,"F",5461,"F",5244,"F","01","D",,"A",,"A",,"A",.,"A",.,"A",.,"A","1","D","2","D"
"20133",2641634,54,0,"5","01","D","100","D",0.0859,"D",40000,"D",15,"D",816,"D",,"B",,"B",,"B",,"B",420,"D",171,"D",172,"D",173,"D",225,"D",224,"D",223,"D",,"A","04","D","2008","D","1","D",,"A",31479,"D",31309,"D",31137,"D","01","D",,"A",,"A",,"A",.,"A",.,"A",.,"A","1","D","2","D"
"20133",2644124,37,0,"5","01","D","100","D",0.08,"D",225953,"D",18,"D",1977,"D",,"A",,"A",,"A",,"A",0,"D",586,"D",590,"D",594,"D",1391,"D",1387,"D",1383,"D",,"A","09","D","2010","D","1","D",,"A",231876,"T",229892,"T",227896,"T","01","D",,"A",,"A",,"A",.,"A",.,"A",.,"A","1","D","2","D"
"20133",2644994,38,0,"5","01","D","100","D",0.09,"D",54000,"D",10,"D",695,"D",,"B",,"B",,"B",,"B",11,"D",543,"D",547,"D",551,"D",141,"D",137,"D",133,"D",,"A","01","D","2006","D","1","D",,"A",18864,"D",18322,"D",17775,"D","01","D",,"A",,"A",,"A",.,"A",.,"A",.,"A","1","D","2","D"
"20133",2645144,19,0,"5","01","D","100","D",0.08,"D",30000,"D",12,"D",325,"D",,"A",,"A",,"A",,"A",0,"D",217,"D",218,"D",220,"D",108,"D",107,"D",105,"D",,"A","07","D","2006","D","1","D",,"A",16203,"D",15986,"D",15767,"D","01","D",,"A",,"A",,"A",.,"A",.,"A",.,"A","1","D","2","D"
"20133",2645754,18,0,"5","01","D","100","D",0.0859,"D",33232,"D",15,"D",329,"D",,"A",,"A",,"A",,"A",0,"D",244,"D",246,"D",247,"D",85,"D",83,"D",82,"D",,"A","12","D","2001","D","1","D",,"A",11899,"D",11655,"D",11410,"D","01","D",,"A",,"A",,"A",.,"A",.,"A",.,"A","1","D","2","D"
"20133",2646594,48,0,"5","01","D","100","D",0.097,"D",21000,"D",15,"D",228,"D",,"B",,"B",,"B",,"B",6,"D",94,"D",95,"D",96,"D",102,"D",102,"D",101,"D",,"A","05","D","2007","D","1","D",,"A",15830,"D",15736,"D",15641,"D","01","D",,"A",,"A",,"A",.,"A",.,"A",.,"A","1","D","2","D"
"20133",2647623,30,0,"5","01","D","100","D",0.045,"D",46315,"D",10,"D",480,"D",,"A",,"A",,"A",,"A",0,"D",397,"D",398,"D",400,"D",83,"D",82,"D",80,"D",,"A","07","D","2007","D","1","D",,"A",22244,"D",21847,"D",21449,"D","01","D",,"A",,"A",,"A",.,"A",.,"A",.,"A","1","D","2","D"
"20133",2649203,51,0,"5","01","D","100","D",0.075,"D",50000,"D",15,"D",563,"D",,"B",,"B",,"B",,"B",99,"D",272,"D",274,"D",276,"D",192,"D",190,"D",188,"D",,"A","06","D","2005","D","1","D",,"A",30700,"D",30428,"D",30154,"D","01","D",,"A",,"A",,"A",.,"A",.,"A",.,"A","1","D","2","D"
"20133",2654023,23,0,"5","01","D","100","D",0.0859,"D",10000,"D",14,"D",103,"D",,"A",,"A",,"A",,"A",0,"D",36,"D",36,"D",36,"D",67,"D",67,"D",67,"D",,"A","09","D","2011","D","1","D",,"A",9363,"D",9327,"D",9291,"D","01","D",,"A",,"A",,"A",.,"A",.,"A",.,"A","1","D","2","D"
"20133",2655103,21,0,"5","01","D","100","D",0.0859,"F",50000,"F",15,"F",670,"F",,"B",,"B",,"B",,"B",175,"F",234,"F",236,"F",237,"F",261,"F",259,"F",258,"F",,"A","01","F","2007","F","1","F",,"A",36453,"F",36219,"F",35984,"F","01","D",,"A",,"A",,"A",.,"A",.,"A",.,"A","1","D","2","D"
"20133",2656023,16,0,"5","01","D","100","D",0.045,"D",15000,"D",6,"D",350,"D",,"B",,"B",,"B",,"B",112,"D",217,"D",218,"D",218,"D",21,"D",20,"D",20,"D",,"A","05","D","2009","D","1","D",,"A",5678,"D",5461,"D",5244,"D","01","D",,"A",,"A",,"A",.,"A",.,"A",.,"A","1","D","2","D"
"20133",2656383,46,0,"5","01","D","100","D",0.06,"D",29274,"D",10,"D",325,"D",,"A",,"A",,"A",,"A",0,"D",257,"D",258,"D",260,"D",68,"D",67,"D",65,"D",,"A","03","D","2007","D","1","D",,"A",13583,"D",13326,"D",13068,"D","01","D",,"A",,"A",,"A",.,"A",.,"A",.,"A","1","D","2","D"
"20133",2661573,30,0,"5","01","D","100","D",0.0687,"D",28787,"D",6,"D",489,"D",,"A",,"A",,"A",,"A",0,"D",426,"D",429,"D",431,"D",63,"D",60,"D",58,"D",,"A","05","D","2009","D","1","D",,"A",10936,"D",10509,"D",10081,"D","01","D",,"A",,"A",,"A",.,"A",.,"A",.,"A","1","D","2","D"
"20133",2664173,15,0,"5","01","D","100","D",0.0859,"F",309156,"V",10,"F",3334,"V",,"A",,"A",,"A",,"A",0,"F",333,"F",335,"F",337,"F",192,"F",190,"F",188,"F",,"A","10","F","2008","F","2","F",,"A",231876,"V",229892,"V",227896,"V","01","D",,"A",,"A",,"A",525,"F",525,"F",525,"F","1","D","2","D"
"20133",2664543,25,0,"5","01","D","100","D",0.048,"D",200000,"D",15,"D",1561,"D",,"A",,"A",,"A",,"A",0,"D",0,"D",0,"D",0,"D",1385,"D",1385,"D",1385,"D",,"A","07","D","2012","D","2","D",,"A",200000,"D",200000,"D",200000,"D","01","D","1","D",,"A",,"A",1400,"D",1414,"D",1385,"D",,"A","2","D"
"20133",2665763,27,0,"5","01","D","100","D",0.075,"D",49752,"D",12,"D",525,"D",,"A",,"A",,"A",,"A",0,"D",244,"D",245,"D",247,"D",281,"D",280,"D",278,"D",,"A","08","D","2011","D","1","D",,"A",44965,"D",44721,"D",44475,"D","01","D",,"A",,"A",,"A",.,"A",.,"A",.,"A","1","D","2","D"
"20133",2665923,15,0,"5","01","D","100","D",0.045,"D",30000,"D",15,"D",444,"D",,"B",,"B",,"B",,"B",215,"D",116,"D",117,"D",117,"D",113,"D",112,"D",112,"D",,"A","05","D","2013","D","1","D",,"A",30000,"D",29884,"D",29767,"D","01","D",,"A",,"A",,"A",.,"A",.,"A",.,"A","1","D","2","D"
"20133",2667293,25,0,"5","01","D","100","D",0.065,"F",26400,"F",20,"F",204,"F",,"B",,"B",,"B",,"B",7,"F",55,"F",55,"F",55,"F",142,"F",142,"F",142,"F",,"A","04","F","2013","F","1","F",,"A",26292,"F",26237,"F",26182,"F","01","D",,"A",,"A",,"A",.,"A",.,"A",.,"A","1","D","2","D"
"20133",2668113,30,0,"5","01","D","100","D",0.052,"D",12480,"D",15,"D",100,"D",,"A",,"A",,"A",,"A",0,"D",48,"D",48,"D",49,"D",52,"D",52,"D",51,"D",,"A","06","D","2012","D","1","D",,"A",11964,"D",11916,"D",11867,"D","01","D",,"A",,"A",,"A",.,"A",.,"A",.,"A","1","D","2","D"
"20133",2669453,24,0,"5","01","D","100","D",0.065,"D",10000,"D",9,"D",125,"D",,"B",,"B",,"B",,"B",2,"D",118,"D",119,"D",119,"D",5,"D",4,"D",4,"D",,"A","02","D","2005","D","1","D",,"A",897,"D",779,"D",660,"D","01","D",,"A",,"A",,"A",.,"A",.,"A",.,"A","1","D","2","D"
"20133",2670573,29,0,"5","01","D","100","D",0.0859,"D",100000,"D",10,"D",1245,"D",,"A",,"A",,"A",,"A",0,"D",.,"A",.,"A",.,"A",.,"A",.,"A",.,"A",,"A","03","D","2003","D","2","D",,"A",.,"A",.,"A",.,"A","01","D",,"A","2","D",,"A",400,"D",400,"D",400,"D",,"A","2","D"
"20133",2671753,16,0,"5","01","D","100","D",0.07,"D",30000,"D",12,"D",315,"D",,"B",,"B",,"B",,"B",6,"D",191,"D",192,"D",193,"D",118,"D",117,"D",116,"D",,"A","05","D","2008","D","1","D",,"A",20217,"D",20026,"D",19833,"D","01","D",,"A",,"A",,"A",.,"A",.,"A",.,"A","1","D","2","D"
"20133",2672783,40,0,"5","01","D","100","D",0.08,"D",20000,"D",10,"D",280,"D",,"B",,"B",,"B",,"B",37,"D",194,"D",195,"D",197,"D",49,"D",48,"D",46,"D",,"A","04","D","2006","D","1","D",,"A",7320,"D",7126,"D",6931,"D","01","D",,"A",,"A",,"A",.,"A",.,"A",.,"A","1","D","2","D"
"20133",2673133,26,0,"5","01","D","100","D",0.04,"D",4000,"D",5,"D",500,"D",,"B",,"B",,"B",,"B",426,"D",64,"D",65,"D",65,"D",10,"D",9,"D",9,"D",,"A","12","D","2011","D","1","D",,"A",2877,"D",2812,"D",2747,"D","01","D",,"A",,"A",,"A",.,"A",.,"A",.,"A","1","D","2","D"
"20133",2674183,19,0,"5","02","D","300","D",0.0699,"D",19301,"D",10,"D",224,"D",,"A",,"A",,"A",,"A",0,"D",112,"D",112,"D",113,"D",112,"D",112,"D",111,"D",,"A","06","D","2013","D","1","D",,"A",19301,"D",19189,"D",19077,"D","01","D",,"A",,"A",,"A",.,"A",.,"A",.,"A","1","D","2","D"
"20133",2674813,20,0,"5","01","D","100","D",0.065,"D",40000,"D",15,"D",348,"D",,"A",,"A",,"A",,"A",0,"D",0,"D",0,"D",0,"D",.,"A",1995,"D",1995,"D",,"A","07","D","2013","D","2","D",,"A",40000,"D",40000,"D",40000,"D","01","D","1","D",,"A",,"A",1920,"T",1919,"T",2021,"T",,"A","2","D"
"20133",2675633,25,0,"1","01","D","100","D",0.0575,"D",34923,"D",15,"D",290,"D",,"A",,"A",,"A",,"A",0,"D",151,"D",152,"D",153,"D",139,"D",138,"D",137,"D",,"A","10","D","2009","D","1","D",,"A",28931,"D",28779,"D",28627,"D","01","D",,"A",,"A",,"A",.,"A",.,"A",.,"A","1","D","2","D"
"20133",2675923,29,0,"5","01","D","100","D",0.0859,"D",51580,"D",10,"D",642,"D",,"A",,"A",,"A",,"A",0,"D",358,"D",360,"D",363,"D",284,"D",282,"D",279,"D",,"A","04","D","2010","D","1","D",,"A",39716,"D",39359,"D",38998,"D","01","D",,"A",,"A",,"A",.,"A",.,"A",.,"A","1","D","2","D"
"20133",2676893,10,0,"5","01","D","100","D",0.085,"D",41128,"D",15,"D",405,"D",,"A",,"A",,"A",,"A",0,"D",219,"D",221,"D",222,"D",186,"D",184,"D",183,"D",,"A","09","D","2005","D","1","D",,"A",26237,"D",26018,"D",25797,"D","01","D",,"A",,"A",,"A",.,"A",.,"A",.,"A","1","D","2","D"
"20133",2676913,24,0,"5","01","D","100","D",0.0859,"D",55000,"D",10,"D",685,"D",,"A",,"A",,"A",,"A",0,"D",0,"D",0,"D",0,"D",900,"D",900,"D",900,"D",,"A","06","D","2005","D","2","D",,"A",55000,"D",55000,"D",55000,"D","01","D","1","D",,"A",,"A",900,"D",900,"D",900,"D",,"A","2","D"
"20133",2679543,32,0,"5","01","D","100","D",0.0575,"F",34923,"F",15,"F",290,"F",,"A",,"A",,"A",,"A",0,"F",151,"F",152,"F",153,"F",139,"F",138,"F",137,"F",,"A","10","F","2009","F","1","F",,"A",28931,"F",28779,"F",28627,"F","01","D",,"A",,"A",,"A",.,"A",.,"A",.,"A","1","D","2","D"
"20133",2679983,28,0,"5","01","D","100","D",0.0859,"F",20202,"F",15,"F",200,"F",,"A",,"A",,"A",,"A",0,"F",171,"F",172,"F",173,"F",29,"F",28,"F",27,"F",,"A","02","F","2000","F","1","F",,"A",4059,"F",3888,"F",3716,"F","01","D",,"A",,"A",,"A",.,"A",.,"A",.,"A","1","D","2","D"
"20133",2680233,32,0,"5","01","D","100","D",0.0859,"D",309156,"T",10,"D",3334,"T",,"A",,"A",,"A",,"A",0,"D",333,"D",335,"D",337,"D",192,"D",190,"D",188,"D",,"A","10","D","2008","D","2","D",,"A",231876,"T",229892,"T",227896,"T","01","D","1","D",,"A",,"A",525,"D",525,"D",525,"D","1","D","2","D"
"20133",2680312,26,0,"5","01","D","100","D",0.0859,"F",15000,"F",18,"F",143,"F",,"B",,"B",,"B",,"B",6,"F",55,"F",55,"F",55,"F",82,"F",82,"F",82,"F",,"A","04","F","2006","F","1","F",,"A",11496,"F",11441,"F",11386,"F","01","D",,"A",,"A",,"A",.,"A",.,"A",.,"A","1","D","2","D"
"20133",2681602,22,0,"5","01","D","100","D",0.04,"F",50000,"F",10,"F",525,"F",,"B",,"B",,"B",,"B",19,"F",464,"F",466,"F",467,"F",42,"F",40,"F",39,"F",,"A","07","F","2005","F","1","F",,"A",12612,"F",12148,"F",11683,"F","01","D",,"A",,"A",,"A",.,"A",.,"A",.,"A","1","D","2","D"
"20133",2683372,21,0,"5","01","D","100","D",0.0859,"D",3615,"D",10,"D",45,"D",,"A",,"A",,"A",,"A",0,"D",21,"D",21,"D",21,"D",24,"D",24,"D",24,"D",,"A","06","D","2012","D","1","D",,"A",3417,"D",3397,"D",3376,"D","01","D",,"A",,"A",,"A",.,"A",.,"A",.,"A","1","D","2","D"
"20133",2683642,30,0,"5","01","D","100","D",0.05,"D",51855,"D",10,"D",550,"D",,"A",,"A",,"A",,"A",0,"D",421,"D",423,"D",425,"D",129,"D",127,"D",125,"D",,"A","08","D","2008","D","1","D",,"A",30842,"D",30420,"D",29997,"D","01","D",,"A",,"A",,"A",.,"A",.,"A",.,"A","1","D","2","D"
"20133",2683712,31,0,"5","01","D","300","D",0.14,"D",11864,"D",15,"D",158,"D",,"A",,"A",,"A",,"A",0,"D",42,"D",43,"D",43,"D",116,"D",115,"D",115,"D",,"A","10","D","2007","D","1","D",,"A",9933,"D",9891,"D",9848,"D","01","D",,"A",,"A",,"A",.,"A",.,"A",.,"A","1","D","2","D"
"20133",2684022,23,0,"5","01","D","100","D",0.04,"D",9463,"D",15,"D",70,"D",,"A",,"A",,"A",,"A",0,"D",39,"D",39,"D",39,"D",31,"D",31,"D",31,"D",,"A","10","D","2012","D","1","D",,"A",9230,"D",9191,"D",9152,"D","01","D",,"A",,"A",,"A",.,"A",.,"A",.,"A","1","D","2","D"
"20133",2685372,26,0,"5","01","D","100","D",0.085,"D",50000,"D",12,"D",570,"D",,"B",,"B",,"B",,"B",15,"D",329,"D",331,"D",334,"D",226,"D",224,"D",221,"D",,"A","06","D","2007","D","1","D",,"A",31883,"D",31553,"D",31222,"D","01","D",,"A",,"A",,"A",.,"A",.,"A",.,"A","1","D","2","D"
"20133",2685452,28,0,"5","01","D","100","D",0.0859,"F",33232,"F",15,"F",329,"F",,"A",,"A",,"A",,"A",0,"F",244,"F",246,"F",247,"F",85,"F",83,"F",82,"F",,"A","12","F","2001","F","1","F",,"A",11899,"F",11655,"F",11410,"F","01","D",,"C",,"C",,"C",.,"A",.,"A",.,"A","1","D","2","D"
"20133",2686262,13,0,"5","01","D","100","D",0.0859,"D",31483,"D",7,"D",500,"D",,"A",,"A",,"A",,"A",0,"D",326,"D",328,"D",331,"D",174,"D",172,"D",169,"D",,"A","04","D","2011","D","1","D",,"A",24320,"D",23994,"D",23665,"D","01","D",,"A",,"A",,"A",.,"A",.,"A",.,"A","1","D","2","D"
"20133",2687222,33,0,"5","01","D","100","D",0.0859,"F",64274,"F",10,"F",800,"F",,"A",,"A",,"A",,"A",0,"F",665,"F",669,"F",674,"F",135,"F",131,"F",126,"F",,"A","08","F","2005","F","1","F",,"A",18918,"F",18253,"F",17584,"F","01","D",,"A",,"A",,"A",.,"A",.,"A",.,"A","1","D","2","D"
"20133",2687472,33,0,"5","02","D","300","D",0.0525,"D",261546,"T",15,"D",400,"D",,"A",,"A",,"A",,"A",0,"D",209,"D",210,"D",211,"D",191,"D",190,"D",189,"D",,"A","09","D","2010","D","1","D",,"A",43721,"D",43512,"D",43302,"D","01","D",,"A",,"A",,"A",.,"A",.,"A",.,"A","1","D","2","D"
"20133",2688882,26,0,"5","01","D","100","D",0.0859,"D",50000,"D",15,"D",670,"D",,"B",,"B",,"B",,"B",175,"D",234,"D",236,"D",237,"D",261,"D",259,"D",258,"D",,"A","01","D","2007","D","1","D",,"A",36453,"D",36219,"D",35984,"D","01","D",,"A",,"A",,"A",.,"A",.,"A",.,"A","1","D","2","D"
"20133",2689802,26,0,"5","02","D","300","D",0.0859,"D",261546,"T",15,"D",350,"D",,"B",,"B",,"B",,"B",152,"D",65,"D",65,"D",66,"D",80,"D",80,"D",79,"D",,"A","05","D","2011","D","1","D",,"A",18634,"D",18570,"D",18505,"D","01","D",,"A",,"A",,"A",.,"A",.,"A",.,"A","1","D","2","D"
"20133",2692482,23,0,"5","01","D","100","D",0.045,"D",17000,"D",3,"D",600,"D",,"B",,"B",,"B",,"B",94,"D",.,"A",442,"D",444,"D",.,"A",64,"D",62,"D",,"A","06","D","2013","D","1","D",,"A",.,"A",17000,"D",16558,"D","01","D",,"A",,"A",,"A",.,"A",.,"A",.,"A","1","D","2","D"
"20133",2692842,18,0,"5","01","D","100","D",0.0859,"F",30000,"F",15,"F",400,"F",,"B",,"B",,"B",,"B",103,"F",194,"F",195,"F",196,"F",103,"F",102,"F",101,"F",,"A","06","F","2003","F","1","F",,"A",14447,"F",14254,"F",14059,"F","01","D",,"A",,"A",,"A",.,"A",.,"A",.,"A","1","D","2","D"
"20133",2693942,50,0,"5","01","D","100","D",0.0675,"D",10000,"D",10,"D",204,"D",,"B",,"B",,"B",,"B",89,"D",70,"D",70,"D",70,"D",45,"D",45,"D",45,"D",,"A","11","D","2010","D","1","D",,"A",8086,"D",8016,"D",7946,"D","01","D",,"A",,"A",,"A",.,"A",.,"A",.,"A","1","D","2","D"
"20133",2694102,26,0,"5","01","D","100","D",0.05,"D",30000,"D",15,"D",500,"D",,"A","4","D",,"A",,"A",263,"D",138,"D",138,"D",139,"D",99,"D",99,"D",98,"D",,"A","03","D","2009","D","1","D",,"A",23788,"D",23650,"D",23512,"D","01","D",,"A",,"A",,"A",.,"A",.,"A",.,"A","1","D","2","D"
"20133",2694232,14,0,"5","01","D","100","D",0.065,"F",40000,"F",15,"F",348,"F",,"A",,"A",,"A",,"A",0,"F",0,"F",0,"F",0,"F",.,"A",1995,"F",1995,"F",,"A","07","F","2013","F","2","F",,"A",40000,"F",40000,"F",40000,"F","01","D","1","D",,"A",,"A",1920,"V",1919,"V",2021,"V",,"A","2","D"
"20133",2694302,14,0,"5","01","D","100","D",0.0859,"F",58000,"F",14,"F",664,"F",,"B",,"B",,"B",,"B",69,"F",442,"F",445,"F",448,"F",153,"F",150,"F",147,"F",,"A","10","F","2002","F","1","F",,"A",21413,"F",20971,"F",20526,"F","01","D",,"A",,"A",,"A",.,"A",.,"A",.,"A","1","D","2","D"
"20133",2695262,41,0,"5","01","D","100","D",0.105,"D",59707,"D",15,"D",660,"D",,"A",,"A",,"A",,"A",0,"D",253,"D",255,"D",258,"D",407,"D",405,"D",402,"D",,"A","07","D","2007","D","1","D",,"A",46499,"D",46246,"D",45990,"D","01","D",,"A",,"A",,"A",.,"A",.,"A",.,"A","1","D","2","D"
"20133",2696322,26,0,"5","01","D","100","D",0.0859,"D",3333,"D",15,"D",33,"D",,"A",,"A",,"A",,"A",0,"D",33,"D",.,"A",.,"A",0,"D",.,"A",.,"A",,"A","06","D","1998","D","1","D",,"A",32,"D",.,"A",.,"A","01","D",,"A",,"A",,"A",.,"A",.,"A",.,"A","1","D","2","D"
"20133",2696382,19,0,"5","01","D","100","D",0.09,"D",49556,"D",13,"D",540,"D",,"A",,"A",,"A",,"A",0,"D",345,"D",347,"D",350,"D",195,"D",193,"D",190,"D",,"A","05","D","2005","D","1","D",,"A",26014,"D",25669,"D",25322,"D","01","D",,"A",,"A",,"A",.,"A",.,"A",.,"A","1","D","2","D"
"20133",2698712,20,0,"5","01","D","100","D",0.07,"D",15000,"D",5,"D",297,"D",,"A",,"A",,"A",,"A",0,"D",223,"D",225,"D",226,"D",74,"D",72,"D",71,"D",,"A","06","D","2012","D","1","D",,"A",12627,"D",12404,"D",12179,"D","01","D",,"A",,"A",,"A",.,"A",.,"A",.,"A","1","D","2","D"
"20133",2700262,17,0,"5","01","D","100","D",0.065,"F",10000,"F",9,"F",125,"F",,"B",,"B",,"B",,"B",2,"F",118,"F",119,"F",119,"F",5,"F",4,"F",4,"F",,"A","02","F","2005","F","1","F",,"A",897,"F",779,"F",660,"F","01","D",,"A",,"A",,"A",.,"A",.,"A",.,"A","1","D","2","D"
"20133",2701612,62,0,"5","01","D","100","D",0.0599,"D",20000,"D",10,"D",222,"D",,"A",,"A",,"A",,"A",0,"D",166,"D",166,"D",167,"D",56,"D",56,"D",55,"D",,"A","04","D","2008","D","1","D",,"A",11314,"D",11148,"D",10982,"D","01","D",,"A",,"A",,"A",.,"A",.,"A",.,"A","1","D","2","D"
"20133",2702942,24,0,"5","01","D","100","D",0.0859,"D",64274,"D",10,"D",800,"D",,"A",,"A",,"A",,"A",0,"D",665,"D",669,"D",674,"D",135,"D",131,"D",126,"D",,"A","08","D","2005","D","1","D",,"A",18918,"D",18253,"D",17584,"D","01","D",,"A",,"A",,"A",.,"A",.,"A",.,"A","1","D","2","D"
"20133",2705002,32,0,"5","01","D","100","D",0.065,"D",26400,"D",20,"D",204,"D",,"B",,"B",,"B",,"B",7,"D",55,"D",55,"D",55,"D",142,"D",142,"D",142,"D",,"A","04","D","2013","D","1","D",,"A",26292,"D",26237,"D",26182,"D","01","D",,"A",,"A",,"A",.,"A",.,"A",.,"A","1","D","2","D"
"20133",2707452,34,0,"5","01","D","100","D",0.05,"D",55000,"D",10,"D",658,"D",,"B",,"B",,"B",,"B",75,"D",500,"D",502,"D",504,"D",83,"D",81,"D",79,"D",,"A","07","D","2006","D","1","D",,"A",20000,"D",19500,"D",18999,"D","01","D",,"A",,"A",,"A",.,"A",.,"A",.,"A","1","D","2","D"
"20133",2710612,49,0,"5","01","D","100","D",0.0859,"D",85117,"D",5,"D",1750,"D",,"A",,"A",,"A",,"A",0,"D",1381,"T",1389,"T",1397,"T",516,"D",507,"D",498,"D",,"A","07","D","2012","D","1","D",,"A",72110,"D",70877,"D",69634,"D","01","D",,"A",,"A",,"A",.,"A",.,"A",.,"A","1","D","2","D"
"20133",2710712,40,0,"5","01","D","100","D",0.0575,"D",20984,"D",3,"D",636,"D",,"A",,"A",,"A",,"A",0,"D",538,"D",541,"D",543,"D",98,"D",95,"D",93,"D",,"A","05","D","2013","D","1","D",,"A",20449,"D",19911,"D",19370,"D","01","D",,"A",,"A",,"A",.,"A",.,"A",.,"A","1","D","2","D"
"20133",2710842,29,0,"5","01","D","100","D",0.0859,"D",30000,"D",15,"D",400,"D",,"B",,"B",,"B",,"B",103,"D",194,"D",195,"D",196,"D",103,"D",102,"D",101,"D",,"A","06","D","2003","D","1","D",,"A",14447,"D",14254,"D",14059,"D","01","D",,"A",,"A",,"A",.,"A",.,"A",.,"A","1","D","2","D"
"20134",2614215,21,0,"5","01","D","100","D",0.0859,"F",64274,"F",10,"F",800,"F",,"A",,"A",,"A",,"A",0,"F",679,"F",684,"F",689,"F",121,"F",116,"F",111,"F",,"A","08","F","2005","F","1","F",,"A",16910,"F",16231,"F",15547,"F","01","D",,"A",,"A",,"A",.,"A",.,"A",.,"A","1","D","2","D"
"20134",2615245,45,0,"5","01","D","100","D",0.054,"D",26000,"D",10,"D",290,"D","3","D","4","D",,"A",,"A",9,"D",164,"D",165,"D",165,"D",117,"D",116,"D",116,"D",,"A","07","D","2013","D","1","D","072013","D",26000,"D",25836,"D",25671,"D","01","D",,"A",,"A",,"A",.,"A",.,"A",.,"A","1","D","2","D"
"20134",2616125,35,0,"5","01","D","100","D",0.0859,"D",30000,"D",5,"D",617,"D","3","D",,"A",,"A",,"A",0,"D",444,"D",448,"D",451,"D",173,"D",169,"D",166,"D",,"A","05","D","2012","D","1","D",,"A",24099,"D",23654,"D",23207,"D","01","D",,"A",,"A",,"A",.,"A",.,"A",.,"A","1","D","2","D"
"20134",2617125,32,0,"5","02","D","200","D",0.05,"D",130000,"D",26,"D",957,"D","3","D","4","D","5","D",,"A",196,"F",239,"F",240,"F",241,"F",507,"F",506,"F",505,"F",,"A","11","F","2010","D","1","D",,"A",121394,"F",121155,"F",120914,"F","01","D",,"A",,"A",,"A",.,"A",.,"A",.,"A","1","D","2","D"
"20134",2617225,19,0,"5","01","D","100","D",0.0859,"D",20202,"D",15,"D",200,"D",,"A",,"A",,"A",,"A",0,"D",175,"D",176,"D",177,"D",25,"D",24,"D",23,"D",,"A","02","D","2000","D","1","D",,"A",3542,"D",3368,"D",3192,"D","01","D",,"A",,"A",,"A",.,"A",.,"A",.,"A","1","D","2","D"
"20134",2620175,18,0,"5","01","D","100","D",0.08,"F",225953,"F",18,"F",1977,"F",,"A",,"A",,"A",,"A",0,"F",598,"F",602,"F",606,"F",1379,"F",1375,"F",1371,"F",,"A","09","F","2010","F","1","F",,"A",231876,"V",229892,"V",227896,"V","01","D",,"A",,"A",,"A",.,"A",.,"A",.,"A","1","D","2","D"
"20134",2621115,23,0,"5","02","D","200","D",0.0859,"D",100000,"D",10,"D",1245,"D",,"A",,"A",,"A",,"A",0,"D",0,"D",0,"D",0,"D",1000,"D",1000,"D",1000,"D",,"A","12","D","2010","D","2","D",,"A",100000,"D",100000,"D",100000,"D","01","D","1","D",,"A",,"A",.,"C",1000,"D",1000,"D",,"A","2","D"
"20134",2621155,12,0,"5","01","D","100","D",0.0859,"F",101008,"F",15,"F",1000,"F",,"B",,"B",,"B",,"B",.,"A",807,"F",813,"F",819,"F",193,"F",187,"F",181,"F",,"A","01","F","2001","F","1","F",,"A",26104,"F",25291,"F",24472,"F","01","D",,"A",,"A",,"A",.,"A",.,"A",.,"A","1","D","2","D"
"20134",2621925,21,0,"5","01","D","100","D",0.0649,"F",35000,"F",15,"F",409,"F",,"B",,"B",,"B",,"B",104,"F",138,"F",138,"F",139,"F",167,"F",167,"F",166,"F",,"A","11","F","2010","F","1","F",,"A",30969,"F",30832,"F",30694,"F","01","D",,"A",,"A",,"A",.,"A",.,"A",.,"A","1","D","2","D"
"20134",2622085,47,0,"5","01","D","100","D",0.0649,"D",35000,"D",15,"D",409,"D",,"B",,"B",,"B",,"B",104,"D",138,"D",138,"D",139,"D",167,"D",167,"D",166,"D",,"A","11","D","2010","D","1","D",,"A",30969,"D",30832,"D",30694,"D","01","D",,"A",,"A",,"A",.,"A",.,"A",.,"A","1","D","2","D"
"20134",2623765,12,0,"5","01","D","100","D",0.06,"D",6000,"D",15,"D",100,"D",,"B",,"B",,"B",,"B",49,"D",24,"D",25,"D",25,"D",27,"D",26,"D",26,"D",,"A","01","D","2011","D","1","D",,"A",5322,"D",5298,"D",5273,"D","01","D",,"A",,"A",,"A",.,"A",.,"A",.,"A","1","D","2","D"
"20134",2624575,28,0,"5","01","D","100","D",0.07,"D",7000,"D",7,"D",120,"D",,"B",,"B",,"B",,"B",14,"D",99,"D",100,"D",100,"D",7,"D",6,"D",6,"D",,"A","08","D","2007","D","1","D",,"A",1190,"D",1091,"D",991,"D","02","D",,"A",,"A",,"A",.,"A",.,"A",.,"A","1","D","2","D"
"20134",2625605,38,0,"5","01","D","100","D",0.04,"D",50000,"D",10,"D",525,"D",,"B",,"B",,"B",,"B",19,"D",461,"D",462,"D",464,"D",45,"D",44,"D",42,"D",,"A","12","D","2005","D","1","D",,"A",13536,"D",13075,"D",12612,"D","01","D",,"A",,"A",,"A",.,"A",.,"A",.,"A","1","D","2","D"
"20134",2625805,10,0,"5","01","D","100","D",0.0474,"D",20000,"D",10,"D",210,"D",,"C",,"C",,"C",,"C",0,"D",.,"A",131,"D",132,"D",.,"A",79,"D",78,"D",,"A","09","D","2013","D","1","D",,"A",.,"A",20000,"D",19869,"D","01","D",,"A",,"A",,"A",.,"A",.,"A",.,"A",,"C",,"A"
"20134",2628315,26,0,"5","01","D","100","D",0.05,"D",11000,"D",10,"D",119,"D",,"B",,"B",,"B",,"B",2,"D",72,"D",72,"D",73,"D",45,"D",45,"D",44,"D",,"A","05","D","2013","D","1","D",,"A",10786,"D",10714,"D",10641,"D","01","D",,"A",,"A",,"A",.,"A",.,"A",.,"A","1","D","2","D"
"20134",2628745,15,0,"5","01","D","100","D",0.0859,"D",22374,"D",5,"D",460,"D",,"C",,"C",,"C",,"C",0,"D",393,"D",396,"D",399,"D",67,"D",64,"D",61,"D",,"A","06","D","2010","D","1","D",,"A",9333,"D",8940,"D",8544,"D","01","D",,"A",,"A",,"A",.,"A",.,"A",.,"A",,"C",,"A"
"20134",2630245,75,0,"5","01","D","100","D",0.05,"D",30000,"D",15,"D",440,"D",,"B",,"B",,"B",,"B",203,"D",150,"D",150,"D",151,"D",87,"D",87,"D",86,"D",,"A","10","D","2007","D","1","D",,"A",20919,"D",20769,"D",20618,"D","01","D",,"A",,"A",,"A",.,"A",.,"A",.,"A","1","D","2","D"
"20134",2631065,41,0,"5","01","D","100","D",0.0859,"F",101008,"F",15,"F",1000,"F",,"B",,"B",,"B",,"B",.,"A",807,"F",813,"F",819,"F",193,"F",187,"F",181,"F",,"A","01","F","2001","F","1","F",,"A",26104,"F",25291,"F",24472,"F","01","D",,"A",,"A",,"A",.,"A",.,"A",.,"A","1","D","2","D"
"20134",2631845,32,0,"5","01","D","100","D",0.05,"D",100000,"D",20,"D",660,"D",,"A",,"A",,"A",,"A",0,"D",406,"D",408,"D",409,"D",474,"D",472,"D",471,"D",,"A","02","D","2009","D","2","D",,"A",85301,"D",84997,"D",84691,"D","01","D",,"A",,"A","3","D",880,"D",880,"D",880,"D","1","D","2","D"
"20134",2632105,14,0,"5","01","D","100","D",0.0859,"F",22374,"F",5,"F",460,"F",,"C",,"C",,"C",,"C",0,"F",393,"F",396,"F",399,"F",67,"F",64,"F",61,"F",,"A","06","F","2010","F","1","F",,"A",9333,"F",8940,"F",8544,"F","01","D",,"C",,"C",,"C",.,"A",.,"A",.,"A",,"C",,"A"
"20134",2635325,23,0,"5","01","D","100","D",0.0524,"D",34929,"D",5,"D",663,"D",,"A",,"A",,"A",,"A",0,"D",587,"D",589,"D",592,"D",76,"D",74,"D",71,"D",,"A","12","D","2010","D","1","D",,"A",17438,"D",16851,"D",16262,"D","01","D",,"A",,"A",,"A",.,"A",.,"A",.,"A","1","D","2","D"
"20134",2635555,35,0,"5","01","D","100","D",0.053,"D",45500,"D",5,"D",865,"D",,"A",,"A",,"A",,"A",0,"D",.,"A",.,"A",.,"A",.,"A",.,"A",.,"A",,"A","12","D","2004","D","2","D",,"A",.,"A",.,"A",.,"A","01","D","1","D",,"A",,"A",541,"D",541,"D",541,"D",,"A","2","D"
"20134",2635705,8,0,"5","01","D","100","D",0.05,"F",100000,"F",20,"F",660,"F",,"A",,"A",,"A",,"A",0,"F",406,"F",408,"F",409,"F",474,"F",472,"F",471,"F",,"A","02","F","2009","F","2","F",,"A",85301,"F",84997,"F",84691,"F","01","D",,"A",,"A",,"A",880,"F",880,"F",880,"F","1","D","2","D"
"20134",2640055,31,0,"5","01","D","100","D",0.0859,"D",22290,"D",7,"D",354,"D",,"A",,"A",,"A",,"A",0,"D",210,"D",212,"D",213,"D",144,"D",142,"D",141,"D",,"A","10","D","2012","D","1","D",,"A",20073,"D",19863,"D",19651,"D","01","D",,"A",,"A",,"A",.,"A",.,"A",.,"A","1","D","2","D"
"20134",2640965,21,0,"5","01","D","100","D",0.07,"F",15000,"F",5,"F",297,"F",,"A",,"A",,"A",,"A",0,"F",227,"F",229,"F",230,"F",70,"F",68,"F",67,"F",,"A","06","F","2012","F","1","F",,"A",11953,"F",11726,"F",11497,"F","01","D",,"A",,"A",,"A",.,"A",.,"A",.,"A","1","D","2","D"
"20134",2644125,38,0,"5","01","D","100","D",0.08,"D",225953,"D",18,"D",1977,"D",,"A",,"A",,"A",,"A",0,"D",598,"D",602,"D",606,"D",1379,"D",1375,"D",1371,"D",,"A","09","D","2010","D","1","D",,"A",231876,"T",229892,"T",227896,"T","01","D",,"A",,"A",,"A",.,"A",.,"A",.,"A","1","D","2","D"
"20134",2644255,23,0,"5","01","D","100","D",0.0859,"D",30000,"D",5,"D",617,"D",,"A",,"A",,"A",,"A",0,"D",.,"A",402,"D",405,"D",.,"A",215,"D",212,"D",,"A","10","D","2013","D","1","D","102013","D",.,"A",30000,"D",29598,"D","01","D",,"A",,"A",,"A",.,"A",.,"A",.,"A",,"A",,"A"
"20134",2644995,64,0,"5","01","D","100","D",0.09,"D",54000,"D",10,"D",695,"D",,"B",,"B",,"B",,"B",11,"D",555,"D",559,"D",563,"D",129,"D",125,"D",121,"D",,"A","01","D","2006","D","1","D",,"A",17224,"D",16670,"D",16111,"D","01","D",,"A",,"A",,"A",.,"A",.,"A",.,"A","1","D","2","D"
"20134",2645145,19,0,"5","01","D","100","D",0.08,"D",30000,"D",12,"D",325,"D",,"A",,"A",,"A",,"A",0,"D",221,"D",223,"D",224,"D",104,"D",102,"D",101,"D",,"A","07","D","2006","D","1","D",,"A",15548,"D",15326,"D",15103,"D","01","D",,"A",,"A",,"A",.,"A",.,"A",.,"A","1","D","2","D"
"20134",2645755,19,0,"5","01","D","100","D",0.0859,"D",33232,"D",15,"D",329,"D",,"A",,"A",,"A",,"A",0,"D",249,"D",251,"D",253,"D",80,"D",78,"D",76,"D",,"A","12","D","2001","D","1","D",,"A",11162,"D",10913,"D",10662,"D","01","D",,"A",,"A",,"A",.,"A",.,"A",.,"A","1","D","2","D"
"20134",2646595,63,0,"5","01","D","100","D",0.097,"D",21000,"D",15,"D",228,"D",,"B",,"B",,"B",,"B",6,"D",96,"D",97,"D",98,"D",95,"D",94,"D",93,"D",,"A","05","D","2007","D","1","D",,"A",15545,"D",15449,"D",15352,"D","01","D",,"A",,"A",,"A",.,"A",.,"A",.,"A","1","D","2","D"
"20134",2647624,37,0,"5","01","D","100","D",0.045,"D",46315,"D",10,"D",480,"D",,"A",,"A",,"A",,"A",0,"D",401,"D",403,"D",404,"D",79,"D",77,"D",76,"D",,"A","07","D","2007","D","1","D",,"A",21050,"D",20649,"D",20246,"D","01","D",,"A",,"A",,"A",.,"A",.,"A",.,"A","1","D","2","D"
"20134",2649204,39,0,"5","01","D","100","D",0.075,"D",50000,"D",15,"D",563,"D",,"B",,"B",,"B",,"B",99,"D",308,"D",310,"D",312,"D",156,"D",154,"D",152,"D",,"A","01","D","2004","D","1","D",,"A",24922,"D",24614,"D",24304,"D","01","D",,"A",,"A",,"A",.,"A",.,"A",.,"A","1","D","2","D"
"20134",2654024,48,0,"5","01","D","100","D",0.0859,"D",10000,"D",14,"D",103,"D",,"A",,"A",,"A",,"A",0,"D",36,"D",37,"D",37,"D",67,"D",66,"D",66,"D","102013","D","10","D","2011","D","1","D",,"A",9291,"D",9254,"D",9218,"D","01","D",,"A",,"A",,"A",.,"A",.,"A",.,"A","1","D","2","D"
"20134",2655104,17,0,"5","01","D","100","D",0.04,"F",50000,"F",10,"F",525,"F",,"B",,"B",,"B",,"B",19,"F",461,"F",462,"F",464,"F",45,"F",44,"F",42,"F",,"A","12","F","2005","F","1","F",,"A",13536,"F",13075,"F",12612,"F","01","D",,"A",,"A",,"A",.,"A",.,"A",.,"A","1","D","2","D"
"20134",2659144,21,0,"5","01","D","100","D",0.05,"D",17000,"D",10,"D",257,"D",,"B",,"B",,"B",,"B",77,"D",131,"D",131,"D",132,"D",49,"D",49,"D",48,"D",,"A","01","D","2010","D","1","D",,"A",11871,"D",11740,"D",11609,"D","01","D",,"A",,"A",,"A",.,"A",.,"A",.,"A","1","D","2","D"
"20134",2664174,14,0,"5","01","D","100","D",0.08,"F",225953,"F",18,"F",1977,"F",,"A",,"A",,"A",,"A",0,"F",598,"F",602,"F",606,"F",1379,"F",1375,"F",1371,"F",,"A","09","F","2010","F","1","F",,"A",231876,"V",229892,"V",227896,"V","01","D",,"A",,"A",,"A",.,"A",.,"A",.,"A","1","D","2","D"
"20134",2664364,24,0,"5","01","D","100","D",0.054,"F",26000,"F",10,"F",290,"F","3","F","4","F",,"A",,"A",9,"F",164,"F",165,"F",165,"F",117,"F",116,"F",116,"F",,"A","07","F","2013","F","1","F","072013","F",26000,"F",25836,"F",25671,"F","01","D",,"A",,"A",,"A",.,"A",.,"A",.,"A","1","D","2","D"
"20134",2664544,30,0,"5","01","D","100","D",0.048,"D",200000,"D",15,"D",1561,"D",,"A",,"A",,"A",,"A",0,"D",0,"D",0,"D",0,"D",1385,"D",1385,"D",1385,"D",,"A","07","D","2012","D","2","D",,"A",200000,"D",200000,"D",200000,"D","01","D","1","D",,"A",,"A",1421,"D",1424,"D",1385,"D",,"A","2","D"
"20134",2665764,31,0,"5","01","D","100","D",0.075,"D",49752,"D",12,"D",525,"D",,"A",,"A",,"A",,"A",0,"D",249,"D",250,"D",252,"D",276,"D",275,"D",273,"D",,"A","08","D","2011","D","1","D",,"A",44228,"D",43979,"D",43729,"D","01","D",,"A",,"A",,"A",.,"A",.,"A",.,"A","1","D","2","D"
"20134",2665924,16,0,"5","01","D","100","D",0.045,"D",30000,"D",15,"D",444,"D",,"B",,"B",,"B",,"B",215,"D",118,"D",118,"D",119,"D",111,"D",111,"D",110,"D",,"A","05","D","2013","D","1","D",,"A",29649,"D",29531,"D",29413,"D","01","D",,"A",,"A",,"A",.,"A",.,"A",.,"A","1","D","2","D"
"20134",2667294,35,0,"5","01","D","100","D",0.054,"F",26000,"F",10,"F",290,"F","3","F","4","F",,"A",,"A",9,"F",164,"F",165,"F",165,"F",117,"F",116,"F",116,"F",,"A","07","F","2013","F","1","F","072013","F",26000,"F",25836,"F",25671,"F","01","D",,"A",,"A",,"A",.,"A",.,"A",.,"A","1","D","2","D"
"20134",2668114,41,0,"5","01","D","100","D",0.052,"D",12480,"D",15,"D",100,"D",,"A",,"A",,"A",,"A",0,"D",49,"D",49,"D",49,"D",51,"D",51,"D",51,"D",,"A","06","D","2012","D","1","D",,"A",11819,"D",11770,"D",11721,"D","01","D",,"A",,"A",,"A",.,"A",.,"A",.,"A","1","D","2","D"
"20134",2668484,21,0,"5","01","D","100","D",0.042,"D",55000,"D",17,"D",381,"D",,"B",,"B",,"B",,"B",3,"D",.,"A",185,"D",186,"D",.,"A",193,"D",192,"D",,"A","09","D","2013","D","1","D",,"A",.,"A",55000,"D",54815,"D","01","D",,"A",,"A",,"A",.,"A",.,"A",.,"A",,"C",,"A"
"20134",2669454,20,0,"5","01","D","100","D",0.065,"D",10000,"D",9,"D",125,"D",,"B",,"B",,"B",,"B",2,"D",120,"D",121,"D",121,"D",3,"D",2,"D",2,"D",,"A","02","D","2005","D","1","D",,"A",540,"D",420,"D",300,"D","01","D",,"A",,"A",,"A",.,"A",.,"A",.,"A","1","D","2","D"
"20134",2669864,37,0,"5","01","D","100","D",0.0859,"D",28521,"D",10,"D",355,"D",,"A",,"A",,"A",,"A",0,"D",0,"D",0,"D",0,"D",355,"D",355,"D",355,"D",,"A","05","D","2010","D","1","D",,"A",28521,"D",28521,"D",28521,"D","01","D",,"A",,"A",,"A",.,"A",.,"A",.,"A",,"A","2","D"
"20134",2670574,36,0,"5","01","D","100","D",0.0859,"D",100000,"D",10,"D",1245,"D",,"A",,"A",,"A",,"A",0,"D",.,"A",.,"A",.,"A",.,"A",.,"A",.,"A",,"A","08","D","2003","D","2","D",,"A",.,"A",.,"A",.,"A","01","D",,"A","2","D",,"A",400,"D",400,"D",400,"D",,"A","2","D"
"20134",2671754,16,0,"5","01","D","100","D",0.07,"D",30000,"D",12,"D",315,"D",,"B",,"B",,"B",,"B",6,"D",189,"D",190,"D",191,"D",120,"D",119,"D",118,"D",,"A","10","D","2008","D","1","D",,"A",20595,"D",20407,"D",20217,"D","01","D",,"A",,"A",,"A",.,"A",.,"A",.,"A","1","D","2","D"
"20134",2672694,13,0,"5","01","D","100","D",0.0859,"D",70000,"D",5,"D",750,"D",,"A",,"A",,"A",,"A",.,"B",.,"A",.,"A",.,"A",.,"A",.,"A",.,"A",,"A","04","D","2007","D","1","D",,"A",.,"A",.,"A",.,"A","01","D",,"A",,"A",,"A",.,"A",.,"A",.,"A","1","D","2","D"
"20134",2672784,35,0,"5","01","D","100","D",0.08,"D",20000,"D",10,"D",280,"D",,"B",,"B",,"B",,"B",37,"D",198,"D",199,"D",201,"D",45,"D",44,"D",42,"D",,"A","04","D","2006","D","1","D",,"A",6734,"D",6536,"D",6336,"D","01","D",,"A",,"A",,"A",.,"A",.,"A",.,"A","1","D","2","D"
"20134",2673134,31,0,"5","01","D","100","D",0.04,"D",4000,"D",5,"D",500,"D",,"B",,"B",,"B",,"B",426,"D",65,"D",65,"D",65,"D",9,"D",9,"D",9,"D",,"A","12","D","2011","D","1","D",,"A",2683,"D",2618,"D",2552,"D","01","D",,"A",,"A",,"A",.,"A",.,"A",.,"A","1","D","2","D"
"20134",2674184,19,0,"5","02","D","300","D",0.0699,"D",19301,"D",10,"D",224,"D",,"A",,"A",,"A",,"A",0,"D",114,"D",114,"D",115,"D",110,"D",110,"D",109,"D",,"A","06","D","2013","D","1","D",,"A",18964,"D",18851,"D",18737,"D","01","D",,"A",,"A",,"A",.,"A",.,"A",.,"A","1","D","2","D"
"20134",2674814,24,0,"5","01","D","100","D",0.065,"D",40000,"D",15,"D",348,"D",,"A",,"A",,"A",,"A",0,"D",0,"D",0,"D",0,"D",1983,"D",1983,"D",1983,"D",,"A","07","D","2013","D","2","D",,"A",40000,"D",40000,"D",40000,"D","01","D","1","D",,"A",,"A",1920,"T",1919,"T",2021,"T",,"A","2","D"
"20134",2675634,35,0,"5","01","D","100","D",0.0575,"D",34923,"D",15,"D",290,"D",,"A",,"A",,"A",,"A",0,"D",154,"D",154,"D",155,"D",136,"D",136,"D",135,"D",,"A","10","D","2009","D","1","D",,"A",28474,"D",28321,"D",28167,"D","01","D",,"A",,"A",,"A",.,"A",.,"A",.,"A","1","D","2","D"
"20134",2675924,24,0,"5","01","D","100","D",0.0859,"D",51580,"D",10,"D",642,"D",,"A",,"A",,"A",,"A",0,"D",365,"D",368,"D",371,"D",277,"D",274,"D",271,"D",,"A","04","D","2010","D","1","D",,"A",38635,"D",38270,"D",37902,"D","01","D",,"A",,"A",,"A",.,"A",.,"A",.,"A","1","D","2","D"
"20134",2676024,76,0,"5","01","D","100","D",0.0449,"D",74911,"D",10,"D",776,"D",,"A",,"A",,"A",,"A",0,"D",496,"D",498,"D",499,"D",280,"D",278,"D",277,"D",,"A","09","D","2013","D","1","D",,"A",74911,"D",74415,"D",73918,"D","01","D",,"A",,"A",,"A",.,"A",.,"A",.,"A","1","D","2","D"
"20134",2676894,11,0,"5","01","D","100","D",0.085,"D",41128,"D",15,"D",405,"D",,"A",,"A",,"A",,"A",0,"D",224,"D",225,"D",227,"D",181,"D",180,"D",178,"D",,"A","09","D","2005","D","1","D",,"A",25575,"D",25351,"D",25125,"D","01","D",,"A",,"A",,"A",.,"A",.,"A",.,"A","1","D","2","D"
"20134",2676914,21,0,"5","01","D","100","D",0.0859,"D",55000,"D",5,"D",1131,"D",,"A",,"A",,"A",,"A",0,"D",.,"A",.,"A",.,"A",.,"A",.,"A",.,"A",,"A","06","D","2005","D","2","D",,"A",.,"A",.,"A",.,"A","01","D","1","D",,"A",,"A",200,"D",200,"D",200,"D",,"A","2","D"
"20134",2679544,25,0,"5","01","D","100","D",0.0575,"F",34923,"F",15,"F",290,"F",,"A",,"A",,"A",,"A",0,"F",154,"F",154,"F",155,"F",136,"F",136,"F",135,"F",,"A","10","F","2009","F","1","F",,"A",28474,"F",28321,"F",28167,"F","01","D",,"A",,"A",,"A",.,"A",.,"A",.,"A","1","D","2","D"
"20134",2679984,20,0,"5","01","D","100","D",0.0859,"F",60000,"F",20,"F",524,"F",,"A",,"A",,"A",,"A",0,"F",276,"F",278,"F",280,"F",374,"F",372,"F",370,"F",,"A","07","F","2003","F","2","F",,"A",42109,"F",41886,"F",41662,"F","01","D",,"A",,"A",,"A",650,"F",650,"F",650,"F","1","D","2","D"
"20134",2680313,27,0,"5","01","D","100","D",0.07,"F",15000,"F",5,"F",297,"F",,"A",,"A",,"A",,"A",0,"F",227,"F",229,"F",230,"F",70,"F",68,"F",67,"F",,"A","06","F","2012","F","1","F",,"A",11953,"F",11726,"F",11497,"F","01","D",,"A",,"A",,"A",.,"A",.,"A",.,"A","1","D","2","D"
"20134",2683373,18,0,"5","01","D","100","D",0.0859,"D",3615,"D",10,"D",45,"D",,"A",,"A",,"A",,"A",0,"D",21,"D",21,"D",21,"D",24,"D",24,"D",24,"D",,"A","06","D","2012","D","1","D",,"A",3355,"D",3334,"D",3313,"D","01","D",,"A",,"A",,"A",.,"A",.,"A",.,"A","1","D","2","D"
"20134",2683713,35,0,"5","01","D","300","D",0.14,"D",11864,"D",15,"D",158,"D",,"A",,"A",,"A",,"A",0,"D",47,"D",47,"D",48,"D",111,"D",111,"D",110,"D",,"A","04","D","2007","D","1","D",,"A",9536,"D",9489,"D",9442,"D","01","D",,"A",,"A",,"A",.,"A",.,"A",.,"A","1","D","2","D"
"20134",2685453,26,0,"5","01","D","100","D",0.0875,"F",67837,"F",15,"F",678,"F",,"A",,"A",,"A",,"A",0,"F",442,"F",445,"F",448,"F",215,"F",212,"F",209,"F",,"A","07","F","2003","F","1","F",,"A",32414,"F",31972,"F",31527,"F","01","D",,"C",,"C",,"C",.,"A",.,"A",.,"A","1","D","2","D"
"20134",2686263,10,0,"5","01","D","100","D",0.0859,"D",31483,"D",7,"D",500,"D",,"A",,"A",,"A",,"A",0,"D",333,"D",335,"D",338,"D",167,"D",165,"D",162,"D",,"A","04","D","2011","D","1","D",,"A",23335,"D",23002,"D",22667,"D","01","D",,"A",,"A",,"A",.,"A",.,"A",.,"A","1","D","2","D"
"20134",2687473,31,0,"5","02","D","300","D",0.0525,"D",261546,"T",15,"D",400,"D",,"A",,"A",,"A",,"A",0,"D",211,"D",212,"D",213,"D",170,"D",169,"D",168,"D",,"A","09","D","2010","D","1","D",,"A",43092,"D",42880,"D",42668,"D","01","D",,"A",,"A",,"A",.,"A",.,"A",.,"A","1","D","2","D"
"20134",2688883,30,0,"5","01","D","100","D",0.0859,"D",50000,"D",15,"D",670,"D",,"B",,"B",,"B",,"B",175,"D",239,"D",241,"D",243,"D",256,"D",254,"D",252,"D",,"A","01","D","2007","D","1","D",,"A",35746,"D",35507,"D",35266,"D","01","D",,"A",,"A",,"A",.,"A",.,"A",.,"A","1","D","2","D"
"20134",2689733,20,0,"5","01","D","100","D",0.04,"D",16000,"D",5,"D",297,"D",,"B",,"B",,"B",,"B",2,"D",264,"D",265,"D",266,"D",31,"D",30,"D",29,"D",,"A","04","D","2011","D","1","D",,"A",9184,"D",8920,"D",8655,"D","01","D",,"A",,"A",,"A",.,"A",.,"A",.,"A","1","D","2","D"
"20134",2690283,8,0,"1","01","D","100","D",0.054,"F",26000,"F",10,"F",290,"F","3","F","4","F",,"A",,"A",9,"F",164,"F",165,"F",165,"F",117,"F",116,"F",116,"F",,"A","07","F","2013","F","1","F","072013","F",26000,"F",25836,"F",25671,"F","01","D",,"A",,"A",,"A",.,"A",.,"A",.,"A","1","D","2","D"
"20134",2692483,22,0,"5","01","D","100","D",0.045,"D",17000,"D",3,"D",600,"D",,"B",,"B",,"B",,"B",94,"D",446,"D",447,"D",449,"D",60,"D",59,"D",57,"D",,"A","06","D","2013","D","1","D",,"A",16114,"D",15668,"D",15221,"D","01","D",,"A",,"A",,"A",.,"A",.,"A",.,"A","1","D","2","D"
"20134",2693943,31,0,"5","01","D","100","D",0.0675,"D",10000,"D",10,"D",204,"D",,"B",,"B",,"B",,"B",89,"D",70,"D",71,"D",71,"D",45,"D",44,"D",44,"D",,"A","12","D","2010","D","1","D",,"A",7946,"D",7876,"D",7805,"D","01","D",,"A",,"A",,"A",.,"A",.,"A",.,"A","1","D","2","D"
"20134",2694103,21,0,"5","01","D","100","D",0.05,"D",30000,"D",15,"D",500,"D",,"A","4","D",,"A",,"A",263,"D",140,"D",140,"D",141,"D",97,"D",97,"D",96,"D",,"A","03","D","2009","D","1","D",,"A",23373,"D",23233,"D",23093,"D","01","D",,"A",,"A",,"A",.,"A",.,"A",.,"A","1","D","2","D"
"20134",2694233,17,0,"5","01","D","100","D",0.065,"F",40000,"F",15,"F",348,"F",,"A",,"A",,"A",,"A",0,"F",0,"F",0,"F",0,"F",1983,"F",1983,"F",1983,"F",,"A","07","F","2013","F","2","F",,"A",40000,"F",40000,"F",40000,"F","01","D","1","D",,"A",,"A",1920,"V",1919,"V",2021,"V",,"A","2","D"
"20134",2694303,17,0,"5","01","D","100","D",0.075,"F",50000,"F",15,"F",563,"F",,"B",,"B",,"B",,"B",99,"F",308,"F",310,"F",312,"F",156,"F",154,"F",152,"F",,"A","01","F","2004","F","1","F",,"A",24922,"F",24614,"F",24304,"F","01","D",,"A",,"A",,"A",.,"A",.,"A",.,"A","1","D","2","D"
"20134",2695263,31,0,"5","01","D","100","D",0.105,"D",59707,"D",15,"D",660,"D",,"A",,"A",,"A",,"A",0,"D",260,"D",262,"D",264,"D",400,"D",398,"D",396,"D",,"A","07","D","2007","D","1","D",,"A",45733,"D",45473,"D",45211,"D","01","D",,"A",,"A",,"A",.,"A",.,"A",.,"A","1","D","2","D"
"20134",2696383,20,0,"5","01","D","100","D",0.09,"D",49556,"D",13,"D",540,"D",,"A",,"A",,"A",,"A",0,"D",353,"D",355,"D",358,"D",187,"D",185,"D",182,"D",,"A","05","D","2005","D","1","D",,"A",24972,"D",24619,"D",24263,"D","01","D",,"A",,"A",,"A",.,"A",.,"A",.,"A","1","D","2","D"
"20134",2698713,16,0,"5","01","D","100","D",0.07,"D",15000,"D",5,"D",297,"D",,"A",,"A",,"A",,"A",0,"D",227,"D",229,"D",230,"D",70,"D",68,"D",67,"D",,"A","06","D","2012","D","1","D",,"A",11953,"D",11726,"D",11497,"D","01","D",,"A",,"A",,"A",.,"A",.,"A",.,"A","1","D","2","D"
"20134",2700263,19,0,"5","01","D","100","D",0.065,"F",10000,"F",9,"F",125,"F",,"B",,"B",,"B",,"B",2,"F",120,"F",121,"F",121,"F",3,"F",2,"F",2,"F",,"A","02","F","2005","F","1","F",,"A",540,"F",420,"F",300,"F","01","D",,"A",,"A",,"A",.,"A",.,"A",.,"A","1","D","2","D"
"20134",2701613,48,0,"5","01","D","100","D",0.0599,"D",20000,"D",10,"D",222,"D",,"A",,"A",,"A",,"A",0,"D",168,"D",169,"D",170,"D",54,"D",53,"D",52,"D",,"A","04","D","2008","D","1","D",,"A",10815,"D",10647,"D",10478,"D","01","D",,"A",,"A",,"A",.,"A",.,"A",.,"A","1","D","2","D"
"20134",2702943,21,0,"5","01","D","100","D",0.0859,"D",64274,"D",10,"D",800,"D",,"A",,"A",,"A",,"A",0,"D",679,"D",684,"D",689,"D",121,"D",116,"D",111,"D",,"A","08","D","2005","D","1","D",,"A",16910,"D",16231,"D",15547,"D","01","D",,"A",,"A",,"A",.,"A",.,"A",.,"A","1","D","2","D"
"20134",2705003,49,0,"5","01","D","100","D",0.065,"D",26400,"D",20,"D",204,"D",,"B",,"B",,"B",,"B",7,"D",55,"D",56,"D",56,"D",142,"D",141,"D",141,"D",,"A","04","D","2013","D","1","D",,"A",26127,"D",26072,"D",26016,"D","01","D",,"A",,"A",,"A",.,"A",.,"A",.,"A","1","D","2","D"
"20134",2707453,26,0,"5","01","D","100","D",0.05,"D",55000,"D",10,"D",658,"D",,"B",,"B",,"B",,"B",75,"D",506,"D",508,"D",510,"D",77,"D",75,"D",73,"D",,"A","07","D","2006","D","1","D",,"A",18495,"D",17989,"D",17481,"D","01","D",,"A",,"A",,"A",.,"A",.,"A",.,"A","1","D","2","D"
"20134",2710713,49,0,"5","01","D","100","D",0.0575,"D",20984,"D",3,"D",636,"D",,"A",,"A",,"A",,"A",0,"D",546,"D",548,"D",551,"D",90,"D",88,"D",85,"D",,"A","05","D","2013","D","1","D",,"A",18827,"D",18281,"D",17733,"D","01","D",,"A",,"A",,"A",.,"A",.,"A",.,"A","1","D","2","D"
"20134",2710843,30,0,"5","01","D","100","D",0.0859,"D",30000,"D",15,"D",400,"D",,"B",,"B",,"B",,"B",103,"D",198,"D",199,"D",201,"D",99,"D",98,"D",96,"D",,"A","06","D","2003","D","1","D",,"A",13862,"D",13664,"D",13465,"D","01","D",,"A",,"A",,"A",.,"A",.,"A",.,"A","1","D","2","D"
"20134",2713692,12,0,"5","01","D","100","D",0.0859,"F",30000,"F",15,"F",400,"F",,"B",,"B",,"B",,"B",103,"F",198,"F",199,"F",201,"F",99,"F",98,"F",96,"F",,"A","06","F","2003","F","1","F",,"A",13862,"F",13664,"F",13465,"F","01","D",,"A",,"A",,"A",.,"A",.,"A",.,"A","1","D","2","D"
"20134",2717542,8,0,"1","01","D","100","D",0.11,"F",27163,"F",13,"F",328,"F",,"A",,"A",,"A",,"A",0,"F",148,"F",150,"F",151,"F",180,"F",178,"F",177,"F",,"A","10","F","2007","F","1","F",,"A",19605,"F",19457,"F",19307,"F","01","D",,"A",,"A",,"A",.,"A",.,"A",.,"A","1","D","2","D"
"20134",2719922,19,0,"5","01","D","100","D",0.0425,"D",21269,"D",15,"D",160,"D",,"C",,"C",,"C",,"C",0,"D",102,"D",103,"D",103,"D",58,"D",57,"D",57,"D",,"A","01","D","2009","D","1","D",,"A",16240,"D",16138,"D",16035,"D","01","D",,"A",,"A",,"A",.,"A",.,"A",.,"A",,"C",,"A"
"20134",2720882,16,0,"5","01","D","100","D",0.11,"D",27163,"D",13,"D",328,"D",,"A",,"A",,"A",,"A",0,"D",148,"D",150,"D",151,"D",180,"D",178,"D",177,"D",,"A","10","D","2007","D","1","D",,"A",19605,"D",19457,"D",19307,"D","01","D",,"A",,"A",,"A",.,"A",.,"A",.,"A","1","D","2","D"
"20134",2720912,13,0,"1","01","D","100","D",0.0859,"D",101008,"D",15,"D",1000,"D",,"B",,"B",,"B",,"B",.,"A",807,"D",813,"D",819,"D",193,"D",187,"D",181,"D",,"A","01","D","2001","D","1","D",,"A",26104,"D",25291,"D",24472,"D","01","D",,"A",,"A",,"A",.,"A",.,"A",.,"A","1","D","2","D"
"20134",2723822,18,0,"5","01","D","100","D",0.0859,"D",60000,"D",20,"D",524,"D",,"A",,"A",,"A",,"A",0,"D",276,"D",278,"D",280,"D",374,"D",372,"D",370,"D",,"A","07","D","2003","D","2","D",,"A",42109,"D",41886,"D",41662,"D","01","D","1","D",,"A",,"A",650,"D",650,"D",650,"D","1","D","2","D"
"20134",2726652,29,0,"5","01","D","100","D",0.0875,"D",67837,"D",15,"D",678,"D",,"A",,"A",,"A",,"A",0,"D",442,"D",445,"D",448,"D",215,"D",212,"D",209,"D",,"A","07","D","2003","D","1","D",,"A",32414,"D",31972,"D",31527,"D","01","D",,"A",,"A",,"A",.,"A",.,"A",.,"A","1","D","2","D"
"20134",2726682,18,0,"1","01","D","100","D",0.0415,"D",60000,"D",10,"D",612,"D",,"A",,"A",,"A",,"A",0,"D",435,"D",436,"D",438,"D",177,"D",176,"D",174,"D",,"A","11","D","2011","D","1","D",,"A",51205,"D",50770,"D",50334,"D","01","D",,"A",,"A",,"A",.,"A",.,"A",.,"A","1","D","2","D"
"20134",2732682,47,0,"5","01","D","100","D",0.0859,"F",50000,"F",15,"F",670,"F",,"B",,"B",,"B",,"B",175,"F",239,"F",241,"F",243,"F",256,"F",254,"F",252,"F",,"A","01","F","2007","F","1","F",,"A",35746,"F",35507,"F",35266,"F","01","D",,"A",,"A",,"A",.,"A",.,"A",.,"A","1","D","2","D"
"20134",2733022,55,0,"5","01","D","100","D",0.067,"D",30267,"D",15,"D",267,"D",,"A",,"A",,"A",,"A",0,"D",170,"D",171,"D",172,"D",97,"D",96,"D",95,"D",,"A","05","D","2005","D","1","D",,"A",17359,"D",17189,"D",17018,"D","01","D",,"A",,"A",,"A",.,"A",.,"A",.,"A","1","D","2","D"
"20134",2733932,20,0,"5","01","D","100","D",0.0859,"D",9495,"D",15,"D",94,"D",,"A",,"A",,"A",,"A",0,"D",.,"A",.,"A",44,"D",.,"A",.,"A",50,"D",,"A","10","D","2007","D","1","D","102013","D",.,"A",.,"A",7054,"D","01","D",,"A",,"A",,"A",.,"A",.,"A",.,"A","1","D","2","D"
"20134",2733932,42,0,"5","01","D","100","D",0.0859,"D",9091,"D",15,"D",90,"D",,"A",,"A",,"A",,"A",0,"D",51,"D",51,"D",.,"A",39,"D",39,"D",.,"A","102013","D","05","D","2005","D","1","D",,"A",5518,"D",5468,"D",.,"A","01","D",,"A",,"A",,"A",.,"A",.,"A",.,"A","1","D","2","D"
"20134",2734382,29,0,"1","01","D","100","D",0.0859,"D",48000,"D",5,"D",987,"D",,"A",,"A",,"A",,"A",0,"D",.,"A",.,"A",.,"A",.,"A",.,"A",.,"A",,"A","07","D","2005","D","2","D",,"A",.,"A",.,"A",.,"A","01","D","1","D",,"A",,"A",200,"D",200,"D",200,"D",,"A","2","D"
"20134",2737062,24,0,"5","01","D","100","D",0.04,"D",16899,"D",15,"D",125,"D",,"A",,"A",,"A",,"A",0,"D",90,"D",90,"D",91,"D",35,"D",35,"D",34,"D",,"A","12","D","2006","D","1","D",,"A",10526,"D",10436,"D",10345,"D","01","D",,"A",,"A",,"A",.,"A",.,"A",.,"A","1","D","2","D"
"20134",2738892,11,0,"1","01","D","100","D",0.0859,"F",22290,"F",7,"F",354,"F",,"A",,"A",,"A",,"A",0,"F",210,"F",212,"F",213,"F",144,"F",142,"F",141,"F",,"A","10","F","2012","F","1","F",,"A",20073,"F",19863,"F",19651,"F","01","D",,"A",,"A",,"A",.,"A",.,"A",.,"A","1","D","2","D"
"20134",2739792,29,0,"5","01","D","100","D",0.0859,"D",52222,"D",10,"D",650,"D",,"A",,"A",,"A",,"A",0,"D",496,"D",499,"D",503,"D",154,"D",151,"D",147,"D",,"A","11","D","2006","D","1","D",,"A",21558,"D",21062,"D",20563,"D","01","D",,"A",,"A",,"A",.,"A",.,"A",.,"A","1","D","2","D"
"20134",2739932,51,0,"5","01","D","100","D",0.08,"F",20000,"F",10,"F",280,"F",,"B",,"B",,"B",,"B",37,"F",198,"F",199,"F",201,"F",45,"F",44,"F",42,"F",,"A","04","F","2006","F","1","F",,"A",6734,"F",6536,"F",6336,"F","01","D",,"A",,"A",,"A",.,"A",.,"A",.,"A","1","D","2","D"
"20134",2742212,31,0,"5","01","D","100","D",0.07,"D",60000,"D",19,"D",479,"D",,"B",,"B",,"B",,"B",2,"D",143,"D",144,"D",145,"D",334,"D",333,"D",332,"D",,"A","12","D","2011","D","1","D",,"A",57172,"D",57028,"D",56884,"D","01","D",,"A",,"A",,"A",.,"A",.,"A",.,"A","1","D","2","D"
"20134",2742352,32,0,"5","01","D","100","D",0.0859,"D",6427,"D",10,"D",80,"D",,"C",,"C",,"C",,"C",0,"D",58,"D",59,"D",59,"D",22,"D",21,"D",21,"D",,"A","05","D","2007","D","1","D",,"A",3010,"D",2951,"D",2892,"D","01","D",,"A",,"A",,"A",.,"A",.,"A",.,"A",,"C",,"A"
"20134",2744432,28,0,"5","01","D","100","D",0.09,"F",49556,"F",13,"F",540,"F",,"A",,"A",,"A",,"A",0,"F",353,"F",355,"F",358,"F",187,"F",185,"F",182,"F",,"A","05","F","2005","F","1","F",,"A",24972,"F",24619,"F",24263,"F","01","D",,"A",,"A",,"A",.,"A",.,"A",.,"A","1","D","2","D"
"20134",2747122,11,0,"5","01","D","100","D",0.072,"D",63184,"D",15,"D",575,"D",,"A",,"A",,"A",,"A",0,"D",284,"D",286,"D",287,"D",291,"D",289,"D",288,"D",,"A","07","D","2008","D","1","D",,"A",48524,"D",48240,"D",47954,"D","01","D",,"A",,"A",,"A",.,"A",.,"A",.,"A","1","D","2","D"
"20141",2647625,42,0,"5","01","D","100","D",0.045,"D",46315,"D",10,"D",480,"D",,"A",,"A",,"A",,"A",0,"D",406,"D",407,"D",409,"D",74,"D",73,"D",71,"D",,"A","07","D","2007","D","1","D",,"A",19842,"D",19436,"D",19029,"D","01","D",,"A",,"A",,"A",.,"A",.,"A",.,"A","1","D","2","D"
"20141",2649205,59,0,"5","01","D","100","D",0.075,"D",50000,"D",15,"D",563,"D",,"B",,"B",,"B",,"B",99,"D",169,"D",171,"D",172,"D",295,"D",293,"D",292,"D",,"A","04","D","2012","D","1","D",,"A",47123,"D",46954,"D",46783,"D","01","D",,"A",,"A",,"A",.,"A",.,"A",.,"A","1","D","2","D"
"20141",2654025,35,0,"5","01","D","100","D",0.07,"D",15151,"D",5,"D",300,"D",,"A",,"A",,"A",,"A",0,"D",212,"D",213,"D",214,"D",88,"D",87,"D",86,"D",,"A","10","D","2013","D","1","D",,"A",15151,"D",14939,"D",14727,"D","01","D",,"A",,"A",,"A",.,"A",.,"A",.,"A","1","D","2","D"
"20141",2655105,25,0,"5","01","D","100","D",0.0859,"F",50000,"F",15,"F",670,"F",,"B",,"B",,"B",,"B",175,"F",244,"F",246,"F",248,"F",251,"F",249,"F",247,"F",,"A","01","F","2007","F","1","F",,"A",35024,"F",34779,"F",34533,"F","01","D",,"A",,"A",,"A",.,"A",.,"A",.,"A","1","D","2","D"
"20141",2656025,32,0,"5","01","D","100","D",0.045,"D",15000,"D",6,"D",350,"D",,"B",,"B",,"B",,"B",112,"D",222,"D",222,"D",223,"D",16,"D",16,"D",15,"D",,"A","05","D","2009","D","1","D",,"A",4365,"D",4144,"D",3921,"D","01","D",,"A",,"A",,"A",.,"A",.,"A",.,"A","1","D","2","D"
"20141",2656385,41,0,"5","01","D","100","D",0.06,"D",29274,"D",10,"D",325,"D",,"A",,"A",,"A",,"A",0,"D",265,"D",266,"D",268,"D",60,"D",59,"D",57,"D",,"A","03","D","2007","D","1","D",,"A",12021,"D",11756,"D",11490,"D","01","D",,"A",,"A",,"A",.,"A",.,"A",.,"A","1","D","2","D"
"20141",2661575,23,0,"5","01","D","100","D",0.0687,"D",30000,"D",30,"D",489,"D",,"A",,"A",,"A",,"A",.,"B",.,"A",.,"A",.,"A",.,"A",.,"A",.,"A",,"A","05","D","2014","D","1","D",,"A",.,"A",.,"A",.,"A","01","D",,"A",,"A",,"A",.,"A",.,"A",.,"A","1","D","2","D"
"20141",2664175,14,0,"5","01","D","100","D",0.0859,"F",309156,"V",10,"F",3334,"V",,"A",,"A",,"A",,"A",0,"F",347,"F",350,"F",352,"F",178,"F",175,"F",173,"F",,"A","10","F","2008","F","2","F",,"A",231876,"V",229892,"V",227896,"V","01","D",,"A",,"A",,"A",525,"F",525,"F",525,"F","1","D","2","D"
"20141",2664545,26,0,"5","01","D","100","D",0.048,"D",200000,"D",15,"D",1561,"D",,"A",,"A",,"A",,"A",0,"D",0,"D",0,"D",0,"D",1377,"D",1377,"D",1377,"D",,"A","07","D","2012","D","2","D",,"A",200000,"D",200000,"D",200000,"D","01","D","1","D",,"A",,"A",1452,"D",1472,"D",1377,"D",,"A","2","D"
"20141",2665925,20,0,"5","01","D","100","D",0.045,"D",30000,"D",15,"D",444,"D",,"B",,"B",,"B",,"B",215,"D",119,"D",120,"D",120,"D",110,"D",109,"D",109,"D",,"A","05","D","2013","D","1","D",,"A",29294,"D",29175,"D",29056,"D","01","D",,"A",,"A",,"A",.,"A",.,"A",.,"A","1","D","2","D"
"20141",2667295,47,0,"5","01","D","100","D",0.07,"F",25000,"F",10,"F",303,"F",,"B",,"B",,"B",,"B",13,"F",264,"F",266,"F",267,"F",26,"F",24,"F",23,"F",,"A","04","F","2005","F","1","F",,"A",4461,"F",4197,"F",3931,"F","01","D",,"A",,"A",,"A",.,"A",.,"A",.,"A","1","D","2","D"
"20141",2668115,56,0,"5","01","D","100","D",0.052,"D",12480,"D",15,"D",100,"D",,"A",,"A",,"A",,"A",0,"D",49,"D",50,"D",50,"D",51,"D",50,"D",50,"D",,"A","06","D","2012","D","1","D",,"A",11672,"D",11622,"D",11573,"D","01","D",,"A",,"A",,"A",.,"A",.,"A",.,"A","1","D","2","D"
"20141",2668485,23,0,"5","01","D","100","D",0.042,"D",55000,"D",17,"D",381,"D",,"B",,"B",,"B",,"B",3,"D",187,"D",187,"D",188,"D",191,"D",191,"D",190,"D",,"A","09","D","2013","D","1","D",,"A",54628,"D",54442,"D",54254,"D","01","D",,"A",,"A",,"A",.,"A",.,"A",.,"A",,"C",,"A"
"20141",2669455,24,0,"5","01","D","100","D",0.065,"D",10000,"D",9,"D",125,"D",,"B",,"B",,"B",,"B",2,"D",122,"D",123,"D",.,"A",1,"D",0,"D",.,"A",,"A","02","D","2005","D","1","D",,"A",178,"D",56,"D",.,"A","01","D",,"A",,"A",,"A",.,"A",.,"A",.,"A","1","D","2","D"
"20141",2669865,35,0,"5","01","D","100","D",0.0859,"D",28521,"D",10,"D",355,"D",,"A",,"A",,"A",,"A",0,"D",0,"D",0,"D",0,"D",355,"D",355,"D",355,"D",,"A","05","D","2010","D","1","D",,"A",28521,"D",28521,"D",28521,"D","01","D",,"A",,"A",,"A",.,"A",.,"A",.,"A",,"A","2","D"
"20141",2670185,25,0,"5","01","D","100","D",0.0859,"D",1500,"D",5,"D",34,"D",,"B",,"B",,"B",,"B",3,"D",.,"A",20,"D",20,"D",.,"A",11,"D",11,"D",,"A","01","D","2014","D","1","D",,"A",.,"A",1500,"D",1480,"D","01","D",,"A",,"A",,"A",.,"A",.,"A",.,"A","1","D","2","D"
"20141",2670575,43,0,"5","01","D","100","D",0.0859,"D",100000,"D",10,"D",1245,"D",,"A",,"A",,"A",,"A",0,"D",.,"A",.,"A",.,"A",.,"A",.,"A",.,"A",,"A","02","D","2003","D","2","D",,"A",.,"A",.,"A",.,"A","01","D",,"A","2","D",,"A",400,"D",400,"D",400,"D",,"A","2","D"
"20141",2671755,16,0,"5","01","D","100","D",0.07,"D",30000,"D",12,"D",315,"D",,"B",,"B",,"B",,"B",6,"D",193,"D",194,"D",196,"D",116,"D",115,"D",113,"D",,"A","09","D","2008","D","1","D",,"A",19833,"D",19640,"D",19446,"D","01","D",,"A",,"A",,"A",.,"A",.,"A",.,"A","1","D","2","D"
"20141",2672785,54,0,"5","01","D","100","D",0.08,"D",20000,"D",10,"D",280,"D",,"B",,"B",,"B",,"B",37,"D",202,"D",203,"D",205,"D",41,"D",40,"D",38,"D",,"A","04","D","2006","D","1","D",,"A",6136,"D",5933,"D",5730,"D","01","D",,"A",,"A",,"A",.,"A",.,"A",.,"A","1","D","2","D"
"20141",2673135,23,0,"5","01","D","100","D",0.04,"D",4000,"D",5,"D",500,"D",,"B",,"B",,"B",,"B",426,"D",66,"D",66,"D",66,"D",8,"D",8,"D",8,"D",,"A","12","D","2011","D","1","D",,"A",2487,"D",2421,"D",2355,"D","01","D",,"A",,"A",,"A",.,"A",.,"A",.,"A","1","D","2","D"
"20141",2674185,19,0,"5","02","D","300","D",0.0699,"D",19301,"D",10,"D",224,"D",,"A",,"A",,"A",,"A",0,"D",116,"D",116,"D",117,"D",108,"D",108,"D",107,"D",,"A","06","D","2013","D","1","D",,"A",18622,"D",18506,"D",18390,"D","01","D",,"A",,"A",,"A",.,"A",.,"A",.,"A","1","D","2","D"
"20141",2674815,28,0,"5","01","D","100","D",0.065,"D",40000,"D",15,"D",348,"D",,"A",,"A",,"A",,"A",0,"D",0,"D",0,"D",0,"D",1995,"D",1995,"D",1995,"D",,"A","07","D","2013","D","2","D",,"A",40000,"D",40000,"D",40000,"D","01","D","1","D",,"A",,"A",1920,"T",1919,"T",2021,"T",,"A","2","D"
"20141",2675635,30,0,"5","01","D","100","D",0.0575,"D",34923,"D",15,"D",290,"D",,"A",,"A",,"A",,"A",0,"D",156,"D",157,"D",157,"D",134,"D",133,"D",133,"D",,"A","10","D","2009","D","1","D",,"A",28012,"D",27856,"D",27699,"D","01","D",,"A",,"A",,"A",.,"A",.,"A",.,"A","1","D","2","D"
"20141",2675925,25,0,"5","01","D","100","D",0.0859,"D",51580,"D",10,"D",642,"D",,"A",,"A",,"A",,"A",0,"D",373,"D",376,"D",379,"D",269,"D",266,"D",263,"D",,"A","04","D","2010","D","1","D",,"A",37531,"D",37158,"D",36782,"D","01","D",,"A",,"A",,"A",.,"A",.,"A",.,"A","1","D","2","D"
"20141",2676025,84,0,"5","01","D","100","D",0.0449,"D",74911,"D",10,"D",776,"D",,"A",,"A",,"A",,"A",0,"D",501,"D",503,"D",505,"D",275,"D",273,"D",271,"D",,"A","09","D","2013","D","1","D",,"A",73418,"D",72917,"D",72414,"D","01","D",,"A",,"A",,"A",.,"A",.,"A",.,"A","1","D","2","D"
"20141",2676895,11,0,"5","01","D","100","D",0.085,"D",41128,"D",15,"D",405,"D",,"A",,"A",,"A",,"A",0,"D",229,"D",230,"D",232,"D",176,"D",175,"D",173,"D",,"A","09","D","2005","D","1","D",,"A",24898,"D",24670,"D",24439,"D","01","D",,"A",,"A",,"A",.,"A",.,"A",.,"A","1","D","2","D"
"20141",2676915,28,0,"5","01","D","100","D",0.0859,"D",55000,"D",5,"D",1131,"D",,"A",,"A",,"A",,"A",0,"D",.,"A",.,"A",.,"A",.,"A",.,"A",.,"A",,"A","06","D","2005","D","2","D",,"A",.,"A",.,"A",.,"A","01","D","1","D",,"A",,"A",200,"D",200,"D",200,"D",,"A","2","D"
"20141",2679545,30,0,"5","01","D","100","D",0.0575,"F",34923,"F",15,"F",290,"F",,"A",,"A",,"A",,"A",0,"F",156,"F",157,"F",157,"F",134,"F",133,"F",133,"F",,"A","10","F","2009","F","1","F",,"A",28012,"F",27856,"F",27699,"F","01","D",,"A",,"A",,"A",.,"A",.,"A",.,"A","1","D","2","D"
"20141",2679985,24,0,"5","01","D","100","D",0.0859,"F",52222,"F",10,"F",650,"F",,"A",,"A",,"A",,"A",0,"F",340,"F",342,"F",345,"F",310,"F",308,"F",305,"F",,"A","07","F","2011","F","1","F",,"A",43356,"F",43016,"F",42674,"F","01","D",,"A",,"A",,"A",.,"A",.,"A",.,"A","1","D","2","D"
"20141",2680235,30,0,"5","01","D","100","D",0.0859,"D",309156,"T",10,"D",3334,"T",,"A",,"A",,"A",,"A",0,"D",347,"D",350,"D",352,"D",178,"D",175,"D",173,"D",,"A","10","D","2008","D","2","D",,"A",231876,"T",229892,"T",227896,"T","01","D","1","D",,"A",,"A",525,"D",525,"D",525,"D","1","D","2","D"
"20141",2680314,29,0,"5","01","D","100","D",0.045,"F",15000,"F",6,"F",350,"F",,"B",,"B",,"B",,"B",112,"F",222,"F",222,"F",223,"F",16,"F",16,"F",15,"F",,"A","05","F","2009","F","1","F",,"A",4365,"F",4144,"F",3921,"F","01","D",,"A",,"A",,"A",.,"A",.,"A",.,"A","1","D","2","D"
"20141",2683644,34,0,"5","01","D","100","D",0.05,"D",51855,"D",10,"D",550,"D",,"A",,"A",,"A",,"A",0,"D",432,"D",434,"D",436,"D",118,"D",116,"D",114,"D",,"A","08","D","2008","D","1","D",,"A",28286,"D",27854,"D",27420,"D","01","D",,"A",,"A",,"A",.,"A",.,"A",.,"A","1","D","2","D"
"20141",2683714,43,0,"5","01","D","300","D",0.14,"D",11864,"D",15,"D",158,"D",,"A",,"A",,"A",,"A",0,"D",46,"D",46,"D",47,"D",112,"D",112,"D",111,"D",,"A","09","D","2007","D","1","D",,"A",9628,"D",9582,"D",9536,"D","01","D",,"A",,"A",,"A",.,"A",.,"A",.,"A","1","D","2","D"
"20141",2684024,37,0,"5","01","D","100","D",0.04,"D",9463,"D",15,"D",70,"D",,"A",,"A",,"A",,"A",0,"D",43,"D",43,"D",44,"D",27,"D",27,"D",26,"D",,"A","10","D","2010","D","1","D",,"A",7995,"D",7951,"D",7908,"D","01","D",,"A",,"A",,"A",.,"A",.,"A",.,"A","1","D","2","D"
"20141",2685454,31,0,"5","01","D","100","D",0.06,"F",24767,"F",15,"F",209,"F",,"A",,"A",,"A",,"A",0,"F",141,"F",142,"F",142,"F",68,"F",67,"F",67,"F",,"A","06","F","2005","F","1","F",,"A",13612,"F",13471,"F",13329,"F","01","D",,"C",,"C",,"C",.,"A",.,"A",.,"A","1","D","2","D"
"20141",2687224,20,0,"5","01","D","100","D",0.072,"F",63184,"F",15,"F",575,"F",,"A",,"A",,"A",,"A",0,"F",289,"F",291,"F",292,"F",286,"F",284,"F",283,"F",,"A","07","F","2008","F","1","F",,"A",47667,"F",47378,"F",47087,"F","01","D",,"A",,"A",,"A",.,"A",.,"A",.,"A","1","D","2","D"
"20141",2687474,45,0,"5","02","D","300","D",0.0525,"D",261546,"T",15,"D",400,"D",,"A",,"A",,"A",,"A",0,"D",4423,"T",4441,"T",4460,"T",186,"D",185,"D",184,"D",,"A","09","D","2010","D","1","D",,"A",42454,"D",42240,"D",42025,"D","01","D",,"A",,"A",,"A",.,"A",.,"A",.,"A","1","D","2","D"
"20141",2688884,32,0,"5","01","D","100","D",0.0859,"D",50000,"D",15,"D",670,"D",,"B",,"B",,"B",,"B",175,"D",244,"D",246,"D",248,"D",251,"D",249,"D",247,"D",,"A","01","D","2007","D","1","D",,"A",35024,"D",34779,"D",34533,"D","01","D",,"A",,"A",,"A",.,"A",.,"A",.,"A","1","D","2","D"
"20141",2689734,25,0,"5","01","D","100","D",0.04,"D",16000,"D",5,"D",297,"D",,"B",,"B",,"B",,"B",2,"D",267,"D",268,"D",269,"D",28,"D",27,"D",26,"D",,"A","04","D","2011","D","1","D",,"A",8388,"D",8121,"D",7853,"D","01","D",,"A",,"A",,"A",.,"A",.,"A",.,"A","1","D","2","D"
"20141",2690284,12,0,"5","01","D","100","D",0.07,"F",25000,"F",10,"F",303,"F",,"B",,"B",,"B",,"B",13,"F",264,"F",266,"F",267,"F",26,"F",24,"F",23,"F",,"A","04","F","2005","F","1","F",,"A",4461,"F",4197,"F",3931,"F","01","D",,"A",,"A",,"A",.,"A",.,"A",.,"A","1","D","2","D"
"20141",2692484,22,0,"5","01","D","100","D",0.045,"D",17000,"D",3,"D",600,"D",,"B",,"B",,"B",,"B",94,"D",451,"D",452,"D",454,"D",55,"D",54,"D",52,"D",,"A","06","D","2013","D","1","D",,"A",14772,"D",14321,"D",13869,"D","01","D",,"A",,"A",,"A",.,"A",.,"A",.,"A","1","D","2","D"
"20141",2692734,24,0,"1","01","D","100","D",0.056,"D",99200,"D",20,"D",688,"D",,"A",,"A",,"A",,"A",0,"D",339,"D",341,"D",342,"D",349,"D",347,"D",346,"D",,"A","07","D","2006","D","1","D",,"A",74778,"D",74439,"D",74098,"D","01","D",,"A",,"A",,"A",.,"A",.,"A",.,"A","1","D","2","D"
"20141",2692844,15,0,"5","01","D","100","D",0.0449,"F",74911,"F",10,"F",776,"F",,"A",,"A",,"A",,"A",0,"F",501,"F",503,"F",505,"F",275,"F",273,"F",271,"F",,"A","09","F","2013","F","1","F",,"A",73418,"F",72917,"F",72414,"F","01","D",,"A",,"A",,"A",.,"A",.,"A",.,"A","1","D","2","D"
"20141",2693944,35,0,"5","01","D","100","D",0.0675,"D",10000,"D",10,"D",204,"D",,"B",,"B",,"B",,"B",89,"D",75,"D",76,"D",76,"D",40,"D",39,"D",39,"D",,"A","03","D","2010","D","1","D",,"A",7076,"D",7001,"D",6925,"D","01","D",,"A",,"A",,"A",.,"A",.,"A",.,"A","1","D","2","D"
"20141",2694104,28,0,"5","01","D","100","D",0.05,"D",30000,"D",15,"D",500,"D",,"A","4","D",,"A",,"A",263,"D",141,"D",142,"D",143,"D",96,"D",95,"D",94,"D",,"A","03","D","2009","D","1","D",,"A",22952,"D",22811,"D",22669,"D","01","D",,"A",,"A",,"A",.,"A",.,"A",.,"A","1","D","2","D"
"20141",2694234,14,0,"5","01","D","100","D",0.065,"F",40000,"F",15,"F",348,"F",,"A",,"A",,"A",,"A",0,"F",0,"F",0,"F",0,"F",1995,"F",1995,"F",1995,"F",,"A","07","F","2013","F","2","F",,"A",40000,"F",40000,"F",40000,"F","01","D","1","D",,"A",,"A",1920,"V",1919,"V",2021,"V",,"A","2","D"
"20141",2694304,17,0,"5","01","D","100","D",0.062,"F",78482,"F",14,"F",700,"F",,"A",,"A",,"A",,"A",0,"F",438,"F",440,"F",442,"F",262,"F",260,"F",258,"F",,"A","06","F","2007","F","1","F",,"A",50718,"F",50280,"F",49840,"F","01","D",,"A",,"A",,"A",.,"A",.,"A",.,"A","1","D","2","D"
"20141",2695264,35,0,"5","01","D","100","D",0.105,"D",59707,"D",15,"D",660,"D",,"A",,"A",,"A",,"A",0,"D",267,"D",269,"D",271,"D",393,"D",391,"D",389,"D",,"A","07","D","2007","D","1","D",,"A",44946,"D",44680,"D",44411,"D","01","D",,"A",,"A",,"A",.,"A",.,"A",.,"A","1","D","2","D"
"20141",2696384,23,0,"5","01","D","100","D",0.09,"D",49556,"D",13,"D",540,"D",,"A",,"A",,"A",,"A",0,"D",361,"D",363,"D",366,"D",179,"D",177,"D",174,"D",,"A","05","D","2005","D","1","D",,"A",23905,"D",23545,"D",23181,"D","01","D",,"A",,"A",,"A",.,"A",.,"A",.,"A","1","D","2","D"
"20141",2698714,19,0,"5","01","D","100","D",0.07,"D",15000,"D",5,"D",297,"D",,"A",,"A",,"A",,"A",0,"D",231,"D",233,"D",234,"D",66,"D",64,"D",63,"D",,"A","06","D","2012","D","1","D",,"A",11267,"D",11036,"D",10803,"D","01","D",,"A",,"A",,"A",.,"A",.,"A",.,"A","1","D","2","D"
"20141",2700264,18,0,"5","01","D","100","D",0.0675,"F",10000,"F",10,"F",204,"F",,"B",,"B",,"B",,"B",89,"F",75,"F",76,"F",76,"F",40,"F",39,"F",39,"F",,"A","03","F","2010","F","1","F",,"A",7076,"F",7001,"F",6925,"F","01","D",,"A",,"A",,"A",.,"A",.,"A",.,"A","1","D","2","D"
"20141",2701614,45,0,"5","01","D","100","D",0.0599,"D",20000,"D",10,"D",222,"D",,"A",,"A",,"A",,"A",0,"D",171,"D",171,"D",172,"D",51,"D",51,"D",50,"D",,"A","04","D","2008","D","1","D",,"A",10308,"D",10138,"D",9966,"D","01","D",,"A",,"A",,"A",.,"A",.,"A",.,"A","1","D","2","D"
"20141",2702374,31,0,"5","01","D","100","D",0.0859,"D",30000,"D",15,"D",300,"D",,"B",,"B",,"B",,"B",3,"D",198,"D",199,"D",201,"D",99,"D",98,"D",96,"D",,"A","09","D","2003","D","1","D",,"A",13862,"D",13664,"D",13465,"D","01","D",,"A",,"A",,"A",.,"A",.,"A",.,"A","1","D","2","D"
"20141",2702944,28,0,"5","01","D","100","D",0.0859,"D",38911,"D",5,"D",800,"D",,"A",,"A",,"A",,"A",0,"D",.,"A",.,"A",.,"A",.,"A",.,"A",.,"A",,"A","08","D","2005","D","1","D",,"A",.,"A",.,"A",.,"A","01","D",,"A",,"A",,"A",.,"A",.,"A",.,"A","1","D","2","D"
"20141",2705004,42,0,"5","01","D","100","D",0.065,"D",26400,"D",20,"D",204,"D",,"B",,"B",,"B",,"B",7,"D",56,"D",57,"D",57,"D",141,"D",140,"D",140,"D",,"A","04","D","2013","D","1","D",,"A",25960,"D",25903,"D",25847,"D","01","D",,"A",,"A",,"A",.,"A",.,"A",.,"A","1","D","2","D"
"20141",2707454,31,0,"5","01","D","100","D",0.05,"D",55000,"D",10,"D",658,"D",,"B",,"B",,"B",,"B",75,"D",512,"D",514,"D",517,"D",71,"D",69,"D",66,"D",,"A","07","D","2006","D","1","D",,"A",16971,"D",16458,"D",15944,"D","01","D",,"A",,"A",,"A",.,"A",.,"A",.,"A","1","D","2","D"
"20141",2710714,48,0,"5","01","D","100","D",0.0575,"D",20984,"D",3,"D",636,"D",,"A",,"A",,"A",,"A",0,"D",554,"D",556,"D",559,"D",82,"D",80,"D",77,"D",,"A","05","D","2013","D","1","D",,"A",17182,"D",16628,"D",16072,"D","01","D",,"A",,"A",,"A",.,"A",.,"A",.,"A","1","D","2","D"
"20141",2710844,29,0,"5","01","D","100","D",0.0859,"D",30000,"D",15,"D",400,"D",,"B",,"B",,"B",,"B",103,"D",202,"D",203,"D",205,"D",95,"D",94,"D",92,"D",,"A","06","D","2003","D","1","D",,"A",13265,"D",13063,"D",12859,"D","01","D",,"A",,"A",,"A",.,"A",.,"A",.,"A","1","D","2","D"
"20141",2711984,31,0,"1","01","D","100","D",0.05,"F",30000,"F",15,"F",500,"F",,"A","4","F",,"A",,"A",263,"F",141,"F",142,"F",143,"F",96,"F",95,"F",94,"F",,"A","03","F","2009","F","1","F",,"A",22952,"F",22811,"F",22669,"F","01","D",,"A",,"A",,"A",.,"A",.,"A",.,"A","1","D","2","D"
"20141",2713693,14,0,"5","01","D","100","D",0.0859,"F",30000,"F",15,"F",400,"F",,"B",,"B",,"B",,"B",103,"F",202,"F",203,"F",205,"F",95,"F",94,"F",92,"F",,"A","06","F","2003","F","1","F",,"A",13265,"F",13063,"F",12859,"F","01","D",,"A",,"A",,"A",.,"A",.,"A",.,"A","1","D","2","D"
"20141",2718413,16,0,"1","01","D","100","D",0.0859,"D",309156,"T",10,"D",3334,"T",,"A",,"A",,"A",,"A",0,"D",0,"D",0,"D",0,"D",3300,"D",3300,"D",3300,"D",,"A","10","D","2013","D","1","D",,"A",231876,"T",229892,"T",227896,"T","01","D",,"A",,"A",,"A",.,"A",.,"A",.,"A",,"A","2","D"
"20141",2719923,29,0,"5","01","D","100","D",0.0425,"D",21269,"D",15,"D",160,"D",,"C",,"C",,"C",,"C",0,"D",104,"D",104,"D",104,"D",56,"D",56,"D",56,"D",,"A","01","D","2009","D","1","D",,"A",15931,"D",15828,"D",15724,"D","01","D",,"A",,"A",,"A",.,"A",.,"A",.,"A",,"C",,"A"
"20141",2720883,22,0,"5","01","D","100","D",0.11,"D",27163,"D",13,"D",328,"D",,"A",,"A",,"A",,"A",0,"D",152,"D",154,"D",155,"D",176,"D",174,"D",173,"D",,"A","10","D","2007","D","1","D",,"A",19156,"D",19004,"D",18850,"D","01","D",,"A",,"A",,"A",.,"A",.,"A",.,"A","1","D","2","D"
"20141",2720913,22,0,"5","01","D","100","D",0.0859,"D",101008,"D",15,"D",1000,"D",,"B",,"B",,"B",,"B",.,"A",825,"D",831,"D",837,"D",175,"D",169,"D",163,"D",,"A","01","D","2001","D","1","D",,"A",23647,"D",22816,"D",21980,"D","01","D",,"A",,"A",,"A",.,"A",.,"A",.,"A","1","D","2","D"
"20141",2723823,22,0,"5","01","D","100","D",0.0859,"D",60000,"D",20,"D",524,"D",,"A",,"A",,"A",,"A",0,"D",.,"A",.,"A",.,"A",.,"A",.,"A",.,"A",,"A","07","D","2003","D","2","D",,"A",41436,"D",41208,"D",40979,"D","01","D","1","D",,"A",,"A",.,"C",.,"C",.,"C","1","D","2","D"
"20141",2726653,26,0,"5","01","D","100","D",0.0875,"D",67837,"D",15,"D",678,"D",,"A",,"A",,"A",,"A",0,"D",465,"D",468,"D",471,"D",194,"D",191,"D",188,"D",,"A","03","D","2003","D","1","D",,"A",29254,"D",28789,"D",28321,"D","01","D",,"A",,"A",,"A",.,"A",.,"A",.,"A","1","D","2","D"
"20141",2726683,22,0,"5","01","D","100","D",0.0415,"D",60000,"D",10,"D",612,"D",,"A",,"A",,"A",,"A",0,"D",439,"D",441,"D",442,"D",173,"D",171,"D",170,"D",,"A","11","D","2011","D","1","D",,"A",49896,"D",49456,"D",49016,"D","01","D",,"A",,"A",,"A",.,"A",.,"A",.,"A","1","D","2","D"
"20141",2732683,53,0,"5","01","D","100","D",0.08,"F",20000,"F",10,"F",280,"F",,"B",,"B",,"B",,"B",37,"F",202,"F",203,"F",205,"F",41,"F",40,"F",38,"F",,"A","04","F","2006","F","1","F",,"A",6136,"F",5933,"F",5730,"F","01","D",,"A",,"A",,"A",.,"A",.,"A",.,"A","1","D","2","D"
"20141",2733933,24,0,"5","01","D","100","D",0.0859,"D",9495,"D",15,"D",94,"D",,"A",,"A",,"A",,"A",0,"D",50,"D",50,"D",51,"D",44,"D",44,"D",43,"D",,"A","04","D","2006","D","1","D",,"A",6172,"D",6122,"D",6072,"D","01","D",,"A",,"A",,"A",.,"A",.,"A",.,"A","1","D","2","D"
"20141",2737063,31,0,"5","01","D","100","D",0.04,"D",16899,"D",15,"D",125,"D",,"A",,"A",,"A",,"A",0,"D",92,"D",93,"D",93,"D",33,"D",32,"D",32,"D",,"A","07","D","2006","D","1","D",,"A",9798,"D",9705,"D",9613,"D","01","D",,"A",,"A",,"A",.,"A",.,"A",.,"A","1","D","2","D"
"20141",2738893,41,0,"5","01","D","100","D",0.0575,"F",20984,"F",3,"F",636,"F",,"A",,"A",,"A",,"A",0,"F",554,"F",556,"F",559,"F",82,"F",80,"F",77,"F",,"A","05","F","2013","F","1","F",,"A",17182,"F",16628,"F",16072,"F","01","D",,"A",,"A",,"A",.,"A",.,"A",.,"A","1","D","2","D"
"20141",2739793,23,0,"5","01","D","100","D",0.0859,"D",52222,"D",10,"D",650,"D",,"A",,"A",,"A",,"A",0,"D",340,"D",342,"D",345,"D",310,"D",308,"D",305,"D",,"A","07","D","2011","D","1","D",,"A",43356,"D",43016,"D",42674,"D","01","D",,"A",,"A",,"A",.,"A",.,"A",.,"A","1","D","2","D"
"20141",2739933,38,0,"5","01","D","100","D",0.0599,"F",20000,"F",10,"F",222,"F",,"A",,"A",,"A",,"A",0,"F",171,"F",171,"F",172,"F",51,"F",51,"F",50,"F",,"A","04","F","2008","F","1","F",,"A",10308,"F",10138,"F",9966,"F","01","D",,"A",,"A",,"A",.,"A",.,"A",.,"A","1","D","2","D"
"20141",2742213,33,0,"5","01","D","100","D",0.07,"D",60000,"D",19,"D",479,"D",,"B",,"B",,"B",,"B",2,"D",136,"D",137,"D",138,"D",341,"D",340,"D",339,"D",,"A","12","D","2012","D","1","D",,"A",58426,"D",58290,"D",58153,"D","01","D",,"A",,"A",,"A",.,"A",.,"A",.,"A","1","D","2","D"
"20141",2742353,25,0,"5","01","D","100","D",0.0859,"D",6427,"D",10,"D",80,"D",,"C",,"C",,"C",,"C",0,"D",60,"D",60,"D",61,"D",20,"D",20,"D",19,"D",,"A","05","D","2007","D","1","D",,"A",2833,"D",2773,"D",2713,"D","01","D",,"A",,"A",,"A",.,"A",.,"A",.,"A",,"C",,"A"
"20141",2743423,34,0,"5","01","D","100","D",0.0859,"F",38911,"F",5,"F",800,"F",,"A",,"A",,"A",,"A",0,"F",.,"A",.,"A",.,"A",.,"A",.,"A",.,"A",,"A","08","F","2005","F","1","F",,"A",.,"A",.,"A",.,"A","01","D",,"A",,"A",,"A",.,"A",.,"A",.,"A","1","D","2","D"
"20141",2744433,35,0,"5","01","D","100","D",0.09,"F",49556,"F",13,"F",540,"F",,"A",,"A",,"A",,"A",0,"F",361,"F",363,"F",366,"F",179,"F",177,"F",174,"F",,"A","05","F","2005","F","1","F",,"A",23905,"F",23545,"F",23181,"F","01","D",,"A",,"A",,"A",.,"A",.,"A",.,"A","1","D","2","D"
"20141",2744433,36,0,"5","01","D","100","D",0.0859,"D",6000,"D",2,"D",300,"D",,"B",,"B",,"B",,"B",27,"D",.,"A",230,"D",232,"D",.,"A",43,"D",41,"D",,"A","01","D","2014","D","1","D",,"A",.,"A",6000,"D",5770,"D","02","D",,"A",,"A",,"A",.,"A",.,"A",.,"A","1","D","2","D"
"20141",2747123,15,0,"5","01","D","100","D",0.072,"D",63184,"D",15,"D",575,"D",,"A",,"A",,"A",,"A",0,"D",289,"D",291,"D",292,"D",286,"D",284,"D",283,"D",,"A","07","D","2008","D","1","D",,"A",47667,"D",47378,"D",47087,"D","01","D",,"A",,"A",,"A",.,"A",.,"A",.,"A","1","D","2","D"
"20141",2747502,23,0,"5","01","D","100","D",0.0859,"D",74411,"D",20,"D",650,"D",,"A",,"A",,"A",,"A",0,"D",0,"D",0,"D",0,"D",650,"D",650,"D",650,"D",,"A","11","D","2004","D","1","D",,"A",74411,"D",74411,"D",74411,"D","01","D",,"A",,"A",,"A",.,"A",.,"A",.,"A",,"A","2","D"
"20141",2748632,17,0,"5","01","D","100","D",0.0859,"F",30000,"F",15,"F",400,"F",,"B",,"B",,"B",,"B",103,"F",202,"F",203,"F",205,"F",95,"F",94,"F",92,"F",,"A","06","F","2003","F","1","F",,"A",13265,"F",13063,"F",12859,"F","01","D",,"A",,"A",,"A",.,"A",.,"A",.,"A","1","D","2","D"
"20141",2749542,31,0,"5","01","D","100","D",0.0859,"F",50000,"F",15,"F",670,"F",,"B",,"B",,"B",,"B",175,"F",244,"F",246,"F",248,"F",251,"F",249,"F",247,"F",,"A","01","F","2007","F","1","F",,"A",35024,"F",34779,"F",34533,"F","01","D",,"A",,"A",,"A",.,"A",.,"A",.,"A","1","D","2","D"
"20141",2750192,24,0,"5","01","D","100","D",0.04,"F",16899,"F",15,"F",125,"F",,"A",,"A",,"A",,"A",0,"F",92,"F",93,"F",93,"F",33,"F",32,"F",32,"F",,"A","07","F","2006","F","1","F",,"A",9798,"F",9705,"F",9613,"F","01","D",,"A",,"A",,"A",.,"A",.,"A",.,"A","1","D","2","D"
"20141",2751332,28,0,"5","01","D","100","D",0.085,"F",41128,"F",15,"F",405,"F",,"A",,"A",,"A",,"A",0,"F",229,"F",230,"F",232,"F",176,"F",175,"F",173,"F",,"A","09","F","2005","F","1","F",,"A",24898,"F",24670,"F",24439,"F","01","D",,"A",,"A",,"A",.,"A",.,"A",.,"A","1","D","2","D"
"20141",2752522,13,0,"5","01","D","100","D",0.09,"D",50000,"D",15,"D",560,"D",,"B",,"B",,"B",,"B",53,"D",307,"D",309,"D",312,"D",200,"D",198,"D",195,"D",,"A","05","D","2004","D","1","D",,"A",26655,"D",26348,"D",26038,"D","01","D",,"A",,"A",,"A",.,"A",.,"A",.,"A",,"C",,"A"
"20141",2752772,18,0,"1","01","D","100","D",0.0859,"D",72308,"D",10,"D",900,"D",,"A",,"A",,"A",,"A",0,"D",423,"D",426,"D",429,"D",477,"D",474,"D",471,"D",,"A","08","D","2012","D","1","D",,"A",66698,"D",66276,"D",65850,"D","01","D",,"A",,"A",,"A",.,"A",.,"A",.,"A","1","D","2","D"
"20141",2752822,26,0,"1","01","D","100","D",0.0859,"F",50000,"F",15,"F",670,"F",,"B",,"B",,"B",,"B",175,"F",244,"F",246,"F",248,"F",251,"F",249,"F",247,"F",,"A","01","F","2007","F","1","F",,"A",35024,"F",34779,"F",34533,"F","01","D",,"A",,"A",,"A",.,"A",.,"A",.,"A","1","D","2","D"
"20141",2753412,31,0,"1","01","D","100","D",0.0859,"F",30000,"F",15,"F",300,"F",,"B",,"B",,"B",,"B",3,"F",198,"F",199,"F",201,"F",99,"F",98,"F",96,"F",,"A","09","F","2003","F","1","F",,"A",13862,"F",13664,"F",13465,"F","01","D",,"C",,"C",,"C",.,"A",.,"A",.,"A","1","D","2","D"
"20141",2753532,16,0,"1","01","D","100","D",0.0425,"D",40000,"D",15,"D",345,"D",,"B",,"B",,"B",,"B",44,"D",.,"A",.,"A",159,"D",.,"A",.,"A",142,"D",,"A","12","D","2013","D","1","D",,"A",.,"A",.,"A",40000,"D","01","D",,"A",,"A",,"A",.,"A",.,"A",.,"A","1","D","2","D"
"20141",2754762,21,0,"1","01","D","100","D",0.0859,"D",60000,"D",10,"D",747,"D",,"A",,"A",,"A",,"A",0,"D",.,"A",.,"A",.,"A",.,"A",.,"A",.,"A",,"A","06","D","2007","D","2","D",,"A",28102,"D",27557,"D",27007,"D","01","D","1","D",,"A",,"A",220,"D",220,"D",220,"D","1","D","2","D"
"20141",2755032,14,0,"1","01","D","100","D",0.0859,"D",121209,"D",15,"D",1200,"D",,"A",,"A",,"A",,"A",0,"D",834,"D",840,"D",846,"D",366,"D",360,"D",354,"D",,"A","01","D","2003","D","1","D",,"A",51120,"D",50286,"D",49446,"D","01","D",,"A",,"A",,"A",.,"A",.,"A",.,"A","1","D","2","D"
"20141",2755482,16,0,"5","01","D","100","D",0.082,"D",18140,"D",20,"D",154,"D",,"A",,"A",,"A",,"A",0,"D",0,"D",0,"D",0,"D",154,"D",154,"D",154,"D",,"A","02","D","2009","D","1","D",,"A",18140,"D",18140,"D",18140,"D","01","D",,"A",,"A",,"A",.,"A",.,"A",.,"A",,"A","2","D"
"20141",2758252,27,0,"5","01","D","100","D",0.07,"D",128432,"D",19,"D",1020,"D",,"A",,"A",,"A",,"A",0,"D",496,"D",499,"D",502,"D",524,"D",521,"D",518,"D",,"A","02","D","2005","D","1","D",,"A",89849,"D",89353,"D",88854,"D","01","D",,"A",,"A",,"A",.,"A",.,"A",.,"A","1","D","2","D"
"20141",2759292,13,0,"1","01","D","100","D",0.0425,"F",40000,"F",15,"F",345,"F",,"B",,"B",,"B",,"B",44,"F",.,"A",.,"A",159,"F",.,"A",.,"A",142,"F",,"A","12","F","2013","F","1","F",,"A",.,"A",.,"A",40000,"F","01","D",,"A",,"A",,"A",.,"A",.,"A",.,"A","1","D","2","D"
"20141",2759322,34,0,"5","01","D","100","D",0.0575,"F",34923,"F",15,"F",290,"F",,"A",,"A",,"A",,"A",0,"F",156,"F",157,"F",157,"F",134,"F",133,"F",133,"F",,"A","10","F","2009","F","1","F",,"A",28012,"F",27856,"F",27699,"F","01","D",,"A",,"A",,"A",.,"A",.,"A",.,"A","1","D","2","D"
"20141",2760522,22,0,"5","01","D","100","D",0.0859,"D",12000,"D",15,"D",150,"D",,"B",,"B",,"B",,"B",31,"D",69,"D",70,"D",70,"D",50,"D",49,"D",49,"D",,"A","04","D","2005","D","1","D",,"A",6984,"D",6915,"D",6845,"D","01","D",,"A",,"A",,"A",.,"A",.,"A",.,"A","1","D","2","D"
"20141",2761202,18,0,"5","01","D","100","D",0.07,"D",60000,"D",18,"D",495,"D",,"B",,"B",,"B",,"B",6,"D",250,"D",252,"D",253,"D",239,"D",237,"D",236,"D",,"A","06","D","2005","D","1","D",,"A",40951,"D",40701,"D",40450,"D","01","D",,"A",,"A",,"A",.,"A",.,"A",.,"A","1","D","2","D"
"20141",2762072,9,0,"5","01","D","100","D",0.062,"D",78482,"D",14,"D",700,"D",,"A",,"A",,"A",,"A",0,"D",438,"D",440,"D",442,"D",262,"D",260,"D",258,"D",,"A","06","D","2007","D","1","D",,"A",50718,"D",50280,"D",49840,"D","01","D",,"A",,"A",,"A",.,"A",.,"A",.,"A","1","D","2","D"
"20141",2763012,15,0,"5","01","D","100","D",0.04,"D",1174,"D",1,"D",100,"D",,"A",,"A",,"A",,"A",0,"D",.,"A",.,"A",.,"A",.,"A",.,"A",.,"A",,"A","01","D","2014","D","2","D","012014","D",1365,"D",1270,"D",1174,"D","01","D","1","D",,"A",,"A",100,"D",100,"D",2021,"T","1","D","2","D"
"20141",2763012,28,0,"5","01","D","100","D",0.045,"D",15807,"D",20,"D",100,"D",,"A",,"A",,"A",,"A",0,"D",47,"D",47,"D",.,"A",53,"D",53,"D",.,"A","012014","D","11","D","2010","D","1","D",,"A",14241,"D",14194,"D",.,"A","01","D",,"A",,"A",,"A",.,"A",.,"A",.,"A","1","D","2","D"
"20141",2766092,7,0,"5","01","D","100","D",0.045,"F",17000,"F",3,"F",600,"F",,"B",,"B",,"B",,"B",94,"F",451,"F",452,"F",454,"F",55,"F",54,"F",52,"F",,"A","06","F","2013","F","1","F",,"A",14772,"F",14321,"F",13869,"F","01","D",,"A",,"A",,"A",.,"A",.,"A",.,"A","1","D","2","D"
"20141",2766852,18,0,"5","01","D","100","D",0.0415,"F",60000,"F",10,"F",612,"F",,"A",,"A",,"A",,"A",0,"F",439,"F",441,"F",442,"F",173,"F",171,"F",170,"F",,"A","11","F","2011","F","1","F",,"A",49896,"F",49456,"F",49016,"F","01","D",,"A",,"A",,"A",.,"A",.,"A",.,"A","1","D","2","D"
"20141",2767122,22,0,"5","01","D","100","D",0.052,"F",12480,"F",15,"F",100,"F",,"A",,"A",,"A",,"A",0,"F",49,"F",50,"F",50,"F",51,"F",50,"F",50,"F",,"A","06","F","2012","F","1","F",,"A",11672,"F",11622,"F",11573,"F","01","D",,"A",,"A",,"A",.,"A",.,"A",.,"A","1","D","2","D"
"20141",2769632,11,0,"5","01","D","100","D",0.06,"D",24767,"D",15,"D",209,"D",,"A",,"A",,"A",,"A",0,"D",141,"D",142,"D",142,"D",68,"D",67,"D",67,"D",,"A","06","D","2005","D","1","D",,"A",13612,"D",13471,"D",13329,"D","01","D",,"A",,"A",,"A",.,"A",.,"A",.,"A","1","D","2","D"
"20141",2772402,32,0,"5","01","D","100","D",0.065,"D",27000,"D",7,"D",415,"D",,"B",,"B",,"B",,"B",14,"D",341,"D",343,"D",345,"D",60,"D",58,"D",56,"D",,"A","06","D","2009","D","1","D",,"A",11070,"D",10729,"D",10386,"D","01","D",,"A",,"A",,"A",.,"A",.,"A",.,"A","1","D","2","D"
"20141",2772722,29,0,"5","01","D","100","D",0.0859,"D",375,"D",20,"D",3,"D",,"A",,"A",,"A",,"A",0,"D",0,"D",0,"D",.,"A",0,"D",0,"D",.,"A",,"A","02","D","1994","D","2","D",,"A",6,"D",3,"D",0,"D","01","D","1","D",,"A",,"A",0,"D",0,"D",0,"D","1","D","2","D"
"20141",2773102,43,0,"5","01","D","100","D",0.072,"D",20000,"D",15,"D",195,"D",,"B",,"B",,"B",,"B",13,"D",77,"D",77,"D",78,"D",105,"D",105,"D",104,"D",,"A","12","D","2010","D","1","D",,"A",17517,"D",17440,"D",17363,"D","01","D",,"A",,"A",,"A",.,"A",.,"A",.,"A","1","D","2","D"
"20141",2774752,19,0,"1","01","D","100","D",0.0859,"D",25252,"D",15,"D",250,"D",,"A",,"A",,"A",,"A",0,"D",245,"D",246,"D",248,"D",5,"D",4,"D",2,"D",,"A","03","D","1999","D","1","D",,"A",740,"D",495,"D",248,"D","01","D",,"A",,"A",,"A",.,"A",.,"A",.,"A","1","D","2","D"
"20141",2776242,28,0,"5","01","D","100","D",0.07,"D",25000,"D",10,"D",303,"D",,"B",,"B",,"B",,"B",13,"D",264,"D",266,"D",267,"D",26,"D",24,"D",23,"D",,"A","04","D","2005","D","1","D",,"A",4461,"D",4197,"D",3931,"D","01","D",,"A",,"A",,"A",.,"A",.,"A",.,"A","1","D","2","D"
"20141",2777672,10,0,"5","01","D","100","D",0.0859,"F",6427,"F",10,"F",80,"F",,"C",,"C",,"C",,"C",0,"F",60,"F",60,"F",61,"F",20,"F",20,"F",19,"F",,"A","05","F","2007","F","1","F",,"A",2833,"F",2773,"F",2713,"F","01","D",,"C",,"C",,"C",.,"A",.,"A",.,"A",,"C",,"A"
"20141",2777882,19,0,"5","01","D","100","D",0.045,"F",46315,"F",10,"F",480,"F",,"A",,"A",,"A",,"A",0,"F",406,"F",407,"F",409,"F",74,"F",73,"F",71,"F",,"A","07","F","2007","F","1","F",,"A",19842,"F",19436,"F",19029,"F","01","D",,"C",,"C",,"C",.,"A",.,"A",.,"A","1","D","2","D"
"20141",2779002,32,0,"5","01","D","100","D",0.064,"D",17693,"D",10,"D",200,"D",,"A",,"A",,"A",,"A",0,"D",163,"D",164,"D",165,"D",37,"D",36,"D",35,"D",,"A","02","D","2007","D","1","D",,"A",6863,"D",6700,"D",6535,"D","01","D",,"A",,"A",,"A",.,"A",.,"A",.,"A","1","D","2","D"
"20141",2780502,21,0,"5","01","D","100","D",0.0675,"D",17418,"D",10,"D",200,"D",,"A",,"A",,"A",,"A",0,"D",144,"D",145,"D",146,"D",56,"D",55,"D",54,"D",,"A","10","D","2008","D","1","D",,"A",9874,"D",9730,"D",9585,"D","01","D",,"A",,"A",,"A",.,"A",.,"A",.,"A","1","D","2","D"
"20141",2782685,30,0,"1","01","D","200","D",0.08,"F",50000,"D",10,"F",607,"F",,"A",,"A",,"A",,"A",0,"F",528,"F",531,"F",535,"F",79,"F",75,"F",72,"F",,"A","08","F","2005","D",,"A",,"A",11323,"F",10792,"F",10258,"F","01","D",,"A",,"A",,"A",.,"A",.,"A",.,"A","1","D","2","D"
"20141",2796194,21,0,"1","01","D","100","D",.,"B",60000,"D",.,"C",.,"A",,"A",,"A",,"A",,"A",.,"B",.,"A",.,"A",.,"A",.,"A",.,"A",.,"A",,"A","02","D","2014","D",,"A",,"A",.,"A",.,"A",.,"A","01","D",,"A",,"A",,"A",.,"A",.,"A",.,"A","1","D","2","D"
"20141",2796712,27,0,"1","02","D","200","D",0.0495,"D",200000,"D",10,"D",3334,"T",,"A",,"A",,"A",,"A",0,"D",0,"D",0,"D",0,"D",.,"A",.,"A",.,"A",,"A","02","D","2009","D","2","D",,"A",200000,"D",200000,"D",200000,"D","01","D",,"A",,"A","3","D",1200,"D",1200,"D",1200,"D",,"A","2","D"
"20141",2809045,10,0,"1","01","D","100","D",0.055,"D",10471,"D",5,"D",200,"D",,"A",,"A",,"A",,"A",0,"D",174,"D",175,"D",176,"D",26,"D",25,"D",24,"D",,"A","06","D","2011","D","1","D",,"A",5594,"D",5420,"D",5245,"D","01","D",,"A",,"A",,"A",.,"A",.,"A",.,"A","1","D","2","D"
