"QYEAR","NEWID","SEQNO","ALCNO","REC_ORIG","VEHICYC","VEHICYC_","VEHDISP","VEHDISP_","VDISPMO","VDISPMO_","SALEX","SALEX_","REIMBURX","REIM_URX","EXREIMBX","EXRE_MBX","LOANSTAT","LOAN_TAT","FINPAYMX","FINP_YMX","VEHICIC","VEHICIC_"
"20131",2512055,30,0,"1","110","D","4","D","10","D",.,"A",.,"A",.,"A","2","D",.,"A","01","D"
"20131",2512465,30,0,"1","110","D","4","D","10","D",.,"A",.,"A",.,"A","2","D",.,"A","01","D"
"20131",2512525,51,0,"1","110","D","2","D","10","D",.,"A",.,"A",.,"A","1","D",7000,"D","01","D"
"20131",2512575,40,0,"1","100","D","1","D","10","D",2300,"D",.,"A",.,"A","2","D",.,"A","02","D"
"20131",2512635,36,0,"1","110","D","2","D","12","D",.,"A",.,"A",.,"A","1","D",1057,"D","01","D"
"20131",2512645,40,0,"1","100","D","3","D","10","D",.,"A",.,"A",.,"A","2","D",.,"A","02","D"
"20131",2512685,53,0,"1","110","D","2","D","10","D",.,"A",.,"A",.,"A","1","D",.,"A","02","D"
"20131",2512715,82,0,"1","110","D","1","D","10","D",3500,"D",.,"A",.,"A","2","D",.,"A","04","D"
"20131",2513015,66,0,"1","110","D","2","D","12","D",.,"A",.,"A",.,"A","1","D",24500,"D","01","D"
"20131",2513355,45,0,"1","100","D","2","D","11","D",.,"A",.,"A",.,"A","1","D",.,"A","02","D"
"20131",2513645,50,0,"1","110","D","1","D","11","D",17000,"D",.,"A",.,"A","2","D",.,"A","01","D"
"20131",2513775,43,0,"1","110","D","4","D","11","D",.,"A",28000,"D",.,"A","2","D",.,"A","01","D"
"20131",2514705,96,0,"1","110","D","2","D","11","D",.,"A",.,"A",.,"A","2","D",.,"A","02","D"
"20131",2514725,37,0,"1","100","D","1","D","12","D",2300,"F",.,"A",.,"A","2","D",.,"A","01","D"
"20131",2514975,49,0,"1","110","D","2","D","12","D",.,"A",.,"A",.,"A","2","D",.,"A","03","D"
"20131",2515075,33,0,"1","100","D","3","D","12","D",.,"A",.,"A",.,"A","2","D",.,"A","01","D"
"20131",2515205,35,0,"1","110","D","1","D","10","D",250,"D",.,"A",.,"A","2","D",.,"A","02","D"
"20131",2515295,50,0,"1","110","D","1","D","10","D",16000,"D",.,"A",.,"A","2","D",.,"A","01","D"
"20131",2515815,50,0,"1","100","D","4","D","10","D",.,"A",.,"A",.,"A","2","D",.,"A","02","D"
"20131",2516485,59,0,"2","100","D","3","D","10","D",.,"A",.,"A",.,"A","2","D",.,"A","02","D"
"20131",2516595,51,0,"1","100","D","2","D","12","D",.,"A",.,"A",.,"A","2","D",.,"A","01","D"
"20131",2516935,46,0,"1","100","D","6","D","11","D",.,"A",.,"A",.,"A","2","D",.,"A","01","D"
"20131",2517025,49,0,"1","100","D","2","D","11","D",.,"A",.,"A",.,"A","1","D",.,"A","02","D"
"20131",2517075,93,0,"1","100","D","4","D","10","D",.,"A",.,"A",.,"A","2","D",.,"A","02","D"
"20131",2517375,46,0,"2","110","D","1","D","10","D",6300,"D",.,"A",.,"A","2","D",.,"A","02","D"
"20131",2518505,38,0,"1","100","D","6","D","10","D",.,"A",.,"A",.,"A","2","D",.,"A","01","D"
"20131",2518965,39,0,"1","110","D","4","D","10","D",.,"A",8000,"D",.,"A","2","D",.,"A","02","D"
"20131",2519525,43,0,"1","110","D","2","D","11","D",.,"A",.,"A",.,"A","1","D",.,"A","01","D"
"20131",2520275,67,0,"1","110","D","3","D","12","D",.,"A",.,"A",.,"A","2","D",.,"A","02","D"
"20131",2520985,35,0,"1","100","D","5","D","12","D",.,"A",.,"A",.,"A","2","D",.,"A","03","D"
"20131",2522575,23,0,"1","100","D","4","D","11","D",.,"A",200,"D",.,"A","2","D",.,"A","01","D"
"20131",2522685,41,0,"1","100","D","3","D","12","D",.,"A",.,"A",.,"A","2","D",.,"A","01","D"
"20131",2523675,70,0,"1","110","D","3","D","01","D",.,"A",.,"A",.,"A","2","D",.,"A","05","D"
"20131",2523855,26,0,"1","100","D","3","D","12","D",.,"A",.,"A",.,"A","2","D",.,"A","01","D"
"20131",2523915,33,0,"1","110","D","1","D","12","D",2000,"D",.,"A",.,"A","2","D",.,"A","01","D"
"20131",2523915,34,0,"1","100","D","1","D","11","D",2000,"D",.,"A",.,"A","2","D",.,"A","03","D"
"20131",2524455,28,0,"1","100","D","4","D","11","D",.,"A",.,"A",.,"A","2","D",.,"A","01","D"
"20131",2524765,24,0,"1","100","D","2","D","12","D",.,"A",.,"A",.,"A","2","D",.,"A","01","D"
"20131",2524875,34,0,"1","100","D","6","D","11","D",.,"A",.,"A",.,"A","2","D",.,"A","01","D"
"20131",2525145,76,0,"1","100","D","3","D","01","D",.,"A",.,"A",.,"A","2","D",.,"A","01","D"
"20131",2525285,42,0,"1","100","D","2","D","01","D",.,"A",.,"A",.,"A","1","D",8000,"F","03","D"
"20131",2525445,47,0,"1","100","D","2","D","12","D",.,"A",.,"A",.,"A","2","D",.,"A","01","D"
"20131",2525835,84,0,"1","100","D","3","D","12","D",.,"A",.,"A",.,"A","2","D",.,"A","04","D"
"20131",2526135,41,0,"1","100","D","3","D","12","D",.,"A",.,"A",.,"A","2","D",.,"A","01","D"
"20131",2526145,53,0,"1","100","D","4","D","11","D",.,"A",6500,"D",.,"A","2","D",.,"A","02","D"
"20131",2526715,35,0,"1","100","D","2","D","11","D",.,"A",.,"A",.,"A","2","D",.,"A","04","D"
"20131",2526835,44,0,"1","100","D","1","D","12","D",1500,"D",.,"A",.,"A","2","D",.,"A","01","D"
"20131",2527015,65,0,"1","110","D","1","D","11","D",250,"D",.,"A",.,"A","2","D",.,"A","01","D"
"20131",2527015,66,0,"1","100","D","4","D","01","D",.,"A",3800,"D",.,"A","2","D",.,"A","04","D"
"20131",2527035,26,0,"1","110","D","2","D","01","D",.,"A",.,"A",.,"A","2","D",.,"A","02","D"
"20131",2527205,69,0,"1","100","D","3","D","01","D",.,"A",.,"A",.,"A","2","D",.,"A","01","D"
"20131",2527345,35,0,"2","110","D","1","D","11","D",1500,"D",.,"A",.,"A","2","D",.,"A","01","D"
"20131",2527625,31,0,"2","110","D","3","D","11","D",.,"A",.,"A",.,"A","2","D",.,"A","02","D"
"20131",2527685,66,0,"1","100","D","6","D","01","D",.,"A",.,"A",.,"A","2","D",.,"A","01","D"
"20131",2528215,29,0,"1","100","D","1","D","01","D",250,"D",.,"A",.,"A","2","D",.,"A","02","D"
"20131",2528495,58,0,"1","100","D","2","D","11","D",.,"A",.,"A",.,"A","2","D",.,"A","01","D"
"20131",2528665,38,0,"1","100","D","2","D","12","D",.,"A",.,"A",.,"A","2","D",.,"A","01","D"
"20131",2529705,48,0,"1","100","D","3","D","01","D",.,"A",.,"A",.,"A","2","D",.,"A","01","D"
"20131",2530705,50,0,"2","100","D","2","D","11","D",.,"A",.,"A",.,"A","2","D",.,"A","01","D"
"20131",2531475,71,0,"1","110","D","2","D","11","D",.,"A",.,"A",.,"A","1","D",.,"A","04","D"
"20131",2531815,55,0,"1","100","D","2","D","12","D",.,"A",.,"A",.,"A","2","D",.,"A","03","D"
"20131",2532035,58,0,"2","110","D","1","D","11","D",12000,"D",.,"A",.,"A","1","D",15000,"D","02","D"
"20131",2532795,44,0,"1","100","D","1","D","12","D",1200,"D",.,"A",.,"A","2","D",.,"A","01","D"
"20131",2533325,38,0,"1","110","D","2","D","01","D",.,"A",.,"A",.,"A","1","D",.,"A","01","D"
"20131",2534235,34,0,"1","100","D","2","D","01","D",.,"A",.,"A",.,"A","1","D",.,"A","01","D"
"20131",2535625,45,0,"1","100","D","1","D","12","D",1200,"D",.,"A",.,"A","2","D",.,"A","03","D"
"20131",2535625,46,0,"1","110","D","2","D","12","D",.,"A",.,"A",.,"A","2","D",.,"A","04","D"
"20131",2535865,48,0,"1","100","D","1","D","12","D",300,"D",.,"A",.,"A","2","D",.,"A","02","D"
"20131",2535935,47,0,"1","100","D","1","D","12","D",1000,"D",.,"A",.,"A","2","D",.,"A","03","D"
"20131",2536045,34,0,"1","110","D","2","D","02","D",.,"A",.,"A",.,"A","2","D",.,"A","01","D"
"20131",2536475,40,0,"1","110","D","1","D","01","D",3500,"D",.,"A",.,"A","2","D",.,"A","02","D"
"20131",2536955,62,0,"1","110","D","2","D","02","D",.,"A",.,"A",.,"A","2","D",.,"A","02","D"
"20131",2537235,39,0,"1","110","D","2","D","12","D",.,"A",.,"A",.,"A","2","D",.,"A","02","D"
"20131",2538075,33,0,"1","100","D","3","D","02","D",.,"A",.,"A",.,"A","2","D",.,"A","03","D"
"20131",2538545,57,0,"1","100","D","6","D","12","D",.,"A",.,"A",.,"A","2","D",.,"A","02","D"
"20131",2538655,58,0,"1","100","D","3","D","12","D",.,"A",.,"A",.,"A","2","D",.,"A","01","D"
"20131",2539025,57,0,"1","110","D","2","D","02","D",.,"A",.,"A",.,"A","2","D",.,"A","02","D"
"20131",2540255,35,0,"1","110","D","2","D","12","D",.,"A",.,"A",.,"A","2","D",.,"A","01","D"
"20131",2541485,55,0,"1","100","D","2","D","01","D",.,"A",.,"A",.,"A","2","D",.,"A","03","D"
"20131",2542245,38,0,"1","110","D","6","D","02","D",.,"A",.,"A",.,"A","1","D",.,"A","01","D"
"20131",2543845,52,0,"1","110","D","1","D","12","D",7000,"D",.,"A",.,"A","1","D",10300,"D","01","D"
"20131",2544085,53,0,"1","110","D","3","D","12","D",.,"A",.,"A",.,"A","2","D",.,"A","04","D"
"20131",2545244,40,0,"1","100","D","6","D","11","D",.,"A",.,"A",.,"A","2","D",.,"A","04","D"
"20131",2545974,42,0,"1","100","D","6","D","10","D",.,"A",.,"A",.,"A","2","D",.,"A","02","D"
"20131",2546034,32,0,"1","110","D","2","D","11","D",.,"A",.,"A",.,"A","2","D",.,"A","01","D"
"20131",2546224,57,0,"1","100","D","2","D","12","D",.,"A",.,"A",.,"A","2","D",.,"A","02","D"
"20131",2546734,54,0,"1","100","D","2","D","12","D",.,"A",.,"A",.,"A","2","D",.,"A","02","D"
"20131",2546774,60,0,"1","110","D","2","D","12","D",.,"A",.,"A",.,"A","1","D",.,"A","03","D"
"20131",2546794,51,0,"1","100","D","6","D","11","D",.,"A",.,"A",.,"A","2","D",.,"A","03","D"
"20131",2547514,54,0,"1","120","D","1","D","11","D",900,"D",.,"A",.,"A","2","D",.,"A","04","D"
"20131",2547594,44,0,"1","100","D","2","D","11","D",.,"A",.,"A",.,"A","2","D",.,"A","01","D"
"20131",2547604,37,0,"1","100","D","1","D","11","D",300,"D",.,"A",.,"A","2","D",.,"A","02","D"
"20131",2547994,52,0,"1","100","D","2","D","12","D",.,"A",.,"A",.,"A","2","D",.,"A","01","D"
"20131",2547994,53,0,"1","110","D","2","D","12","D",.,"A",.,"A",.,"A","2","D",.,"A","02","D"
"20131",2548104,32,0,"1","100","D","1","D","12","D",2000,"D",.,"A",.,"A","2","D",.,"A","02","D"
"20131",2548344,48,0,"1","180","D","3","D","10","D",.,"A",.,"A",.,"A","2","D",.,"A","02","D"
"20131",2548494,20,0,"1","110","D","6","D","12","D",.,"A",.,"A",.,"A","2","D",.,"A","01","D"
"20131",2549264,44,0,"1","100","D","4","D","10","D",.,"A",2700,"D",.,"A","2","D",.,"A","02","D"
"20131",2549344,61,0,"1","100","D","3","D","12","D",.,"A",.,"A",.,"A","2","D",.,"A","02","D"
"20131",2549574,57,0,"1","100","D","2","D","11","D",.,"A",.,"A",.,"A","2","D",.,"A","03","D"
"20131",2549794,43,0,"1","200","D","1","D","12","D",1700,"D",.,"A",.,"A","2","D",.,"A","03","D"
"20131",2549794,44,0,"1","100","D","1","D","11","D",100,"D",.,"A",.,"A","2","D",.,"A","04","D"
"20131",2549984,36,0,"2","100","D","1","D","10","D",3000,"D",.,"A",.,"A","2","D",.,"A","02","D"
"20131",2549994,65,0,"1","100","D","1","D","12","D",2500,"D",.,"A",.,"A","2","D",.,"A","04","D"
"20131",2550124,35,0,"1","110","D","2","D","11","D",.,"A",.,"A",.,"A",,"C",.,"A","01","D"
"20131",2550364,49,0,"1","110","D","6","D","11","D",.,"A",.,"A",.,"A","2","D",.,"A","03","D"
"20131",2550564,45,0,"1","100","D","2","D","10","D",.,"A",.,"A",.,"A","1","D",.,"A","02","D"
"20131",2550634,46,0,"1","110","D","1","D","11","D",600,"D",.,"A",.,"A","2","D",.,"A","02","D"
"20131",2550874,51,0,"1","100","D","2","D","10","D",.,"A",.,"A",.,"A","2","D",.,"A","02","D"
"20131",2551224,60,0,"1","110","D","6","D","10","D",.,"A",.,"A",.,"A","2","D",.,"A","04","D"
"20131",2551894,37,0,"1","110","D","1","D","10","D",1900,"D",.,"A",.,"A","2","D",.,"A","01","D"
"20131",2553194,48,0,"1","100","D","2","D","12","D",.,"A",.,"A",.,"A","1","D",.,"A","02","D"
"20131",2553194,49,0,"1","150","D","2","D","12","D",.,"A",.,"A",.,"A","2","D",.,"A","03","D"
"20131",2553544,53,0,"1","110","D","1","D","12","D",1000,"D",.,"A",.,"A","2","D",.,"A","02","D"
"20131",2554064,46,0,"1","150","D","1","D","10","D",200,"D",.,"A",.,"A","2","D",.,"A","03","D"
"20131",2554204,20,0,"1","110","D","1","D","11","D",500,"D",.,"A",.,"A","2","D",.,"A","01","D"
"20131",2554354,44,0,"1","110","D","6","D","11","D",.,"A",.,"A",.,"A","2","D",.,"A","01","D"
"20131",2554354,45,0,"1","170","D","6","D","11","D",.,"A",.,"A",.,"A","2","D",.,"A","02","D"
"20131",2556144,35,0,"2","100","D","2","D","10","D",.,"A",.,"A",.,"A","2","D",.,"A","02","D"
"20131",2556174,34,0,"1","100","D","6","D","12","D",.,"A",.,"A",.,"A","1","D",.,"A","01","D"
"20131",2556344,37,0,"1","100","D","6","D","10","D",.,"A",.,"A",.,"A","2","D",.,"A","01","D"
"20131",2556514,34,0,"1","100","D","3","D","11","D",.,"A",.,"A",.,"A","2","D",.,"A","02","D"
"20131",2556804,36,0,"1","100","D","4","D","11","D",.,"A",50,"D",.,"A","2","D",.,"A","04","D"
"20131",2556874,36,0,"1","110","D","2","D","01","D",.,"A",.,"A",.,"A","2","D",.,"A","01","D"
"20131",2556874,37,0,"1","100","D","2","D","01","D",.,"A",.,"A",.,"A","2","D",.,"A","02","D"
"20131",2557214,55,0,"1","110","D","3","D","12","D",.,"A",.,"A",.,"A","2","D",.,"A","01","D"
"20131",2557414,50,0,"1","100","D","1","D","01","D",150,"D",.,"A",.,"A","2","D",.,"A","03","D"
"20131",2557494,62,0,"1","100","D","4","D","12","D",.,"A",6300,"D",.,"A","2","D",.,"A","01","D"
"20131",2557694,18,0,"1","110","D","6","D","01","D",.,"A",.,"A",.,"A","2","D",.,"A","01","D"
"20131",2558254,51,0,"2","100","D","2","D","11","D",.,"A",.,"A",.,"A","1","D",.,"A","01","D"
"20131",2558744,36,0,"1","110","D","2","D","12","D",.,"A",.,"A",.,"A","2","D",.,"A","01","D"
"20131",2559074,41,0,"1","110","D","1","D","01","D",850,"D",.,"A",.,"A","2","D",.,"A","01","D"
"20131",2559624,43,0,"1","150","D","1","D","12","D",2000,"D",.,"A",.,"A","2","D",.,"A","03","D"
"20131",2559734,26,0,"1","110","D","4","D","12","D",.,"A",.,"A",.,"A","2","D",.,"A","02","D"
"20131",2560414,48,0,"1","100","D","2","D","12","D",.,"A",.,"A",.,"A","2","D",.,"A","02","D"
"20131",2560614,24,0,"1","100","D","4","D","11","D",.,"A",.,"A",.,"A","2","D",.,"A","01","D"
"20131",2560654,33,0,"2","110","D","1","D","11","D",8500,"D",.,"A",.,"A","2","D",.,"A","01","D"
"20131",2560734,54,0,"1","110","D","4","D","01","D",.,"A",.,"A",.,"A","2","D",.,"A","01","D"
"20131",2560924,58,0,"1","100","D","1","D","11","D",1000,"D",.,"A",.,"A","2","D",.,"A","02","D"
"20131",2561024,31,0,"1","100","D","6","D","01","D",.,"A",.,"A",.,"A","2","D",.,"A","01","D"
"20131",2561854,39,0,"1","100","D","1","D","11","D",2100,"D",.,"A",.,"A","2","D",.,"A","03","D"
"20131",2561884,52,0,"1","100","D","6","D","12","D",.,"A",.,"A",.,"A","2","D",.,"A","01","D"
"20131",2561884,53,0,"1","110","D","6","D","12","D",.,"A",.,"A",.,"A","2","D",.,"A","02","D"
"20131",2561884,54,0,"1","110","D","6","D","12","D",.,"A",.,"A",.,"A","2","D",.,"A","05","D"
"20131",2561884,55,0,"1","100","D","6","D","12","D",.,"A",.,"A",.,"A","2","D",.,"A","06","D"
"20131",2562284,45,0,"1","110","D","6","D","01","D",.,"A",.,"A",.,"A","2","D",.,"A","01","D"
"20131",2562464,73,0,"1","110","D","4","D","11","D",.,"A",22000,"D",.,"A","1","D",10000,"D","01","D"
"20131",2564464,30,0,"1","110","D","6","D","11","D",.,"A",.,"A",.,"A","2","D",.,"A","01","D"
"20131",2564474,52,0,"1","110","D","2","D","01","D",.,"A",.,"A",.,"A","2","D",.,"A","01","D"
"20131",2565224,58,0,"1","100","D","2","D","01","D",.,"A",.,"A",.,"A","2","D",.,"A","06","D"
"20131",2565224,59,0,"1","110","D","2","D","01","D",.,"A",.,"A",.,"A","2","D",.,"A","07","D"
"20131",2565244,57,0,"2","100","D","6","D","11","D",.,"A",.,"A",.,"A",,"C",.,"A","03","D"
"20131",2565474,36,0,"2","100","D","3","D","11","D",.,"A",.,"A",.,"A","2","D",.,"A","01","D"
"20131",2565634,37,0,"1","100","D","3","D","12","D",.,"A",.,"A",.,"A","2","D",.,"A","01","D"
"20131",2566094,49,0,"1","200","D","6","D","11","D",.,"A",.,"A",.,"A","2","D",.,"A","02","D"
"20131",2566754,47,0,"1","100","D","4","D","11","D",.,"A",.,"A",.,"A","1","D",1700,"D","04","D"
"20131",2566934,28,0,"1","110","D","6","D","12","D",.,"A",.,"A",.,"A","2","D",.,"A","01","D"
"20131",2567094,121,0,"1","100","D","3","D","01","D",.,"A",.,"A",.,"A","2","D",.,"A","03","D"
"20131",2567414,59,0,"1","100","D","4","D","01","D",.,"A",5250,"D",.,"A","2","D",.,"A","03","D"
"20131",2567824,21,0,"1","100","D","6","D","02","D",.,"A",.,"A",.,"A","2","D",.,"A","01","D"
"20131",2568314,32,0,"1","100","D","2","D","01","D",.,"A",.,"A",.,"A","2","D",.,"A","01","D"
"20131",2569624,41,0,"1","110","D","2","D","02","D",.,"A",.,"A",.,"A","2","D",.,"A","02","D"
"20131",2569654,54,0,"2","110","D","2","D","12","D",.,"A",.,"A",.,"A","2","D",.,"A","01","D"
"20131",2569934,51,0,"1","100","D","2","D","12","D",.,"A",.,"A",.,"A","2","D",.,"A","02","D"
"20131",2569934,52,0,"1","110","D","2","D","12","D",.,"A",.,"A",.,"A","2","D",.,"A","03","D"
"20131",2570284,61,0,"1","100","D","3","D","12","D",.,"A",.,"A",.,"A","2","D",.,"A","02","D"
"20131",2570824,50,0,"2","110","D","6","D","12","D",.,"A",.,"A",.,"A","2","D",.,"A","04","D"
"20131",2571654,49,0,"1","110","D","2","D","02","D",.,"A",.,"A",.,"A","2","D",.,"A","02","D"
"20131",2572024,22,0,"1","110","D","4","D","01","D",.,"A",.,"A",.,"A","2","D",.,"A","01","D"
"20131",2572284,56,0,"1","110","D","1","D","01","D",600,"D",.,"A",.,"A","2","D",.,"A","02","D"
"20131",2573765,29,0,"1","100","D","2","D","12","D",.,"A",.,"A",.,"A","2","D",.,"A","01","D"
"20131",2573774,40,0,"1","100","D","1","D","12","D",1500,"D",.,"A",.,"A","2","D",.,"A","01","D"
"20131",2573804,35,0,"2","110","D","2","D","12","D",.,"A",.,"A",.,"A","2","D",.,"A","01","D"
"20131",2574004,58,0,"1","100","D","3","D","12","D",.,"A",.,"A",.,"A","2","D",.,"A","01","D"
"20131",2574314,35,0,"1","100","D","4","D","02","D",.,"A",.,"A",.,"A","2","D",.,"A","01","D"
"20131",2575054,30,0,"1","100","D","1","D","01","D",400,"D",.,"A",.,"A","2","D",.,"A","01","D"
"20131",2575294,37,0,"1","110","D","3","D","02","D",.,"A",.,"A",.,"A","2","D",.,"A","03","D"
"20131",2575394,23,0,"1","100","D","4","D","01","D",.,"A",.,"A",.,"A","2","D",.,"A","01","D"
"20131",2575454,30,0,"1","150","D","1","D","02","D",6000,"D",.,"A",.,"A","2","D",.,"A","02","D"
"20131",2575774,60,0,"1","100","D","4","D","02","D",.,"A",22000,"D",.,"A","1","D",16000,"D","02","D"
"20131",2577094,47,0,"1","110","D","6","D","01","D",.,"A",.,"A",.,"A","2","D",.,"A","01","D"
"20131",2577444,26,0,"1","100","D","4","D","12","D",.,"A",186,"D",.,"A","2","D",.,"A","01","D"
"20131",2577704,45,0,"1","110","D","2","D","12","D",.,"A",.,"A",.,"A","1","D",24500,"F","01","D"
"20131",2578204,47,0,"1","100","D","4","D","12","D",.,"A",6000,"D",.,"A","2","D",.,"A","02","D"
"20131",2578264,44,0,"1","100","D","2","D","02","D",.,"A",.,"A",.,"A","2","D",.,"A","01","D"
"20131",2578364,42,0,"1","110","D","1","D","01","D",8000,"D",.,"A",.,"A","2","D",.,"A","01","D"
"20131",2578824,50,0,"1","110","D","2","D","01","D",.,"A",.,"A",.,"A","2","D",.,"A","01","D"
"20131",2579333,80,0,"1","110","D","2","D","12","D",.,"A",.,"A",.,"A","2","D",.,"A","01","D"
"20131",2579373,28,0,"1","100","D","3","D","11","D",.,"A",.,"A",.,"A","2","D",.,"A","02","D"
"20131",2580593,91,0,"1","110","D","2","D","12","D",.,"A",.,"A",.,"A","1","D",15000,"D","02","D"
"20131",2580953,26,0,"1","100","D","6","D","12","D",.,"A",.,"A",.,"A","2","D",.,"A","02","D"
"20131",2581193,49,0,"1","110","D","1","D","11","D",350,"D",.,"A",.,"A","2","D",.,"A","02","D"
"20131",2581313,76,0,"1","110","D","2","D","12","D",.,"A",.,"A",.,"A","1","D",.,"A","01","D"
"20131",2581333,49,0,"1","100","D","2","D","12","D",.,"A",.,"A",.,"A","2","D",.,"A","05","D"
"20131",2581984,26,0,"1","100","D","6","D","10","D",.,"A",.,"A",.,"A","2","D",.,"A","01","D"
"20131",2581984,27,0,"1","100","D","6","D","12","D",.,"A",.,"A",.,"A","2","D",.,"A","02","D"
"20131",2582483,63,0,"1","100","D","1","D","11","D",300,"D",.,"A",.,"A","2","D",.,"A","04","D"
"20131",2582483,64,0,"1","160","D","3","D","11","D",.,"A",.,"A",.,"A","2","D",.,"A","06","D"
"20131",2582483,65,0,"1","180","D","3","D","11","D",.,"A",.,"A",.,"A","2","D",.,"A","07","D"
"20131",2582793,44,0,"2","100","D","2","D","10","D",.,"A",.,"A",.,"A","2","D",.,"A","01","D"
"20131",2583123,49,0,"1","100","D","1","D","10","D",1000,"D",.,"A",.,"A","2","D",.,"A","01","D"
"20131",2583123,50,0,"1","150","D","4","D","10","D",.,"A",.,"A",.,"A","2","D",.,"A","06","D"
"20131",2583373,55,0,"1","100","D","1","D","12","D",700,"D",.,"A",.,"A","2","D",.,"A","01","D"
"20131",2583533,45,0,"1","110","D","1","D","10","D",1500,"D",.,"A",.,"A","2","D",.,"A","03","D"
"20131",2583653,40,0,"1","100","D","6","D","12","D",.,"A",.,"A",.,"A","2","D",.,"A","03","D"
"20131",2583774,31,0,"1","100","D","3","D","12","D",.,"A",.,"A",.,"A","2","D",.,"A","01","D"
"20131",2583833,81,0,"1","110","D","2","D","11","D",.,"A",.,"A",.,"A","1","D",4600,"D","01","D"
"20131",2583843,55,0,"1","100","D","3","D","12","D",.,"A",.,"A",.,"A","2","D",.,"A","01","D"
"20131",2584263,49,0,"1","100","D","6","D","10","D",.,"A",.,"A",.,"A","2","D",.,"A","03","D"
"20131",2584263,50,0,"1","110","D","6","D","10","D",.,"A",.,"A",.,"A","2","D",.,"A","04","D"
"20131",2584263,51,0,"1","100","D","6","D","10","D",.,"A",.,"A",.,"A","2","D",.,"A","05","D"
"20131",2585343,48,0,"1","100","D","4","D","11","D",.,"A",5500,"D",.,"A","2","D",.,"A","01","D"
"20131",2585893,30,0,"1","110","D","6","D","12","D",.,"A",.,"A",.,"A",,"C",.,"A","02","D"
"20131",2586003,57,0,"1","100","D","2","D","12","D",.,"A",.,"A",.,"A","2","D",.,"A","02","D"
"20131",2586003,58,0,"1","120","D","1","D","10","D",3800,"D",.,"A",.,"A","2","D",.,"A","04","D"
"20131",2586213,62,0,"1","130","D","4","D","10","D",.,"A",.,"A",.,"A","2","D",.,"A","02","D"
"20131",2586273,56,0,"1","100","D","2","D","11","D",.,"A",.,"A",.,"A","2","D",.,"A","01","D"
"20131",2587033,39,0,"1","100","D","4","D","10","D",.,"A",6000,"D",.,"A","2","D",.,"A","01","D"
"20131",2587043,31,0,"2","100","D","3","D","10","D",.,"A",.,"A",.,"A","2","D",.,"A","01","D"
"20131",2587173,73,0,"2","130","D","2","D","10","D",.,"A",.,"A",.,"A","2","D",.,"A","03","D"
"20131",2588133,70,0,"1","110","D","2","D","12","D",.,"A",.,"A",.,"A","1","D",8600,"D","01","D"
"20131",2588323,32,0,"1","100","D","4","D","11","D",.,"A",400,"D",.,"A","1","D",.,"A","03","D"
"20131",2588333,70,0,"1","110","D","1","D","11","D",1100,"D",.,"A",.,"A","2","D",.,"A","03","D"
"20131",2588803,50,0,"1","100","D","4","D","11","D",.,"A",600,"D",.,"A","2","D",.,"A","05","D"
"20131",2588933,43,0,"1","110","D","1","D","12","D",5000,"D",.,"A",.,"A","2","D",.,"A","01","D"
"20131",2589253,54,0,"1","100","D","1","D","10","D",3000,"D",.,"A",.,"A","2","D",.,"A","01","D"
"20131",2589483,81,0,"1","110","D","2","D","11","D",.,"A",.,"A",.,"A","2","D",.,"A","03","D"
"20131",2589613,91,0,"1","100","D","2","D","10","D",.,"A",.,"A",.,"A","2","D",.,"A","02","D"
"20131",2589693,60,0,"1","160","D","1","D","10","D",14833,"T",.,"A",.,"A","2","D",.,"A","03","D"
"20131",2590013,39,0,"1","100","D","4","D","10","D",.,"A",.,"A",.,"A","2","D",.,"A","02","D"
"20131",2590013,40,0,"1","110","D","6","D","12","D",.,"A",.,"A",.,"A","2","D",.,"A","03","D"
"20131",2590113,24,0,"1","110","D","6","D","11","D",.,"A",.,"A",.,"A","2","D",.,"A","01","D"
"20131",2590413,36,0,"1","110","D","6","D","01","D",.,"A",.,"A",.,"A","1","D",3500,"D","01","D"
"20131",2590483,64,0,"1","100","D","6","D","11","D",.,"A",.,"A",.,"A","2","D",.,"A","02","D"
"20131",2590803,55,0,"2","100","D","4","D","11","D",.,"A",.,"A",.,"A","2","D",.,"A","04","D"
"20131",2590823,21,0,"1","100","D","3","D","01","D",.,"A",.,"A",.,"A","2","D",.,"A","01","D"
"20131",2591213,41,0,"1","100","D","2","D","01","D",.,"A",.,"A",.,"A","1","D",3800,"D","01","D"
"20131",2591223,57,0,"1","110","D","2","D","11","D",.,"A",.,"A",.,"A","2","D",.,"A","01","D"
"20131",2591473,41,0,"1","100","D","2","D","01","D",.,"A",.,"A",.,"A","2","D",.,"A","02","D"
"20131",2592203,34,0,"1","100","D","1","D","11","D",1,"D",.,"A",.,"A","2","D",.,"A","01","D"
"20131",2592463,65,0,"1","100","D","1","D","01","D",1700,"D",.,"A",.,"A","2","D",.,"A","05","D"
"20131",2592493,29,0,"1","110","D","3","D","11","D",.,"A",.,"A",.,"A","2","D",.,"A","03","D"
"20131",2592733,47,0,"1","100","D","2","D","01","D",.,"A",.,"A",.,"A","2","D",.,"A","01","D"
"20131",2592763,25,0,"1","110","D","1","D","11","D",1500,"F",.,"A",.,"A",,"C",.,"A","01","D"
"20131",2592903,65,0,"1","100","D","6","D","11","D",.,"A",.,"A",.,"A",,"C",.,"A","04","D"
"20131",2593323,46,0,"1","110","D","1","D","12","D",2500,"D",.,"A",.,"A","2","D",.,"A","02","D"
"20131",2593483,33,0,"1","100","D","6","D","11","D",.,"A",.,"A",.,"A","2","D",.,"A","03","D"
"20131",2593543,59,0,"1","110","D","6","D","12","D",.,"A",.,"A",.,"A","2","D",.,"A","02","D"
"20131",2593543,60,0,"1","150","D","6","D","12","D",.,"A",.,"A",.,"A","2","D",.,"A","03","D"
"20131",2594023,49,0,"1","150","D","2","D","11","D",.,"A",.,"A",.,"A","2","D",.,"A","03","D"
"20131",2594023,50,0,"1","170","D","3","D","11","D",.,"A",.,"A",.,"A","2","D",.,"A","04","D"
"20131",2594023,51,0,"1","180","D","3","D","11","D",.,"A",.,"A",.,"A","2","D",.,"A","05","D"
"20131",2594343,49,0,"1","100","D","2","D","01","D",.,"A",.,"A",.,"A","2","D",.,"A","01","D"
"20131",2594343,50,0,"1","110","D","2","D","01","D",.,"A",.,"A",.,"A","2","D",.,"A","02","D"
"20131",2594663,35,0,"1","110","D","6","D","12","D",.,"A",.,"A",.,"A","2","D",.,"A","02","D"
"20131",2594663,36,0,"1","100","D","6","D","12","D",.,"A",.,"A",.,"A","2","D",.,"A","03","D"
"20131",2594793,38,0,"1","100","D","1","D","01","D",500,"D",.,"A",.,"A","2","D",.,"A","01","D"
"20131",2595483,30,0,"1","100","D","6","D","11","D",.,"A",.,"A",.,"A","2","D",.,"A","02","D"
"20131",2595833,41,0,"1","110","D","2","D","11","D",.,"A",.,"A",.,"A","1","D",15000,"F","01","D"
"20131",2595843,37,0,"1","100","D","1","D","12","D",500,"D",.,"A",.,"A","2","D",.,"A","02","D"
"20131",2596173,33,0,"1","100","D","3","D","11","D",.,"A",.,"A",.,"A","2","D",.,"A","01","D"
"20131",2596303,36,0,"1","110","D","2","D","11","D",.,"A",.,"A",.,"A","2","D",.,"A","01","D"
"20131",2596393,42,0,"1","100","D","2","D","12","D",.,"A",.,"A",.,"A","2","D",.,"A","02","D"
"20131",2596473,27,0,"1","100","D","2","D","12","D",.,"A",.,"A",.,"A","2","D",.,"A","01","D"
"20131",2596843,47,0,"1","100","D","2","D","12","D",.,"A",.,"A",.,"A","1","D",.,"A","02","D"
"20131",2597063,37,0,"1","110","D","2","D","12","D",.,"A",.,"A",.,"A","1","D",.,"A","01","D"
"20131",2597143,46,0,"1","100","D","2","D","01","D",.,"A",.,"A",.,"A","2","D",.,"A","01","D"
"20131",2597813,51,0,"1","100","D","2","D","12","D",.,"A",.,"A",.,"A","1","D",8000,"D","02","D"
"20131",2598373,40,0,"1","100","D","1","D","11","D",250,"D",.,"A",.,"A","2","D",.,"A","03","D"
"20131",2598683,23,0,"1","100","D","6","D","01","D",.,"A",.,"A",.,"A","2","D",.,"A","01","D"
"20131",2599053,62,0,"1","100","D","2","D","01","D",.,"A",.,"A",.,"A","2","D",.,"A","02","D"
"20131",2599093,49,0,"1","100","D","3","D","11","D",.,"A",.,"A",.,"A","2","D",.,"A","01","D"
"20131",2599113,27,0,"1","110","D",,"C","12","D",.,"A",.,"A",.,"A",,"C",.,"A","02","D"
"20131",2599273,59,0,"1","110","D","2","D","11","D",.,"A",.,"A",.,"A","1","D",.,"A","02","D"
"20131",2599363,34,0,"1","110","D","6","D","01","D",.,"A",.,"A",.,"A","2","D",.,"A","01","D"
"20131",2600013,30,0,"2","110","D","2","D","11","D",.,"A",.,"A",.,"A","2","D",.,"A","01","D"
"20131",2600243,53,0,"1","110","D","1","D","01","D",10000,"D",.,"A",.,"A","2","D",.,"A","03","D"
"20131",2600623,37,0,"1","100","D","3","D","01","D",.,"A",.,"A",.,"A","2","D",.,"A","01","D"
"20131",2601063,83,0,"1","110","D","2","D","01","D",.,"A",.,"A",.,"A","2","D",.,"A","02","D"
"20131",2601283,39,0,"1","200","D","6","D","12","D",.,"A",.,"A",.,"A","2","D",.,"A","05","D"
"20131",2601483,51,0,"1","100","D","3","D","12","D",.,"A",.,"A",.,"A","2","D",.,"A","04","D"
"20131",2601863,56,0,"1","100","D","1","D","02","D",6000,"D",.,"A",.,"A","2","D",.,"A","01","D"
"20131",2602173,37,0,"1","100","D","4","D","12","D",.,"A",.,"A",.,"A","2","D",.,"A","01","D"
"20131",2602173,38,0,"1","100","D","6","D","02","D",.,"A",.,"A",.,"A","2","D",.,"A","03","D"
"20131",2602253,34,0,"1","200","D","6","D","02","D",.,"A",.,"A",.,"A","2","D",.,"A","02","D"
"20131",2602263,32,0,"1","100","D","3","D","02","D",.,"A",.,"A",.,"A","2","D",.,"A","02","D"
"20131",2603163,34,0,"1","110","D","1","D","02","D",3000,"D",.,"A",.,"A","2","D",.,"A","01","D"
"20131",2603453,33,0,"2","100","D","2","D","12","D",.,"A",.,"A",.,"A","2","D",.,"A","01","D"
"20131",2603683,38,0,"1","110","D","6","D","12","D",.,"A",.,"A",.,"A","2","D",.,"A","01","D"
"20131",2604133,31,0,"1","100","D","6","D","01","D",.,"A",.,"A",.,"A","2","D",.,"A","01","D"
"20131",2605263,38,0,"1","100","D","6","D","12","D",.,"A",.,"A",.,"A","2","D",.,"A","01","D"
"20131",2606513,59,0,"1","110","D","2","D","12","D",.,"A",.,"A",.,"A","1","D",.,"A","02","D"
"20131",2606765,25,0,"2","110","D","6","D","12","D",.,"A",.,"A",.,"A","2","D",.,"A","01","D"
"20131",2606883,35,0,"1","100","D","2","D","12","D",.,"A",.,"A",.,"A","2","D",.,"A","02","D"
"20131",2607093,77,0,"1","100","D","2","D","01","D",.,"A",.,"A",.,"A","2","D",.,"A","06","D"
"20131",2607413,31,0,"1","100","D","1","D","12","D",3000,"D",.,"A",.,"A","2","D",.,"A","03","D"
"20131",2607773,29,0,"1","100","D","6","D","01","D",.,"A",.,"A",.,"A","1","D",.,"A","01","D"
"20131",2609203,40,0,"1","100","D","4","D","02","D",.,"A",7700,"D",.,"A","2","D",.,"A","01","D"
"20131",2609863,32,0,"1","100","D","3","D","02","D",.,"A",.,"A",.,"A","2","D",.,"A","01","D"
"20131",2610133,45,0,"1","100","D","2","D","01","D",.,"A",.,"A",.,"A","2","D",.,"A","05","D"
"20131",2610233,40,0,"1","110","D","6","D","12","D",.,"A",.,"A",.,"A","2","D",.,"A","01","D"
"20131",2610623,38,0,"1","110","D","3","D","12","D",.,"A",.,"A",.,"A","2","D",.,"A","02","D"
"20131",2611053,68,0,"1","110","D","2","D","01","D",.,"A",.,"A",.,"A","1","D",3600,"D","01","D"
"20131",2611643,31,0,"1","110","D","2","D","12","D",.,"A",.,"A",.,"A","2","D",.,"A","01","D"
"20131",2611663,29,0,"1","110","D","1","D","02","D",900,"D",.,"A",.,"A","2","D",.,"A","01","D"
"20131",2611963,30,0,"1","110","D","4","D","02","D",.,"A",14000,"D",.,"A","2","D",.,"A","01","D"
"20131",2612373,77,0,"1","110","D","2","D","12","D",.,"A",.,"A",.,"A","1","D",7000,"D","02","D"
"20131",2612373,78,0,"1","100","D","6","D","01","D",.,"A",.,"A",.,"A","2","D",.,"A","03","D"
"20131",2612693,34,0,"1","100","D","3","D","12","D",.,"A",.,"A",.,"A","2","D",.,"A","02","D"
"20131",2613193,39,0,"1","100","D","1","D","11","D",1500,"D",.,"A",.,"A","2","D",.,"A","01","D"
"20131",2613902,53,0,"1","100","D","1","D","12","D",1000,"D",.,"A",.,"A","2","D",.,"A","04","D"
"20131",2614682,100,0,"1","100","D","3","D","11","D",.,"A",.,"A",.,"A","2","D",.,"A","01","D"
"20131",2614782,61,0,"1","110","D","2","D","11","D",.,"A",.,"A",.,"A","2","D",.,"A","03","D"
"20131",2615012,30,0,"1","110","D","6","D","10","D",.,"A",.,"A",.,"A","2","D",.,"A","01","D"
"20131",2615162,44,0,"1","100","D","4","D","10","D",.,"A",.,"A",.,"A","2","D",.,"A","01","D"
"20131",2615162,45,0,"1","110","D","4","D","10","D",.,"A",.,"A",.,"A","2","D",.,"A","02","D"
"20131",2615625,29,0,"1","110","D","4","D","12","D",.,"A",8100,"D",.,"A","2","D",.,"A","01","D"
"20131",2616502,37,0,"1","110","D","2","D","11","D",.,"A",.,"A",.,"A","2","D",.,"A","01","D"
"20131",2617382,91,0,"1","110","D","2","D","11","D",.,"A",.,"A",.,"A","2","D",.,"A","01","D"
"20131",2617762,27,0,"1","110","D","1","D","12","D",1500,"D",.,"A",.,"A","2","D",.,"A","02","D"
"20131",2617912,31,0,"1","100","D","4","D","10","D",.,"A",.,"A",.,"A","2","D",.,"A","01","D"
"20131",2618142,48,0,"1","100","D","4","D","12","D",.,"A",8000,"D",.,"A","1","D",8000,"D","01","D"
"20131",2618522,43,0,"1","110","D","1","D","10","D",500,"D",.,"A",.,"A","2","D",.,"A","02","D"
"20131",2618872,48,0,"1","110","D","6","D","12","D",.,"A",.,"A",.,"A","2","D",.,"A","02","D"
"20131",2618992,55,0,"1","150","D","2","D","10","D",.,"A",.,"A",.,"A","2","D",.,"A","04","D"
"20131",2618992,56,0,"2","100","D","1","D","10","D",900,"D",.,"A",.,"A","2","D",.,"A","05","D"
"20131",2620772,70,0,"1","100","D","4","D","10","D",.,"A",13200,"D",.,"A","2","D",.,"A","01","D"
"20131",2620882,68,0,"1","110","D","3","D","12","D",.,"A",.,"A",.,"A","2","D",.,"A","02","D"
"20131",2621392,52,0,"1","110","D","1","D","11","D",4500,"D",.,"A",.,"A","2","D",.,"A","01","D"
"20131",2622482,28,0,"1","110","D","6","D","12","D",.,"A",.,"A",.,"A","2","D",.,"A","02","D"
"20131",2622755,25,0,"1","100","D","1","D","10","D",500,"D",.,"A",.,"A","2","D",.,"A","01","D"
"20131",2623112,48,0,"1","110","D","1","D","11","D",5000,"D",.,"A",.,"A","2","D",.,"A","01","D"
"20131",2623112,49,0,"1","100","D","2","D","11","D",.,"A",.,"A",.,"A","1","D",2000,"D","02","D"
"20131",2623352,48,0,"1","110","D","2","D","10","D",.,"A",.,"A",.,"A","2","D",.,"A","01","D"
"20131",2623482,40,0,"1","110","D","2","D","11","D",.,"A",.,"A",.,"A","1","D",.,"A","01","D"
"20131",2623655,28,0,"1","100","D","3","D","12","D",.,"A",.,"A",.,"A","2","D",.,"A","01","D"
"20131",2624572,46,0,"1","100","D","2","D","12","D",.,"A",.,"A",.,"A","2","D",.,"A","01","D"
"20131",2624712,60,0,"1","100","D","1","D","01","D",1200,"D",.,"A",.,"A","2","D",.,"A","04","D"
"20131",2625062,33,0,"1","100","D","2","D","12","D",.,"A",.,"A",.,"A","2","D",.,"A","01","D"
"20131",2625092,66,0,"1","110","D","4","D","12","D",.,"A",6000,"D",.,"A","1","D",6000,"D","02","D"
"20131",2625642,77,0,"1","100","D","1","D","01","D",3500,"D",.,"A",.,"A","2","D",.,"A","01","D"
"20131",2625892,40,0,"1","110","D","2","D","01","D",.,"A",.,"A",.,"A","2","D",.,"A","01","D"
"20131",2626602,22,0,"1","100","D","6","D","12","D",.,"A",.,"A",.,"A","2","D",.,"A","01","D"
"20131",2627362,45,0,"1","110","D","2","D","12","D",.,"A",.,"A",.,"A","2","D",.,"A","02","D"
"20131",2627642,45,0,"1","110","D","6","D","12","D",.,"A",.,"A",.,"A","2","D",.,"A","02","D"
"20131",2628252,29,0,"1","100","D","2","D","12","D",.,"A",.,"A",.,"A","2","D",.,"A","01","D"
"20131",2628492,37,0,"1","100","D","6","D","12","D",.,"A",.,"A",.,"A","2","D",.,"A","01","D"
"20131",2628792,24,0,"1","100","D","1","D","01","D",500,"D",.,"A",.,"A","2","D",.,"A","01","D"
"20131",2628802,89,0,"1","200","D","1","D","12","D",5500,"D",.,"A",.,"A","2","D",.,"A","03","D"
"20131",2629142,47,0,"1","100","D","1","D","11","D",400,"D",.,"A",.,"A","2","D",.,"A","03","D"
"20131",2629292,43,0,"1","100","D","4","D","12","D",.,"A",9300,"D",.,"A","2","D",.,"A","02","D"
"20131",2629422,61,0,"1","100","D","2","D","11","D",.,"A",.,"A",.,"A","1","D",.,"A","01","D"
"20131",2630022,43,0,"1","110","D","3","D","12","D",.,"A",.,"A",.,"A","2","D",.,"A","02","D"
"20131",2630032,67,0,"1","100","D","1","D","01","D",4000,"D",.,"A",.,"A","2","D",.,"A","03","D"
"20131",2630102,28,0,"1","100","D","2","D","11","D",.,"A",.,"A",.,"A","1","D",18000,"D","01","D"
"20131",2630162,56,0,"1","100","D","4","D","01","D",.,"A",13000,"D",.,"A","1","D",5600,"D","01","D"
"20131",2630552,31,0,"1","100","D","4","D","01","D",.,"A",650,"D",.,"A","2","D",.,"A","02","D"
"20131",2630712,53,0,"1","110","D","2","D","11","D",.,"A",.,"A",.,"A","2","D",.,"A","02","D"
"20131",2631062,58,0,"1","100","D","6","D","12","D",.,"A",.,"A",.,"A","1","D",.,"A","02","D"
"20131",2634592,46,0,"1","110","D","6","D","01","D",.,"A",.,"A",.,"A","2","D",.,"A","01","D"
"20131",2634732,49,0,"1","100","D","6","D","01","D",.,"A",.,"A",.,"A","1","D",.,"A","02","D"
"20131",2634732,50,0,"1","150","D","6","D","01","D",.,"A",.,"A",.,"A","1","D",.,"A","04","D"
"20131",2635072,36,0,"1","110","D","2","D","01","D",.,"A",.,"A",.,"A","2","D",.,"A","01","D"
"20131",2635892,53,0,"1","110","D","1","D","02","D",645,"D",.,"A",.,"A","2","D",.,"A","04","D"
"20131",2636112,51,0,"1","160","D","6","D","12","D",.,"A",.,"A",.,"A","2","D",.,"A","04","D"
"20131",2636642,37,0,"1","200","D","6","D","12","D",.,"A",.,"A",.,"A","2","D",.,"A","02","D"
"20131",2637962,42,0,"1","100","D","3","D","02","D",.,"A",.,"A",.,"A","2","D",.,"A","01","D"
"20131",2638112,47,0,"1","100","D","2","D","02","D",.,"A",.,"A",.,"A","2","D",.,"A","02","D"
"20131",2638442,42,0,"1","110","D","1","D","01","D",2000,"D",.,"A",.,"A","2","D",.,"A","03","D"
"20131",2638472,30,0,"1","100","D","1","D","01","D",700,"D",.,"A",.,"A","2","D",.,"A","01","D"
"20131",2638932,28,0,"1","100","D","1","D","12","D",350,"D",.,"A",.,"A","2","D",.,"A","03","D"
"20131",2639392,40,0,"1","100","D","1","D","01","D",1000,"D",.,"A",.,"A","2","D",.,"A","02","D"
"20131",2640882,40,0,"1","160","D","2","D","01","D",.,"A",.,"A",.,"A","2","D",.,"A","04","D"
"20131",2641062,46,0,"1","110","D","1","D","01","D",1500,"D",.,"A",.,"A","2","D",.,"A","02","D"
"20131",2641812,33,0,"1","100","D","3","D","01","D",.,"A",.,"A",.,"A","2","D",.,"A","01","D"
"20131",2642742,61,0,"1","100","D","4","D","01","D",.,"A",6400,"D",.,"A","2","D",.,"A","01","D"
"20131",2643382,37,0,"1","110","D","2","D","02","D",.,"A",.,"A",.,"A","2","D",.,"A","02","D"
"20131",2643402,44,0,"1","100","D","6","D","02","D",.,"A",.,"A",.,"A","2","D",.,"A","02","D"
"20131",2643862,67,0,"1","110","D","6","D","01","D",.,"A",.,"A",.,"A","2","D",.,"A","05","D"
"20131",2645152,69,0,"1","110","D","2","D","02","D",.,"A",.,"A",.,"A","2","D",.,"A","01","D"
"20131",2645702,44,0,"1","100","D","1","D","02","D",1200,"D",.,"A",.,"A","2","D",.,"A","01","D"
"20131",2646062,44,0,"1","110","D","1","D","01","D",1500,"D",.,"A",.,"A","2","D",.,"A","01","D"
"20131",2646422,29,0,"1","100","D","5","D","12","D",.,"A",3000,"D",.,"A","2","D",.,"A","01","D"
"20131",2646582,33,0,"1","150","D","1","D","01","D",700,"D",.,"A",.,"A","2","D",.,"A","05","D"
"20131",2646782,41,0,"1","100","D","1","D","12","D",150,"D",.,"A",.,"A","2","D",.,"A","02","D"
"20131",2646932,78,0,"1","100","D","2","D","02","D",.,"A",.,"A",.,"A","1","D",.,"A","02","D"
"20131",2649254,41,0,"1","110","D","1","D","12","D",250,"D",.,"A",.,"A","2","D",.,"A","02","D"
"20131",2649254,42,0,"1","110","D","1","D","12","D",250,"D",.,"A",.,"A","2","D",.,"A","03","D"
"20131",2655704,60,0,"1","110","D","2","D","12","D",.,"A",.,"A",.,"A","2","D",.,"A","03","D"
"20131",2655704,61,0,"1","110","D","2","D","12","D",.,"A",.,"A",.,"A","1","D",.,"A","04","D"
"20131",2658833,29,0,"1","100","D","1","D","01","D",400,"D",.,"A",.,"A","2","D",.,"A","02","D"
"20131",2676205,21,0,"1","170","D","6","D","01","D",.,"A",.,"A",.,"A","2","D",.,"A","02","D"
"20131",2678004,25,0,"1","150","D","1","D","01","D",50,"D",.,"A",.,"A","2","D",.,"A","02","D"
"20132",2545495,30,0,"1","100","D","4","D","03","D",.,"A",.,"A",.,"A","2","D",.,"A","01","D"
"20132",2545595,23,0,"1","100","D","2","D","02","D",.,"A",.,"A",.,"A","1","D",3825,"D","02","D"
"20132",2546535,15,0,"1","110","D","1","D","03","D",700,"D",.,"A",.,"A","2","D",.,"A","01","D"
"20132",2546635,21,0,"1","110","D","1","D","01","D",2000,"D",.,"A",.,"A","2","D",.,"A","01","D"
"20132",2546675,29,0,"1","100","D","2","D","03","D",.,"A",.,"A",.,"A","2","D",.,"A","02","D"
"20132",2546785,34,0,"1","100","D","1","D","01","D",500,"D",.,"A",.,"A","2","D",.,"A","04","D"
"20132",2547455,17,0,"1","110","D","4","D","02","D",.,"A",650,"F",.,"A","2","D",.,"A","01","D"
"20132",2547655,20,0,"1","110","D","1","D","03","D",4500,"D",.,"A",.,"A","1","D",2678,"D","01","D"
"20132",2548055,30,0,"1","120","D","6","D","01","D",.,"A",.,"A",.,"A","2","D",.,"A","01","D"
"20132",2548155,29,0,"1","100","D","3","D","03","D",.,"A",.,"A",.,"A","2","D",.,"A","02","D"
"20132",2548195,33,0,"1","110","D","4","D","02","D",.,"A",.,"A",.,"A","2","D",.,"A","03","D"
"20132",2548405,17,0,"1","100","D","2","D","03","D",.,"A",.,"A",.,"A","2","D",.,"A","01","D"
"20132",2548705,23,0,"1","110","D","6","D","01","D",.,"A",.,"A",.,"A",,"C",.,"A","01","D"
"20132",2548705,24,0,"1","160","D","6","D","02","D",.,"A",.,"A",.,"A",,"C",.,"A","02","D"
"20132",2548915,10,0,"1","100","D","6","D","01","D",.,"A",.,"A",.,"A","2","D",.,"A","01","D"
"20132",2549335,28,0,"1","110","D","3","D","01","D",.,"A",.,"A",.,"A","2","D",.,"A","03","D"
"20132",2549515,23,0,"2","100","D","2","D","01","D",.,"A",.,"A",.,"A","2","D",.,"A","02","D"
"20132",2549545,20,0,"1","100","D","6","D","02","D",.,"A",.,"A",.,"A","2","D",.,"A","02","D"
"20132",2550405,45,0,"1","100","D","2","D","03","D",.,"A",.,"A",.,"A","2","D",.,"A","01","D"
"20132",2550545,49,0,"1","100","D","6","D","03","D",.,"A",.,"A",.,"A","2","D",.,"A","04","D"
"20132",2551235,17,0,"1","110","D","6","D","01","D",.,"A",.,"A",.,"A",,"C",.,"A","01","D"
"20132",2551235,18,0,"1","100","D","6","D","03","D",.,"A",.,"A",.,"A",,"C",.,"A","02","D"
"20132",2551875,53,0,"1","110","D","2","D","03","D",.,"A",.,"A",.,"A","2","D",.,"A","01","D"
"20132",2551895,19,0,"1","100","D","1","D","02","D",5000,"D",.,"A",.,"A","2","D",.,"A","02","D"
"20132",2551975,24,0,"1","100","D","1","D","03","D",1000,"D",.,"A",.,"A","2","D",.,"A","01","D"
"20132",2552295,30,0,"2","110","D","6","D","01","D",.,"A",.,"A",.,"A","2","D",.,"A","01","D"
"20132",2552345,41,0,"1","110","D","2","D","03","D",.,"A",.,"A",.,"A","2","D",.,"A","02","D"
"20132",2552425,15,0,"1","110","D","6","D","01","D",.,"A",.,"A",.,"A","2","D",.,"A","01","D"
"20132",2552495,32,0,"1","110","D","3","D","02","D",.,"A",.,"A",.,"A","2","D",.,"A","01","D"
"20132",2552505,36,0,"1","110","D","3","D","01","D",.,"A",.,"A",.,"A","2","D",.,"A","01","D"
"20132",2552505,37,0,"1","110","D","3","D","01","D",.,"A",.,"A",.,"A","2","D",.,"A","02","D"
"20132",2552565,16,0,"1","110","D","1","D","03","D",700,"D",.,"A",.,"A","2","D",.,"A","01","D"
"20132",2552615,29,0,"1","100","D","2","D","02","D",.,"A",.,"A",.,"A","2","D",.,"A","02","D"
"20132",2553015,43,0,"2","110","D","2","D","01","D",.,"A",.,"A",.,"A","1","D",600,"D","01","D"
"20132",2554425,35,0,"1","110","D","1","D","01","D",9500,"D",.,"A",.,"A","2","D",.,"A","05","D"
"20132",2554795,20,0,"1","110","D","2","D","01","D",.,"A",.,"A",.,"A","2","D",.,"A","01","D"
"20132",2554795,21,0,"1","110","D","2","D","01","D",.,"A",.,"A",.,"A","2","D",.,"A","03","D"
"20132",2554815,25,0,"2","110","D","2","D","01","D",.,"A",.,"A",.,"A","2","D",.,"A","01","D"
"20132",2554955,16,0,"1","150","D","3","D","02","D",.,"A",.,"A",.,"A","2","D",.,"A","02","D"
"20132",2555235,60,0,"1","110","D","1","D","02","D",1500,"D",.,"A",.,"A","2","D",.,"A","02","D"
"20132",2555435,30,0,"1","110","D","6","D","01","D",.,"A",.,"A",.,"A","2","D",.,"A","01","D"
"20132",2555585,17,0,"1","100","D","1","D","03","D",2200,"D",.,"A",.,"A","2","D",.,"A","01","D"
"20132",2555625,26,0,"1","100","D","1","D","03","D",6000,"D",.,"A",.,"A","2","D",.,"A","01","D"
"20132",2555905,28,0,"1","100","D","3","D","03","D",.,"A",.,"A",.,"A","2","D",.,"A","03","D"
"20132",2556025,45,0,"2","100","D","3","D","01","D",.,"A",.,"A",.,"A","2","D",.,"A","02","D"
"20132",2556025,46,0,"1","150","D","1","D","03","D",1200,"D",.,"A",.,"A","2","D",.,"A","05","D"
"20132",2557065,12,0,"1","100","D","2","D","02","D",.,"A",.,"A",.,"A","2","D",.,"A","01","D"
"20132",2557555,90,0,"1","110","D","2","D","04","D",.,"A",.,"A",.,"A","1","D",16000,"D","01","D"
"20132",2557585,38,0,"1","110","D","1","D","02","D",3500,"D",.,"A",.,"A","2","D",.,"A","01","D"
"20132",2557685,27,0,"1","100","D","2","D","03","D",.,"A",.,"A",.,"A","2","D",.,"A","01","D"
"20132",2558045,34,0,"1","100","D","3","D","03","D",.,"A",.,"A",.,"A","2","D",.,"A","01","D"
"20132",2558045,35,0,"1","150","D","3","D","03","D",.,"A",.,"A",.,"A","2","D",.,"A","02","D"
"20132",2559515,34,0,"1","110","D","2","D","02","D",.,"A",.,"A",.,"A","2","D",.,"A","01","D"
"20132",2559595,38,0,"1","100","D","1","D","02","D",375,"D",.,"A",.,"A","2","D",.,"A","01","D"
"20132",2559705,35,0,"1","100","D","2","D","02","D",.,"A",.,"A",.,"A","2","D",.,"A","01","D"
"20132",2560025,46,0,"2","110","D","1","D","02","D",6500,"D",.,"A",.,"A","2","D",.,"A","01","D"
"20132",2560025,47,0,"2","180","D","1","D","02","D",3600,"D",.,"A",.,"A","2","D",.,"A","04","D"
"20132",2560225,30,0,"1","110","D","2","D","03","D",.,"A",.,"A",.,"A","2","D",.,"A","02","D"
"20132",2560325,10,0,"1","110","D","3","D","02","D",.,"A",.,"A",.,"A","2","D",.,"A","01","D"
"20132",2560825,21,0,"2","110","D","2","D","02","D",.,"A",.,"A",.,"A","2","D",.,"A","01","D"
"20132",2561265,16,0,"1","100","D","4","D","03","D",.,"A",15000,"D",.,"A","2","D",.,"A","01","D"
"20132",2561685,47,0,"1","110","D","2","D","03","D",.,"A",.,"A",.,"A","1","D",5600,"D","01","D"
"20132",2562185,26,0,"1","100","D","1","D","03","D",500,"D",.,"A",.,"A","2","D",.,"A","01","D"
"20132",2562285,36,0,"1","110","D","2","D","04","D",.,"A",.,"A",.,"A","1","D",22000,"D","02","D"
"20132",2562725,29,0,"1","100","D","6","D","02","D",.,"A",.,"A",.,"A","2","D",.,"A","02","D"
"20132",2563985,34,0,"2","100","D","2","D","02","D",.,"A",.,"A",.,"A","2","D",.,"A","02","D"
"20132",2564295,44,0,"1","110","D","4","D","02","D",.,"A",11000,"D",.,"A","2","D",.,"A","01","D"
"20132",2564385,29,0,"1","100","D","2","D","03","D",.,"A",.,"A",.,"A","1","D",.,"A","02","D"
"20132",2564515,35,0,"1","100","D","6","D","02","D",.,"A",.,"A",.,"A","1","D",.,"A","02","D"
"20132",2564655,12,0,"1","100","D",,"C","02","D",.,"A",.,"A",.,"A","2","D",.,"A","01","D"
"20132",2564945,29,0,"1","100","D","2","D","02","D",.,"A",.,"A",.,"A","2","D",.,"A","01","D"
"20132",2564945,30,0,"1","100","D","2","D","02","D",.,"A",.,"A",.,"A","2","D",.,"A","02","D"
"20132",2564965,44,0,"1","110","D","6","D","04","D",.,"A",.,"A",.,"A","2","D",.,"A","01","D"
"20132",2565655,17,0,"1","100","D","6","D","04","D",.,"A",.,"A",.,"A","1","D",.,"A","01","D"
"20132",2566995,18,0,"1","110","D","1","D","03","D",2013,"D",.,"A",.,"A","2","D",.,"A","01","D"
"20132",2567215,26,0,"1","100","D","2","D","04","D",.,"A",.,"A",.,"A","2","D",.,"A","02","D"
"20132",2567895,17,0,"1","100","D","5","D","04","D",.,"A",.,"A",.,"A","2","D",.,"A","01","D"
"20132",2568135,19,0,"1","110","D","1","D","03","D",2000,"D",.,"A",.,"A","2","D",.,"A","02","D"
"20132",2569045,35,0,"1","100","D","3","D","04","D",.,"A",.,"A",.,"A","2","D",.,"A","01","D"
"20132",2569245,35,0,"1","100","D","4","D","04","D",.,"A",400,"F",.,"A","2","D",.,"A","02","D"
"20132",2569295,35,0,"1","100","D","6","D","03","D",.,"A",.,"A",.,"A","2","D",.,"A","01","D"
"20132",2569295,36,0,"1","110","D","6","D","03","D",.,"A",.,"A",.,"A","2","D",.,"A","02","D"
"20132",2569295,37,0,"1","100","D","6","D","03","D",.,"A",.,"A",.,"A","2","D",.,"A","03","D"
"20132",2570135,45,0,"1","110","D","3","D","05","D",.,"A",.,"A",.,"A","2","D",.,"A","02","D"
"20132",2570195,56,0,"1","100","D","2","D","03","D",.,"A",.,"A",.,"A","2","D",.,"A","06","D"
"20132",2571525,35,0,"1","100","D","1","D","03","D",3500,"D",.,"A",.,"A","2","D",.,"A","01","D"
"20132",2571645,22,0,"1","110","D","3","D","03","D",.,"A",.,"A",.,"A","2","D",.,"A","02","D"
"20132",2571655,35,0,"1","100","D","1","D","03","D",1700,"D",.,"A",.,"A","2","D",.,"A","03","D"
"20132",2571715,38,0,"1","110","D","3","D","05","D",.,"A",.,"A",.,"A","2","D",.,"A","04","D"
"20132",2571755,51,0,"1","100","D","2","D","04","D",.,"A",.,"A",.,"A","2","D",.,"A","01","D"
"20132",2571775,38,0,"1","110","D","1","D","05","D",500,"D",.,"A",.,"A","2","D",.,"A","01","D"
"20132",2572115,35,0,"1","110","D","6","D","04","D",.,"A",.,"A",.,"A","2","D",.,"A","01","D"
"20132",2572785,30,0,"1","100","D","3","D","04","D",.,"A",.,"A",.,"A","2","D",.,"A","02","D"
"20132",2573035,37,0,"1","110","D","2","D","04","D",.,"A",.,"A",.,"A","2","D",.,"A","01","D"
"20132",2573385,27,0,"1","110","D","4","D","04","D",.,"A",.,"A",.,"A","2","D",.,"A","01","D"
"20132",2573465,29,0,"1","100","D","1","D","05","D",350,"D",.,"A",.,"A","2","D",.,"A","02","D"
"20132",2574025,31,0,"1","110","D","1","D","04","D",17000,"D",.,"A",.,"A","1","D",.,"A","02","D"
"20132",2574225,59,0,"2","170","D","2","D","03","D",.,"A",.,"A",.,"A","2","D",.,"A","03","D"
"20132",2574285,27,0,"2","100","D","1","D","03","D",3500,"F",.,"A",.,"A","2","D",.,"A","01","D"
"20132",2574285,28,0,"2","100","D","1","D","03","D",1000,"F",.,"A",.,"A","2","D",.,"A","02","D"
"20132",2574315,24,0,"1","100","D","4","D","04","D",.,"A",.,"A",.,"A","2","D",.,"A","02","D"
"20132",2574415,61,0,"1","100","D","3","D","04","D",.,"A",.,"A",.,"A","2","D",.,"A","03","D"
"20132",2574845,16,0,"1","100","D","6","D","05","D",.,"A",.,"A",.,"A","2","D",.,"A","02","D"
"20132",2574845,17,0,"1","100","D","6","D","05","D",.,"A",.,"A",.,"A","2","D",.,"A","03","D"
"20132",2575075,23,0,"1","100","D","2","D","05","D",.,"A",.,"A",.,"A","2","D",.,"A","01","D"
"20132",2575585,41,0,"1","100","D","4","D","03","D",.,"A",1575,"D",.,"A","2","D",.,"A","03","D"
"20132",2575915,53,0,"1","100","D","2","D","05","D",.,"A",.,"A",.,"A","2","D",.,"A","01","D"
"20132",2576045,38,0,"2","110","D","2","D","03","D",.,"A",.,"A",.,"A","2","D",.,"A","01","D"
"20132",2576185,14,0,"1","110","D","2","D","05","D",.,"A",.,"A",.,"A","2","D",.,"A","02","D"
"20132",2576205,23,0,"1","110","D","2","D","05","D",.,"A",.,"A",.,"A","2","D",.,"A","02","D"
"20132",2576495,45,0,"1","110","D","2","D","05","D",.,"A",.,"A",.,"A","1","D",16000,"D","02","D"
"20132",2576525,23,0,"1","100","D","4","D","05","D",.,"A",.,"A",11000,"D","1","D",.,"A","02","D"
"20132",2576705,24,0,"1","100","D","1","D","05","D",1400,"D",.,"A",.,"A","2","D",.,"A","03","D"
"20132",2576985,39,0,"1","110","D","1","D","03","D",1200,"D",.,"A",.,"A","2","D",.,"A","01","D"
"20132",2577095,30,0,"1","110","D","5","D","04","D",.,"A",.,"A",.,"A","1","D",.,"A","02","D"
"20132",2577115,16,0,"1","110","D","2","D","05","D",.,"A",.,"A",.,"A","2","D",.,"A","02","D"
"20132",2577235,60,0,"2","110","D","6","D","03","D",.,"A",.,"A",.,"A","2","D",.,"A","04","D"
"20132",2577365,27,0,"1","100","D","3","D","03","D",.,"A",.,"A",.,"A","2","D",.,"A","01","D"
"20132",2578005,32,0,"1","100","D","2","D","04","D",.,"A",.,"A",.,"A","2","D",.,"A","01","D"
"20132",2578545,12,0,"1","100","D","1","D","03","D",1400,"F",.,"A",.,"A","2","D",.,"A","01","D"
"20132",2578775,31,0,"1","100","D","2","D","03","D",.,"A",.,"A",.,"A","1","D",.,"A","02","D"
"20132",2578964,50,0,"1","100","D","2","D","03","D",.,"A",.,"A",.,"A","2","D",.,"A","02","D"
"20132",2579084,38,0,"2","110","D","2","D","01","D",.,"A",.,"A",.,"A","2","D",.,"A","01","D"
"20132",2579555,24,0,"1","100","D","4","D","02","D",.,"A",.,"A",.,"A","2","D",.,"A","01","D"
"20132",2580384,17,0,"1","110","D","1","D","03","D",1800,"D",.,"A",.,"A","2","D",.,"A","01","D"
"20132",2580504,22,0,"1","100","D","2","D","02","D",.,"A",.,"A",.,"A","2","D",.,"A","01","D"
"20132",2580674,25,0,"1","100","D","6","D","03","D",.,"A",.,"A",.,"A","2","D",.,"A","02","D"
"20132",2580744,20,0,"1","100","D","1","D","03","D",2000,"D",.,"A",.,"A","2","D",.,"A","01","D"
"20132",2580764,21,0,"1","100","D","1","D","02","D",250,"D",.,"A",.,"A","2","D",.,"A","01","D"
"20132",2580954,14,0,"1","100","D","1","D","01","D",2200,"D",.,"A",.,"A","2","D",.,"A","01","D"
"20132",2581024,16,0,"1","100","D","6","D","01","D",.,"A",.,"A",.,"A","2","D",.,"A","01","D"
"20132",2581134,13,0,"1","110","D","2","D","03","D",.,"A",.,"A",.,"A","2","D",.,"A","01","D"
"20132",2581194,40,0,"2","110","D","1","D","01","D",5000,"D",.,"A",.,"A","2","D",.,"A","01","D"
"20132",2581484,66,0,"1","110","D","2","D","03","D",.,"A",.,"A",.,"A","2","D",.,"A","02","D"
"20132",2582154,22,0,"1","100","D","3","D","01","D",.,"A",.,"A",.,"A","2","D",.,"A","01","D"
"20132",2582344,18,0,"1","100","D","2","D","02","D",.,"A",.,"A",.,"A","1","D",.,"A","01","D"
"20132",2583034,7,0,"1","100","D","4","D","03","D",.,"A",400,"D",.,"A","2","D",.,"A","01","D"
"20132",2583174,22,0,"1","110","D","4","D","01","D",.,"A",7800,"F",.,"A","2","D",.,"A","01","D"
"20132",2583264,14,0,"1","100","D","6","D","01","D",.,"A",.,"A",.,"A","2","D",.,"A","01","D"
"20132",2583704,35,0,"2","100","D","2","D","01","D",.,"A",.,"A",.,"A","1","D",.,"A","01","D"
"20132",2584174,13,0,"1","100","D","1","D","03","D",300,"D",.,"A",.,"A","2","D",.,"A","01","D"
"20132",2584514,8,0,"1","100","D","4","D","02","D",.,"A",.,"A",.,"A","2","D",.,"A","01","D"
"20132",2585964,72,0,"2","110","D","6","D","01","D",.,"A",.,"A",.,"A","2","D",.,"A","01","D"
"20132",2585964,73,0,"2","110","D","6","D","01","D",.,"A",.,"A",.,"A","2","D",.,"A","02","D"
"20132",2586004,39,0,"1","110","D","1","D","02","D",1000,"D",.,"A",.,"A","2","D",.,"A","03","D"
"20132",2587084,20,0,"1","110","D",,"C","02","D",.,"A",.,"A",.,"A","2","D",.,"A","01","D"
"20132",2587424,16,0,"1","100","D","6","D","02","D",.,"A",.,"A",.,"A",,"C",.,"A","02","D"
"20132",2587424,17,0,"1","100","D","6","D","03","D",.,"A",.,"A",.,"A",,"C",.,"A","03","D"
"20132",2587674,34,0,"1","110","D","2","D","01","D",.,"A",.,"A",.,"A","2","D",.,"A","02","D"
"20132",2587974,34,0,"1","100","D","1","D","02","D",3200,"D",.,"A",.,"A","2","D",.,"A","01","D"
"20132",2588324,20,0,"1","110","D","5","D","02","D",.,"A",.,"A",.,"A","2","D",.,"A","01","D"
"20132",2588324,21,0,"1","100","D","6","D","03","D",.,"A",.,"A",.,"A","1","D",.,"A","04","D"
"20132",2588504,46,0,"1","100","D","2","D","01","D",.,"A",.,"A",.,"A","2","D",.,"A","01","D"
"20132",2588614,27,0,"1","100","D","3","D","02","D",.,"A",.,"A",.,"A","2","D",.,"A","02","D"
"20132",2588644,41,0,"1","110","D","1","D","01","D",1600,"D",.,"A",.,"A","2","D",.,"A","01","D"
"20132",2588834,22,0,"1","100","D","1","D","02","D",1500,"D",.,"A",.,"A","2","D",.,"A","01","D"
"20132",2588884,46,0,"1","100","D","1","D","01","D",5500,"D",.,"A",.,"A","2","D",.,"A","01","D"
"20132",2588884,47,0,"2","100","D","6","D","01","D",.,"A",.,"A",.,"A","2","D",.,"A","02","D"
"20132",2589114,21,0,"1","100","D","6","D","02","D",.,"A",.,"A",.,"A",,"C",.,"A","02","D"
"20132",2589114,22,0,"1","100","D","6","D","03","D",.,"A",.,"A",.,"A",,"C",.,"A","03","D"
"20132",2589204,19,0,"1","110","D","6","D","01","D",.,"A",.,"A",.,"A","2","D",.,"A","01","D"
"20132",2589284,46,0,"1","110","D","6","D","01","D",.,"A",.,"A",.,"A","2","D",.,"A","01","D"
"20132",2589374,30,0,"1","120","D","6","D","03","D",.,"A",.,"A",.,"A","2","D",.,"A","04","D"
"20132",2589684,27,0,"1","110","D","2","D","01","D",.,"A",.,"A",.,"A","2","D",.,"A","02","D"
"20132",2589774,22,0,"1","110","D","1","D","02","D",1000,"D",.,"A",.,"A","2","D",.,"A","03","D"
"20132",2590034,15,0,"1","110","D","4","D","03","D",.,"A",7800,"D",.,"A","2","D",.,"A","01","D"
"20132",2590484,49,0,"1","100","D","6","D","04","D",.,"A",.,"A",.,"A","2","D",.,"A","03","D"
"20132",2590844,16,0,"1","100","D","6","D","04","D",.,"A",.,"A",.,"A","2","D",.,"A","02","D"
"20132",2590954,25,0,"1","100","D","4","D","04","D",.,"A",3000,"F",.,"A","2","D",.,"A","01","D"
"20132",2591074,28,0,"1","200","D","6","D","03","D",.,"A",.,"A",.,"A","2","D",.,"A","03","D"
"20132",2591664,37,0,"1","100","D","2","D","03","D",.,"A",.,"A",.,"A","2","D",.,"A","02","D"
"20132",2591894,37,0,"1","100","D","1","D","03","D",3500,"D",.,"A",.,"A","2","D",.,"A","01","D"
"20132",2592054,49,0,"1","100","D","4","D","04","D",.,"A",9400,"D",.,"A","2","D",.,"A","03","D"
"20132",2592764,14,0,"1","100","D","1","D","02","D",1500,"F",.,"A",.,"A","2","D",.,"A","02","D"
"20132",2593444,32,0,"1","100","D","2","D","03","D",.,"A",.,"A",.,"A","1","D",.,"A","01","D"
"20132",2593564,20,0,"1","100","D","3","D","03","D",.,"A",.,"A",.,"A","2","D",.,"A","02","D"
"20132",2593854,44,0,"1","110","D","2","D","04","D",.,"A",.,"A",.,"A","2","D",.,"A","02","D"
"20132",2594164,29,0,"2","100","D","3","D","02","D",.,"A",.,"A",.,"A","2","D",.,"A","02","D"
"20132",2594594,29,0,"1","110","D","1","D","04","D",13500,"D",.,"A",.,"A","1","D",11000,"D","01","D"
"20132",2595814,15,0,"1","100","D","2","D","03","D",.,"A",.,"A",.,"A","2","D",.,"A","01","D"
"20132",2595894,35,0,"1","100","D","2","D","04","D",.,"A",.,"A",.,"A","2","D",.,"A","04","D"
"20132",2595974,32,0,"1","100","D","5","D","02","D",.,"A",.,"A",.,"A","1","D",600,"D","02","D"
"20132",2596304,23,0,"1","200","D","1","D","02","D",9500,"D",.,"A",.,"A","1","D",9500,"D","02","D"
"20132",2596364,15,0,"1","110","D","2","D","04","D",.,"A",.,"A",.,"A","1","D",.,"A","01","D"
"20132",2596604,14,0,"1","100","D","2","D","04","D",.,"A",.,"A",.,"A","1","D",.,"A","01","D"
"20132",2596744,20,0,"1","110","D","1","D","02","D",700,"D",.,"A",.,"A","2","D",.,"A","02","D"
"20132",2596794,66,0,"1","100","D","2","D","03","D",.,"A",.,"A",.,"A","2","D",.,"A","01","D"
"20132",2596844,31,0,"1","100","D","4","D","03","D",.,"A",1300,"D",.,"A","1","D",17000,"D","01","D"
"20132",2597314,26,0,"1","100","D","1","D","02","D",700,"D",.,"A",.,"A","2","D",.,"A","04","D"
"20132",2597314,27,0,"1","100","D","4","D","04","D",.,"A",2750,"D",.,"A","2","D",.,"A","05","D"
"20132",2597334,23,0,"1","110","D","3","D","03","D",.,"A",.,"A",.,"A","2","D",.,"A","01","D"
"20132",2597584,24,0,"1","100","D","4","D","03","D",.,"A",100,"D",.,"A","2","D",.,"A","01","D"
"20132",2597714,7,0,"1","100","D","1","D","02","D",600,"F",.,"A",.,"A","2","D",.,"A","01","D"
"20132",2597754,24,0,"1","110","D","3","D","03","D",.,"A",.,"A",.,"A","2","D",.,"A","03","D"
"20132",2597954,16,0,"1","100","D","3","D","02","D",.,"A",.,"A",.,"A","2","D",.,"A","04","D"
"20132",2598124,14,0,"1","110","D","3","D","03","D",.,"A",.,"A",.,"A","2","D",.,"A","01","D"
"20132",2598204,15,0,"1","100","D","6","D","02","D",.,"A",.,"A",.,"A","2","D",.,"A","01","D"
"20132",2599204,17,0,"1","110","D","6","D","03","D",.,"A",.,"A",.,"A","1","D",.,"A","02","D"
"20132",2599255,15,0,"1","100","D","6","D","02","D",.,"A",.,"A",.,"A","2","D",.,"A","02","D"
"20132",2599814,20,0,"1","100","D","2","D","03","D",.,"A",.,"A",.,"A","1","D",.,"A","01","D"
"20132",2600244,44,0,"1","100","D","1","D","03","D",1500,"F",.,"A",.,"A","2","D",.,"A","01","D"
"20132",2600614,59,0,"1","160","D","1","D","02","D",1000,"D",.,"A",.,"A","2","D",.,"A","05","D"
"20132",2600694,25,0,"1","100","D","2","D","03","D",.,"A",.,"A",.,"A","2","D",.,"A","02","D"
"20132",2601094,20,0,"2","110","D","2","D","02","D",.,"A",.,"A",.,"A","2","D",.,"A","01","D"
"20132",2601664,9,0,"1","100","D","6","D","03","D",.,"A",.,"A",.,"A","2","D",.,"A","01","D"
"20132",2602294,54,0,"2","100","D","1","D","03","D",200,"D",.,"A",.,"A","1","D",500,"D","02","D"
"20132",2602954,42,0,"1","100","D","2","D","03","D",.,"A",.,"A",.,"A","1","D",.,"A","02","D"
"20132",2604374,26,0,"1","100","D","2","D","03","D",.,"A",.,"A",.,"A","1","D",14000,"D","01","D"
"20132",2605064,41,0,"1","110","D","2","D","03","D",.,"A",.,"A",.,"A","2","D",.,"A","01","D"
"20132",2605274,8,0,"1","110","D","1","D","04","D",400,"D",.,"A",.,"A","2","D",.,"A","01","D"
"20132",2605284,37,0,"1","100","D","3","D","04","D",.,"A",.,"A",.,"A","2","D",.,"A","02","D"
"20132",2605354,94,0,"1","100","D","4","D","03","D",.,"A",6042,"D",.,"A","2","D",.,"A","04","D"
"20132",2605904,16,0,"1","100","D","6","D","05","D",.,"A",.,"A",.,"A","2","D",.,"A","01","D"
"20132",2605954,18,0,"1","100","D","3","D","03","D",.,"A",.,"A",.,"A","2","D",.,"A","02","D"
"20132",2606514,55,0,"1","110","D","3","D","03","D",.,"A",.,"A",.,"A","2","D",.,"A","04","D"
"20132",2606534,55,0,"1","100","D","2","D","05","D",.,"A",.,"A",.,"A","2","D",.,"A","02","D"
"20132",2607074,30,0,"1","100","D","2","D","05","D",.,"A",.,"A",.,"A","2","D",.,"A","02","D"
"20132",2607094,61,0,"1","110","D","1","D","03","D",3500,"D",.,"A",.,"A","2","D",.,"A","01","D"
"20132",2607204,13,0,"1","100","D","3","D","05","D",.,"A",.,"A",.,"A","2","D",.,"A","01","D"
"20132",2607404,23,0,"1","100","D","4","D","03","D",.,"A",.,"A",.,"A","2","D",.,"A","02","D"
"20132",2607904,63,0,"1","100","D","2","D","05","D",.,"A",.,"A",.,"A","2","D",.,"A","01","D"
"20132",2608084,22,0,"1","100","D","1","D","04","D",1000,"F",.,"A",.,"A","2","D",.,"A","02","D"
"20132",2608715,12,0,"1","100","D","1","D","04","D",2500,"D",.,"A",.,"A","2","D",.,"A","01","D"
"20132",2609044,22,0,"1","110","D","6","D","04","D",.,"A",.,"A",.,"A","2","D",.,"A","01","D"
"20132",2609044,23,0,"1","110","D","1","D","05","D",3800,"D",.,"A",.,"A","2","D",.,"A","02","D"
"20132",2609304,53,0,"1","100","D","3","D","03","D",.,"A",.,"A",.,"A","2","D",.,"A","01","D"
"20132",2609304,54,0,"1","110","D","1","D","03","D",1000,"D",.,"A",.,"A","2","D",.,"A","02","D"
"20132",2609454,24,0,"1","100","D","3","D","04","D",.,"A",.,"A",.,"A","2","D",.,"A","01","D"
"20132",2609734,31,0,"1","110","D","1","D","05","D",21000,"D",.,"A",.,"A","1","D",18000,"D","01","D"
"20132",2610194,11,0,"1","110","D","4","D","04","D",.,"A",.,"A",.,"A","2","D",.,"A","01","D"
"20132",2611204,43,0,"2","100","D","4","D","03","D",.,"A",.,"A",.,"A","2","D",.,"A","02","D"
"20132",2611704,49,0,"1","110","D","3","D","05","D",.,"A",.,"A",.,"A","2","D",.,"A","02","D"
"20132",2611774,18,0,"1","110","D","1","D","04","D",1000,"D",.,"A",.,"A","2","D",.,"A","01","D"
"20132",2611794,29,0,"1","100","D","3","D","04","D",.,"A",.,"A",.,"A","2","D",.,"A","01","D"
"20132",2612963,8,0,"1","100","D","6","D","01","D",.,"A",.,"A",.,"A","2","D",.,"A","01","D"
"20132",2613115,6,0,"1","100","D","1","D","01","D",700,"F",.,"A",.,"A","2","D",.,"A","01","D"
"20132",2613503,23,0,"1","100","D","6","D","01","D",.,"A",.,"A",.,"A","2","D",.,"A","02","D"
"20132",2613653,25,0,"1","100","D","3","D","02","D",.,"A",.,"A",.,"A","2","D",.,"A","02","D"
"20132",2613653,26,0,"1","110","D","3","D","02","D",.,"A",.,"A",.,"A","2","D",.,"A","03","D"
"20132",2613703,27,0,"1","110","D","2","D","02","D",.,"A",.,"A",.,"A","2","D",.,"A","02","D"
"20132",2613733,65,0,"1","110","D","3","D","01","D",.,"A",.,"A",.,"A","2","D",.,"A","03","D"
"20132",2613733,66,0,"1","100","D","6","D","02","D",.,"A",.,"A",.,"A","2","D",.,"A","05","D"
"20132",2614563,27,0,"1","100","D","3","D","02","D",.,"A",.,"A",.,"A","2","D",.,"A","01","D"
"20132",2615253,48,0,"1","100","D","1","D","01","D",650,"D",.,"A",.,"A","2","D",.,"A","03","D"
"20132",2615643,23,0,"1","110","D","6","D","01","D",.,"A",.,"A",.,"A","2","D",.,"A","01","D"
"20132",2615733,30,0,"1","110","D","2","D","03","D",.,"A",.,"A",.,"A","2","D",.,"A","01","D"
"20132",2616383,11,0,"2","110","D","3","D","01","D",.,"A",.,"A",.,"A","2","D",.,"A","01","D"
"20132",2616923,31,0,"1","110","D","2","D","03","D",.,"A",.,"A",.,"A","2","D",.,"A","01","D"
"20132",2617253,24,0,"1","110","D","6","D","03","D",.,"A",.,"A",.,"A","2","D",.,"A","01","D"
"20132",2617403,33,0,"2","110","D","2","D","01","D",.,"A",.,"A",.,"A","2","D",.,"A","02","D"
"20132",2617813,35,0,"1","200","D","6","D","01","D",.,"A",.,"A",.,"A","2","D",.,"A","02","D"
"20132",2618123,15,0,"1","110","D","4","D","01","D",.,"A",.,"A",.,"A","2","D",.,"A","02","D"
"20132",2618825,18,0,"1","110","D","6","D","01","D",.,"A",.,"A",.,"A","2","D",.,"A","01","D"
"20132",2619065,14,0,"1","110","D","6","D","01","D",.,"A",.,"A",.,"A","2","D",.,"A","01","D"
"20132",2619173,26,0,"1","110","D","6","D","01","D",.,"A",.,"A",.,"A","1","D",.,"A","04","D"
"20132",2619373,31,0,"1","150","D","1","D","03","D",650,"D",.,"A",.,"A","2","D",.,"A","07","D"
"20132",2619603,13,0,"2","110","D","2","D","01","D",.,"A",.,"A",.,"A","1","D",.,"A","01","D"
"20132",2619853,36,0,"2","100","D","2","D","01","D",.,"A",.,"A",.,"A","1","D",14000,"D","02","D"
"20132",2620773,56,0,"1","100","D","4","D","03","D",.,"A",7400,"D",.,"A","2","D",.,"A","02","D"
"20132",2621193,48,0,"2","100","D","4","D","01","D",.,"A",.,"A",15165,"D","2","D",.,"A","03","D"
"20132",2621223,10,0,"1","100","D","1","D","02","D",1000,"D",.,"A",.,"A","2","D",.,"A","02","D"
"20132",2621543,41,0,"1","100","D","1","D","02","D",600,"D",.,"A",.,"A","2","D",.,"A","03","D"
"20132",2621733,38,0,"1","100","D","2","D","03","D",.,"A",.,"A",.,"A","2","D",.,"A","02","D"
"20132",2621833,7,0,"1","100","D",,"C","03","D",.,"A",.,"A",.,"A",,"C",.,"A","01","D"
"20132",2622613,31,0,"1","110","D","3","D","03","D",.,"A",.,"A",.,"A","2","D",.,"A","02","D"
"20132",2623203,37,0,"1","110","D","2","D","03","D",.,"A",.,"A",.,"A","2","D",.,"A","01","D"
"20132",2624733,31,0,"1","100","D","4","D","04","D",.,"A",2600,"D",.,"A","2","D",.,"A","02","D"
"20132",2624753,20,0,"1","100","D","3","D","02","D",.,"A",.,"A",.,"A","2","D",.,"A","01","D"
"20132",2624983,55,0,"1","110","D","1","D","04","D",8000,"D",.,"A",.,"A","2","D",.,"A","01","D"
"20132",2625803,17,0,"1","100","D","2","D","04","D",.,"A",.,"A",.,"A","1","D",1518,"D","01","D"
"20132",2626753,19,0,"1","110","D","2","D","04","D",.,"A",.,"A",.,"A","2","D",.,"A","01","D"
"20132",2626903,8,0,"1","100","D","4","D","02","D",.,"A",.,"A",.,"A","1","D",.,"A","01","D"
"20132",2627703,18,0,"1","110","D","6","D","04","D",.,"A",.,"A",.,"A","2","D",.,"A","02","D"
"20132",2627823,30,0,"1","100","D","2","D","04","D",.,"A",.,"A",.,"A","2","D",.,"A","02","D"
"20132",2627823,31,0,"1","100","D","6","D","03","D",.,"A",.,"A",.,"A","1","D",.,"A","03","D"
"20132",2628333,29,0,"1","100","D","2","D","04","D",.,"A",.,"A",.,"A","2","D",.,"A","04","D"
"20132",2628343,43,0,"1","110","D","2","D","04","D",.,"A",.,"A",.,"A","2","D",.,"A","02","D"
"20132",2628353,22,0,"1","100","D","2","D","03","D",.,"A",.,"A",.,"A","2","D",.,"A","01","D"
"20132",2628613,10,0,"1","100","D","6","D","02","D",.,"A",.,"A",.,"A","2","D",.,"A","01","D"
"20132",2628993,40,0,"1","100","D","1","D","03","D",7500,"D",.,"A",.,"A","1","D",.,"A","03","D"
"20132",2629913,34,0,"1","110","D","2","D","04","D",.,"A",.,"A",.,"A","1","D",.,"A","01","D"
"20132",2630003,25,0,"1","100","D","4","D","04","D",.,"A",200,"D",.,"A","2","D",.,"A","01","D"
"20132",2630033,80,0,"1","110","D","1","D","04","D",10000,"D",.,"A",.,"A","2","D",.,"A","02","D"
"20132",2630053,33,0,"2","100","D","1","D","02","D",2100,"D",.,"A",.,"A","2","D",.,"A","01","D"
"20132",2630243,117,0,"1","110","D","1","D","04","D",1800,"D",.,"A",.,"A","2","D",.,"A","01","D"
"20132",2630243,118,0,"1","100","D","1","D","04","D",1500,"D",.,"A",.,"A","2","D",.,"A","04","D"
"20132",2631195,17,0,"2","100","D","3","D","02","D",.,"A",.,"A",.,"A","2","D",.,"A","01","D"
"20132",2631563,21,0,"1","100","D","1","D","04","D",15000,"D",.,"A",.,"A","2","D",.,"A","06","D"
"20132",2631733,31,0,"1","110","D","1","D","02","D",1500,"D",.,"A",.,"A","2","D",.,"A","02","D"
"20132",2631813,24,0,"1","100","D","6","D","03","D",.,"A",.,"A",.,"A","2","D",.,"A","01","D"
"20132",2631853,20,0,"1","110","D","1","D","02","D",1500,"D",.,"A",.,"A","2","D",.,"A","01","D"
"20132",2632403,36,0,"1","100","D","2","D","04","D",.,"A",.,"A",.,"A","1","D",.,"A","01","D"
"20132",2632513,13,0,"1","110","D","5","D","04","D",.,"A",.,"A",.,"A","2","D",.,"A","02","D"
"20132",2633263,60,0,"1","100","D","1","D","02","D",1000,"D",.,"A",.,"A","2","D",.,"A","03","D"
"20132",2633473,17,0,"1","100","D","1","D","04","D",300,"D",.,"A",.,"A","2","D",.,"A","01","D"
"20132",2633473,18,0,"1","100","D","6","D","04","D",.,"A",.,"A",.,"A","2","D",.,"A","02","D"
"20132",2633953,23,0,"2","110","D","2","D","02","D",.,"A",.,"A",.,"A","1","D",.,"A","01","D"
"20132",2634063,55,0,"2","160","D","1","D","02","D",2500,"D",.,"A",.,"A","2","D",.,"A","04","D"
"20132",2634543,26,0,"1","110","D","1","D","04","D",800,"D",.,"A",.,"A","2","D",.,"A","01","D"
"20132",2635263,15,0,"1","100","D","1","D","02","D",1700,"F",.,"A",.,"A","2","D",.,"A","01","D"
"20132",2635333,27,0,"1","100","D","2","D","03","D",.,"A",.,"A",.,"A","2","D",.,"A","02","D"
"20132",2635893,36,0,"1","180","D","2","D","05","D",.,"A",.,"A",.,"A","2","D",.,"A","05","D"
"20132",2635893,37,0,"1","180","D","2","D","05","D",.,"A",.,"A",.,"A","2","D",.,"A","06","D"
"20132",2635893,38,0,"1","200","D","1","D","05","D",3000,"D",.,"A",.,"A","2","D",.,"A","07","D"
"20132",2635893,39,0,"1","200","D","1","D","04","D",4200,"D",.,"A",.,"A","2","D",.,"A","08","D"
"20132",2636533,30,0,"1","100","D","1","D","05","D",500,"D",.,"A",.,"A","2","D",.,"A","02","D"
"20132",2636543,46,0,"1","100","D","2","D","04","D",.,"A",.,"A",.,"A","2","D",.,"A","02","D"
"20132",2636573,51,0,"1","110","D","2","D","03","D",.,"A",.,"A",.,"A","2","D",.,"A","01","D"
"20132",2636813,22,0,"1","110","D","4","D","05","D",.,"A",.,"A",.,"A","2","D",.,"A","02","D"
"20132",2637753,11,0,"1","100","D","2","D","03","D",.,"A",.,"A",.,"A","2","D",.,"A","01","D"
"20132",2637803,40,0,"1","100","D","1","D","05","D",1400,"D",.,"A",.,"A","2","D",.,"A","01","D"
"20132",2637813,20,0,"1","100","D","6","D","03","D",.,"A",.,"A",.,"A","2","D",.,"A","01","D"
"20132",2638683,25,0,"1","100","D","1","D","04","D",600,"D",.,"A",.,"A","2","D",.,"A","01","D"
"20132",2638883,44,0,"1","150","D","6","D","04","D",.,"A",.,"A",.,"A","2","D",.,"A","06","D"
"20132",2638943,24,0,"2","110","D","1","D","03","D",15900,"D",.,"A",.,"A","2","D",.,"A","01","D"
"20132",2640053,54,0,"1","110","D","6","D","03","D",.,"A",.,"A",.,"A","2","D",.,"A","03","D"
"20132",2640053,55,0,"1","100","D","6","D","03","D",.,"A",.,"A",.,"A","2","D",.,"A","04","D"
"20132",2640243,41,0,"1","110","D","6","D","05","D",.,"A",.,"A",.,"A","2","D",.,"A","01","D"
"20132",2640923,20,0,"1","100","D","1","D","04","D",7500,"F",.,"A",.,"A","2","D",.,"A","01","D"
"20132",2640923,21,0,"1","100","D","1","D","03","D",300,"F",.,"A",.,"A","2","D",.,"A","02","D"
"20132",2640923,22,0,"1","100","D","1","D","03","D",2000,"F",.,"A",.,"A","2","D",.,"A","04","D"
"20132",2641033,31,0,"1","110","D","1","D","03","D",16000,"D",.,"A",.,"A","1","D",2300,"D","01","D"
"20132",2641283,31,0,"1","100","D","2","D","05","D",.,"A",.,"A",.,"A","2","D",.,"A","01","D"
"20132",2641403,30,0,"2","110","D","2","D","03","D",.,"A",.,"A",.,"A","1","D",.,"A","02","D"
"20132",2642283,33,0,"1","110","D","2","D","05","D",.,"A",.,"A",.,"A","2","D",.,"A","01","D"
"20132",2642403,50,0,"1","150","D","2","D","04","D",.,"A",.,"A",.,"A","1","D",.,"A","02","D"
"20132",2642433,21,0,"1","100","D","3","D","03","D",.,"A",.,"A",.,"A","2","D",.,"A","03","D"
"20132",2642483,28,0,"1","100","D","2","D","05","D",.,"A",.,"A",.,"A","2","D",.,"A","01","D"
"20132",2642983,49,0,"1","100","D","2","D","04","D",.,"A",.,"A",.,"A","2","D",.,"A","01","D"
"20132",2644043,28,0,"1","150","D","2","D","05","D",.,"A",.,"A",.,"A","2","D",.,"A","04","D"
"20132",2644343,14,0,"1","110","D","1","D","05","D",400,"D",.,"A",.,"A","2","D",.,"A","01","D"
"20132",2644443,29,0,"1","110","D","2","D","05","D",.,"A",.,"A",.,"A","2","D",.,"A","01","D"
"20132",2644753,35,0,"1","100","D","3","D","05","D",.,"A",.,"A",.,"A","2","D",.,"A","02","D"
"20132",2644863,33,0,"1","100","D","4","D","05","D",.,"A",3000,"D",.,"A","2","D",.,"A","02","D"
"20132",2644983,29,0,"1","110","D","2","D","03","D",.,"A",.,"A",.,"A","2","D",.,"A","01","D"
"20132",2645153,48,0,"1","100","D","2","D","03","D",.,"A",.,"A",.,"A","1","D",.,"A","02","D"
"20132",2645745,45,0,"1","110","D","3","D","04","D",.,"A",.,"A",.,"A","2","D",.,"A","02","D"
"20132",2645803,20,0,"1","100","D","1","D","04","D",1000,"D",.,"A",.,"A","2","D",.,"A","04","D"
"20132",2645963,54,0,"1","110","D","1","D","04","D",1300,"D",.,"A",.,"A","2","D",.,"A","01","D"
"20132",2646713,12,0,"1","100","D","2","D","03","D",.,"A",.,"A",.,"A","2","D",.,"A","01","D"
"20132",2646833,17,0,"1","100","D","1","D","05","D",500,"F",.,"A",.,"A","2","D",.,"A","01","D"
"20132",2646913,20,0,"1","110","D","4","D","04","D",.,"A",5600,"D",.,"A","2","D",.,"A","02","D"
"20132",2647082,15,0,"1","100","D","3","D","01","D",.,"A",.,"A",.,"A","2","D",.,"A","01","D"
"20132",2647232,13,0,"1","100","D","1","D","01","D",16500,"D",.,"A",.,"A","2","D",.,"A","01","D"
"20132",2648072,31,0,"1","100","D","6","D","02","D",.,"A",.,"A",.,"A","1","D",.,"A","03","D"
"20132",2648072,32,0,"1","110","D","1","D","02","D",2000,"D",.,"A",.,"A","2","D",.,"A","04","D"
"20132",2648272,19,0,"1","110","D","1","D","03","D",2500,"D",.,"A",.,"A","2","D",.,"A","02","D"
"20132",2648522,49,0,"1","100","D","1","D","02","D",7750,"D",.,"A",.,"A","2","D",.,"A","02","D"
"20132",2648914,25,0,"1","100","D","4","D","03","D",.,"A",.,"A",.,"A","2","D",.,"A","03","D"
"20132",2648922,12,0,"1","110","D","2","D","01","D",.,"A",.,"A",.,"A","2","D",.,"A","01","D"
"20132",2649102,55,0,"1","110","D","2","D","02","D",.,"A",.,"A",.,"A","1","D",.,"A","02","D"
"20132",2649232,41,0,"1","150","D","1","D","03","D",300,"D",.,"A",.,"A","2","D",.,"A","04","D"
"20132",2649282,19,0,"1","120","D","1","D","01","D",4000,"F",.,"A",.,"A","2","D",.,"A","03","D"
"20132",2649512,23,0,"1","100","D","6","D","01","D",.,"A",.,"A",.,"A","2","D",.,"A","02","D"
"20132",2649512,24,0,"1","110","D","1","D","01","D",400,"D",.,"A",.,"A","2","D",.,"A","03","D"
"20132",2649512,25,0,"1","100","D","1","D","03","D",1200,"D",.,"A",.,"A","2","D",.,"A","04","D"
"20132",2649662,28,0,"1","100","D","2","D","02","D",.,"A",.,"A",.,"A","2","D",.,"A","01","D"
"20132",2649882,26,0,"1","110","D","6","D","02","D",.,"A",.,"A",.,"A","2","D",.,"A","03","D"
"20132",2650562,38,0,"1","100","D","2","D","03","D",.,"A",.,"A",.,"A","2","D",.,"A","01","D"
"20132",2651092,17,0,"1","110","D","2","D","02","D",.,"A",.,"A",.,"A","2","D",.,"A","01","D"
"20132",2651702,37,0,"1","110","D","6","D","03","D",.,"A",.,"A",.,"A","2","D",.,"A","02","D"
"20132",2651922,25,0,"1","100","D","6","D","02","D",.,"A",.,"A",.,"A","2","D",.,"A","02","D"
"20132",2652082,11,0,"1","100","D","6","D","03","D",.,"A",.,"A",.,"A","2","D",.,"A","01","D"
"20132",2652442,32,0,"1","100","D","4","D","02","D",.,"A",.,"A",.,"A","2","D",.,"A","03","D"
"20132",2652492,12,0,"1","100","D","2","D","03","D",.,"A",.,"A",.,"A","2","D",.,"A","01","D"
"20132",2652662,25,0,"1","200","D","1","D","03","D",1600,"D",.,"A",.,"A","2","D",.,"A","03","D"
"20132",2652992,47,0,"1","110","D","1","D","03","D",4700,"D",.,"A",.,"A","1","D",2100,"D","03","D"
"20132",2654382,31,0,"1","100","D","1","D","03","D",1000,"D",.,"A",.,"A","2","D",.,"A","03","D"
"20132",2654572,35,0,"1","100","D","6","D","01","D",.,"A",.,"A",.,"A","2","D",.,"A","01","D"
"20132",2654572,36,0,"1","100","D","6","D","01","D",.,"A",.,"A",.,"A","2","D",.,"A","02","D"
"20132",2654962,39,0,"1","100","D","3","D","02","D",.,"A",.,"A",.,"A","2","D",.,"A","02","D"
"20132",2655222,23,0,"1","100","D","2","D","03","D",.,"A",.,"A",.,"A","2","D",.,"A","01","D"
"20132",2656102,28,0,"1","200","D","6","D","01","D",.,"A",.,"A",.,"A","2","D",.,"A","02","D"
"20132",2656672,33,0,"2","110","D","2","D","01","D",.,"A",.,"A",.,"A","1","D",2678,"F","02","D"
"20132",2657032,31,0,"1","100","D","4","D","02","D",.,"A",300,"D",.,"A","2","D",.,"A","01","D"
"20132",2657282,23,0,"1","100","D","4","D","02","D",.,"A",.,"A",.,"A","1","D",11480,"D","01","D"
"20132",2657442,39,0,"1","110","D","3","D","03","D",.,"A",.,"A",.,"A","2","D",.,"A","02","D"
"20132",2657452,32,0,"1","110","D","1","D","03","D",3500,"D",.,"A",.,"A","2","D",.,"A","02","D"
"20132",2657702,8,0,"1","110","D","1","D","03","D",3800,"F",.,"A",.,"A","2","D",.,"A","01","D"
"20132",2657852,56,0,"1","110","D","3","D","01","D",.,"A",.,"A",.,"A","2","D",.,"A","03","D"
"20132",2657982,9,0,"1","110","D","1","D","02","D",1700,"D",.,"A",.,"A","2","D",.,"A","01","D"
"20132",2658052,30,0,"1","110","D","6","D","01","D",.,"A",.,"A",.,"A","1","D",.,"A","02","D"
"20132",2658182,37,0,"1","110","D","1","D","01","D",900,"D",.,"A",.,"A","2","D",.,"A","03","D"
"20132",2658362,52,0,"1","110","D","3","D","03","D",.,"A",.,"A",.,"A","2","D",.,"A","03","D"
"20132",2658753,10,0,"1","100","D","1","D","03","D",250,"D",.,"A",.,"A","2","D",.,"A","01","D"
"20132",2659012,31,0,"1","170","D","3","D","03","D",.,"A",.,"A",.,"A","2","D",.,"A","02","D"
"20132",2659012,32,0,"1","200","D","6","D","04","D",.,"A",.,"A",.,"A","2","D",.,"A","03","D"
"20132",2659353,16,0,"1","100","D","2","D","02","D",.,"A",.,"A",.,"A","1","D",.,"A","01","D"
"20132",2659372,22,0,"1","110","D","1","D","03","D",1500,"F",.,"A",.,"A","2","D",.,"A","01","D"
"20132",2659632,22,0,"1","120","D","2","D","02","D",.,"A",.,"A",.,"A","2","D",.,"A","01","D"
"20132",2659995,22,0,"1","100","D","1","D","02","D",2500,"D",.,"A",.,"A","2","D",.,"A","02","D"
"20132",2661762,43,0,"1","110","D","2","D","04","D",.,"A",.,"A",.,"A","2","D",.,"A","01","D"
"20132",2661872,35,0,"1","110","D","1","D","04","D",100,"D",.,"A",.,"A","2","D",.,"A","01","D"
"20132",2661922,41,0,"1","200","D","6","D","04","D",.,"A",.,"A",.,"A","2","D",.,"A","03","D"
"20132",2662492,22,0,"1","100","D","1","D","03","D",700,"D",.,"A",.,"A","2","D",.,"A","01","D"
"20132",2663202,25,0,"1","110","D","1","D","02","D",3000,"D",.,"A",.,"A","2","D",.,"A","03","D"
"20132",2663272,68,0,"1","110","D","2","D","02","D",.,"A",.,"A",.,"A","2","D",.,"A","01","D"
"20132",2663382,29,0,"1","100","D","1","D","04","D",1850,"D",.,"A",.,"A","2","D",.,"A","02","D"
"20132",2663852,27,0,"1","100","D","2","D","03","D",.,"A",.,"A",.,"A","2","D",.,"A","01","D"
"20132",2664002,27,0,"1","110","D","1","D","04","D",1500,"D",.,"A",.,"A","2","D",.,"A","01","D"
"20132",2664002,28,0,"1","100","D","2","D","04","D",.,"A",.,"A",.,"A","2","D",.,"A","03","D"
"20132",2664192,20,0,"1","100","D","2","D","04","D",.,"A",.,"A",.,"A","2","D",.,"A","01","D"
"20132",2664292,42,0,"2","110","D","1","D","02","D",8000,"D",.,"A",.,"A","2","D",.,"A","02","D"
"20132",2664412,15,0,"1","100","D","3","D","04","D",.,"A",.,"A",.,"A","2","D",.,"A","03","D"
"20132",2664522,14,0,"1","110","D","4","D","03","D",.,"A",.,"A",.,"A","2","D",.,"A","01","D"
"20132",2664552,24,0,"1","100","D","1","D","04","D",5000,"D",.,"A",.,"A","2","D",.,"A","01","D"
"20132",2665482,42,0,"1","110","D","2","D","02","D",.,"A",.,"A",.,"A","2","D",.,"A","02","D"
"20132",2665572,50,0,"1","110","D","1","D","04","D",600,"D",.,"A",.,"A","2","D",.,"A","04","D"
"20132",2665592,28,0,"1","100","D","2","D","03","D",.,"A",.,"A",.,"A","2","D",.,"A","01","D"
"20132",2665592,29,0,"1","110","D","2","D","04","D",.,"A",.,"A",.,"A","2","D",.,"A","02","D"
"20132",2666522,47,0,"1","100","D","3","D","04","D",.,"A",.,"A",.,"A","2","D",.,"A","03","D"
"20132",2666522,48,0,"1","110","D","1","D","03","D",2000,"D",.,"A",.,"A","2","D",.,"A","04","D"
"20132",2669682,15,0,"1","100","D","2","D","05","D",.,"A",.,"A",.,"A","2","D",.,"A","01","D"
"20132",2669802,52,0,"1","100","D","2","D","05","D",.,"A",.,"A",.,"A","2","D",.,"A","02","D"
"20132",2670234,18,0,"1","100","D","1","D","05","D",500,"D",.,"A",.,"A","2","D",.,"A","02","D"
"20132",2670234,19,0,"1","100","D","1","D","04","D",500,"F",.,"A",.,"A","2","D",.,"A","03","D"
"20132",2670282,24,0,"1","100","D","4","D","03","D",.,"A",12000,"D",.,"A","1","D",3000,"D","03","D"
"20132",2670462,43,0,"1","100","D","1","D","03","D",500,"D",.,"A",.,"A","2","D",.,"A","04","D"
"20132",2671402,18,0,"1","100","D","6","D","05","D",.,"A",.,"A",.,"A","1","D",.,"A","02","D"
"20132",2671582,58,0,"1","150","D","1","D","03","D",2400,"D",.,"A",.,"A","2","D",.,"A","03","D"
"20132",2671582,59,0,"2","150","D","1","D","03","D",2400,"D",.,"A",.,"A","2","D",.,"A","04","D"
"20132",2672172,53,0,"1","110","D","1","D","05","D",2700,"D",.,"A",.,"A","2","D",.,"A","01","D"
"20132",2673392,69,0,"1","110","D","1","D","05","D",6000,"D",.,"A",.,"A","2","D",.,"A","03","D"
"20132",2673522,68,0,"1","100","D","6","D","03","D",.,"A",.,"A",.,"A",,"C",.,"A","02","D"
"20132",2675032,23,0,"1","110","D","1","D","05","D",1,"D",.,"A",.,"A","2","D",.,"A","01","D"
"20132",2675032,24,0,"1","100","D","3","D","04","D",.,"A",.,"A",.,"A","2","D",.,"A","02","D"
"20132",2675512,33,0,"1","110","D","2","D","05","D",.,"A",.,"A",.,"A","2","D",.,"A","01","D"
"20132",2675512,34,0,"1","110","D","1","D","05","D",2000,"D",.,"A",.,"A","2","D",.,"A","02","D"
"20132",2675932,19,0,"1","100","D","2","D","05","D",.,"A",.,"A",.,"A","2","D",.,"A","01","D"
"20132",2676552,38,0,"1","100","D","4","D","04","D",.,"A",3000,"D",.,"A","2","D",.,"A","04","D"
"20132",2676962,46,0,"1","110","D","2","D","04","D",.,"A",.,"A",.,"A","2","D",.,"A","01","D"
"20132",2676962,47,0,"1","150","D","1","D","04","D",3000,"D",.,"A",.,"A","2","D",.,"A","03","D"
"20132",2677232,16,0,"1","100","D","1","D","05","D",600,"D",.,"A",.,"A","2","D",.,"A","01","D"
"20132",2677672,13,0,"1","110","D","4","D","04","D",.,"A",650,"D",.,"A","1","D",.,"A","02","D"
"20132",2677742,27,0,"1","100","D","6","D","05","D",.,"A",.,"A",.,"A","2","D",.,"A","03","D"
"20132",2679192,42,0,"1","110","D","1","D","03","D",600,"D",.,"A",.,"A","2","D",.,"A","02","D"
"20132",2679692,21,0,"1","100","D","2","D","04","D",.,"A",.,"A",.,"A","2","D",.,"A","01","D"
"20132",2699503,9,0,"1","100","D","4","D","04","D",.,"A",.,"A",.,"A","2","D",.,"A","02","D"
"20133",2579455,54,0,"1","100","D","1","D","05","D",750,"D",.,"A",.,"A","2","D",.,"A","01","D"
"20133",2579835,38,0,"2","100","D","2","D","04","D",.,"A",.,"A",.,"A","2","D",.,"A","03","D"
"20133",2580735,26,0,"2","100","D","4","D","04","D",.,"A",.,"A",3700,"D","2","D",.,"A","01","D"
"20133",2580905,17,0,"1","100","D","6","D","06","D",.,"A",.,"A",.,"A","2","D",.,"A","01","D"
"20133",2581035,43,0,"1","100","D","1","D","06","D",9000,"D",.,"A",.,"A","2","D",.,"A","02","D"
"20133",2581035,44,0,"1","160","D","1","D","04","D",14833,"T",.,"A",.,"A","2","D",.,"A","04","D"
"20133",2581185,27,0,"1","110","D","2","D","05","D",.,"A",.,"A",.,"A","2","D",.,"A","02","D"
"20133",2581335,32,0,"1","100","D","1","D","05","D",400,"D",.,"A",.,"A","2","D",.,"A","03","D"
"20133",2581335,33,0,"1","110","D","6","D","05","D",.,"A",.,"A",.,"A","2","D",.,"A","06","D"
"20133",2581555,19,0,"1","100","D","1","D","05","D",362,"D",.,"A",.,"A","2","D",.,"A","01","D"
"20133",2581785,18,0,"1","110","D","3","D","05","D",.,"A",.,"A",.,"A","2","D",.,"A","02","D"
"20133",2582425,24,0,"1","110","D","1","D","05","D",2300,"D",.,"A",.,"A","2","D",.,"A","04","D"
"20133",2582455,53,0,"1","100","D","1","D","06","D",16800,"D",.,"A",.,"A","2","D",.,"A","01","D"
"20133",2582965,18,0,"1","110","D","6","D","06","D",.,"A",.,"A",.,"A","2","D",.,"A","02","D"
"20133",2583305,22,0,"1","100","D","1","D","04","D",10000,"D",.,"A",.,"A","2","D",.,"A","01","D"
"20133",2584605,22,0,"1","110","D","4","D","06","D",.,"A",.,"A",.,"A","2","D",.,"A","01","D"
"20133",2584865,22,0,"1","100","D","6","D","04","D",.,"A",.,"A",.,"A","2","D",.,"A","01","D"
"20133",2585125,23,0,"1","110","D","3","D","04","D",.,"A",.,"A",.,"A","2","D",.,"A","01","D"
"20133",2585725,42,0,"1","100","D","1","D","05","D",4000,"D",.,"A",.,"A","2","D",.,"A","01","D"
"20133",2586495,11,0,"1","100","D","3","D","04","D",.,"A",.,"A",.,"A","2","D",.,"A","01","D"
"20133",2587175,66,0,"1","100","D","6","D","05","D",.,"A",.,"A",.,"A","2","D",.,"A","02","D"
"20133",2587175,67,0,"1","110","D","6","D","05","D",.,"A",.,"A",.,"A","2","D",.,"A","05","D"
"20133",2587175,68,0,"1","100","D","6","D","05","D",.,"A",.,"A",.,"A","2","D",.,"A","06","D"
"20133",2587385,11,0,"1","200","D","6","D","04","D",.,"A",.,"A",.,"A","2","D",.,"A","01","D"
"20133",2587525,32,0,"1","100","D","1","D","06","D",15000,"D",.,"A",.,"A","2","D",.,"A","03","D"
"20133",2588325,17,0,"2","100","D","1","D","04","D",500,"D",.,"A",.,"A","2","D",.,"A","02","D"
"20133",2588885,58,0,"1","110","D","4","D","06","D",.,"A",.,"A",.,"A","2","D",.,"A","08","D"
"20133",2589195,41,0,"1","110","D","2","D","05","D",.,"A",.,"A",.,"A","1","D",.,"A","02","D"
"20133",2589375,30,0,"1","110","D","1","D","06","D",2000,"D",.,"A",.,"A","2","D",.,"A","06","D"
"20133",2589405,36,0,"1","100","D","4","D","06","D",.,"A",.,"A",.,"A","2","D",.,"A","02","D"
"20133",2589865,35,0,"1","100","D","1","D","06","D",2200,"D",.,"A",.,"A","2","D",.,"A","01","D"
"20133",2589985,39,0,"1","110","D","6","D","05","D",.,"A",.,"A",.,"A","2","D",.,"A","03","D"
"20133",2590195,27,0,"1","100","D","3","D","04","D",.,"A",.,"A",.,"A","2","D",.,"A","02","D"
"20133",2590195,28,0,"1","100","D","6","D","06","D",.,"A",.,"A",.,"A","2","D",.,"A","05","D"
"20133",2590225,28,0,"1","110","D","1","D","05","D",500,"D",.,"A",.,"A","2","D",.,"A","02","D"
"20133",2590385,25,0,"1","200","D","2","D","06","D",.,"A",.,"A",.,"A","2","D",.,"A","02","D"
"20133",2590805,47,0,"1","100","D","6","D","07","D",.,"A",.,"A",.,"A","2","D",.,"A","03","D"
"20133",2590805,48,0,"1","100","D","6","D","07","D",.,"A",.,"A",.,"A","2","D",.,"A","05","D"
"20133",2591035,25,0,"1","110","D","2","D","07","D",.,"A",.,"A",.,"A","2","D",.,"A","03","D"
"20133",2592475,28,0,"1","100","D","6","D","05","D",.,"A",.,"A",.,"A","2","D",.,"A","01","D"
"20133",2592475,29,0,"1","110","D","6","D","05","D",.,"A",.,"A",.,"A","2","D",.,"A","02","D"
"20133",2592705,25,0,"1","110","D","2","D","07","D",.,"A",.,"A",.,"A","2","D",.,"A","01","D"
"20133",2593415,58,0,"1","110","D","2","D","07","D",.,"A",.,"A",.,"A","2","D",.,"A","02","D"
"20133",2593455,13,0,"1","100","D","1","D","07","D",1200,"D",.,"A",.,"A","2","D",.,"A","01","D"
"20133",2593485,23,0,"1","150","D","3","D","06","D",.,"A",.,"A",.,"A","2","D",.,"A","02","D"
"20133",2593855,34,0,"1","110","D","1","D","07","D",3500,"F",.,"A",.,"A","2","D",.,"A","03","D"
"20133",2593865,47,0,"1","100","D","2","D","07","D",.,"A",.,"A",.,"A","2","D",.,"A","02","D"
"20133",2594345,24,0,"1","100","D","2","D","06","D",.,"A",.,"A",.,"A","2","D",.,"A","03","D"
"20133",2594565,34,0,"1","110","D","1","D","05","D",6500,"D",.,"A",.,"A","2","D",.,"A","01","D"
"20133",2594645,14,0,"1","100","D","3","D","06","D",.,"A",.,"A",.,"A","2","D",.,"A","01","D"
"20133",2596305,20,0,"1","200","D","2","D","05","D",.,"A",.,"A",.,"A","2","D",.,"A","03","D"
"20133",2597315,24,0,"1","100","D","4","D","07","D",.,"A",3500,"D",.,"A","2","D",.,"A","06","D"
"20133",2597755,26,0,"1","110","D","2","D","06","D",.,"A",.,"A",.,"A","1","D",.,"A","01","D"
"20133",2598175,44,0,"1","130","D","1","D","06","D",1875,"D",.,"A",.,"A","2","D",.,"A","04","D"
"20133",2599615,34,0,"1","110","D","6","D","05","D",.,"A",.,"A",.,"A","2","D",.,"A","03","D"
"20133",2599645,34,0,"1","110","D","1","D","06","D",500,"D",.,"A",.,"A","2","D",.,"A","01","D"
"20133",2599645,35,0,"1","110","D","1","D","06","D",1000,"D",.,"A",.,"A","2","D",.,"A","04","D"
"20133",2600095,18,0,"1","110","D","1","D","06","D",5500,"D",.,"A",.,"A","2","D",.,"A","02","D"
"20133",2600135,46,0,"1","100","D","2","D","05","D",.,"A",.,"A",.,"A","2","D",.,"A","03","D"
"20133",2600405,35,0,"1","110","D","2","D","07","D",.,"A",.,"A",.,"A","2","D",.,"A","01","D"
"20133",2600735,35,0,"1","110","D","3","D","06","D",.,"A",.,"A",.,"A","2","D",.,"A","01","D"
"20133",2601185,23,0,"1","110","D","2","D","07","D",.,"A",.,"A",.,"A","2","D",.,"A","01","D"
"20133",2601855,34,0,"1","130","D","1","D","06","D",800,"F",.,"A",.,"A","2","D",.,"A","03","D"
"20133",2602175,27,0,"1","100","D","2","D","06","D",.,"A",.,"A",.,"A","1","D",.,"A","02","D"
"20133",2602335,13,0,"1","100","D","3","D","06","D",.,"A",.,"A",.,"A","2","D",.,"A","01","D"
"20133",2602725,28,0,"1","100","D","3","D","07","D",.,"A",.,"A",.,"A","2","D",.,"A","02","D"
"20133",2602745,16,0,"1","100","D","3","D","08","D",.,"A",.,"A",.,"A","2","D",.,"A","01","D"
"20133",2603175,62,0,"1","150","D","2","D","06","D",.,"A",.,"A",.,"A","2","D",.,"A","05","D"
"20133",2603415,12,0,"2","110","D","2","D","06","D",.,"A",.,"A",.,"A","1","D",17000,"F","01","D"
"20133",2603865,28,0,"1","110","D","1","D","07","D",500,"D",.,"A",.,"A","2","D",.,"A","02","D"
"20133",2603895,13,0,"1","100","D","2","D","07","D",.,"A",.,"A",.,"A","2","D",.,"A","02","D"
"20133",2603975,34,0,"1","110","D","1","D","06","D",3500,"D",.,"A",.,"A","2","D",.,"A","01","D"
"20133",2604085,38,0,"1","100","D","3","D","06","D",.,"A",.,"A",.,"A","2","D",.,"A","02","D"
"20133",2604175,19,0,"1","100","D","1","D","06","D",3500,"D",.,"A",.,"A","2","D",.,"A","02","D"
"20133",2604485,36,0,"1","100","D","2","D","07","D",.,"A",.,"A",.,"A","1","D",14000,"D","01","D"
"20133",2605355,71,0,"1","160","D","1","D","06","D",1000,"D",.,"A",.,"A","2","D",.,"A","06","D"
"20133",2605565,33,0,"1","100","D","1","D","06","D",1700,"D",.,"A",.,"A","2","D",.,"A","02","D"
"20133",2605675,42,0,"1","100","D","2","D","08","D",.,"A",.,"A",.,"A","2","D",.,"A","01","D"
"20133",2607475,17,0,"1","100","D","4","D","07","D",.,"A",6000,"D",.,"A","1","D",600,"D","01","D"
"20133",2607685,17,0,"1","100","D","1","D","06","D",10000,"D",.,"A",.,"A","2","D",.,"A","01","D"
"20133",2608295,35,0,"2","110","D","2","D","06","D",.,"A",.,"A",.,"A","2","D",.,"A","01","D"
"20133",2608845,20,0,"1","110","D","1","D","07","D",500,"D",.,"A",.,"A","2","D",.,"A","01","D"
"20133",2609315,19,0,"1","110","D","1","D","08","D",5000,"D",.,"A",.,"A","2","D",.,"A","02","D"
"20133",2609345,38,0,"1","100","D","3","D","07","D",.,"A",.,"A",.,"A","2","D",.,"A","02","D"
"20133",2609465,9,0,"1","110","D","1","D","08","D",500,"F",.,"A",.,"A","2","D",.,"A","01","D"
"20133",2609625,23,0,"1","100","D","6","D","07","D",.,"A",.,"A",.,"A","1","D",.,"A","01","D"
"20133",2610235,29,0,"1","110","D","6","D","08","D",.,"A",.,"A",.,"A","2","D",.,"A","02","D"
"20133",2610645,15,0,"1","100","D","1","D","07","D",5000,"D",.,"A",.,"A","2","D",.,"A","02","D"
"20133",2610735,10,0,"1","100","D","6","D","07","D",.,"A",.,"A",.,"A","2","D",.,"A","01","D"
"20133",2610875,63,0,"1","110","D","2","D","06","D",.,"A",.,"A",.,"A","1","D",4800,"D","02","D"
"20133",2611205,35,0,"1","100","D","4","D","07","D",.,"A",.,"A",.,"A","2","D",.,"A","01","D"
"20133",2611625,42,0,"1","100","D","1","D","07","D",12000,"D",.,"A",.,"A","2","D",.,"A","01","D"
"20133",2612375,62,0,"1","120","D","1","D","06","D",8000,"D",.,"A",.,"A","2","D",.,"A","04","D"
"20133",2612774,84,0,"1","160","D","1","D","05","D",1500,"D",.,"A",.,"A","2","D",.,"A","07","D"
"20133",2612815,25,0,"1","110","D","2","D","06","D",.,"A",.,"A",.,"A","2","D",.,"A","02","D"
"20133",2613434,12,0,"1","100","D","6","D","06","D",.,"A",.,"A",.,"A","1","D",.,"A","01","D"
"20133",2613824,14,0,"1","170","D","4","D","06","D",.,"A",.,"A",.,"A","2","D",.,"A","01","D"
"20133",2614194,27,0,"1","100","D","2","D","05","D",.,"A",.,"A",.,"A","1","D",.,"A","02","D"
"20133",2614514,42,0,"1","100","D","1","D","06","D",5500,"D",.,"A",.,"A","2","D",.,"A","01","D"
"20133",2614514,43,0,"1","100","D","1","D","05","D",2200,"D",.,"A",.,"A","2","D",.,"A","03","D"
"20133",2614874,27,0,"1","110","D","1","D","05","D",3500,"F",.,"A",.,"A","2","D",.,"A","02","D"
"20133",2615324,28,0,"1","100","D","4","D","06","D",.,"A",2700,"D",.,"A","2","D",.,"A","02","D"
"20133",2616324,46,0,"1","100","D","4","D","06","D",.,"A",350,"D",.,"A","2","D",.,"A","03","D"
"20133",2616444,23,0,"2","100","D","1","D","04","D",5000,"D",.,"A",.,"A","2","D",.,"A","02","D"
"20133",2616644,22,0,"1","110","D","1","D","06","D",400,"D",.,"A",.,"A","2","D",.,"A","01","D"
"20133",2617054,30,0,"1","110","D","6","D","04","D",.,"A",.,"A",.,"A",,"C",.,"A","01","D"
"20133",2617054,31,0,"1","100","D","6","D","04","D",.,"A",.,"A",.,"A",,"C",.,"A","02","D"
"20133",2617254,27,0,"2","130","D","1","D","04","D",900,"D",.,"A",.,"A","2","D",.,"A","04","D"
"20133",2617604,22,0,"1","100","D","6","D","05","D",.,"A",.,"A",.,"A",,"C",.,"A","02","D"
"20133",2618494,20,0,"1","150","D","1","D","05","D",500,"D",.,"A",.,"A","2","D",.,"A","03","D"
"20133",2618644,25,0,"1","100","D","3","D","04","D",.,"A",.,"A",.,"A","2","D",.,"A","01","D"
"20133",2618844,28,0,"1","110","D","6","D","06","D",.,"A",.,"A",.,"A","2","D",.,"A","01","D"
"20133",2619194,52,0,"1","100","D","3","D","05","D",.,"A",.,"A",.,"A","2","D",.,"A","02","D"
"20133",2619374,33,0,"1","100","D","1","D","06","D",800,"D",.,"A",.,"A","2","D",.,"A","02","D"
"20133",2619514,30,0,"1","110","D","2","D","06","D",.,"A",.,"A",.,"A","1","D",3000,"D","01","D"
"20133",2619814,39,0,"1","100","D","2","D","05","D",.,"A",.,"A",.,"A","2","D",.,"A","03","D"
"20133",2620294,48,0,"1","100","D","4","D","04","D",.,"A",10500,"D",.,"A","2","D",.,"A","02","D"
"20133",2620324,40,0,"2","100","D","1","D","04","D",700,"D",.,"A",.,"A","2","D",.,"A","03","D"
"20133",2620454,20,0,"1","110","D","1","D","05","D",5,"D",.,"A",.,"A","2","D",.,"A","02","D"
"20133",2620454,21,0,"1","100","D","1","D","04","D",500,"D",.,"A",.,"A","2","D",.,"A","04","D"
"20133",2620764,16,0,"1","100","D","6","D","05","D",.,"A",.,"A",.,"A","2","D",.,"A","01","D"
"20133",2621204,26,0,"1","110","D","2","D","04","D",.,"A",.,"A",.,"A","2","D",.,"A","01","D"
"20133",2621404,24,0,"1","100","D","1","D","06","D",10000,"D",.,"A",.,"A","2","D",.,"A","01","D"
"20133",2621634,11,0,"1","110","D","2","D","05","D",.,"A",.,"A",.,"A","2","D",.,"A","01","D"
"20133",2622334,23,0,"1","160","D","1","D","06","D",3300,"D",.,"A",.,"A","2","D",.,"A","02","D"
"20133",2622334,24,0,"1","200","D","4","D","06","D",.,"A",.,"A",.,"A","2","D",.,"A","03","D"
"20133",2622534,38,0,"1","150","D","1","D","05","D",3200,"D",.,"A",.,"A","2","D",.,"A","03","D"
"20133",2622534,39,0,"1","160","D","1","D","05","D",4000,"D",.,"A",.,"A","2","D",.,"A","04","D"
"20133",2622534,40,0,"1","180","D","1","D","05","D",1,"D",.,"A",.,"A","2","D",.,"A","05","D"
"20133",2622714,50,0,"1","100","D","6","D","04","D",.,"A",.,"A",.,"A","2","D",.,"A","02","D"
"20133",2622714,51,0,"1","100","D","4","D","05","D",.,"A",.,"A",.,"A","2","D",.,"A","04","D"
"20133",2623034,16,0,"1","100","D","6","D","04","D",.,"A",.,"A",.,"A","2","D",.,"A","01","D"
"20133",2623144,43,0,"1","110","D","2","D","05","D",.,"A",.,"A",.,"A","2","D",.,"A","02","D"
"20133",2623414,15,0,"1","150","D","6","D","05","D",.,"A",.,"A",.,"A","2","D",.,"A","02","D"
"20133",2624354,14,0,"1","110","D","3","D","05","D",.,"A",.,"A",.,"A","2","D",.,"A","02","D"
"20133",2625525,17,0,"2","100","D","1","D","05","D",1200,"D",.,"A",.,"A","2","D",.,"A","01","D"
"20133",2625884,46,0,"1","100","D","1","D","06","D",250,"D",.,"A",.,"A","2","D",.,"A","02","D"
"20133",2625924,45,0,"2","100","D","2","D","05","D",.,"A",.,"A",.,"A","2","D",.,"A","02","D"
"20133",2625924,46,0,"1","110","D","1","D","05","D",4500,"D",.,"A",.,"A","2","D",.,"A","03","D"
"20133",2626144,51,0,"1","110","D","6","D","05","D",.,"A",.,"A",.,"A","2","D",.,"A","05","D"
"20133",2627534,40,0,"1","100","D","1","D","07","D",4000,"D",.,"A",.,"A","2","D",.,"A","02","D"
"20133",2628284,70,0,"1","110","D","3","D","05","D",.,"A",.,"A",.,"A","2","D",.,"A","01","D"
"20133",2628704,14,0,"1","110","D","1","D","05","D",5000,"F",.,"A",.,"A","2","D",.,"A","01","D"
"20133",2628754,33,0,"1","100","D","3","D","06","D",.,"A",.,"A",.,"A","2","D",.,"A","01","D"
"20133",2628874,39,0,"2","100","D","1","D","05","D",400,"D",.,"A",.,"A","2","D",.,"A","03","D"
"20133",2628924,37,0,"1","100","D","6","D","05","D",.,"A",.,"A",.,"A","2","D",.,"A","02","D"
"20133",2629024,26,0,"1","110","D","3","D","06","D",.,"A",.,"A",.,"A","2","D",.,"A","01","D"
"20133",2629994,20,0,"2","110","D","6","D","05","D",.,"A",.,"A",.,"A",,"C",.,"A","01","D"
"20133",2629994,21,0,"1","100","D","6","D","05","D",.,"A",.,"A",.,"A",,"C",.,"A","02","D"
"20133",2630115,28,0,"1","180","D","1","D","05","D",400,"D",.,"A",.,"A","2","D",.,"A","03","D"
"20133",2630664,15,0,"1","100","D","4","D","05","D",.,"A",.,"A",.,"A","2","D",.,"A","01","D"
"20133",2630854,45,0,"1","100","D","1","D","05","D",2000,"D",.,"A",.,"A","2","D",.,"A","02","D"
"20133",2630894,50,0,"1","100","D","1","D","07","D",1200,"D",.,"A",.,"A","2","D",.,"A","03","D"
"20133",2630904,39,0,"1","150","D","1","D","07","D",6000,"D",.,"A",.,"A","2","D",.,"A","03","D"
"20133",2630934,14,0,"1","110","D","2","D","07","D",.,"A",.,"A",.,"A","2","D",.,"A","02","D"
"20133",2631124,52,0,"1","130","D","2","D","07","D",.,"A",.,"A",.,"A","2","D",.,"A","03","D"
"20133",2631314,40,0,"1","100","D","2","D","05","D",.,"A",.,"A",.,"A","2","D",.,"A","01","D"
"20133",2631514,12,0,"1","110","D","6","D","07","D",.,"A",.,"A",.,"A","2","D",.,"A","01","D"
"20133",2631524,18,0,"1","110","D","2","D","05","D",.,"A",.,"A",.,"A","1","D",.,"A","01","D"
"20133",2631534,55,0,"1","110","D","1","D","06","D",1000,"D",.,"A",.,"A","2","D",.,"A","01","D"
"20133",2631564,34,0,"1","110","D","2","D","07","D",.,"A",.,"A",.,"A","2","D",.,"A","01","D"
"20133",2632255,20,0,"1","100","D","4","D","07","D",.,"A",4800,"D",.,"A","2","D",.,"A","02","D"
"20133",2632614,21,0,"1","110","D","1","D","05","D",5,"F",.,"A",.,"A","2","D",.,"A","02","D"
"20133",2633024,21,0,"1","100","D","4","D","05","D",.,"A",200,"D",.,"A","2","D",.,"A","01","D"
"20133",2634544,23,0,"1","100","D","4","D","07","D",.,"A",.,"A",.,"A","2","D",.,"A","02","D"
"20133",2634554,48,0,"1","100","D","6","D","05","D",.,"A",.,"A",.,"A","2","D",.,"A","03","D"
"20133",2634554,49,0,"1","150","D","1","D","05","D",3900,"D",.,"A",.,"A","2","D",.,"A","04","D"
"20133",2634574,9,0,"1","100","D","6","D","07","D",.,"A",.,"A",.,"A","2","D",.,"A","01","D"
"20133",2634574,10,0,"1","110","D","6","D","07","D",.,"A",.,"A",.,"A","2","D",.,"A","02","D"
"20133",2634594,27,0,"1","110","D","2","D","06","D",.,"A",.,"A",.,"A","2","D",.,"A","02","D"
"20133",2634934,61,0,"1","100","D","6","D","07","D",.,"A",.,"A",.,"A","2","D",.,"A","03","D"
"20133",2634954,35,0,"1","100","D","1","D","07","D",1200,"D",.,"A",.,"A","2","D",.,"A","03","D"
"20133",2635134,28,0,"1","110","D","2","D","06","D",.,"A",.,"A",.,"A","2","D",.,"A","01","D"
"20133",2636544,42,0,"1","150","D","1","D","07","D",7500,"D",.,"A",.,"A","2","D",.,"A","03","D"
"20133",2636624,52,0,"1","110","D","2","D","08","D",.,"A",.,"A",.,"A","2","D",.,"A","01","D"
"20133",2636874,34,0,"1","110","D","1","D","08","D",2900,"D",.,"A",.,"A","2","D",.,"A","02","D"
"20133",2637494,14,0,"1","100","D","3","D","08","D",.,"A",.,"A",.,"A","2","D",.,"A","01","D"
"20133",2637494,15,0,"1","160","D","1","D","07","D",300,"D",.,"A",.,"A","2","D",.,"A","02","D"
"20133",2637654,32,0,"1","100","D","1","D","07","D",500,"D",.,"A",.,"A","2","D",.,"A","01","D"
"20133",2637914,27,0,"1","110","D","6","D","07","D",.,"A",.,"A",.,"A","2","D",.,"A","01","D"
"20133",2637964,32,0,"1","100","D","2","D","08","D",.,"A",.,"A",.,"A","2","D",.,"A","03","D"
"20133",2638254,39,0,"1","100","D","2","D","08","D",.,"A",.,"A",.,"A","2","D",.,"A","02","D"
"20133",2638744,39,0,"1","120","D","1","D","07","D",40000,"D",.,"A",.,"A","1","D",28900,"F","02","D"
"20133",2639024,34,0,"1","100","D","1","D","07","D",700,"D",.,"A",.,"A","2","D",.,"A","01","D"
"20133",2639234,33,0,"1","160","D","4","D","08","D",.,"A",.,"A",.,"A","2","D",.,"A","03","D"
"20133",2639234,34,0,"1","170","D","4","D","08","D",.,"A",.,"A",.,"A","2","D",.,"A","04","D"
"20133",2639294,27,0,"1","110","D","1","D","07","D",500,"D",.,"A",.,"A","2","D",.,"A","02","D"
"20133",2639704,28,0,"1","100","D","3","D","07","D",.,"A",.,"A",.,"A","2","D",.,"A","03","D"
"20133",2640304,45,0,"1","100","D","2","D","07","D",.,"A",.,"A",.,"A","1","D",3500,"D","03","D"
"20133",2640904,22,0,"1","150","D","1","D","07","D",700,"D",.,"A",.,"A","2","D",.,"A","02","D"
"20133",2640964,26,0,"1","100","D","6","D","08","D",.,"A",.,"A",.,"A","2","D",.,"A","01","D"
"20133",2641194,47,0,"1","110","D","2","D","08","D",.,"A",.,"A",.,"A","2","D",.,"A","01","D"
"20133",2641384,28,0,"1","110","D","1","D","06","D",5000,"D",.,"A",.,"A","2","D",.,"A","02","D"
"20133",2641544,37,0,"1","100","D","6","D","07","D",.,"A",.,"A",.,"A","2","D",.,"A","01","D"
"20133",2641864,36,0,"1","110","D","2","D","07","D",.,"A",.,"A",.,"A","2","D",.,"A","04","D"
"20133",2642174,29,0,"2","110","D","1","D","06","D",700,"D",.,"A",.,"A","2","D",.,"A","01","D"
"20133",2642174,30,0,"1","110","D","1","D","06","D",1500,"D",.,"A",.,"A","2","D",.,"A","02","D"
"20133",2642464,26,0,"2","110","D","2","D","06","D",.,"A",.,"A",.,"A","2","D",.,"A","01","D"
"20133",2642694,27,0,"1","100","D","1","D","08","D",2500,"D",.,"A",.,"A","2","D",.,"A","01","D"
"20133",2642744,47,0,"1","100","D","2","D","08","D",.,"A",.,"A",.,"A","2","D",.,"A","02","D"
"20133",2643524,32,0,"1","100","D","1","D","06","D",250,"F",.,"A",.,"A","2","D",.,"A","02","D"
"20133",2643524,33,0,"2","160","D","1","D","06","D",1500,"F",.,"A",.,"A","2","D",.,"A","04","D"
"20133",2643714,38,0,"2","100","D","1","D","06","D",1200,"D",.,"A",.,"A","2","D",.,"A","02","D"
"20133",2643714,39,0,"1","100","D","1","D","06","D",1200,"D",.,"A",.,"A","2","D",.,"A","03","D"
"20133",2643784,45,0,"1","100","D","3","D","08","D",.,"A",.,"A",.,"A","2","D",.,"A","05","D"
"20133",2644094,26,0,"1","100","D","6","D","07","D",.,"A",.,"A",.,"A","2","D",.,"A","01","D"
"20133",2644124,45,0,"1","100","D","4","D","07","D",.,"A",23500,"D",.,"A","1","D",1900,"D","02","D"
"20133",2644354,13,0,"1","100","D","1","D","07","D",1800,"D",.,"A",.,"A","2","D",.,"A","01","D"
"20133",2644444,33,0,"1","100","D","2","D","07","D",.,"A",.,"A",.,"A","2","D",.,"A","02","D"
"20133",2644714,55,0,"1","100","D","1","D","08","D",5000,"D",.,"A",.,"A","2","D",.,"A","04","D"
"20133",2644984,31,0,"1","100","D","6","D","07","D",.,"A",.,"A",.,"A","1","D",.,"A","03","D"
"20133",2645144,26,0,"1","100","D","2","D","08","D",.,"A",.,"A",.,"A","2","D",.,"A","01","D"
"20133",2645524,31,0,"1","100","D","2","D","06","D",.,"A",.,"A",.,"A","2","D",.,"A","01","D"
"20133",2646114,47,0,"1","110","D","1","D","07","D",3500,"D",.,"A",.,"A","2","D",.,"A","02","D"
"20133",2646824,49,0,"2","110","D","6","D","06","D",.,"A",.,"A",.,"A","2","D",.,"A","02","D"
"20133",2646854,20,0,"1","100","D","1","D","06","D",1000,"D",.,"A",.,"A","2","D",.,"A","02","D"
"20133",2647573,21,0,"1","170","D","1","D","04","D",200,"D",.,"A",.,"A","2","D",.,"A","04","D"
"20133",2647573,22,0,"1","180","D","1","D","04","D",50,"D",.,"A",.,"A","2","D",.,"A","05","D"
"20133",2648073,38,0,"2","110","D","2","D","04","D",.,"A",.,"A",.,"A","2","D",.,"A","02","D"
"20133",2648103,45,0,"1","110","D","2","D","04","D",.,"A",.,"A",.,"A","2","D",.,"A","01","D"
"20133",2648103,46,0,"1","100","D","1","D","05","D",2500,"D",.,"A",.,"A","2","D",.,"A","02","D"
"20133",2648923,12,0,"1","100","D","2","D","04","D",.,"A",.,"A",.,"A","2","D",.,"A","02","D"
"20133",2649153,36,0,"1","100","D","2","D","04","D",.,"A",.,"A",.,"A","2","D",.,"A","02","D"
"20133",2649723,34,0,"1","100","D","6","D","05","D",.,"A",.,"A",.,"A","2","D",.,"A","02","D"
"20133",2650273,53,0,"1","110","D","1","D","05","D",1800,"D",.,"A",.,"A","2","D",.,"A","02","D"
"20133",2650333,29,0,"1","100","D","3","D","05","D",.,"A",.,"A",.,"A","2","D",.,"A","01","D"
"20133",2650333,30,0,"2","100","D","3","D","04","D",.,"A",.,"A",.,"A","2","D",.,"A","02","D"
"20133",2650413,43,0,"1","110","D","1","D","06","D",1200,"D",.,"A",.,"A","2","D",.,"A","01","D"
"20133",2650473,12,0,"1","110","D","6","D","05","D",.,"A",.,"A",.,"A","1","D",.,"A","01","D"
"20133",2651113,65,0,"1","110","D","2","D","05","D",.,"A",.,"A",.,"A","1","D",6000,"D","03","D"
"20133",2651423,30,0,"1","100","D","1","D","04","D",300,"D",.,"A",.,"A","2","D",.,"A","02","D"
"20133",2651423,31,0,"1","110","D","3","D","04","D",.,"A",.,"A",.,"A","2","D",.,"A","03","D"
"20133",2651423,32,0,"1","100","D","3","D","05","D",.,"A",.,"A",.,"A","2","D",.,"A","04","D"
"20133",2651623,30,0,"1","100","D","2","D","06","D",.,"A",.,"A",.,"A","2","D",.,"A","01","D"
"20133",2652183,63,0,"1","160","D","3","D","05","D",.,"A",.,"A",.,"A","2","D",.,"A","08","D"
"20133",2652253,24,0,"1","100","D","6","D","06","D",.,"A",.,"A",.,"A","2","D",.,"A","01","D"
"20133",2652253,25,0,"1","100","D","6","D","05","D",.,"A",.,"A",.,"A","2","D",.,"A","02","D"
"20133",2652253,26,0,"1","100","D","6","D","04","D",.,"A",.,"A",.,"A",,"C",.,"A","03","D"
"20133",2652293,48,0,"1","100","D","2","D","05","D",.,"A",.,"A",.,"A","1","D",.,"A","02","D"
"20133",2652323,32,0,"2","100","D","6","D","04","D",.,"A",.,"A",.,"A","2","D",.,"A","03","D"
"20133",2652403,19,0,"1","100","D","6","D","06","D",.,"A",.,"A",.,"A","2","D",.,"A","02","D"
"20133",2652573,38,0,"1","180","D","1","D","04","D",200,"D",.,"A",.,"A","2","D",.,"A","04","D"
"20133",2652863,30,0,"1","100","D","3","D","06","D",.,"A",.,"A",.,"A","2","D",.,"A","01","D"
"20133",2653183,29,0,"1","110","D","1","D","06","D",17000,"D",.,"A",.,"A","2","D",.,"A","01","D"
"20133",2653183,30,0,"1","130","D","1","D","06","D",5000,"D",.,"A",.,"A","2","D",.,"A","03","D"
"20133",2654023,27,0,"1","110","D","2","D","06","D",.,"A",.,"A",.,"A","1","D",8000,"D","01","D"
"20133",2654303,25,0,"2","100","D","3","D","04","D",.,"A",.,"A",.,"A","2","D",.,"A","02","D"
"20133",2654593,37,0,"1","110","D","2","D","04","D",.,"A",.,"A",.,"A","2","D",.,"A","01","D"
"20133",2654963,34,0,"1","170","D","3","D","06","D",.,"A",.,"A",.,"A","2","D",.,"A","03","D"
"20133",2654963,35,0,"1","200","D","6","D","06","D",.,"A",.,"A",.,"A","2","D",.,"A","04","D"
"20133",2656073,16,0,"1","100","D","2","D","04","D",.,"A",.,"A",.,"A","2","D",.,"A","01","D"
"20133",2656603,12,0,"1","150","D","3","D","06","D",.,"A",.,"A",.,"A","2","D",.,"A","02","D"
"20133",2656963,19,0,"1","110","D","1","D","06","D",400,"F",.,"A",.,"A","2","D",.,"A","02","D"
"20133",2657493,30,0,"1","100","D","2","D","05","D",.,"A",.,"A",.,"A","2","D",.,"A","01","D"
"20133",2657583,26,0,"1","100","D","2","D","06","D",.,"A",.,"A",.,"A","2","D",.,"A","01","D"
"20133",2658713,17,0,"1","100","D","4","D","05","D",.,"A",.,"A",.,"A","2","D",.,"A","01","D"
"20133",2659083,15,0,"1","100","D","4","D","05","D",.,"A",300,"D",.,"A","2","D",.,"A","01","D"
"20133",2659403,12,0,"1","110","D","1","D","05","D",1700,"D",.,"A",.,"A","2","D",.,"A","03","D"
"20133",2659733,54,0,"2","110","D","1","D","05","D",600,"D",.,"A",.,"A","2","D",.,"A","04","D"
"20133",2659843,42,0,"1","160","D","3","D","07","D",.,"A",.,"A",.,"A","2","D",.,"A","06","D"
"20133",2660093,5,0,"1","100","D","1","D","07","D",250,"D",.,"A",.,"A","2","D",.,"A","01","D"
"20133",2660153,24,0,"1","110","D","2","D","06","D",.,"A",.,"A",.,"A","1","D",.,"A","01","D"
"20133",2660403,12,0,"2","100","D","4","D","05","D",.,"A",.,"A",.,"A","2","D",.,"A","01","D"
"20133",2661235,18,0,"1","100","D","3","D","07","D",.,"A",.,"A",.,"A","2","D",.,"A","01","D"
"20133",2661383,59,0,"1","160","D","1","D","07","D",14833,"T",.,"A",.,"A","2","D",.,"A","03","D"
"20133",2662933,19,0,"1","100","D","1","D","05","D",4000,"F",.,"A",.,"A","2","D",.,"A","03","D"
"20133",2663103,36,0,"1","100","D","1","D","07","D",1300,"D",.,"A",.,"A","2","D",.,"A","01","D"
"20133",2663103,37,0,"1","100","D","1","D","06","D",1800,"D",.,"A",.,"A","2","D",.,"A","02","D"
"20133",2663383,34,0,"1","110","D","2","D","07","D",.,"A",.,"A",.,"A","2","D",.,"A","01","D"
"20133",2663463,26,0,"1","100","D","1","D","05","D",1200,"D",.,"A",.,"A","2","D",.,"A","01","D"
"20133",2663713,12,0,"1","110","D","6","D","05","D",.,"A",.,"A",.,"A","2","D",.,"A","01","D"
"20133",2663853,28,0,"1","150","D","1","D","07","D",3000,"D",.,"A",.,"A","2","D",.,"A","02","D"
"20133",2663873,22,0,"1","100","D","1","D","07","D",2500,"D",.,"A",.,"A","2","D",.,"A","02","D"
"20133",2664123,25,0,"1","110","D","6","D","07","D",.,"A",.,"A",.,"A","2","D",.,"A","02","D"
"20133",2664173,25,0,"1","110","D","3","D","05","D",.,"A",.,"A",.,"A","2","D",.,"A","02","D"
"20133",2664503,6,0,"1","100","D","1","D","06","D",1000,"D",.,"A",.,"A","2","D",.,"A","01","D"
"20133",2664673,12,0,"1","110","D","6","D","07","D",.,"A",.,"A",.,"A","2","D",.,"A","01","D"
"20133",2665273,43,0,"2","100","D","1","D","05","D",5800,"D",.,"A",.,"A","2","D",.,"A","03","D"
"20133",2665383,13,0,"1","100","D","1","D","05","D",4000,"D",.,"A",.,"A","2","D",.,"A","01","D"
"20133",2665773,19,0,"1","100","D","3","D","06","D",.,"A",.,"A",.,"A","2","D",.,"A","01","D"
"20133",2666263,18,0,"1","110","D","6","D","07","D",.,"A",.,"A",.,"A","2","D",.,"A","01","D"
"20133",2666403,27,0,"1","110","D","3","D","06","D",.,"A",.,"A",.,"A","1","D",.,"A","02","D"
"20133",2666843,18,0,"1","110","D","6","D","07","D",.,"A",.,"A",.,"A",,"C",.,"A","01","D"
"20133",2667153,22,0,"1","100","D","2","D","06","D",.,"A",.,"A",.,"A","1","D",18000,"D","01","D"
"20133",2667443,34,0,"1","110","D","3","D","06","D",.,"A",.,"A",.,"A","2","D",.,"A","02","D"
"20133",2667503,30,0,"1","110","D","1","D","06","D",2000,"F",.,"A",.,"A","2","D",.,"A","01","D"
"20133",2667863,36,0,"1","110","D","2","D","06","D",.,"A",.,"A",.,"A","2","D",.,"A","03","D"
"20133",2668363,10,0,"1","100","D","3","D","07","D",.,"A",.,"A",.,"A","2","D",.,"A","01","D"
"20133",2669463,29,0,"1","100","D","6","D","08","D",.,"A",.,"A",.,"A","2","D",.,"A","01","D"
"20133",2669803,57,0,"1","100","D","4","D","08","D",.,"A",4250,"D",.,"A","2","D",.,"A","04","D"
"20133",2669803,58,0,"1","100","D","2","D","08","D",.,"A",.,"A",.,"A","2","D",.,"A","05","D"
"20133",2669853,35,0,"1","100","D","1","D","08","D",650,"D",.,"A",.,"A","2","D",.,"A","01","D"
"20133",2669923,33,0,"1","110","D","4","D","06","D",.,"A",.,"A",.,"A","2","D",.,"A","02","D"
"20133",2670183,30,0,"1","100","D","1","D","08","D",2500,"D",.,"A",.,"A","2","D",.,"A","01","D"
"20133",2670393,25,0,"1","100","D","2","D","08","D",.,"A",.,"A",.,"A","2","D",.,"A","02","D"
"20133",2670403,43,0,"1","100","D","6","D","07","D",.,"A",.,"A",.,"A","2","D",.,"A","01","D"
"20133",2671163,23,0,"1","100","D","6","D","07","D",.,"A",.,"A",.,"A","2","D",.,"A","01","D"
"20133",2671163,24,0,"1","110","D","6","D","07","D",.,"A",.,"A",.,"A","2","D",.,"A","02","D"
"20133",2671973,7,0,"1","110","D","4","D","07","D",.,"A",.,"A",.,"A","2","D",.,"A","01","D"
"20133",2672383,19,0,"1","100","D","4","D","08","D",.,"A",.,"A",.,"A","2","D",.,"A","01","D"
"20133",2672503,17,0,"1","100","D","6","D","06","D",.,"A",.,"A",.,"A","1","D",.,"A","01","D"
"20133",2672523,64,0,"1","110","D","2","D","07","D",.,"A",.,"A",.,"A","2","D",.,"A","02","D"
"20133",2672523,65,0,"2","150","D","1","D","06","D",500,"D",.,"A",.,"A","2","D",.,"A","04","D"
"20133",2672523,66,0,"1","170","D","6","D","06","D",.,"A",.,"A",.,"A","2","D",.,"A","06","D"
"20133",2672673,28,0,"2","100","D","2","D","06","D",.,"A",.,"A",.,"A","2","D",.,"A","01","D"
"20133",2672993,38,0,"1","110","D","2","D","08","D",.,"A",.,"A",.,"A","2","D",.,"A","02","D"
"20133",2673273,21,0,"1","110","D","6","D","06","D",.,"A",.,"A",.,"A","1","D",.,"A","02","D"
"20133",2673393,65,0,"2","100","D","2","D","06","D",.,"A",.,"A",.,"A","1","D",.,"A","04","D"
"20133",2673393,66,0,"1","150","D","1","D","07","D",1800,"D",.,"A",.,"A","2","D",.,"A","08","D"
"20133",2673993,30,0,"1","110","D","6","D","07","D",.,"A",.,"A",.,"A","2","D",.,"A","02","D"
"20133",2674363,18,0,"2","100","D","6","D","06","D",.,"A",.,"A",.,"A","2","D",.,"A","01","D"
"20133",2674583,41,0,"1","100","D","3","D","06","D",.,"A",.,"A",.,"A","2","D",.,"A","01","D"
"20133",2674713,47,0,"1","120","D","3","D","06","D",.,"A",.,"A",.,"A","2","D",.,"A","03","D"
"20133",2675003,35,0,"1","100","D","2","D","07","D",.,"A",.,"A",.,"A","2","D",.,"A","04","D"
"20133",2675003,36,0,"1","110","D","4","D","06","D",.,"A",20000,"D",.,"A","1","D",16500,"D","05","D"
"20133",2675123,26,0,"1","120","D","6","D","08","D",.,"A",.,"A",.,"A","2","D",.,"A","02","D"
"20133",2676023,78,0,"1","110","D","2","D","08","D",.,"A",.,"A",.,"A","2","D",.,"A","02","D"
"20133",2676693,15,0,"1","100","D","6","D","07","D",.,"A",.,"A",.,"A","1","D",.,"A","01","D"
"20133",2676763,42,0,"1","180","D","1","D","07","D",800,"D",.,"A",.,"A","2","D",.,"A","06","D"
"20133",2676983,9,0,"1","110","D","5","D","06","D",.,"A",.,"A",.,"A","1","D",279,"D","01","D"
"20133",2677483,31,0,"1","100","D","2","D","08","D",.,"A",.,"A",.,"A","1","D",.,"A","02","D"
"20133",2677483,32,0,"1","130","D","1","D","08","D",2100,"D",.,"A",.,"A","2","D",.,"A","03","D"
"20133",2677673,12,0,"1","100","D","2","D","07","D",.,"A",.,"A",.,"A","1","D",2000,"D","01","D"
"20133",2677793,22,0,"2","100","D","4","D","06","D",.,"A",.,"A",.,"A","1","D",.,"A","02","D"
"20133",2677903,37,0,"1","110","D","2","D","06","D",.,"A",.,"A",.,"A","2","D",.,"A","04","D"
"20133",2677903,38,0,"1","150","D","3","D","06","D",.,"A",.,"A",.,"A","2","D",.,"A","05","D"
"20133",2677903,39,0,"1","200","D","3","D","08","D",.,"A",.,"A",.,"A","2","D",.,"A","06","D"
"20133",2678613,36,0,"1","100","D","2","D","08","D",.,"A",.,"A",.,"A","2","D",.,"A","01","D"
"20133",2679073,16,0,"1","100","D","1","D","07","D",300,"D",.,"A",.,"A","2","D",.,"A","01","D"
"20133",2679873,30,0,"1","110","D","3","D","06","D",.,"A",.,"A",.,"A","2","D",.,"A","01","D"
"20133",2680942,48,0,"1","110","D","2","D","06","D",.,"A",.,"A",.,"A","2","D",.,"A","02","D"
"20133",2681162,13,0,"1","100","D","3","D","05","D",.,"A",.,"A",.,"A","2","D",.,"A","01","D"
"20133",2681172,30,0,"1","110","D","2","D","05","D",.,"A",.,"A",.,"A","2","D",.,"A","01","D"
"20133",2681502,36,0,"1","110","D","1","D","04","D",3500,"D",.,"A",.,"A","2","D",.,"A","02","D"
"20133",2681552,42,0,"1","110","D","2","D","06","D",.,"A",.,"A",.,"A","2","D",.,"A","01","D"
"20133",2681602,28,0,"1","100","D","1","D","05","D",1000,"D",.,"A",.,"A","2","D",.,"A","01","D"
"20133",2682162,34,0,"1","100","D","4","D","04","D",.,"A",.,"A",.,"A","2","D",.,"A","01","D"
"20133",2682722,20,0,"1","200","D","1","D","05","D",1500,"D",.,"A",.,"A","2","D",.,"A","04","D"
"20133",2682892,47,0,"1","110","D","6","D","04","D",.,"A",.,"A",.,"A","2","D",.,"A","03","D"
"20133",2683352,31,0,"1","110","D","3","D","05","D",.,"A",.,"A",.,"A","2","D",.,"A","06","D"
"20133",2683812,41,0,"1","110","D","2","D","06","D",.,"A",.,"A",.,"A","1","D",.,"A","01","D"
"20133",2683812,42,0,"1","110","D","4","D","04","D",.,"A",.,"A",.,"A","2","D",.,"A","02","D"
"20133",2684712,60,0,"1","100","D","2","D","04","D",.,"A",.,"A",.,"A","2","D",.,"A","02","D"
"20133",2685772,29,0,"1","110","D","2","D","06","D",.,"A",.,"A",.,"A","2","D",.,"A","02","D"
"20133",2685972,32,0,"1","110","D","1","D","06","D",1600,"D",.,"A",.,"A","2","D",.,"A","02","D"
"20133",2685972,33,0,"1","110","D","1","D","06","D",1500,"D",.,"A",.,"A","2","D",.,"A","03","D"
"20133",2686272,28,0,"1","110","D","1","D","05","D",2000,"D",.,"A",.,"A","2","D",.,"A","01","D"
"20133",2686292,30,0,"1","110","D","2","D","04","D",.,"A",.,"A",.,"A","1","D",17000,"D","02","D"
"20133",2686812,14,0,"1","110","D","1","D","05","D",500,"D",.,"A",.,"A","2","D",.,"A","01","D"
"20133",2687502,35,0,"1","100","D","4","D","05","D",.,"A",.,"A",.,"A","2","D",.,"A","02","D"
"20133",2687572,85,0,"1","130","D","1","D","06","D",800,"D",.,"A",.,"A","2","D",.,"A","04","D"
"20133",2687722,42,0,"1","110","D","2","D","05","D",.,"A",.,"A",.,"A","2","D",.,"A","03","D"
"20133",2687872,16,0,"1","100","D","1","D","05","D",3000,"D",.,"A",.,"A","2","D",.,"A","02","D"
"20133",2688882,37,0,"1","100","D","4","D","04","D",.,"A",6200,"D",.,"A","2","D",.,"A","02","D"
"20133",2689182,65,0,"1","200","D","1","D","06","D",2900,"D",.,"A",.,"A","2","D",.,"A","07","D"
"20133",2689372,35,0,"1","160","D","6","D","05","D",.,"A",.,"A",.,"A","2","D",.,"A","06","D"
"20133",2689902,19,0,"1","100","D","2","D","05","D",.,"A",.,"A",.,"A","2","D",.,"A","01","D"
"20133",2690272,44,0,"1","110","D","1","D","06","D",500,"D",.,"A",.,"A","2","D",.,"A","04","D"
"20133",2690502,33,0,"1","100","D","6","D","05","D",.,"A",.,"A",.,"A","2","D",.,"A","03","D"
"20133",2692482,32,0,"1","100","D","3","D","07","D",.,"A",.,"A",.,"A","2","D",.,"A","02","D"
"20133",2692802,37,0,"1","100","D","2","D","06","D",.,"A",.,"A",.,"A","1","D",9500,"D","01","D"
"20133",2692802,38,0,"1","110","D","2","D","06","D",.,"A",.,"A",.,"A","1","D",4000,"D","02","D"
"20133",2692802,39,0,"1","110","D","2","D","07","D",.,"A",.,"A",.,"A","1","D",14300,"D","03","D"
"20133",2693792,40,0,"1","100","D","6","D","07","D",.,"A",.,"A",.,"A","1","D",.,"A","02","D"
"20133",2694582,29,0,"1","100","D","4","D","06","D",.,"A",.,"A",.,"A","2","D",.,"A","02","D"
"20133",2695792,33,0,"1","110","D","2","D","07","D",.,"A",.,"A",.,"A","2","D",.,"A","01","D"
"20133",2695802,27,0,"1","110","D","4","D","07","D",.,"A",.,"A",57000,"D","2","D",.,"A","01","D"
"20133",2696372,25,0,"1","100","D","2","D","07","D",.,"A",.,"A",.,"A","1","D",3900,"D","01","D"
"20133",2697112,25,0,"1","110","D","6","D","07","D",.,"A",.,"A",.,"A","2","D",.,"A","03","D"
"20133",2697372,21,0,"1","110","D","2","D","05","D",.,"A",.,"A",.,"A","1","D",.,"A","02","D"
"20133",2697942,28,0,"1","120","D","1","D","05","D",1,"D",.,"A",.,"A","2","D",.,"A","02","D"
"20133",2698012,30,0,"1","100","D","1","D","06","D",2000,"D",.,"A",.,"A","2","D",.,"A","01","D"
"20133",2698372,19,0,"1","100","D","1","D","05","D",500,"D",.,"A",.,"A","2","D",.,"A","01","D"
"20133",2698922,27,0,"1","100","D","6","D","07","D",.,"A",.,"A",.,"A","2","D",.,"A","02","D"
"20133",2698944,41,0,"1","100","D","1","D","06","D",265,"D",.,"A",.,"A","2","D",.,"A","01","D"
"20133",2699672,30,0,"2","100","D","1","D","05","D",5000,"D",.,"A",.,"A","2","D",.,"A","02","D"
"20133",2699812,53,0,"1","110","D","1","D","06","D",1500,"D",.,"A",.,"A","2","D",.,"A","03","D"
"20133",2699845,46,0,"1","100","D","4","D","07","D",.,"A",.,"A",.,"A","2","D",.,"A","03","D"
"20133",2700072,15,0,"1","100","D","2","D","07","D",.,"A",.,"A",.,"A","1","D",2700,"D","02","D"
"20133",2700192,41,0,"1","110","D","2","D","07","D",.,"A",.,"A",.,"A","1","D",.,"A","01","D"
"20133",2700384,46,0,"1","130","D","1","D","05","D",2100,"F",.,"A",.,"A",,"C",.,"A","02","D"
"20133",2700582,51,0,"1","100","D","2","D","06","D",.,"A",.,"A",.,"A","2","D",.,"A","01","D"
"20133",2700582,52,0,"1","110","D","2","D","06","D",.,"A",.,"A",.,"A","2","D",.,"A","02","D"
"20133",2700582,53,0,"1","100","D","2","D","06","D",.,"A",.,"A",.,"A","2","D",.,"A","03","D"
"20133",2701312,9,0,"1","110","D","2","D","06","D",.,"A",.,"A",.,"A","2","D",.,"A","01","D"
"20133",2701732,26,0,"1","110","D","6","D","07","D",.,"A",.,"A",.,"A",,"C",.,"A","02","D"
"20133",2701932,30,0,"1","100","D","4","D","07","D",.,"A",.,"A",5000,"D","2","D",.,"A","01","D"
"20133",2702262,24,0,"1","110","D","6","D","08","D",.,"A",.,"A",.,"A",,"C",.,"A","01","D"
"20133",2702262,25,0,"1","110","D","6","D","08","D",.,"A",.,"A",.,"A",,"C",.,"A","02","D"
"20133",2702502,18,0,"1","100","D","2","D","08","D",.,"A",.,"A",.,"A","2","D",.,"A","01","D"
"20133",2702672,41,0,"1","100","D","2","D","06","D",.,"A",.,"A",.,"A","1","D",.,"A","01","D"
"20133",2702982,31,0,"1","110","D","1","D","06","D",8000,"D",.,"A",.,"A","1","D",8000,"D","01","D"
"20133",2703032,72,0,"1","100","D","6","D","06","D",.,"A",.,"A",.,"A","2","D",.,"A","01","D"
"20133",2703112,25,0,"1","110","D","2","D","06","D",.,"A",.,"A",.,"A","2","D",.,"A","01","D"
"20133",2703502,13,0,"1","100","D","1","D","07","D",250,"D",.,"A",.,"A","2","D",.,"A","01","D"
"20133",2704292,29,0,"1","110","D","1","D","07","D",4500,"D",.,"A",.,"A","2","D",.,"A","02","D"
"20133",2704572,33,0,"1","110","D","3","D","07","D",.,"A",.,"A",.,"A","2","D",.,"A","01","D"
"20133",2704825,10,0,"1","100","D","2","D","08","D",.,"A",.,"A",.,"A","2","D",.,"A","01","D"
"20133",2705092,47,0,"1","110","D","2","D","07","D",.,"A",.,"A",.,"A","2","D",.,"A","01","D"
"20133",2705472,10,0,"1","110","D","2","D","07","D",.,"A",.,"A",.,"A","2","D",.,"A","01","D"
"20133",2705522,13,0,"1","100","D","3","D","06","D",.,"A",.,"A",.,"A","2","D",.,"A","01","D"
"20133",2706122,54,0,"1","100","D","3","D","07","D",.,"A",.,"A",.,"A","2","D",.,"A","07","D"
"20133",2706422,26,0,"1","100","D","2","D","06","D",.,"A",.,"A",.,"A",,"C",.,"A","02","D"
"20133",2706432,11,0,"1","110","D","3","D","07","D",.,"A",.,"A",.,"A","2","D",.,"A","01","D"
"20133",2706782,23,0,"1","110","D","3","D","08","D",.,"A",.,"A",.,"A","2","D",.,"A","02","D"
"20133",2706832,30,0,"1","100","D","2","D","07","D",.,"A",.,"A",.,"A","2","D",.,"A","01","D"
"20133",2707392,27,0,"1","110","D","1","D","06","D",6000,"F",.,"A",.,"A","2","D",.,"A","02","D"
"20133",2707872,15,0,"1","100","D","2","D","08","D",.,"A",.,"A",.,"A","2","D",.,"A","01","D"
"20133",2707932,51,0,"1","100","D","2","D","07","D",.,"A",.,"A",.,"A","1","D",.,"A","01","D"
"20133",2707932,52,0,"1","150","D","2","D","07","D",.,"A",.,"A",.,"A","1","D",.,"A","03","D"
"20133",2708052,14,0,"1","100","D","1","D","07","D",400,"D",.,"A",.,"A","2","D",.,"A","02","D"
"20133",2708652,33,0,"1","100","D","6","D","08","D",.,"A",.,"A",.,"A","2","D",.,"A","02","D"
"20133",2709642,22,0,"1","150","D","1","D","07","D",1000,"D",.,"A",.,"A","2","D",.,"A","04","D"
"20133",2709762,16,0,"1","100","D","1","D","06","D",1300,"D",.,"A",.,"A","2","D",.,"A","02","D"
"20133",2709842,28,0,"1","100","D","2","D","06","D",.,"A",.,"A",.,"A","2","D",.,"A","02","D"
"20133",2709912,17,0,"1","110","D","4","D","08","D",.,"A",.,"A",.,"A","2","D",.,"A","01","D"
"20133",2710292,16,0,"1","100","D","2","D","08","D",.,"A",.,"A",.,"A","1","D",4700,"D","01","D"
"20133",2711302,21,0,"2","160","D","3","D","06","D",.,"A",.,"A",.,"A","2","D",.,"A","02","D"
"20133",2711302,22,0,"2","180","D","3","D","06","D",.,"A",.,"A",.,"A","2","D",.,"A","03","D"
"20133",2711522,33,0,"1","110","D","1","D","08","D",6000,"D",.,"A",.,"A","2","D",.,"A","01","D"
"20133",2712262,21,0,"1","100","D","3","D","08","D",.,"A",.,"A",.,"A","2","D",.,"A","02","D"
"20133",2712422,28,0,"1","100","D","6","D","08","D",.,"A",.,"A",.,"A","2","D",.,"A","02","D"
"20133",2712422,29,0,"1","150","D","1","D","08","D",200,"D",.,"A",.,"A","2","D",.,"A","06","D"
"20133",2713272,21,0,"1","100","D","4","D","07","D",.,"A",.,"A",.,"A","2","D",.,"A","01","D"
"20133",2713372,35,0,"1","110","D","2","D","08","D",.,"A",.,"A",.,"A","1","D",.,"A","02","D"
"20133",2728022,26,0,"1","100","D","2","D","06","D",.,"A",.,"A",.,"A","2","D",.,"A","02","D"
"20133",2746983,19,0,"1","100","D","1","D","07","D",4300,"D",.,"A",.,"A","2","D",.,"A","01","D"
"20134",2612775,73,0,"1","100","D","1","D","08","D",650,"D",.,"A",.,"A","2","D",.,"A","06","D"
"20134",2612775,74,0,"1","160","D","1","D","07","D",1200,"D",.,"A",.,"A","2","D",.,"A","08","D"
"20134",2613445,43,0,"2","100","D","1","D","07","D",800,"D",.,"A",.,"A","2","D",.,"A","01","D"
"20134",2613775,16,0,"1","110","D","2","D","08","D",.,"A",.,"A",.,"A","1","D",.,"A","01","D"
"20134",2614215,30,0,"1","110","D","1","D","08","D",5400,"D",.,"A",.,"A","2","D",.,"A","02","D"
"20134",2614825,33,0,"1","100","D","2","D","09","D",.,"A",.,"A",.,"A","2","D",.,"A","01","D"
"20134",2615175,10,0,"1","110","D","6","D","07","D",.,"A",.,"A",.,"A","1","D",.,"A","01","D"
"20134",2615595,39,0,"1","100","D","2","D","09","D",.,"A",.,"A",.,"A","2","D",.,"A","01","D"
"20134",2615595,40,0,"1","100","D","6","D","07","D",.,"A",.,"A",.,"A","2","D",.,"A","03","D"
"20134",2616325,51,0,"1","100","D","4","D","08","D",.,"A",350,"D",.,"A","2","D",.,"A","04","D"
"20134",2616485,33,0,"1","100","D","3","D","08","D",.,"A",.,"A",.,"A","2","D",.,"A","01","D"
"20134",2616555,12,0,"1","110","D","2","D","08","D",.,"A",.,"A",.,"A","2","D",.,"A","01","D"
"20134",2616665,37,0,"1","100","D","1","D","08","D",750,"D",.,"A",.,"A","2","D",.,"A","02","D"
"20134",2617415,22,0,"1","170","D","1","D","07","D",350,"D",.,"A",.,"A","2","D",.,"A","03","D"
"20134",2618245,54,0,"1","110","D","2","D","09","D",.,"A",.,"A",.,"A","2","D",.,"A","01","D"
"20134",2618605,55,0,"1","110","D","1","D","09","D",2000,"D",.,"A",.,"A","2","D",.,"A","02","D"
"20134",2618605,56,0,"1","110","D","2","D","09","D",.,"A",.,"A",.,"A","2","D",.,"A","03","D"
"20134",2619045,28,0,"1","100","D","6","D","07","D",.,"A",.,"A",.,"A","2","D",.,"A","02","D"
"20134",2619685,28,0,"1","100","D","2","D","09","D",.,"A",.,"A",.,"A","2","D",.,"A","02","D"
"20134",2619695,58,0,"2","100","D","1","D","07","D",3000,"D",.,"A",.,"A","2","D",.,"A","02","D"
"20134",2620005,48,0,"1","110","D","2","D","09","D",.,"A",.,"A",.,"A","2","D",.,"A","02","D"
"20134",2620125,25,0,"1","100","D","2","D","07","D",.,"A",.,"A",.,"A","2","D",.,"A","01","D"
"20134",2620945,18,0,"1","110","D","2","D","08","D",.,"A",.,"A",.,"A","2","D",.,"A","02","D"
"20134",2621295,20,0,"1","110","D","1","D","07","D",9000,"D",.,"A",.,"A","1","D",9000,"D","02","D"
"20134",2621405,20,0,"1","100","D","1","D","07","D",600,"F",.,"A",.,"A","2","D",.,"A","02","D"
"20134",2621455,17,0,"1","110","D","2","D","08","D",.,"A",.,"A",.,"A","2","D",.,"A","01","D"
"20134",2621545,44,0,"1","140","D","1","D","07","D",1200,"D",.,"A",.,"A","2","D",.,"A","05","D"
"20134",2621905,26,0,"1","100","D","2","D","07","D",.,"A",.,"A",.,"A","2","D",.,"A","01","D"
"20134",2621925,27,0,"1","100","D","1","D","08","D",22000,"D",.,"A",.,"A","2","D",.,"A","01","D"
"20134",2622615,24,0,"1","110","D","3","D","08","D",.,"A",.,"A",.,"A","2","D",.,"A","03","D"
"20134",2623065,21,0,"1","110","D","2","D","09","D",.,"A",.,"A",.,"A","1","D",.,"A","01","D"
"20134",2623575,27,0,"1","110","D","1","D","09","D",5000,"D",.,"A",.,"A","2","D",.,"A","02","D"
"20134",2623955,65,0,"2","160","D","1","D","07","D",3200,"D",.,"A",.,"A","2","D",.,"A","03","D"
"20134",2624575,37,0,"2","110","D","2","D","08","D",.,"A",.,"A",.,"A","2","D",.,"A","02","D"
"20134",2624575,38,0,"1","110","D","2","D","10","D",.,"A",.,"A",.,"A","2","D",.,"A","03","D"
"20134",2624735,49,0,"1","100","D","4","D","09","D",.,"A",.,"A",.,"A","2","D",.,"A","01","D"
"20134",2625035,47,0,"1","110","D","2","D","09","D",.,"A",.,"A",.,"A","1","D",200,"D","01","D"
"20134",2625085,49,0,"1","150","D","1","D","09","D",6000,"D",.,"A",.,"A","2","D",.,"A","06","D"
"20134",2625605,48,0,"1","110","D","1","D","08","D",5300,"D",.,"A",.,"A","2","D",.,"A","02","D"
"20134",2626145,51,0,"1","100","D","4","D","09","D",.,"A",6000,"D",.,"A","2","D",.,"A","01","D"
"20134",2626155,35,0,"1","100","D","2","D","09","D",.,"A",.,"A",.,"A","2","D",.,"A","01","D"
"20134",2626425,39,0,"1","100","D","1","D","09","D",1500,"F",.,"A",.,"A","2","D",.,"A","01","D"
"20134",2626655,18,0,"1","100","D","2","D","09","D",.,"A",.,"A",.,"A","2","D",.,"A","02","D"
"20134",2627145,18,0,"1","100","D","1","D","08","D",7000,"F",.,"A",.,"A","2","D",.,"A","01","D"
"20134",2627285,35,0,"1","110","D","2","D","09","D",.,"A",.,"A",.,"A","2","D",.,"A","02","D"
"20134",2627365,32,0,"1","100","D","2","D","08","D",.,"A",.,"A",.,"A","2","D",.,"A","01","D"
"20134",2627695,30,0,"1","110","D","1","D","10","D",300,"D",.,"A",.,"A","2","D",.,"A","01","D"
"20134",2628285,69,0,"1","110","D","1","D","08","D",1500,"D",.,"A",.,"A","2","D",.,"A","06","D"
"20134",2628305,44,0,"1","200","D","2","D","09","D",.,"A",.,"A",.,"A","2","D",.,"A","05","D"
"20134",2629045,44,0,"1","100","D","2","D","10","D",.,"A",.,"A",.,"A","1","D",.,"A","01","D"
"20134",2629145,35,0,"2","100","D","3","D","08","D",.,"A",.,"A",.,"A","2","D",.,"A","04","D"
"20134",2629675,57,0,"1","200","D","6","D","09","D",.,"A",.,"A",.,"A","2","D",.,"A","11","D"
"20134",2629725,13,0,"1","110","D","4","D","10","D",.,"A",.,"A",.,"A","2","D",.,"A","01","D"
"20134",2630275,25,0,"1","110","D","1","D","08","D",300,"D",.,"A",.,"A","2","D",.,"A","01","D"
"20134",2630605,56,0,"1","100","D","1","D","10","D",600,"D",.,"A",.,"A","2","D",.,"A","01","D"
"20134",2631015,33,0,"1","100","D","4","D","09","D",.,"A",.,"A",.,"A","2","D",.,"A","03","D"
"20134",2631365,21,0,"1","100","D","6","D","10","D",.,"A",.,"A",.,"A","2","D",.,"A","02","D"
"20134",2631535,49,0,"2","100","D","1","D","08","D",6500,"D",.,"A",.,"A","2","D",.,"A","02","D"
"20134",2631805,71,0,"1","100","D","2","D","08","D",.,"A",.,"A",.,"A","2","D",.,"A","02","D"
"20134",2631965,32,0,"1","100","D","2","D","09","D",.,"A",.,"A",.,"A","2","D",.,"A","01","D"
"20134",2632675,36,0,"1","110","D","1","D","10","D",5400,"F",.,"A",.,"A","2","D",.,"A","02","D"
"20134",2632745,24,0,"1","100","D","1","D","08","D",8000,"D",.,"A",.,"A","2","D",.,"A","02","D"
"20134",2633025,23,0,"1","110","D","1","D","09","D",500,"D",.,"A",.,"A","2","D",.,"A","02","D"
"20134",2633505,34,0,"1","110","D","1","D","10","D",31000,"D",.,"A",.,"A","1","D",16000,"D","02","D"
"20134",2634325,48,0,"1","110","D","2","D","10","D",.,"A",.,"A",.,"A","2","D",.,"A","01","D"
"20134",2634965,40,0,"1","110","D","1","D","10","D",400,"D",.,"A",.,"A","2","D",.,"A","01","D"
"20134",2635365,35,0,"1","100","D","2","D","10","D",.,"A",.,"A",.,"A","1","D",.,"A","02","D"
"20134",2635725,21,0,"1","100","D","1","D","08","D",400,"D",.,"A",.,"A","2","D",.,"A","02","D"
"20134",2636045,30,0,"1","110","D","4","D","11","D",.,"A",15280,"D",.,"A","1","D",.,"A","01","D"
"20134",2636625,47,0,"1","100","D","1","D","09","D",4000,"D",.,"A",.,"A","2","D",.,"A","03","D"
"20134",2637815,21,0,"1","110","D","4","D","10","D",.,"A",.,"A",.,"A","2","D",.,"A","02","D"
"20134",2638245,51,0,"2","100","D","1","D","09","D",300,"D",.,"A",.,"A","2","D",.,"A","03","D"
"20134",2638335,29,0,"1","100","D","1","D","11","D",1500,"D",.,"A",.,"A","2","D",.,"A","03","D"
"20134",2638885,43,0,"1","110","D","1","D","10","D",2500,"D",.,"A",.,"A","2","D",.,"A","01","D"
"20134",2639235,42,0,"2","100","D","2","D","09","D",.,"A",.,"A",.,"A","2","D",.,"A","01","D"
"20134",2639295,31,0,"1","110","D","1","D","09","D",500,"D",.,"A",.,"A","2","D",.,"A","01","D"
"20134",2639395,33,0,"1","110","D","1","D","10","D",1800,"D",.,"A",.,"A","2","D",.,"A","03","D"
"20134",2639685,32,0,"2","100","D","6","D","09","D",.,"A",.,"A",.,"A","2","D",.,"A","01","D"
"20134",2641345,24,0,"1","100","D","2","D","11","D",.,"A",.,"A",.,"A","2","D",.,"A","01","D"
"20134",2642115,11,0,"1","110","D","1","D","11","D",5500,"F",.,"A",.,"A","2","D",.,"A","01","D"
"20134",2642205,28,0,"1","100","D","2","D","09","D",.,"A",.,"A",.,"A","2","D",.,"A","02","D"
"20134",2642785,38,0,"1","110","D","6","D","11","D",.,"A",.,"A",.,"A","2","D",.,"A","01","D"
"20134",2642785,39,0,"1","100","D","6","D","11","D",.,"A",.,"A",.,"A","2","D",.,"A","03","D"
"20134",2642885,45,0,"1","110","D","6","D","11","D",.,"A",.,"A",.,"A","2","D",.,"A","03","D"
"20134",2643775,16,0,"1","100","D","6","D","10","D",.,"A",.,"A",.,"A","1","D",.,"A","01","D"
"20134",2644485,11,0,"1","100","D","2","D","10","D",.,"A",.,"A",.,"A","2","D",.,"A","02","D"
"20134",2644755,33,0,"1","110","D","2","D","11","D",.,"A",.,"A",.,"A","2","D",.,"A","03","D"
"20134",2644995,72,0,"1","100","D","1","D","09","D",600,"D",.,"A",.,"A","2","D",.,"A","01","D"
"20134",2645105,33,0,"1","110","D","2","D","10","D",.,"A",.,"A",.,"A","2","D",.,"A","01","D"
"20134",2645125,44,0,"1","150","D","4","D","11","D",.,"A",.,"A",.,"A",,"C",.,"A","07","D"
"20134",2645195,16,0,"1","100","D","6","D","10","D",.,"A",.,"A",.,"A","2","D",.,"A","05","D"
"20134",2645715,9,0,"1","100","D","1","D","09","D",500,"D",.,"A",.,"A","2","D",.,"A","01","D"
"20134",2646315,27,0,"1","110","D","6","D","10","D",.,"A",.,"A",.,"A","2","D",.,"A","01","D"
"20134",2646595,70,0,"1","110","D","2","D","10","D",.,"A",.,"A",.,"A","2","D",.,"A","02","D"
"20134",2647624,49,0,"1","170","D","1","D","07","D",3200,"D",.,"A",.,"A","2","D",.,"A","04","D"
"20134",2647744,67,0,"1","100","D","4","D","08","D",.,"A",1900,"D",.,"A","2","D",.,"A","02","D"
"20134",2648074,41,0,"1","110","D","1","D","09","D",700,"D",.,"A",.,"A","2","D",.,"A","07","D"
"20134",2648534,23,0,"1","100","D","4","D","08","D",.,"A",.,"A",.,"A","2","D",.,"A","01","D"
"20134",2649404,30,0,"1","110","D","3","D","09","D",.,"A",.,"A",.,"A","2","D",.,"A","02","D"
"20134",2650234,24,0,"1","100","D","6","D","09","D",.,"A",.,"A",.,"A","2","D",.,"A","01","D"
"20134",2650244,40,0,"1","110","D","6","D","09","D",.,"A",.,"A",.,"A",,"C",.,"A","03","D"
"20134",2650244,41,0,"1","110","D","6","D","09","D",.,"A",.,"A",.,"A",,"C",.,"A","04","D"
"20134",2650244,42,0,"1","200","D","6","D","09","D",.,"A",.,"A",.,"A","2","D",.,"A","05","D"
"20134",2650754,14,0,"1","100","D","3","D","08","D",.,"A",.,"A",.,"A","2","D",.,"A","01","D"
"20134",2650804,49,0,"1","100","D","1","D","09","D",500,"D",.,"A",.,"A","2","D",.,"A","01","D"
"20134",2651274,10,0,"1","100","D",,"C","09","D",.,"A",.,"A",.,"A",,"C",.,"A","01","D"
"20134",2651444,34,0,"1","100","D","2","D","09","D",.,"A",.,"A",.,"A","2","D",.,"A","01","D"
"20134",2651454,18,0,"1","110","D","1","D","08","D",11000,"D",.,"A",.,"A","1","D",9800,"D","01","D"
"20134",2651744,14,0,"1","100","D","1","D","07","D",2500,"D",.,"A",.,"A","2","D",.,"A","01","D"
"20134",2651914,19,0,"1","100","D","2","D","08","D",.,"A",.,"A",.,"A","2","D",.,"A","01","D"
"20134",2652114,27,0,"1","110","D","1","D","08","D",200,"D",.,"A",.,"A","2","D",.,"A","02","D"
"20134",2652404,24,0,"1","100","D","2","D","09","D",.,"A",.,"A",.,"A","2","D",.,"A","01","D"
"20134",2652864,35,0,"1","100","D","2","D","08","D",.,"A",.,"A",.,"A","2","D",.,"A","03","D"
"20134",2652954,13,0,"1","100","D","6","D","09","D",.,"A",.,"A",.,"A","1","D",.,"A","01","D"
"20134",2653184,30,0,"2","100","D","2","D","07","D",.,"A",.,"A",.,"A","2","D",.,"A","02","D"
"20134",2653824,25,0,"1","100","D","3","D","09","D",.,"A",.,"A",.,"A","2","D",.,"A","01","D"
"20134",2653834,21,0,"1","100","D","4","D","09","D",.,"A",.,"A",.,"A","2","D",.,"A","03","D"
"20134",2653854,21,0,"1","100","D","4","D","09","D",.,"A",.,"A",.,"A","2","D",.,"A","01","D"
"20134",2653854,22,0,"1","100","D","6","D","07","D",.,"A",.,"A",.,"A",,"C",.,"A","02","D"
"20134",2654314,23,0,"2","110","D","1","D","07","D",7675,"D",.,"A",.,"A","2","D",.,"A","02","D"
"20134",2654394,38,0,"1","110","D","1","D","09","D",5500,"D",.,"A",.,"A","2","D",.,"A","03","D"
"20134",2654394,39,0,"1","130","D","1","D","07","D",5000,"D",.,"A",.,"A","2","D",.,"A","06","D"
"20134",2654474,17,0,"1","100","D","2","D","09","D",.,"A",.,"A",.,"A","2","D",.,"A","01","D"
"20134",2654814,39,0,"1","110","D","1","D","09","D",1300,"D",.,"A",.,"A","2","D",.,"A","01","D"
"20134",2654814,40,0,"1","100","D","1","D","08","D",7000,"D",.,"A",.,"A","2","D",.,"A","03","D"
"20134",2655004,41,0,"1","110","D","2","D","09","D",.,"A",.,"A",.,"A","2","D",.,"A","01","D"
"20134",2655074,71,0,"1","100","D","3","D","09","D",.,"A",.,"A",.,"A","2","D",.,"A","03","D"
"20134",2655094,30,0,"1","100","D","2","D","09","D",.,"A",.,"A",.,"A","1","D",8000,"D","01","D"
"20134",2655364,46,0,"1","100","D","6","D","07","D",.,"A",.,"A",.,"A","2","D",.,"A","03","D"
"20134",2656434,29,0,"1","100","D","4","D","09","D",.,"A",.,"A",.,"A","2","D",.,"A","02","D"
"20134",2656574,33,0,"1","100","D","1","D","07","D",4000,"D",.,"A",.,"A","2","D",.,"A","02","D"
"20134",2656584,42,0,"1","100","D","2","D","07","D",.,"A",.,"A",.,"A","2","D",.,"A","01","D"
"20134",2656924,39,0,"1","110","D","4","D","09","D",.,"A",10784,"D",.,"A","2","D",.,"A","01","D"
"20134",2657094,26,0,"1","110","D","1","D","09","D",2100,"D",.,"A",.,"A","2","D",.,"A","01","D"
"20134",2657344,37,0,"1","100","D","2","D","09","D",.,"A",.,"A",.,"A","2","D",.,"A","02","D"
"20134",2658414,45,0,"2","110","D","2","D","08","D",.,"A",.,"A",.,"A","2","D",.,"A","01","D"
"20134",2658414,46,0,"1","100","D","6","D","10","D",.,"A",.,"A",.,"A","2","D",.,"A","02","D"
"20134",2658414,47,0,"2","100","D","2","D","08","D",.,"A",.,"A",.,"A","1","D",16800,"D","03","D"
"20134",2658414,48,0,"2","150","D","2","D","08","D",.,"A",.,"A",.,"A","1","D",4000,"D","04","D"
"20134",2658414,49,0,"1","100","D","2","D","08","D",.,"A",.,"A",.,"A","1","D",15000,"D","05","D"
"20134",2658414,50,0,"1","110","D","2","D","08","D",.,"A",.,"A",.,"A","1","D",4000,"D","06","D"
"20134",2658744,15,0,"1","200","D","2","D","09","D",.,"A",.,"A",.,"A","2","D",.,"A","02","D"
"20134",2658904,26,0,"1","110","D","3","D","08","D",.,"A",.,"A",.,"A","2","D",.,"A","03","D"
"20134",2658944,30,0,"1","110","D","2","D","10","D",.,"A",.,"A",.,"A","1","D",.,"A","02","D"
"20134",2659014,29,0,"1","100","D","6","D","10","D",.,"A",.,"A",.,"A",,"C",.,"A","04","D"
"20134",2659464,51,0,"2","110","D","2","D","08","D",.,"A",.,"A",.,"A","1","D",12300,"D","02","D"
"20134",2660044,16,0,"1","170","D","1","D","08","D",1200,"D",.,"A",.,"A","2","D",.,"A","02","D"
"20134",2660244,12,0,"1","100","D","2","D","09","D",.,"A",.,"A",.,"A","2","D",.,"A","01","D"
"20134",2660404,14,0,"1","100","D","4","D","08","D",.,"A",.,"A",.,"A","2","D",.,"A","02","D"
"20134",2660614,15,0,"1","100","D","1","D","10","D",3000,"D",.,"A",.,"A","2","D",.,"A","01","D"
"20134",2661004,42,0,"1","100","D","2","D","08","D",.,"A",.,"A",.,"A","2","D",.,"A","01","D"
"20134",2661524,11,0,"1","100","D","1","D","08","D",1500,"D",.,"A",.,"A","2","D",.,"A","01","D"
"20134",2662494,31,0,"1","110","D","1","D","08","D",2200,"D",.,"A",.,"A","2","D",.,"A","02","D"
"20134",2662834,36,0,"2","110","D","1","D","08","D",5400,"D",.,"A",.,"A","2","D",.,"A","01","D"
"20134",2663214,53,0,"1","110","D","2","D","09","D",.,"A",.,"A",.,"A","2","D",.,"A","02","D"
"20134",2663734,27,0,"2","110","D","2","D","08","D",.,"A",.,"A",.,"A","2","D",.,"A","01","D"
"20134",2664404,48,0,"1","100","D","4","D","08","D",.,"A",3000,"D",.,"A","2","D",.,"A","02","D"
"20134",2664434,31,0,"2","100","D","4","D","08","D",.,"A",20000,"D",.,"A","2","D",.,"A","01","D"
"20134",2664504,11,0,"1","100","D","6","D","09","D",.,"A",.,"A",.,"A","2","D",.,"A","02","D"
"20134",2664674,12,0,"1","110","D","6","D","09","D",.,"A",.,"A",.,"A","1","D",.,"A","02","D"
"20134",2665004,52,0,"1","100","D","2","D","08","D",.,"A",.,"A",.,"A","2","D",.,"A","06","D"
"20134",2665184,23,0,"1","100","D","6","D","08","D",.,"A",.,"A",.,"A","2","D",.,"A","01","D"
"20134",2665354,22,0,"1","100","D","6","D","08","D",.,"A",.,"A",.,"A","2","D",.,"A","01","D"
"20134",2665544,28,0,"2","110","D","2","D","08","D",.,"A",.,"A",.,"A","1","D",3700,"D","02","D"
"20134",2665604,24,0,"1","100","D","6","D","10","D",.,"A",.,"A",.,"A","2","D",.,"A","02","D"
"20134",2665824,10,0,"1","100","D","6","D","09","D",.,"A",.,"A",.,"A","2","D",.,"A","01","D"
"20134",2666084,40,0,"1","100","D","1","D","08","D",1000,"D",.,"A",.,"A","2","D",.,"A","05","D"
"20134",2666114,57,0,"1","100","D","2","D","10","D",.,"A",.,"A",.,"A","1","D",.,"A","01","D"
"20134",2666524,54,0,"2","100","D","6","D","08","D",.,"A",.,"A",.,"A","2","D",.,"A","02","D"
"20134",2666614,22,0,"1","100","D","2","D","08","D",.,"A",.,"A",.,"A","2","D",.,"A","01","D"
"20134",2666724,17,0,"1","110","D","2","D","09","D",.,"A",.,"A",.,"A","1","D",.,"A","01","D"
"20134",2666834,28,0,"1","100","D","4","D","10","D",.,"A",5300,"D",.,"A","2","D",.,"A","01","D"
"20134",2667144,35,0,"1","100","D","3","D","08","D",.,"A",.,"A",.,"A","2","D",.,"A","03","D"
"20134",2668024,23,0,"1","110","D","6","D","08","D",.,"A",.,"A",.,"A","2","D",.,"A","02","D"
"20134",2668164,22,0,"1","100","D",,"C","09","D",.,"A",.,"A",.,"A",,"C",.,"A","01","D"
"20134",2668164,23,0,"1","100","D",,"C","08","D",.,"A",.,"A",.,"A",,"C",.,"A","02","D"
"20134",2668184,46,0,"1","100","D","1","D","10","D",500,"D",.,"A",.,"A","2","D",.,"A","04","D"
"20134",2668924,27,0,"1","110","D","2","D","09","D",.,"A",.,"A",.,"A","1","D",14800,"F","02","D"
"20134",2669054,28,0,"1","100","D","2","D","09","D",.,"A",.,"A",.,"A","2","D",.,"A","02","D"
"20134",2669114,5,0,"2","100","D","4","D","09","D",.,"A",.,"A",50,"F","2","D",.,"A","01","D"
"20134",2669214,33,0,"1","100","D","3","D","11","D",.,"A",.,"A",.,"A","2","D",.,"A","02","D"
"20134",2669554,31,0,"1","150","D","1","D","11","D",500,"D",.,"A",.,"A","2","D",.,"A","02","D"
"20134",2669634,20,0,"2","110","D","2","D","09","D",.,"A",.,"A",.,"A","2","D",.,"A","01","D"
"20134",2669674,19,0,"1","100","D","1","D","10","D",700,"D",.,"A",.,"A","2","D",.,"A","01","D"
"20134",2669744,24,0,"1","110","D","1","D","09","D",1800,"F",.,"A",.,"A","2","D",.,"A","03","D"
"20134",2669794,33,0,"1","100","D","6","D","10","D",.,"A",.,"A",.,"A","1","D",.,"A","01","D"
"20134",2669804,55,0,"1","110","D","4","D","09","D",.,"A",4000,"D",.,"A","2","D",.,"A","03","D"
"20134",2669804,56,0,"1","100","D","6","D","09","D",.,"A",.,"A",.,"A","2","D",.,"A","06","D"
"20134",2669924,30,0,"1","120","D","3","D","10","D",.,"A",.,"A",.,"A","2","D",.,"A","04","D"
"20134",2670154,19,0,"1","100","D","6","D","10","D",.,"A",.,"A",.,"A","2","D",.,"A","01","D"
"20134",2670984,15,0,"1","100","D","2","D","10","D",.,"A",.,"A",.,"A","2","D",.,"A","01","D"
"20134",2670994,39,0,"1","110","D",,"C","10","D",.,"A",.,"A",.,"A","2","D",.,"A","03","D"
"20134",2670994,40,0,"1","110","D",,"C","10","D",.,"A",.,"A",.,"A","2","D",.,"A","07","D"
"20134",2671634,54,0,"1","180","D","6","D","10","D",.,"A",.,"A",.,"A","2","D",.,"A","04","D"
"20134",2672064,26,0,"1","120","D","2","D","10","D",.,"A",.,"A",.,"A","1","D",.,"A","04","D"
"20134",2673124,51,0,"1","110","D","2","D","11","D",.,"A",.,"A",.,"A","1","D",.,"A","01","D"
"20134",2673374,31,0,"1","150","D","6","D","10","D",.,"A",.,"A",.,"A","2","D",.,"A","03","D"
"20134",2673374,32,0,"2","110","D","1","D","09","D",4000,"D",.,"A",.,"A","1","D",3800,"D","04","D"
"20134",2673374,33,0,"1","100","D","6","D","10","D",.,"A",.,"A",.,"A","2","D",.,"A","05","D"
"20134",2673884,30,0,"1","110","D","2","D","10","D",.,"A",.,"A",.,"A","2","D",.,"A","03","D"
"20134",2674634,35,0,"1","100","D","2","D","09","D",.,"A",.,"A",.,"A","2","D",.,"A","01","D"
"20134",2674874,26,0,"1","110","D","2","D","09","D",.,"A",.,"A",.,"A","2","D",.,"A","01","D"
"20134",2675364,33,0,"2","200","D","6","D","09","D",.,"A",.,"A",.,"A","2","D",.,"A","02","D"
"20134",2675434,27,0,"1","150","D","1","D","11","D",6500,"D",.,"A",.,"A","2","D",.,"A","03","D"
"20134",2675894,31,0,"1","100","D","2","D","10","D",.,"A",.,"A",.,"A","2","D",.,"A","02","D"
"20134",2676354,12,0,"1","110","D","3","D","10","D",.,"A",.,"A",.,"A","1","D",300,"D","02","D"
"20134",2676434,20,0,"1","100","D","6","D","09","D",.,"A",.,"A",.,"A","2","D",.,"A","01","D"
"20134",2676474,68,0,"1","110","D","1","D","11","D",19000,"D",.,"A",.,"A","2","D",.,"A","02","D"
"20134",2676554,38,0,"1","110","D","1","D","11","D",600,"D",.,"A",.,"A","2","D",.,"A","03","D"
"20134",2676584,32,0,"1","100","D","6","D","10","D",.,"A",.,"A",.,"A","2","D",.,"A","03","D"
"20134",2676624,32,0,"1","100","D","2","D","09","D",.,"A",.,"A",.,"A","2","D",.,"A","01","D"
"20134",2676744,28,0,"1","100","D","2","D","11","D",.,"A",.,"A",.,"A","2","D",.,"A","01","D"
"20134",2677584,27,0,"1","110","D","2","D","11","D",.,"A",.,"A",.,"A","1","D",.,"A","01","D"
"20134",2677754,62,0,"1","100","D","2","D","10","D",.,"A",.,"A",.,"A","2","D",.,"A","02","D"
"20134",2677814,33,0,"1","110","D","3","D","09","D",.,"A",.,"A",.,"A","2","D",.,"A","03","D"
"20134",2678254,17,0,"1","100","D","2","D","09","D",.,"A",.,"A",.,"A","1","D",16000,"D","01","D"
"20134",2678374,31,0,"1","110","D","2","D","11","D",.,"A",.,"A",.,"A","2","D",.,"A","01","D"
"20134",2678604,47,0,"1","100","D","1","D","11","D",27000,"D",.,"A",.,"A","2","D",.,"A","02","D"
"20134",2678724,26,0,"1","110","D","1","D","10","D",2000,"D",.,"A",.,"A","2","D",.,"A","02","D"
"20134",2679524,19,0,"1","110","D","1","D","11","D",4000,"D",.,"A",.,"A","2","D",.,"A","01","D"
"20134",2680154,24,0,"2","100","D","1","D","09","D",1300,"D",.,"A",.,"A","2","D",.,"A","01","D"
"20134",2680283,38,0,"1","100","D","2","D","09","D",.,"A",.,"A",.,"A","2","D",.,"A","03","D"
"20134",2680673,17,0,"1","110","D","2","D","08","D",.,"A",.,"A",.,"A","2","D",.,"A","02","D"
"20134",2680733,29,0,"2","100","D","2","D","07","D",.,"A",.,"A",.,"A","2","D",.,"A","02","D"
"20134",2680763,31,0,"1","110","D","4","D","08","D",.,"A",11345,"D",.,"A","2","D",.,"A","02","D"
"20134",2681083,31,0,"1","110","D","2","D","09","D",.,"A",.,"A",.,"A","1","D",.,"A","02","D"
"20134",2681163,12,0,"1","110","D","6","D","08","D",.,"A",.,"A",.,"A","2","D",.,"A","02","D"
"20134",2681703,17,0,"1","110","D","2","D","08","D",.,"A",.,"A",.,"A","2","D",.,"A","01","D"
"20134",2681793,33,0,"1","110","D","6","D","08","D",.,"A",.,"A",.,"A","2","D",.,"A","01","D"
"20134",2682033,16,0,"1","110","D","2","D","09","D",.,"A",.,"A",.,"A","1","D",.,"A","01","D"
"20134",2682723,21,0,"1","110","D","6","D","08","D",.,"A",.,"A",.,"A","2","D",.,"A","02","D"
"20134",2683213,13,0,"1","110","D","2","D","08","D",.,"A",.,"A",.,"A","2","D",.,"A","01","D"
"20134",2683963,19,0,"1","100","D","1","D","08","D",250,"D",.,"A",.,"A","2","D",.,"A","01","D"
"20134",2684323,36,0,"1","110","D","1","D","07","D",5400,"F",.,"A",.,"A","2","D",.,"A","04","D"
"20134",2684333,39,0,"1","110","D","2","D","07","D",.,"A",.,"A",.,"A","2","D",.,"A","01","D"
"20134",2685063,34,0,"1","100","D","1","D","07","D",750,"D",.,"A",.,"A","2","D",.,"A","03","D"
"20134",2685643,38,0,"2","110","D","4","D","07","D",.,"A",.,"A",7000,"D","2","D",.,"A","01","D"
"20134",2685643,39,0,"1","180","D","3","D","08","D",.,"A",.,"A",.,"A","2","D",.,"A","06","D"
"20134",2685933,31,0,"1","110","D","1","D","07","D",2000,"F",.,"A",.,"A",,"C",.,"A","03","D"
"20134",2686263,21,0,"1","150","D","1","D","09","D",3500,"D",.,"A",.,"A","2","D",.,"A","04","D"
"20134",2686903,37,0,"1","100","D","2","D","09","D",.,"A",.,"A",.,"A","1","D",9000,"D","01","D"
"20134",2686903,38,0,"1","100","D","2","D","09","D",.,"A",.,"A",.,"A","2","D",.,"A","03","D"
"20134",2687613,38,0,"2","110","D","1","D","07","D",600,"D",.,"A",.,"A","2","D",.,"A","04","D"
"20134",2688863,34,0,"1","100","D","1","D","08","D",1500,"D",.,"A",.,"A","2","D",.,"A","02","D"
"20134",2688913,17,0,"1","100","D","6","D","07","D",.,"A",.,"A",.,"A","2","D",.,"A","01","D"
"20134",2689183,60,0,"1","100","D","4","D","08","D",.,"A",100,"D",.,"A","2","D",.,"A","04","D"
"20134",2690293,41,0,"1","100","D","2","D","07","D",.,"A",.,"A",.,"A","2","D",.,"A","01","D"
"20134",2691403,33,0,"1","110","D","1","D","08","D",50000,"D",.,"A",.,"A","2","D",.,"A","02","D"
"20134",2691783,29,0,"1","110","D","2","D","10","D",.,"A",.,"A",.,"A","2","D",.,"A","01","D"
"20134",2692003,22,0,"1","110","D","2","D","10","D",.,"A",.,"A",.,"A","2","D",.,"A","01","D"
"20134",2692903,27,0,"1","110","D","2","D","10","D",.,"A",.,"A",.,"A","2","D",.,"A","02","D"
"20134",2693133,23,0,"1","120","D","1","D","08","D",60000,"D",.,"A",.,"A","2","D",.,"A","03","D"
"20134",2693133,24,0,"1","200","D","6","D","08","D",.,"A",.,"A",.,"A","2","D",.,"A","04","D"
"20134",2693273,27,0,"1","110","D","1","D","08","D",5000,"D",.,"A",.,"A","2","D",.,"A","01","D"
"20134",2694353,66,0,"1","100","D","1","D","10","D",2500,"D",.,"A",.,"A","2","D",.,"A","01","D"
"20134",2694353,67,0,"1","100","D","1","D","10","D",225,"D",.,"A",.,"A","2","D",.,"A","03","D"
"20134",2695063,25,0,"1","110","D","4","D","10","D",.,"A",17700,"D",.,"A","2","D",.,"A","01","D"
"20134",2695623,39,0,"1","120","D","1","D","08","D",23300,"D",.,"A",.,"A","2","D",.,"A","03","D"
"20134",2696003,27,0,"1","110","D","1","D","10","D",6800,"D",.,"A",.,"A","2","D",.,"A","01","D"
"20134",2696003,28,0,"1","100","D","1","D","10","D",7500,"D",.,"A",.,"A","2","D",.,"A","03","D"
"20134",2696033,21,0,"1","110","D","1","D","08","D",6800,"F",.,"A",.,"A","2","D",.,"A","02","D"
"20134",2696505,8,0,"1","100","D","4","D","09","D",.,"A",.,"A",50,"F","2","D",.,"A","01","D"
"20134",2696973,18,0,"1","100","D","3","D","10","D",.,"A",.,"A",.,"A","2","D",.,"A","01","D"
"20134",2696983,22,0,"1","200","D","1","D","10","D",3900,"D",.,"A",.,"A","2","D",.,"A","02","D"
"20134",2697743,33,0,"2","110","D","2","D","08","D",.,"A",.,"A",.,"A","1","D",14800,"D","01","D"
"20134",2698603,38,0,"1","150","D","2","D","09","D",.,"A",.,"A",.,"A","1","D",12441,"D","02","D"
"20134",2698603,39,0,"1","150","D","1","D","10","D",2900,"D",.,"A",.,"A","2","D",.,"A","03","D"
"20134",2698945,58,0,"1","110","D","5","D","08","D",.,"A",4500,"D",.,"A","1","D",700,"D","04","D"
"20134",2699003,24,0,"1","100","D","3","D","10","D",.,"A",.,"A",.,"A","2","D",.,"A","01","D"
"20134",2699133,15,0,"1","110","D","3","D","08","D",.,"A",.,"A",.,"A","2","D",.,"A","02","D"
"20134",2699313,12,0,"1","100","D","2","D","09","D",.,"A",.,"A",.,"A","2","D",.,"A","01","D"
"20134",2699403,20,0,"1","110","D","2","D","08","D",.,"A",.,"A",.,"A","2","D",.,"A","01","D"
"20134",2699553,32,0,"1","110","D","2","D","08","D",.,"A",.,"A",.,"A","2","D",.,"A","01","D"
"20134",2699873,20,0,"1","110","D","3","D","09","D",.,"A",.,"A",.,"A","2","D",.,"A","01","D"
"20134",2700583,48,0,"1","100","D","1","D","09","D",4800,"D",.,"A",.,"A","2","D",.,"A","06","D"
"20134",2700643,52,0,"1","110","D","3","D","09","D",.,"A",.,"A",.,"A","2","D",.,"A","03","D"
"20134",2700683,41,0,"1","170","D","1","D","08","D",3000,"D",.,"A",.,"A","2","D",.,"A","05","D"
"20134",2700713,28,0,"1","110","D","6","D","09","D",.,"A",.,"A",.,"A","2","D",.,"A","01","D"
"20134",2700713,29,0,"1","160","D","1","D","09","D",1700,"D",.,"A",.,"A","2","D",.,"A","02","D"
"20134",2700713,30,0,"1","180","D","1","D","09","D",400,"D",.,"A",.,"A","2","D",.,"A","03","D"
"20134",2701333,59,0,"1","100","D","4","D","08","D",.,"A",6500,"D",.,"A","2","D",.,"A","01","D"
"20134",2701353,42,0,"1","110","D","4","D","09","D",.,"A",.,"A",.,"A","2","D",.,"A","04","D"
"20134",2701883,47,0,"2","100","D","2","D","08","D",.,"A",.,"A",.,"A","2","D",.,"A","03","D"
"20134",2702843,7,0,"1","100","D","4","D","11","D",.,"A",.,"A",.,"A","2","D",.,"A","01","D"
"20134",2703133,11,0,"1","100","D","1","D","09","D",500,"D",.,"A",.,"A","2","D",.,"A","01","D"
"20134",2703703,30,0,"2","100","D","4","D","09","D",.,"A",.,"A",50,"F","2","D",.,"A","05","D"
"20134",2704233,36,0,"2","110","D","2","D","09","D",.,"A",.,"A",.,"A","2","D",.,"A","01","D"
"20134",2704333,53,0,"1","110","D","2","D","10","D",.,"A",.,"A",.,"A","1","D",8500,"D","01","D"
"20134",2704373,40,0,"1","110","D","6","D","09","D",.,"A",.,"A",.,"A","2","D",.,"A","03","D"
"20134",2705133,55,0,"1","110","D","6","D","09","D",.,"A",.,"A",.,"A","2","D",.,"A","01","D"
"20134",2705133,56,0,"1","110","D","6","D","09","D",.,"A",.,"A",.,"A","2","D",.,"A","02","D"
"20134",2705133,57,0,"1","100","D","6","D","09","D",.,"A",.,"A",.,"A","2","D",.,"A","03","D"
"20134",2705133,58,0,"1","110","D","6","D","09","D",.,"A",.,"A",.,"A","2","D",.,"A","04","D"
"20134",2705133,59,0,"1","100","D","6","D","09","D",.,"A",.,"A",.,"A","2","D",.,"A","05","D"
"20134",2705133,60,0,"1","110","D","6","D","09","D",.,"A",.,"A",.,"A","2","D",.,"A","06","D"
"20134",2705133,61,0,"1","120","D","6","D","09","D",.,"A",.,"A",.,"A","2","D",.,"A","07","D"
"20134",2705133,62,0,"1","180","D","6","D","09","D",.,"A",.,"A",.,"A","2","D",.,"A","08","D"
"20134",2705133,63,0,"1","160","D","6","D","09","D",.,"A",.,"A",.,"A","2","D",.,"A","09","D"
"20134",2705133,64,0,"1","160","D","6","D","09","D",.,"A",.,"A",.,"A","2","D",.,"A","10","D"
"20134",2705133,65,0,"1","100","D","6","D","09","D",.,"A",.,"A",.,"A","2","D",.,"A","11","D"
"20134",2705473,13,0,"1","100","D","4","D","09","D",.,"A",.,"A",.,"A","2","D",.,"A","02","D"
"20134",2705783,14,0,"1","110","D","4","D","09","D",.,"A",.,"A",.,"A","2","D",.,"A","01","D"
"20134",2705803,28,0,"1","110","D","2","D","10","D",.,"A",.,"A",.,"A","2","D",.,"A","01","D"
"20134",2706283,47,0,"1","160","D","3","D","11","D",.,"A",.,"A",.,"A","2","D",.,"A","02","D"
"20134",2706653,42,0,"2","110","D","2","D","09","D",.,"A",.,"A",.,"A","1","D",.,"A","01","D"
"20134",2706873,30,0,"1","170","D","4","D","09","D",.,"A",.,"A",.,"A","2","D",.,"A","04","D"
"20134",2707775,15,0,"1","100","D","6","D","11","D",.,"A",.,"A",.,"A","2","D",.,"A","01","D"
"20134",2708013,29,0,"1","100","D","2","D","11","D",.,"A",.,"A",.,"A","2","D",.,"A","01","D"
"20134",2708623,38,0,"1","100","D","2","D","10","D",.,"A",.,"A",.,"A","2","D",.,"A","01","D"
"20134",2708653,37,0,"2","110","D","6","D","09","D",.,"A",.,"A",.,"A","2","D",.,"A","01","D"
"20134",2708653,38,0,"2","130","D","6","D","09","D",.,"A",.,"A",.,"A","2","D",.,"A","03","D"
"20134",2708653,39,0,"2","160","D","6","D","09","D",.,"A",.,"A",.,"A","2","D",.,"A","04","D"
"20134",2709153,26,0,"1","100","D","6","D","10","D",.,"A",.,"A",.,"A","2","D",.,"A","02","D"
"20134",2709223,25,0,"1","110","D","6","D","09","D",.,"A",.,"A",.,"A","2","D",.,"A","03","D"
"20134",2709643,22,0,"1","110","D","1","D","10","D",5000,"D",.,"A",.,"A","2","D",.,"A","03","D"
"20134",2709893,20,0,"1","100","D","2","D","11","D",.,"A",.,"A",.,"A","2","D",.,"A","01","D"
"20134",2709913,19,0,"1","100","D","2","D","10","D",.,"A",.,"A",.,"A","2","D",.,"A","02","D"
"20134",2709923,29,0,"1","100","D","6","D","09","D",.,"A",.,"A",.,"A","2","D",.,"A","01","D"
"20134",2710143,28,0,"1","100","D","4","D","10","D",.,"A",5300,"F",.,"A","2","D",.,"A","02","D"
"20134",2710383,16,0,"1","110","D","4","D","09","D",.,"A",.,"A",.,"A","2","D",.,"A","01","D"
"20134",2710713,66,0,"1","110","D","2","D","11","D",.,"A",.,"A",.,"A","2","D",.,"A","05","D"
"20134",2710865,9,0,"1","100","D","1","D","09","D",400,"D",.,"A",.,"A","2","D",.,"A","01","D"
"20134",2710903,49,0,"1","110","D","6","D","09","D",.,"A",.,"A",.,"A","2","D",.,"A","07","D"
"20134",2710903,50,0,"1","100","D","3","D","10","D",.,"A",.,"A",.,"A","2","D",.,"A","08","D"
"20134",2711353,31,0,"1","100","D",,"C","10","D",.,"A",.,"A",.,"A","2","D",.,"A","01","D"
"20134",2711353,32,0,"1","100","D",,"C","10","D",.,"A",.,"A",.,"A","2","D",.,"A","02","D"
"20134",2711563,43,0,"1","110","D","2","D","10","D",.,"A",.,"A",.,"A","2","D",.,"A","02","D"
"20134",2711563,44,0,"1","110","D","1","D","10","D",1500,"D",.,"A",.,"A","2","D",.,"A","03","D"
"20134",2712203,22,0,"1","110","D","2","D","10","D",.,"A",.,"A",.,"A","2","D",.,"A","01","D"
"20134",2712493,17,0,"1","100","D","2","D","11","D",.,"A",.,"A",.,"A","2","D",.,"A","01","D"
"20134",2712493,18,0,"1","110","D","2","D","11","D",.,"A",.,"A",.,"A","2","D",.,"A","02","D"
"20134",2712883,43,0,"2","100","D","4","D","09","D",.,"A",.,"A",.,"A","2","D",.,"A","01","D"
"20134",2712893,24,0,"1","110","D","6","D","10","D",.,"A",.,"A",.,"A","2","D",.,"A","02","D"
"20134",2712973,38,0,"1","100","D","2","D","10","D",.,"A",.,"A",.,"A","2","D",.,"A","01","D"
"20134",2713023,31,0,"1","100","D","6","D","11","D",.,"A",.,"A",.,"A","2","D",.,"A","02","D"
"20134",2713772,29,0,"1","110","D","1","D","09","D",350,"D",.,"A",.,"A","2","D",.,"A","01","D"
"20134",2714302,25,0,"1","110","D","6","D","07","D",.,"A",.,"A",.,"A","2","D",.,"A","02","D"
"20134",2714692,31,0,"1","100","D","3","D","08","D",.,"A",.,"A",.,"A","2","D",.,"A","01","D"
"20134",2714902,18,0,"2","110","D","2","D","07","D",.,"A",.,"A",.,"A","2","D",.,"A","02","D"
"20134",2715812,26,0,"1","150","D","1","D","08","D",4200,"D",.,"A",.,"A","2","D",.,"A","02","D"
"20134",2715942,42,0,"1","100","D","4","D","08","D",.,"A",.,"A",.,"A","2","D",.,"A","02","D"
"20134",2716502,26,0,"1","110","D","2","D","09","D",.,"A",.,"A",.,"A","1","D",.,"A","01","D"
"20134",2716565,12,0,"1","100","D","1","D","07","D",250,"D",.,"A",.,"A","2","D",.,"A","01","D"
"20134",2717882,22,0,"1","110","D","1","D","08","D",1000,"D",.,"A",.,"A","2","D",.,"A","05","D"
"20134",2718992,29,0,"1","100","D","1","D","08","D",3000,"D",.,"A",.,"A","2","D",.,"A","01","D"
"20134",2719832,33,0,"1","100","D","1","D","08","D",1100,"D",.,"A",.,"A","2","D",.,"A","01","D"
"20134",2719832,34,0,"1","100","D","1","D","08","D",600,"D",.,"A",.,"A","2","D",.,"A","02","D"
"20134",2719932,29,0,"1","100","D","1","D","09","D",400,"D",.,"A",.,"A","2","D",.,"A","01","D"
"20134",2720852,48,0,"1","100","D","1","D","08","D",4500,"D",.,"A",.,"A","2","D",.,"A","02","D"
"20134",2721272,37,0,"1","110","D","6","D","08","D",.,"A",.,"A",.,"A","2","D",.,"A","02","D"
"20134",2721322,12,0,"1","100","D","6","D","08","D",.,"A",.,"A",.,"A","2","D",.,"A","02","D"
"20134",2721702,14,0,"1","100","D","6","D","07","D",.,"A",.,"A",.,"A","2","D",.,"A","01","D"
"20134",2722272,55,0,"1","100","D","1","D","08","D",2700,"D",.,"A",.,"A","2","D",.,"A","01","D"
"20134",2722522,11,0,"1","110","D","2","D","09","D",.,"A",.,"A",.,"A","2","D",.,"A","01","D"
"20134",2723162,8,0,"1","100","D","1","D","09","D",250,"F",.,"A",.,"A","2","D",.,"A","01","D"
"20134",2723262,22,0,"1","110","D","4","D","09","D",.,"A",11345,"F",.,"A","2","D",.,"A","02","D"
"20134",2723782,20,0,"1","100","D","6","D","07","D",.,"A",.,"A",.,"A","2","D",.,"A","02","D"
"20134",2723892,49,0,"1","100","D","1","D","09","D",8800,"D",.,"A",.,"A","2","D",.,"A","04","D"
"20134",2724002,33,0,"1","100","D","2","D","07","D",.,"A",.,"A",.,"A","2","D",.,"A","01","D"
"20134",2724332,34,0,"1","110","D","2","D","09","D",.,"A",.,"A",.,"A","1","D",8000,"D","01","D"
"20134",2724802,34,0,"1","100","D","2","D","10","D",.,"A",.,"A",.,"A","2","D",.,"A","02","D"
"20134",2724892,33,0,"1","100","D","4","D","10","D",.,"A",2079,"D",.,"A","2","D",.,"A","01","D"
"20134",2724972,25,0,"1","110","D","2","D","08","D",.,"A",.,"A",.,"A","2","D",.,"A","02","D"
"20134",2725492,28,0,"1","100","D","1","D","10","D",1500,"D",.,"A",.,"A","2","D",.,"A","05","D"
"20134",2725572,49,0,"1","110","D","4","D","09","D",.,"A",6309,"D",.,"A","2","D",.,"A","02","D"
"20134",2726922,20,0,"1","100","D","4","D","09","D",.,"A",.,"A",.,"A","2","D",.,"A","02","D"
"20134",2727472,42,0,"1","110","D","3","D","10","D",.,"A",.,"A",.,"A","2","D",.,"A","02","D"
"20134",2727712,20,0,"1","110","D","6","D","09","D",.,"A",.,"A",.,"A","1","D",.,"A","03","D"
"20134",2727815,23,0,"1","110","D","6","D","09","D",.,"A",.,"A",.,"A","1","D",.,"A","02","D"
"20134",2728102,25,0,"1","110","D","1","D","09","D",3500,"D",.,"A",.,"A","2","D",.,"A","02","D"
"20134",2728832,28,0,"1","100","D","6","D","08","D",.,"A",.,"A",.,"A","2","D",.,"A","03","D"
"20134",2728922,13,0,"1","100","D","3","D","10","D",.,"A",.,"A",.,"A","2","D",.,"A","01","D"
"20134",2729155,23,0,"1","110","D","6","D","09","D",.,"A",.,"A",.,"A","1","D",.,"A","02","D"
"20134",2730162,32,0,"1","100","D","1","D","10","D",500,"D",.,"A",.,"A","2","D",.,"A","02","D"
"20134",2730422,43,0,"1","100","D","3","D","08","D",.,"A",.,"A",.,"A","2","D",.,"A","03","D"
"20134",2730682,27,0,"1","100","D","2","D","10","D",.,"A",.,"A",.,"A","1","D",.,"A","02","D"
"20134",2731022,40,0,"1","100","D","4","D","10","D",.,"A",1992,"D",.,"A","2","D",.,"A","01","D"
"20134",2731912,20,0,"1","100","D","6","D","10","D",.,"A",.,"A",.,"A","2","D",.,"A","02","D"
"20134",2733012,24,0,"1","100","D","1","D","08","D",200,"D",.,"A",.,"A","2","D",.,"A","03","D"
"20134",2733182,23,0,"1","110","D","3","D","10","D",.,"A",.,"A",.,"A","2","D",.,"A","01","D"
"20134",2733365,19,0,"1","110","D","3","D","09","D",.,"A",.,"A",.,"A","2","D",.,"A","02","D"
"20134",2734163,13,0,"1","100","D","1","D","08","D",2200,"D",.,"A",.,"A","2","D",.,"A","01","D"
"20134",2735082,36,0,"2","110","D","3","D","08","D",.,"A",.,"A",.,"A","2","D",.,"A","03","D"
"20134",2735332,9,0,"1","110","D","2","D","08","D",.,"A",.,"A",.,"A","2","D",.,"A","01","D"
"20134",2736762,36,0,"1","110","D","2","D","11","D",.,"A",.,"A",.,"A","2","D",.,"A","02","D"
"20134",2736992,36,0,"1","100","D","2","D","11","D",.,"A",.,"A",.,"A","2","D",.,"A","01","D"
"20134",2737042,47,0,"1","100","D","3","D","10","D",.,"A",.,"A",.,"A","2","D",.,"A","03","D"
"20134",2737142,34,0,"1","100","D","2","D","10","D",.,"A",.,"A",.,"A","2","D",.,"A","01","D"
"20134",2737252,18,0,"1","110","D","2","D","10","D",.,"A",.,"A",.,"A","1","D",.,"A","02","D"
"20134",2737452,44,0,"1","200","D","6","D","09","D",.,"A",.,"A",.,"A","2","D",.,"A","04","D"
"20134",2737572,24,0,"1","110","D","1","D","09","D",300,"D",.,"A",.,"A","2","D",.,"A","03","D"
"20134",2738272,37,0,"1","100","D","1","D","11","D",6000,"D",.,"A",.,"A","2","D",.,"A","01","D"
"20134",2738982,40,0,"1","100","D","2","D","11","D",.,"A",.,"A",.,"A","2","D",.,"A","01","D"
"20134",2738982,41,0,"1","100","D","1","D","11","D",13000,"D",.,"A",.,"A","2","D",.,"A","02","D"
"20134",2739142,22,0,"2","100","D","6","D","09","D",.,"A",.,"A",.,"A","1","D",330,"D","02","D"
"20134",2739264,26,0,"1","110","D","1","D","11","D",1700,"D",.,"A",.,"A","2","D",.,"A","01","D"
"20134",2739264,27,0,"1","100","D","2","D","11","D",.,"A",.,"A",.,"A","2","D",.,"A","02","D"
"20134",2739692,27,0,"1","100","D","2","D","09","D",.,"A",.,"A",.,"A","2","D",.,"A","01","D"
"20134",2739992,60,0,"1","100","D","3","D","10","D",.,"A",.,"A",.,"A","2","D",.,"A","04","D"
"20134",2740962,22,0,"1","110","D","4","D","10","D",.,"A",4500,"F",.,"A","2","D",.,"A","02","D"
"20134",2741182,52,0,"1","100","D","6","D","09","D",.,"A",.,"A",.,"A",,"C",.,"A","03","D"
"20134",2741182,53,0,"1","100","D","6","D","09","D",.,"A",.,"A",.,"A",,"C",.,"A","04","D"
"20134",2741492,17,0,"1","100","D","3","D","09","D",.,"A",.,"A",.,"A","2","D",.,"A","02","D"
"20134",2742132,26,0,"1","100","D","6","D","10","D",.,"A",.,"A",.,"A","2","D",.,"A","01","D"
"20134",2742182,17,0,"1","100","D","3","D","10","D",.,"A",.,"A",.,"A","2","D",.,"A","03","D"
"20134",2742212,44,0,"1","110","D","2","D","11","D",.,"A",.,"A",.,"A","1","D",9800,"F","02","D"
"20134",2742672,19,0,"1","110","D","2","D","11","D",.,"A",.,"A",.,"A","1","D",1000,"D","01","D"
"20134",2743022,19,0,"1","100","D","4","D","10","D",.,"A",7600,"D",.,"A","2","D",.,"A","01","D"
"20134",2743242,11,0,"1","100","D","3","D","11","D",.,"A",.,"A",.,"A","2","D",.,"A","02","D"
"20134",2743512,18,0,"1","100","D","2","D","11","D",.,"A",.,"A",.,"A","2","D",.,"A","02","D"
"20134",2744572,15,0,"1","110","D","1","D","11","D",300,"F",.,"A",.,"A","2","D",.,"A","01","D"
"20134",2744742,24,0,"1","110","D","2","D","10","D",.,"A",.,"A",.,"A","2","D",.,"A","01","D"
"20134",2746554,12,0,"1","110","D","6","D","09","D",.,"A",.,"A",.,"A","2","D",.,"A","01","D"
"20134",2746572,9,0,"2","110","D","4","D","09","D",.,"A",.,"A",.,"A","2","D",.,"A","02","D"
"20134",2756485,11,0,"1","110","D","1","D","09","D",500,"D",.,"A",.,"A","2","D",.,"A","03","D"
"20134",2771973,49,0,"1","100","D","1","D","10","D",3800,"D",.,"A",.,"A","1","D",3800,"D","04","D"
"20141",2647165,32,0,"2","100","D","6","D","10","D",.,"A",.,"A",.,"A","1","D",.,"A","03","D"
"20141",2647295,40,0,"2","100","D","2","D","10","D",.,"A",.,"A",.,"A","1","D",9000,"D","01","D"
"20141",2647575,20,0,"1","180","D","4","D","10","D",.,"A",.,"A",.,"A","2","D",.,"A","06","D"
"20141",2647805,28,0,"1","110","D","1","D","10","D",1500,"D",.,"A",.,"A","2","D",.,"A","01","D"
"20141",2647805,29,0,"1","110","D","2","D","10","D",.,"A",.,"A",.,"A","2","D",.,"A","03","D"
"20141",2647805,30,0,"1","200","D","2","D","10","D",.,"A",.,"A",.,"A","2","D",.,"A","05","D"
"20141",2648015,24,0,"2","110","D","2","D","10","D",.,"A",.,"A",.,"A","2","D",.,"A","01","D"
"20141",2648455,84,0,"1","110","D","2","D","12","D",.,"A",.,"A",.,"A","2","D",.,"A","02","D"
"20141",2648455,85,0,"1","110","D","2","D","12","D",.,"A",.,"A",.,"A","2","D",.,"A","03","D"
"20141",2649535,97,0,"1","110","D","2","D","11","D",.,"A",.,"A",.,"A","2","D",.,"A","03","D"
"20141",2649535,98,0,"1","110","D","2","D","12","D",.,"A",.,"A",.,"A","2","D",.,"A","04","D"
"20141",2649535,99,0,"1","110","D","1","D","10","D",20000,"D",.,"A",.,"A","2","D",.,"A","07","D"
"20141",2649745,22,0,"1","110","D","3","D","12","D",.,"A",.,"A",.,"A","2","D",.,"A","02","D"
"20141",2650245,44,0,"1","100","D","6","D","11","D",.,"A",.,"A",.,"A","2","D",.,"A","06","D"
"20141",2650735,50,0,"2","110","D","2","D","10","D",.,"A",.,"A",.,"A","2","D",.,"A","01","D"
"20141",2650735,51,0,"1","100","D","1","D","11","D",2000,"F",.,"A",.,"A","2","D",.,"A","04","D"
"20141",2651575,27,0,"1","160","D","3","D","10","D",.,"A",.,"A",.,"A","2","D",.,"A","02","D"
"20141",2651575,28,0,"1","180","D","3","D","10","D",.,"A",.,"A",.,"A","2","D",.,"A","03","D"
"20141",2651595,45,0,"1","110","D","2","D","10","D",.,"A",.,"A",.,"A","2","D",.,"A","01","D"
"20141",2651895,23,0,"1","100","D","2","D","12","D",.,"A",.,"A",.,"A","2","D",.,"A","01","D"
"20141",2652335,37,0,"1","100","D","5","D","11","D",.,"A",.,"A",.,"A","2","D",.,"A","01","D"
"20141",2653205,44,0,"1","100","D","2","D","12","D",.,"A",.,"A",.,"A","1","D",.,"A","02","D"
"20141",2653285,39,0,"2","100","D","2","D","10","D",.,"A",.,"A",.,"A","2","D",.,"A","01","D"
"20141",2653345,35,0,"2","110","D","2","D","10","D",.,"A",.,"A",.,"A","2","D",.,"A","02","D"
"20141",2653475,60,0,"2","100","D","1","D","10","D",100,"D",.,"A",.,"A","2","D",.,"A","05","D"
"20141",2653785,32,0,"1","110","D","6","D","10","D",.,"A",.,"A",.,"A","2","D",.,"A","01","D"
"20141",2653985,27,0,"2","100","D","1","D","10","D",1000,"D",.,"A",.,"A","2","D",.,"A","01","D"
"20141",2654225,23,0,"1","110","D","3","D","12","D",.,"A",.,"A",.,"A","2","D",.,"A","01","D"
"20141",2654925,10,0,"1","100","D","2","D","12","D",.,"A",.,"A",.,"A","2","D",.,"A","02","D"
"20141",2656215,45,0,"2","100","D","1","D","10","D",3000,"D",.,"A",.,"A","2","D",.,"A","01","D"
"20141",2656385,50,0,"1","110","D","2","D","10","D",.,"A",.,"A",.,"A","2","D",.,"A","01","D"
"20141",2656725,32,0,"1","110","D","1","D","12","D",5000,"D",.,"A",.,"A","2","D",.,"A","01","D"
"20141",2657345,45,0,"2","100","D","6","D","10","D",.,"A",.,"A",.,"A","2","D",.,"A","03","D"
"20141",2658415,53,0,"2","100","D","6","D","11","D",.,"A",.,"A",.,"A","2","D",.,"A","07","D"
"20141",2660505,10,0,"1","110","D","2","D","12","D",.,"A",.,"A",.,"A","2","D",.,"A","01","D"
"20141",2661165,46,0,"2","100","D","1","D","11","D",3000,"D",.,"A",.,"A","2","D",.,"A","01","D"
"20141",2661355,36,0,"1","100","D","4","D","12","D",.,"A",.,"A",.,"A","2","D",.,"A","02","D"
"20141",2661715,46,0,"1","110","D","2","D","12","D",.,"A",.,"A",.,"A","2","D",.,"A","02","D"
"20141",2661865,28,0,"1","100","D","3","D","12","D",.,"A",.,"A",.,"A","2","D",.,"A","01","D"
"20141",2662375,39,0,"1","110","D","4","D","11","D",.,"A",3500,"D",.,"A","2","D",.,"A","02","D"
"20141",2662445,37,0,"1","150","D","6","D","01","D",.,"A",.,"A",.,"A","2","D",.,"A","04","D"
"20141",2662715,30,0,"1","100","D","2","D","12","D",.,"A",.,"A",.,"A","2","D",.,"A","02","D"
"20141",2663435,29,0,"1","100","D","2","D","12","D",.,"A",.,"A",.,"A","2","D",.,"A","01","D"
"20141",2664485,22,0,"1","110","D","1","D","01","D",1,"D",.,"A",.,"A","2","D",.,"A","01","D"
"20141",2664805,27,0,"1","100","D","1","D","01","D",1300,"D",.,"A",.,"A","2","D",.,"A","03","D"
"20141",2665925,31,0,"2","110","D","6","D","11","D",.,"A",.,"A",.,"A","2","D",.,"A","03","D"
"20141",2667025,29,0,"1","100","D","1","D","01","D",15000,"D",.,"A",.,"A","2","D",.,"A","01","D"
"20141",2667335,53,0,"1","100","D","3","D","12","D",.,"A",.,"A",.,"A","2","D",.,"A","03","D"
"20141",2667515,32,0,"1","100","D","1","D","11","D",2000,"D",.,"A",.,"A","2","D",.,"A","02","D"
"20141",2667615,13,0,"1","100","D","4","D","12","D",.,"A",1200,"D",.,"A","2","D",.,"A","02","D"
"20141",2667995,37,0,"1","100","D","2","D","01","D",.,"A",.,"A",.,"A","1","D",4200,"D","01","D"
"20141",2668665,34,0,"1","110","D","4","D","12","D",.,"A",7200,"F",.,"A",,"C",.,"A","02","D"
"20141",2668785,35,0,"1","100","D","2","D","11","D",.,"A",.,"A",.,"A","2","D",.,"A","01","D"
"20141",2668835,40,0,"1","100","D","2","D","01","D",.,"A",.,"A",.,"A","2","D",.,"A","02","D"
"20141",2669215,39,0,"1","110","D","1","D","01","D",100,"D",.,"A",.,"A","2","D",.,"A","01","D"
"20141",2669425,27,0,"1","100","D","1","D","12","D",3900,"D",.,"A",.,"A","2","D",.,"A","01","D"
"20141",2669855,35,0,"1","100","D","2","D","02","D",.,"A",.,"A",.,"A","2","D",.,"A","02","D"
"20141",2669925,40,0,"2","200","D","6","D","12","D",.,"A",.,"A",.,"A","2","D",.,"A","05","D"
"20141",2669925,41,0,"2","100","D","6","D","12","D",.,"A",.,"A",.,"A","2","D",.,"A","06","D"
"20141",2669925,42,0,"2","110","D","6","D","12","D",.,"A",.,"A",.,"A","2","D",.,"A","07","D"
"20141",2670045,32,0,"1","100","D","6","D","12","D",.,"A",.,"A",.,"A","2","D",.,"A","04","D"
"20141",2670155,28,0,"1","100","D","4","D","12","D",.,"A",.,"A",.,"A","2","D",.,"A","02","D"
"20141",2670285,34,0,"1","100","D","5","D","02","D",.,"A",.,"A",.,"A","2","D",.,"A","01","D"
"20141",2670285,35,0,"1","100","D","1","D","02","D",800,"D",.,"A",.,"A","2","D",.,"A","02","D"
"20141",2670735,23,0,"1","100","D","1","D","01","D",300,"D",.,"A",.,"A","2","D",.,"A","02","D"
"20141",2670925,33,0,"1","100","D","3","D","02","D",.,"A",.,"A",.,"A","2","D",.,"A","03","D"
"20141",2670995,40,0,"1","100","D","1","D","02","D",3000,"D",.,"A",.,"A","2","D",.,"A","01","D"
"20141",2671965,15,0,"1","110","D","2","D","12","D",.,"A",.,"A",.,"A","2","D",.,"A","01","D"
"20141",2671965,16,0,"1","120","D","1","D","12","D",3500,"D",.,"A",.,"A","2","D",.,"A","03","D"
"20141",2672045,12,0,"1","110","D","4","D","02","D",.,"A",1500,"D",.,"A","2","D",.,"A","01","D"
"20141",2672355,48,0,"2","100","D","1","D","12","D",300,"D",.,"A",.,"A","2","D",.,"A","02","D"
"20141",2672415,18,0,"1","100","D","1","D","12","D",400,"D",.,"A",.,"A","2","D",.,"A","01","D"
"20141",2673175,32,0,"1","100","D","2","D","01","D",.,"A",.,"A",.,"A","1","D",.,"A","01","D"
"20141",2673195,33,0,"1","100","D","3","D","02","D",.,"A",.,"A",.,"A","1","D",.,"A","01","D"
"20141",2674185,27,0,"1","100","D","1","D","12","D",1200,"D",.,"A",.,"A","2","D",.,"A","01","D"
"20141",2674485,27,0,"1","110","D","4","D","01","D",.,"A",3000,"D",.,"A","2","D",.,"A","01","D"
"20141",2674585,33,0,"1","110","D","1","D","12","D",1000,"D",.,"A",.,"A","2","D",.,"A","02","D"
"20141",2675005,40,0,"1","110","D","2","D","12","D",.,"A",.,"A",.,"A","2","D",.,"A","02","D"
"20141",2675125,26,0,"1","100","D","6","D","02","D",.,"A",.,"A",.,"A","2","D",.,"A","03","D"
"20141",2675135,37,0,"1","100","D","4","D","01","D",.,"A",10000,"D",.,"A","1","D",10000,"D","02","D"
"20141",2675595,17,0,"1","100","D","1","D","01","D",4500,"D",.,"A",.,"A","2","D",.,"A","01","D"
"20141",2675625,11,0,"1","100","D","1","D","01","D",300,"D",.,"A",.,"A","2","D",.,"A","01","D"
"20141",2675675,27,0,"1","100","D","1","D","01","D",2000,"D",.,"A",.,"A","2","D",.,"A","03","D"
"20141",2679275,32,0,"1","110","D","2","D","01","D",.,"A",.,"A",.,"A","2","D",.,"A","01","D"
"20141",2679725,66,0,"1","100","D","4","D","01","D",.,"A",4500,"D",.,"A","2","D",.,"A","03","D"
"20141",2679755,25,0,"1","100","D","4","D","12","D",.,"A",.,"A",.,"A","2","D",.,"A","02","D"
"20141",2679825,20,0,"1","110","D","2","D","12","D",.,"A",.,"A",.,"A","2","D",.,"A","01","D"
"20141",2680364,32,0,"1","100","D","2","D","12","D",.,"A",.,"A",.,"A","2","D",.,"A","01","D"
"20141",2681154,42,0,"1","110","D","2","D","11","D",.,"A",.,"A",.,"A","1","D",9000,"F","04","D"
"20141",2681204,22,0,"1","100","D","3","D","12","D",.,"A",.,"A",.,"A","2","D",.,"A","02","D"
"20141",2681204,23,0,"1","150","D","3","D","11","D",.,"A",.,"A",.,"A","2","D",.,"A","04","D"
"20141",2681824,16,0,"1","100","D","1","D","10","D",500,"D",.,"A",.,"A","2","D",.,"A","02","D"
"20141",2682064,47,0,"2","100","D","1","D","10","D",2000,"D",.,"A",.,"A","2","D",.,"A","02","D"
"20141",2682154,46,0,"1","110","D","2","D","12","D",.,"A",.,"A",.,"A","1","D",.,"A","01","D"
"20141",2682154,47,0,"1","100","D","2","D","11","D",.,"A",.,"A",.,"A","1","D",.,"A","02","D"
"20141",2682294,41,0,"1","100","D","2","D","11","D",.,"A",.,"A",.,"A","2","D",.,"A","01","D"
"20141",2682894,51,0,"1","100","D","3","D","11","D",.,"A",.,"A",.,"A","2","D",.,"A","02","D"
"20141",2682944,32,0,"1","100","D","1","D","11","D",1500,"D",.,"A",.,"A","2","D",.,"A","03","D"
"20141",2683124,34,0,"1","110","D","3","D","12","D",.,"A",.,"A",.,"A","2","D",.,"A","01","D"
"20141",2683294,9,0,"1","100","D","4","D","11","D",.,"A",.,"A",.,"A","2","D",.,"A","01","D"
"20141",2685124,29,0,"1","100","D","1","D","11","D",800,"D",.,"A",.,"A","2","D",.,"A","02","D"
"20141",2685424,19,0,"1","100","D","2","D","10","D",.,"A",.,"A",.,"A","2","D",.,"A","01","D"
"20141",2685524,20,0,"1","100","D","2","D","12","D",.,"A",.,"A",.,"A","1","D",16000,"D","01","D"
"20141",2685684,35,0,"1","130","D","1","D","12","D",500,"D",.,"A",.,"A","2","D",.,"A","02","D"
"20141",2685914,42,0,"1","100","D","1","D","12","D",500,"D",.,"A",.,"A","2","D",.,"A","01","D"
"20141",2685944,38,0,"1","110","D","3","D","11","D",.,"A",.,"A",.,"A","2","D",.,"A","02","D"
"20141",2685974,34,0,"2","110","D","1","D","10","D",1800,"D",.,"A",.,"A","2","D",.,"A","01","D"
"20141",2685974,35,0,"1","110","D","1","D","12","D",800,"D",.,"A",.,"A","2","D",.,"A","06","D"
"20141",2686554,16,0,"1","100","D","2","D","10","D",.,"A",.,"A",.,"A","2","D",.,"A","01","D"
"20141",2686824,60,0,"1","100","D","6","D","12","D",.,"A",.,"A",.,"A","2","D",.,"A","01","D"
"20141",2686824,61,0,"1","100","D","6","D","12","D",.,"A",.,"A",.,"A","2","D",.,"A","04","D"
"20141",2686824,62,0,"1","110","D","6","D","12","D",.,"A",.,"A",.,"A","2","D",.,"A","05","D"
"20141",2686824,63,0,"1","100","D","6","D","12","D",.,"A",.,"A",.,"A","2","D",.,"A","06","D"
"20141",2687004,28,0,"1","100","D","4","D","10","D",.,"A",.,"A",.,"A","1","D",200,"D","01","D"
"20141",2687394,43,0,"2","110","D","2","D","10","D",.,"A",.,"A",.,"A","2","D",.,"A","02","D"
"20141",2687404,14,0,"1","100","D","6","D","12","D",.,"A",.,"A",.,"A","2","D",.,"A","01","D"
"20141",2687404,15,0,"1","100","D","6","D","12","D",.,"A",.,"A",.,"A","2","D",.,"A","02","D"
"20141",2687444,19,0,"1","110","D","6","D","12","D",.,"A",.,"A",.,"A","2","D",.,"A","01","D"
"20141",2687744,19,0,"1","100","D","1","D","12","D",1000,"D",.,"A",.,"A","2","D",.,"A","01","D"
"20141",2688464,44,0,"1","110","D","2","D","11","D",.,"A",.,"A",.,"A","2","D",.,"A","01","D"
"20141",2688824,25,0,"2","200","D","6","D","10","D",.,"A",.,"A",.,"A","2","D",.,"A","04","D"
"20141",2688884,43,0,"1","110","D","4","D","12","D",.,"A",6300,"D",.,"A","2","D",.,"A","01","D"
"20141",2689214,30,0,"1","110","D","2","D","12","D",.,"A",.,"A",.,"A","2","D",.,"A","01","D"
"20141",2690054,20,0,"1","110","D","4","D","12","D",.,"A",1600,"D",.,"A","2","D",.,"A","01","D"
"20141",2690084,30,0,"2","100","D","2","D","10","D",.,"A",.,"A",.,"A","2","D",.,"A","02","D"
"20141",2690584,21,0,"1","160","D","1","D","10","D",2000,"D",.,"A",.,"A","2","D",.,"A","03","D"
"20141",2690624,34,0,"1","100","D","3","D","10","D",.,"A",.,"A",.,"A","2","D",.,"A","01","D"
"20141",2690904,43,0,"2","100","D","2","D","10","D",.,"A",.,"A",.,"A","1","D",14000,"D","03","D"
"20141",2690954,39,0,"1","100","D","6","D","11","D",.,"A",.,"A",.,"A","2","D",.,"A","01","D"
"20141",2691574,17,0,"1","110","D","2","D","12","D",.,"A",.,"A",.,"A","1","D",.,"A","01","D"
"20141",2693204,22,0,"1","110","D","4","D","12","D",.,"A",7200,"D",.,"A","1","D",467,"D","01","D"
"20141",2694044,27,0,"1","110","D","1","D","12","D",4200,"D",.,"A",.,"A","2","D",.,"A","02","D"
"20141",2694504,18,0,"1","110","D","2","D","12","D",.,"A",.,"A",.,"A","2","D",.,"A","02","D"
"20141",2695064,28,0,"1","100","D",,"C","01","D",.,"A",.,"A",.,"A",,"C",.,"A","02","D"
"20141",2695374,13,0,"1","100","D","3","D","12","D",.,"A",.,"A",.,"A","2","D",.,"A","01","D"
"20141",2695584,39,0,"1","110","D","1","D","01","D",800,"D",.,"A",.,"A","2","D",.,"A","03","D"
"20141",2695654,15,0,"1","100","D","6","D","11","D",.,"A",.,"A",.,"A","2","D",.,"A","02","D"
"20141",2695814,22,0,"1","110","D","4","D","11","D",.,"A",.,"A",.,"A","1","D",.,"A","02","D"
"20141",2696004,28,0,"2","100","D","1","D","11","D",2000,"D",.,"A",.,"A","2","D",.,"A","02","D"
"20141",2696424,32,0,"1","100","D","3","D","11","D",.,"A",.,"A",.,"A",,"C",.,"A","03","D"
"20141",2696444,27,0,"1","110","D","6","D","12","D",.,"A",.,"A",.,"A","2","D",.,"A","01","D"
"20141",2697564,11,0,"1","100","D","3","D","11","D",.,"A",.,"A",.,"A","2","D",.,"A","02","D"
"20141",2697984,42,0,"1","100","D","6","D","11","D",.,"A",.,"A",.,"A","2","D",.,"A","03","D"
"20141",2698204,21,0,"1","100","D","2","D","01","D",.,"A",.,"A",.,"A","1","D",1500,"D","02","D"
"20141",2698444,35,0,"1","100","D","4","D","12","D",.,"A",5500,"D",.,"A","2","D",.,"A","02","D"
"20141",2698514,19,0,"1","100","D","1","D","12","D",500,"D",.,"A",.,"A","2","D",.,"A","02","D"
"20141",2698554,25,0,"1","100","D","1","D","01","D",400,"D",.,"A",.,"A","2","D",.,"A","02","D"
"20141",2698694,22,0,"1","110","D","1","D","11","D",1200,"D",.,"A",.,"A","2","D",.,"A","02","D"
"20141",2698694,23,0,"1","160","D","1","D","01","D",3000,"D",.,"A",.,"A","2","D",.,"A","03","D"
"20141",2698884,20,0,"1","100","D","4","D","11","D",.,"A",300,"D",.,"A","2","D",.,"A","02","D"
"20141",2699554,35,0,"1","100","D","2","D","01","D",.,"A",.,"A",.,"A","1","D",.,"A","02","D"
"20141",2699554,36,0,"1","110","D","1","D","01","D",1000,"D",.,"A",.,"A","2","D",.,"A","03","D"
"20141",2699604,19,0,"1","110","D","6","D","01","D",.,"A",.,"A",.,"A","2","D",.,"A","01","D"
"20141",2699604,20,0,"1","100","D","4","D","12","D",.,"A",.,"A",.,"A","2","D",.,"A","02","D"
"20141",2699644,26,0,"1","100","D","2","D","11","D",.,"A",.,"A",.,"A","2","D",.,"A","01","D"
"20141",2700354,50,0,"1","100","D","1","D","11","D",300,"D",.,"A",.,"A","2","D",.,"A","03","D"
"20141",2700584,52,0,"1","100","D","1","D","01","D",4500,"D",.,"A",.,"A","2","D",.,"A","05","D"
"20141",2700614,24,0,"1","100","D","3","D","01","D",.,"A",.,"A",.,"A","2","D",.,"A","01","D"
"20141",2700984,18,0,"1","100","D","1","D","01","D",800,"D",.,"A",.,"A","2","D",.,"A","01","D"
"20141",2700984,19,0,"1","110","D","1","D","12","D",10000,"D",.,"A",.,"A","2","D",.,"A","02","D"
"20141",2701394,31,0,"1","100","D","2","D","12","D",.,"A",.,"A",.,"A","2","D",.,"A","01","D"
"20141",2701394,32,0,"1","110","D","1","D","01","D",5000,"D",.,"A",.,"A","2","D",.,"A","03","D"
"20141",2701814,34,0,"2","110","D","1","D","11","D",5500,"D",.,"A",.,"A","2","D",.,"A","02","D"
"20141",2702274,29,0,"1","100","D","1","D","02","D",1250,"D",.,"A",.,"A","2","D",.,"A","01","D"
"20141",2702674,41,0,"1","100","D","2","D","01","D",.,"A",.,"A",.,"A","2","D",.,"A","04","D"
"20141",2702964,17,0,"1","100","D","2","D","12","D",.,"A",.,"A",.,"A","2","D",.,"A","01","D"
"20141",2703404,29,0,"1","100","D","1","D","12","D",8000,"D",.,"A",.,"A","2","D",.,"A","02","D"
"20141",2704374,38,0,"1","100","D","6","D","02","D",.,"A",.,"A",.,"A",,"C",.,"A","04","D"
"20141",2704464,24,0,"1","100","D","4","D","01","D",.,"A",.,"A",.,"A","1","D",.,"A","01","D"
"20141",2704484,32,0,"1","100","D","4","D","01","D",.,"A",.,"A",.,"A","2","D",.,"A","03","D"
"20141",2704784,42,0,"1","100","D","3","D","12","D",.,"A",.,"A",.,"A","2","D",.,"A","02","D"
"20141",2705134,65,0,"1","100","D","2","D","02","D",.,"A",.,"A",.,"A","2","D",.,"A","12","D"
"20141",2705364,28,0,"1","110","D","1","D","01","D",1000,"F",.,"A",.,"A","2","D",.,"A","02","D"
"20141",2706124,64,0,"1","110","D","2","D","01","D",.,"A",.,"A",.,"A","2","D",.,"A","06","D"
"20141",2706774,25,0,"2","100","D","1","D","12","D",1000,"D",.,"A",.,"A","2","D",.,"A","01","D"
"20141",2706874,80,0,"2","110","D","4","D","12","D",.,"A",.,"A",.,"A","2","D",.,"A","01","D"
"20141",2706874,81,0,"2","100","D","4","D","12","D",.,"A",.,"A",.,"A","2","D",.,"A","02","D"
"20141",2707154,31,0,"1","110","D","4","D","01","D",.,"A",.,"A",.,"A","2","D",.,"A","02","D"
"20141",2708374,14,0,"1","100","D","1","D","01","D",1300,"D",.,"A",.,"A","2","D",.,"A","01","D"
"20141",2709254,59,0,"1","100","D","3","D","01","D",.,"A",.,"A",.,"A","2","D",.,"A","01","D"
"20141",2709444,40,0,"1","110","D","1","D","02","D",1000,"D",.,"A",.,"A","2","D",.,"A","02","D"
"20141",2709564,78,0,"1","100","D","3","D","12","D",.,"A",.,"A",.,"A","2","D",.,"A","04","D"
"20141",2709734,26,0,"1","100","D","1","D","02","D",1000,"D",.,"A",.,"A","2","D",.,"A","03","D"
"20141",2709884,38,0,"1","110","D","4","D","12","D",.,"A",.,"A",.,"A","1","D",.,"A","02","D"
"20141",2709884,39,0,"1","100","D","6","D","02","D",.,"A",.,"A",.,"A","2","D",.,"A","03","D"
"20141",2709964,39,0,"1","200","D","6","D","02","D",.,"A",.,"A",.,"A","2","D",.,"A","04","D"
"20141",2710204,30,0,"1","110","D","2","D","02","D",.,"A",.,"A",.,"A","2","D",.,"A","01","D"
"20141",2710564,58,0,"1","110","D","1","D","12","D",10000,"D",.,"A",.,"A","2","D",.,"A","02","D"
"20141",2711304,24,0,"1","110","D","3","D","12","D",.,"A",.,"A",.,"A","2","D",.,"A","04","D"
"20141",2711654,54,0,"1","160","D","3","D","02","D",.,"A",.,"A",.,"A","2","D",.,"A","04","D"
"20141",2712074,35,0,"1","100","D","4","D","12","D",.,"A",8900,"D",.,"A","2","D",.,"A","01","D"
"20141",2712114,21,0,"1","110","D","1","D","01","D",1000,"D",.,"A",.,"A","2","D",.,"A","02","D"
"20141",2713245,9,0,"1","100","D","2","D","01","D",.,"A",.,"A",.,"A","2","D",.,"A","01","D"
"20141",2713793,31,0,"1","110","D","4","D","10","D",.,"A",2900,"D",.,"A","2","D",.,"A","02","D"
"20141",2714393,20,0,"1","100","D","2","D","12","D",.,"A",.,"A",.,"A","2","D",.,"A","01","D"
"20141",2714673,29,0,"1","110","D","2","D","12","D",.,"A",.,"A",.,"A","1","D",.,"A","01","D"
"20141",2714673,30,0,"1","110","D","2","D","12","D",.,"A",.,"A",.,"A","2","D",.,"A","02","D"
"20141",2714693,38,0,"2","110","D","2","D","10","D",.,"A",.,"A",.,"A","2","D",.,"A","02","D"
"20141",2715643,38,0,"1","110","D","3","D","12","D",.,"A",.,"A",.,"A","2","D",.,"A","02","D"
"20141",2715663,67,0,"1","100","D","2","D","12","D",.,"A",.,"A",.,"A","2","D",.,"A","02","D"
"20141",2715714,22,0,"1","110","D","3","D","11","D",.,"A",.,"A",.,"A","2","D",.,"A","01","D"
"20141",2715803,16,0,"1","100","D","2","D","12","D",.,"A",.,"A",.,"A","1","D",12580,"F","02","D"
"20141",2715873,19,0,"1","110","D","6","D","10","D",.,"A",.,"A",.,"A","2","D",.,"A","01","D"
"20141",2715873,20,0,"1","100","D","6","D","10","D",.,"A",.,"A",.,"A","2","D",.,"A","02","D"
"20141",2715873,21,0,"1","100","D","6","D","10","D",.,"A",.,"A",.,"A","2","D",.,"A","03","D"
"20141",2716203,21,0,"2","110","D","2","D","10","D",.,"A",.,"A",.,"A","1","D",.,"A","01","D"
"20141",2716403,25,0,"1","130","D","1","D","10","D",2000,"D",.,"A",.,"A","2","D",.,"A","03","D"
"20141",2716583,9,0,"1","110","D","2","D","11","D",.,"A",.,"A",.,"A","2","D",.,"A","03","D"
"20141",2716653,26,0,"1","140","D","1","D","10","D",500,"D",.,"A",.,"A","2","D",.,"A","04","D"
"20141",2716773,42,0,"1","100","D","3","D","10","D",.,"A",.,"A",.,"A","2","D",.,"A","04","D"
"20141",2717053,29,0,"1","100","D","1","D","10","D",400,"D",.,"A",.,"A","2","D",.,"A","01","D"
"20141",2717103,21,0,"1","110","D","4","D","10","D",.,"A",13000,"D",.,"A","2","D",.,"A","02","D"
"20141",2717753,38,0,"1","110","D","4","D","12","D",.,"A",.,"A",5100,"D","2","D",.,"A","02","D"
"20141",2717983,12,0,"1","110","D","2","D","10","D",.,"A",.,"A",.,"A","2","D",.,"A","01","D"
"20141",2718093,23,0,"1","100","D","1","D","11","D",500,"D",.,"A",.,"A","2","D",.,"A","02","D"
"20141",2718233,48,0,"1","100","D","2","D","12","D",.,"A",.,"A",.,"A","2","D",.,"A","02","D"
"20141",2718233,49,0,"1","100","D","1","D","12","D",2750,"D",.,"A",.,"A","2","D",.,"A","03","D"
"20141",2718313,25,0,"1","100","D","6","D","12","D",.,"A",.,"A",.,"A","2","D",.,"A","01","D"
"20141",2718643,49,0,"1","100","D","3","D","11","D",.,"A",.,"A",.,"A","2","D",.,"A","02","D"
"20141",2719003,43,0,"1","110","D","2","D","11","D",.,"A",.,"A",.,"A","2","D",.,"A","05","D"
"20141",2719133,26,0,"2","100","D","2","D","10","D",.,"A",.,"A",.,"A","2","D",.,"A","02","D"
"20141",2719943,24,0,"1","100","D","3","D","11","D",.,"A",.,"A",.,"A","2","D",.,"A","03","D"
"20141",2720063,32,0,"1","100","D","2","D","11","D",.,"A",.,"A",.,"A","1","D",26000,"D","01","D"
"20141",2720113,52,0,"1","100","D","2","D","10","D",.,"A",.,"A",.,"A","1","D",.,"A","01","D"
"20141",2720313,13,0,"1","100","D","2","D","12","D",.,"A",.,"A",.,"A","2","D",.,"A","03","D"
"20141",2720853,56,0,"2","110","D","1","D","10","D",20400,"D",.,"A",.,"A","2","D",.,"A","01","D"
"20141",2721303,40,0,"2","130","D","2","D","10","D",.,"A",.,"A",.,"A","2","D",.,"A","02","D"
"20141",2721303,41,0,"1","130","D","1","D","11","D",1500,"D",.,"A",.,"A","2","D",.,"A","03","D"
"20141",2721823,20,0,"1","100","D","6","D","10","D",.,"A",.,"A",.,"A","2","D",.,"A","01","D"
"20141",2721823,21,0,"1","100","D","6","D","10","D",.,"A",.,"A",.,"A","2","D",.,"A","02","D"
"20141",2722143,37,0,"1","100","D","3","D","12","D",.,"A",.,"A",.,"A","2","D",.,"A","03","D"
"20141",2722673,38,0,"1","110","D","1","D","10","D",1500,"F",.,"A",.,"A","2","D",.,"A","03","D"
"20141",2722943,14,0,"1","100","D","6","D","10","D",.,"A",.,"A",.,"A","2","D",.,"A","02","D"
"20141",2723143,20,0,"1","200","D","1","D","11","D",2200,"F",.,"A",.,"A","2","D",.,"A","03","D"
"20141",2723293,45,0,"1","200","D","3","D","10","D",.,"A",.,"A",.,"A","2","D",.,"A","04","D"
"20141",2723743,31,0,"1","110","D","3","D","11","D",.,"A",.,"A",.,"A","2","D",.,"A","02","D"
"20141",2723893,56,0,"1","100","D","1","D","12","D",1200,"D",.,"A",.,"A","2","D",.,"A","01","D"
"20141",2724433,14,0,"1","110","D","1","D","10","D",1500,"D",.,"A",.,"A","2","D",.,"A","02","D"
"20141",2725213,38,0,"2","110","D","3","D","11","D",.,"A",.,"A",.,"A","2","D",.,"A","03","D"
"20141",2725643,31,0,"1","100","D","1","D","12","D",2750,"D",.,"A",.,"A","2","D",.,"A","01","D"
"20141",2726203,24,0,"1","100","D","2","D","01","D",.,"A",.,"A",.,"A","1","D",5500,"D","02","D"
"20141",2726523,23,0,"1","100","D","4","D","12","D",.,"A",.,"A",.,"A","2","D",.,"A","01","D"
"20141",2726603,34,0,"1","100","D","2","D","12","D",.,"A",.,"A",.,"A","1","D",.,"A","01","D"
"20141",2727993,22,0,"1","110","D","4","D","01","D",.,"A",.,"A",.,"A","2","D",.,"A","01","D"
"20141",2729283,38,0,"1","100","D","2","D","01","D",.,"A",.,"A",.,"A","1","D",.,"A","01","D"
"20141",2730393,33,0,"1","110","D","6","D","12","D",.,"A",.,"A",.,"A","1","D",.,"A","01","D"
"20141",2730883,69,0,"1","100","D","2","D","01","D",.,"A",.,"A",.,"A","2","D",.,"A","01","D"
"20141",2730903,11,0,"1","110","D","6","D","01","D",.,"A",.,"A",.,"A","2","D",.,"A","01","D"
"20141",2731023,50,0,"1","110","D","6","D","01","D",.,"A",.,"A",.,"A","2","D",.,"A","03","D"
"20141",2731733,13,0,"1","110","D","6","D","11","D",.,"A",.,"A",.,"A",,"C",.,"A","01","D"
"20141",2731733,14,0,"1","110","D","6","D","12","D",.,"A",.,"A",.,"A",,"C",.,"A","02","D"
"20141",2731733,15,0,"1","110","D","6","D","01","D",.,"A",.,"A",.,"A",,"C",.,"A","03","D"
"20141",2732043,15,0,"1","100","D","1","D","12","D",2000,"D",.,"A",.,"A","2","D",.,"A","01","D"
"20141",2733124,15,0,"2","100","D","2","D","11","D",.,"A",.,"A",.,"A","2","D",.,"A","01","D"
"20141",2733293,32,0,"1","110","D","2","D","01","D",.,"A",.,"A",.,"A","2","D",.,"A","02","D"
"20141",2733443,26,0,"1","100","D","3","D","01","D",.,"A",.,"A",.,"A","2","D",.,"A","01","D"
"20141",2734183,51,0,"1","100","D","4","D","01","D",.,"A",4600,"D",.,"A","2","D",.,"A","01","D"
"20141",2734443,16,0,"1","110","D","4","D","12","D",.,"A",.,"A",.,"A","2","D",.,"A","01","D"
"20141",2734593,14,0,"1","110","D","6","D","11","D",.,"A",.,"A",.,"A","2","D",.,"A","02","D"
"20141",2734673,35,0,"1","100","D","2","D","11","D",.,"A",.,"A",.,"A","1","D",10000,"D","02","D"
"20141",2734953,19,0,"1","110","D","2","D","01","D",.,"A",.,"A",.,"A","2","D",.,"A","01","D"
"20141",2734983,33,0,"1","160","D","1","D","11","D",4000,"D",.,"A",.,"A","2","D",.,"A","05","D"
"20141",2735373,46,0,"1","110","D","2","D","11","D",.,"A",.,"A",.,"A","2","D",.,"A","02","D"
"20141",2736003,36,0,"1","110","D","2","D","01","D",.,"A",.,"A",.,"A","1","D",.,"A","02","D"
"20141",2736303,12,0,"1","100","D","3","D","12","D",.,"A",.,"A",.,"A","2","D",.,"A","02","D"
"20141",2736823,33,0,"1","110","D","1","D","02","D",11000,"D",.,"A",.,"A","2","D",.,"A","03","D"
"20141",2738063,35,0,"1","100","D","2","D","01","D",.,"A",.,"A",.,"A","2","D",.,"A","02","D"
"20141",2738103,20,0,"1","110","D","1","D","02","D",2014,"D",.,"A",.,"A","1","D",686,"D","03","D"
"20141",2738463,38,0,"1","110","D","2","D","02","D",.,"A",.,"A",.,"A","2","D",.,"A","02","D"
"20141",2738483,42,0,"1","110","D","2","D","01","D",.,"A",.,"A",.,"A","1","D",.,"A","01","D"
"20141",2738483,43,0,"1","110","D","2","D","01","D",.,"A",.,"A",.,"A","2","D",.,"A","02","D"
"20141",2739073,28,0,"1","100","D","2","D","12","D",.,"A",.,"A",.,"A","2","D",.,"A","01","D"
"20141",2739223,36,0,"1","100","D","2","D","01","D",.,"A",.,"A",.,"A","1","D",31000,"D","03","D"
"20141",2739563,25,0,"1","110","D","2","D","02","D",.,"A",.,"A",.,"A","1","D",.,"A","02","D"
"20141",2739783,59,0,"1","100","D","2","D","02","D",.,"A",.,"A",.,"A","2","D",.,"A","03","D"
"20141",2739823,76,0,"2","110","D","2","D","12","D",.,"A",.,"A",.,"A","2","D",.,"A","04","D"
"20141",2739993,71,0,"1","110","D","2","D","12","D",.,"A",.,"A",.,"A","2","D",.,"A","01","D"
"20141",2740313,19,0,"2","100","D","1","D","12","D",1700,"D",.,"A",.,"A","2","D",.,"A","02","D"
"20141",2740463,31,0,"1","150","D","1","D","02","D",800,"F",.,"A",.,"A","2","D",.,"A","03","D"
"20141",2740583,33,0,"1","100","D","2","D","12","D",.,"A",.,"A",.,"A","1","D",12530,"D","01","D"
"20141",2741413,13,0,"1","100","D","2","D","02","D",.,"A",.,"A",.,"A","1","D",25000,"D","01","D"
"20141",2741553,8,0,"1","110","D","2","D","01","D",.,"A",.,"A",.,"A","2","D",.,"A","02","D"
"20141",2741803,37,0,"1","100","D","1","D","12","D",7500,"D",.,"A",.,"A","2","D",.,"A","01","D"
"20141",2742473,13,0,"1","100","D","3","D","12","D",.,"A",.,"A",.,"A","2","D",.,"A","01","D"
"20141",2743243,15,0,"1","100","D","2","D","02","D",.,"A",.,"A",.,"A","1","D",12580,"D","01","D"
"20141",2744385,30,0,"1","150","D","1","D","12","D",800,"D",.,"A",.,"A","2","D",.,"A","04","D"
"20141",2744913,54,0,"1","100","D","2","D","12","D",.,"A",.,"A",.,"A","2","D",.,"A","03","D"
"20141",2744993,24,0,"1","110","D","2","D","02","D",.,"A",.,"A",.,"A","2","D",.,"A","01","D"
"20141",2745303,8,0,"1","100","D","6","D","02","D",.,"A",.,"A",.,"A","1","D",.,"A","01","D"
"20141",2746013,28,0,"1","100","D","6","D","12","D",.,"A",.,"A",.,"A","2","D",.,"A","04","D"
"20141",2746453,21,0,"1","110","D","2","D","12","D",.,"A",.,"A",.,"A","2","D",.,"A","01","D"
"20141",2747755,27,0,"1","110","D","2","D","11","D",.,"A",.,"A",.,"A","2","D",.,"A","01","D"
"20141",2748022,41,0,"1","100","D","2","D","12","D",.,"A",.,"A",.,"A","1","D",.,"A","01","D"
"20141",2748132,20,0,"1","100","D","4","D","11","D",.,"A",.,"A",.,"A","2","D",.,"A","02","D"
"20141",2748402,55,0,"1","110","D","2","D","11","D",.,"A",.,"A",.,"A","2","D",.,"A","01","D"
"20141",2748512,10,0,"1","100","D","1","D","10","D",1200,"D",.,"A",.,"A","2","D",.,"A","01","D"
"20141",2748632,24,0,"1","110","D","6","D","12","D",.,"A",.,"A",.,"A","2","D",.,"A","02","D"
"20141",2749282,26,0,"1","100","D","2","D","12","D",.,"A",.,"A",.,"A","2","D",.,"A","01","D"
"20141",2750192,38,0,"1","110","D","3","D","12","D",.,"A",.,"A",.,"A","2","D",.,"A","03","D"
"20141",2750832,18,0,"1","110","D","1","D","12","D",12000,"D",.,"A",.,"A","1","D",467,"F","02","D"
"20141",2751302,29,0,"1","110","D","1","D","12","D",1500,"D",.,"A",.,"A","2","D",.,"A","01","D"
"20141",2752272,37,0,"1","100","D","1","D","11","D",1500,"D",.,"A",.,"A","2","D",.,"A","01","D"
"20141",2752303,48,0,"1","100","D","2","D","10","D",.,"A",.,"A",.,"A","2","D",.,"A","01","D"
"20141",2752303,49,0,"1","100","D","2","D","10","D",.,"A",.,"A",.,"A","2","D",.,"A","02","D"
"20141",2752303,50,0,"1","100","D","2","D","10","D",.,"A",.,"A",.,"A","2","D",.,"A","03","D"
"20141",2752303,51,0,"1","100","D","2","D","10","D",.,"A",.,"A",.,"A","2","D",.,"A","04","D"
"20141",2752522,20,0,"1","110","D","2","D","11","D",.,"A",.,"A",.,"A","2","D",.,"A","01","D"
"20141",2752842,17,0,"1","100","D","4","D","12","D",.,"A",300,"D",.,"A","2","D",.,"A","01","D"
"20141",2753272,11,0,"1","100","D","3","D","11","D",.,"A",.,"A",.,"A","2","D",.,"A","01","D"
"20141",2753442,9,0,"1","110","D","6","D","10","D",.,"A",.,"A",.,"A",,"C",.,"A","01","D"
"20141",2754072,43,0,"1","110","D","6","D","12","D",.,"A",.,"A",.,"A","2","D",.,"A","05","D"
"20141",2754652,57,0,"1","100","D","3","D","11","D",.,"A",.,"A",.,"A","2","D",.,"A","02","D"
"20141",2755032,19,0,"1","110","D","4","D","10","D",.,"A",5500,"D",.,"A","2","D",.,"A","02","D"
"20141",2756442,49,0,"1","100","D","2","D","12","D",.,"A",.,"A",.,"A","2","D",.,"A","05","D"
"20141",2756852,85,0,"1","100","D","1","D","12","D",1600,"D",.,"A",.,"A","2","D",.,"A","01","D"
"20141",2757012,31,0,"1","100","D","1","D","12","D",1300,"F",.,"A",.,"A","2","D",.,"A","02","D"
"20141",2757182,41,0,"1","110","D","3","D","11","D",.,"A",.,"A",.,"A","2","D",.,"A","02","D"
"20141",2758182,21,0,"1","110","D","2","D","11","D",.,"A",.,"A",.,"A","1","D",10000,"D","01","D"
"20141",2758252,33,0,"1","100","D","2","D","12","D",.,"A",.,"A",.,"A","2","D",.,"A","02","D"
"20141",2758272,27,0,"1","110","D","2","D","11","D",.,"A",.,"A",.,"A","1","D",9000,"D","01","D"
"20141",2758992,27,0,"1","100","D","2","D","11","D",.,"A",.,"A",.,"A","1","D",.,"A","03","D"
"20141",2759152,28,0,"1","110","D","1","D","12","D",1200,"D",.,"A",.,"A","2","D",.,"A","01","D"
"20141",2759222,13,0,"1","110","D","2","D","01","D",.,"A",.,"A",.,"A","2","D",.,"A","01","D"
"20141",2760032,44,0,"1","200","D","1","D","12","D",2200,"D",.,"A",.,"A","2","D",.,"A","02","D"
"20141",2760842,22,0,"1","100","D","4","D","12","D",.,"A",.,"A",.,"A","2","D",.,"A","02","D"
"20141",2760922,16,0,"1","100","D","6","D","01","D",.,"A",.,"A",.,"A",,"C",.,"A","01","D"
"20141",2760922,17,0,"1","100","D","6","D","01","D",.,"A",.,"A",.,"A",,"C",.,"A","02","D"
"20141",2761165,29,0,"1","100","D","6","D","11","D",.,"A",.,"A",.,"A","1","D",.,"A","01","D"
"20141",2761415,18,0,"1","100","D","4","D","12","D",.,"A",.,"A",.,"A","2","D",.,"A","02","D"
"20141",2761562,17,0,"1","100","D","6","D","01","D",.,"A",.,"A",.,"A","2","D",.,"A","01","D"
"20141",2761682,15,0,"1","110","D","2","D","01","D",.,"A",.,"A",.,"A","2","D",.,"A","01","D"
"20141",2761722,20,0,"1","100","D","4","D","12","D",.,"A",1008,"D",.,"A","2","D",.,"A","01","D"
"20141",2761872,36,0,"1","110","D","2","D","01","D",.,"A",.,"A",.,"A","2","D",.,"A","02","D"
"20141",2764212,39,0,"1","100","D","6","D","12","D",.,"A",.,"A",.,"A","2","D",.,"A","02","D"
"20141",2764512,52,0,"1","100","D","6","D","11","D",.,"A",.,"A",.,"A","2","D",.,"A","06","D"
"20141",2764662,26,0,"1","140","D","3","D","11","D",.,"A",.,"A",.,"A","2","D",.,"A","03","D"
"20141",2764822,33,0,"1","150","D","3","D","12","D",.,"A",.,"A",.,"A","2","D",.,"A","03","D"
"20141",2765342,32,0,"1","110","D","1","D","01","D",10000,"D",.,"A",.,"A","2","D",.,"A","01","D"
"20141",2766455,11,0,"1","100","D","2","D","01","D",.,"A",.,"A",.,"A","2","D",.,"A","01","D"
"20141",2767392,27,0,"1","110","D","2","D","01","D",.,"A",.,"A",.,"A","2","D",.,"A","01","D"
"20141",2767612,28,0,"1","100","D","1","D","12","D",600,"D",.,"A",.,"A","2","D",.,"A","01","D"
"20141",2767612,29,0,"1","100","D","1","D","11","D",3000,"F",.,"A",.,"A","2","D",.,"A","03","D"
"20141",2767772,27,0,"1","100","D","3","D","11","D",.,"A",.,"A",.,"A","2","D",.,"A","01","D"
"20141",2769592,13,0,"1","100","D","1","D","11","D",200,"F",.,"A",.,"A","2","D",.,"A","02","D"
"20141",2769592,14,0,"1","100","D","6","D","11","D",.,"A",.,"A",.,"A","2","D",.,"A","03","D"
"20141",2769702,32,0,"1","100","D","2","D","12","D",.,"A",.,"A",.,"A","2","D",.,"A","02","D"
"20141",2771202,21,0,"1","110","D","2","D","01","D",.,"A",.,"A",.,"A","2","D",.,"A","02","D"
"20141",2771592,20,0,"1","100","D","1","D","01","D",5300,"D",.,"A",.,"A","1","D",3500,"D","01","D"
"20141",2771592,21,0,"1","100","D","6","D","01","D",.,"A",.,"A",.,"A","1","D",.,"A","02","D"
"20141",2772012,32,0,"1","110","D","2","D","02","D",.,"A",.,"A",.,"A","2","D",.,"A","01","D"
"20141",2772912,36,0,"1","110","D","6","D","12","D",.,"A",.,"A",.,"A","2","D",.,"A","02","D"
"20141",2772962,77,0,"1","110","D","4","D","02","D",.,"A",500,"D",.,"A","2","D",.,"A","02","D"
"20141",2773222,27,0,"1","100","D","2","D","01","D",.,"A",.,"A",.,"A","2","D",.,"A","03","D"
"20141",2773702,23,0,"1","110","D","4","D","01","D",.,"A",.,"A",.,"A","2","D",.,"A","03","D"
"20141",2774362,16,0,"1","110","D","1","D","02","D",700,"D",.,"A",.,"A","2","D",.,"A","01","D"
"20141",2774542,17,0,"1","110","D","2","D","02","D",.,"A",.,"A",.,"A","2","D",.,"A","02","D"
"20141",2774752,27,0,"1","150","D","3","D","12","D",.,"A",.,"A",.,"A","2","D",.,"A","03","D"
"20141",2774842,25,0,"1","110","D","1","D","12","D",1000,"D",.,"A",.,"A","2","D",.,"A","02","D"
"20141",2775432,28,0,"1","100","D","2","D","01","D",.,"A",.,"A",.,"A","2","D",.,"A","01","D"
"20141",2775672,54,0,"1","100","D","4","D","01","D",.,"A",9200,"D",.,"A","2","D",.,"A","01","D"
"20141",2775702,24,0,"1","110","D","3","D","01","D",.,"A",.,"A",.,"A","2","D",.,"A","02","D"
"20141",2775702,25,0,"1","110","D","3","D","01","D",.,"A",.,"A",.,"A","2","D",.,"A","03","D"
"20141",2775902,40,0,"1","110","D","1","D","12","D",1,"D",.,"A",.,"A","2","D",.,"A","01","D"
"20141",2776582,20,0,"1","100","D","1","D","02","D",200,"D",.,"A",.,"A","2","D",.,"A","01","D"
"20141",2776582,21,0,"1","120","D","2","D","02","D",.,"A",.,"A",.,"A","2","D",.,"A","02","D"
"20141",2776862,15,0,"1","100","D","6","D","12","D",.,"A",.,"A",.,"A","1","D",.,"A","01","D"
"20141",2777082,14,0,"1","100","D","4","D","12","D",.,"A",.,"A",375,"D","2","D",.,"A","01","D"
"20141",2777532,48,0,"1","100","D","1","D","01","D",9000,"D",.,"A",.,"A","2","D",.,"A","02","D"
"20141",2777862,48,0,"1","100","D","2","D","01","D",.,"A",.,"A",.,"A","2","D",.,"A","02","D"
"20141",2778772,45,0,"1","110","D","4","D","01","D",.,"A",10000,"D",.,"A","2","D",.,"A","03","D"
"20141",2778892,31,0,"1","100","D","6","D","02","D",.,"A",.,"A",.,"A","2","D",.,"A","01","D"
"20141",2778892,32,0,"1","110","D","6","D","02","D",.,"A",.,"A",.,"A","2","D",.,"A","03","D"
"20141",2778912,28,0,"1","110","D","4","D","02","D",.,"A",6784,"D",.,"A","2","D",.,"A","01","D"
"20141",2779094,5,0,"1","100","D","3","D","12","D",.,"A",.,"A",.,"A","2","D",.,"A","01","D"
"20141",2779192,25,0,"1","100","D","3","D","02","D",.,"A",.,"A",.,"A","2","D",.,"A","02","D"
"20141",2779362,15,0,"1","100","D","3","D","01","D",.,"A",.,"A",.,"A","2","D",.,"A","02","D"
"20141",2779752,35,0,"1","100","D","2","D","12","D",.,"A",.,"A",.,"A","2","D",.,"A","02","D"
"20141",2783654,28,0,"1","110","D","2","D","11","D",.,"A",.,"A",.,"A","1","D",.,"A","03","D"
"20141",2785163,74,0,"1","140","D","6","D","12","D",.,"A",.,"A",.,"A","2","D",.,"A","03","D"
"20141",2798904,21,0,"1","110","D","2","D","12","D",.,"A",.,"A",.,"A","1","D",5000,"D","02","D"
