"QYEAR","NEWID","SEQNO","ALCNO","REC_ORIG","NUMNONCU","NUMN_NCU","TRNONCUX","TRNO_CUX","TRNONCUY","TRNO_CUY"
"20131",2512335,39,0,"1",1,"D",.,"H",,"A"
"20131",2512335,39,1,"1",.,"A",29,"E","120","D"
"20131",2512335,39,2,"1",.,"A",3,"E","140","D"
"20131",2512335,39,3,"1",.,"A",148,"E","150","D"
"20131",2512335,39,4,"1",.,"A",28,"E","160","D"
"20131",2512335,39,5,"1",.,"A",25,"E","170","D"
"20131",2512335,39,6,"1",.,"A",17,"E","190","D"
"20131",2512375,68,0,"1",1,"D",.,"H",,"A"
"20131",2512375,68,1,"1",.,"A",46,"E","100","D"
"20131",2512375,68,2,"1",.,"A",17,"E","110","D"
"20131",2512375,68,3,"1",.,"A",32,"E","120","D"
"20131",2512375,68,4,"1",.,"A",8,"E","140","D"
"20131",2512375,68,5,"1",.,"A",217,"E","150","D"
"20131",2512375,68,6,"1",.,"A",22,"E","160","D"
"20131",2512375,68,7,"1",.,"A",14,"E","170","D"
"20131",2512375,68,8,"1",.,"A",17,"E","180","D"
"20131",2512375,68,9,"1",.,"A",27,"E","190","D"
"20131",2513235,56,0,"1",1,"D",.,"H",,"A"
"20131",2513235,56,1,"1",.,"A",60,"E","100","D"
"20131",2513235,56,2,"1",.,"A",15,"E","110","D"
"20131",2513235,56,3,"1",.,"A",24,"E","120","D"
"20131",2513235,56,4,"1",.,"A",4,"E","140","D"
"20131",2513235,56,5,"1",.,"A",179,"E","150","D"
"20131",2513235,56,6,"1",.,"A",20,"E","160","D"
"20131",2513235,56,7,"1",.,"A",22,"E","170","D"
"20131",2513235,56,8,"1",.,"A",653,"E","180","D"
"20131",2513235,56,9,"1",.,"A",23,"E","190","D"
"20131",2514835,37,0,"1",1,"D",.,"H",,"A"
"20131",2514835,37,1,"1",.,"A",169,"E","100","D"
"20131",2514835,37,2,"1",.,"A",55,"E","110","D"
"20131",2514835,37,3,"1",.,"A",106,"E","120","D"
"20131",2514835,37,4,"1",.,"A",379,"E","130","D"
"20131",2514835,37,5,"1",.,"A",14,"E","140","D"
"20131",2514835,37,6,"1",.,"A",593,"E","150","D"
"20131",2514835,37,7,"1",.,"A",113,"E","160","D"
"20131",2514835,37,8,"1",.,"A",101,"E","170","D"
"20131",2514835,37,9,"1",.,"A",70,"E","190","D"
"20131",2520095,49,0,"1",1,"D",.,"H",,"A"
"20131",2520095,49,1,"1",.,"A",51,"E","120","D"
"20131",2520095,49,2,"1",.,"A",7,"E","140","D"
"20131",2520095,49,3,"1",.,"A",287,"E","150","D"
"20131",2520095,49,4,"1",.,"A",54,"E","160","D"
"20131",2520095,49,5,"1",.,"A",48,"E","170","D"
"20131",2520095,49,6,"1",.,"A",33,"E","190","D"
"20131",2522105,52,0,"1",1,"D",.,"H",,"A"
"20131",2522105,52,1,"1",.,"A",220,"E","100","D"
"20131",2522105,52,2,"1",.,"A",85,"E","110","D"
"20131",2522105,52,3,"1",.,"A",153,"E","120","D"
"20131",2522105,52,4,"1",.,"A",508,"E","130","D"
"20131",2522105,52,5,"1",.,"A",28,"E","140","D"
"20131",2522105,52,6,"1",.,"A",1037,"E","150","D"
"20131",2522105,52,7,"1",.,"A",106,"E","160","D"
"20131",2522105,52,8,"1",.,"A",68,"E","170","D"
"20131",2522105,52,9,"1",.,"A",84,"E","180","D"
"20131",2522105,52,10,"1",.,"A",129,"E","190","D"
"20131",2522105,52,11,"1",.,"A",221,"E","200","D"
"20131",2522105,52,12,"1",.,"A",186,"E","210","D"
"20131",2522105,52,13,"1",.,"A",225,"E","220","D"
"20131",2522815,42,0,"1",1,"D",.,"H",,"A"
"20131",2522815,42,1,"1",.,"A",14,"E","120","D"
"20131",2522815,42,2,"1",.,"A",3,"E","140","D"
"20131",2522815,42,3,"1",.,"A",99,"E","150","D"
"20131",2522815,42,4,"1",.,"A",9,"E","160","D"
"20131",2522815,42,5,"1",.,"A",11,"E","170","D"
"20131",2522815,42,6,"1",.,"A",174,"E","180","D"
"20131",2522815,42,7,"1",.,"A",3,"E","190","D"
"20131",2522815,42,8,"1",.,"A",44,"E","200","D"
"20131",2522815,42,9,"1",.,"A",81,"E","210","D"
"20131",2522815,42,10,"1",.,"A",12,"E","220","D"
"20131",2523155,88,0,"1",1,"D",.,"H",,"A"
"20131",2523155,88,1,"1",.,"A",34,"E","120","D"
"20131",2523155,88,2,"1",.,"A",5,"E","140","D"
"20131",2523155,88,3,"1",.,"A",232,"E","150","D"
"20131",2523155,88,4,"1",.,"A",26,"E","160","D"
"20131",2523155,88,5,"1",.,"A",29,"E","170","D"
"20131",2523155,88,6,"1",.,"A",846,"E","180","D"
"20131",2523155,88,7,"1",.,"A",30,"E","190","D"
"20131",2524505,29,0,"1",1,"D",.,"H",,"A"
"20131",2524505,29,1,"1",.,"A",205,"E","100","D"
"20131",2524505,29,2,"1",.,"A",58,"E","110","D"
"20131",2524505,29,3,"1",.,"A",437,"E","130","D"
"20131",2527495,59,0,"1",2,"D",.,"H",,"A"
"20131",2527495,59,1,"1",.,"A",88,"E","120","D"
"20131",2527495,59,2,"1",.,"A",11,"E","140","D"
"20131",2527495,59,3,"1",.,"A",474,"E","150","D"
"20131",2527495,59,4,"1",.,"A",90,"E","160","D"
"20131",2527495,59,5,"1",.,"A",81,"E","170","D"
"20131",2527495,59,6,"1",.,"A",56,"E","190","D"
"20131",2528265,50,0,"1",1,"D",.,"H",,"A"
"20131",2528265,50,1,"1",.,"A",20,"E","120","D"
"20131",2528265,50,2,"1",.,"A",5,"E","140","D"
"20131",2528265,50,3,"1",.,"A",104,"E","150","D"
"20131",2528265,50,4,"1",.,"A",19,"E","160","D"
"20131",2528265,50,5,"1",.,"A",14,"E","170","D"
"20131",2528265,50,6,"1",.,"A",29,"E","180","D"
"20131",2528265,50,7,"1",.,"A",9,"E","190","D"
"20131",2528305,74,0,"1",2,"D",.,"H",,"A"
"20131",2528305,74,1,"1",.,"A",37,"E","120","D"
"20131",2528305,74,2,"1",.,"A",5,"E","140","D"
"20131",2528305,74,3,"1",.,"A",210,"E","150","D"
"20131",2528305,74,4,"1",.,"A",39,"E","160","D"
"20131",2528305,74,5,"1",.,"A",35,"E","170","D"
"20131",2528305,74,6,"1",.,"A",24,"E","190","D"
"20131",2528895,44,0,"1",1,"D",.,"H",,"A"
"20131",2528895,44,1,"1",.,"A",14,"E","120","D"
"20131",2528895,44,2,"1",.,"A",1,"E","140","D"
"20131",2528895,44,3,"1",.,"A",77,"E","150","D"
"20131",2528895,44,4,"1",.,"A",8,"E","160","D"
"20131",2528895,44,5,"1",.,"A",9,"E","170","D"
"20131",2528895,44,6,"1",.,"A",281,"E","180","D"
"20131",2528895,44,7,"1",.,"A",10,"E","190","D"
"20131",2530665,41,0,"1",1,"D",.,"H",,"A"
"20131",2530665,41,1,"1",.,"A",40,"E","120","D"
"20131",2530665,41,2,"1",.,"A",5,"E","140","D"
"20131",2530665,41,3,"1",.,"A",253,"E","150","D"
"20131",2530665,41,4,"1",.,"A",26,"E","160","D"
"20131",2530665,41,5,"1",.,"A",16,"E","170","D"
"20131",2530665,41,6,"1",.,"A",20,"E","180","D"
"20131",2530665,41,7,"1",.,"A",31,"E","190","D"
"20131",2530895,54,0,"1",1,"D",.,"H",,"A"
"20131",2530895,54,1,"1",.,"A",15,"E","100","D"
"20131",2530895,54,2,"1",.,"A",4,"E","110","D"
"20131",2530895,54,3,"1",.,"A",6,"E","120","D"
"20131",2530895,54,4,"1",.,"A",25,"E","130","D"
"20131",2530895,54,5,"1",.,"A",1,"E","140","D"
"20131",2530895,54,6,"1",.,"A",53,"E","150","D"
"20131",2530895,54,7,"1",.,"A",5,"E","160","D"
"20131",2530895,54,8,"1",.,"A",6,"E","170","D"
"20131",2530895,54,9,"1",.,"A",179,"E","180","D"
"20131",2530895,54,10,"1",.,"A",6,"E","190","D"
"20131",2535945,77,0,"1",1,"D",.,"H",,"A"
"20131",2535945,77,1,"1",.,"A",60,"E","120","D"
"20131",2535945,77,2,"1",.,"A",5,"E","140","D"
"20131",2535945,77,3,"1",.,"A",287,"E","150","D"
"20131",2535945,77,4,"1",.,"A",52,"E","160","D"
"20131",2535945,77,5,"1",.,"A",39,"E","170","D"
"20131",2535945,77,6,"1",.,"A",81,"E","180","D"
"20131",2535945,77,7,"1",.,"A",26,"E","190","D"
"20131",2537965,69,0,"1",1,"D",.,"H",,"A"
"20131",2537965,69,1,"1",.,"A",148,"E","120","D"
"20131",2537965,69,2,"1",.,"A",14,"E","140","D"
"20131",2537965,69,3,"1",.,"A",731,"E","150","D"
"20131",2537965,69,4,"1",.,"A",134,"E","160","D"
"20131",2537965,69,5,"1",.,"A",99,"E","170","D"
"20131",2537965,69,6,"1",.,"A",207,"E","180","D"
"20131",2537965,69,7,"1",.,"A",67,"E","190","D"
"20131",2538495,81,0,"1",1,"D",.,"H",,"A"
"20131",2538495,81,1,"1",.,"A",53,"E","100","D"
"20131",2538495,81,2,"1",.,"A",16,"E","110","D"
"20131",2538495,81,3,"1",.,"A",30,"E","120","D"
"20131",2538495,81,4,"1",.,"A",4,"E","140","D"
"20131",2538495,81,5,"1",.,"A",171,"E","150","D"
"20131",2538495,81,6,"1",.,"A",32,"E","160","D"
"20131",2538495,81,7,"1",.,"A",29,"E","170","D"
"20131",2538495,81,8,"1",.,"A",20,"E","190","D"
"20131",2538495,81,9,"1",.,"A",27,"E","200","D"
"20131",2538495,81,10,"1",.,"A",44,"E","210","D"
"20131",2538495,81,11,"1",.,"A",74,"E","220","D"
"20131",2540065,56,0,"1",1,"D",.,"H",,"A"
"20131",2540065,56,1,"1",.,"A",34,"E","120","D"
"20131",2540065,56,2,"1",.,"A",3,"E","140","D"
"20131",2540065,56,3,"1",.,"A",156,"E","150","D"
"20131",2540065,56,4,"1",.,"A",28,"E","160","D"
"20131",2540065,56,5,"1",.,"A",21,"E","170","D"
"20131",2540065,56,6,"1",.,"A",44,"E","180","D"
"20131",2540065,56,7,"1",.,"A",14,"E","190","D"
"20131",2541565,29,0,"1",1,"D",.,"H",,"A"
"20131",2541565,29,1,"1",.,"A",18,"E","120","D"
"20131",2541565,29,2,"1",.,"A",2,"E","140","D"
"20131",2541565,29,3,"1",.,"A",93,"E","150","D"
"20131",2541565,29,4,"1",.,"A",9,"E","160","D"
"20131",2541565,29,5,"1",.,"A",10,"E","170","D"
"20131",2541565,29,6,"1",.,"A",165,"E","180","D"
"20131",2541565,29,7,"1",.,"A",3,"E","190","D"
"20131",2543245,36,0,"1",2,"D",.,"H",,"A"
"20131",2543245,36,1,"1",.,"A",187,"E","200","D"
"20131",2543245,36,2,"1",.,"A",303,"E","210","D"
"20131",2543245,36,3,"1",.,"A",510,"E","220","D"
"20131",2544155,59,0,"1",1,"D",.,"H",,"A"
"20131",2544155,59,1,"1",.,"A",27,"E","120","D"
"20131",2544155,59,2,"1",.,"A",3,"E","140","D"
"20131",2544155,59,3,"1",.,"A",161,"E","150","D"
"20131",2544155,59,4,"1",.,"A",16,"E","160","D"
"20131",2544155,59,5,"1",.,"A",10,"E","170","D"
"20131",2544155,59,6,"1",.,"A",13,"E","180","D"
"20131",2544155,59,7,"1",.,"A",20,"E","190","D"
"20131",2544705,39,0,"1",1,"D",.,"H",,"A"
"20131",2544705,39,1,"1",.,"A",18,"E","100","D"
"20131",2544705,39,2,"1",.,"A",5,"E","110","D"
"20131",2544705,39,3,"1",.,"A",8,"E","120","D"
"20131",2544705,39,4,"1",.,"A",37,"E","130","D"
"20131",2544705,39,5,"1",.,"A",1,"E","140","D"
"20131",2544705,39,6,"1",.,"A",59,"E","150","D"
"20131",2544705,39,7,"1",.,"A",6,"E","160","D"
"20131",2544705,39,8,"1",.,"A",7,"E","170","D"
"20131",2544705,39,9,"1",.,"A",217,"E","180","D"
"20131",2544705,39,10,"1",.,"A",7,"E","190","D"
"20131",2544705,39,11,"1",.,"A",10,"E","200","D"
"20131",2544705,39,12,"1",.,"A",12,"E","210","D"
"20131",2544705,39,13,"1",.,"A",13,"E","220","D"
"20131",2546204,70,0,"1",1,"D",.,"H",,"A"
"20131",2546204,70,1,"1",.,"A",45,"E","120","D"
"20131",2546204,70,2,"1",.,"A",7,"E","140","D"
"20131",2546204,70,3,"1",.,"A",332,"E","150","D"
"20131",2546204,70,4,"1",.,"A",37,"E","160","D"
"20131",2546204,70,5,"1",.,"A",41,"E","170","D"
"20131",2546204,70,6,"1",.,"A",1196,"E","180","D"
"20131",2546204,70,7,"1",.,"A",42,"E","190","D"
"20131",2546654,52,0,"1",1,"D",.,"H",,"A"
"20131",2546654,52,1,"1",.,"A",32,"E","120","D"
"20131",2546654,52,2,"1",.,"A",3,"E","140","D"
"20131",2546654,52,3,"1",.,"A",228,"E","150","D"
"20131",2546654,52,4,"1",.,"A",31,"E","160","D"
"20131",2546654,52,5,"1",.,"A",29,"E","170","D"
"20131",2546654,52,6,"1",.,"A",27,"E","190","D"
"20131",2546714,38,0,"1",1,"D",.,"H",,"A"
"20131",2546714,38,1,"1",.,"A",71,"E","100","D"
"20131",2546714,38,2,"1",.,"A",24,"E","110","D"
"20131",2546714,38,3,"1",.,"A",52,"E","120","D"
"20131",2546714,38,4,"1",.,"A",165,"E","130","D"
"20131",2546714,38,5,"1",.,"A",6,"E","140","D"
"20131",2546714,38,6,"1",.,"A",259,"E","150","D"
"20131",2546714,38,7,"1",.,"A",49,"E","160","D"
"20131",2546714,38,8,"1",.,"A",44,"E","170","D"
"20131",2546714,38,9,"1",.,"A",30,"E","190","D"
"20131",2546724,36,0,"1",2,"D",.,"H",,"A"
"20131",2546724,36,1,"1",.,"A",39,"E","120","D"
"20131",2546724,36,2,"1",.,"A",6,"E","140","D"
"20131",2546724,36,3,"1",.,"A",174,"E","150","D"
"20131",2546724,36,4,"1",.,"A",27,"E","160","D"
"20131",2546724,36,5,"1",.,"A",21,"E","170","D"
"20131",2546724,36,6,"1",.,"A",33,"E","190","D"
"20131",2550224,61,0,"1",2,"D",.,"H",,"A"
"20131",2550224,61,1,"1",.,"A",33,"E","120","D"
"20131",2550224,61,2,"1",.,"A",4,"E","140","D"
"20131",2550224,61,3,"1",.,"A",206,"E","150","D"
"20131",2550224,61,4,"1",.,"A",23,"E","160","D"
"20131",2550224,61,5,"1",.,"A",25,"E","170","D"
"20131",2550224,61,6,"1",.,"A",752,"E","180","D"
"20131",2550224,61,7,"1",.,"A",26,"E","190","D"
"20131",2551024,58,0,"1",1,"D",.,"H",,"A"
"20131",2551024,58,1,"1",.,"A",22,"E","120","D"
"20131",2551024,58,2,"1",.,"A",4,"E","140","D"
"20131",2551024,58,3,"1",.,"A",148,"E","150","D"
"20131",2551024,58,4,"1",.,"A",14,"E","160","D"
"20131",2551024,58,5,"1",.,"A",17,"E","170","D"
"20131",2551024,58,6,"1",.,"A",261,"E","180","D"
"20131",2551024,58,7,"1",.,"A",9,"E","190","D"
"20131",2553614,43,0,"1",1,"D",.,"H",,"A"
"20131",2553614,43,1,"1",.,"A",9,"E","120","D"
"20131",2553614,43,2,"1",.,"A",1,"E","140","D"
"20131",2553614,43,3,"1",.,"A",65,"E","150","D"
"20131",2553614,43,4,"1",.,"A",6,"E","160","D"
"20131",2553614,43,5,"1",.,"A",7,"E","170","D"
"20131",2553614,43,6,"1",.,"A",110,"E","180","D"
"20131",2553614,43,7,"1",.,"A",2,"E","190","D"
"20131",2554114,35,0,"1",1,"D",.,"H",,"A"
"20131",2554114,35,1,"1",.,"A",23,"E","100","D"
"20131",2554114,35,2,"1",.,"A",7,"E","110","D"
"20131",2554114,35,3,"1",.,"A",15,"E","120","D"
"20131",2554114,35,4,"1",.,"A",54,"E","130","D"
"20131",2554114,35,5,"1",.,"A",7,"E","140","D"
"20131",2554114,35,6,"1",.,"A",84,"E","150","D"
"20131",2554114,35,7,"1",.,"A",16,"E","160","D"
"20131",2554114,35,8,"1",.,"A",14,"E","170","D"
"20131",2554114,35,9,"1",.,"A",10,"E","190","D"
"20131",2554114,35,10,"1",.,"A",13,"E","200","D"
"20131",2554114,35,11,"1",.,"A",21,"E","210","D"
"20131",2554114,35,12,"1",.,"A",36,"E","220","D"
"20131",2554984,46,0,"1",3,"D",.,"H",,"A"
"20131",2554984,46,1,"1",.,"A",12,"E","120","D"
"20131",2554984,46,2,"1",.,"A",1,"E","140","D"
"20131",2554984,46,3,"1",.,"A",87,"E","150","D"
"20131",2554984,46,4,"1",.,"A",9,"E","160","D"
"20131",2554984,46,5,"1",.,"A",10,"E","170","D"
"20131",2554984,46,6,"1",.,"A",316,"E","180","D"
"20131",2554984,46,7,"1",.,"A",15,"E","190","D"
"20131",2557094,40,0,"1",9,"D",.,"H",,"A"
"20131",2557094,40,1,"1",.,"A",16,"E","100","D"
"20131",2557094,40,2,"1",.,"A",2,"E","110","D"
"20131",2557094,40,3,"1",.,"A",4,"E","120","D"
"20131",2557094,40,4,"1",.,"A",15,"E","130","D"
"20131",2557094,40,5,"1",.,"A",29,"E","150","D"
"20131",2557094,40,6,"1",.,"A",3,"E","160","D"
"20131",2557094,40,7,"1",.,"A",3,"E","170","D"
"20131",2557094,40,8,"1",.,"A",108,"E","180","D"
"20131",2557094,40,9,"1",.,"A",3,"E","190","D"
"20131",2557094,40,10,"1",.,"A",5,"E","200","D"
"20131",2557094,40,11,"1",.,"A",6,"E","210","D"
"20131",2557094,40,12,"1",.,"A",6,"E","220","D"
"20131",2558664,63,0,"1",2,"D",.,"H",,"A"
"20131",2558664,63,1,"1",.,"A",8,"E","120","D"
"20131",2558664,63,2,"1",.,"A",1,"E","140","D"
"20131",2558664,63,3,"1",.,"A",60,"E","150","D"
"20131",2558664,63,4,"1",.,"A",6,"E","160","D"
"20131",2558664,63,5,"1",.,"A",7,"E","170","D"
"20131",2558664,63,6,"1",.,"A",211,"E","180","D"
"20131",2558664,63,7,"1",.,"A",7,"E","190","D"
"20131",2558874,49,0,"1",1,"D",.,"H",,"A"
"20131",2558874,49,1,"1",.,"A",30,"E","100","D"
"20131",2558874,49,2,"1",.,"A",8,"E","110","D"
"20131",2558874,49,3,"1",.,"A",19,"E","120","D"
"20131",2558874,49,4,"1",.,"A",50,"E","130","D"
"20131",2558874,49,5,"1",.,"A",2,"E","140","D"
"20131",2558874,49,6,"1",.,"A",97,"E","150","D"
"20131",2558874,49,7,"1",.,"A",10,"E","160","D"
"20131",2558874,49,8,"1",.,"A",12,"E","170","D"
"20131",2558874,49,9,"1",.,"A",353,"E","180","D"
"20131",2558874,49,10,"1",.,"A",12,"E","190","D"
"20131",2558874,49,11,"1",.,"A",17,"E","200","D"
"20131",2558874,49,12,"1",.,"A",19,"E","210","D"
"20131",2558874,49,13,"1",.,"A",21,"E","220","D"
"20131",2560694,66,0,"1",1,"D",.,"H",,"A"
"20131",2560694,66,1,"1",.,"A",336,"E","100","D"
"20131",2560694,66,2,"1",.,"A",89,"E","110","D"
"20131",2561134,64,0,"1",1,"D",.,"H",,"A"
"20131",2561134,64,1,"1",.,"A",31,"E","120","D"
"20131",2561134,64,2,"1",.,"A",4,"E","140","D"
"20131",2561134,64,3,"1",.,"A",213,"E","150","D"
"20131",2561134,64,4,"1",.,"A",21,"E","160","D"
"20131",2561134,64,5,"1",.,"A",13,"E","170","D"
"20131",2561134,64,6,"1",.,"A",17,"E","180","D"
"20131",2561134,64,7,"1",.,"A",26,"E","190","D"
"20131",2562234,74,0,"1",1,"D",.,"H",,"A"
"20131",2562234,74,1,"1",.,"A",135,"E","100","D"
"20131",2562234,74,2,"1",.,"A",34,"E","110","D"
"20131",2562234,74,3,"1",.,"A",56,"E","120","D"
"20131",2562234,74,4,"1",.,"A",213,"E","130","D"
"20131",2562234,74,5,"1",.,"A",9,"E","140","D"
"20131",2562234,74,6,"1",.,"A",410,"E","150","D"
"20131",2562234,74,7,"1",.,"A",46,"E","160","D"
"20131",2562234,74,8,"1",.,"A",51,"E","170","D"
"20131",2562234,74,9,"1",.,"A",1493,"E","180","D"
"20131",2562234,74,10,"1",.,"A",53,"E","190","D"
"20131",2562314,46,0,"1",1,"D",.,"H",,"A"
"20131",2562314,46,1,"1",.,"A",39,"E","120","D"
"20131",2562314,46,2,"1",.,"A",136,"E","130","D"
"20131",2562314,46,3,"1",.,"A",5,"E","140","D"
"20131",2562314,46,4,"1",.,"A",267,"E","150","D"
"20131",2562314,46,5,"1",.,"A",27,"E","160","D"
"20131",2562314,46,6,"1",.,"A",17,"E","170","D"
"20131",2562314,46,7,"1",.,"A",21,"E","180","D"
"20131",2562314,46,8,"1",.,"A",33,"E","190","D"
"20131",2568164,60,0,"1",1,"D",.,"H",,"A"
"20131",2568164,60,1,"1",.,"A",16,"E","100","D"
"20131",2568164,60,2,"1",.,"A",3,"E","110","D"
"20131",2568164,60,3,"1",.,"A",4,"E","120","D"
"20131",2568164,60,4,"1",.,"A",35,"E","150","D"
"20131",2568164,60,5,"1",.,"A",4,"E","160","D"
"20131",2568164,60,6,"1",.,"A",4,"E","170","D"
"20131",2568164,60,7,"1",.,"A",130,"E","180","D"
"20131",2568164,60,8,"1",.,"A",4,"E","190","D"
"20131",2574554,35,0,"1",1,"D",.,"H",,"A"
"20131",2574554,35,1,"1",.,"A",91,"E","120","D"
"20131",2574554,35,2,"1",.,"A",298,"E","130","D"
"20131",2574554,35,3,"1",.,"A",14,"E","140","D"
"20131",2574554,35,4,"1",.,"A",407,"E","150","D"
"20131",2574554,35,5,"1",.,"A",63,"E","160","D"
"20131",2574554,35,6,"1",.,"A",50,"E","170","D"
"20131",2574554,35,7,"1",.,"A",77,"E","190","D"
"20131",2575924,46,0,"1",3,"D",.,"H",,"A"
"20131",2575924,46,1,"1",.,"A",56,"E","100","D"
"20131",2575924,46,2,"1",.,"A",15,"E","110","D"
"20131",2575924,46,3,"1",.,"A",24,"E","120","D"
"20131",2575924,46,4,"1",.,"A",4,"E","140","D"
"20131",2575924,46,5,"1",.,"A",179,"E","150","D"
"20131",2575924,46,6,"1",.,"A",20,"E","160","D"
"20131",2575924,46,7,"1",.,"A",22,"E","170","D"
"20131",2575924,46,8,"1",.,"A",653,"E","180","D"
"20131",2575924,46,9,"1",.,"A",27,"E","190","D"
"20131",2577284,55,0,"1",1,"D",.,"H",,"A"
"20131",2577284,55,1,"1",.,"A",320,"E","130","D"
"20131",2579143,64,0,"1",1,"D",.,"H",,"A"
"20131",2579143,64,1,"1",.,"A",252,"E","100","D"
"20131",2579143,64,2,"1",.,"A",84,"E","110","D"
"20131",2579143,64,3,"1",.,"A",267,"E","120","D"
"20131",2579143,64,4,"1",.,"A",568,"E","130","D"
"20131",2579143,64,5,"1",.,"A",26,"E","140","D"
"20131",2579143,64,6,"1",.,"A",1358,"E","150","D"
"20131",2579143,64,7,"1",.,"A",250,"E","160","D"
"20131",2579143,64,8,"1",.,"A",185,"E","170","D"
"20131",2579143,64,9,"1",.,"A",385,"E","180","D"
"20131",2579143,64,10,"1",.,"A",125,"E","190","D"
"20131",2584463,36,0,"1",2,"D",.,"H",,"A"
"20131",2584463,36,1,"1",.,"A",40,"E","100","D"
"20131",2584463,36,2,"1",.,"A",14,"E","110","D"
"20131",2584463,36,3,"1",.,"A",25,"E","120","D"
"20131",2584463,36,4,"1",.,"A",84,"E","130","D"
"20131",2584463,36,5,"1",.,"A",3,"E","140","D"
"20131",2584463,36,6,"1",.,"A",171,"E","150","D"
"20131",2584463,36,7,"1",.,"A",17,"E","160","D"
"20131",2584463,36,8,"1",.,"A",11,"E","170","D"
"20131",2584463,36,9,"1",.,"A",14,"E","180","D"
"20131",2584463,36,10,"1",.,"A",21,"E","190","D"
"20131",2586073,43,0,"1",1,"D",.,"H",,"A"
"20131",2586073,43,1,"1",.,"A",51,"E","100","D"
"20131",2586073,43,2,"1",.,"A",16,"E","110","D"
"20131",2586073,43,3,"1",.,"A",48,"E","120","D"
"20131",2586073,43,4,"1",.,"A",147,"E","130","D"
"20131",2586073,43,5,"1",.,"A",5,"E","140","D"
"20131",2586073,43,6,"1",.,"A",342,"E","150","D"
"20131",2586073,43,7,"1",.,"A",52,"E","160","D"
"20131",2586073,43,8,"1",.,"A",39,"E","170","D"
"20131",2586073,43,9,"1",.,"A",41,"E","190","D"
"20131",2586073,43,10,"1",.,"A",47,"E","200","D"
"20131",2586073,43,11,"1",.,"A",63,"E","210","D"
"20131",2586073,43,12,"1",.,"A",31,"E","220","D"
"20131",2586273,61,0,"1",1,"D",.,"H",,"A"
"20131",2586273,61,1,"1",.,"A",28,"E","100","D"
"20131",2586273,61,2,"1",.,"A",11,"E","110","D"
"20131",2586273,61,3,"1",.,"A",12,"E","120","D"
"20131",2586273,61,4,"1",.,"A",2,"E","140","D"
"20131",2586273,61,5,"1",.,"A",89,"E","150","D"
"20131",2586273,61,6,"1",.,"A",10,"E","160","D"
"20131",2586273,61,7,"1",.,"A",11,"E","170","D"
"20131",2586273,61,8,"1",.,"A",326,"E","180","D"
"20131",2586273,61,9,"1",.,"A",11,"E","190","D"
"20131",2587073,38,0,"1",1,"D",.,"H",,"A"
"20131",2587073,38,1,"1",.,"A",87,"G","100","D"
"20131",2587073,38,2,"1",.,"A",23,"G","110","D"
"20131",2587073,38,3,"1",.,"A",51,"G","120","D"
"20131",2587073,38,4,"1",.,"A",177,"G","130","D"
"20131",2587073,38,5,"1",.,"A",8,"G","140","D"
"20131",2587073,38,6,"1",.,"A",241,"G","150","D"
"20131",2587073,38,7,"1",.,"A",37,"G","160","D"
"20131",2587073,38,8,"1",.,"A",30,"G","170","D"
"20131",2587073,38,9,"1",.,"A",46,"G","190","D"
"20131",2587373,49,0,"1",1,"D",.,"H",,"A"
"20131",2587373,49,1,"1",.,"A",66,"E","120","D"
"20131",2587373,49,2,"1",.,"A",8,"E","140","D"
"20131",2587373,49,3,"1",.,"A",420,"E","150","D"
"20131",2587373,49,4,"1",.,"A",43,"E","160","D"
"20131",2587373,49,5,"1",.,"A",27,"E","170","D"
"20131",2587373,49,6,"1",.,"A",34,"E","180","D"
"20131",2587373,49,7,"1",.,"A",52,"E","190","D"
"20131",2588693,40,0,"1",2,"D",.,"H",,"A"
"20131",2588693,40,1,"1",.,"A",164,"E","100","D"
"20131",2588693,40,2,"1",.,"A",54,"E","110","D"
"20131",2588693,40,3,"1",.,"A",117,"E","200","D"
"20131",2588693,40,4,"1",.,"A",151,"E","210","D"
"20131",2588693,40,5,"1",.,"A",114,"E","220","D"
"20131",2596143,60,0,"1",1,"D",.,"H",,"A"
"20131",2596143,60,1,"1",.,"A",110,"E","120","D"
"20131",2596143,60,2,"1",.,"A",14,"E","140","D"
"20131",2596143,60,3,"1",.,"A",592,"E","150","D"
"20131",2596143,60,4,"1",.,"A",113,"E","160","D"
"20131",2596143,60,5,"1",.,"A",101,"E","170","D"
"20131",2596143,60,6,"1",.,"A",70,"E","190","D"
"20131",2596853,61,0,"1",1,"D",.,"H",,"A"
"20131",2596853,61,1,"1",.,"A",34,"E","120","D"
"20131",2596853,61,2,"1",.,"A",5,"E","140","D"
"20131",2596853,61,3,"1",.,"A",232,"E","150","D"
"20131",2596853,61,4,"1",.,"A",26,"E","160","D"
"20131",2596853,61,5,"1",.,"A",29,"E","170","D"
"20131",2596853,61,6,"1",.,"A",844,"E","180","D"
"20131",2596853,61,7,"1",.,"A",30,"E","190","D"
"20131",2597573,51,0,"1",1,"D",.,"H",,"A"
"20131",2597573,51,1,"1",.,"A",225,"E","120","D"
"20131",2597573,51,2,"1",.,"A",37,"E","140","D"
"20131",2597573,51,3,"1",.,"A",1045,"E","150","D"
"20131",2597573,51,4,"1",.,"A",163,"E","160","D"
"20131",2597573,51,5,"1",.,"A",130,"E","170","D"
"20131",2597573,51,6,"1",.,"A",200,"E","190","D"
"20131",2599503,36,0,"1",1,"D",.,"H",,"A"
"20131",2599503,36,1,"1",.,"A",45,"E","100","D"
"20131",2599503,36,2,"1",.,"A",17,"E","110","D"
"20131",2599503,36,3,"1",.,"A",31,"E","120","D"
"20131",2599503,36,4,"1",.,"A",110,"E","130","D"
"20131",2599503,36,5,"1",.,"A",4,"E","140","D"
"20131",2599503,36,6,"1",.,"A",214,"E","150","D"
"20131",2599503,36,7,"1",.,"A",22,"E","160","D"
"20131",2599503,36,8,"1",.,"A",14,"E","170","D"
"20131",2599503,36,9,"1",.,"A",17,"E","180","D"
"20131",2599503,36,10,"1",.,"A",26,"E","190","D"
"20131",2601163,73,0,"1",1,"D",.,"H",,"A"
"20131",2601163,73,1,"1",.,"A",21,"E","120","D"
"20131",2601163,73,2,"1",.,"A",3,"E","140","D"
"20131",2601163,73,3,"1",.,"A",157,"E","150","D"
"20131",2601163,73,4,"1",.,"A",17,"E","160","D"
"20131",2601163,73,5,"1",.,"A",19,"E","170","D"
"20131",2601163,73,6,"1",.,"A",563,"E","180","D"
"20131",2601163,73,7,"1",.,"A",20,"E","190","D"
"20131",2601713,61,0,"1",1,"D",.,"H",,"A"
"20131",2601713,61,1,"1",.,"A",21,"E","100","D"
"20131",2601713,61,2,"1",.,"A",4,"E","110","D"
"20131",2601713,61,3,"1",.,"A",7,"E","120","D"
"20131",2601713,61,4,"1",.,"A",1,"E","140","D"
"20131",2601713,61,5,"1",.,"A",53,"E","150","D"
"20131",2601713,61,6,"1",.,"A",6,"E","160","D"
"20131",2601713,61,7,"1",.,"A",6,"E","170","D"
"20131",2601713,61,8,"1",.,"A",195,"E","180","D"
"20131",2601713,61,9,"1",.,"A",7,"E","190","D"
"20131",2605113,54,0,"1",1,"D",.,"H",,"A"
"20131",2605113,54,1,"1",.,"A",2,"E","120","D"
"20131",2605113,54,2,"1",.,"A",22,"E","150","D"
"20131",2605113,54,3,"1",.,"A",2,"E","160","D"
"20131",2605113,54,4,"1",.,"A",2,"E","170","D"
"20131",2605113,54,5,"1",.,"A",70,"E","180","D"
"20131",2605113,54,6,"1",.,"A",2,"E","190","D"
"20131",2605673,64,0,"1",2,"D",.,"H",,"A"
"20131",2605673,64,1,"1",.,"A",269,"E","100","D"
"20131",2605673,64,2,"1",.,"A",93,"E","110","D"
"20131",2605673,64,3,"1",.,"A",174,"E","120","D"
"20131",2605673,64,4,"1",.,"A",24,"E","140","D"
"20131",2605673,64,5,"1",.,"A",972,"E","150","D"
"20131",2605673,64,6,"1",.,"A",186,"E","160","D"
"20131",2605673,64,7,"1",.,"A",167,"E","170","D"
"20131",2605673,64,8,"1",.,"A",115,"E","190","D"
"20131",2608083,31,0,"1",1,"D",.,"H",,"A"
"20131",2608083,31,1,"1",.,"A",50,"E","100","D"
"20131",2608083,31,2,"1",.,"A",20,"E","110","D"
"20131",2608083,31,3,"1",.,"A",53,"E","120","D"
"20131",2608083,31,4,"1",.,"A",112,"E","130","D"
"20131",2608083,31,5,"1",.,"A",5,"E","140","D"
"20131",2608083,31,6,"1",.,"A",271,"E","150","D"
"20131",2608083,31,7,"1",.,"A",50,"E","160","D"
"20131",2608083,31,8,"1",.,"A",37,"E","170","D"
"20131",2608083,31,9,"1",.,"A",77,"E","180","D"
"20131",2608083,31,10,"1",.,"A",25,"E","190","D"
"20131",2611533,55,0,"1",1,"D",.,"H",,"A"
"20131",2611533,55,1,"1",.,"A",19,"E","120","D"
"20131",2611533,55,2,"1",.,"A",80,"E","130","D"
"20131",2611533,55,3,"1",.,"A",3,"E","140","D"
"20131",2611533,55,4,"1",.,"A",127,"E","150","D"
"20131",2611533,55,5,"1",.,"A",12,"E","160","D"
"20131",2611533,55,6,"1",.,"A",14,"E","170","D"
"20131",2611533,55,7,"1",.,"A",224,"E","180","D"
"20131",2611533,55,8,"1",.,"A",9,"E","190","D"
"20131",2612373,84,0,"1",7,"D",.,"H",,"A"
"20131",2612373,84,1,"1",.,"A",14,"E","120","D"
"20131",2612373,84,2,"1",.,"A",1,"E","140","D"
"20131",2612373,84,3,"1",.,"A",77,"E","150","D"
"20131",2612373,84,4,"1",.,"A",8,"E","160","D"
"20131",2612373,84,5,"1",.,"A",9,"E","170","D"
"20131",2612373,84,6,"1",.,"A",281,"E","180","D"
"20131",2612373,84,7,"1",.,"A",10,"E","190","D"
"20131",2613235,39,0,"1",2,"D",.,"H",,"A"
"20131",2613235,39,1,"1",.,"A",56,"E","100","D"
"20131",2613235,39,2,"1",.,"A",18,"E","110","D"
"20131",2613235,39,3,"1",.,"A",66,"E","120","D"
"20131",2613235,39,4,"1",.,"A",125,"E","130","D"
"20131",2613235,39,5,"1",.,"A",5,"E","140","D"
"20131",2613235,39,6,"1",.,"A",302,"E","150","D"
"20131",2613235,39,7,"1",.,"A",55,"E","160","D"
"20131",2613235,39,8,"1",.,"A",41,"E","170","D"
"20131",2613235,39,9,"1",.,"A",85,"E","180","D"
"20131",2613235,39,10,"1",.,"A",27,"E","190","D"
"20131",2614512,48,0,"1",2,"D",.,"H",,"A"
"20131",2614512,48,1,"1",.,"A",26,"E","100","D"
"20131",2614512,48,2,"1",.,"A",6,"E","110","D"
"20131",2614512,48,3,"1",.,"A",11,"E","120","D"
"20131",2614512,48,4,"1",.,"A",42,"E","130","D"
"20131",2614512,48,5,"1",.,"A",1,"E","140","D"
"20131",2614512,48,6,"1",.,"A",82,"E","150","D"
"20131",2614512,48,7,"1",.,"A",14,"E","160","D"
"20131",2614512,48,8,"1",.,"A",10,"E","170","D"
"20131",2614512,48,9,"1",.,"A",298,"E","180","D"
"20131",2614512,48,10,"1",.,"A",10,"E","190","D"
"20131",2614692,24,0,"1",1,"D",.,"H",,"A"
"20131",2614692,24,1,"1",.,"A",20,"E","100","D"
"20131",2614692,24,2,"1",.,"A",6,"E","110","D"
"20131",2614692,24,3,"1",.,"A",23,"E","120","D"
"20131",2614692,24,4,"1",.,"A",59,"E","130","D"
"20131",2614692,24,5,"1",.,"A",2,"E","140","D"
"20131",2614692,24,6,"1",.,"A",139,"E","150","D"
"20131",2614692,24,7,"1",.,"A",19,"E","160","D"
"20131",2614692,24,8,"1",.,"A",16,"E","170","D"
"20131",2614692,24,9,"1",.,"A",16,"E","190","D"
"20131",2615242,74,0,"1",1,"D",.,"H",,"A"
"20131",2615242,74,1,"1",.,"A",9,"E","120","D"
"20131",2615242,74,2,"1",.,"A",41,"E","130","D"
"20131",2615242,74,3,"1",.,"A",1,"E","140","D"
"20131",2615242,74,4,"1",.,"A",70,"E","150","D"
"20131",2615242,74,5,"1",.,"A",7,"E","160","D"
"20131",2615242,74,6,"1",.,"A",8,"E","170","D"
"20131",2615242,74,7,"1",.,"A",255,"E","180","D"
"20131",2615242,74,8,"1",.,"A",9,"E","190","D"
"20131",2616122,63,0,"1",1,"D",.,"H",,"A"
"20131",2616122,63,1,"1",.,"A",2840,"E","100","D"
"20131",2616122,63,2,"1",.,"A",1160,"E","110","D"
"20131",2617252,54,0,"1",1,"D",.,"H",,"A"
"20131",2617252,54,1,"1",.,"A",28,"E","100","D"
"20131",2617252,54,2,"1",.,"A",11,"E","110","D"
"20131",2617252,54,3,"1",.,"A",20,"E","120","D"
"20131",2617252,54,4,"1",.,"A",7,"E","140","D"
"20131",2617252,54,5,"1",.,"A",135,"E","150","D"
"20131",2617252,54,6,"1",.,"A",14,"E","160","D"
"20131",2617252,54,7,"1",.,"A",8,"E","170","D"
"20131",2617252,54,8,"1",.,"A",11,"E","180","D"
"20131",2617252,54,9,"1",.,"A",16,"E","190","D"
"20131",2619732,75,0,"1",1,"D",.,"H",,"A"
"20131",2619732,75,1,"1",.,"A",37,"E","120","D"
"20131",2619732,75,2,"1",.,"A",4,"E","140","D"
"20131",2619732,75,3,"1",.,"A",226,"E","150","D"
"20131",2619732,75,4,"1",.,"A",23,"E","160","D"
"20131",2619732,75,5,"1",.,"A",14,"E","170","D"
"20131",2619732,75,6,"1",.,"A",18,"E","180","D"
"20131",2619732,75,7,"1",.,"A",28,"E","190","D"
"20131",2620292,68,0,"1",1,"D",.,"H",,"A"
"20131",2620292,68,1,"1",.,"A",6,"E","120","D"
"20131",2620292,68,2,"1",.,"A",28,"E","130","D"
"20131",2620292,68,3,"1",.,"A",1,"E","140","D"
"20131",2620292,68,4,"1",.,"A",47,"E","150","D"
"20131",2620292,68,5,"1",.,"A",5,"E","160","D"
"20131",2620292,68,6,"1",.,"A",5,"E","170","D"
"20131",2620292,68,7,"1",.,"A",172,"E","180","D"
"20131",2620292,68,8,"1",.,"A",6,"E","190","D"
"20131",2621682,46,0,"1",1,"D",.,"H",,"A"
"20131",2621682,46,1,"1",.,"A",21,"E","100","D"
"20131",2621682,46,2,"1",.,"A",8,"E","110","D"
"20131",2621682,46,3,"1",.,"A",20,"E","120","D"
"20131",2621682,46,4,"1",.,"A",50,"E","130","D"
"20131",2621682,46,5,"1",.,"A",2,"E","140","D"
"20131",2621682,46,6,"1",.,"A",102,"E","150","D"
"20131",2621682,46,7,"1",.,"A",10,"E","160","D"
"20131",2621682,46,8,"1",.,"A",6,"E","170","D"
"20131",2621682,46,9,"1",.,"A",8,"E","180","D"
"20131",2621682,46,10,"1",.,"A",12,"E","190","D"
"20131",2621682,46,11,"1",.,"A",21,"E","200","D"
"20131",2621682,46,12,"1",.,"A",18,"E","210","D"
"20131",2621682,46,13,"1",.,"A",22,"E","220","D"
"20131",2626892,52,0,"1",1,"D",.,"H",,"A"
"20131",2626892,52,1,"1",.,"A",75,"E","120","D"
"20131",2626892,52,2,"1",.,"A",12,"E","140","D"
"20131",2626892,52,3,"1",.,"A",340,"E","150","D"
"20131",2626892,52,4,"1",.,"A",53,"E","160","D"
"20131",2626892,52,5,"1",.,"A",42,"E","170","D"
"20131",2626892,52,6,"1",.,"A",65,"E","190","D"
"20131",2628342,63,0,"1",3,"D",.,"H",,"A"
"20131",2628342,63,1,"1",.,"A",104,"E","100","D"
"20131",2628342,63,2,"1",.,"A",27,"E","110","D"
"20131",2628342,63,3,"1",.,"A",45,"E","120","D"
"20131",2628342,63,4,"1",.,"A",170,"E","130","D"
"20131",2628342,63,5,"1",.,"A",14,"E","140","D"
"20131",2628342,63,6,"1",.,"A",328,"E","150","D"
"20131",2628342,63,7,"1",.,"A",37,"E","160","D"
"20131",2628342,63,8,"1",.,"A",41,"E","170","D"
"20131",2628342,63,9,"1",.,"A",1196,"E","180","D"
"20131",2628342,63,10,"1",.,"A",42,"E","190","D"
"20131",2628342,63,11,"1",.,"A",57,"E","200","D"
"20131",2628342,63,12,"1",.,"A",66,"E","210","D"
"20131",2628342,63,13,"1",.,"A",73,"E","220","D"
"20131",2629232,38,0,"1",1,"D",.,"H",,"A"
"20131",2629232,38,1,"1",.,"A",9,"E","120","D"
"20131",2629232,38,2,"1",.,"A",1,"E","140","D"
"20131",2629232,38,3,"1",.,"A",62,"E","150","D"
"20131",2629232,38,4,"1",.,"A",6,"E","160","D"
"20131",2629232,38,5,"1",.,"A",10,"E","170","D"
"20131",2629232,38,6,"1",.,"A",110,"E","180","D"
"20131",2629232,38,7,"1",.,"A",2,"E","190","D"
"20131",2629722,36,0,"1",1,"D",.,"H",,"A"
"20131",2629722,36,1,"1",.,"A",238,"E","120","D"
"20131",2629722,36,2,"1",.,"A",23,"E","140","D"
"20131",2629722,36,3,"1",.,"A",1202,"E","150","D"
"20131",2629722,36,4,"1",.,"A",221,"E","160","D"
"20131",2629722,36,5,"1",.,"A",164,"E","170","D"
"20131",2629722,36,6,"1",.,"A",341,"E","180","D"
"20131",2629722,36,7,"1",.,"A",111,"E","190","D"
"20131",2630602,91,0,"1",1,"D",.,"H",,"A"
"20131",2630602,91,1,"1",.,"A",13,"E","120","D"
"20131",2630602,91,2,"1",.,"A",2,"E","140","D"
"20131",2630602,91,3,"1",.,"A",96,"E","150","D"
"20131",2630602,91,4,"1",.,"A",10,"E","160","D"
"20131",2630602,91,5,"1",.,"A",12,"E","170","D"
"20131",2630602,91,6,"1",.,"A",352,"E","180","D"
"20131",2630602,91,7,"1",.,"A",15,"E","190","D"
"20131",2632492,74,0,"1",1,"D",.,"H",,"A"
"20131",2632492,74,1,"1",.,"A",40,"E","120","D"
"20131",2632492,74,2,"1",.,"A",6,"E","140","D"
"20131",2632492,74,3,"1",.,"A",293,"E","150","D"
"20131",2632492,74,4,"1",.,"A",32,"E","160","D"
"20131",2632492,74,5,"1",.,"A",36,"E","170","D"
"20131",2632492,74,6,"1",.,"A",1056,"E","180","D"
"20131",2632492,74,7,"1",.,"A",37,"E","190","D"
"20131",2634224,36,0,"1",1,"D",.,"H",,"A"
"20131",2634224,36,1,"1",.,"A",66,"E","120","D"
"20131",2634224,36,2,"1",.,"A",6,"E","140","D"
"20131",2634224,36,3,"1",.,"A",313,"E","150","D"
"20131",2634224,36,4,"1",.,"A",57,"E","160","D"
"20131",2634224,36,5,"1",.,"A",42,"E","170","D"
"20131",2634224,36,6,"1",.,"A",88,"E","180","D"
"20131",2634224,36,7,"1",.,"A",28,"E","190","D"
"20131",2636022,70,0,"1",2,"D",.,"H",,"A"
"20131",2636022,70,1,"1",.,"A",83,"E","120","D"
"20131",2636022,70,2,"1",.,"A",13,"E","140","D"
"20131",2636022,70,3,"1",.,"A",580,"E","150","D"
"20131",2636022,70,4,"1",.,"A",65,"E","160","D"
"20131",2636022,70,5,"1",.,"A",72,"E","170","D"
"20131",2636022,70,6,"1",.,"A",2112,"E","180","D"
"20131",2636022,70,7,"1",.,"A",75,"E","190","D"
"20131",2636972,52,0,"1",1,"D",.,"H",,"A"
"20131",2636972,52,1,"1",.,"A",47,"E","120","D"
"20131",2636972,52,2,"1",.,"A",9,"E","140","D"
"20131",2636972,52,3,"1",.,"A",316,"E","150","D"
"20131",2636972,52,4,"1",.,"A",31,"E","160","D"
"20131",2636972,52,5,"1",.,"A",36,"E","170","D"
"20131",2636972,52,6,"1",.,"A",550,"E","180","D"
"20131",2636972,52,7,"1",.,"A",11,"E","190","D"
"20131",2639982,49,0,"1",1,"D",.,"H",,"A"
"20131",2639982,49,1,"1",.,"A",7,"E","100","D"
"20131",2639982,49,2,"1",.,"A",2,"E","110","D"
"20131",2639982,49,3,"1",.,"A",8,"E","120","D"
"20131",2639982,49,4,"1",.,"A",12,"E","130","D"
"20131",2639982,49,5,"1",.,"A",24,"E","150","D"
"20131",2639982,49,6,"1",.,"A",2,"E","160","D"
"20131",2639982,49,7,"1",.,"A",3,"E","170","D"
"20131",2639982,49,8,"1",.,"A",89,"E","180","D"
"20131",2639982,49,9,"1",.,"A",3,"E","190","D"
"20131",2644262,42,0,"1",2,"D",.,"H",,"A"
"20131",2644262,42,1,"1",.,"A",34,"E","120","D"
"20131",2644262,42,2,"1",.,"A",5,"E","140","D"
"20131",2644262,42,3,"1",.,"A",255,"E","150","D"
"20131",2644262,42,4,"1",.,"A",28,"E","160","D"
"20131",2644262,42,5,"1",.,"A",31,"E","170","D"
"20131",2644262,42,6,"1",.,"A",915,"E","180","D"
"20131",2644262,42,7,"1",.,"A",32,"E","190","D"
"20131",2644992,76,0,"1",1,"D",.,"H",,"A"
"20131",2644992,76,1,"1",.,"A",10,"E","120","D"
"20131",2644992,76,2,"1",.,"A",1,"E","140","D"
"20131",2644992,76,3,"1",.,"A",84,"E","150","D"
"20131",2644992,76,4,"1",.,"A",8,"E","160","D"
"20131",2644992,76,5,"1",.,"A",9,"E","170","D"
"20131",2644992,76,6,"1",.,"A",287,"E","180","D"
"20131",2644992,76,7,"1",.,"A",10,"E","190","D"
"20131",2652684,55,0,"1",1,"D",.,"H",,"A"
"20131",2652684,55,1,"1",.,"A",5,"E","120","D"
"20131",2652684,55,2,"1",.,"A",42,"E","150","D"
"20131",2652684,55,3,"1",.,"A",4,"E","160","D"
"20131",2652684,55,4,"1",.,"A",5,"E","170","D"
"20131",2652684,55,5,"1",.,"A",155,"E","180","D"
"20131",2652684,55,6,"1",.,"A",5,"E","190","D"
"20131",2652684,55,7,"1",.,"A",14,"E","200","D"
"20131",2652684,55,8,"1",.,"A",8,"E","210","D"
"20131",2652684,55,9,"1",.,"A",9,"E","220","D"
"20131",2655704,68,0,"1",1,"D",.,"H",,"A"
"20131",2655704,68,1,"1",.,"A",53,"E","120","D"
"20131",2655704,68,2,"1",.,"A",7,"E","140","D"
"20131",2655704,68,3,"1",.,"A",299,"E","150","D"
"20131",2655704,68,4,"1",.,"A",56,"E","160","D"
"20131",2655704,68,5,"1",.,"A",50,"E","170","D"
"20131",2655704,68,6,"1",.,"A",35,"E","190","D"
"20132",2546635,24,0,"1",2,"D",.,"H",,"A"
"20132",2546635,24,1,"1",.,"A",7,"E","100","D"
"20132",2546635,24,2,"1",.,"A",1,"E","110","D"
"20132",2546635,24,3,"1",.,"A",5,"E","120","D"
"20132",2546635,24,4,"1",.,"A",26,"E","150","D"
"20132",2546635,24,5,"1",.,"A",2,"E","160","D"
"20132",2546635,24,6,"1",.,"A",3,"E","170","D"
"20132",2546635,24,7,"1",.,"A",150,"E","180","D"
"20132",2546635,24,8,"1",.,"A",6,"E","190","D"
"20132",2547095,31,0,"1",1,"D",.,"H",,"A"
"20132",2547095,31,1,"1",.,"A",1124,"E","100","D"
"20132",2547095,31,2,"1",.,"A",267,"E","110","D"
"20132",2547095,31,3,"1",.,"A",2519,"U","130","D"
"20132",2550075,37,0,"1",1,"D",.,"H",,"A"
"20132",2550075,37,1,"1",.,"A",12,"E","100","D"
"20132",2550075,37,2,"1",.,"A",4,"E","110","D"
"20132",2550075,37,3,"1",.,"A",6,"E","120","D"
"20132",2550075,37,4,"1",.,"A",38,"E","130","D"
"20132",2550075,37,5,"1",.,"A",1,"E","140","D"
"20132",2550075,37,6,"1",.,"A",47,"E","150","D"
"20132",2550075,37,7,"1",.,"A",13,"E","160","D"
"20132",2550075,37,8,"1",.,"A",2,"E","170","D"
"20132",2550075,37,9,"1",.,"A",143,"E","180","D"
"20132",2550075,37,10,"1",.,"A",4,"E","190","D"
"20132",2550585,34,0,"1",2,"D",.,"H",,"A"
"20132",2550585,34,1,"1",.,"A",647,"E","100","D"
"20132",2550585,34,2,"1",.,"A",209,"E","110","D"
"20132",2550585,34,3,"1",.,"A",1644,"E","130","D"
"20132",2553145,60,0,"1",1,"D",.,"H",,"A"
"20132",2553145,60,1,"1",.,"A",20,"E","120","D"
"20132",2553145,60,2,"1",.,"A",2,"E","140","D"
"20132",2553145,60,3,"1",.,"A",146,"E","150","D"
"20132",2553145,60,4,"1",.,"A",43,"E","160","D"
"20132",2553145,60,5,"1",.,"A",14,"E","170","D"
"20132",2553145,60,6,"1",.,"A",101,"E","180","D"
"20132",2553145,60,7,"1",.,"A",16,"E","190","D"
"20132",2554065,34,0,"1",1,"D",.,"H",,"A"
"20132",2554065,34,1,"1",.,"A",12,"E","120","D"
"20132",2554065,34,2,"1",.,"A",2,"E","140","D"
"20132",2554065,34,3,"1",.,"A",60,"E","150","D"
"20132",2554065,34,4,"1",.,"A",12,"E","160","D"
"20132",2554065,34,5,"1",.,"A",6,"E","170","D"
"20132",2554065,34,6,"1",.,"A",8,"E","190","D"
"20132",2554965,38,0,"1",1,"D",.,"H",,"A"
"20132",2554965,38,1,"1",.,"A",27,"E","100","D"
"20132",2554965,38,2,"1",.,"A",11,"E","110","D"
"20132",2554965,38,3,"1",.,"A",20,"E","120","D"
"20132",2554965,38,4,"1",.,"A",80,"E","130","D"
"20132",2554965,38,5,"1",.,"A",3,"E","140","D"
"20132",2554965,38,6,"1",.,"A",142,"E","150","D"
"20132",2554965,38,7,"1",.,"A",24,"E","160","D"
"20132",2554965,38,8,"1",.,"A",21,"E","170","D"
"20132",2554965,38,9,"1",.,"A",650,"E","180","D"
"20132",2554965,38,10,"1",.,"A",22,"E","190","D"
"20132",2555635,43,0,"1",1,"D",.,"H",,"A"
"20132",2555635,43,1,"1",.,"A",61,"E","100","D"
"20132",2555635,43,2,"1",.,"A",24,"E","110","D"
"20132",2555635,43,3,"1",.,"A",37,"E","120","D"
"20132",2555635,43,4,"1",.,"A",105,"E","130","D"
"20132",2555635,43,5,"1",.,"A",5,"E","140","D"
"20132",2555635,43,6,"1",.,"A",214,"E","150","D"
"20132",2555635,43,7,"1",.,"A",11,"E","160","D"
"20132",2555635,43,8,"1",.,"A",20,"E","170","D"
"20132",2555635,43,9,"1",.,"A",23,"E","190","D"
"20132",2556775,32,0,"1",1,"D",.,"H",,"A"
"20132",2556775,32,1,"1",.,"A",10,"E","120","D"
"20132",2556775,32,2,"1",.,"A",1,"E","140","D"
"20132",2556775,32,3,"1",.,"A",74,"E","150","D"
"20132",2556775,32,4,"1",.,"A",19,"E","160","D"
"20132",2556775,32,5,"1",.,"A",4,"E","170","D"
"20132",2556775,32,6,"1",.,"A",213,"E","180","D"
"20132",2556775,32,7,"1",.,"A",6,"E","190","D"
"20132",2556785,20,0,"1",1,"D",.,"H",,"A"
"20132",2556785,20,1,"1",.,"A",9,"E","120","D"
"20132",2556785,20,2,"1",.,"A",27,"E","150","D"
"20132",2556785,20,3,"1",.,"A",2,"E","160","D"
"20132",2556785,20,4,"1",.,"A",3,"E","170","D"
"20132",2556785,20,5,"1",.,"A",157,"E","180","D"
"20132",2556785,20,6,"1",.,"A",2,"E","190","D"
"20132",2556805,30,0,"1",1,"D",.,"H",,"A"
"20132",2556805,30,1,"1",.,"A",1,"E","120","D"
"20132",2556805,30,2,"1",.,"A",5,"E","150","D"
"20132",2556805,30,3,"1",.,"A",31,"E","180","D"
"20132",2556805,30,4,"1",.,"A",3,"E","190","D"
"20132",2557135,40,0,"1",1,"D",.,"H",,"A"
"20132",2557135,40,1,"1",.,"A",42,"E","120","D"
"20132",2557135,40,2,"1",.,"A",168,"E","130","D"
"20132",2557135,40,3,"1",.,"A",7,"E","140","D"
"20132",2557135,40,4,"1",.,"A",369,"E","150","D"
"20132",2557135,40,5,"1",.,"A",110,"E","160","D"
"20132",2557135,40,6,"1",.,"A",37,"E","170","D"
"20132",2557135,40,7,"1",.,"A",253,"E","180","D"
"20132",2557135,40,8,"1",.,"A",40,"E","190","D"
"20132",2557165,55,0,"1",1,"D",.,"H",,"A"
"20132",2557165,55,1,"1",.,"A",29,"E","120","D"
"20132",2557165,55,2,"1",.,"A",4,"E","140","D"
"20132",2557165,55,3,"1",.,"A",256,"E","150","D"
"20132",2557165,55,4,"1",.,"A",77,"E","160","D"
"20132",2557165,55,5,"1",.,"A",26,"E","170","D"
"20132",2557165,55,6,"1",.,"A",177,"E","180","D"
"20132",2557165,55,7,"1",.,"A",31,"E","190","D"
"20132",2557485,44,0,"1",1,"D",.,"H",,"A"
"20132",2557485,44,1,"1",.,"A",50,"E","120","D"
"20132",2557485,44,2,"1",.,"A",8,"E","140","D"
"20132",2557485,44,3,"1",.,"A",417,"E","150","D"
"20132",2557485,44,4,"1",.,"A",125,"E","160","D"
"20132",2557485,44,5,"1",.,"A",42,"E","170","D"
"20132",2557485,44,6,"1",.,"A",288,"E","180","D"
"20132",2557485,44,7,"1",.,"A",46,"E","190","D"
"20132",2557495,49,0,"1",1,"D",.,"H",,"A"
"20132",2557495,49,1,"1",.,"A",21,"E","120","D"
"20132",2557495,49,2,"1",.,"A",108,"E","130","D"
"20132",2557495,49,3,"1",.,"A",3,"E","140","D"
"20132",2557495,49,4,"1",.,"A",151,"E","150","D"
"20132",2557495,49,5,"1",.,"A",41,"E","160","D"
"20132",2557495,49,6,"1",.,"A",8,"E","170","D"
"20132",2557495,49,7,"1",.,"A",455,"E","180","D"
"20132",2557495,49,8,"1",.,"A",13,"E","190","D"
"20132",2558905,18,0,"1",1,"D",.,"H",,"A"
"20132",2558905,18,1,"1",.,"A",10,"E","120","D"
"20132",2558905,18,2,"1",.,"A",2,"E","140","D"
"20132",2558905,18,3,"1",.,"A",62,"E","150","D"
"20132",2558905,18,4,"1",.,"A",12,"E","160","D"
"20132",2558905,18,5,"1",.,"A",6,"E","170","D"
"20132",2558905,18,6,"1",.,"A",8,"E","190","D"
"20132",2559875,30,0,"1",1,"D",.,"H",,"A"
"20132",2559875,30,1,"1",.,"A",295,"E","100","D"
"20132",2559875,30,2,"1",.,"A",97,"E","110","D"
"20132",2559875,30,3,"1",.,"A",178,"E","120","D"
"20132",2559875,30,4,"1",.,"A",508,"E","130","D"
"20132",2559875,30,5,"1",.,"A",25,"E","140","D"
"20132",2559875,30,6,"1",.,"A",1030,"E","150","D"
"20132",2559875,30,7,"1",.,"A",54,"E","160","D"
"20132",2559875,30,8,"1",.,"A",99,"E","170","D"
"20132",2559875,30,9,"1",.,"A",114,"E","190","D"
"20132",2561135,45,0,"1",1,"D",.,"H",,"A"
"20132",2561135,45,1,"1",.,"A",67,"E","120","D"
"20132",2561135,45,2,"1",.,"A",12,"E","140","D"
"20132",2561135,45,3,"1",.,"A",360,"E","150","D"
"20132",2561135,45,4,"1",.,"A",73,"E","160","D"
"20132",2561135,45,5,"1",.,"A",38,"E","170","D"
"20132",2561135,45,6,"1",.,"A",50,"E","190","D"
"20132",2562085,53,0,"1",1,"D",.,"H",,"A"
"20132",2562085,53,1,"1",.,"A",28,"E","200","D"
"20132",2562085,53,2,"1",.,"A",90,"E","210","D"
"20132",2562085,53,3,"1",.,"A",47,"E","220","D"
"20132",2562375,32,0,"1",1,"D",.,"H",,"A"
"20132",2562375,32,1,"1",.,"A",29,"E","200","D"
"20132",2562375,32,2,"1",.,"A",95,"E","210","D"
"20132",2562375,32,3,"1",.,"A",50,"E","220","D"
"20132",2569325,51,0,"1",1,"D",.,"H",,"A"
"20132",2569325,51,1,"1",.,"A",7,"E","120","D"
"20132",2569325,51,2,"1",.,"A",1,"E","140","D"
"20132",2569325,51,3,"1",.,"A",68,"E","150","D"
"20132",2569325,51,4,"1",.,"A",20,"E","160","D"
"20132",2569325,51,5,"1",.,"A",6,"E","170","D"
"20132",2569325,51,6,"1",.,"A",51,"E","180","D"
"20132",2569325,51,7,"1",.,"A",7,"E","190","D"
"20132",2571955,22,0,"1",1,"D",.,"H",,"A"
"20132",2571955,22,1,"1",.,"A",5,"E","100","D"
"20132",2571955,22,2,"1",.,"A",2,"E","110","D"
"20132",2571955,22,3,"1",.,"A",7,"E","120","D"
"20132",2571955,22,4,"1",.,"A",16,"E","130","D"
"20132",2571955,22,5,"1",.,"A",28,"E","150","D"
"20132",2571955,22,6,"1",.,"A",4,"E","160","D"
"20132",2571955,22,7,"1",.,"A",4,"E","170","D"
"20132",2571955,22,8,"1",.,"A",130,"E","180","D"
"20132",2571955,22,9,"1",.,"A",4,"E","190","D"
"20132",2575655,49,0,"1",2,"D",.,"H",,"A"
"20132",2575655,49,1,"1",.,"A",50,"E","120","D"
"20132",2575655,49,2,"1",.,"A",134,"E","130","D"
"20132",2575655,49,3,"1",.,"A",9,"E","140","D"
"20132",2575655,49,4,"1",.,"A",282,"E","150","D"
"20132",2575655,49,5,"1",.,"A",57,"E","160","D"
"20132",2575655,49,6,"1",.,"A",29,"E","170","D"
"20132",2575655,49,7,"1",.,"A",39,"E","190","D"
"20132",2577885,30,0,"1",1,"D",.,"H",,"A"
"20132",2577885,30,1,"1",.,"A",42,"E","120","D"
"20132",2577885,30,2,"1",.,"A",7,"E","140","D"
"20132",2577885,30,3,"1",.,"A",225,"E","150","D"
"20132",2577885,30,4,"1",.,"A",46,"E","160","D"
"20132",2577885,30,5,"1",.,"A",24,"E","170","D"
"20132",2577885,30,6,"1",.,"A",31,"E","190","D"
"20132",2578785,49,0,"1",1,"D",.,"H",,"A"
"20132",2578785,49,1,"1",.,"A",43,"E","120","D"
"20132",2578785,49,2,"1",.,"A",6,"E","140","D"
"20132",2578785,49,3,"1",.,"A",342,"E","150","D"
"20132",2578785,49,4,"1",.,"A",102,"E","160","D"
"20132",2578785,49,5,"1",.,"A",34,"E","170","D"
"20132",2578785,49,6,"1",.,"A",236,"E","180","D"
"20132",2578785,49,7,"1",.,"A",37,"E","190","D"
"20132",2579334,64,0,"1",1,"D",.,"H",,"A"
"20132",2579334,64,1,"1",.,"A",51,"E","120","D"
"20132",2579334,64,2,"1",.,"A",8,"E","140","D"
"20132",2579334,64,3,"1",.,"A",414,"E","150","D"
"20132",2579334,64,4,"1",.,"A",124,"E","160","D"
"20132",2579334,64,5,"1",.,"A",42,"E","170","D"
"20132",2579334,64,6,"1",.,"A",286,"E","180","D"
"20132",2579334,64,7,"1",.,"A",45,"E","190","D"
"20132",2579724,15,0,"1",1,"D",.,"H",,"A"
"20132",2579724,15,1,"1",.,"A",42,"E","120","D"
"20132",2579724,15,2,"1",.,"A",9,"E","140","D"
"20132",2579724,15,3,"1",.,"A",246,"E","150","D"
"20132",2579724,15,4,"1",.,"A",13,"E","160","D"
"20132",2579724,15,5,"1",.,"A",23,"E","170","D"
"20132",2579724,15,6,"1",.,"A",27,"E","190","D"
"20132",2580724,65,0,"1",1,"D",.,"H",,"A"
"20132",2580724,65,1,"1",.,"A",11,"E","100","D"
"20132",2580724,65,2,"1",.,"A",3,"E","110","D"
"20132",2580724,65,3,"1",.,"A",6,"E","120","D"
"20132",2580724,65,4,"1",.,"A",30,"E","130","D"
"20132",2580724,65,5,"1",.,"A",1,"E","140","D"
"20132",2580724,65,6,"1",.,"A",49,"E","150","D"
"20132",2580724,65,7,"1",.,"A",12,"E","160","D"
"20132",2580724,65,8,"1",.,"A",2,"E","170","D"
"20132",2580724,65,9,"1",.,"A",133,"E","180","D"
"20132",2580724,65,10,"1",.,"A",3,"E","190","D"
"20132",2581544,28,0,"1",1,"D",.,"H",,"A"
"20132",2581544,28,1,"1",.,"A",12,"E","120","D"
"20132",2581544,28,2,"1",.,"A",1,"E","140","D"
"20132",2581544,28,3,"1",.,"A",63,"E","150","D"
"20132",2581544,28,4,"1",.,"A",17,"E","160","D"
"20132",2581544,28,5,"1",.,"A",3,"E","170","D"
"20132",2581544,28,6,"1",.,"A",189,"E","180","D"
"20132",2581544,28,7,"1",.,"A",5,"E","190","D"
"20132",2585304,41,0,"1",1,"D",.,"H",,"A"
"20132",2585304,41,1,"1",.,"A",7,"E","120","D"
"20132",2585304,41,2,"1",.,"A",1,"E","140","D"
"20132",2585304,41,3,"1",.,"A",66,"E","150","D"
"20132",2585304,41,4,"1",.,"A",19,"E","160","D"
"20132",2585304,41,5,"1",.,"A",6,"E","170","D"
"20132",2585304,41,6,"1",.,"A",44,"E","180","D"
"20132",2585304,41,7,"1",.,"A",7,"E","190","D"
"20132",2585974,19,0,"1",1,"D",.,"H",,"A"
"20132",2585974,19,1,"1",.,"A",45,"E","100","D"
"20132",2585974,19,2,"1",.,"A",17,"E","110","D"
"20132",2585974,19,3,"1",.,"A",41,"E","120","D"
"20132",2585974,19,4,"1",.,"A",97,"E","130","D"
"20132",2585974,19,5,"1",.,"A",7,"E","140","D"
"20132",2585974,19,6,"1",.,"A",203,"E","150","D"
"20132",2585974,19,7,"1",.,"A",41,"E","160","D"
"20132",2585974,19,8,"1",.,"A",21,"E","170","D"
"20132",2585974,19,9,"1",.,"A",28,"E","190","D"
"20132",2586074,23,0,"1",2,"D",.,"H",,"A"
"20132",2586074,23,1,"1",.,"A",56,"G","100","D"
"20132",2586074,23,2,"1",.,"A",15,"G","110","D"
"20132",2586074,23,3,"1",.,"A",44,"G","120","D"
"20132",2586074,23,4,"1",.,"A",165,"G","130","D"
"20132",2586074,23,5,"1",.,"A",7,"G","140","D"
"20132",2586074,23,6,"1",.,"A",217,"G","150","D"
"20132",2586074,23,7,"1",.,"A",82,"G","160","D"
"20132",2586074,23,8,"1",.,"A",41,"G","170","D"
"20132",2586074,23,9,"1",.,"A",742,"G","180","D"
"20132",2586074,23,10,"1",.,"A",14,"G","190","D"
"20132",2586074,23,11,"1",.,"A",56,"G","200","D"
"20132",2586074,23,12,"1",.,"A",36,"G","210","D"
"20132",2586074,23,13,"1",.,"A",25,"G","220","D"
"20132",2586584,59,0,"1",1,"D",.,"H",,"A"
"20132",2586584,59,1,"1",.,"A",110,"E","120","D"
"20132",2586584,59,2,"1",.,"A",14,"E","140","D"
"20132",2586584,59,3,"1",.,"A",613,"E","150","D"
"20132",2586584,59,4,"1",.,"A",32,"E","160","D"
"20132",2586584,59,5,"1",.,"A",59,"E","170","D"
"20132",2586584,59,6,"1",.,"A",67,"E","190","D"
"20132",2586754,17,0,"1",1,"D",.,"H",,"A"
"20132",2586754,17,1,"1",.,"A",71,"E","100","D"
"20132",2586754,17,2,"1",.,"A",29,"E","110","D"
"20132",2599824,48,0,"1",1,"D",.,"H",,"A"
"20132",2599824,48,1,"1",.,"A",42,"E","100","D"
"20132",2599824,48,2,"1",.,"A",12,"E","110","D"
"20132",2599824,48,3,"1",.,"A",22,"E","120","D"
"20132",2599824,48,4,"1",.,"A",73,"E","130","D"
"20132",2599824,48,5,"1",.,"A",3,"E","140","D"
"20132",2599824,48,6,"1",.,"A",159,"E","150","D"
"20132",2599824,48,7,"1",.,"A",47,"E","160","D"
"20132",2599824,48,8,"1",.,"A",16,"E","170","D"
"20132",2599824,48,9,"1",.,"A",109,"E","180","D"
"20132",2599824,48,10,"1",.,"A",17,"E","190","D"
"20132",2604514,33,0,"1",1,"D",.,"H",,"A"
"20132",2604514,33,1,"1",.,"A",52,"E","120","D"
"20132",2604514,33,2,"1",.,"A",8,"E","140","D"
"20132",2604514,33,3,"1",.,"A",427,"E","150","D"
"20132",2604514,33,4,"1",.,"A",128,"E","160","D"
"20132",2604514,33,5,"1",.,"A",43,"E","170","D"
"20132",2604514,33,6,"1",.,"A",295,"E","180","D"
"20132",2604514,33,7,"1",.,"A",47,"E","190","D"
"20132",2614783,49,0,"1",1,"D",.,"H",,"A"
"20132",2614783,49,1,"1",.,"A",312,"E","100","D"
"20132",2614783,49,2,"1",.,"A",100,"E","110","D"
"20132",2614783,49,3,"1",.,"A",788,"E","130","D"
"20132",2614883,40,0,"1",1,"D",.,"H",,"A"
"20132",2614883,40,1,"1",.,"A",80,"E","130","D"
"20132",2619065,17,0,"1",1,"D",.,"H",,"A"
"20132",2619065,17,1,"1",.,"A",123,"E","120","D"
"20132",2619065,17,2,"1",.,"A",16,"E","140","D"
"20132",2619065,17,3,"1",.,"A",685,"E","150","D"
"20132",2619065,17,4,"1",.,"A",36,"E","160","D"
"20132",2619065,17,5,"1",.,"A",65,"E","170","D"
"20132",2619065,17,6,"1",.,"A",75,"E","190","D"
"20132",2619203,5,0,"1",1,"D",.,"H",,"A"
"20132",2619203,5,1,"1",.,"A",10,"E","120","D"
"20132",2619203,5,2,"1",.,"A",28,"E","150","D"
"20132",2619203,5,3,"1",.,"A",10,"E","160","D"
"20132",2619203,5,4,"1",.,"A",4,"E","170","D"
"20132",2619203,5,5,"1",.,"A",97,"E","180","D"
"20132",2619203,5,6,"1",.,"A",1,"E","190","D"
"20132",2621113,35,0,"1",1,"D",.,"H",,"A"
"20132",2621113,35,1,"1",.,"A",145,"E","100","D"
"20132",2621113,35,2,"1",.,"A",43,"E","110","D"
"20132",2621113,35,3,"1",.,"A",62,"E","120","D"
"20132",2621113,35,4,"1",.,"A",250,"E","130","D"
"20132",2621113,35,5,"1",.,"A",16,"E","140","D"
"20132",2621113,35,6,"1",.,"A",544,"E","150","D"
"20132",2621113,35,7,"1",.,"A",163,"E","160","D"
"20132",2621113,35,8,"1",.,"A",55,"E","170","D"
"20132",2621113,35,9,"1",.,"A",376,"E","180","D"
"20132",2621113,35,10,"1",.,"A",60,"E","190","D"
"20132",2621113,35,11,"1",.,"A",70,"E","200","D"
"20132",2621113,35,12,"1",.,"A",91,"E","210","D"
"20132",2621113,35,13,"1",.,"A",125,"E","220","D"
"20132",2622733,26,0,"1",1,"D",.,"H",,"A"
"20132",2622733,26,1,"1",.,"A",6,"E","120","D"
"20132",2622733,26,2,"1",.,"A",11,"E","150","D"
"20132",2622733,26,3,"1",.,"A",4,"E","160","D"
"20132",2622733,26,4,"1",.,"A",1,"E","170","D"
"20132",2622733,26,5,"1",.,"A",38,"E","180","D"
"20132",2623263,29,0,"1",1,"D",.,"H",,"A"
"20132",2623263,29,1,"1",.,"A",38,"E","120","D"
"20132",2623263,29,2,"1",.,"A",6,"E","140","D"
"20132",2623263,29,3,"1",.,"A",193,"E","150","D"
"20132",2623263,29,4,"1",.,"A",72,"E","160","D"
"20132",2623263,29,5,"1",.,"A",31,"E","170","D"
"20132",2623263,29,6,"1",.,"A",648,"E","180","D"
"20132",2623263,29,7,"1",.,"A",12,"E","190","D"
"20132",2624803,32,0,"1",1,"D",.,"H",,"A"
"20132",2624803,32,1,"1",.,"A",34,"E","100","D"
"20132",2624803,32,2,"1",.,"A",10,"E","110","D"
"20132",2624803,32,3,"1",.,"A",18,"E","120","D"
"20132",2624803,32,4,"1",.,"A",2,"E","140","D"
"20132",2624803,32,5,"1",.,"A",130,"E","150","D"
"20132",2624803,32,6,"1",.,"A",39,"E","160","D"
"20132",2624803,32,7,"1",.,"A",13,"E","170","D"
"20132",2624803,32,8,"1",.,"A",90,"E","180","D"
"20132",2624803,32,9,"1",.,"A",14,"E","190","D"
"20132",2626143,58,0,"1",1,"D",.,"H",,"A"
"20132",2626143,58,1,"1",.,"A",14,"E","120","D"
"20132",2626143,58,2,"1",.,"A",1,"E","140","D"
"20132",2626143,58,3,"1",.,"A",76,"E","150","D"
"20132",2626143,58,4,"1",.,"A",21,"E","160","D"
"20132",2626143,58,5,"1",.,"A",4,"E","170","D"
"20132",2626143,58,6,"1",.,"A",228,"E","180","D"
"20132",2626143,58,7,"1",.,"A",6,"E","190","D"
"20132",2631183,24,0,"1",1,"D",.,"H",,"A"
"20132",2631183,24,1,"1",.,"A",12,"E","120","D"
"20132",2631183,24,2,"1",.,"A",2,"E","140","D"
"20132",2631183,24,3,"1",.,"A",60,"E","150","D"
"20132",2631183,24,4,"1",.,"A",12,"E","160","D"
"20132",2631183,24,5,"1",.,"A",6,"E","170","D"
"20132",2631183,24,6,"1",.,"A",8,"E","190","D"
"20132",2631813,26,0,"1",1,"D",.,"H",,"A"
"20132",2631813,26,1,"1",.,"A",42,"E","120","D"
"20132",2631813,26,2,"1",.,"A",6,"E","140","D"
"20132",2631813,26,3,"1",.,"A",249,"E","150","D"
"20132",2631813,26,4,"1",.,"A",13,"E","160","D"
"20132",2631813,26,5,"1",.,"A",23,"E","170","D"
"20132",2631813,26,6,"1",.,"A",27,"E","190","D"
"20132",2635323,37,0,"1",1,"D",.,"H",,"A"
"20132",2635323,37,1,"1",.,"A",50,"E","120","D"
"20132",2635323,37,2,"1",.,"A",6,"E","140","D"
"20132",2635323,37,3,"1",.,"A",274,"E","150","D"
"20132",2635323,37,4,"1",.,"A",14,"E","160","D"
"20132",2635323,37,5,"1",.,"A",26,"E","170","D"
"20132",2635323,37,6,"1",.,"A",30,"E","190","D"
"20132",2635843,21,0,"1",1,"D",.,"H",,"A"
"20132",2635843,21,1,"1",.,"A",23,"E","120","D"
"20132",2635843,21,2,"1",.,"A",3,"E","140","D"
"20132",2635843,21,3,"1",.,"A",139,"E","150","D"
"20132",2635843,21,4,"1",.,"A",7,"E","160","D"
"20132",2635843,21,5,"1",.,"A",13,"E","170","D"
"20132",2635843,21,6,"1",.,"A",15,"E","190","D"
"20132",2636023,51,0,"1",1,"D",.,"H",,"A"
"20132",2636023,51,1,"1",.,"A",37,"E","120","D"
"20132",2636023,51,2,"1",.,"A",9,"E","140","D"
"20132",2636023,51,3,"1",.,"A",325,"E","150","D"
"20132",2636023,51,4,"1",.,"A",97,"E","160","D"
"20132",2636023,51,5,"1",.,"A",33,"E","170","D"
"20132",2636023,51,6,"1",.,"A",224,"E","180","D"
"20132",2636023,51,7,"1",.,"A",35,"E","190","D"
"20132",2637703,28,0,"1",1,"D",.,"H",,"A"
"20132",2637703,28,1,"1",.,"A",42,"E","120","D"
"20132",2637703,28,2,"1",.,"A",8,"E","140","D"
"20132",2637703,28,3,"1",.,"A",243,"E","150","D"
"20132",2637703,28,4,"1",.,"A",49,"E","160","D"
"20132",2637703,28,5,"1",.,"A",25,"E","170","D"
"20132",2637703,28,6,"1",.,"A",33,"E","190","D"
"20132",2638183,24,0,"1",3,"D",.,"H",,"A"
"20132",2638183,24,1,"1",.,"A",62,"E","100","D"
"20132",2638183,24,2,"1",.,"A",23,"E","110","D"
"20132",2638183,24,3,"1",.,"A",54,"E","120","D"
"20132",2638183,24,4,"1",.,"A",9,"E","140","D"
"20132",2638183,24,5,"1",.,"A",278,"E","150","D"
"20132",2638183,24,6,"1",.,"A",56,"E","160","D"
"20132",2638183,24,7,"1",.,"A",29,"E","170","D"
"20132",2638183,24,8,"1",.,"A",39,"E","190","D"
"20132",2639783,49,0,"1",1,"D",.,"H",,"A"
"20132",2639783,49,1,"1",.,"A",206,"E","120","D"
"20132",2639783,49,2,"1",.,"A",823,"E","130","D"
"20132",2639783,49,3,"1",.,"A",34,"E","140","D"
"20132",2639783,49,4,"1",.,"A",1787,"E","150","D"
"20132",2639783,49,5,"1",.,"A",537,"E","160","D"
"20132",2639783,49,6,"1",.,"A",182,"E","170","D"
"20132",2639783,49,7,"1",.,"A",1234,"E","180","D"
"20132",2639783,49,8,"1",.,"A",197,"E","190","D"
"20132",2641183,42,0,"1",1,"D",.,"H",,"A"
"20132",2641183,42,1,"1",.,"A",67,"E","120","D"
"20132",2641183,42,2,"1",.,"A",193,"E","130","D"
"20132",2641183,42,3,"1",.,"A",9,"E","140","D"
"20132",2641183,42,4,"1",.,"A",389,"E","150","D"
"20132",2641183,42,5,"1",.,"A",20,"E","160","D"
"20132",2641183,42,6,"1",.,"A",37,"E","170","D"
"20132",2641183,42,7,"1",.,"A",43,"E","190","D"
"20132",2641523,67,0,"1",1,"D",.,"H",,"A"
"20132",2641523,67,1,"1",.,"A",116,"E","100","D"
"20132",2641523,67,2,"1",.,"A",32,"E","110","D"
"20132",2641523,67,3,"1",.,"A",47,"E","120","D"
"20132",2641523,67,4,"1",.,"A",187,"E","130","D"
"20132",2641523,67,5,"1",.,"A",7,"E","140","D"
"20132",2641523,67,6,"1",.,"A",408,"E","150","D"
"20132",2641523,67,7,"1",.,"A",122,"E","160","D"
"20132",2641523,67,8,"1",.,"A",41,"E","170","D"
"20132",2641523,67,9,"1",.,"A",282,"E","180","D"
"20132",2641523,67,10,"1",.,"A",45,"E","190","D"
"20132",2641523,67,11,"1",.,"A",52,"E","200","D"
"20132",2641523,67,12,"1",.,"A",68,"E","210","D"
"20132",2641523,67,13,"1",.,"A",93,"E","220","D"
"20132",2641853,28,0,"1",1,"D",.,"H",,"A"
"20132",2641853,28,1,"1",.,"A",16,"E","120","D"
"20132",2641853,28,2,"1",.,"A",2,"E","140","D"
"20132",2641853,28,3,"1",.,"A",113,"E","150","D"
"20132",2641853,28,4,"1",.,"A",19,"E","160","D"
"20132",2641853,28,5,"1",.,"A",16,"E","170","D"
"20132",2641853,28,6,"1",.,"A",517,"E","180","D"
"20132",2641853,28,7,"1",.,"A",17,"E","190","D"
"20132",2643403,34,0,"1",1,"D",.,"H",,"A"
"20132",2643403,34,1,"1",.,"A",280,"E","100","D"
"20132",2643403,34,2,"1",.,"A",116,"E","110","D"
"20132",2643403,34,3,"1",.,"A",804,"E","130","D"
"20132",2644993,65,0,"1",1,"D",.,"H",,"A"
"20132",2644993,65,1,"1",.,"A",9,"E","120","D"
"20132",2644993,65,2,"1",.,"A",1,"E","140","D"
"20132",2644993,65,3,"1",.,"A",55,"E","150","D"
"20132",2644993,65,4,"1",.,"A",16,"E","160","D"
"20132",2644993,65,5,"1",.,"A",5,"E","170","D"
"20132",2644993,65,6,"1",.,"A",38,"E","180","D"
"20132",2644993,65,7,"1",.,"A",6,"E","190","D"
"20132",2647382,24,0,"1",1,"D",.,"H",,"A"
"20132",2647382,24,1,"1",.,"A",7,"E","120","D"
"20132",2647382,24,2,"1",.,"A",1,"E","140","D"
"20132",2647382,24,3,"1",.,"A",38,"E","150","D"
"20132",2647382,24,4,"1",.,"A",13,"E","160","D"
"20132",2647382,24,5,"1",.,"A",5,"E","170","D"
"20132",2647382,24,6,"1",.,"A",119,"E","180","D"
"20132",2647382,24,7,"1",.,"A",2,"E","190","D"
"20132",2649742,27,0,"1",1,"D",.,"H",,"A"
"20132",2649742,27,1,"1",.,"A",246,"E","100","D"
"20132",2649742,27,2,"1",.,"A",74,"E","110","D"
"20132",2650242,36,0,"1",1,"D",.,"H",,"A"
"20132",2650242,36,1,"1",.,"A",123,"E","120","D"
"20132",2650242,36,2,"1",.,"A",16,"E","140","D"
"20132",2650242,36,3,"1",.,"A",685,"E","150","D"
"20132",2650242,36,4,"1",.,"A",36,"E","160","D"
"20132",2650242,36,5,"1",.,"A",65,"E","170","D"
"20132",2650242,36,6,"1",.,"A",75,"E","190","D"
"20132",2652662,30,0,"1",1,"D",.,"H",,"A"
"20132",2652662,30,1,"1",.,"A",27,"E","120","D"
"20132",2652662,30,2,"1",.,"A",6,"E","140","D"
"20132",2652662,30,3,"1",.,"A",157,"E","150","D"
"20132",2652662,30,4,"1",.,"A",8,"E","160","D"
"20132",2652662,30,5,"1",.,"A",15,"E","170","D"
"20132",2652662,30,6,"1",.,"A",17,"E","190","D"
"20132",2653432,39,0,"1",1,"D",.,"H",,"A"
"20132",2653432,39,1,"1",.,"A",177,"E","100","D"
"20132",2653432,39,2,"1",.,"A",53,"E","110","D"
"20132",2653432,39,3,"1",.,"A",77,"E","120","D"
"20132",2653432,39,4,"1",.,"A",311,"E","130","D"
"20132",2653432,39,5,"1",.,"A",12,"E","140","D"
"20132",2653432,39,6,"1",.,"A",668,"E","150","D"
"20132",2653432,39,7,"1",.,"A",200,"E","160","D"
"20132",2653432,39,8,"1",.,"A",68,"E","170","D"
"20132",2653432,39,9,"1",.,"A",461,"E","180","D"
"20132",2653432,39,10,"1",.,"A",73,"E","190","D"
"20132",2653522,22,0,"1",1,"D",.,"H",,"A"
"20132",2653522,22,1,"1",.,"A",42,"E","120","D"
"20132",2653522,22,2,"1",.,"A",8,"E","140","D"
"20132",2653522,22,3,"1",.,"A",243,"E","150","D"
"20132",2653522,22,4,"1",.,"A",49,"E","160","D"
"20132",2653522,22,5,"1",.,"A",25,"E","170","D"
"20132",2653522,22,6,"1",.,"A",33,"E","190","D"
"20132",2657422,47,0,"1",1,"D",.,"H",,"A"
"20132",2657422,47,1,"1",.,"A",14,"E","120","D"
"20132",2657422,47,2,"1",.,"A",5,"E","140","D"
"20132",2657422,47,3,"1",.,"A",128,"E","150","D"
"20132",2657422,47,4,"1",.,"A",38,"E","160","D"
"20132",2657422,47,5,"1",.,"A",13,"E","170","D"
"20132",2657422,47,6,"1",.,"A",88,"E","180","D"
"20132",2657422,47,7,"1",.,"A",14,"E","190","D"
"20132",2658172,32,0,"1",1,"D",.,"H",,"A"
"20132",2658172,32,1,"1",.,"A",22,"E","120","D"
"20132",2658172,32,2,"1",.,"A",3,"E","140","D"
"20132",2658172,32,3,"1",.,"A",171,"E","150","D"
"20132",2658172,32,4,"1",.,"A",51,"E","160","D"
"20132",2658172,32,5,"1",.,"A",17,"E","170","D"
"20132",2658172,32,6,"1",.,"A",118,"E","180","D"
"20132",2658172,32,7,"1",.,"A",18,"E","190","D"
"20132",2659022,80,0,"1",1,"D",.,"H",,"A"
"20132",2659022,80,1,"1",.,"A",17,"E","120","D"
"20132",2659022,80,2,"1",.,"A",2,"E","140","D"
"20132",2659022,80,3,"1",.,"A",127,"E","150","D"
"20132",2659022,80,4,"1",.,"A",38,"E","160","D"
"20132",2659022,80,5,"1",.,"A",13,"E","170","D"
"20132",2659022,80,6,"1",.,"A",88,"E","180","D"
"20132",2659022,80,7,"1",.,"A",14,"E","190","D"
"20132",2660872,28,0,"1",1,"D",.,"H",,"A"
"20132",2660872,28,1,"1",.,"A",17,"E","120","D"
"20132",2660872,28,2,"1",.,"A",2,"E","140","D"
"20132",2660872,28,3,"1",.,"A",128,"E","150","D"
"20132",2660872,28,4,"1",.,"A",38,"E","160","D"
"20132",2660872,28,5,"1",.,"A",13,"E","170","D"
"20132",2660872,28,6,"1",.,"A",88,"E","180","D"
"20132",2660872,28,7,"1",.,"A",14,"E","190","D"
"20132",2662475,54,0,"1",1,"D",.,"H",,"A"
"20132",2662475,54,1,"1",.,"A",52,"E","120","D"
"20132",2662475,54,2,"1",.,"A",8,"E","140","D"
"20132",2662475,54,3,"1",.,"A",427,"E","150","D"
"20132",2662475,54,4,"1",.,"A",128,"E","160","D"
"20132",2662475,54,5,"1",.,"A",43,"E","170","D"
"20132",2662475,54,6,"1",.,"A",295,"E","180","D"
"20132",2662475,54,7,"1",.,"A",47,"E","190","D"
"20132",2667002,16,0,"1",1,"D",.,"H",,"A"
"20132",2667002,16,1,"1",.,"A",4,"E","120","D"
"20132",2667002,16,2,"1",.,"A",20,"E","150","D"
"20132",2667002,16,3,"1",.,"A",3,"E","160","D"
"20132",2667002,16,4,"1",.,"A",3,"E","170","D"
"20132",2667002,16,5,"1",.,"A",92,"E","180","D"
"20132",2667002,16,6,"1",.,"A",3,"E","190","D"
"20132",2670842,40,0,"1",1,"D",.,"H",,"A"
"20132",2670842,40,1,"1",.,"A",207,"E","100","D"
"20132",2670842,40,2,"1",.,"A",62,"E","110","D"
"20132",2670842,40,3,"1",.,"A",356,"E","130","D"
"20132",2672922,70,0,"1",1,"D",.,"H",,"A"
"20132",2672922,70,1,"1",.,"A",60,"E","120","D"
"20132",2672922,70,2,"1",.,"A",9,"E","140","D"
"20132",2672922,70,3,"1",.,"A",496,"E","150","D"
"20132",2672922,70,4,"1",.,"A",149,"E","160","D"
"20132",2672922,70,5,"1",.,"A",50,"E","170","D"
"20132",2672922,70,6,"1",.,"A",342,"E","180","D"
"20132",2672922,70,7,"1",.,"A",54,"E","190","D"
"20132",2674092,66,0,"1",1,"D",.,"H",,"A"
"20132",2674092,66,1,"1",.,"A",13,"E","100","D"
"20132",2674092,66,2,"1",.,"A",3,"E","110","D"
"20132",2674092,66,3,"1",.,"A",5,"E","120","D"
"20132",2674092,66,4,"1",.,"A",24,"E","130","D"
"20132",2674092,66,5,"1",.,"A",35,"E","150","D"
"20132",2674092,66,6,"1",.,"A",9,"E","160","D"
"20132",2674092,66,7,"1",.,"A",2,"E","170","D"
"20132",2674092,66,8,"1",.,"A",106,"E","180","D"
"20132",2674092,66,9,"1",.,"A",3,"E","190","D"
"20132",2674872,27,0,"1",1,"D",.,"H",,"A"
"20132",2674872,27,1,"1",.,"A",123,"E","100","D"
"20132",2674872,27,2,"1",.,"A",40,"E","110","D"
"20132",2674872,27,3,"1",.,"A",78,"E","120","D"
"20132",2674872,27,4,"1",.,"A",210,"E","130","D"
"20132",2674872,27,5,"1",.,"A",10,"E","140","D"
"20132",2674872,27,6,"1",.,"A",429,"E","150","D"
"20132",2674872,27,7,"1",.,"A",22,"E","160","D"
"20132",2674872,27,8,"1",.,"A",41,"E","170","D"
"20132",2674872,27,9,"1",.,"A",47,"E","190","D"
"20132",2675672,27,0,"1",1,"D",.,"H",,"A"
"20132",2675672,27,1,"1",.,"A",9,"E","120","D"
"20132",2675672,27,2,"1",.,"A",1,"E","140","D"
"20132",2675672,27,3,"1",.,"A",68,"E","150","D"
"20132",2675672,27,4,"1",.,"A",18,"E","160","D"
"20132",2675672,27,5,"1",.,"A",3,"E","170","D"
"20132",2675672,27,6,"1",.,"A",196,"E","180","D"
"20132",2675672,27,7,"1",.,"A",5,"E","190","D"
"20132",2677752,51,0,"1",1,"D",.,"H",,"A"
"20132",2677752,51,1,"1",.,"A",17,"E","120","D"
"20132",2677752,51,2,"1",.,"A",2,"E","140","D"
"20132",2677752,51,3,"1",.,"A",128,"E","150","D"
"20132",2677752,51,4,"1",.,"A",38,"E","160","D"
"20132",2677752,51,5,"1",.,"A",13,"E","170","D"
"20132",2677752,51,6,"1",.,"A",88,"E","180","D"
"20132",2677752,51,7,"1",.,"A",14,"E","190","D"
"20132",2689195,37,0,"1",1,"D",.,"H",,"A"
"20132",2689195,37,1,"1",.,"A",10,"E","120","D"
"20132",2689195,37,2,"1",.,"A",1,"E","140","D"
"20132",2689195,37,3,"1",.,"A",70,"E","150","D"
"20132",2689195,37,4,"1",.,"A",19,"E","160","D"
"20132",2689195,37,5,"1",.,"A",7,"E","170","D"
"20132",2689195,37,6,"1",.,"A",212,"E","180","D"
"20132",2689195,37,7,"1",.,"A",6,"E","190","D"
"20133",2579725,25,0,"1",1,"D",.,"H",,"A"
"20133",2579725,25,1,"1",.,"A",63,"E","120","D"
"20133",2579725,25,2,"1",.,"A",5,"E","140","D"
"20133",2579725,25,3,"1",.,"A",301,"E","150","D"
"20133",2579725,25,4,"1",.,"A",20,"E","160","D"
"20133",2579725,25,5,"1",.,"A",39,"E","170","D"
"20133",2579725,25,6,"1",.,"A",28,"E","180","D"
"20133",2579725,25,7,"1",.,"A",2,"E","190","D"
"20133",2581555,22,0,"1",1,"D",.,"H",,"A"
"20133",2581555,22,1,"1",.,"A",23,"E","120","D"
"20133",2581555,22,2,"1",.,"A",2,"E","140","D"
"20133",2581555,22,3,"1",.,"A",108,"E","150","D"
"20133",2581555,22,4,"1",.,"A",7,"E","160","D"
"20133",2581555,22,5,"1",.,"A",14,"E","170","D"
"20133",2581555,22,6,"1",.,"A",10,"E","180","D"
"20133",2582875,26,0,"1",1,"D",.,"H",,"A"
"20133",2582875,26,1,"1",.,"A",44,"E","120","D"
"20133",2582875,26,2,"1",.,"A",6,"E","140","D"
"20133",2582875,26,3,"1",.,"A",280,"E","150","D"
"20133",2582875,26,4,"1",.,"A",8,"E","160","D"
"20133",2582875,26,5,"1",.,"A",34,"E","170","D"
"20133",2582875,26,6,"1",.,"A",28,"E","190","D"
"20133",2584155,51,0,"1",1,"D",.,"H",,"A"
"20133",2584155,51,1,"1",.,"A",651,"E","130","D"
"20133",2584275,69,0,"1",1,"D",.,"H",,"A"
"20133",2584275,69,1,"1",.,"A",108,"E","100","D"
"20133",2584275,69,2,"1",.,"A",29,"E","110","D"
"20133",2584275,69,3,"1",.,"A",65,"E","120","D"
"20133",2584275,69,4,"1",.,"A",202,"E","130","D"
"20133",2584275,69,5,"1",.,"A",10,"E","140","D"
"20133",2584275,69,6,"1",.,"A",315,"E","150","D"
"20133",2584275,69,7,"1",.,"A",72,"E","160","D"
"20133",2584275,69,8,"1",.,"A",40,"E","170","D"
"20133",2584275,69,9,"1",.,"A",218,"E","180","D"
"20133",2584275,69,10,"1",.,"A",41,"E","190","D"
"20133",2584935,33,0,"1",1,"D",.,"H",,"A"
"20133",2584935,33,1,"1",.,"A",27,"E","120","D"
"20133",2584935,33,2,"1",.,"A",3,"E","140","D"
"20133",2584935,33,3,"1",.,"A",187,"E","150","D"
"20133",2584935,33,4,"1",.,"A",15,"E","170","D"
"20133",2584935,33,5,"1",.,"A",244,"E","180","D"
"20133",2584935,33,6,"1",.,"A",24,"E","190","D"
"20133",2585305,44,0,"1",1,"D",.,"H",,"A"
"20133",2585305,44,1,"1",.,"A",10,"E","120","D"
"20133",2585305,44,2,"1",.,"A",5,"E","140","D"
"20133",2585305,44,3,"1",.,"A",80,"E","150","D"
"20133",2585305,44,4,"1",.,"A",13,"E","160","D"
"20133",2585305,44,5,"1",.,"A",5,"E","170","D"
"20133",2585305,44,6,"1",.,"A",84,"E","180","D"
"20133",2585305,44,7,"1",.,"A",12,"E","190","D"
"20133",2585305,44,8,"1",.,"A",13,"E","200","D"
"20133",2585305,44,9,"1",.,"A",17,"E","210","D"
"20133",2585305,44,10,"1",.,"A",11,"E","220","D"
"20133",2586545,41,0,"1",1,"D",.,"H",,"A"
"20133",2586545,41,1,"1",.,"A",19,"E","100","D"
"20133",2586545,41,2,"1",.,"A",5,"E","110","D"
"20133",2586545,41,3,"1",.,"A",11,"E","120","D"
"20133",2586545,41,4,"1",.,"A",41,"E","130","D"
"20133",2586545,41,5,"1",.,"A",1,"E","140","D"
"20133",2586545,41,6,"1",.,"A",57,"E","150","D"
"20133",2586545,41,7,"1",.,"A",13,"E","160","D"
"20133",2586545,41,8,"1",.,"A",7,"E","170","D"
"20133",2586545,41,9,"1",.,"A",39,"E","180","D"
"20133",2586545,41,10,"1",.,"A",7,"E","190","D"
"20133",2588585,66,0,"1",1,"D",.,"H",,"A"
"20133",2588585,66,1,"1",.,"A",33,"E","100","D"
"20133",2588585,66,2,"1",.,"A",8,"E","110","D"
"20133",2588585,66,3,"1",.,"A",12,"E","120","D"
"20133",2588585,66,4,"1",.,"A",2,"E","140","D"
"20133",2588585,66,5,"1",.,"A",103,"E","150","D"
"20133",2588585,66,6,"1",.,"A",16,"E","160","D"
"20133",2588585,66,7,"1",.,"A",6,"E","170","D"
"20133",2588585,66,8,"1",.,"A",105,"E","180","D"
"20133",2588585,66,9,"1",.,"A",15,"E","190","D"
"20133",2589475,55,0,"1",1,"D",.,"H",,"A"
"20133",2589475,55,1,"1",.,"A",100,"E","130","D"
"20133",2592505,38,0,"1",1,"D",.,"H",,"A"
"20133",2592505,38,1,"1",.,"A",276,"E","100","D"
"20133",2592505,38,2,"1",.,"A",79,"E","110","D"
"20133",2592505,38,3,"1",.,"A",169,"E","120","D"
"20133",2592505,38,4,"1",.,"A",494,"E","130","D"
"20133",2592505,38,5,"1",.,"A",26,"E","140","D"
"20133",2592505,38,6,"1",.,"A",1122,"E","150","D"
"20133",2592505,38,7,"1",.,"A",32,"E","160","D"
"20133",2592505,38,8,"1",.,"A",136,"E","170","D"
"20133",2592505,38,9,"1",.,"A",115,"E","190","D"
"20133",2592505,38,10,"1",.,"A",118,"E","200","D"
"20133",2592505,38,11,"1",.,"A",295,"E","210","D"
"20133",2592505,38,12,"1",.,"A",138,"E","220","D"
"20133",2593645,69,0,"1",1,"D",.,"H",,"A"
"20133",2593645,69,1,"1",.,"A",61,"E","120","D"
"20133",2593645,69,2,"1",.,"A",10,"E","140","D"
"20133",2593645,69,3,"1",.,"A",463,"E","150","D"
"20133",2593645,69,4,"1",.,"A",78,"E","160","D"
"20133",2593645,69,5,"1",.,"A",30,"E","170","D"
"20133",2593645,69,6,"1",.,"A",488,"E","180","D"
"20133",2593645,69,7,"1",.,"A",70,"E","190","D"
"20133",2596145,49,0,"1",1,"D",.,"H",,"A"
"20133",2596145,49,1,"1",.,"A",86,"E","120","D"
"20133",2596145,49,2,"1",.,"A",14,"E","140","D"
"20133",2596145,49,3,"1",.,"A",657,"E","150","D"
"20133",2596145,49,4,"1",.,"A",110,"E","160","D"
"20133",2596145,49,5,"1",.,"A",42,"E","170","D"
"20133",2596145,49,6,"1",.,"A",691,"E","180","D"
"20133",2596145,49,7,"1",.,"A",100,"E","190","D"
"20133",2601205,39,0,"1",1,"D",.,"H",,"A"
"20133",2601205,39,1,"1",.,"A",38,"E","120","D"
"20133",2601205,39,2,"1",.,"A",5,"E","140","D"
"20133",2601205,39,3,"1",.,"A",169,"E","150","D"
"20133",2601205,39,4,"1",.,"A",38,"E","160","D"
"20133",2601205,39,5,"1",.,"A",21,"E","170","D"
"20133",2601205,39,6,"1",.,"A",117,"E","180","D"
"20133",2601205,39,7,"1",.,"A",22,"E","190","D"
"20133",2602075,51,0,"1",1,"D",.,"H",,"A"
"20133",2602075,51,1,"1",.,"A",129,"E","120","D"
"20133",2602075,51,2,"1",.,"A",21,"E","140","D"
"20133",2602075,51,3,"1",.,"A",1008,"E","150","D"
"20133",2602075,51,4,"1",.,"A",170,"E","160","D"
"20133",2602075,51,5,"1",.,"A",65,"E","170","D"
"20133",2602075,51,6,"1",.,"A",1061,"E","180","D"
"20133",2602075,51,7,"1",.,"A",154,"E","190","D"
"20133",2606335,47,0,"1",1,"D",.,"H",,"A"
"20133",2606335,47,1,"1",.,"A",5,"E","120","D"
"20133",2606335,47,2,"1",.,"A",19,"E","150","D"
"20133",2606335,47,3,"1",.,"A",3,"E","160","D"
"20133",2606335,47,4,"1",.,"A",1,"E","170","D"
"20133",2606335,47,5,"1",.,"A",20,"E","180","D"
"20133",2606335,47,6,"1",.,"A",2,"E","190","D"
"20133",2607775,16,0,"1",1,"D",.,"H",,"A"
"20133",2607775,16,1,"1",.,"A",6,"E","120","D"
"20133",2607775,16,2,"1",.,"A",27,"E","150","D"
"20133",2607775,16,3,"1",.,"A",5,"E","160","D"
"20133",2607775,16,4,"1",.,"A",1,"E","170","D"
"20133",2607775,16,5,"1",.,"A",1,"E","190","D"
"20133",2609625,26,0,"1",1,"D",.,"H",,"A"
"20133",2609625,26,1,"1",.,"A",5,"E","120","D"
"20133",2609625,26,2,"1",.,"A",36,"E","150","D"
"20133",2609625,26,3,"1",.,"A",4,"E","170","D"
"20133",2609625,26,4,"1",.,"A",3,"E","190","D"
"20133",2611625,57,0,"1",1,"D",.,"H",,"A"
"20133",2611625,57,1,"1",.,"A",918,"E","100","D"
"20133",2611625,57,2,"1",.,"A",219,"E","110","D"
"20133",2611625,57,3,"1",.,"A",342,"E","120","D"
"20133",2611625,57,4,"1",.,"A",1784,"E","130","D"
"20133",2611625,57,5,"1",.,"A",59,"E","140","D"
"20133",2611625,57,6,"1",.,"A",2738,"E","150","D"
"20133",2611625,57,7,"1",.,"A",461,"E","160","D"
"20133",2611625,57,8,"1",.,"A",178,"E","170","D"
"20133",2611625,57,9,"1",.,"A",2883,"E","180","D"
"20133",2611625,57,10,"1",.,"A",418,"E","190","D"
"20133",2611725,59,0,"1",1,"D",.,"H",,"A"
"20133",2611725,59,1,"1",.,"A",17,"E","120","D"
"20133",2611725,59,2,"1",.,"A",3,"E","140","D"
"20133",2611725,59,3,"1",.,"A",139,"E","150","D"
"20133",2611725,59,4,"1",.,"A",23,"E","160","D"
"20133",2611725,59,5,"1",.,"A",9,"E","170","D"
"20133",2611725,59,6,"1",.,"A",146,"E","180","D"
"20133",2611725,59,7,"1",.,"A",23,"E","190","D"
"20133",2612655,21,0,"1",1,"D",.,"H",,"A"
"20133",2612655,21,1,"1",.,"A",22,"E","100","D"
"20133",2612655,21,2,"1",.,"A",11,"E","110","D"
"20133",2612655,21,3,"1",.,"A",26,"E","120","D"
"20133",2612655,21,4,"1",.,"A",2,"E","140","D"
"20133",2612655,21,5,"1",.,"A",108,"E","150","D"
"20133",2612655,21,6,"1",.,"A",7,"E","160","D"
"20133",2612655,21,7,"1",.,"A",14,"E","170","D"
"20133",2612655,21,8,"1",.,"A",10,"E","180","D"
"20133",2614444,59,0,"1",1,"D",.,"H",,"A"
"20133",2614444,59,1,"1",.,"A",69,"E","100","D"
"20133",2614444,59,2,"1",.,"A",18,"E","110","D"
"20133",2614444,59,3,"1",.,"A",40,"E","120","D"
"20133",2614444,59,4,"1",.,"A",6,"E","140","D"
"20133",2614444,59,5,"1",.,"A",193,"E","150","D"
"20133",2614444,59,6,"1",.,"A",44,"E","160","D"
"20133",2614444,59,7,"1",.,"A",24,"E","170","D"
"20133",2614444,59,8,"1",.,"A",134,"E","180","D"
"20133",2614444,59,9,"1",.,"A",25,"E","190","D"
"20133",2614444,59,10,"1",.,"A",28,"E","200","D"
"20133",2614444,59,11,"1",.,"A",51,"E","210","D"
"20133",2614444,59,12,"1",.,"A",68,"E","220","D"
"20133",2614514,66,0,"1",2,"D",.,"H",,"A"
"20133",2614514,66,1,"1",.,"A",9,"E","100","D"
"20133",2614514,66,2,"1",.,"A",2,"E","110","D"
"20133",2614514,66,3,"1",.,"A",3,"E","120","D"
"20133",2614514,66,4,"1",.,"A",22,"E","130","D"
"20133",2614514,66,5,"1",.,"A",27,"E","150","D"
"20133",2614514,66,6,"1",.,"A",4,"E","160","D"
"20133",2614514,66,7,"1",.,"A",1,"E","170","D"
"20133",2614514,66,8,"1",.,"A",28,"E","180","D"
"20133",2614514,66,9,"1",.,"A",4,"E","190","D"
"20133",2615754,9,0,"1",1,"D",.,"H",,"A"
"20133",2615754,9,1,"1",.,"A",17,"E","100","D"
"20133",2615754,9,2,"1",.,"A",8,"E","110","D"
"20133",2615754,9,3,"1",.,"A",22,"E","120","D"
"20133",2615754,9,4,"1",.,"A",46,"E","130","D"
"20133",2615754,9,5,"1",.,"A",1,"E","140","D"
"20133",2615754,9,6,"1",.,"A",91,"E","150","D"
"20133",2615754,9,7,"1",.,"A",17,"E","160","D"
"20133",2615754,9,8,"1",.,"A",5,"E","170","D"
"20133",2615754,9,9,"1",.,"A",3,"E","190","D"
"20133",2615754,9,10,"1",.,"A",20,"E","200","D"
"20133",2615754,9,11,"1",.,"A",5,"E","210","D"
"20133",2615754,9,12,"1",.,"A",15,"E","220","D"
"20133",2616884,21,0,"1",1,"D",.,"H",,"A"
"20133",2616884,21,1,"1",.,"A",14,"E","100","D"
"20133",2616884,21,2,"1",.,"A",5,"E","110","D"
"20133",2616884,21,3,"1",.,"A",15,"E","120","D"
"20133",2616884,21,4,"1",.,"A",29,"E","130","D"
"20133",2616884,21,5,"1",.,"A",1,"E","140","D"
"20133",2616884,21,6,"1",.,"A",56,"E","150","D"
"20133",2616884,21,7,"1",.,"A",7,"E","160","D"
"20133",2616884,21,8,"1",.,"A",3,"E","170","D"
"20133",2616884,21,9,"1",.,"A",113,"E","180","D"
"20133",2616884,21,10,"1",.,"A",7,"E","190","D"
"20133",2619044,33,0,"1",1,"D",.,"H",,"A"
"20133",2619044,33,1,"1",.,"A",113,"E","120","D"
"20133",2619044,33,2,"1",.,"A",18,"E","140","D"
"20133",2619044,33,3,"1",.,"A",532,"E","150","D"
"20133",2619044,33,4,"1",.,"A",121,"E","160","D"
"20133",2619044,33,5,"1",.,"A",68,"E","170","D"
"20133",2619044,33,6,"1",.,"A",368,"E","180","D"
"20133",2619044,33,7,"1",.,"A",69,"E","190","D"
"20133",2620164,63,0,"1",2,"D",.,"H",,"A"
"20133",2620164,63,1,"1",.,"A",945,"E","100","D"
"20133",2620164,63,2,"1",.,"A",225,"E","110","D"
"20133",2620164,63,3,"1",.,"A",1830,"E","130","D"
"20133",2622734,32,0,"1",1,"D",.,"H",,"A"
"20133",2622734,32,1,"1",.,"A",11,"E","120","D"
"20133",2622734,32,2,"1",.,"A",39,"E","150","D"
"20133",2622734,32,3,"1",.,"A",2,"E","160","D"
"20133",2622734,32,4,"1",.,"A",5,"E","170","D"
"20133",2622734,32,5,"1",.,"A",3,"E","180","D"
"20133",2628284,77,0,"1",1,"D",.,"H",,"A"
"20133",2628284,77,1,"1",.,"A",137,"E","100","D"
"20133",2628284,77,2,"1",.,"A",32,"E","110","D"
"20133",2628284,77,3,"1",.,"A",58,"E","120","D"
"20133",2628284,77,4,"1",.,"A",266,"E","130","D"
"20133",2628284,77,5,"1",.,"A",8,"E","140","D"
"20133",2628284,77,6,"1",.,"A",410,"E","150","D"
"20133",2628284,77,7,"1",.,"A",69,"E","160","D"
"20133",2628284,77,8,"1",.,"A",26,"E","170","D"
"20133",2628284,77,9,"1",.,"A",432,"E","180","D"
"20133",2628284,77,10,"1",.,"A",62,"E","190","D"
"20133",2629664,43,0,"1",2,"D",.,"H",,"A"
"20133",2629664,43,1,"1",.,"A",321,"E","100","D"
"20133",2629664,43,2,"1",.,"A",76,"E","110","D"
"20133",2629664,43,3,"1",.,"A",119,"E","120","D"
"20133",2629664,43,4,"1",.,"A",621,"E","130","D"
"20133",2629664,43,5,"1",.,"A",20,"E","140","D"
"20133",2629664,43,6,"1",.,"A",957,"E","150","D"
"20133",2629664,43,7,"1",.,"A",161,"E","160","D"
"20133",2629664,43,8,"1",.,"A",62,"E","170","D"
"20133",2629664,43,9,"1",.,"A",1007,"E","180","D"
"20133",2629664,43,10,"1",.,"A",153,"E","190","D"
"20133",2629664,43,11,"1",.,"A",163,"E","200","D"
"20133",2629664,43,12,"1",.,"A",204,"E","210","D"
"20133",2629664,43,13,"1",.,"A",136,"E","220","D"
"20133",2630604,62,0,"1",3,"D",.,"H",,"A"
"20133",2630604,62,1,"1",.,"A",55,"E","100","D"
"20133",2630604,62,2,"1",.,"A",13,"E","110","D"
"20133",2630604,62,3,"1",.,"A",25,"E","120","D"
"20133",2630604,62,4,"1",.,"A",106,"E","130","D"
"20133",2630604,62,5,"1",.,"A",3,"E","140","D"
"20133",2630604,62,6,"1",.,"A",164,"E","150","D"
"20133",2630604,62,7,"1",.,"A",27,"E","160","D"
"20133",2630604,62,8,"1",.,"A",10,"E","170","D"
"20133",2630604,62,9,"1",.,"A",172,"E","180","D"
"20133",2630604,62,10,"1",.,"A",25,"E","190","D"
"20133",2634344,57,0,"1",1,"D",.,"H",,"A"
"20133",2634344,57,1,"1",.,"A",21,"E","120","D"
"20133",2634344,57,2,"1",.,"A",2,"E","140","D"
"20133",2634344,57,3,"1",.,"A",135,"E","150","D"
"20133",2634344,57,4,"1",.,"A",22,"E","160","D"
"20133",2634344,57,5,"1",.,"A",8,"E","170","D"
"20133",2634344,57,6,"1",.,"A",142,"E","180","D"
"20133",2634344,57,7,"1",.,"A",20,"E","190","D"
"20133",2634874,57,0,"1",1,"D",.,"H",,"A"
"20133",2634874,57,1,"1",.,"A",38,"E","120","D"
"20133",2634874,57,2,"1",.,"A",5,"E","140","D"
"20133",2634874,57,3,"1",.,"A",270,"E","150","D"
"20133",2634874,57,4,"1",.,"A",45,"E","160","D"
"20133",2634874,57,5,"1",.,"A",17,"E","170","D"
"20133",2634874,57,6,"1",.,"A",284,"E","180","D"
"20133",2634874,57,7,"1",.,"A",41,"E","190","D"
"20133",2634964,47,0,"1",1,"D",.,"H",,"A"
"20133",2634964,47,1,"1",.,"A",21,"E","120","D"
"20133",2634964,47,2,"1",.,"A",3,"E","140","D"
"20133",2634964,47,3,"1",.,"A",106,"E","150","D"
"20133",2634964,47,4,"1",.,"A",23,"E","160","D"
"20133",2634964,47,5,"1",.,"A",13,"E","170","D"
"20133",2634964,47,6,"1",.,"A",71,"E","180","D"
"20133",2634964,47,7,"1",.,"A",13,"E","190","D"
"20133",2636534,35,0,"1",1,"D",.,"H",,"A"
"20133",2636534,35,1,"1",.,"A",82,"E","100","D"
"20133",2636534,35,2,"1",.,"A",22,"E","110","D"
"20133",2636534,35,3,"1",.,"A",156,"E","130","D"
"20133",2638374,36,0,"1",1,"D",.,"H",,"A"
"20133",2638374,36,1,"1",.,"A",27,"E","100","D"
"20133",2638374,36,2,"1",.,"A",11,"E","110","D"
"20133",2638374,36,3,"1",.,"A",21,"E","120","D"
"20133",2638374,36,4,"1",.,"A",2,"E","140","D"
"20133",2638374,36,5,"1",.,"A",108,"E","150","D"
"20133",2638374,36,6,"1",.,"A",7,"E","160","D"
"20133",2638374,36,7,"1",.,"A",14,"E","170","D"
"20133",2638374,36,8,"1",.,"A",10,"E","180","D"
"20133",2644994,60,0,"1",1,"D",.,"H",,"A"
"20133",2644994,60,1,"1",.,"A",9,"E","120","D"
"20133",2644994,60,2,"1",.,"A",27,"E","130","D"
"20133",2644994,60,3,"1",.,"A",41,"E","150","D"
"20133",2644994,60,4,"1",.,"A",7,"E","160","D"
"20133",2644994,60,5,"1",.,"A",2,"E","170","D"
"20133",2644994,60,6,"1",.,"A",43,"E","180","D"
"20133",2644994,60,7,"1",.,"A",6,"E","190","D"
"20133",2648193,55,0,"1",1,"D",.,"H",,"A"
"20133",2648193,55,1,"1",.,"A",26,"E","120","D"
"20133",2648193,55,2,"1",.,"A",3,"E","140","D"
"20133",2648193,55,3,"1",.,"A",156,"E","150","D"
"20133",2648193,55,4,"1",.,"A",20,"E","160","D"
"20133",2648193,55,5,"1",.,"A",9,"E","170","D"
"20133",2648193,55,6,"1",.,"A",313,"E","180","D"
"20133",2648193,55,7,"1",.,"A",25,"E","190","D"
"20133",2648783,31,0,"1",1,"D",.,"H",,"A"
"20133",2648783,31,1,"1",.,"A",116,"E","100","D"
"20133",2648783,31,2,"1",.,"A",32,"E","110","D"
"20133",2648783,31,3,"1",.,"A",72,"E","120","D"
"20133",2648783,31,4,"1",.,"A",228,"E","130","D"
"20133",2648783,31,5,"1",.,"A",12,"E","140","D"
"20133",2648783,31,6,"1",.,"A",349,"E","150","D"
"20133",2648783,31,7,"1",.,"A",80,"E","160","D"
"20133",2648783,31,8,"1",.,"A",44,"E","170","D"
"20133",2648783,31,9,"1",.,"A",242,"E","180","D"
"20133",2648783,31,10,"1",.,"A",45,"E","190","D"
"20133",2652813,30,0,"1",1,"D",.,"H",,"A"
"20133",2652813,30,1,"1",.,"A",459,"E","100","D"
"20133",2652813,30,2,"1",.,"A",109,"E","110","D"
"20133",2652813,30,3,"1",.,"A",176,"E","120","D"
"20133",2652813,30,4,"1",.,"A",889,"E","130","D"
"20133",2652813,30,5,"1",.,"A",29,"E","140","D"
"20133",2652813,30,6,"1",.,"A",1369,"E","150","D"
"20133",2652813,30,7,"1",.,"A",230,"E","160","D"
"20133",2652813,30,8,"1",.,"A",89,"E","170","D"
"20133",2652813,30,9,"1",.,"A",1441,"E","180","D"
"20133",2652813,30,10,"1",.,"A",209,"E","190","D"
"20133",2653053,28,0,"1",1,"D",.,"H",,"A"
"20133",2653053,28,1,"1",.,"A",34,"E","100","D"
"20133",2653053,28,2,"1",.,"A",7,"E","110","D"
"20133",2653053,28,3,"1",.,"A",17,"E","120","D"
"20133",2653053,28,4,"1",.,"A",52,"E","130","D"
"20133",2653053,28,5,"1",.,"A",2,"E","140","D"
"20133",2653053,28,6,"1",.,"A",82,"E","150","D"
"20133",2653053,28,7,"1",.,"A",18,"E","160","D"
"20133",2653053,28,8,"1",.,"A",10,"E","170","D"
"20133",2653053,28,9,"1",.,"A",56,"E","180","D"
"20133",2653053,28,10,"1",.,"A",10,"E","190","D"
"20133",2653053,28,11,"1",.,"A",12,"E","200","D"
"20133",2653053,28,12,"1",.,"A",21,"E","210","D"
"20133",2653053,28,13,"1",.,"A",29,"E","220","D"
"20133",2655943,58,0,"1",1,"D",.,"H",,"A"
"20133",2655943,58,1,"1",.,"A",56,"E","120","D"
"20133",2655943,58,2,"1",.,"A",9,"E","140","D"
"20133",2655943,58,3,"1",.,"A",425,"E","150","D"
"20133",2655943,58,4,"1",.,"A",71,"E","160","D"
"20133",2655943,58,5,"1",.,"A",27,"E","170","D"
"20133",2655943,58,6,"1",.,"A",447,"E","180","D"
"20133",2655943,58,7,"1",.,"A",65,"E","190","D"
"20133",2657303,27,0,"1",1,"D",.,"H",,"A"
"20133",2657303,27,1,"1",.,"A",14,"E","100","D"
"20133",2657303,27,2,"1",.,"A",3,"E","110","D"
"20133",2657303,27,3,"1",.,"A",5,"E","120","D"
"20133",2657303,27,4,"1",.,"A",17,"E","130","D"
"20133",2657303,27,5,"1",.,"A",33,"E","150","D"
"20133",2657303,27,6,"1",.,"A",4,"E","160","D"
"20133",2657303,27,7,"1",.,"A",2,"E","170","D"
"20133",2657303,27,8,"1",.,"A",68,"E","180","D"
"20133",2657303,27,9,"1",.,"A",4,"E","190","D"
"20133",2659503,34,0,"1",1,"D",.,"H",,"A"
"20133",2659503,34,1,"1",.,"A",151,"E","100","D"
"20133",2659503,34,2,"1",.,"A",36,"E","110","D"
"20133",2659503,34,3,"1",.,"A",61,"E","120","D"
"20133",2659503,34,4,"1",.,"A",293,"E","130","D"
"20133",2659503,34,5,"1",.,"A",9,"E","140","D"
"20133",2659503,34,6,"1",.,"A",451,"E","150","D"
"20133",2659503,34,7,"1",.,"A",76,"E","160","D"
"20133",2659503,34,8,"1",.,"A",29,"E","170","D"
"20133",2659503,34,9,"1",.,"A",475,"E","180","D"
"20133",2659503,34,10,"1",.,"A",69,"E","190","D"
"20133",2659583,26,0,"1",1,"D",.,"H",,"A"
"20133",2659583,26,1,"1",.,"A",48,"E","100","D"
"20133",2659583,26,2,"1",.,"A",12,"E","110","D"
"20133",2659843,45,0,"1",1,"D",.,"H",,"A"
"20133",2659843,45,1,"1",.,"A",43,"E","120","D"
"20133",2659843,45,2,"1",.,"A",6,"E","140","D"
"20133",2659843,45,3,"1",.,"A",192,"E","150","D"
"20133",2659843,45,4,"1",.,"A",43,"E","160","D"
"20133",2659843,45,5,"1",.,"A",24,"E","170","D"
"20133",2659843,45,6,"1",.,"A",132,"E","180","D"
"20133",2659843,45,7,"1",.,"A",25,"E","190","D"
"20133",2660153,39,0,"1",2,"D",.,"H",,"A"
"20133",2660153,39,1,"1",.,"A",5,"E","100","D"
"20133",2660153,39,2,"1",.,"A",1,"E","110","D"
"20133",2660153,39,3,"1",.,"A",9,"E","120","D"
"20133",2660153,39,4,"1",.,"A",10,"E","130","D"
"20133",2660153,39,5,"1",.,"A",20,"E","150","D"
"20133",2660153,39,6,"1",.,"A",2,"E","160","D"
"20133",2660153,39,7,"1",.,"A",1,"E","170","D"
"20133",2660153,39,8,"1",.,"A",41,"E","180","D"
"20133",2660153,39,9,"1",.,"A",2,"E","190","D"
"20133",2660153,39,10,"1",.,"A",3,"E","200","D"
"20133",2660153,39,11,"1",.,"A",3,"E","210","D"
"20133",2660153,39,12,"1",.,"A",3,"E","220","D"
"20133",2660223,24,0,"1",1,"D",.,"H",,"A"
"20133",2660223,24,1,"1",.,"A",69,"E","120","D"
"20133",2660223,24,2,"1",.,"A",9,"E","140","D"
"20133",2660223,24,3,"1",.,"A",449,"E","150","D"
"20133",2660223,24,4,"1",.,"A",36,"E","170","D"
"20133",2660223,24,5,"1",.,"A",586,"E","180","D"
"20133",2660223,24,6,"1",.,"A",51,"E","190","D"
"20133",2661793,38,0,"1",1,"D",.,"H",,"A"
"20133",2661793,38,1,"1",.,"A",23,"E","100","D"
"20133",2661793,38,2,"1",.,"A",8,"E","110","D"
"20133",2661793,38,3,"1",.,"A",15,"E","120","D"
"20133",2661793,38,4,"1",.,"A",51,"E","130","D"
"20133",2661793,38,5,"1",.,"A",1,"E","140","D"
"20133",2661793,38,6,"1",.,"A",80,"E","150","D"
"20133",2661793,38,7,"1",.,"A",5,"E","160","D"
"20133",2661793,38,8,"1",.,"A",10,"E","170","D"
"20133",2661793,38,9,"1",.,"A",7,"E","180","D"
"20133",2666833,24,0,"1",1,"D",.,"H",,"A"
"20133",2666833,24,1,"1",.,"A",300,"E","130","D"
"20133",2667323,70,0,"1",1,"D",.,"H",,"A"
"20133",2667323,70,1,"1",.,"A",110,"E","130","D"
"20133",2672173,57,0,"1",1,"D",.,"H",,"A"
"20133",2672173,57,1,"1",.,"A",9,"E","120","D"
"20133",2672173,57,2,"1",.,"A",1,"E","140","D"
"20133",2672173,57,3,"1",.,"A",80,"E","150","D"
"20133",2672173,57,4,"1",.,"A",13,"E","160","D"
"20133",2672173,57,5,"1",.,"A",5,"E","170","D"
"20133",2672173,57,6,"1",.,"A",81,"E","180","D"
"20133",2672173,57,7,"1",.,"A",11,"E","190","D"
"20133",2673123,62,0,"1",1,"D",.,"H",,"A"
"20133",2673123,62,1,"1",.,"A",173,"E","120","D"
"20133",2673123,62,2,"1",.,"A",523,"E","130","D"
"20133",2673123,62,3,"1",.,"A",28,"E","140","D"
"20133",2673123,62,4,"1",.,"A",816,"E","150","D"
"20133",2673123,62,5,"1",.,"A",187,"E","160","D"
"20133",2673123,62,6,"1",.,"A",104,"E","170","D"
"20133",2673123,62,7,"1",.,"A",564,"E","180","D"
"20133",2673123,62,8,"1",.,"A",106,"E","190","D"
"20133",2673123,62,9,"1",.,"A",119,"E","200","D"
"20133",2673123,62,10,"1",.,"A",216,"E","210","D"
"20133",2673123,62,11,"1",.,"A",288,"E","220","D"
"20133",2674293,40,0,"1",1,"D",.,"H",,"A"
"20133",2674293,40,1,"1",.,"A",29,"E","120","D"
"20133",2674293,40,2,"1",.,"A",7,"E","140","D"
"20133",2674293,40,3,"1",.,"A",192,"E","150","D"
"20133",2674293,40,4,"1",.,"A",5,"E","160","D"
"20133",2674293,40,5,"1",.,"A",23,"E","170","D"
"20133",2674293,40,6,"1",.,"A",19,"E","190","D"
"20133",2674923,23,0,"1",1,"D",.,"H",,"A"
"20133",2674923,23,1,"1",.,"A",6,"E","100","D"
"20133",2674923,23,2,"1",.,"A",2,"E","110","D"
"20133",2674923,23,3,"1",.,"A",9,"E","120","D"
"20133",2674923,23,4,"1",.,"A",25,"E","150","D"
"20133",2674923,23,5,"1",.,"A",3,"E","160","D"
"20133",2674923,23,6,"1",.,"A",1,"E","170","D"
"20133",2674923,23,7,"1",.,"A",51,"E","180","D"
"20133",2674923,23,8,"1",.,"A",3,"E","190","D"
"20133",2675083,20,0,"1",1,"D",.,"H",,"A"
"20133",2675083,20,1,"1",.,"A",9,"E","120","D"
"20133",2675083,20,2,"1",.,"A",1,"E","140","D"
"20133",2675083,20,3,"1",.,"A",33,"E","150","D"
"20133",2675083,20,4,"1",.,"A",7,"E","160","D"
"20133",2675083,20,5,"1",.,"A",4,"E","170","D"
"20133",2675083,20,6,"1",.,"A",22,"E","180","D"
"20133",2675083,20,7,"1",.,"A",4,"E","190","D"
"20133",2675473,28,0,"1",1,"D",.,"H",,"A"
"20133",2675473,28,1,"1",.,"A",14,"E","100","D"
"20133",2675473,28,2,"1",.,"A",3,"E","110","D"
"20133",2675473,28,3,"1",.,"A",7,"E","120","D"
"20133",2675473,28,4,"1",.,"A",1,"E","140","D"
"20133",2675473,28,5,"1",.,"A",35,"E","150","D"
"20133",2675473,28,6,"1",.,"A",8,"E","160","D"
"20133",2675473,28,7,"1",.,"A",4,"E","170","D"
"20133",2675473,28,8,"1",.,"A",24,"E","180","D"
"20133",2675473,28,9,"1",.,"A",4,"E","190","D"
"20133",2677753,65,0,"1",1,"D",.,"H",,"A"
"20133",2677753,65,1,"1",.,"A",22,"E","120","D"
"20133",2677753,65,2,"1",.,"A",3,"E","140","D"
"20133",2677753,65,3,"1",.,"A",154,"E","150","D"
"20133",2677753,65,4,"1",.,"A",26,"E","160","D"
"20133",2677753,65,5,"1",.,"A",10,"E","170","D"
"20133",2677753,65,6,"1",.,"A",162,"E","180","D"
"20133",2677753,65,7,"1",.,"A",23,"E","190","D"
"20133",2682062,31,0,"1",1,"D",.,"H",,"A"
"20133",2682062,31,1,"1",.,"A",9,"E","120","D"
"20133",2682062,31,2,"1",.,"A",28,"E","150","D"
"20133",2682062,31,3,"1",.,"A",3,"E","160","D"
"20133",2682062,31,4,"1",.,"A",1,"E","170","D"
"20133",2682062,31,5,"1",.,"A",56,"E","180","D"
"20133",2682062,31,6,"1",.,"A",3,"E","190","D"
"20133",2685342,36,0,"1",1,"D",.,"H",,"A"
"20133",2685342,36,1,"1",.,"A",75,"E","120","D"
"20133",2685342,36,2,"1",.,"A",11,"E","140","D"
"20133",2685342,36,3,"1",.,"A",455,"E","150","D"
"20133",2685342,36,4,"1",.,"A",60,"E","160","D"
"20133",2685342,36,5,"1",.,"A",28,"E","170","D"
"20133",2685342,36,6,"1",.,"A",909,"E","180","D"
"20133",2685342,36,7,"1",.,"A",62,"E","190","D"
"20133",2685492,33,0,"1",1,"D",.,"H",,"A"
"20133",2685492,33,1,"1",.,"A",28,"E","100","D"
"20133",2685492,33,2,"1",.,"A",7,"E","110","D"
"20133",2685492,33,3,"1",.,"A",18,"E","120","D"
"20133",2685492,33,4,"1",.,"A",2,"E","140","D"
"20133",2685492,33,5,"1",.,"A",98,"E","150","D"
"20133",2685492,33,6,"1",.,"A",8,"E","170","D"
"20133",2685492,33,7,"1",.,"A",128,"E","180","D"
"20133",2685492,33,8,"1",.,"A",11,"E","190","D"
"20133",2685992,45,0,"1",3,"D",.,"H",,"A"
"20133",2685992,45,1,"1",.,"A",69,"E","100","D"
"20133",2685992,45,2,"1",.,"A",34,"E","110","D"
"20133",2685992,45,3,"1",.,"A",58,"E","120","D"
"20133",2685992,45,4,"1",.,"A",187,"E","130","D"
"20133",2685992,45,5,"1",.,"A",7,"E","140","D"
"20133",2685992,45,6,"1",.,"A",364,"E","150","D"
"20133",2685992,45,7,"1",.,"A",68,"E","160","D"
"20133",2685992,45,8,"1",.,"A",23,"E","170","D"
"20133",2685992,45,9,"1",.,"A",14,"E","190","D"
"20133",2685992,45,10,"1",.,"A",83,"E","200","D"
"20133",2685992,45,11,"1",.,"A",30,"E","210","D"
"20133",2685992,45,12,"1",.,"A",63,"E","220","D"
"20133",2686432,27,0,"1",1,"D",.,"H",,"A"
"20133",2686432,27,1,"1",.,"A",19,"E","120","D"
"20133",2686432,27,2,"1",.,"A",5,"E","140","D"
"20133",2686432,27,3,"1",.,"A",94,"E","150","D"
"20133",2686432,27,4,"1",.,"A",21,"E","160","D"
"20133",2686432,27,5,"1",.,"A",12,"E","170","D"
"20133",2686432,27,6,"1",.,"A",65,"E","180","D"
"20133",2686432,27,7,"1",.,"A",12,"E","190","D"
"20133",2688352,33,0,"1",1,"D",.,"H",,"A"
"20133",2688352,33,1,"1",.,"A",40,"E","100","D"
"20133",2688352,33,2,"1",.,"A",10,"E","110","D"
"20133",2690982,61,0,"1",1,"D",.,"H",,"A"
"20133",2690982,61,1,"1",.,"A",65,"E","120","D"
"20133",2690982,61,2,"1",.,"A",9,"E","140","D"
"20133",2690982,61,3,"1",.,"A",420,"E","150","D"
"20133",2690982,61,4,"1",.,"A",12,"E","160","D"
"20133",2690982,61,5,"1",.,"A",51,"E","170","D"
"20133",2690982,61,6,"1",.,"A",43,"E","190","D"
"20133",2692482,34,0,"1",1,"D",.,"H",,"A"
"20133",2692482,34,1,"1",.,"A",173,"E","100","D"
"20133",2692482,34,2,"1",.,"A",48,"E","110","D"
"20133",2692482,34,3,"1",.,"A",103,"E","120","D"
"20133",2692482,34,4,"1",.,"A",302,"E","130","D"
"20133",2692482,34,5,"1",.,"A",16,"E","140","D"
"20133",2692482,34,6,"1",.,"A",686,"E","150","D"
"20133",2692482,34,7,"1",.,"A",19,"E","160","D"
"20133",2692482,34,8,"1",.,"A",83,"E","170","D"
"20133",2692482,34,9,"1",.,"A",70,"E","190","D"
"20133",2692892,50,0,"1",1,"D",.,"H",,"A"
"20133",2692892,50,1,"1",.,"A",41,"E","120","D"
"20133",2692892,50,2,"1",.,"A",6,"E","140","D"
"20133",2692892,50,3,"1",.,"A",309,"E","150","D"
"20133",2692892,50,4,"1",.,"A",52,"E","160","D"
"20133",2692892,50,5,"1",.,"A",20,"E","170","D"
"20133",2692892,50,6,"1",.,"A",325,"E","180","D"
"20133",2692892,50,7,"1",.,"A",47,"E","190","D"
"20133",2696222,54,0,"1",2,"D",.,"H",,"A"
"20133",2696222,54,1,"1",.,"A",94,"E","100","D"
"20133",2696222,54,2,"1",.,"A",22,"E","110","D"
"20133",2696222,54,3,"1",.,"A",39,"E","120","D"
"20133",2696222,54,4,"1",.,"A",6,"E","140","D"
"20133",2696222,54,5,"1",.,"A",283,"E","150","D"
"20133",2696222,54,6,"1",.,"A",47,"E","160","D"
"20133",2696222,54,7,"1",.,"A",18,"E","170","D"
"20133",2696222,54,8,"1",.,"A",298,"E","180","D"
"20133",2696222,54,9,"1",.,"A",43,"E","190","D"
"20133",2697822,46,0,"1",1,"D",.,"H",,"A"
"20133",2697822,46,1,"1",.,"A",12,"E","120","D"
"20133",2697822,46,2,"1",.,"A",1,"E","140","D"
"20133",2697822,46,3,"1",.,"A",77,"E","150","D"
"20133",2697822,46,4,"1",.,"A",13,"E","160","D"
"20133",2697822,46,5,"1",.,"A",5,"E","170","D"
"20133",2697822,46,6,"1",.,"A",81,"E","180","D"
"20133",2697822,46,7,"1",.,"A",11,"E","190","D"
"20133",2698042,18,0,"1",1,"D",.,"H",,"A"
"20133",2698042,18,1,"1",.,"A",22,"E","100","D"
"20133",2698042,18,2,"1",.,"A",6,"E","110","D"
"20133",2698042,18,3,"1",.,"A",13,"E","120","D"
"20133",2698042,18,4,"1",.,"A",44,"E","130","D"
"20133",2698042,18,5,"1",.,"A",2,"E","140","D"
"20133",2698042,18,6,"1",.,"A",91,"E","150","D"
"20133",2698042,18,7,"1",.,"A",2,"E","160","D"
"20133",2698042,18,8,"1",.,"A",11,"E","170","D"
"20133",2698042,18,9,"1",.,"A",9,"E","190","D"
"20133",2700034,22,0,"1",1,"D",.,"H",,"A"
"20133",2700034,22,1,"1",.,"A",7,"E","100","D"
"20133",2700034,22,2,"1",.,"A",1,"E","110","D"
"20133",2700034,22,3,"1",.,"A",10,"E","120","D"
"20133",2700034,22,4,"1",.,"A",13,"E","130","D"
"20133",2700034,22,5,"1",.,"A",24,"E","150","D"
"20133",2700034,22,6,"1",.,"A",1,"E","170","D"
"20133",2700034,22,7,"1",.,"A",31,"E","180","D"
"20133",2700034,22,8,"1",.,"A",2,"E","190","D"
"20133",2700034,22,9,"1",.,"A",3,"E","200","D"
"20133",2700034,22,10,"1",.,"A",3,"E","210","D"
"20133",2700034,22,11,"1",.,"A",5,"E","220","D"
"20133",2701042,34,0,"1",1,"D",.,"H",,"A"
"20133",2701042,34,1,"1",.,"A",19,"E","200","D"
"20133",2701042,34,2,"1",.,"A",16,"E","210","D"
"20133",2701042,34,3,"1",.,"A",25,"E","220","D"
"20133",2701632,61,0,"1",1,"D",.,"H",,"A"
"20133",2701632,61,1,"1",.,"A",12,"E","100","D"
"20133",2701632,61,2,"1",.,"A",1,"E","110","D"
"20133",2701632,61,3,"1",.,"A",2,"E","120","D"
"20133",2701632,61,4,"1",.,"A",21,"E","150","D"
"20133",2701632,61,5,"1",.,"A",3,"E","160","D"
"20133",2701632,61,6,"1",.,"A",1,"E","170","D"
"20133",2701632,61,7,"1",.,"A",22,"E","180","D"
"20133",2701632,61,8,"1",.,"A",3,"E","190","D"
"20133",2702312,69,0,"1",1,"D",.,"H",,"A"
"20133",2702312,69,1,"1",.,"A",307,"E","100","D"
"20133",2702312,69,2,"1",.,"A",102,"E","110","D"
"20133",2702312,69,3,"1",.,"A",191,"E","120","D"
"20133",2702312,69,4,"1",.,"A",603,"E","130","D"
"20133",2702312,69,5,"1",.,"A",28,"E","140","D"
"20133",2702312,69,6,"1",.,"A",1150,"E","150","D"
"20133",2702312,69,7,"1",.,"A",153,"E","160","D"
"20133",2702312,69,8,"1",.,"A",71,"E","170","D"
"20133",2702312,69,9,"1",.,"A",2314,"E","180","D"
"20133",2702312,69,10,"1",.,"A",160,"E","190","D"
"20133",2702312,69,11,"1",.,"A",168,"E","200","D"
"20133",2702312,69,12,"1",.,"A",176,"E","210","D"
"20133",2702312,69,13,"1",.,"A",177,"E","220","D"
"20133",2702822,42,0,"1",3,"D",.,"H",,"A"
"20133",2702822,42,1,"1",.,"A",48,"E","100","D"
"20133",2702822,42,2,"1",.,"A",11,"E","110","D"
"20133",2702822,42,3,"1",.,"A",17,"E","120","D"
"20133",2702822,42,4,"1",.,"A",93,"E","130","D"
"20133",2702822,42,5,"1",.,"A",3,"E","140","D"
"20133",2702822,42,6,"1",.,"A",143,"E","150","D"
"20133",2702822,42,7,"1",.,"A",24,"E","160","D"
"20133",2702822,42,8,"1",.,"A",9,"E","170","D"
"20133",2702822,42,9,"1",.,"A",151,"E","180","D"
"20133",2702822,42,10,"1",.,"A",21,"E","190","D"
"20133",2702822,42,11,"1",.,"A",30,"E","200","D"
"20133",2702822,42,12,"1",.,"A",30,"E","210","D"
"20133",2702822,42,13,"1",.,"A",20,"E","220","D"
"20133",2705612,22,0,"1",2,"D",.,"H",,"A"
"20133",2705612,22,1,"1",.,"A",8,"E","100","D"
"20133",2705612,22,2,"1",.,"A",4,"E","110","D"
"20133",2705612,22,3,"1",.,"A",12,"E","120","D"
"20133",2705612,22,4,"1",.,"A",45,"E","150","D"
"20133",2705612,22,5,"1",.,"A",8,"E","160","D"
"20133",2705612,22,6,"1",.,"A",2,"E","170","D"
"20133",2705612,22,7,"1",.,"A",1,"E","190","D"
"20133",2706052,33,0,"1",1,"D",.,"H",,"A"
"20133",2706052,33,1,"1",.,"A",323,"E","100","D"
"20133",2706052,33,2,"1",.,"A",85,"E","110","D"
"20133",2706052,33,3,"1",.,"A",169,"E","120","D"
"20133",2706052,33,4,"1",.,"A",626,"E","130","D"
"20133",2706052,33,5,"1",.,"A",23,"E","140","D"
"20133",2706052,33,6,"1",.,"A",1109,"E","150","D"
"20133",2706052,33,7,"1",.,"A",90,"E","170","D"
"20133",2706052,33,8,"1",.,"A",1449,"E","180","D"
"20133",2706052,33,9,"1",.,"A",126,"E","190","D"
"20133",2707492,32,0,"1",1,"D",.,"H",,"A"
"20133",2707492,32,1,"1",.,"A",34,"E","120","D"
"20133",2707492,32,2,"1",.,"A",4,"E","140","D"
"20133",2707492,32,3,"1",.,"A",210,"E","150","D"
"20133",2707492,32,4,"1",.,"A",6,"E","160","D"
"20133",2707492,32,5,"1",.,"A",25,"E","170","D"
"20133",2707492,32,6,"1",.,"A",21,"E","190","D"
"20133",2708702,26,0,"1",1,"D",.,"H",,"A"
"20133",2708702,26,1,"1",.,"A",47,"E","120","D"
"20133",2708702,26,2,"1",.,"A",7,"E","140","D"
"20133",2708702,26,3,"1",.,"A",282,"E","150","D"
"20133",2708702,26,4,"1",.,"A",37,"E","160","D"
"20133",2708702,26,5,"1",.,"A",17,"E","170","D"
"20133",2708702,26,6,"1",.,"A",568,"E","180","D"
"20133",2708702,26,7,"1",.,"A",42,"E","190","D"
"20133",2709682,78,0,"1",1,"D",.,"H",,"A"
"20133",2709682,78,1,"1",.,"A",130,"E","130","D"
"20133",2713032,44,0,"1",1,"D",.,"H",,"A"
"20133",2713032,44,1,"1",.,"A",15,"E","100","D"
"20133",2713032,44,2,"1",.,"A",5,"E","110","D"
"20133",2713032,44,3,"1",.,"A",9,"E","120","D"
"20133",2713032,44,4,"1",.,"A",1,"E","140","D"
"20133",2713032,44,5,"1",.,"A",57,"E","150","D"
"20133",2713032,44,6,"1",.,"A",7,"E","160","D"
"20133",2713032,44,7,"1",.,"A",3,"E","170","D"
"20133",2713032,44,8,"1",.,"A",115,"E","180","D"
"20133",2713032,44,9,"1",.,"A",14,"E","190","D"
"20133",2713032,44,10,"1",.,"A",8,"E","200","D"
"20133",2713032,44,11,"1",.,"A",8,"E","210","D"
"20133",2713032,44,12,"1",.,"A",8,"E","220","D"
"20133",2713145,28,0,"1",2,"D",.,"H",,"A"
"20133",2713145,28,1,"1",.,"A",490,"E","100","D"
"20133",2713145,28,2,"1",.,"A",137,"E","110","D"
"20133",2713145,28,3,"1",.,"A",304,"E","120","D"
"20133",2713145,28,4,"1",.,"A",944,"E","130","D"
"20133",2713145,28,5,"1",.,"A",58,"E","140","D"
"20133",2713145,28,6,"1",.,"A",1474,"E","150","D"
"20133",2713145,28,7,"1",.,"A",337,"E","160","D"
"20133",2713145,28,8,"1",.,"A",188,"E","170","D"
"20133",2713145,28,9,"1",.,"A",1020,"E","180","D"
"20133",2713145,28,10,"1",.,"A",192,"E","190","D"
"20133",2717133,13,0,"1",1,"D",.,"H",,"A"
"20133",2717133,13,1,"1",.,"A",8,"E","120","D"
"20133",2717133,13,2,"1",.,"A",1,"E","140","D"
"20133",2717133,13,3,"1",.,"A",53,"E","150","D"
"20133",2717133,13,4,"1",.,"A",6,"E","160","D"
"20133",2717133,13,5,"1",.,"A",3,"E","170","D"
"20133",2717133,13,6,"1",.,"A",102,"E","180","D"
"20133",2717133,13,7,"1",.,"A",7,"E","190","D"
"20133",2718405,8,0,"1",5,"D",.,"H",,"A"
"20133",2718405,8,1,"1",.,"A",8,"E","100","D"
"20133",2718405,8,2,"1",.,"A",1,"E","110","D"
"20133",2718405,8,3,"1",.,"A",2,"E","120","D"
"20133",2718405,8,4,"1",.,"A",8,"E","130","D"
"20133",2718405,8,5,"1",.,"A",14,"E","150","D"
"20133",2718405,8,6,"1",.,"A",1,"E","170","D"
"20133",2718405,8,7,"1",.,"A",18,"E","180","D"
"20133",2718405,8,8,"1",.,"A",1,"E","190","D"
"20133",2718405,8,9,"1",.,"A",2,"E","200","D"
"20133",2718405,8,10,"1",.,"A",2,"E","210","D"
"20133",2718405,8,11,"1",.,"A",3,"E","220","D"
"20133",2721225,15,0,"1",4,"D",.,"H",,"A"
"20133",2721225,15,1,"1",.,"A",51,"E","120","D"
"20133",2721225,15,2,"1",.,"A",6,"E","140","D"
"20133",2721225,15,3,"1",.,"A",305,"E","150","D"
"20133",2721225,15,4,"1",.,"A",57,"E","160","D"
"20133",2721225,15,5,"1",.,"A",19,"E","170","D"
"20133",2721225,15,6,"1",.,"A",12,"E","190","D"
"20133",2736494,33,0,"1",1,"D",.,"H",,"A"
"20133",2736494,33,1,"1",.,"A",55,"E","100","D"
"20133",2736494,33,2,"1",.,"A",13,"E","110","D"
"20133",2736494,33,3,"1",.,"A",26,"E","120","D"
"20133",2736494,33,4,"1",.,"A",98,"E","130","D"
"20133",2736494,33,5,"1",.,"A",3,"E","140","D"
"20133",2736494,33,6,"1",.,"A",174,"E","150","D"
"20133",2736494,33,7,"1",.,"A",14,"E","170","D"
"20133",2736494,33,8,"1",.,"A",228,"E","180","D"
"20133",2736494,33,9,"1",.,"A",19,"E","190","D"
"20133",2742933,26,0,"1",1,"D",.,"H",,"A"
"20133",2742933,26,1,"1",.,"A",27,"E","120","D"
"20133",2742933,26,2,"1",.,"A",3,"E","140","D"
"20133",2742933,26,3,"1",.,"A",114,"E","150","D"
"20133",2742933,26,4,"1",.,"A",26,"E","160","D"
"20133",2742933,26,5,"1",.,"A",14,"E","170","D"
"20133",2742933,26,6,"1",.,"A",79,"E","180","D"
"20133",2742933,26,7,"1",.,"A",14,"E","190","D"
"20133",2745805,12,0,"1",1,"D",.,"H",,"A"
"20133",2745805,12,1,"1",.,"A",21,"E","100","D"
"20133",2745805,12,2,"1",.,"A",10,"E","110","D"
"20133",2745805,12,3,"1",.,"A",18,"E","120","D"
"20133",2745805,12,4,"1",.,"A",2,"E","140","D"
"20133",2745805,12,5,"1",.,"A",113,"E","150","D"
"20133",2745805,12,6,"1",.,"A",21,"E","160","D"
"20133",2745805,12,7,"1",.,"A",11,"E","170","D"
"20133",2745805,12,8,"1",.,"A",4,"E","190","D"
"20134",2613495,44,0,"1",1,"D",.,"H",,"A"
"20134",2613495,44,1,"1",.,"A",34,"E","100","D"
"20134",2613495,44,2,"1",.,"A",16,"E","110","D"
"20134",2613495,44,3,"1",.,"A",14,"E","120","D"
"20134",2613495,44,4,"1",.,"A",64,"E","130","D"
"20134",2613495,44,5,"1",.,"A",2,"E","140","D"
"20134",2613495,44,6,"1",.,"A",108,"E","150","D"
"20134",2613495,44,7,"1",.,"A",17,"E","160","D"
"20134",2613495,44,8,"1",.,"A",7,"E","170","D"
"20134",2613495,44,9,"1",.,"A",89,"E","180","D"
"20134",2613495,44,10,"1",.,"A",13,"E","190","D"
"20134",2613495,44,11,"1",.,"A",15,"E","200","D"
"20134",2613495,44,12,"1",.,"A",21,"E","210","D"
"20134",2613495,44,13,"1",.,"A",14,"E","220","D"
"20134",2614445,30,0,"1",1,"D",.,"H",,"A"
"20134",2614445,30,1,"1",.,"A",79,"E","100","D"
"20134",2614445,30,2,"1",.,"A",15,"E","110","D"
"20134",2614445,30,3,"1",.,"A",33,"E","120","D"
"20134",2614445,30,4,"1",.,"A",5,"E","140","D"
"20134",2614445,30,5,"1",.,"A",232,"E","150","D"
"20134",2614445,30,6,"1",.,"A",71,"E","160","D"
"20134",2614445,30,7,"1",.,"A",34,"E","170","D"
"20134",2614445,30,8,"1",.,"A",31,"E","190","D"
"20134",2616125,52,0,"1",1,"D",.,"H",,"A"
"20134",2616125,52,1,"1",.,"A",301,"E","200","D"
"20134",2616125,52,2,"1",.,"A",417,"E","210","D"
"20134",2616125,52,3,"1",.,"A",282,"E","220","D"
"20134",2622535,50,0,"1",1,"D",.,"H",,"A"
"20134",2622535,50,1,"1",.,"A",21,"E","120","D"
"20134",2622535,50,2,"1",.,"A",2,"E","140","D"
"20134",2622535,50,3,"1",.,"A",128,"E","150","D"
"20134",2622535,50,4,"1",.,"A",20,"E","160","D"
"20134",2622535,50,5,"1",.,"A",8,"E","170","D"
"20134",2622535,50,6,"1",.,"A",105,"E","180","D"
"20134",2622535,50,7,"1",.,"A",16,"E","190","D"
"20134",2624765,52,0,"1",1,"D",.,"H",,"A"
"20134",2624765,52,1,"1",.,"A",42,"E","100","D"
"20134",2624765,52,2,"1",.,"A",12,"E","110","D"
"20134",2624765,52,3,"1",.,"A",28,"E","120","D"
"20134",2624765,52,4,"1",.,"A",87,"E","130","D"
"20134",2624765,52,5,"1",.,"A",4,"E","140","D"
"20134",2624765,52,6,"1",.,"A",146,"E","150","D"
"20134",2624765,52,7,"1",.,"A",409,"E","160","D"
"20134",2624765,52,8,"1",.,"A",12,"E","170","D"
"20134",2624765,52,9,"1",.,"A",49,"E","190","D"
"20134",2625605,53,0,"1",1,"D",.,"H",,"A"
"20134",2625605,53,1,"1",.,"A",82,"E","200","D"
"20134",2625605,53,2,"1",.,"A",98,"E","210","D"
"20134",2625605,53,3,"1",.,"A",20,"E","220","D"
"20134",2625925,45,0,"1",1,"D",.,"H",,"A"
"20134",2625925,45,1,"1",.,"A",61,"E","120","D"
"20134",2625925,45,2,"1",.,"A",9,"E","140","D"
"20134",2625925,45,3,"1",.,"A",446,"E","150","D"
"20134",2625925,45,4,"1",.,"A",71,"E","160","D"
"20134",2625925,45,5,"1",.,"A",30,"E","170","D"
"20134",2625925,45,6,"1",.,"A",367,"E","180","D"
"20134",2625925,45,7,"1",.,"A",61,"E","190","D"
"20134",2632695,55,0,"1",1,"D",.,"H",,"A"
"20134",2632695,55,1,"1",.,"A",17,"E","120","D"
"20134",2632695,55,2,"1",.,"A",2,"E","140","D"
"20134",2632695,55,3,"1",.,"A",106,"E","150","D"
"20134",2632695,55,4,"1",.,"A",17,"E","160","D"
"20134",2632695,55,5,"1",.,"A",7,"E","170","D"
"20134",2632695,55,6,"1",.,"A",88,"E","180","D"
"20134",2632695,55,7,"1",.,"A",13,"E","190","D"
"20134",2635325,33,0,"1",1,"D",.,"H",,"A"
"20134",2635325,33,1,"1",.,"A",99,"E","120","D"
"20134",2635325,33,2,"1",.,"A",16,"E","140","D"
"20134",2635325,33,3,"1",.,"A",679,"E","150","D"
"20134",2635325,33,4,"1",.,"A",74,"E","160","D"
"20134",2635325,33,5,"1",.,"A",128,"E","170","D"
"20134",2635325,33,6,"1",.,"A",78,"E","190","D"
"20134",2635785,24,0,"1",1,"D",.,"H",,"A"
"20134",2635785,24,1,"1",.,"A",5,"E","120","D"
"20134",2635785,24,2,"1",.,"A",17,"E","150","D"
"20134",2635785,24,3,"1",.,"A",6,"E","160","D"
"20134",2635785,24,4,"1",.,"A",1,"E","170","D"
"20134",2635785,24,5,"1",.,"A",1,"E","190","D"
"20134",2638605,78,0,"1",1,"D",.,"H",,"A"
"20134",2638605,78,1,"1",.,"A",41,"E","120","D"
"20134",2638605,78,2,"1",.,"A",6,"E","140","D"
"20134",2638605,78,3,"1",.,"A",277,"E","150","D"
"20134",2638605,78,4,"1",.,"A",44,"E","160","D"
"20134",2638605,78,5,"1",.,"A",19,"E","170","D"
"20134",2638605,78,6,"1",.,"A",228,"E","180","D"
"20134",2638605,78,7,"1",.,"A",35,"E","190","D"
"20134",2639245,61,0,"1",1,"D",.,"H",,"A"
"20134",2639245,61,1,"1",.,"A",56,"E","120","D"
"20134",2639245,61,2,"1",.,"A",243,"E","130","D"
"20134",2639245,61,3,"1",.,"A",8,"E","140","D"
"20134",2639245,61,4,"1",.,"A",412,"E","150","D"
"20134",2639245,61,5,"1",.,"A",65,"E","160","D"
"20134",2639245,61,6,"1",.,"A",28,"E","170","D"
"20134",2639245,61,7,"1",.,"A",336,"E","180","D"
"20134",2639245,61,8,"1",.,"A",52,"E","190","D"
"20134",2642885,47,0,"1",1,"D",.,"H",,"A"
"20134",2642885,47,1,"1",.,"A",21,"E","120","D"
"20134",2642885,47,2,"1",.,"A",2,"E","140","D"
"20134",2642885,47,3,"1",.,"A",91,"E","150","D"
"20134",2642885,47,4,"1",.,"A",260,"E","160","D"
"20134",2642885,47,5,"1",.,"A",7,"E","170","D"
"20134",2642885,47,6,"1",.,"A",31,"E","190","D"
"20134",2644995,83,0,"1",2,"D",.,"H",,"A"
"20134",2644995,83,1,"1",.,"A",80,"E","100","D"
"20134",2644995,83,2,"1",.,"A",21,"E","110","D"
"20134",2644995,83,3,"1",.,"A",35,"E","120","D"
"20134",2644995,83,4,"1",.,"A",5,"E","140","D"
"20134",2644995,83,5,"1",.,"A",260,"E","150","D"
"20134",2644995,83,6,"1",.,"A",40,"E","160","D"
"20134",2644995,83,7,"1",.,"A",17,"E","170","D"
"20134",2644995,83,8,"1",.,"A",210,"E","180","D"
"20134",2644995,83,9,"1",.,"A",32,"E","190","D"
"20134",2645725,62,0,"1",1,"D",.,"H",,"A"
"20134",2645725,62,1,"1",.,"A",26,"E","100","D"
"20134",2645725,62,2,"1",.,"A",6,"E","110","D"
"20134",2645725,62,3,"1",.,"A",10,"E","120","D"
"20134",2645725,62,4,"1",.,"A",1,"E","140","D"
"20134",2645725,62,5,"1",.,"A",72,"E","150","D"
"20134",2645725,62,6,"1",.,"A",11,"E","160","D"
"20134",2645725,62,7,"1",.,"A",5,"E","170","D"
"20134",2645725,62,8,"1",.,"A",60,"E","180","D"
"20134",2645725,62,9,"1",.,"A",9,"E","190","D"
"20134",2649964,29,0,"1",1,"D",.,"H",,"A"
"20134",2649964,29,1,"1",.,"A",26,"E","120","D"
"20134",2649964,29,2,"1",.,"A",4,"E","140","D"
"20134",2649964,29,3,"1",.,"A",166,"E","150","D"
"20134",2649964,29,4,"1",.,"A",60,"E","160","D"
"20134",2649964,29,5,"1",.,"A",10,"E","170","D"
"20134",2649964,29,6,"1",.,"A",18,"E","190","D"
"20134",2649964,29,7,"1",.,"A",31,"E","200","D"
"20134",2649964,29,8,"1",.,"A",28,"E","210","D"
"20134",2649964,29,9,"1",.,"A",37,"E","220","D"
"20134",2651204,50,0,"1",3,"D",.,"H",,"A"
"20134",2651204,50,1,"1",.,"A",161,"E","120","D"
"20134",2651204,50,2,"1",.,"A",25,"E","140","D"
"20134",2651204,50,3,"1",.,"A",1169,"E","150","D"
"20134",2651204,50,4,"1",.,"A",187,"E","160","D"
"20134",2651204,50,5,"1",.,"A",80,"E","170","D"
"20134",2651204,50,6,"1",.,"A",964,"E","180","D"
"20134",2651204,50,7,"1",.,"A",150,"E","190","D"
"20134",2651204,50,8,"1",.,"A",172,"E","200","D"
"20134",2651204,50,9,"1",.,"A",234,"E","210","D"
"20134",2651204,50,10,"1",.,"A",158,"E","220","D"
"20134",2658594,33,0,"1",1,"D",.,"H",,"A"
"20134",2658594,33,1,"1",.,"A",9,"E","100","D"
"20134",2658594,33,2,"1",.,"A",3,"E","110","D"
"20134",2658594,33,3,"1",.,"A",10,"E","120","D"
"20134",2658594,33,4,"1",.,"A",17,"E","130","D"
"20134",2658594,33,5,"1",.,"A",32,"E","150","D"
"20134",2658594,33,6,"1",.,"A",3,"E","160","D"
"20134",2658594,33,7,"1",.,"A",1,"E","170","D"
"20134",2658594,33,8,"1",.,"A",19,"E","180","D"
"20134",2658594,33,9,"1",.,"A",6,"E","190","D"
"20134",2659454,31,0,"1",1,"D",.,"H",,"A"
"20134",2659454,31,1,"1",.,"A",31,"E","120","D"
"20134",2659454,31,2,"1",.,"A",4,"E","140","D"
"20134",2659454,31,3,"1",.,"A",173,"E","150","D"
"20134",2659454,31,4,"1",.,"A",63,"E","160","D"
"20134",2659454,31,5,"1",.,"A",10,"E","170","D"
"20134",2659454,31,6,"1",.,"A",19,"E","190","D"
"20134",2661594,86,0,"1",1,"D",.,"H",,"A"
"20134",2661594,86,1,"1",.,"A",588,"E","120","D"
"20134",2661594,86,2,"1",.,"A",92,"E","140","D"
"20134",2661594,86,3,"1",.,"A",4272,"E","150","D"
"20134",2661594,86,4,"1",.,"A",684,"E","160","D"
"20134",2661594,86,5,"1",.,"A",295,"E","170","D"
"20134",2661594,86,6,"1",.,"A",3521,"E","180","D"
"20134",2661594,86,7,"1",.,"A",548,"E","190","D"
"20134",2664194,29,0,"1",1,"D",.,"H",,"A"
"20134",2664194,29,1,"1",.,"A",58,"E","100","D"
"20134",2664194,29,2,"1",.,"A",15,"E","110","D"
"20134",2664194,29,3,"1",.,"A",35,"E","120","D"
"20134",2664194,29,4,"1",.,"A",5,"E","140","D"
"20134",2664194,29,5,"1",.,"A",183,"E","150","D"
"20134",2664194,29,6,"1",.,"A",524,"E","160","D"
"20134",2664194,29,7,"1",.,"A",16,"E","170","D"
"20134",2664194,29,8,"1",.,"A",64,"E","190","D"
"20134",2667584,75,0,"1",1,"D",.,"H",,"A"
"20134",2667584,75,1,"1",.,"A",138,"E","120","D"
"20134",2667584,75,2,"1",.,"A",21,"E","140","D"
"20134",2667584,75,3,"1",.,"A",864,"E","150","D"
"20134",2667584,75,4,"1",.,"A",315,"E","160","D"
"20134",2667584,75,5,"1",.,"A",52,"E","170","D"
"20134",2667584,75,6,"1",.,"A",95,"E","190","D"
"20134",2668584,54,0,"1",1,"D",.,"H",,"A"
"20134",2668584,54,1,"1",.,"A",225,"E","100","D"
"20134",2668584,54,2,"1",.,"A",61,"E","110","D"
"20134",2668584,54,3,"1",.,"A",99,"E","120","D"
"20134",2668584,54,4,"1",.,"A",429,"E","130","D"
"20134",2668584,54,5,"1",.,"A",15,"E","140","D"
"20134",2668584,54,6,"1",.,"A",718,"E","150","D"
"20134",2668584,54,7,"1",.,"A",120,"E","160","D"
"20134",2668584,54,8,"1",.,"A",49,"E","170","D"
"20134",2668584,54,9,"1",.,"A",592,"E","180","D"
"20134",2668584,54,10,"1",.,"A",92,"E","190","D"
"20134",2669804,64,0,"1",1,"D",.,"H",,"A"
"20134",2669804,64,1,"1",.,"A",80,"E","100","D"
"20134",2669804,64,2,"1",.,"A",25,"E","110","D"
"20134",2669804,64,3,"1",.,"A",41,"E","120","D"
"20134",2669804,64,4,"1",.,"A",139,"E","130","D"
"20134",2669804,64,5,"1",.,"A",5,"E","140","D"
"20134",2669804,64,6,"1",.,"A",253,"E","150","D"
"20134",2669804,64,7,"1",.,"A",26,"E","160","D"
"20134",2669804,64,8,"1",.,"A",13,"E","170","D"
"20134",2669804,64,9,"1",.,"A",150,"E","180","D"
"20134",2669804,64,10,"1",.,"A",48,"E","190","D"
"20134",2669834,58,0,"1",1,"D",.,"H",,"A"
"20134",2669834,58,1,"1",.,"A",21,"E","120","D"
"20134",2669834,58,2,"1",.,"A",2,"E","140","D"
"20134",2669834,58,3,"1",.,"A",128,"E","150","D"
"20134",2669834,58,4,"1",.,"A",20,"E","160","D"
"20134",2669834,58,5,"1",.,"A",8,"E","170","D"
"20134",2669834,58,6,"1",.,"A",105,"E","180","D"
"20134",2669834,58,7,"1",.,"A",16,"E","190","D"
"20134",2669914,50,0,"1",1,"D",.,"H",,"A"
"20134",2669914,50,1,"1",.,"A",28,"E","120","D"
"20134",2669914,50,2,"1",.,"A",3,"E","140","D"
"20134",2669914,50,3,"1",.,"A",170,"E","150","D"
"20134",2669914,50,4,"1",.,"A",27,"E","160","D"
"20134",2669914,50,5,"1",.,"A",11,"E","170","D"
"20134",2669914,50,6,"1",.,"A",140,"E","180","D"
"20134",2669914,50,7,"1",.,"A",21,"E","190","D"
"20134",2670344,32,0,"1",1,"D",.,"H",,"A"
"20134",2670344,32,1,"1",.,"A",28,"E","100","D"
"20134",2670344,32,2,"1",.,"A",6,"E","110","D"
"20134",2670344,32,3,"1",.,"A",10,"E","120","D"
"20134",2670344,32,4,"1",.,"A",44,"E","130","D"
"20134",2670344,32,5,"1",.,"A",1,"E","140","D"
"20134",2670344,32,6,"1",.,"A",74,"E","150","D"
"20134",2670344,32,7,"1",.,"A",12,"E","160","D"
"20134",2670344,32,8,"1",.,"A",5,"E","170","D"
"20134",2670344,32,9,"1",.,"A",61,"E","180","D"
"20134",2670344,32,10,"1",.,"A",9,"E","190","D"
"20134",2670974,64,0,"1",2,"D",.,"H",,"A"
"20134",2670974,64,1,"1",.,"A",78,"E","120","D"
"20134",2670974,64,2,"1",.,"A",11,"E","140","D"
"20134",2670974,64,3,"1",.,"A",463,"E","150","D"
"20134",2670974,64,4,"1",.,"A",169,"E","160","D"
"20134",2670974,64,5,"1",.,"A",28,"E","170","D"
"20134",2670974,64,6,"1",.,"A",51,"E","190","D"
"20134",2674154,29,0,"1",1,"D",.,"H",,"A"
"20134",2674154,29,1,"1",.,"A",26,"E","100","D"
"20134",2674154,29,2,"1",.,"A",6,"E","110","D"
"20134",2674154,29,3,"1",.,"A",10,"E","120","D"
"20134",2674154,29,4,"1",.,"A",1,"E","140","D"
"20134",2674154,29,5,"1",.,"A",72,"E","150","D"
"20134",2674154,29,6,"1",.,"A",11,"E","160","D"
"20134",2674154,29,7,"1",.,"A",5,"E","170","D"
"20134",2674154,29,8,"1",.,"A",60,"E","180","D"
"20134",2674154,29,9,"1",.,"A",9,"E","190","D"
"20134",2674924,32,0,"1",1,"D",.,"H",,"A"
"20134",2674924,32,1,"1",.,"A",29,"E","100","D"
"20134",2674924,32,2,"1",.,"A",7,"E","110","D"
"20134",2674924,32,3,"1",.,"A",15,"E","120","D"
"20134",2674924,32,4,"1",.,"A",2,"E","140","D"
"20134",2674924,32,5,"1",.,"A",97,"E","150","D"
"20134",2674924,32,6,"1",.,"A",35,"E","160","D"
"20134",2674924,32,7,"1",.,"A",5,"E","170","D"
"20134",2674924,32,8,"1",.,"A",10,"E","190","D"
"20134",2677194,65,0,"1",1,"D",.,"H",,"A"
"20134",2677194,65,1,"1",.,"A",113,"E","100","D"
"20134",2677194,65,2,"1",.,"A",41,"E","110","D"
"20134",2677194,65,3,"1",.,"A",170,"E","130","D"
"20134",2677194,65,4,"1",.,"A",79,"E","200","D"
"20134",2677194,65,5,"1",.,"A",82,"E","210","D"
"20134",2677194,65,6,"1",.,"A",65,"E","220","D"
"20134",2679504,33,0,"1",3,"D",.,"H",,"A"
"20134",2679504,33,1,"1",.,"A",138,"E","200","D"
"20134",2679504,33,2,"1",.,"A",153,"E","210","D"
"20134",2679504,33,3,"1",.,"A",99,"E","220","D"
"20134",2679644,24,0,"1",2,"D",.,"H",,"A"
"20134",2679644,24,1,"1",.,"A",190,"E","100","D"
"20134",2679644,24,2,"1",.,"A",40,"E","110","D"
"20134",2679644,24,3,"1",.,"A",88,"E","120","D"
"20134",2679644,24,4,"1",.,"A",330,"E","130","D"
"20134",2679644,24,5,"1",.,"A",13,"E","140","D"
"20134",2679644,24,6,"1",.,"A",590,"E","150","D"
"20134",2679644,24,7,"1",.,"A",181,"E","160","D"
"20134",2679644,24,8,"1",.,"A",88,"E","170","D"
"20134",2679644,24,9,"1",.,"A",80,"E","190","D"
"20134",2681733,30,0,"1",1,"D",.,"H",,"A"
"20134",2681733,30,1,"1",.,"A",296,"E","120","D"
"20134",2681733,30,2,"1",.,"A",48,"E","140","D"
"20134",2681733,30,3,"1",.,"A",2017,"E","150","D"
"20134",2681733,30,4,"1",.,"A",223,"E","160","D"
"20134",2681733,30,5,"1",.,"A",382,"E","170","D"
"20134",2681733,30,6,"1",.,"A",234,"E","190","D"
"20134",2682093,17,0,"1",1,"D",.,"H",,"A"
"20134",2682093,17,1,"1",.,"A",9,"E","100","D"
"20134",2682093,17,2,"1",.,"A",2,"E","110","D"
"20134",2682093,17,3,"1",.,"A",6,"E","120","D"
"20134",2682093,17,4,"1",.,"A",19,"E","130","D"
"20134",2682093,17,5,"1",.,"A",32,"E","150","D"
"20134",2682093,17,6,"1",.,"A",93,"E","160","D"
"20134",2682093,17,7,"1",.,"A",2,"E","170","D"
"20134",2682093,17,8,"1",.,"A",11,"E","190","D"
"20134",2682093,17,9,"1",.,"A",12,"E","200","D"
"20134",2682093,17,10,"1",.,"A",5,"E","210","D"
"20134",2682093,17,11,"1",.,"A",9,"E","220","D"
"20134",2687353,43,0,"1",1,"D",.,"H",,"A"
"20134",2687353,43,1,"1",.,"A",26,"E","100","D"
"20134",2687353,43,2,"1",.,"A",8,"E","110","D"
"20134",2687353,43,3,"1",.,"A",17,"E","120","D"
"20134",2687353,43,4,"1",.,"A",64,"E","130","D"
"20134",2687353,43,5,"1",.,"A",2,"E","140","D"
"20134",2687353,43,6,"1",.,"A",110,"E","150","D"
"20134",2687353,43,7,"1",.,"A",40,"E","160","D"
"20134",2687353,43,8,"1",.,"A",6,"E","170","D"
"20134",2687353,43,9,"1",.,"A",12,"E","190","D"
"20134",2687353,43,10,"1",.,"A",21,"E","200","D"
"20134",2687353,43,11,"1",.,"A",19,"E","210","D"
"20134",2687353,43,12,"1",.,"A",25,"E","220","D"
"20134",2688373,40,0,"1",2,"D",.,"H",,"A"
"20134",2688373,40,1,"1",.,"A",16,"E","100","D"
"20134",2688373,40,2,"1",.,"A",4,"E","110","D"
"20134",2688373,40,3,"1",.,"A",7,"E","120","D"
"20134",2688373,40,4,"1",.,"A",36,"E","130","D"
"20134",2688373,40,5,"1",.,"A",1,"E","140","D"
"20134",2688373,40,6,"1",.,"A",52,"E","150","D"
"20134",2688373,40,7,"1",.,"A",8,"E","160","D"
"20134",2688373,40,8,"1",.,"A",3,"E","170","D"
"20134",2688373,40,9,"1",.,"A",43,"E","180","D"
"20134",2688373,40,10,"1",.,"A",6,"E","190","D"
"20134",2688373,40,11,"1",.,"A",7,"E","200","D"
"20134",2688373,40,12,"1",.,"A",10,"E","210","D"
"20134",2688373,40,13,"1",.,"A",7,"E","220","D"
"20134",2690493,57,0,"1",1,"D",.,"H",,"A"
"20134",2690493,57,1,"1",.,"A",19,"E","100","D"
"20134",2690493,57,2,"1",.,"A",4,"E","110","D"
"20134",2690493,57,3,"1",.,"A",9,"E","120","D"
"20134",2690493,57,4,"1",.,"A",1,"E","140","D"
"20134",2690493,57,5,"1",.,"A",51,"E","150","D"
"20134",2690493,57,6,"1",.,"A",145,"E","160","D"
"20134",2690493,57,7,"1",.,"A",4,"E","170","D"
"20134",2690493,57,8,"1",.,"A",17,"E","190","D"
"20134",2692893,58,0,"1",1,"D",.,"H",,"A"
"20134",2692893,58,1,"1",.,"A",45,"E","120","D"
"20134",2692893,58,2,"1",.,"A",6,"E","140","D"
"20134",2692893,58,3,"1",.,"A",298,"E","150","D"
"20134",2692893,58,4,"1",.,"A",47,"E","160","D"
"20134",2692893,58,5,"1",.,"A",20,"E","170","D"
"20134",2692893,58,6,"1",.,"A",246,"E","180","D"
"20134",2692893,58,7,"1",.,"A",38,"E","190","D"
"20134",2694653,61,0,"1",1,"D",.,"H",,"A"
"20134",2694653,61,1,"1",.,"A",94,"E","120","D"
"20134",2694653,61,2,"1",.,"A",14,"E","140","D"
"20134",2694653,61,3,"1",.,"A",661,"E","150","D"
"20134",2694653,61,4,"1",.,"A",106,"E","160","D"
"20134",2694653,61,5,"1",.,"A",45,"E","170","D"
"20134",2694653,61,6,"1",.,"A",545,"E","180","D"
"20134",2694653,61,7,"1",.,"A",85,"E","190","D"
"20134",2695293,24,0,"1",1,"D",.,"H",,"A"
"20134",2695293,24,1,"1",.,"A",17,"E","120","D"
"20134",2695293,24,2,"1",.,"A",2,"E","140","D"
"20134",2695293,24,3,"1",.,"A",86,"E","150","D"
"20134",2695293,24,4,"1",.,"A",31,"E","160","D"
"20134",2695293,24,5,"1",.,"A",5,"E","170","D"
"20134",2695293,24,6,"1",.,"A",9,"E","190","D"
"20134",2701043,32,0,"1",1,"D",.,"H",,"A"
"20134",2701043,32,1,"1",.,"A",25,"E","100","D"
"20134",2701043,32,2,"1",.,"A",5,"E","110","D"
"20134",2701633,66,0,"1",1,"D",.,"H",,"A"
"20134",2701633,66,1,"1",.,"A",11,"E","100","D"
"20134",2701633,66,2,"1",.,"A",2,"E","110","D"
"20134",2701633,66,3,"1",.,"A",17,"E","130","D"
"20134",2702313,55,0,"1",1,"D",.,"H",,"A"
"20134",2702313,55,1,"1",.,"A",230,"E","100","D"
"20134",2702313,55,2,"1",.,"A",70,"E","110","D"
"20134",2702313,55,3,"1",.,"A",159,"E","120","D"
"20134",2702313,55,4,"1",.,"A",501,"E","130","D"
"20134",2702313,55,5,"1",.,"A",23,"E","140","D"
"20134",2702313,55,6,"1",.,"A",948,"E","150","D"
"20134",2702313,55,7,"1",.,"A",347,"E","160","D"
"20134",2702313,55,8,"1",.,"A",58,"E","170","D"
"20134",2702313,55,9,"1",.,"A",104,"E","190","D"
"20134",2702313,55,10,"1",.,"A",182,"E","200","D"
"20134",2702313,55,11,"1",.,"A",163,"E","210","D"
"20134",2702313,55,12,"1",.,"A",215,"E","220","D"
"20134",2706323,53,0,"1",1,"D",.,"H",,"A"
"20134",2706323,53,1,"1",.,"A",62,"E","120","D"
"20134",2706323,53,2,"1",.,"A",9,"E","140","D"
"20134",2706323,53,3,"1",.,"A",426,"E","150","D"
"20134",2706323,53,4,"1",.,"A",68,"E","160","D"
"20134",2706323,53,5,"1",.,"A",29,"E","170","D"
"20134",2706323,53,6,"1",.,"A",352,"E","180","D"
"20134",2706323,53,7,"1",.,"A",54,"E","190","D"
"20134",2708343,55,0,"1",1,"D",.,"H",,"A"
"20134",2708343,55,1,"1",.,"A",20,"E","120","D"
"20134",2708343,55,2,"1",.,"A",6,"E","140","D"
"20134",2708343,55,3,"1",.,"A",149,"E","150","D"
"20134",2708343,55,4,"1",.,"A",23,"E","160","D"
"20134",2708343,55,5,"1",.,"A",10,"E","170","D"
"20134",2708343,55,6,"1",.,"A",123,"E","180","D"
"20134",2708343,55,7,"1",.,"A",19,"E","190","D"
"20134",2708473,26,0,"1",1,"D",.,"H",,"A"
"20134",2708473,26,1,"1",.,"A",18,"E","120","D"
"20134",2708473,26,2,"1",.,"A",2,"E","140","D"
"20134",2708473,26,3,"1",.,"A",92,"E","150","D"
"20134",2708473,26,4,"1",.,"A",33,"E","160","D"
"20134",2708473,26,5,"1",.,"A",5,"E","170","D"
"20134",2708473,26,6,"1",.,"A",10,"E","190","D"
"20134",2709443,41,0,"1",1,"D",.,"H",,"A"
"20134",2709443,41,1,"1",.,"A",15,"E","120","D"
"20134",2709443,41,2,"1",.,"A",2,"E","140","D"
"20134",2709443,41,3,"1",.,"A",94,"E","150","D"
"20134",2709443,41,4,"1",.,"A",9,"E","160","D"
"20134",2709443,41,5,"1",.,"A",4,"E","170","D"
"20134",2709443,41,6,"1",.,"A",55,"E","180","D"
"20134",2709443,41,7,"1",.,"A",21,"E","190","D"
"20134",2712873,69,0,"1",1,"D",.,"H",,"A"
"20134",2712873,69,1,"1",.,"A",35,"E","120","D"
"20134",2712873,69,2,"1",.,"A",5,"E","140","D"
"20134",2712873,69,3,"1",.,"A",256,"E","150","D"
"20134",2712873,69,4,"1",.,"A",41,"E","160","D"
"20134",2712873,69,5,"1",.,"A",17,"E","170","D"
"20134",2712873,69,6,"1",.,"A",211,"E","180","D"
"20134",2712873,69,7,"1",.,"A",35,"E","190","D"
"20134",2717452,27,0,"1",1,"D",.,"H",,"A"
"20134",2717452,27,1,"1",.,"A",126,"E","120","D"
"20134",2717452,27,2,"1",.,"A",19,"E","140","D"
"20134",2717452,27,3,"1",.,"A",896,"E","150","D"
"20134",2717452,27,4,"1",.,"A",143,"E","160","D"
"20134",2717452,27,5,"1",.,"A",62,"E","170","D"
"20134",2717452,27,6,"1",.,"A",739,"E","180","D"
"20134",2717452,27,7,"1",.,"A",115,"E","190","D"
"20134",2720472,30,0,"1",1,"D",.,"H",,"A"
"20134",2720472,30,1,"1",.,"A",47,"E","120","D"
"20134",2720472,30,2,"1",.,"A",5,"E","140","D"
"20134",2720472,30,3,"1",.,"A",268,"E","150","D"
"20134",2720472,30,4,"1",.,"A",28,"E","160","D"
"20134",2720472,30,5,"1",.,"A",14,"E","170","D"
"20134",2720472,30,6,"1",.,"A",158,"E","180","D"
"20134",2720472,30,7,"1",.,"A",50,"E","190","D"
"20134",2722382,26,0,"1",1,"D",.,"H",,"A"
"20134",2722382,26,1,"1",.,"A",111,"E","100","D"
"20134",2722382,26,2,"1",.,"A",30,"E","110","D"
"20134",2722382,26,3,"1",.,"A",49,"E","120","D"
"20134",2722382,26,4,"1",.,"A",212,"E","130","D"
"20134",2722382,26,5,"1",.,"A",12,"E","140","D"
"20134",2722382,26,6,"1",.,"A",356,"E","150","D"
"20134",2722382,26,7,"1",.,"A",57,"E","160","D"
"20134",2722382,26,8,"1",.,"A",24,"E","170","D"
"20134",2722382,26,9,"1",.,"A",294,"E","180","D"
"20134",2722382,26,10,"1",.,"A",45,"E","190","D"
"20134",2725762,28,0,"1",1,"D",.,"H",,"A"
"20134",2725762,28,1,"1",.,"A",10,"E","120","D"
"20134",2725762,28,2,"1",.,"A",33,"E","150","D"
"20134",2725762,28,3,"1",.,"A",94,"E","160","D"
"20134",2725762,28,4,"1",.,"A",2,"E","170","D"
"20134",2725762,28,5,"1",.,"A",11,"E","190","D"
"20134",2727552,26,0,"1",8,"D",.,"H",,"A"
"20134",2727552,26,1,"1",.,"A",137,"E","100","D"
"20134",2727552,26,2,"1",.,"A",37,"E","110","D"
"20134",2727552,26,3,"1",.,"A",60,"E","120","D"
"20134",2727552,26,4,"1",.,"A",9,"E","140","D"
"20134",2727552,26,5,"1",.,"A",440,"E","150","D"
"20134",2727552,26,6,"1",.,"A",70,"E","160","D"
"20134",2727552,26,7,"1",.,"A",30,"E","170","D"
"20134",2727552,26,8,"1",.,"A",361,"E","180","D"
"20134",2727552,26,9,"1",.,"A",56,"E","190","D"
"20134",2728362,28,0,"1",1,"D",.,"H",,"A"
"20134",2728362,28,1,"1",.,"A",134,"E","100","D"
"20134",2728362,28,2,"1",.,"A",28,"E","110","D"
"20134",2728362,28,3,"1",.,"A",64,"E","120","D"
"20134",2728362,28,4,"1",.,"A",233,"E","130","D"
"20134",2728362,28,5,"1",.,"A",9,"E","140","D"
"20134",2728362,28,6,"1",.,"A",417,"E","150","D"
"20134",2728362,28,7,"1",.,"A",128,"E","160","D"
"20134",2728362,28,8,"1",.,"A",62,"E","170","D"
"20134",2728362,28,9,"1",.,"A",57,"E","190","D"
"20134",2730612,34,0,"1",1,"D",.,"H",,"A"
"20134",2730612,34,1,"1",.,"A",207,"E","120","D"
"20134",2730612,34,2,"1",.,"A",33,"E","140","D"
"20134",2730612,34,3,"1",.,"A",1418,"E","150","D"
"20134",2730612,34,4,"1",.,"A",436,"E","160","D"
"20134",2730612,34,5,"1",.,"A",212,"E","170","D"
"20134",2730612,34,6,"1",.,"A",194,"E","190","D"
"20134",2732682,60,0,"1",1,"D",.,"H",,"A"
"20134",2732682,60,1,"1",.,"A",37,"E","100","D"
"20134",2732682,60,2,"1",.,"A",10,"E","110","D"
"20134",2736612,54,0,"1",1,"D",.,"H",,"A"
"20134",2736612,54,1,"1",.,"A",410,"E","100","D"
"20134",2736612,54,2,"1",.,"A",112,"E","110","D"
"20134",2736612,54,3,"1",.,"A",180,"E","120","D"
"20134",2736612,54,4,"1",.,"A",781,"E","130","D"
"20134",2736612,54,5,"1",.,"A",28,"E","140","D"
"20134",2736612,54,6,"1",.,"A",1315,"E","150","D"
"20134",2736612,54,7,"1",.,"A",209,"E","160","D"
"20134",2736612,54,8,"1",.,"A",90,"E","170","D"
"20134",2736612,54,9,"1",.,"A",1080,"E","180","D"
"20134",2736612,54,10,"1",.,"A",168,"E","190","D"
"20134",2736612,54,11,"1",.,"A",188,"E","200","D"
"20134",2736612,54,12,"1",.,"A",262,"E","210","D"
"20134",2736612,54,13,"1",.,"A",177,"E","220","D"
"20134",2738042,35,0,"1",1,"D",.,"H",,"A"
"20134",2738042,35,1,"1",.,"A",139,"E","200","D"
"20134",2738042,35,2,"1",.,"A",170,"E","210","D"
"20134",2738042,35,3,"1",.,"A",291,"E","220","D"
"20134",2738482,56,0,"1",2,"D",.,"H",,"A"
"20134",2738482,56,1,"1",.,"A",32,"E","100","D"
"20134",2738482,56,2,"1",.,"A",8,"E","110","D"
"20134",2739812,77,0,"1",1,"D",.,"H",,"A"
"20134",2739812,77,1,"1",.,"A",1,"E","120","D"
"20134",2739812,77,2,"1",.,"A",3,"E","140","D"
"20134",2739812,77,3,"1",.,"A",11,"E","150","D"
"20134",2739812,77,4,"1",.,"A",4,"E","160","D"
"20134",2739812,77,5,"1",.,"A",1,"E","190","D"
"20134",2741802,40,0,"1",1,"D",.,"H",,"A"
"20134",2741802,40,1,"1",.,"A",26,"E","100","D"
"20134",2741802,40,2,"1",.,"A",23,"E","110","D"
"20134",2741802,40,3,"1",.,"A",18,"E","120","D"
"20134",2741802,40,4,"1",.,"A",2,"E","140","D"
"20134",2741802,40,5,"1",.,"A",94,"E","150","D"
"20134",2741802,40,6,"1",.,"A",10,"E","160","D"
"20134",2741802,40,7,"1",.,"A",17,"E","170","D"
"20134",2741802,40,8,"1",.,"A",10,"E","190","D"
"20134",2743422,45,0,"1",2,"D",.,"H",,"A"
"20134",2743422,45,1,"1",.,"A",365,"E","120","D"
"20134",2743422,45,2,"1",.,"A",50,"E","140","D"
"20134",2743422,45,3,"1",.,"A",1329,"E","150","D"
"20134",2743422,45,4,"1",.,"A",156,"E","160","D"
"20134",2743422,45,5,"1",.,"A",176,"E","170","D"
"20134",2743422,45,6,"1",.,"A",324,"E","190","D"
"20141",2649535,108,0,"1",2,"D",.,"H",,"A"
"20141",2649535,108,1,"1",.,"A",1277,"E","100","D"
"20141",2649535,108,2,"1",.,"A",344,"E","110","D"
"20141",2649535,108,3,"1",.,"A",2379,"E","130","D"
"20141",2650825,42,0,"1",1,"D",.,"H",,"A"
"20141",2650825,42,1,"1",.,"A",33,"E","100","D"
"20141",2650825,42,2,"1",.,"A",7,"E","110","D"
"20141",2650825,42,3,"1",.,"A",12,"E","120","D"
"20141",2650825,42,4,"1",.,"A",52,"E","130","D"
"20141",2650825,42,5,"1",.,"A",1,"E","140","D"
"20141",2650825,42,6,"1",.,"A",105,"E","150","D"
"20141",2650825,42,7,"1",.,"A",29,"E","160","D"
"20141",2650825,42,8,"1",.,"A",11,"E","170","D"
"20141",2650825,42,9,"1",.,"A",88,"E","180","D"
"20141",2650825,42,10,"1",.,"A",12,"E","190","D"
"20141",2652665,37,0,"1",1,"D",.,"H",,"A"
"20141",2652665,37,1,"1",.,"A",59,"E","100","D"
"20141",2652665,37,2,"1",.,"A",19,"E","110","D"
"20141",2652665,37,3,"1",.,"A",26,"E","200","D"
"20141",2652665,37,4,"1",.,"A",47,"E","210","D"
"20141",2652665,37,5,"1",.,"A",49,"E","220","D"
"20141",2654555,21,0,"1",1,"D",.,"H",,"A"
"20141",2654555,21,1,"1",.,"A",358,"E","100","D"
"20141",2654555,21,2,"1",.,"A",125,"E","110","D"
"20141",2654555,21,3,"1",.,"A",218,"E","120","D"
"20141",2654555,21,4,"1",.,"A",688,"E","130","D"
"20141",2654555,21,5,"1",.,"A",39,"E","140","D"
"20141",2654555,21,6,"1",.,"A",1238,"E","150","D"
"20141",2654555,21,7,"1",.,"A",143,"E","160","D"
"20141",2654555,21,8,"1",.,"A",158,"E","170","D"
"20141",2654555,21,9,"1",.,"A",366,"E","180","D"
"20141",2654555,21,10,"1",.,"A",167,"E","190","D"
"20141",2655095,42,0,"1",1,"D",.,"H",,"A"
"20141",2655095,42,1,"1",.,"A",11,"E","100","D"
"20141",2655095,42,2,"1",.,"A",1,"E","110","D"
"20141",2655095,42,3,"1",.,"A",2,"E","120","D"
"20141",2655095,42,4,"1",.,"A",10,"E","130","D"
"20141",2655095,42,5,"1",.,"A",17,"E","150","D"
"20141",2655095,42,6,"1",.,"A",3,"E","160","D"
"20141",2655095,42,7,"1",.,"A",2,"E","170","D"
"20141",2655095,42,8,"1",.,"A",2,"E","190","D"
"20141",2655095,42,9,"1",.,"A",4,"E","200","D"
"20141",2655095,42,10,"1",.,"A",4,"E","210","D"
"20141",2655095,42,11,"1",.,"A",4,"E","220","D"
"20141",2655365,63,0,"1",1,"D",.,"H",,"A"
"20141",2655365,63,1,"1",.,"A",30,"E","100","D"
"20141",2655365,63,2,"1",.,"A",8,"E","110","D"
"20141",2655365,63,3,"1",.,"A",17,"E","120","D"
"20141",2655365,63,4,"1",.,"A",62,"E","130","D"
"20141",2655365,63,5,"1",.,"A",3,"E","140","D"
"20141",2655365,63,6,"1",.,"A",110,"E","150","D"
"20141",2655365,63,7,"1",.,"A",17,"E","160","D"
"20141",2655365,63,8,"1",.,"A",13,"E","170","D"
"20141",2655365,63,9,"1",.,"A",57,"E","180","D"
"20141",2655365,63,10,"1",.,"A",10,"E","190","D"
"20141",2655655,51,0,"1",1,"D",.,"H",,"A"
"20141",2655655,51,1,"1",.,"A",4,"E","120","D"
"20141",2655655,51,2,"1",.,"A",32,"E","150","D"
"20141",2655655,51,3,"1",.,"A",4,"E","160","D"
"20141",2655655,51,4,"1",.,"A",3,"E","170","D"
"20141",2655655,51,5,"1",.,"A",15,"E","180","D"
"20141",2655655,51,6,"1",.,"A",2,"E","190","D"
"20141",2656225,46,0,"1",1,"D",.,"H",,"A"
"20141",2656225,46,1,"1",.,"A",80,"E","130","D"
"20141",2666905,37,0,"1",2,"D",.,"H",,"A"
"20141",2666905,37,1,"1",.,"A",1184,"E","100","D"
"20141",2666905,37,2,"1",.,"A",442,"E","110","D"
"20141",2666905,37,3,"1",.,"A",626,"E","120","D"
"20141",2666905,37,4,"1",.,"A",2519,"U","130","D"
"20141",2666905,37,5,"1",.,"A",110,"E","140","D"
"20141",2666905,37,6,"1",.,"A",4185,"E","150","D"
"20141",2666905,37,7,"1",.,"A",728,"E","160","D"
"20141",2666905,37,8,"1",.,"A",630,"E","170","D"
"20141",2666905,37,9,"1",.,"A",549,"E","190","D"
"20141",2667325,59,0,"1",1,"D",.,"H",,"A"
"20141",2667325,59,1,"1",.,"A",105,"E","130","D"
"20141",2673275,33,0,"1",1,"D",.,"H",,"A"
"20141",2673275,33,1,"1",.,"A",182,"E","100","D"
"20141",2673275,33,2,"1",.,"A",63,"E","110","D"
"20141",2673275,33,3,"1",.,"A",119,"E","120","D"
"20141",2673275,33,4,"1",.,"A",22,"E","140","D"
"20141",2673275,33,5,"1",.,"A",835,"E","150","D"
"20141",2673275,33,6,"1",.,"A",36,"E","160","D"
"20141",2673275,33,7,"1",.,"A",97,"E","170","D"
"20141",2673275,33,8,"1",.,"A",46,"E","190","D"
"20141",2674755,47,0,"1",1,"D",.,"H",,"A"
"20141",2674755,47,1,"1",.,"A",963,"E","130","D"
"20141",2674755,47,2,"1",.,"A",184,"E","200","D"
"20141",2674755,47,3,"1",.,"A",544,"E","210","D"
"20141",2674755,47,4,"1",.,"A",309,"E","220","D"
"20141",2674925,31,0,"1",1,"D",.,"H",,"A"
"20141",2674925,31,1,"1",.,"A",23,"E","100","D"
"20141",2674925,31,2,"1",.,"A",4,"E","110","D"
"20141",2674925,31,3,"1",.,"A",10,"E","120","D"
"20141",2674925,31,4,"1",.,"A",1,"E","140","D"
"20141",2674925,31,5,"1",.,"A",59,"E","150","D"
"20141",2674925,31,6,"1",.,"A",9,"E","160","D"
"20141",2674925,31,7,"1",.,"A",7,"E","170","D"
"20141",2674925,31,8,"1",.,"A",32,"E","180","D"
"20141",2674925,31,9,"1",.,"A",5,"E","190","D"
"20141",2677755,66,0,"1",1,"D",.,"H",,"A"
"20141",2677755,66,1,"1",.,"A",28,"E","120","D"
"20141",2677755,66,2,"1",.,"A",7,"E","140","D"
"20141",2677755,66,3,"1",.,"A",242,"E","150","D"
"20141",2677755,66,4,"1",.,"A",68,"E","160","D"
"20141",2677755,66,5,"1",.,"A",25,"E","170","D"
"20141",2677755,66,6,"1",.,"A",201,"E","180","D"
"20141",2677755,66,7,"1",.,"A",29,"E","190","D"
"20141",2678255,17,0,"1",1,"D",.,"H",,"A"
"20141",2678255,17,1,"1",.,"A",39,"E","120","D"
"20141",2678255,17,2,"1",.,"A",11,"E","140","D"
"20141",2678255,17,3,"1",.,"A",233,"E","150","D"
"20141",2678255,17,4,"1",.,"A",38,"E","160","D"
"20141",2678255,17,5,"1",.,"A",29,"E","170","D"
"20141",2678255,17,6,"1",.,"A",127,"E","180","D"
"20141",2678255,17,7,"1",.,"A",23,"E","190","D"
"20141",2678655,44,0,"1",1,"D",.,"H",,"A"
"20141",2678655,44,1,"1",.,"A",52,"E","120","D"
"20141",2678655,44,2,"1",.,"A",9,"E","140","D"
"20141",2678655,44,3,"1",.,"A",362,"E","150","D"
"20141",2678655,44,4,"1",.,"A",15,"E","160","D"
"20141",2678655,44,5,"1",.,"A",42,"E","170","D"
"20141",2678655,44,6,"1",.,"A",20,"E","190","D"
"20141",2682674,47,0,"1",2,"D",.,"H",,"A"
"20141",2682674,47,1,"1",.,"A",15,"E","120","D"
"20141",2682674,47,2,"1",.,"A",6,"E","140","D"
"20141",2682674,47,3,"1",.,"A",93,"E","150","D"
"20141",2682674,47,4,"1",.,"A",15,"E","160","D"
"20141",2682674,47,5,"1",.,"A",11,"E","170","D"
"20141",2682674,47,6,"1",.,"A",51,"E","180","D"
"20141",2682674,47,7,"1",.,"A",9,"E","190","D"
"20141",2682944,34,0,"1",1,"D",.,"H",,"A"
"20141",2682944,34,1,"1",.,"A",41,"E","120","D"
"20141",2682944,34,2,"1",.,"A",113,"E","130","D"
"20141",2682944,34,3,"1",.,"A",6,"E","140","D"
"20141",2682944,34,4,"1",.,"A",204,"E","150","D"
"20141",2682944,34,5,"1",.,"A",23,"E","160","D"
"20141",2682944,34,6,"1",.,"A",26,"E","170","D"
"20141",2682944,34,7,"1",.,"A",60,"E","180","D"
"20141",2682944,34,8,"1",.,"A",27,"E","190","D"
"20141",2683124,35,0,"1",1,"D",.,"H",,"A"
"20141",2683124,35,1,"1",.,"A",57,"E","120","D"
"20141",2683124,35,2,"1",.,"A",9,"E","140","D"
"20141",2683124,35,3,"1",.,"A",350,"E","150","D"
"20141",2683124,35,4,"1",.,"A",23,"E","160","D"
"20141",2683124,35,5,"1",.,"A",37,"E","170","D"
"20141",2683124,35,6,"1",.,"A",1,"E","180","D"
"20141",2683124,35,7,"1",.,"A",23,"E","190","D"
"20141",2685494,44,0,"1",1,"D",.,"H",,"A"
"20141",2685494,44,1,"1",.,"A",18,"E","120","D"
"20141",2685494,44,2,"1",.,"A",3,"E","140","D"
"20141",2685494,44,3,"1",.,"A",124,"E","150","D"
"20141",2685494,44,4,"1",.,"A",21,"E","160","D"
"20141",2685494,44,5,"1",.,"A",18,"E","170","D"
"20141",2685494,44,6,"1",.,"A",15,"E","190","D"
"20141",2686814,26,0,"1",1,"D",.,"H",,"A"
"20141",2686814,26,1,"1",.,"A",29,"E","120","D"
"20141",2686814,26,2,"1",.,"A",4,"E","140","D"
"20141",2686814,26,3,"1",.,"A",154,"E","150","D"
"20141",2686814,26,4,"1",.,"A",25,"E","160","D"
"20141",2686814,26,5,"1",.,"A",19,"E","170","D"
"20141",2686814,26,6,"1",.,"A",84,"E","180","D"
"20141",2686814,26,7,"1",.,"A",15,"E","190","D"
"20141",2687484,37,0,"1",1,"D",.,"H",,"A"
"20141",2687484,37,1,"1",.,"A",4,"E","120","D"
"20141",2687484,37,2,"1",.,"A",39,"E","150","D"
"20141",2687484,37,3,"1",.,"A",1,"E","160","D"
"20141",2687484,37,4,"1",.,"A",4,"E","170","D"
"20141",2687484,37,5,"1",.,"A",2,"E","190","D"
"20141",2689244,73,0,"1",1,"D",.,"H",,"A"
"20141",2689244,73,1,"1",.,"A",62,"E","120","D"
"20141",2689244,73,2,"1",.,"A",10,"E","140","D"
"20141",2689244,73,3,"1",.,"A",398,"E","150","D"
"20141",2689244,73,4,"1",.,"A",69,"E","160","D"
"20141",2689244,73,5,"1",.,"A",59,"E","170","D"
"20141",2689244,73,6,"1",.,"A",52,"E","190","D"
"20141",2692734,34,0,"1",1,"D",.,"H",,"A"
"20141",2692734,34,1,"1",.,"A",130,"E","120","D"
"20141",2692734,34,2,"1",.,"A",21,"E","140","D"
"20141",2692734,34,3,"1",.,"A",840,"E","150","D"
"20141",2692734,34,4,"1",.,"A",55,"E","160","D"
"20141",2692734,34,5,"1",.,"A",90,"E","170","D"
"20141",2692734,34,6,"1",.,"A",4,"E","180","D"
"20141",2692734,34,7,"1",.,"A",60,"E","190","D"
"20141",2694084,12,0,"1",2,"D",.,"H",,"A"
"20141",2694084,12,1,"1",.,"A",65,"E","120","D"
"20141",2694084,12,2,"1",.,"A",11,"E","140","D"
"20141",2694084,12,3,"1",.,"A",375,"E","150","D"
"20141",2694084,12,4,"1",.,"A",43,"E","160","D"
"20141",2694084,12,5,"1",.,"A",47,"E","170","D"
"20141",2694084,12,6,"1",.,"A",109,"E","180","D"
"20141",2694084,12,7,"1",.,"A",50,"E","190","D"
"20141",2695124,38,0,"1",1,"D",.,"H",,"A"
"20141",2695124,38,1,"1",.,"A",24,"E","120","D"
"20141",2695124,38,2,"1",.,"A",3,"E","140","D"
"20141",2695124,38,3,"1",.,"A",140,"E","150","D"
"20141",2695124,38,4,"1",.,"A",9,"E","160","D"
"20141",2695124,38,5,"1",.,"A",15,"E","170","D"
"20141",2695124,38,6,"1",.,"A",9,"E","190","D"
"20141",2696224,52,0,"1",1,"D",.,"H",,"A"
"20141",2696224,52,1,"1",.,"A",29,"E","120","D"
"20141",2696224,52,2,"1",.,"A",3,"E","140","D"
"20141",2696224,52,3,"1",.,"A",221,"E","150","D"
"20141",2696224,52,4,"1",.,"A",62,"E","160","D"
"20141",2696224,52,5,"1",.,"A",23,"E","170","D"
"20141",2696224,52,6,"1",.,"A",185,"E","180","D"
"20141",2696224,52,7,"1",.,"A",27,"E","190","D"
"20141",2697374,33,0,"1",1,"D",.,"H",,"A"
"20141",2697374,33,1,"1",.,"A",18,"E","120","D"
"20141",2697374,33,2,"1",.,"A",2,"E","140","D"
"20141",2697374,33,3,"1",.,"A",165,"E","150","D"
"20141",2697374,33,4,"1",.,"A",45,"E","160","D"
"20141",2697374,33,5,"1",.,"A",16,"E","170","D"
"20141",2697374,33,6,"1",.,"A",134,"E","180","D"
"20141",2697374,33,7,"1",.,"A",19,"E","190","D"
"20141",2700534,62,0,"1",1,"D",.,"H",,"A"
"20141",2700534,62,1,"1",.,"A",22,"E","120","D"
"20141",2700534,62,2,"1",.,"A",2,"E","140","D"
"20141",2700534,62,3,"1",.,"A",113,"E","150","D"
"20141",2700534,62,4,"1",.,"A",11,"E","170","D"
"20141",2700534,62,5,"1",.,"A",161,"E","180","D"
"20141",2700534,62,6,"1",.,"A",11,"E","190","D"
"20141",2701044,51,0,"1",1,"D",.,"H",,"A"
"20141",2701044,51,1,"1",.,"A",27,"E","120","D"
"20141",2701044,51,2,"1",.,"A",4,"E","140","D"
"20141",2701044,51,3,"1",.,"A",186,"E","150","D"
"20141",2701044,51,4,"1",.,"A",32,"E","160","D"
"20141",2701044,51,5,"1",.,"A",27,"E","170","D"
"20141",2701044,51,6,"1",.,"A",24,"E","190","D"
"20141",2702314,53,0,"1",1,"D",.,"H",,"A"
"20141",2702314,53,1,"1",.,"A",2519,"U","130","D"
"20141",2702314,53,2,"1",.,"A",712,"E","200","D"
"20141",2702314,53,3,"1",.,"A",986,"E","210","D"
"20141",2702314,53,4,"1",.,"A",900,"E","220","D"
"20141",2706704,95,0,"1",1,"D",.,"H",,"A"
"20141",2706704,95,1,"1",.,"A",14,"E","100","D"
"20141",2706704,95,2,"1",.,"A",3,"E","110","D"
"20141",2706704,95,3,"1",.,"A",6,"E","120","D"
"20141",2706704,95,4,"1",.,"A",1,"E","140","D"
"20141",2706704,95,5,"1",.,"A",35,"E","150","D"
"20141",2706704,95,6,"1",.,"A",4,"E","160","D"
"20141",2706704,95,7,"1",.,"A",4,"E","170","D"
"20141",2706704,95,8,"1",.,"A",10,"E","180","D"
"20141",2706704,95,9,"1",.,"A",4,"E","190","D"
"20141",2708344,55,0,"1",1,"D",.,"H",,"A"
"20141",2708344,55,1,"1",.,"A",14,"E","120","D"
"20141",2708344,55,2,"1",.,"A",2,"E","140","D"
"20141",2708344,55,3,"1",.,"A",121,"E","150","D"
"20141",2708344,55,4,"1",.,"A",34,"E","160","D"
"20141",2708344,55,5,"1",.,"A",15,"E","170","D"
"20141",2708344,55,6,"1",.,"A",100,"E","180","D"
"20141",2708344,55,7,"1",.,"A",14,"E","190","D"
"20141",2710354,35,0,"1",1,"D",.,"H",,"A"
"20141",2710354,35,1,"1",.,"A",11,"E","100","D"
"20141",2710354,35,2,"1",.,"A",3,"E","110","D"
"20141",2710354,35,3,"1",.,"A",6,"E","120","D"
"20141",2710354,35,4,"1",.,"A",23,"E","130","D"
"20141",2710354,35,5,"1",.,"A",1,"E","140","D"
"20141",2710354,35,6,"1",.,"A",46,"E","150","D"
"20141",2710354,35,7,"1",.,"A",6,"E","160","D"
"20141",2710354,35,8,"1",.,"A",5,"E","170","D"
"20141",2710354,35,9,"1",.,"A",21,"E","180","D"
"20141",2710354,35,10,"1",.,"A",4,"E","190","D"
"20141",2710354,35,11,"1",.,"A",7,"E","200","D"
"20141",2710354,35,12,"1",.,"A",9,"E","210","D"
"20141",2710354,35,13,"1",.,"A",8,"E","220","D"
"20141",2712404,23,0,"1",1,"D",.,"H",,"A"
"20141",2712404,23,1,"1",.,"A",81,"E","120","D"
"20141",2712404,23,2,"1",.,"A",11,"E","140","D"
"20141",2712404,23,3,"1",.,"A",459,"E","150","D"
"20141",2712404,23,4,"1",.,"A",48,"E","170","D"
"20141",2712404,23,5,"1",.,"A",656,"E","180","D"
"20141",2712404,23,6,"1",.,"A",45,"E","190","D"
"20141",2713034,41,0,"1",1,"D",.,"H",,"A"
"20141",2713034,41,1,"1",.,"A",32,"E","100","D"
"20141",2713034,41,2,"1",.,"A",14,"E","110","D"
"20141",2713034,41,3,"1",.,"A",18,"E","120","D"
"20141",2713034,41,4,"1",.,"A",3,"E","140","D"
"20141",2713034,41,5,"1",.,"A",110,"E","150","D"
"20141",2713034,41,6,"1",.,"A",18,"E","160","D"
"20141",2713034,41,7,"1",.,"A",14,"E","170","D"
"20141",2713034,41,8,"1",.,"A",60,"E","180","D"
"20141",2713034,41,9,"1",.,"A",11,"E","190","D"
"20141",2713034,41,10,"1",.,"A",19,"E","200","D"
"20141",2713034,41,11,"1",.,"A",26,"E","210","D"
"20141",2713034,41,12,"1",.,"A",24,"E","220","D"
"20141",2713763,46,0,"1",1,"D",.,"H",,"A"
"20141",2713763,46,1,"1",.,"A",20,"E","100","D"
"20141",2713763,46,2,"1",.,"A",5,"E","110","D"
"20141",2713763,46,3,"1",.,"A",13,"E","120","D"
"20141",2713763,46,4,"1",.,"A",37,"E","130","D"
"20141",2713763,46,5,"1",.,"A",1,"E","140","D"
"20141",2713763,46,6,"1",.,"A",75,"E","150","D"
"20141",2713763,46,7,"1",.,"A",21,"E","160","D"
"20141",2713763,46,8,"1",.,"A",7,"E","170","D"
"20141",2713763,46,9,"1",.,"A",62,"E","180","D"
"20141",2713763,46,10,"1",.,"A",9,"E","190","D"
"20141",2715593,27,0,"1",1,"D",.,"H",,"A"
"20141",2715593,27,1,"1",.,"A",23,"E","120","D"
"20141",2715593,27,2,"1",.,"A",3,"E","140","D"
"20141",2715593,27,3,"1",.,"A",133,"E","150","D"
"20141",2715593,27,4,"1",.,"A",8,"E","160","D"
"20141",2715593,27,5,"1",.,"A",14,"E","170","D"
"20141",2715593,27,6,"1",.,"A",9,"E","190","D"
"20141",2715663,77,0,"1",1,"D",.,"H",,"A"
"20141",2715663,77,1,"1",.,"A",4,"E","120","D"
"20141",2715663,77,2,"1",.,"A",3,"E","140","D"
"20141",2715663,77,3,"1",.,"A",36,"E","150","D"
"20141",2715663,77,4,"1",.,"A",10,"E","160","D"
"20141",2715663,77,5,"1",.,"A",3,"E","170","D"
"20141",2715663,77,6,"1",.,"A",30,"E","180","D"
"20141",2715663,77,7,"1",.,"A",4,"E","190","D"
"20141",2715673,44,0,"1",2,"D",.,"H",,"A"
"20141",2715673,44,1,"1",.,"A",243,"E","100","D"
"20141",2715673,44,2,"1",.,"A",80,"E","110","D"
"20141",2715673,44,3,"1",.,"A",153,"E","120","D"
"20141",2715673,44,4,"1",.,"A",26,"E","140","D"
"20141",2715673,44,5,"1",.,"A",839,"E","150","D"
"20141",2715673,44,6,"1",.,"A",97,"E","160","D"
"20141",2715673,44,7,"1",.,"A",107,"E","170","D"
"20141",2715673,44,8,"1",.,"A",248,"E","180","D"
"20141",2715673,44,9,"1",.,"A",113,"E","190","D"
"20141",2718743,21,0,"1",1,"D",.,"H",,"A"
"20141",2718743,21,1,"1",.,"A",29,"E","100","D"
"20141",2718743,21,2,"1",.,"A",8,"E","110","D"
"20141",2718743,21,3,"1",.,"A",13,"E","120","D"
"20141",2718743,21,4,"1",.,"A",63,"E","130","D"
"20141",2718743,21,5,"1",.,"A",1,"E","140","D"
"20141",2718743,21,6,"1",.,"A",112,"E","150","D"
"20141",2718743,21,7,"1",.,"A",31,"E","160","D"
"20141",2718743,21,8,"1",.,"A",11,"E","170","D"
"20141",2718743,21,9,"1",.,"A",93,"E","180","D"
"20141",2718743,21,10,"1",.,"A",13,"E","190","D"
"20141",2718743,21,11,"1",.,"A",17,"E","200","D"
"20141",2718743,21,12,"1",.,"A",20,"E","210","D"
"20141",2718743,21,13,"1",.,"A",24,"E","220","D"
"20141",2719223,68,0,"1",2,"D",.,"H",,"A"
"20141",2719223,68,1,"1",.,"A",23,"E","120","D"
"20141",2719223,68,2,"1",.,"A",2,"E","140","D"
"20141",2719223,68,3,"1",.,"A",165,"E","150","D"
"20141",2719223,68,4,"1",.,"A",46,"E","160","D"
"20141",2719223,68,5,"1",.,"A",17,"E","170","D"
"20141",2719223,68,6,"1",.,"A",137,"E","180","D"
"20141",2719223,68,7,"1",.,"A",20,"E","190","D"
"20141",2719873,67,0,"1",1,"D",.,"H",,"A"
"20141",2719873,67,1,"1",.,"A",46,"E","120","D"
"20141",2719873,67,2,"1",.,"A",8,"E","140","D"
"20141",2719873,67,3,"1",.,"A",269,"E","150","D"
"20141",2719873,67,4,"1",.,"A",30,"E","160","D"
"20141",2719873,67,5,"1",.,"A",34,"E","170","D"
"20141",2719873,67,6,"1",.,"A",78,"E","180","D"
"20141",2719873,67,7,"1",.,"A",35,"E","190","D"
"20141",2720213,78,0,"1",1,"D",.,"H",,"A"
"20141",2720213,78,1,"1",.,"A",48,"E","130","D"
"20141",2720213,78,2,"1",.,"A",14,"E","200","D"
"20141",2720213,78,3,"1",.,"A",17,"E","210","D"
"20141",2720213,78,4,"1",.,"A",21,"E","220","D"
"20141",2720473,43,0,"1",1,"D",.,"H",,"A"
"20141",2720473,43,1,"1",.,"A",49,"E","120","D"
"20141",2720473,43,2,"1",.,"A",8,"E","140","D"
"20141",2720473,43,3,"1",.,"A",278,"E","150","D"
"20141",2720473,43,4,"1",.,"A",32,"E","160","D"
"20141",2720473,43,5,"1",.,"A",35,"E","170","D"
"20141",2720473,43,6,"1",.,"A",86,"E","180","D"
"20141",2720473,43,7,"1",.,"A",37,"E","190","D"
"20141",2721503,42,0,"1",1,"D",.,"H",,"A"
"20141",2721503,42,1,"1",.,"A",33,"E","200","D"
"20141",2721503,42,2,"1",.,"A",39,"E","210","D"
"20141",2721503,42,3,"1",.,"A",48,"E","220","D"
"20141",2723973,53,0,"1",1,"D",.,"H",,"A"
"20141",2723973,53,1,"1",.,"A",300,"E","130","D"
"20141",2724373,36,0,"1",1,"D",.,"H",,"A"
"20141",2724373,36,1,"1",.,"A",33,"E","100","D"
"20141",2724373,36,2,"1",.,"A",15,"E","110","D"
"20141",2724373,36,3,"1",.,"A",27,"E","120","D"
"20141",2724373,36,4,"1",.,"A",10,"E","140","D"
"20141",2724373,36,5,"1",.,"A",175,"E","150","D"
"20141",2724373,36,6,"1",.,"A",11,"E","160","D"
"20141",2724373,36,7,"1",.,"A",18,"E","170","D"
"20141",2724373,36,8,"1",.,"A",11,"E","190","D"
"20141",2724373,36,9,"1",.,"A",16,"E","200","D"
"20141",2724373,36,10,"1",.,"A",47,"E","210","D"
"20141",2724373,36,11,"1",.,"A",27,"E","220","D"
"20141",2725763,42,0,"1",1,"D",.,"H",,"A"
"20141",2725763,42,1,"1",.,"A",19,"E","120","D"
"20141",2725763,42,2,"1",.,"A",3,"E","140","D"
"20141",2725763,42,3,"1",.,"A",144,"E","150","D"
"20141",2725763,42,4,"1",.,"A",6,"E","160","D"
"20141",2725763,42,5,"1",.,"A",16,"E","170","D"
"20141",2725763,42,6,"1",.,"A",12,"E","190","D"
"20141",2727343,15,0,"1",1,"D",.,"H",,"A"
"20141",2727343,15,1,"1",.,"A",74,"E","100","D"
"20141",2727343,15,2,"1",.,"A",26,"E","110","D"
"20141",2727343,15,3,"1",.,"A",47,"E","120","D"
"20141",2727343,15,4,"1",.,"A",13,"E","140","D"
"20141",2727343,15,5,"1",.,"A",343,"E","150","D"
"20141",2727343,15,6,"1",.,"A",15,"E","160","D"
"20141",2727343,15,7,"1",.,"A",39,"E","170","D"
"20141",2727343,15,8,"1",.,"A",18,"E","190","D"
"20141",2728233,31,0,"1",1,"D",.,"H",,"A"
"20141",2728233,31,1,"1",.,"A",21,"E","120","D"
"20141",2728233,31,2,"1",.,"A",2,"E","140","D"
"20141",2728233,31,3,"1",.,"A",105,"E","150","D"
"20141",2728233,31,4,"1",.,"A",11,"E","170","D"
"20141",2728233,31,5,"1",.,"A",151,"E","180","D"
"20141",2728233,31,6,"1",.,"A",10,"E","190","D"
"20141",2730953,24,0,"1",1,"D",.,"H",,"A"
"20141",2730953,24,1,"1",.,"A",49,"E","120","D"
"20141",2730953,24,2,"1",.,"A",9,"E","140","D"
"20141",2730953,24,3,"1",.,"A",362,"E","150","D"
"20141",2730953,24,4,"1",.,"A",15,"E","160","D"
"20141",2730953,24,5,"1",.,"A",42,"E","170","D"
"20141",2730953,24,6,"1",.,"A",23,"E","190","D"
"20141",2735253,56,0,"1",2,"D",.,"H",,"A"
"20141",2735253,56,1,"1",.,"A",75,"E","120","D"
"20141",2735253,56,2,"1",.,"A",12,"E","140","D"
"20141",2735253,56,3,"1",.,"A",477,"E","150","D"
"20141",2735253,56,4,"1",.,"A",83,"E","160","D"
"20141",2735253,56,5,"1",.,"A",71,"E","170","D"
"20141",2735253,56,6,"1",.,"A",62,"E","190","D"
"20141",2736513,47,0,"1",1,"D",.,"H",,"A"
"20141",2736513,47,1,"1",.,"A",79,"E","130","D"
"20141",2736613,39,0,"1",1,"D",.,"H",,"A"
"20141",2736613,39,1,"1",.,"A",121,"E","120","D"
"20141",2736613,39,2,"1",.,"A",17,"E","140","D"
"20141",2736613,39,3,"1",.,"A",1008,"E","150","D"
"20141",2736613,39,4,"1",.,"A",286,"E","160","D"
"20141",2736613,39,5,"1",.,"A",105,"E","170","D"
"20141",2736613,39,6,"1",.,"A",840,"E","180","D"
"20141",2736613,39,7,"1",.,"A",123,"E","190","D"
"20141",2738113,31,0,"1",1,"D",.,"H",,"A"
"20141",2738113,31,1,"1",.,"A",499,"E","120","D"
"20141",2738113,31,2,"1",.,"A",98,"E","140","D"
"20141",2738113,31,3,"1",.,"A",3622,"E","150","D"
"20141",2738113,31,4,"1",.,"A",158,"E","160","D"
"20141",2738113,31,5,"1",.,"A",421,"E","170","D"
"20141",2738113,31,6,"1",.,"A",202,"E","190","D"
"20141",2738453,62,0,"1",1,"D",.,"H",,"A"
"20141",2738453,62,1,"1",.,"A",421,"E","100","D"
"20141",2738453,62,2,"1",.,"A",155,"E","110","D"
"20141",2738453,62,3,"1",.,"A",220,"E","120","D"
"20141",2738453,62,4,"1",.,"A",895,"E","130","D"
"20141",2738453,62,5,"1",.,"A",38,"E","140","D"
"20141",2738453,62,6,"1",.,"A",1471,"E","150","D"
"20141",2738453,62,7,"1",.,"A",256,"E","160","D"
"20141",2738453,62,8,"1",.,"A",221,"E","170","D"
"20141",2738453,62,9,"1",.,"A",193,"E","190","D"
"20141",2738453,62,10,"1",.,"A",346,"E","200","D"
"20141",2738453,62,11,"1",.,"A",379,"E","210","D"
"20141",2738453,62,12,"1",.,"A",405,"E","220","D"
"20141",2739223,38,0,"1",1,"D",.,"H",,"A"
"20141",2739223,38,1,"1",.,"A",192,"E","120","D"
"20141",2739223,38,2,"1",.,"A",28,"E","140","D"
"20141",2739223,38,3,"1",.,"A",1613,"E","150","D"
"20141",2739223,38,4,"1",.,"A",458,"E","160","D"
"20141",2739223,38,5,"1",.,"A",168,"E","170","D"
"20141",2739223,38,6,"1",.,"A",1345,"E","180","D"
"20141",2739223,38,7,"1",.,"A",196,"E","190","D"
"20141",2742213,48,0,"1",1,"D",.,"H",,"A"
"20141",2742213,48,1,"1",.,"A",1,"E","140","D"
"20141",2743423,44,0,"1",1,"D",.,"H",,"A"
"20141",2743423,44,1,"1",.,"A",123,"E","120","D"
"20141",2743423,44,2,"1",.,"A",18,"E","140","D"
"20141",2743423,44,3,"1",.,"A",706,"E","150","D"
"20141",2743423,44,4,"1",.,"A",73,"E","170","D"
"20141",2743423,44,5,"1",.,"A",1010,"E","180","D"
"20141",2743423,44,6,"1",.,"A",70,"E","190","D"
"20141",2748642,44,0,"1",1,"D",.,"H",,"A"
"20141",2748642,44,1,"1",.,"A",30,"E","120","D"
"20141",2748642,44,2,"1",.,"A",5,"E","140","D"
"20141",2748642,44,3,"1",.,"A",159,"E","150","D"
"20141",2748642,44,4,"1",.,"A",18,"E","160","D"
"20141",2748642,44,5,"1",.,"A",20,"E","170","D"
"20141",2748642,44,6,"1",.,"A",47,"E","180","D"
"20141",2748642,44,7,"1",.,"A",21,"E","190","D"
"20141",2748942,25,0,"1",1,"D",.,"H",,"A"
"20141",2748942,25,1,"1",.,"A",16,"E","120","D"
"20141",2748942,25,2,"1",.,"A",2,"E","140","D"
"20141",2748942,25,3,"1",.,"A",105,"E","150","D"
"20141",2748942,25,4,"1",.,"A",9,"E","160","D"
"20141",2748942,25,5,"1",.,"A",11,"E","170","D"
"20141",2748942,25,6,"1",.,"A",7,"E","190","D"
"20141",2749482,56,0,"1",1,"D",.,"H",,"A"
"20141",2749482,56,1,"1",.,"A",23,"E","120","D"
"20141",2749482,56,2,"1",.,"A",2,"E","140","D"
"20141",2749482,56,3,"1",.,"A",161,"E","150","D"
"20141",2749482,56,4,"1",.,"A",45,"E","160","D"
"20141",2749482,56,5,"1",.,"A",16,"E","170","D"
"20141",2749482,56,6,"1",.,"A",134,"E","180","D"
"20141",2749482,56,7,"1",.,"A",19,"E","190","D"
"20141",2750072,69,0,"1",2,"D",.,"H",,"A"
"20141",2750072,69,1,"1",.,"A",118,"E","100","D"
"20141",2750072,69,2,"1",.,"A",30,"E","110","D"
"20141",2750072,69,3,"1",.,"A",49,"E","120","D"
"20141",2750072,69,4,"1",.,"A",7,"E","140","D"
"20141",2750072,69,5,"1",.,"A",426,"E","150","D"
"20141",2750072,69,6,"1",.,"A",120,"E","160","D"
"20141",2750072,69,7,"1",.,"A",44,"E","170","D"
"20141",2750072,69,8,"1",.,"A",355,"E","180","D"
"20141",2750072,69,9,"1",.,"A",51,"E","190","D"
"20141",2750662,21,0,"1",1,"D",.,"H",,"A"
"20141",2750662,21,1,"1",.,"A",41,"E","120","D"
"20141",2750662,21,2,"1",.,"A",6,"E","140","D"
"20141",2750662,21,3,"1",.,"A",212,"E","150","D"
"20141",2750662,21,4,"1",.,"A",24,"E","160","D"
"20141",2750662,21,5,"1",.,"A",27,"E","170","D"
"20141",2750662,21,6,"1",.,"A",62,"E","180","D"
"20141",2750662,21,7,"1",.,"A",28,"E","190","D"
"20141",2751162,35,0,"1",1,"D",.,"H",,"A"
"20141",2751162,35,1,"1",.,"A",94,"E","100","D"
"20141",2751162,35,2,"1",.,"A",25,"E","110","D"
"20141",2751162,35,3,"1",.,"A",46,"E","120","D"
"20141",2751162,35,4,"1",.,"A",6,"E","140","D"
"20141",2751162,35,5,"1",.,"A",355,"E","150","D"
"20141",2751162,35,6,"1",.,"A",100,"E","160","D"
"20141",2751162,35,7,"1",.,"A",36,"E","170","D"
"20141",2751162,35,8,"1",.,"A",295,"E","180","D"
"20141",2751162,35,9,"1",.,"A",43,"E","190","D"
"20141",2751492,19,0,"1",1,"D",.,"H",,"A"
"20141",2751492,19,1,"1",.,"A",49,"E","120","D"
"20141",2751492,19,2,"1",.,"A",9,"E","140","D"
"20141",2751492,19,3,"1",.,"A",362,"E","150","D"
"20141",2751492,19,4,"1",.,"A",15,"E","160","D"
"20141",2751492,19,5,"1",.,"A",42,"E","170","D"
"20141",2751492,19,6,"1",.,"A",23,"E","190","D"
"20141",2753412,43,0,"1",1,"D",.,"H",,"A"
"20141",2753412,43,1,"1",.,"A",13,"E","100","D"
"20141",2753412,43,2,"1",.,"A",3,"E","110","D"
"20141",2753412,43,3,"1",.,"A",10,"E","120","D"
"20141",2753412,43,4,"1",.,"A",50,"E","150","D"
"20141",2753412,43,5,"1",.,"A",14,"E","160","D"
"20141",2753412,43,6,"1",.,"A",5,"E","170","D"
"20141",2753412,43,7,"1",.,"A",42,"E","180","D"
"20141",2753412,43,8,"1",.,"A",6,"E","190","D"
"20141",2753412,43,9,"1",.,"A",7,"E","200","D"
"20141",2753412,43,10,"1",.,"A",9,"E","210","D"
"20141",2753412,43,11,"1",.,"A",11,"E","220","D"
"20141",2755752,79,0,"1",1,"D",.,"H",,"A"
"20141",2755752,79,1,"1",.,"A",5,"E","120","D"
"20141",2755752,79,2,"1",.,"A",47,"E","150","D"
"20141",2755752,79,3,"1",.,"A",12,"E","160","D"
"20141",2755752,79,4,"1",.,"A",4,"E","170","D"
"20141",2755752,79,5,"1",.,"A",37,"E","180","D"
"20141",2755752,79,6,"1",.,"A",5,"E","190","D"
"20141",2757672,57,0,"1",6,"D",.,"H",,"A"
"20141",2757672,57,1,"1",.,"A",120,"E","120","D"
"20141",2757672,57,2,"1",.,"A",21,"E","140","D"
"20141",2757672,57,3,"1",.,"A",806,"E","150","D"
"20141",2757672,57,4,"1",.,"A",139,"E","160","D"
"20141",2757672,57,5,"1",.,"A",120,"E","170","D"
"20141",2757672,57,6,"1",.,"A",105,"E","190","D"
"20141",2757672,57,7,"1",.,"A",188,"E","200","D"
"20141",2757672,57,8,"1",.,"A",207,"E","210","D"
"20141",2757672,57,9,"1",.,"A",220,"E","220","D"
"20141",2758805,20,0,"1",1,"D",.,"H",,"A"
"20141",2758805,20,1,"1",.,"A",41,"E","100","D"
"20141",2758805,20,2,"1",.,"A",11,"E","110","D"
"20141",2758805,20,3,"1",.,"A",21,"E","120","D"
"20141",2758805,20,4,"1",.,"A",3,"E","140","D"
"20141",2758805,20,5,"1",.,"A",123,"E","150","D"
"20141",2758805,20,6,"1",.,"A",14,"E","160","D"
"20141",2758805,20,7,"1",.,"A",15,"E","170","D"
"20141",2758805,20,8,"1",.,"A",36,"E","180","D"
"20141",2758805,20,9,"1",.,"A",16,"E","190","D"
"20141",2761932,40,0,"1",1,"D",.,"H",,"A"
"20141",2761932,40,1,"1",.,"A",107,"E","100","D"
"20141",2761932,40,2,"1",.,"A",34,"E","110","D"
"20141",2761932,40,3,"1",.,"A",62,"E","120","D"
"20141",2761932,40,4,"1",.,"A",196,"E","130","D"
"20141",2761932,40,5,"1",.,"A",11,"E","140","D"
"20141",2761932,40,6,"1",.,"A",353,"E","150","D"
"20141",2761932,40,7,"1",.,"A",41,"E","160","D"
"20141",2761932,40,8,"1",.,"A",45,"E","170","D"
"20141",2761932,40,9,"1",.,"A",104,"E","180","D"
"20141",2761932,40,10,"1",.,"A",47,"E","190","D"
"20141",2767122,30,0,"1",1,"D",.,"H",,"A"
"20141",2767122,30,1,"1",.,"A",84,"E","200","D"
"20141",2767122,30,2,"1",.,"A",156,"E","210","D"
"20141",2767122,30,3,"1",.,"A",160,"E","220","D"
"20141",2767445,14,0,"1",1,"D",.,"H",,"A"
"20141",2767445,14,1,"1",.,"A",196,"E","100","D"
"20141",2767445,14,2,"1",.,"A",68,"E","110","D"
"20141",2767445,14,3,"1",.,"A",124,"E","120","D"
"20141",2767445,14,4,"1",.,"A",488,"E","130","D"
"20141",2767445,14,5,"1",.,"A",24,"E","140","D"
"20141",2767445,14,6,"1",.,"A",902,"E","150","D"
"20141",2767445,14,7,"1",.,"A",39,"E","160","D"
"20141",2767445,14,8,"1",.,"A",110,"E","170","D"
"20141",2767445,14,9,"1",.,"A",49,"E","190","D"
"20141",2768072,17,0,"1",1,"D",.,"H",,"A"
"20141",2768072,17,1,"1",.,"A",82,"E","120","D"
"20141",2768072,17,2,"1",.,"A",14,"E","140","D"
"20141",2768072,17,3,"1",.,"A",466,"E","150","D"
"20141",2768072,17,4,"1",.,"A",77,"E","160","D"
"20141",2768072,17,5,"1",.,"A",59,"E","170","D"
"20141",2768072,17,6,"1",.,"A",255,"E","180","D"
"20141",2768072,17,7,"1",.,"A",47,"E","190","D"
"20141",2768242,49,0,"1",1,"D",.,"H",,"A"
"20141",2768242,49,1,"1",.,"A",36,"E","100","D"
"20141",2768242,49,2,"1",.,"A",10,"E","110","D"
"20141",2768242,49,3,"1",.,"A",19,"E","120","D"
"20141",2768242,49,4,"1",.,"A",3,"E","140","D"
"20141",2768242,49,5,"1",.,"A",110,"E","150","D"
"20141",2768242,49,6,"1",.,"A",12,"E","160","D"
"20141",2768242,49,7,"1",.,"A",14,"E","170","D"
"20141",2768242,49,8,"1",.,"A",32,"E","180","D"
"20141",2768242,49,9,"1",.,"A",14,"E","190","D"
"20141",2771492,73,0,"1",1,"D",.,"H",,"A"
"20141",2771492,73,1,"1",.,"A",24,"E","120","D"
"20141",2771492,73,2,"1",.,"A",3,"E","140","D"
"20141",2771492,73,3,"1",.,"A",214,"E","150","D"
"20141",2771492,73,4,"1",.,"A",60,"E","160","D"
"20141",2771492,73,5,"1",.,"A",22,"E","170","D"
"20141",2771492,73,6,"1",.,"A",176,"E","180","D"
"20141",2771492,73,7,"1",.,"A",25,"E","190","D"
"20141",2772952,27,0,"1",1,"D",.,"H",,"A"
"20141",2772952,27,1,"1",.,"A",8,"E","120","D"
"20141",2772952,27,2,"1",.,"A",1,"E","140","D"
"20141",2772952,27,3,"1",.,"A",43,"E","150","D"
"20141",2772952,27,4,"1",.,"A",1,"E","160","D"
"20141",2772952,27,5,"1",.,"A",5,"E","170","D"
"20141",2772952,27,6,"1",.,"A",2,"E","190","D"
"20141",2774052,24,0,"1",1,"D",.,"H",,"A"
"20141",2774052,24,1,"1",.,"A",99,"E","120","D"
"20141",2774052,24,2,"1",.,"A",18,"E","140","D"
"20141",2774052,24,3,"1",.,"A",695,"E","150","D"
"20141",2774052,24,4,"1",.,"A",30,"E","160","D"
"20141",2774052,24,5,"1",.,"A",80,"E","170","D"
"20141",2774052,24,6,"1",.,"A",38,"E","190","D"
"20141",2774462,54,0,"1",1,"D",.,"H",,"A"
"20141",2774462,54,1,"1",.,"A",83,"E","100","D"
"20141",2774462,54,2,"1",.,"A",31,"E","110","D"
"20141",2774462,54,3,"1",.,"A",48,"E","120","D"
"20141",2774462,54,4,"1",.,"A",179,"E","130","D"
"20141",2774462,54,5,"1",.,"A",7,"E","140","D"
"20141",2774462,54,6,"1",.,"A",294,"E","150","D"
"20141",2774462,54,7,"1",.,"A",51,"E","160","D"
"20141",2774462,54,8,"1",.,"A",44,"E","170","D"
"20141",2774462,54,9,"1",.,"A",38,"E","190","D"
"20141",2774462,54,10,"1",.,"A",69,"E","200","D"
"20141",2774462,54,11,"1",.,"A",75,"E","210","D"
"20141",2774462,54,12,"1",.,"A",81,"E","220","D"
"20141",2774472,55,0,"1",1,"D",.,"H",,"A"
"20141",2774472,55,1,"1",.,"A",31,"E","120","D"
"20141",2774472,55,2,"1",.,"A",4,"E","140","D"
"20141",2774472,55,3,"1",.,"A",269,"E","150","D"
"20141",2774472,55,4,"1",.,"A",75,"E","160","D"
"20141",2774472,55,5,"1",.,"A",27,"E","170","D"
"20141",2774472,55,6,"1",.,"A",222,"E","180","D"
"20141",2774472,55,7,"1",.,"A",32,"E","190","D"
"20141",2774752,28,0,"1",1,"D",.,"H",,"A"
"20141",2774752,28,1,"1",.,"A",105,"G","130","D"
"20141",2774992,20,0,"1",1,"D",.,"H",,"A"
"20141",2774992,20,1,"1",.,"A",31,"E","120","D"
"20141",2774992,20,2,"1",.,"A",4,"E","140","D"
"20141",2774992,20,3,"1",.,"A",242,"E","150","D"
"20141",2774992,20,4,"1",.,"A",68,"E","160","D"
"20141",2774992,20,5,"1",.,"A",25,"E","170","D"
"20141",2774992,20,6,"1",.,"A",201,"E","180","D"
"20141",2774992,20,7,"1",.,"A",29,"E","190","D"
"20141",2775682,48,0,"1",1,"D",.,"H",,"A"
"20141",2775682,48,1,"1",.,"A",18,"E","100","D"
"20141",2775682,48,2,"1",.,"A",4,"E","110","D"
"20141",2775682,48,3,"1",.,"A",8,"E","120","D"
"20141",2775682,48,4,"1",.,"A",29,"E","130","D"
"20141",2775682,48,5,"1",.,"A",1,"E","140","D"
"20141",2775682,48,6,"1",.,"A",50,"E","150","D"
"20141",2775682,48,7,"1",.,"A",8,"E","160","D"
"20141",2775682,48,8,"1",.,"A",6,"E","170","D"
"20141",2775682,48,9,"1",.,"A",27,"E","180","D"
"20141",2775682,48,10,"1",.,"A",5,"E","190","D"
"20141",2776952,68,0,"1",1,"D",.,"H",,"A"
"20141",2776952,68,1,"1",.,"A",57,"E","120","D"
"20141",2776952,68,2,"1",.,"A",9,"E","140","D"
"20141",2776952,68,3,"1",.,"A",367,"E","150","D"
"20141",2776952,68,4,"1",.,"A",64,"E","160","D"
"20141",2776952,68,5,"1",.,"A",55,"E","170","D"
"20141",2776952,68,6,"1",.,"A",48,"E","190","D"
"20141",2778502,17,0,"1",1,"D",.,"H",,"A"
"20141",2778502,17,1,"1",.,"A",52,"E","130","D"
"20141",2778502,17,2,"1",.,"A",20,"E","200","D"
"20141",2778502,17,3,"1",.,"A",24,"E","210","D"
"20141",2778502,17,4,"1",.,"A",24,"E","220","D"
"20141",2779192,26,0,"1",1,"D",.,"H",,"A"
"20141",2779192,26,1,"1",.,"A",9,"E","100","D"
"20141",2779192,26,2,"1",.,"A",4,"E","110","D"
"20141",2779192,26,3,"1",.,"A",7,"E","120","D"
"20141",2779192,26,4,"1",.,"A",24,"E","130","D"
"20141",2779192,26,5,"1",.,"A",1,"E","140","D"
"20141",2779192,26,6,"1",.,"A",55,"E","150","D"
"20141",2779192,26,7,"1",.,"A",3,"E","160","D"
"20141",2779192,26,8,"1",.,"A",5,"E","170","D"
"20141",2779192,26,9,"1",.,"A",3,"E","190","D"
"20141",2779192,26,10,"1",.,"A",4,"E","200","D"
"20141",2779192,26,11,"1",.,"A",13,"E","210","D"
"20141",2779192,26,12,"1",.,"A",7,"E","220","D"
"20141",2779522,49,0,"1",1,"D",.,"H",,"A"
"20141",2779522,49,1,"1",.,"A",694,"E","100","D"
"20141",2779522,49,2,"1",.,"A",186,"E","110","D"
"20141",2779522,49,3,"1",.,"A",302,"E","120","D"
"20141",2779522,49,4,"1",.,"A",1285,"E","130","D"
"20141",2779522,49,5,"1",.,"A",45,"E","140","D"
"20141",2779522,49,6,"1",.,"A",2587,"E","150","D"
"20141",2779522,49,7,"1",.,"A",734,"E","160","D"
"20141",2779522,49,8,"1",.,"A",269,"E","170","D"
"20141",2779522,49,9,"1",.,"A",2157,"E","180","D"
"20141",2779522,49,10,"1",.,"A",315,"E","190","D"
"20141",2779522,49,11,"1",.,"A",391,"E","200","D"
"20141",2779522,49,12,"1",.,"A",464,"E","210","D"
"20141",2779522,49,13,"1",.,"A",571,"E","220","D"
"20141",2780322,57,0,"1",1,"D",.,"H",,"A"
"20141",2780322,57,1,"1",.,"A",17,"E","120","D"
"20141",2780322,57,2,"1",.,"A",3,"E","140","D"
"20141",2780322,57,3,"1",.,"A",133,"E","150","D"
"20141",2780322,57,4,"1",.,"A",5,"E","160","D"
"20141",2780322,57,5,"1",.,"A",15,"E","170","D"
"20141",2780322,57,6,"1",.,"A",7,"E","190","D"
"20141",2789725,29,0,"1",1,"D",.,"H",,"A"
"20141",2789725,29,1,"1",.,"A",41,"E","200","D"
"20141",2789725,29,2,"1",.,"A",49,"E","210","D"
"20141",2789725,29,3,"1",.,"A",60,"E","220","D"
