"QYEAR","NEWID","SEQNO","ALCNO","REC_ORIG","MAJAPPLY","MAJA_PLY","GFTC_MAJ","GFTC0MAJ","MAJ_MO","MAJ_MO_","MAJPURX","MAJPURX_","MAJRENTX","MAJR_NTX","MAJINSTX","MAJI_STX","MJAPPL1","MJAPPL1_","MJAPPL2","MJAPPL2_","MJAPPL3","MJAPPL3_","MJAPPL4","MJAPPL4_","MJAPPL5","MJAPPL5_","MJAPPL6","MJAPPL6_","MJAPPL7","MJAPPL7_","MJAPPL8","MJAPPL8_","MJAPPL9","MJAPPL9_"
"20131",2511675,1,0,"1","100","D","3","D","11","D",450,"D",.,"A",.,"A",,"A",,"A",,"A",,"A",,"A",,"A",,"A",,"A",,"A"
"20131",2511735,1,0,"2","140","D","3","D","10","D",963,"D",.,"A",.,"A",,"A",,"A",,"A",,"A",,"A",,"A",,"A",,"A",,"A"
"20131",2511965,1,0,"1","225","D","1","D","12","D",.,"H",.,"A",.,"A","200","D","190","D",,"A",,"A",,"A",,"A",,"A",,"A",,"A"
"20131",2511965,1,1,"1","200","D","1","D","12","D",377,"E",.,"A",.,"A",,"A",,"A",,"A",,"A",,"A",,"A",,"A",,"A",,"A"
"20131",2511965,1,2,"1","190","D","1","D","12","D",323,"E",.,"A",.,"A",,"A",,"A",,"A",,"A",,"A",,"A",,"A",,"A",,"A"
"20131",2512195,1,0,"1","180","D","1","D","11","D",318,"D",.,"A",100,"D",,"A",,"A",,"A",,"A",,"A",,"A",,"A",,"A",,"A"
"20131",2513255,1,0,"1","120","D","1","D","11","D",1205,"F",.,"A",.,"A",,"A",,"A",,"A",,"A",,"A",,"A",,"A",,"A",,"A"
"20131",2513255,2,0,"1","100","D","1","D","11","D",600,"D",.,"A",.,"A",,"A",,"A",,"A",,"A",,"A",,"A",,"A",,"A",,"A"
"20131",2513255,3,0,"1","140","D","1","D","11","D",800,"D",.,"A",.,"A",,"A",,"A",,"A",,"A",,"A",,"A",,"A",,"A",,"A"
"20131",2513255,4,0,"1","225","D","1","D","11","D",.,"H",.,"A",.,"A","200","D","190","D",,"A",,"A",,"A",,"A",,"A",,"A",,"A"
"20131",2513255,4,1,"1","200","D","1","D","11","D",62,"E",.,"A",.,"A",,"A",,"A",,"A",,"A",,"A",,"A",,"A",,"A",,"A"
"20131",2513255,4,2,"1","190","D","1","D","11","D",188,"E",.,"A",.,"A",,"A",,"A",,"A",,"A",,"A",,"A",,"A",,"A",,"A"
"20131",2513435,1,0,"1","180","D","1","D","12","D",170,"D",.,"A",.,"A",,"A",,"A",,"A",,"A",,"A",,"A",,"A",,"A",,"A"
"20131",2513775,1,0,"1","225","D","1","D","11","D",.,"H",.,"A",.,"H","200","D","190","D",,"A",,"A",,"A",,"A",,"A",,"A",,"A"
"20131",2513775,1,1,"1","200","D","1","D","11","D",666,"E",.,"A",23,"E",,"A",,"A",,"A",,"A",,"A",,"A",,"A",,"A",,"A"
"20131",2513775,1,2,"1","190","D","1","D","11","D",1334,"E",.,"A",27,"E",,"A",,"A",,"A",,"A",,"A",,"A",,"A",,"A",,"A"
"20131",2513775,2,0,"1","120","D","1","D","10","D",500,"D",.,"A",.,"A",,"A",,"A",,"A",,"A",,"A",,"A",,"A",,"A",,"A"
"20131",2513775,3,0,"1","100","D","1","D","10","D",1800,"D",.,"A",.,"A",,"A",,"A",,"A",,"A",,"A",,"A",,"A",,"A",,"A"
"20131",2513775,4,0,"1","160","D","1","D","10","D",600,"D",.,"A",.,"A",,"A",,"A",,"A",,"A",,"A",,"A",,"A",,"A",,"A"
"20131",2513775,5,0,"1","140","D","1","D","10","D",2000,"D",.,"A",.,"A",,"A",,"A",,"A",,"A",,"A",,"A",,"A",,"A",,"A"
"20131",2514535,1,0,"1","120","D","1","D","12","D",380,"D",.,"A",.,"A",,"A",,"A",,"A",,"A",,"A",,"A",,"A",,"A",,"A"
"20131",2514775,1,0,"1","190","D","1","D","11","D",650,"D",.,"A",.,"A",,"A",,"A",,"A",,"A",,"A",,"A",,"A",,"A",,"A"
"20131",2514775,2,0,"1","200","D","1","D","11","D",650,"D",.,"A",.,"A",,"A",,"A",,"A",,"A",,"A",,"A",,"A",,"A",,"A"
"20131",2516235,1,0,"1","140","D","1","D","11","D",1000,"D",.,"A",.,"A",,"A",,"A",,"A",,"A",,"A",,"A",,"A",,"A",,"A"
"20131",2517155,1,0,"1","200","D","1","D","12","D",600,"D",.,"A",.,"A",,"A",,"A",,"A",,"A",,"A",,"A",,"A",,"A",,"A"
"20131",2517485,1,0,"2","120","D","1","D","10","D",350,"D",.,"A",.,"A",,"A",,"A",,"A",,"A",,"A",,"A",,"A",,"A",,"A"
"20131",2517805,1,0,"1","120","D","1","D","10","D",70,"D",.,"A",.,"A",,"A",,"A",,"A",,"A",,"A",,"A",,"A",,"A",,"A"
"20131",2517805,2,0,"1","140","D","1","D","11","D",163,"D",.,"A",.,"A",,"A",,"A",,"A",,"A",,"A",,"A",,"A",,"A",,"A"
"20131",2518035,1,0,"1","190","D","1","D","10","D",50,"D",.,"A",.,"A",,"A",,"A",,"A",,"A",,"A",,"A",,"A",,"A",,"A"
"20131",2518035,2,0,"2","200","D","1","D","10","D",50,"D",.,"A",.,"A",,"A",,"A",,"A",,"A",,"A",,"A",,"A",,"A",,"A"
"20131",2518265,1,0,"1","140","D","3","D","11","D",1500,"D",.,"A",.,"A",,"A",,"A",,"A",,"A",,"A",,"A",,"A",,"A",,"A"
"20131",2518385,1,0,"1","190","D","1","D","10","D",700,"D",.,"A",.,"A",,"A",,"A",,"A",,"A",,"A",,"A",,"A",,"A",,"A"
"20131",2520095,1,0,"1","120","D","1","D","12","D",40,"D",.,"A",.,"A",,"A",,"A",,"A",,"A",,"A",,"A",,"A",,"A",,"A"
"20131",2520115,1,0,"1","225","D","1","D","10","D",.,"H",.,"A",.,"A","200","D","190","D",,"A",,"A",,"A",,"A",,"A",,"A",,"A"
"20131",2520115,1,1,"1","200","D","1","D","10","D",475,"E",.,"A",.,"A",,"A",,"A",,"A",,"A",,"A",,"A",,"A",,"A",,"A"
"20131",2520115,1,2,"1","190","D","1","D","10","D",949,"E",.,"A",.,"A",,"A",,"A",,"A",,"A",,"A",,"A",,"A",,"A",,"A"
"20131",2520415,1,0,"1","140","D","3","D","12","D",216,"D",.,"A",.,"A",,"A",,"A",,"A",,"A",,"A",,"A",,"A",,"A",,"A"
"20131",2520435,1,0,"1","225","D","1","D","11","D",.,"H",.,"A",.,"A","200","D","190","D",,"A",,"A",,"A",,"A",,"A",,"A",,"A"
"20131",2520435,1,1,"1","200","D","1","D","11","D",292,"E",.,"A",.,"A",,"A",,"A",,"A",,"A",,"A",,"A",,"A",,"A",,"A"
"20131",2520435,1,2,"1","190","D","1","D","11","D",708,"E",.,"A",.,"A",,"A",,"A",,"A",,"A",,"A",,"A",,"A",,"A",,"A"
"20131",2520905,1,0,"1","100","D","1","D","12","D",150,"D",.,"A",.,"A",,"A",,"A",,"A",,"A",,"A",,"A",,"A",,"A",,"A"
"20131",2521125,1,0,"1","190","D","1","D","12","D",700,"D",.,"A",35,"D",,"A",,"A",,"A",,"A",,"A",,"A",,"A",,"A",,"A"
"20131",2521125,2,0,"1","200","D","1","D","12","D",700,"D",.,"A",35,"D",,"A",,"A",,"A",,"A",,"A",,"A",,"A",,"A",,"A"
"20131",2521385,1,0,"1","220","D","1","D","11","D",.,"H",.,"A",.,"H","220","D","100","D",,"A",,"A",,"A",,"A",,"A",,"A",,"A"
"20131",2521385,1,1,"1","100","D","1","D","11","D",72,"E",.,"A",131,"E",,"A",,"A",,"A",,"A",,"A",,"A",,"A",,"A",,"A"
"20131",2521385,1,2,"1","120","D","1","D","11","D",677,"E",.,"A",88,"E",,"A",,"A",,"A",,"A",,"A",,"A",,"A",,"A",,"A"
"20131",2521385,1,3,"1","140","D","1","D","11","D",217,"E",.,"A",85,"E",,"A",,"A",,"A",,"A",,"A",,"A",,"A",,"A",,"A"
"20131",2521385,1,4,"1","180","D","1","D","11","D",134,"E",.,"A",97,"E",,"A",,"A",,"A",,"A",,"A",,"A",,"A",,"A",,"A"
"20131",2521655,1,0,"1","100","D","1","D","11","D",120,"D",.,"A",.,"A",,"A",,"A",,"A",,"A",,"A",,"A",,"A",,"A",,"A"
"20131",2522245,1,0,"1","100","D","1","D","12","D",800,"D",.,"A",.,"A",,"A",,"A",,"A",,"A",,"A",,"A",,"A",,"A",,"A"
"20131",2522565,1,0,"2","180","D","1","D","10","D",150,"D",.,"A",100,"D",,"A",,"A",,"A",,"A",,"A",,"A",,"A",,"A",,"A"
"20131",2522585,1,0,"1","120","D","1","D","12","D",109,"D",.,"A",.,"A",,"A",,"A",,"A",,"A",,"A",,"A",,"A",,"A",,"A"
"20131",2523845,1,0,"2","100","D","1","D","11","D",295,"D",.,"A",.,"A",,"A",,"A",,"A",,"A",,"A",,"A",,"A",,"A",,"A"
"20131",2523905,1,0,"1","140","D","1","D","01","D",1199,"D",.,"A",.,"A",,"A",,"A",,"A",,"A",,"A",,"A",,"A",,"A",,"A"
"20131",2524085,1,0,"1","210","D","1","D","01","D",69,"D",.,"A",.,"A",,"A",,"A",,"A",,"A",,"A",,"A",,"A",,"A",,"A"
"20131",2524155,1,0,"1","120","D","1","D","11","D",48,"D",.,"A",.,"A",,"A",,"A",,"A",,"A",,"A",,"A",,"A",,"A",,"A"
"20131",2524735,1,0,"1","200","D","1","D","12","D",600,"D",.,"A",.,"A",,"A",,"A",,"A",,"A",,"A",,"A",,"A",,"A",,"A"
"20131",2524935,1,0,"1","120","D","1","D","11","D",100,"D",.,"A",.,"A",,"A",,"A",,"A",,"A",,"A",,"A",,"A",,"A",,"A"
"20131",2524955,1,0,"1","140","D","1","D","01","D",1000,"D",.,"A",.,"A",,"A",,"A",,"A",,"A",,"A",,"A",,"A",,"A",,"A"
"20131",2525045,1,0,"1","190","D","1","D","01","D",269,"D",.,"A",20,"D",,"A",,"A",,"A",,"A",,"A",,"A",,"A",,"A",,"A"
"20131",2525745,1,0,"1","140","D","1","D","11","D",2000,"D",.,"A",.,"A",,"A",,"A",,"A",,"A",,"A",,"A",,"A",,"A",,"A"
"20131",2526045,1,0,"1","120","D","1","D","01","D",85,"D",.,"A",.,"A",,"A",,"A",,"A",,"A",,"A",,"A",,"A",,"A",,"A"
"20131",2526045,2,0,"1","190","D","1","D","12","D",80,"D",.,"A",.,"A",,"A",,"A",,"A",,"A",,"A",,"A",,"A",,"A",,"A"
"20131",2526595,1,0,"1","120","D","1","D","01","D",192,"D",.,"A",.,"A",,"A",,"A",,"A",,"A",,"A",,"A",,"A",,"A",,"A"
"20131",2527025,1,0,"1","190","D","1","D","11","D",1200,"D",.,"A",.,"A",,"A",,"A",,"A",,"A",,"A",,"A",,"A",,"A",,"A"
"20131",2527315,1,0,"1","160","D","1","D","01","D",600,"D",.,"A",.,"A",,"A",,"A",,"A",,"A",,"A",,"A",,"A",,"A",,"A"
"20131",2527425,1,0,"1","120","D","1","D","11","D",190,"D",.,"A",.,"A",,"A",,"A",,"A",,"A",,"A",,"A",,"A",,"A",,"A"
"20131",2527685,1,0,"1","190","D","1","D","01","D",216,"D",.,"A",.,"A",,"A",,"A",,"A",,"A",,"A",,"A",,"A",,"A",,"A"
"20131",2528015,1,0,"1","100","D","1","D","01","D",1800,"D",.,"A",.,"A",,"A",,"A",,"A",,"A",,"A",,"A",,"A",,"A",,"A"
"20131",2528205,1,0,"1","200","D","1","D","01","D",419,"D",.,"A",.,"A",,"A",,"A",,"A",,"A",,"A",,"A",,"A",,"A",,"A"
"20131",2528245,1,0,"2","140","D","1","D","11","D",161,"D",.,"A",.,"A",,"A",,"A",,"A",,"A",,"A",,"A",,"A",,"A",,"A"
"20131",2529515,1,0,"1","200","D","2","D",,"A",.,"A",336,"D",.,"A",,"A",,"A",,"A",,"A",,"A",,"A",,"A",,"A",,"A"
"20131",2529765,1,0,"1","220","D","1","D","01","D",.,"H",.,"A",.,"A","200","D","160","D",,"A",,"A",,"A",,"A",,"A",,"A",,"A"
"20131",2529765,1,1,"1","200","D","1","D","01","D",833,"E",.,"A",.,"A",,"A",,"A",,"A",,"A",,"A",,"A",,"A",,"A",,"A"
"20131",2529765,1,2,"1","160","D","1","D","01","D",667,"E",.,"A",.,"A",,"A",,"A",,"A",,"A",,"A",,"A",,"A",,"A",,"A"
"20131",2530025,1,0,"1","140","D","1","D","12","D",2100,"D",.,"A",.,"A",,"A",,"A",,"A",,"A",,"A",,"A",,"A",,"A",,"A"
"20131",2530665,1,0,"1","200","D","1","D","12","D",408,"D",.,"A",.,"A",,"A",,"A",,"A",,"A",,"A",,"A",,"A",,"A",,"A"
"20131",2530985,1,0,"1","120","D","1","D","01","D",63,"D",.,"A",.,"A",,"A",,"A",,"A",,"A",,"A",,"A",,"A",,"A",,"A"
"20131",2531135,1,0,"1","100","D","1","D","12","D",750,"D",.,"A",.,"A",,"A",,"A",,"A",,"A",,"A",,"A",,"A",,"A",,"A"
"20131",2531175,1,0,"1","140","D","1","D","01","D",200,"D",.,"A",.,"A",,"A",,"A",,"A",,"A",,"A",,"A",,"A",,"A",,"A"
"20131",2531315,1,0,"1","200","D","1","D","01","D",400,"D",.,"A",.,"A",,"A",,"A",,"A",,"A",,"A",,"A",,"A",,"A",,"A"
"20131",2531635,1,0,"1","120","D","1","D","12","D",219,"D",.,"A",.,"A",,"A",,"A",,"A",,"A",,"A",,"A",,"A",,"A",,"A"
"20131",2531815,1,0,"1","190","D","1","D","11","D",370,"D",.,"A",.,"A",,"A",,"A",,"A",,"A",,"A",,"A",,"A",,"A",,"A"
"20131",2532245,1,0,"1","120","D","1","D","01","D",63,"D",.,"A",.,"A",,"A",,"A",,"A",,"A",,"A",,"A",,"A",,"A",,"A"
"20131",2532265,1,0,"1","140","D","1","D","01","D",159,"D",.,"A",.,"A",,"A",,"A",,"A",,"A",,"A",,"A",,"A",,"A",,"A"
"20131",2532595,1,0,"1","190","D","1","D","01","D",424,"D",.,"A",.,"A",,"A",,"A",,"A",,"A",,"A",,"A",,"A",,"A",,"A"
"20131",2532785,1,0,"1","200","D","1","D","12","D",516,"D",.,"A",.,"A",,"A",,"A",,"A",,"A",,"A",,"A",,"A",,"A",,"A"
"20131",2532855,1,0,"1","160","D","1","D","01","D",600,"D",.,"A",.,"A",,"A",,"A",,"A",,"A",,"A",,"A",,"A",,"A",,"A"
"20131",2533355,1,0,"1","200","D","1","D","01","D",300,"D",.,"A",.,"A",,"A",,"A",,"A",,"A",,"A",,"A",,"A",,"A",,"A"
"20131",2534035,1,0,"1","200","D","1","D","02","D",50,"D",.,"A",.,"A",,"A",,"A",,"A",,"A",,"A",,"A",,"A",,"A",,"A"
"20131",2536185,1,0,"1","190","D","1","D","01","D",700,"D",.,"A",.,"A",,"A",,"A",,"A",,"A",,"A",,"A",,"A",,"A",,"A"
"20131",2536185,2,0,"1","200","D","1","D","01","D",700,"D",.,"A",.,"A",,"A",,"A",,"A",,"A",,"A",,"A",,"A",,"A",,"A"
"20131",2536205,1,0,"1","120","D","1","D","02","D",75,"D",.,"A",.,"A",,"A",,"A",,"A",,"A",,"A",,"A",,"A",,"A",,"A"
"20131",2536215,1,0,"1","140","D","1","D","02","D",1500,"D",.,"A",10,"D",,"A",,"A",,"A",,"A",,"A",,"A",,"A",,"A",,"A"
"20131",2536385,1,0,"2","120","D","3","D","12","D",215,"D",.,"A",.,"A",,"A",,"A",,"A",,"A",,"A",,"A",,"A",,"A",,"A"
"20131",2536425,1,0,"1","120","D","1","D","02","D",38,"D",.,"A",.,"A",,"A",,"A",,"A",,"A",,"A",,"A",,"A",,"A",,"A"
"20131",2536495,1,0,"1","120","D","1","D","12","D",125,"D",.,"A",.,"A",,"A",,"A",,"A",,"A",,"A",,"A",,"A",,"A",,"A"
"20131",2536955,1,0,"1","160","D","3","D","02","D",1100,"D",.,"A",.,"A",,"A",,"A",,"A",,"A",,"A",,"A",,"A",,"A",,"A"
"20131",2537565,1,0,"1","220","D","1","D","01","D",.,"H",.,"A",.,"A","100","D","140","D","160","D","190","D","200","D","180","D","120","D",,"A",,"A"
"20131",2537565,1,1,"1","100","D","1","D","01","D",1396,"E",.,"A",.,"A",,"A",,"A",,"A",,"A",,"A",,"A",,"A",,"A",,"A"
"20131",2537565,1,2,"1","140","D","1","D","01","D",1719,"E",.,"A",.,"A",,"A",,"A",,"A",,"A",,"A",,"A",,"A",,"A",,"A"
"20131",2537565,1,3,"1","160","D","1","D","01","D",863,"E",.,"A",.,"A",,"A",,"A",,"A",,"A",,"A",,"A",,"A",,"A",,"A"
"20131",2537565,1,4,"1","190","D","1","D","01","D",1002,"E",.,"A",.,"A",,"A",,"A",,"A",,"A",,"A",,"A",,"A",,"A",,"A"
"20131",2537565,1,5,"1","200","D","1","D","01","D",931,"E",.,"A",.,"A",,"A",,"A",,"A",,"A",,"A",,"A",,"A",,"A",,"A"
"20131",2537565,1,6,"1","180","D","1","D","01","D",787,"E",.,"A",.,"A",,"A",,"A",,"A",,"A",,"A",,"A",,"A",,"A",,"A"
"20131",2537565,1,7,"1","120","D","1","D","01","D",302,"E",.,"A",.,"A",,"A",,"A",,"A",,"A",,"A",,"A",,"A",,"A",,"A"
"20131",2537965,1,0,"2","190","D","1","D","12","D",565,"D",.,"A",.,"A",,"A",,"A",,"A",,"A",,"A",,"A",,"A",,"A",,"A"
"20131",2538195,1,0,"1","190","D","1","D","01","D",650,"D",.,"A",35,"F",,"A",,"A",,"A",,"A",,"A",,"A",,"A",,"A",,"A"
"20131",2538235,1,0,"1","100","D","1","D","02","D",975,"D",.,"A",.,"A",,"A",,"A",,"A",,"A",,"A",,"A",,"A",,"A",,"A"
"20131",2538765,1,0,"1","225","D","1","D","02","D",.,"H",.,"A",.,"A","200","D","190","D",,"A",,"A",,"A",,"A",,"A",,"A",,"A"
"20131",2538765,1,1,"1","200","D","1","D","02","D",1096,"E",.,"A",.,"A",,"A",,"A",,"A",,"A",,"A",,"A",,"A",,"A",,"A"
"20131",2538765,1,2,"1","190","D","1","D","02","D",1180,"E",.,"A",.,"A",,"A",,"A",,"A",,"A",,"A",,"A",,"A",,"A",,"A"
"20131",2539625,1,0,"1","120","D","1","D","02","D",65,"D",.,"A",.,"A",,"A",,"A",,"A",,"A",,"A",,"A",,"A",,"A",,"A"
"20131",2539865,1,0,"1","120","D","1","D","01","D",61,"D",.,"A",.,"A",,"A",,"A",,"A",,"A",,"A",,"A",,"A",,"A",,"A"
"20131",2540265,1,0,"1","200","D","1","D","01","D",700,"D",.,"A",.,"A",,"A",,"A",,"A",,"A",,"A",,"A",,"A",,"A",,"A"
"20131",2540395,1,0,"1","100","D","3","D","01","D",528,"D",.,"A",.,"A",,"A",,"A",,"A",,"A",,"A",,"A",,"A",,"A",,"A"
"20131",2541455,1,0,"1","225","D","1","D","02","D",.,"H",.,"A",.,"A","200","D","190","D",,"A",,"A",,"A",,"A",,"A",,"A",,"A"
"20131",2541455,1,1,"1","200","D","1","D","02","D",457,"E",.,"A",.,"A",,"A",,"A",,"A",,"A",,"A",,"A",,"A",,"A",,"A"
"20131",2541455,1,2,"1","190","D","1","D","02","D",743,"E",.,"A",.,"A",,"A",,"A",,"A",,"A",,"A",,"A",,"A",,"A",,"A"
"20131",2542245,1,0,"1","120","D","1","D","01","D",130,"D",.,"A",.,"A",,"A",,"A",,"A",,"A",,"A",,"A",,"A",,"A",,"A"
"20131",2542255,1,0,"2","140","D","1","D","12","D",2200,"D",.,"A",.,"A",,"A",,"A",,"A",,"A",,"A",,"A",,"A",,"A",,"A"
"20131",2542455,1,0,"1","120","D","1","D","12","D",80,"D",.,"A",.,"A",,"A",,"A",,"A",,"A",,"A",,"A",,"A",,"A",,"A"
"20131",2542655,1,0,"1","120","D","1","D","01","D",70,"D",.,"A",.,"A",,"A",,"A",,"A",,"A",,"A",,"A",,"A",,"A",,"A"
"20131",2543095,1,0,"2","120","D","1","D","12","D",22,"D",.,"A",.,"A",,"A",,"A",,"A",,"A",,"A",,"A",,"A",,"A",,"A"
"20131",2543215,1,0,"1","120","D","3","D","12","D",500,"D",.,"A",.,"A",,"A",,"A",,"A",,"A",,"A",,"A",,"A",,"A",,"A"
"20131",2543255,1,0,"1","120","D","1","D","12","D",49,"D",.,"A",.,"A",,"A",,"A",,"A",,"A",,"A",,"A",,"A",,"A",,"A"
"20131",2543855,1,0,"1","120","D","1","D","01","D",60,"D",.,"A",.,"A",,"A",,"A",,"A",,"A",,"A",,"A",,"A",,"A",,"A"
"20131",2544265,1,0,"1","140","D","2","D",,"A",.,"A",191,"D",.,"A",,"A",,"A",,"A",,"A",,"A",,"A",,"A",,"A",,"A"
"20131",2545015,1,0,"1","190","D","1","D","12","D",580,"D",.,"A",.,"A",,"A",,"A",,"A",,"A",,"A",,"A",,"A",,"A",,"A"
"20131",2545205,1,0,"1","220","D","1","D","02","D",.,"H",.,"A",.,"A","210","D","140","D","100","D",,"A",,"A",,"A",,"A",,"A",,"A"
"20131",2545205,1,1,"1","140","D","1","D","02","D",650,"E",.,"A",.,"A",,"A",,"A",,"A",,"A",,"A",,"A",,"A",,"A",,"A"
"20131",2545205,1,2,"1","100","D","1","D","02","D",1350,"E",.,"A",.,"A",,"A",,"A",,"A",,"A",,"A",,"A",,"A",,"A",,"A"
"20131",2546994,1,0,"1","190","D","1","D","10","D",1280,"D",.,"A",.,"A",,"A",,"A",,"A",,"A",,"A",,"A",,"A",,"A",,"A"
"20131",2547334,1,0,"1","100","D","1","D","11","D",1605,"D",.,"A",.,"A",,"A",,"A",,"A",,"A",,"A",,"A",,"A",,"A",,"A"
"20131",2547354,1,0,"1","140","D","1","D","12","D",120,"D",.,"A",.,"A",,"A",,"A",,"A",,"A",,"A",,"A",,"A",,"A",,"A"
"20131",2547484,1,0,"1","120","D","1","D","11","D",640,"D",.,"A",60,"D",,"A",,"A",,"A",,"A",,"A",,"A",,"A",,"A",,"A"
"20131",2547494,1,0,"1","220","D","1","D","12","D",.,"H",.,"A",.,"H","220","D","160","D",,"A",,"A",,"A",,"A",,"A",,"A",,"A"
"20131",2547494,1,1,"1","100","D","1","D","12","D",818,"E",.,"A",28,"E",,"A",,"A",,"A",,"A",,"A",,"A",,"A",,"A",,"A"
"20131",2547494,1,2,"1","120","D","1","D","12","D",83,"E",.,"A",19,"E",,"A",,"A",,"A",,"A",,"A",,"A",,"A",,"A",,"A"
"20131",2547494,1,3,"1","140","D","1","D","12","D",468,"E",.,"A",18,"E",,"A",,"A",,"A",,"A",,"A",,"A",,"A",,"A",,"A"
"20131",2547494,1,4,"1","190","D","1","D","12","D",600,"E",.,"A",19,"E",,"A",,"A",,"A",,"A",,"A",,"A",,"A",,"A",,"A"
"20131",2547494,1,5,"1","200","D","1","D","12","D",55,"E",.,"A",15,"E",,"A",,"A",,"A",,"A",,"A",,"A",,"A",,"A",,"A"
"20131",2547854,1,0,"1","100","D","1","D","11","D",741,"D",.,"A",.,"A",,"A",,"A",,"A",,"A",,"A",,"A",,"A",,"A",,"A"
"20131",2547854,2,0,"1","120","D","1","D","11","D",264,"D",.,"A",.,"A",,"A",,"A",,"A",,"A",,"A",,"A",,"A",,"A",,"A"
"20131",2547964,1,0,"1","120","D","1","D","11","D",98,"D",.,"A",.,"A",,"A",,"A",,"A",,"A",,"A",,"A",,"A",,"A",,"A"
"20131",2548034,1,0,"2","140","D","1","D","10","D",1300,"D",.,"A",.,"A",,"A",,"A",,"A",,"A",,"A",,"A",,"A",,"A",,"A"
"20131",2548044,1,0,"1","160","D","1","D","11","D",600,"D",.,"A",.,"A",,"A",,"A",,"A",,"A",,"A",,"A",,"A",,"A",,"A"
"20131",2548044,2,0,"1","140","D","1","D","12","D",1785,"D",.,"A",.,"A",,"A",,"A",,"A",,"A",,"A",,"A",,"A",,"A",,"A"
"20131",2548144,1,0,"1","220","D","1","D","12","D",.,"H",.,"A",.,"A","210","D","120","D",,"A",,"A",,"A",,"A",,"A",,"A",,"A"
"20131",2548144,1,1,"1","120","D","1","D","12","D",200,"E",.,"A",.,"A",,"A",,"A",,"A",,"A",,"A",,"A",,"A",,"A",,"A"
"20131",2548144,2,0,"1","100","D","1","D","12","D",600,"D",.,"A",.,"A",,"A",,"A",,"A",,"A",,"A",,"A",,"A",,"A",,"A"
"20131",2548144,3,0,"1","160","D","1","D","12","D",350,"D",.,"A",.,"A",,"A",,"A",,"A",,"A",,"A",,"A",,"A",,"A",,"A"
"20131",2548944,1,0,"1","140","D","1","D","11","D",1050,"D",.,"A",.,"A",,"A",,"A",,"A",,"A",,"A",,"A",,"A",,"A",,"A"
"20131",2549994,1,0,"1","225","D","1","D","10","D",.,"H",.,"A",.,"A","200","D","190","D",,"A",,"A",,"A",,"A",,"A",,"A",,"A"
"20131",2549994,1,1,"1","200","D","1","D","10","D",151,"E",.,"A",.,"A",,"A",,"A",,"A",,"A",,"A",,"A",,"A",,"A",,"A"
"20131",2549994,1,2,"1","190","D","1","D","10","D",163,"E",.,"A",.,"A",,"A",,"A",,"A",,"A",,"A",,"A",,"A",,"A",,"A"
"20131",2550684,1,0,"1","225","D","1","D","11","D",.,"H",.,"A",.,"A","200","D","190","D",,"A",,"A",,"A",,"A",,"A",,"A",,"A"
"20131",2550684,1,1,"1","200","D","1","D","11","D",614,"E",.,"A",.,"A",,"A",,"A",,"A",,"A",,"A",,"A",,"A",,"A",,"A"
"20131",2550684,1,2,"1","190","D","1","D","11","D",586,"E",.,"A",.,"A",,"A",,"A",,"A",,"A",,"A",,"A",,"A",,"A",,"A"
"20131",2550944,1,0,"1","100","D","1","D","10","D",500,"D",.,"A",.,"A",,"A",,"A",,"A",,"A",,"A",,"A",,"A",,"A",,"A"
"20131",2550944,2,0,"1","140","D","1","D","10","D",60,"D",.,"A",.,"A",,"A",,"A",,"A",,"A",,"A",,"A",,"A",,"A",,"A"
"20131",2551024,1,0,"1","160","D","1","D","10","D",675,"D",.,"A",.,"A",,"A",,"A",,"A",,"A",,"A",,"A",,"A",,"A",,"A"
"20131",2551974,1,0,"1","120","D","1","D","11","D",318,"D",.,"A",.,"A",,"A",,"A",,"A",,"A",,"A",,"A",,"A",,"A",,"A"
"20131",2551974,2,0,"1","140","D","1","D","11","D",424,"D",.,"A",.,"A",,"A",,"A",,"A",,"A",,"A",,"A",,"A",,"A",,"A"
"20131",2551974,3,0,"1","100","D","1","D","11","D",795,"D",.,"A",60,"D",,"A",,"A",,"A",,"A",,"A",,"A",,"A",,"A",,"A"
"20131",2552154,1,0,"1","225","D","2","D",,"A",.,"A",.,"H",.,"A","200","D","190","D",,"A",,"A",,"A",,"A",,"A",,"A",,"A"
"20131",2552154,1,1,"1","200","D","2","D",,"A",.,"A",84,"E",.,"A",,"A",,"A",,"A",,"A",,"A",,"A",,"A",,"A",,"A"
"20131",2552154,1,2,"1","190","D","2","D",,"A",.,"A",12,"E",.,"A",,"A",,"A",,"A",,"A",,"A",,"A",,"A",,"A",,"A"
"20131",2552454,1,0,"1","120","D","1","D","11","D",140,"D",.,"A",.,"A",,"A",,"A",,"A",,"A",,"A",,"A",,"A",,"A",,"A"
"20131",2552534,1,0,"1","120","D","1","D","10","D",54,"D",.,"A",.,"A",,"A",,"A",,"A",,"A",,"A",,"A",,"A",,"A",,"A"
"20131",2552614,1,0,"1","140","D","1","D","10","D",200,"D",.,"A",.,"A",,"A",,"A",,"A",,"A",,"A",,"A",,"A",,"A",,"A"
"20131",2552694,1,0,"1","120","D","1","D","12","D",130,"D",.,"A",.,"A",,"A",,"A",,"A",,"A",,"A",,"A",,"A",,"A",,"A"
"20131",2552714,1,0,"1","220","D","1","D","10","D",.,"H",.,"A",.,"A","100","D","140","D",,"A",,"A",,"A",,"A",,"A",,"A",,"A"
"20131",2552714,1,1,"1","100","D","1","D","10","D",1059,"E",.,"A",.,"A",,"A",,"A",,"A",,"A",,"A",,"A",,"A",,"A",,"A"
"20131",2552714,1,2,"1","140","D","1","D","10","D",141,"E",.,"A",.,"A",,"A",,"A",,"A",,"A",,"A",,"A",,"A",,"A",,"A"
"20131",2552714,2,0,"1","100","D","1","D","10","D",500,"D",.,"A",.,"A",,"A",,"A",,"A",,"A",,"A",,"A",,"A",,"A",,"A"
"20131",2552834,1,0,"1","120","D","1","D","12","D",75,"D",.,"A",.,"A",,"A",,"A",,"A",,"A",,"A",,"A",,"A",,"A",,"A"
"20131",2553024,1,0,"1","120","D","1","D","12","D",76,"D",.,"A",.,"A",,"A",,"A",,"A",,"A",,"A",,"A",,"A",,"A",,"A"
"20131",2553244,1,0,"1","120","D","2","D",,"A",.,"A",35,"D",.,"A",,"A",,"A",,"A",,"A",,"A",,"A",,"A",,"A",,"A"
"20131",2553544,1,0,"1","200","D","1","D","11","D",560,"D",.,"A",.,"A",,"A",,"A",,"A",,"A",,"A",,"A",,"A",,"A",,"A"
"20131",2553784,1,0,"1","120","D","1","D","12","D",87,"D",.,"A",.,"A",,"A",,"A",,"A",,"A",,"A",,"A",,"A",,"A",,"A"
"20131",2554234,1,0,"1","120","D","1","D","10","D",40,"D",.,"A",.,"A",,"A",,"A",,"A",,"A",,"A",,"A",,"A",,"A",,"A"
"20131",2554254,1,0,"1","100","D","3","D","10","D",169,"D",.,"A",.,"A",,"A",,"A",,"A",,"A",,"A",,"A",,"A",,"A",,"A"
"20131",2554634,1,0,"2","120","D","1","D","10","D",50,"D",.,"A",.,"A",,"A",,"A",,"A",,"A",,"A",,"A",,"A",,"A",,"A"
"20131",2555414,1,0,"1","225","D","1","D","10","D",.,"H",.,"A",.,"A","200","D","190","D",,"A",,"A",,"A",,"A",,"A",,"A",,"A"
"20131",2555414,1,1,"1","200","D","1","D","10","D",1076,"E",.,"A",.,"A",,"A",,"A",,"A",,"A",,"A",,"A",,"A",,"A",,"A"
"20131",2555414,1,2,"1","190","D","1","D","10","D",924,"E",.,"A",.,"A",,"A",,"A",,"A",,"A",,"A",,"A",,"A",,"A",,"A"
"20131",2555634,1,0,"1","200","D","1","D","10","D",250,"D",.,"A",.,"A",,"A",,"A",,"A",,"A",,"A",,"A",,"A",,"A",,"A"
"20131",2555634,2,0,"1","120","D","3","D","10","D",65,"D",.,"A",.,"A",,"A",,"A",,"A",,"A",,"A",,"A",,"A",,"A",,"A"
"20131",2555784,1,0,"1","225","D","1","D","11","D",.,"H",.,"A",.,"A","200","D","190","D",,"A",,"A",,"A",,"A",,"A",,"A",,"A"
"20131",2555784,1,1,"1","200","D","1","D","11","D",609,"E",.,"A",.,"A",,"A",,"A",,"A",,"A",,"A",,"A",,"A",,"A",,"A"
"20131",2555784,1,2,"1","190","D","1","D","11","D",581,"E",.,"A",.,"A",,"A",,"A",,"A",,"A",,"A",,"A",,"A",,"A",,"A"
"20131",2555784,2,0,"2","140","D","1","D","10","D",477,"D",.,"A",.,"A",,"A",,"A",,"A",,"A",,"A",,"A",,"A",,"A",,"A"
"20131",2556244,1,0,"1","225","D","1","D","11","D",.,"H",.,"A",.,"A","200","D","190","D",,"A",,"A",,"A",,"A",,"A",,"A",,"A"
"20131",2556244,1,1,"1","200","D","1","D","11","D",408,"E",.,"A",.,"A",,"A",,"A",,"A",,"A",,"A",,"A",,"A",,"A",,"A"
"20131",2556244,1,2,"1","190","D","1","D","11","D",992,"E",.,"A",.,"A",,"A",,"A",,"A",,"A",,"A",,"A",,"A",,"A",,"A"
"20131",2556334,1,0,"1","100","D","3","D","11","D",459,"D",.,"A",.,"A",,"A",,"A",,"A",,"A",,"A",,"A",,"A",,"A",,"A"
"20131",2556674,1,0,"1","200","D","1","D","11","D",800,"D",.,"A",.,"A",,"A",,"A",,"A",,"A",,"A",,"A",,"A",,"A",,"A"
"20131",2557814,1,0,"1","140","D","1","D","12","D",107,"D",.,"A",.,"A",,"A",,"A",,"A",,"A",,"A",,"A",,"A",,"A",,"A"
"20131",2558004,1,0,"1","200","D","1","D","11","D",43,"D",.,"A",.,"A",,"A",,"A",,"A",,"A",,"A",,"A",,"A",,"A",,"A"
"20131",2558134,1,0,"1","100","D","1","D","01","D",54,"D",.,"A",.,"A",,"A",,"A",,"A",,"A",,"A",,"A",,"A",,"A",,"A"
"20131",2558194,1,0,"1","120","D","1","D","01","D",60,"D",.,"A",.,"A",,"A",,"A",,"A",,"A",,"A",,"A",,"A",,"A",,"A"
"20131",2558244,1,0,"1","120","D","1","D","01","D",129,"D",.,"A",.,"A",,"A",,"A",,"A",,"A",,"A",,"A",,"A",,"A",,"A"
"20131",2558634,1,0,"1","190","D","1","D","01","D",109,"D",.,"A",.,"A",,"A",,"A",,"A",,"A",,"A",,"A",,"A",,"A",,"A"
"20131",2558664,1,0,"1","210","D","3","D","12","D",550,"D",.,"A",.,"A",,"A",,"A",,"A",,"A",,"A",,"A",,"A",,"A",,"A"
"20131",2559064,1,0,"1","180","D","1","D","11","D",250,"D",.,"A",.,"A",,"A",,"A",,"A",,"A",,"A",,"A",,"A",,"A",,"A"
"20131",2559794,1,0,"2","160","D","1","D","11","D",500,"D",.,"A",.,"A",,"A",,"A",,"A",,"A",,"A",,"A",,"A",,"A",,"A"
"20131",2559954,1,0,"1","180","D","1","D","12","D",125,"D",.,"A",100,"F",,"A",,"A",,"A",,"A",,"A",,"A",,"A",,"A",,"A"
"20131",2560044,1,0,"1","100","D","1","D","01","D",620,"D",.,"A",.,"A",,"A",,"A",,"A",,"A",,"A",,"A",,"A",,"A",,"A"
"20131",2560044,2,0,"1","190","D","1","D","01","D",849,"D",.,"A",.,"A",,"A",,"A",,"A",,"A",,"A",,"A",,"A",,"A",,"A"
"20131",2560044,3,0,"1","200","D","1","D","01","D",450,"D",.,"A",.,"A",,"A",,"A",,"A",,"A",,"A",,"A",,"A",,"A",,"A"
"20131",2560264,1,0,"1","100","D","1","D","12","D",800,"D",.,"A",.,"A",,"A",,"A",,"A",,"A",,"A",,"A",,"A",,"A",,"A"
"20131",2560264,2,0,"1","140","D","1","D","12","D",1100,"D",.,"A",.,"A",,"A",,"A",,"A",,"A",,"A",,"A",,"A",,"A",,"A"
"20131",2560414,1,0,"1","190","D","1","D","11","D",100,"D",.,"A",.,"A",,"A",,"A",,"A",,"A",,"A",,"A",,"A",,"A",,"A"
"20131",2560484,1,0,"1","220","D","2","D",,"A",.,"A",.,"H",.,"A","220","D","140","D",,"A",,"A",,"A",,"A",,"A",,"A",,"A"
"20131",2560484,1,1,"1","120","D","2","D",,"A",.,"A",702,"E",.,"A",,"A",,"A",,"A",,"A",,"A",,"A",,"A",,"A",,"A"
"20131",2560484,1,2,"1","190","D","2","D",,"A",.,"A",458,"E",.,"A",,"A",,"A",,"A",,"A",,"A",,"A",,"A",,"A",,"A"
"20131",2560784,1,0,"1","200","D","1","D","01","D",1200,"D",.,"A",.,"A",,"A",,"A",,"A",,"A",,"A",,"A",,"A",,"A",,"A"
"20131",2561124,1,0,"1","225","D","1","D","11","D",.,"H",.,"A",.,"A","200","D","190","D",,"A",,"A",,"A",,"A",,"A",,"A",,"A"
"20131",2561124,1,1,"1","200","D","1","D","11","D",433,"E",.,"A",.,"A",,"A",,"A",,"A",,"A",,"A",,"A",,"A",,"A",,"A"
"20131",2561124,1,2,"1","190","D","1","D","11","D",467,"E",.,"A",.,"A",,"A",,"A",,"A",,"A",,"A",,"A",,"A",,"A",,"A"
"20131",2561434,1,0,"1","180","D","1","D","01","D",148,"D",.,"A",.,"A",,"A",,"A",,"A",,"A",,"A",,"A",,"A",,"A",,"A"
"20131",2561804,1,0,"1","200","D","1","D","01","D",601,"D",.,"A",.,"A",,"A",,"A",,"A",,"A",,"A",,"A",,"A",,"A",,"A"
"20131",2562234,1,0,"1","140","D","1","D","01","D",1050,"D",.,"A",.,"A",,"A",,"A",,"A",,"A",,"A",,"A",,"A",,"A",,"A"
"20131",2562544,1,0,"1","160","D","1","D","11","D",300,"D",.,"A",.,"A",,"A",,"A",,"A",,"A",,"A",,"A",,"A",,"A",,"A"
"20131",2562694,1,0,"1","120","D","1","D","01","D",60,"D",.,"A",.,"A",,"A",,"A",,"A",,"A",,"A",,"A",,"A",,"A",,"A"
"20131",2562734,1,0,"1","180","D","1","D","12","D",60,"D",.,"A",.,"A",,"A",,"A",,"A",,"A",,"A",,"A",,"A",,"A",,"A"
"20131",2562754,1,0,"1","120","D","1","D","01","D",135,"D",.,"A",.,"A",,"A",,"A",,"A",,"A",,"A",,"A",,"A",,"A",,"A"
"20131",2562834,1,0,"1","160","D","1","D","12","D",783,"D",.,"A",.,"A",,"A",,"A",,"A",,"A",,"A",,"A",,"A",,"A",,"A"
"20131",2562984,1,0,"1","200","D","1","D","01","D",652,"D",.,"A",.,"A",,"A",,"A",,"A",,"A",,"A",,"A",,"A",,"A",,"A"
"20131",2563574,1,0,"1","120","D","3","D","12","D",141,"D",.,"A",.,"A",,"A",,"A",,"A",,"A",,"A",,"A",,"A",,"A",,"A"
"20131",2563974,1,0,"1","120","D","1","D","11","D",50,"D",.,"A",.,"A",,"A",,"A",,"A",,"A",,"A",,"A",,"A",,"A",,"A"
"20131",2565224,1,0,"1","180","D","1","D","11","D",550,"D",.,"A",.,"A",,"A",,"A",,"A",,"A",,"A",,"A",,"A",,"A",,"A"
"20131",2565334,1,0,"1","100","D","1","D","01","D",650,"D",.,"A",.,"A",,"A",,"A",,"A",,"A",,"A",,"A",,"A",,"A",,"A"
"20131",2565584,1,0,"1","120","D","1","D","12","D",95,"D",.,"A",.,"A",,"A",,"A",,"A",,"A",,"A",,"A",,"A",,"A",,"A"
"20131",2566294,1,0,"2","190","D","3","D","11","D",197,"D",.,"A",.,"A",,"A",,"A",,"A",,"A",,"A",,"A",,"A",,"A",,"A"
"20131",2566434,1,0,"1","140","D","1","D","01","D",100,"D",.,"A",.,"A",,"A",,"A",,"A",,"A",,"A",,"A",,"A",,"A",,"A"
"20131",2566864,1,0,"1","140","D","1","D","01","D",670,"D",.,"A",.,"A",,"A",,"A",,"A",,"A",,"A",,"A",,"A",,"A",,"A"
"20131",2567334,1,0,"2","140","D","1","D","11","D",868,"D",.,"A",.,"A",,"A",,"A",,"A",,"A",,"A",,"A",,"A",,"A",,"A"
"20131",2567784,1,0,"1","100","D","1","D","12","D",200,"D",.,"A",.,"A",,"A",,"A",,"A",,"A",,"A",,"A",,"A",,"A",,"A"
"20131",2569934,1,0,"1","120","D","1","D","02","D",328,"D",.,"A",.,"A",,"A",,"A",,"A",,"A",,"A",,"A",,"A",,"A",,"A"
"20131",2570214,1,0,"1","140","D","1","D","02","D",249,"D",.,"A",.,"A",,"A",,"A",,"A",,"A",,"A",,"A",,"A",,"A",,"A"
"20131",2570594,1,0,"1","200","D","1","D","01","D",869,"D",.,"A",.,"A",,"A",,"A",,"A",,"A",,"A",,"A",,"A",,"A",,"A"
"20131",2570764,1,0,"1","200","D","1","D","02","D",118,"D",.,"A",.,"A",,"A",,"A",,"A",,"A",,"A",,"A",,"A",,"A",,"A"
"20131",2571124,1,0,"1","120","D","1","D","01","D",54,"D",.,"A",.,"A",,"A",,"A",,"A",,"A",,"A",,"A",,"A",,"A",,"A"
"20131",2571124,2,0,"1","200","D","1","D","02","D",375,"D",.,"A",.,"A",,"A",,"A",,"A",,"A",,"A",,"A",,"A",,"A",,"A"
"20131",2571694,1,0,"1","100","D","1","D","02","D",3475,"D",.,"A",.,"A",,"A",,"A",,"A",,"A",,"A",,"A",,"A",,"A",,"A"
"20131",2571754,1,0,"1","120","D","1","D","12","D",222,"D",.,"A",.,"A",,"A",,"A",,"A",,"A",,"A",,"A",,"A",,"A",,"A"
"20131",2572064,1,0,"1","140","D","1","D","12","D",975,"D",.,"A",50,"D",,"A",,"A",,"A",,"A",,"A",,"A",,"A",,"A",,"A"
"20131",2572984,1,0,"1","190","D","1","D","01","D",800,"D",.,"A",.,"A",,"A",,"A",,"A",,"A",,"A",,"A",,"A",,"A",,"A"
"20131",2572984,2,0,"1","200","D","1","D","01","D",800,"D",.,"A",.,"A",,"A",,"A",,"A",,"A",,"A",,"A",,"A",,"A",,"A"
"20131",2573534,1,0,"1","100","D","1","D","02","D",450,"D",.,"A",50,"D",,"A",,"A",,"A",,"A",,"A",,"A",,"A",,"A",,"A"
"20131",2573594,1,0,"1","200","D","1","D","12","D",435,"D",.,"A",.,"A",,"A",,"A",,"A",,"A",,"A",,"A",,"A",,"A",,"A"
"20131",2573604,1,0,"2","200","D","1","D","12","D",492,"D",.,"A",.,"A",,"A",,"A",,"A",,"A",,"A",,"A",,"A",,"A",,"A"
"20131",2573774,1,0,"1","190","D","1","D","12","D",100,"D",.,"A",.,"A",,"A",,"A",,"A",,"A",,"A",,"A",,"A",,"A",,"A"
"20131",2573774,2,0,"1","200","D","1","D","12","D",100,"D",.,"A",.,"A",,"A",,"A",,"A",,"A",,"A",,"A",,"A",,"A",,"A"
"20131",2573834,1,0,"1","100","D","1","D","02","D",600,"D",.,"A",.,"A",,"A",,"A",,"A",,"A",,"A",,"A",,"A",,"A",,"A"
"20131",2574424,1,0,"1","200","D","1","D","01","D",350,"D",.,"A",.,"A",,"A",,"A",,"A",,"A",,"A",,"A",,"A",,"A",,"A"
"20131",2575374,1,0,"1","225","D","1","D","02","D",.,"H",.,"A",.,"A","200","D","190","D",,"A",,"A",,"A",,"A",,"A",,"A",,"A"
"20131",2575374,1,1,"1","200","D","1","D","02","D",189,"E",.,"A",.,"A",,"A",,"A",,"A",,"A",,"A",,"A",,"A",,"A",,"A"
"20131",2575374,1,2,"1","190","D","1","D","02","D",361,"E",.,"A",.,"A",,"A",,"A",,"A",,"A",,"A",,"A",,"A",,"A",,"A"
"20131",2575634,1,0,"1","120","D","1","D","12","D",43,"D",.,"A",.,"A",,"A",,"A",,"A",,"A",,"A",,"A",,"A",,"A",,"A"
"20131",2576214,1,0,"1","100","D","1","D","01","D",500,"D",.,"A",.,"A",,"A",,"A",,"A",,"A",,"A",,"A",,"A",,"A",,"A"
"20131",2576234,1,0,"1","100","D","1","D","12","D",54,"D",.,"A",.,"A",,"A",,"A",,"A",,"A",,"A",,"A",,"A",,"A",,"A"
"20131",2576234,2,0,"1","140","D","1","D","02","D",80,"D",.,"A",.,"A",,"A",,"A",,"A",,"A",,"A",,"A",,"A",,"A",,"A"
"20131",2577094,1,0,"1","225","D","1","D","12","D",.,"H",.,"A",.,"A","200","D","190","D",,"A",,"A",,"A",,"A",,"A",,"A",,"A"
"20131",2577094,1,1,"1","200","D","1","D","12","D",52,"E",.,"A",.,"A",,"A",,"A",,"A",,"A",,"A",,"A",,"A",,"A",,"A"
"20131",2577094,1,2,"1","190","D","1","D","12","D",59,"E",.,"A",.,"A",,"A",,"A",,"A",,"A",,"A",,"A",,"A",,"A",,"A"
"20131",2577584,1,0,"1","100","D","1","D","02","D",409,"D",.,"A",.,"A",,"A",,"A",,"A",,"A",,"A",,"A",,"A",,"A",,"A"
"20131",2578354,1,0,"1","100","D","1","D","02","D",155,"D",.,"A",.,"A",,"A",,"A",,"A",,"A",,"A",,"A",,"A",,"A",,"A"
"20131",2578873,1,0,"1","190","D","1","D","11","D",900,"D",.,"A",.,"A",,"A",,"A",,"A",,"A",,"A",,"A",,"A",,"A",,"A"
"20131",2578873,2,0,"1","120","D","1","D","12","D",250,"D",.,"A",.,"A",,"A",,"A",,"A",,"A",,"A",,"A",,"A",,"A",,"A"
"20131",2579083,1,0,"2","140","D","1","D","10","D",25,"D",.,"A",.,"A",,"A",,"A",,"A",,"A",,"A",,"A",,"A",,"A",,"A"
"20131",2579253,1,0,"1","160","D","1","D","11","D",1200,"D",.,"A",50,"D",,"A",,"A",,"A",,"A",,"A",,"A",,"A",,"A",,"A"
"20131",2579663,1,0,"1","190","D","1","D","10","D",400,"D",.,"A",.,"A",,"A",,"A",,"A",,"A",,"A",,"A",,"A",,"A",,"A"
"20131",2579743,1,0,"1","120","D","1","D","11","D",640,"F",.,"A",.,"A",,"A",,"A",,"A",,"A",,"A",,"A",,"A",,"A",,"A"
"20131",2579833,1,0,"1","200","D","1","D","12","D",125,"D",.,"A",.,"A",,"A",,"A",,"A",,"A",,"A",,"A",,"A",,"A",,"A"
"20131",2580343,1,0,"1","100","D","1","D","12","D",2500,"D",.,"A",.,"A",,"A",,"A",,"A",,"A",,"A",,"A",,"A",,"A",,"A"
"20131",2580343,2,0,"1","225","D","1","D","12","D",.,"H",.,"A",.,"A","200","D","190","D",,"A",,"A",,"A",,"A",,"A",,"A",,"A"
"20131",2580343,2,1,"1","200","D","1","D","12","D",1492,"E",.,"A",.,"A",,"A",,"A",,"A",,"A",,"A",,"A",,"A",,"A",,"A"
"20131",2580343,2,2,"1","190","D","1","D","12","D",1608,"E",.,"A",.,"A",,"A",,"A",,"A",,"A",,"A",,"A",,"A",,"A",,"A"
"20131",2581313,1,0,"1","210","D","1","D","11","D",900,"D",.,"A",.,"A",,"A",,"A",,"A",,"A",,"A",,"A",,"A",,"A",,"A"
"20131",2581323,1,0,"1","140","D","1","D","12","D",135,"D",.,"A",.,"A",,"A",,"A",,"A",,"A",,"A",,"A",,"A",,"A",,"A"
"20131",2581483,1,0,"1","180","D","1","D","11","D",87,"D",.,"A",.,"A",,"A",,"A",,"A",,"A",,"A",,"A",,"A",,"A",,"A"
"20131",2581593,1,0,"2","140","D","1","D","10","D",200,"D",.,"A",.,"A",,"A",,"A",,"A",,"A",,"A",,"A",,"A",,"A",,"A"
"20131",2581614,1,0,"1","120","D","1","D","12","D",64,"D",.,"A",.,"A",,"A",,"A",,"A",,"A",,"A",,"A",,"A",,"A",,"A"
"20131",2581614,2,0,"1","190","D","1","D","10","D",150,"D",.,"A",.,"A",,"A",,"A",,"A",,"A",,"A",,"A",,"A",,"A",,"A"
"20131",2581623,1,0,"1","225","D","3","D","12","D",.,"H",.,"A",.,"H","200","D","190","D",,"A",,"A",,"A",,"A",,"A",,"A",,"A"
"20131",2581623,1,1,"1","200","D","3","D","12","D",610,"E",.,"A",45,"E",,"A",,"A",,"A",,"A",,"A",,"A",,"A",,"A",,"A"
"20131",2581623,1,2,"1","190","D","3","D","12","D",589,"E",.,"A",55,"E",,"A",,"A",,"A",,"A",,"A",,"A",,"A",,"A",,"A"
"20131",2581783,1,0,"1","140","D","1","D","12","D",2000,"D",.,"A",.,"A",,"A",,"A",,"A",,"A",,"A",,"A",,"A",,"A",,"A"
"20131",2581863,1,0,"1","120","D","1","D","11","D",110,"D",.,"A",.,"A",,"A",,"A",,"A",,"A",,"A",,"A",,"A",,"A",,"A"
"20131",2582263,1,0,"1","120","D","1","D","11","D",211,"D",.,"A",.,"A",,"A",,"A",,"A",,"A",,"A",,"A",,"A",,"A",,"A"
"20131",2582393,1,0,"1","120","D","1","D","11","D",48,"D",.,"A",.,"A",,"A",,"A",,"A",,"A",,"A",,"A",,"A",,"A",,"A"
"20131",2582633,1,0,"1","190","D","1","D","11","D",600,"D",.,"A",.,"A",,"A",,"A",,"A",,"A",,"A",,"A",,"A",,"A",,"A"
"20131",2582963,1,0,"1","190","D","1","D","12","D",200,"D",.,"A",.,"A",,"A",,"A",,"A",,"A",,"A",,"A",,"A",,"A",,"A"
"20131",2583953,1,0,"1","190","D","1","D","11","D",600,"D",.,"A",.,"A",,"A",,"A",,"A",,"A",,"A",,"A",,"A",,"A",,"A"
"20131",2584523,1,0,"1","120","D","1","D","10","D",59,"D",.,"A",.,"A",,"A",,"A",,"A",,"A",,"A",,"A",,"A",,"A",,"A"
"20131",2584603,1,0,"1","100","D","1","D","12","D",300,"D",.,"A",.,"A",,"A",,"A",,"A",,"A",,"A",,"A",,"A",,"A",,"A"
"20131",2585483,1,0,"1","190","D","1","D","11","D",80,"D",.,"A",.,"A",,"A",,"A",,"A",,"A",,"A",,"A",,"A",,"A",,"A"
"20131",2585643,1,0,"1","120","D","1","D","12","D",100,"D",.,"A",.,"A",,"A",,"A",,"A",,"A",,"A",,"A",,"A",,"A",,"A"
"20131",2585963,1,0,"1","120","D","1","D","10","D",59,"D",.,"A",.,"A",,"A",,"A",,"A",,"A",,"A",,"A",,"A",,"A",,"A"
"20131",2586273,1,0,"2","140","D","1","D","10","D",1000,"D",.,"A",.,"A",,"A",,"A",,"A",,"A",,"A",,"A",,"A",,"A",,"A"
"20131",2586443,1,0,"1","140","D","1","D","12","D",1619,"D",.,"A",.,"A",,"A",,"A",,"A",,"A",,"A",,"A",,"A",,"A",,"A"
"20131",2586673,1,0,"1","120","D","1","D","10","D",150,"D",.,"A",.,"A",,"A",,"A",,"A",,"A",,"A",,"A",,"A",,"A",,"A"
"20131",2587113,1,0,"2","180","D","1","D","10","D",200,"D",.,"A",.,"A",,"A",,"A",,"A",,"A",,"A",,"A",,"A",,"A",,"A"
"20131",2587293,1,0,"1","180","D","1","D","12","D",600,"D",.,"A",.,"A",,"A",,"A",,"A",,"A",,"A",,"A",,"A",,"A",,"A"
"20131",2587903,1,0,"1","120","D","2","D",,"A",.,"A",69,"D",.,"A",,"A",,"A",,"A",,"A",,"A",,"A",,"A",,"A",,"A"
"20131",2588243,1,0,"1","190","D","1","D","12","D",550,"D",.,"A",50,"D",,"A",,"A",,"A",,"A",,"A",,"A",,"A",,"A",,"A"
"20131",2588413,1,0,"1","120","D","1","D","10","D",259,"D",.,"A",.,"A",,"A",,"A",,"A",,"A",,"A",,"A",,"A",,"A",,"A"
"20131",2588555,1,0,"2","225","D","1","D","10","D",.,"H",.,"A",.,"A","200","D","190","D",,"A",,"A",,"A",,"A",,"A",,"A",,"A"
"20131",2588555,1,1,"2","200","D","1","D","10","D",471,"E",.,"A",.,"A",,"A",,"A",,"A",,"A",,"A",,"A",,"A",,"A",,"A"
"20131",2588555,1,2,"2","190","D","1","D","10","D",529,"E",.,"A",.,"A",,"A",,"A",,"A",,"A",,"A",,"A",,"A",,"A",,"A"
"20131",2588823,1,0,"2","225","D","1","D","10","D",.,"H",.,"A",.,"A","200","D","190","D",,"A",,"A",,"A",,"A",,"A",,"A",,"A"
"20131",2588823,1,1,"2","200","D","1","D","10","D",267,"E",.,"A",.,"A",,"A",,"A",,"A",,"A",,"A",,"A",,"A",,"A",,"A"
"20131",2588823,1,2,"2","190","D","1","D","10","D",108,"E",.,"A",.,"A",,"A",,"A",,"A",,"A",,"A",,"A",,"A",,"A",,"A"
"20131",2589193,1,0,"1","120","D","1","D","11","D",240,"D",.,"A",.,"A",,"A",,"A",,"A",,"A",,"A",,"A",,"A",,"A",,"A"
"20131",2589253,1,0,"1","140","D","3","D","12","D",200,"D",.,"A",.,"A",,"A",,"A",,"A",,"A",,"A",,"A",,"A",,"A",,"A"
"20131",2589313,1,0,"1","220","D","1","D","11","D",.,"H",.,"A",.,"A","160","D","120","D",,"A",,"A",,"A",,"A",,"A",,"A",,"A"
"20131",2589313,1,1,"1","160","D","1","D","11","D",1536,"E",.,"A",.,"A",,"A",,"A",,"A",,"A",,"A",,"A",,"A",,"A",,"A"
"20131",2589313,1,2,"1","120","D","1","D","11","D",540,"E",.,"A",.,"A",,"A",,"A",,"A",,"A",,"A",,"A",,"A",,"A",,"A"
"20131",2589693,1,0,"1","140","D","1","D","11","D",1815,"D",.,"A",.,"A",,"A",,"A",,"A",,"A",,"A",,"A",,"A",,"A",,"A"
"20131",2589703,1,0,"1","140","D","1","D","12","D",2000,"D",.,"A",.,"A",,"A",,"A",,"A",,"A",,"A",,"A",,"A",,"A",,"A"
"20131",2590113,1,0,"1","120","D","1","D","11","D",50,"D",.,"A",.,"A",,"A",,"A",,"A",,"A",,"A",,"A",,"A",,"A",,"A"
"20131",2590263,1,0,"1","190","D","1","D","11","D",600,"D",.,"A",.,"A",,"A",,"A",,"A",,"A",,"A",,"A",,"A",,"A",,"A"
"20131",2590823,1,0,"1","120","D","1","D","11","D",42,"D",.,"A",.,"A",,"A",,"A",,"A",,"A",,"A",,"A",,"A",,"A",,"A"
"20131",2590883,1,0,"1","100","D","1","D","11","D",600,"D",.,"A",.,"A",,"A",,"A",,"A",,"A",,"A",,"A",,"A",,"A",,"A"
"20131",2591093,1,0,"1","190","D","1","D","01","D",600,"D",.,"A",.,"A",,"A",,"A",,"A",,"A",,"A",,"A",,"A",,"A",,"A"
"20131",2591093,2,0,"1","200","D","1","D","01","D",400,"D",.,"A",50,"D",,"A",,"A",,"A",,"A",,"A",,"A",,"A",,"A",,"A"
"20131",2591913,1,0,"1","140","D","1","D","11","D",2200,"D",.,"A",.,"A",,"A",,"A",,"A",,"A",,"A",,"A",,"A",,"A",,"A"
"20131",2592253,1,0,"1","190","D","1","D","12","D",726,"D",.,"A",.,"A",,"A",,"A",,"A",,"A",,"A",,"A",,"A",,"A",,"A"
"20131",2592673,1,0,"1","220","D","1","D","11","D",.,"H",.,"A",.,"H","120","D","210","D",,"A",,"A",,"A",,"A",,"A",,"A",,"A"
"20131",2592673,1,1,"1","120","D","1","D","11","D",463,"E",.,"A",61,"E",,"A",,"A",,"A",,"A",,"A",,"A",,"A",,"A",,"A"
"20131",2592673,1,2,"1","210","D","1","D","11","D",1537,"E",.,"A",39,"E",,"A",,"A",,"A",,"A",,"A",,"A",,"A",,"A",,"A"
"20131",2592753,1,0,"1","120","D","1","D","01","D",60,"D",.,"A",.,"A",,"A",,"A",,"A",,"A",,"A",,"A",,"A",,"A",,"A"
"20131",2593323,1,0,"1","190","D","1","D","11","D",700,"D",.,"A",.,"A",,"A",,"A",,"A",,"A",,"A",,"A",,"A",,"A",,"A"
"20131",2594263,1,0,"1","120","D","1","D","01","D",1000,"D",.,"A",.,"A",,"A",,"A",,"A",,"A",,"A",,"A",,"A",,"A",,"A"
"20131",2594343,1,0,"1","120","D","1","D","12","D",30,"D",.,"A",.,"A",,"A",,"A",,"A",,"A",,"A",,"A",,"A",,"A",,"A"
"20131",2594343,2,0,"1","120","D","1","D","12","D",30,"D",.,"A",.,"A",,"A",,"A",,"A",,"A",,"A",,"A",,"A",,"A",,"A"
"20131",2594803,1,0,"1","190","D","1","D","11","D",800,"D",.,"A",.,"A",,"A",,"A",,"A",,"A",,"A",,"A",,"A",,"A",,"A"
"20131",2595003,1,0,"2","140","D","1","D","11","D",315,"D",.,"A",.,"A",,"A",,"A",,"A",,"A",,"A",,"A",,"A",,"A",,"A"
"20131",2595303,1,0,"2","160","D","1","D","11","D",560,"D",.,"A",.,"A",,"A",,"A",,"A",,"A",,"A",,"A",,"A",,"A",,"A"
"20131",2595953,1,0,"1","100","D","1","D","11","D",2500,"D",.,"A",.,"A",,"A",,"A",,"A",,"A",,"A",,"A",,"A",,"A",,"A"
"20131",2596243,1,0,"1","220","D","1","D","01","D",.,"H",.,"A",.,"A","120","D","140","D",,"A",,"A",,"A",,"A",,"A",,"A",,"A"
"20131",2596243,1,1,"1","120","D","1","D","01","D",396,"E",.,"A",.,"A",,"A",,"A",,"A",,"A",,"A",,"A",,"A",,"A",,"A"
"20131",2596243,1,2,"1","140","D","1","D","01","D",2207,"E",.,"A",.,"A",,"A",,"A",,"A",,"A",,"A",,"A",,"A",,"A",,"A"
"20131",2596243,2,0,"1","220","D","1","D","01","D",.,"H",.,"A",.,"A","220","D","120","D",,"A",,"A",,"A",,"A",,"A",,"A",,"A"
"20131",2596243,2,1,"1","120","D","1","D","01","D",229,"E",.,"A",.,"A",,"A",,"A",,"A",,"A",,"A",,"A",,"A",,"A",,"A"
"20131",2596243,2,2,"1","200","D","1","D","01","D",150,"E",.,"A",.,"A",,"A",,"A",,"A",,"A",,"A",,"A",,"A",,"A",,"A"
"20131",2596413,1,0,"2","200","D","1","D","11","D",733,"D",.,"A",.,"A",,"A",,"A",,"A",,"A",,"A",,"A",,"A",,"A",,"A"
"20131",2597133,1,0,"2","220","D","1","D","11","D",.,"H",.,"A",.,"A","100","D","160","D","120","D",,"A",,"A",,"A",,"A",,"A",,"A"
"20131",2597133,1,1,"2","100","D","1","D","11","D",1134,"E",.,"A",.,"A",,"A",,"A",,"A",,"A",,"A",,"A",,"A",,"A",,"A"
"20131",2597133,1,2,"2","160","D","1","D","11","D",212,"E",.,"A",.,"A",,"A",,"A",,"A",,"A",,"A",,"A",,"A",,"A",,"A"
"20131",2597133,1,3,"2","120","D","1","D","11","D",54,"E",.,"A",.,"A",,"A",,"A",,"A",,"A",,"A",,"A",,"A",,"A",,"A"
"20131",2597143,1,0,"1","120","D","1","D","01","D",118,"D",.,"A",.,"A",,"A",,"A",,"A",,"A",,"A",,"A",,"A",,"A",,"A"
"20131",2597163,1,0,"1","100","D","1","D","12","D",590,"D",.,"A",.,"A",,"A",,"A",,"A",,"A",,"A",,"A",,"A",,"A",,"A"
"20131",2597333,1,0,"1","120","D","1","D","01","D",73,"D",.,"A",.,"A",,"A",,"A",,"A",,"A",,"A",,"A",,"A",,"A",,"A"
"20131",2597913,1,0,"1","140","D","1","D","12","D",1400,"D",.,"A",.,"A",,"A",,"A",,"A",,"A",,"A",,"A",,"A",,"A",,"A"
"20131",2598903,1,0,"1","120","D","1","D","01","D",60,"D",.,"A",.,"A",,"A",,"A",,"A",,"A",,"A",,"A",,"A",,"A",,"A"
"20131",2599003,1,0,"2","140","D","1","D","11","D",535,"D",.,"A",.,"A",,"A",,"A",,"A",,"A",,"A",,"A",,"A",,"A",,"A"
"20131",2599273,1,0,"1","190","D","1","D","11","D",450,"D",.,"A",.,"A",,"A",,"A",,"A",,"A",,"A",,"A",,"A",,"A",,"A"
"20131",2599403,1,0,"1","225","D","1","D","01","D",.,"H",.,"A",.,"A","200","D","190","D",,"A",,"A",,"A",,"A",,"A",,"A",,"A"
"20131",2599403,1,1,"1","200","D","1","D","01","D",713,"E",.,"A",.,"A",,"A",,"A",,"A",,"A",,"A",,"A",,"A",,"A",,"A"
"20131",2599403,1,2,"1","190","D","1","D","01","D",1427,"E",.,"A",.,"A",,"A",,"A",,"A",,"A",,"A",,"A",,"A",,"A",,"A"
"20131",2599663,1,0,"1","140","D","1","D","12","D",250,"D",.,"A",.,"A",,"A",,"A",,"A",,"A",,"A",,"A",,"A",,"A",,"A"
"20131",2599883,1,0,"2","190","D","1","D","11","D",1000,"D",.,"A",140,"D",,"A",,"A",,"A",,"A",,"A",,"A",,"A",,"A",,"A"
"20131",2600223,1,0,"1","180","D","1","D","01","D",79,"D",.,"A",.,"A",,"A",,"A",,"A",,"A",,"A",,"A",,"A",,"A",,"A"
"20131",2600453,1,0,"1","100","D","1","D","01","D",200,"D",.,"A",.,"A",,"A",,"A",,"A",,"A",,"A",,"A",,"A",,"A",,"A"
"20131",2600803,1,0,"1","190","D","1","D","12","D",431,"D",.,"A",.,"A",,"A",,"A",,"A",,"A",,"A",,"A",,"A",,"A",,"A"
"20131",2600853,1,0,"1","190","D","1","D","11","D",1000,"D",.,"A",.,"A",,"A",,"A",,"A",,"A",,"A",,"A",,"A",,"A",,"A"
"20131",2600853,2,0,"1","200","D","1","D","11","D",1000,"D",.,"A",.,"A",,"A",,"A",,"A",,"A",,"A",,"A",,"A",,"A",,"A"
"20131",2600853,3,0,"1","140","D","1","D","11","D",1200,"D",.,"A",.,"A",,"A",,"A",,"A",,"A",,"A",,"A",,"A",,"A",,"A"
"20131",2600943,1,0,"1","190","D","1","D","11","D",530,"D",.,"A",.,"A",,"A",,"A",,"A",,"A",,"A",,"A",,"A",,"A",,"A"
"20131",2600943,2,0,"1","200","D","1","D","11","D",530,"D",.,"A",.,"A",,"A",,"A",,"A",,"A",,"A",,"A",,"A",,"A",,"A"
"20131",2600983,1,0,"1","160","D","3","D","12","D",380,"D",.,"A",.,"A",,"A",,"A",,"A",,"A",,"A",,"A",,"A",,"A",,"A"
"20131",2601203,1,0,"1","140","D","1","D","12","D",139,"D",.,"A",.,"A",,"A",,"A",,"A",,"A",,"A",,"A",,"A",,"A",,"A"
"20131",2602123,1,0,"1","190","D","1","D","02","D",594,"D",.,"A",.,"A",,"A",,"A",,"A",,"A",,"A",,"A",,"A",,"A",,"A"
"20131",2602123,2,0,"2","100","D","3","D","12","D",106,"D",.,"A",.,"A",,"A",,"A",,"A",,"A",,"A",,"A",,"A",,"A",,"A"
"20131",2603073,1,0,"1","120","D","1","D","01","D",378,"D",.,"A",.,"A",,"A",,"A",,"A",,"A",,"A",,"A",,"A",,"A",,"A"
"20131",2603603,1,0,"1","100","D","1","D","02","D",900,"D",.,"A",50,"D",,"A",,"A",,"A",,"A",,"A",,"A",,"A",,"A",,"A"
"20131",2603923,1,0,"1","120","D","1","D","01","D",142,"D",.,"A",.,"A",,"A",,"A",,"A",,"A",,"A",,"A",,"A",,"A",,"A"
"20131",2603973,1,0,"1","140","D","1","D","01","D",322,"D",.,"A",.,"A",,"A",,"A",,"A",,"A",,"A",,"A",,"A",,"A",,"A"
"20131",2604173,1,0,"1","140","D","1","D","02","D",1000,"D",.,"A",.,"A",,"A",,"A",,"A",,"A",,"A",,"A",,"A",,"A",,"A"
"20131",2605123,1,0,"1","120","D","1","D","12","D",300,"D",.,"A",.,"A",,"A",,"A",,"A",,"A",,"A",,"A",,"A",,"A",,"A"
"20131",2605123,2,0,"1","180","D","1","D","12","D",100,"D",.,"A",.,"A",,"A",,"A",,"A",,"A",,"A",,"A",,"A",,"A",,"A"
"20131",2606913,1,0,"1","225","D","1","D","01","D",.,"H",.,"A",.,"A","200","D","190","D",,"A",,"A",,"A",,"A",,"A",,"A",,"A"
"20131",2606913,1,1,"1","200","D","1","D","01","D",750,"E",.,"A",.,"A",,"A",,"A",,"A",,"A",,"A",,"A",,"A",,"A",,"A"
"20131",2606913,1,2,"1","190","D","1","D","01","D",750,"E",.,"A",.,"A",,"A",,"A",,"A",,"A",,"A",,"A",,"A",,"A",,"A"
"20131",2607543,1,0,"1","140","D","3","D","02","D",217,"D",.,"A",.,"A",,"A",,"A",,"A",,"A",,"A",,"A",,"A",,"A",,"A"
"20131",2608643,1,0,"1","200","D","1","D","12","D",160,"D",.,"A",.,"A",,"A",,"A",,"A",,"A",,"A",,"A",,"A",,"A",,"A"
"20131",2608843,1,0,"1","120","D","1","D","12","D",270,"D",.,"A",.,"A",,"A",,"A",,"A",,"A",,"A",,"A",,"A",,"A",,"A"
"20131",2609293,1,0,"1","190","D","1","D","12","D",850,"D",.,"A",.,"A",,"A",,"A",,"A",,"A",,"A",,"A",,"A",,"A",,"A"
"20131",2609293,2,0,"1","200","D","1","D","12","D",850,"D",.,"A",.,"A",,"A",,"A",,"A",,"A",,"A",,"A",,"A",,"A",,"A"
"20131",2609563,1,0,"1","100","D","1","D","02","D",1100,"D",.,"A",.,"A",,"A",,"A",,"A",,"A",,"A",,"A",,"A",,"A",,"A"
"20131",2609563,2,0,"1","140","D","1","D","02","D",2000,"D",.,"A",.,"A",,"A",,"A",,"A",,"A",,"A",,"A",,"A",,"A",,"A"
"20131",2609563,3,0,"1","160","D","1","D","02","D",800,"D",.,"A",.,"A",,"A",,"A",,"A",,"A",,"A",,"A",,"A",,"A",,"A"
"20131",2609563,4,0,"1","190","D","1","D","02","D",1500,"D",.,"A",.,"A",,"A",,"A",,"A",,"A",,"A",,"A",,"A",,"A",,"A"
"20131",2609563,5,0,"1","200","D","1","D","02","D",1500,"D",.,"A",.,"A",,"A",,"A",,"A",,"A",,"A",,"A",,"A",,"A",,"A"
"20131",2609733,1,0,"2","100","D","1","D","12","D",550,"D",.,"A",.,"A",,"A",,"A",,"A",,"A",,"A",,"A",,"A",,"A",,"A"
"20131",2609733,2,0,"2","190","D","1","D","12","D",600,"D",.,"A",.,"A",,"A",,"A",,"A",,"A",,"A",,"A",,"A",,"A",,"A"
"20131",2609883,1,0,"1","120","D","1","D","01","D",54,"D",.,"A",.,"A",,"A",,"A",,"A",,"A",,"A",,"A",,"A",,"A",,"A"
"20131",2610133,1,0,"1","190","D","1","D","01","D",125,"D",.,"A",.,"A",,"A",,"A",,"A",,"A",,"A",,"A",,"A",,"A",,"A"
"20131",2611063,1,0,"1","200","D","1","D","12","D",482,"D",.,"A",.,"A",,"A",,"A",,"A",,"A",,"A",,"A",,"A",,"A",,"A"
"20131",2611313,1,0,"1","140","D","1","D","02","D",200,"D",.,"A",.,"A",,"A",,"A",,"A",,"A",,"A",,"A",,"A",,"A",,"A"
"20131",2611483,1,0,"1","180","D","1","D","02","D",100,"D",.,"A",.,"A",,"A",,"A",,"A",,"A",,"A",,"A",,"A",,"A",,"A"
"20131",2611963,1,0,"1","225","D","1","D","02","D",.,"H",.,"A",.,"A","200","D","190","D",,"A",,"A",,"A",,"A",,"A",,"A",,"A"
"20131",2611963,1,1,"1","200","D","1","D","02","D",650,"E",.,"A",.,"A",,"A",,"A",,"A",,"A",,"A",,"A",,"A",,"A",,"A"
"20131",2611963,1,2,"1","190","D","1","D","02","D",650,"E",.,"A",.,"A",,"A",,"A",,"A",,"A",,"A",,"A",,"A",,"A",,"A"
"20131",2612003,1,0,"1","220","D","1","D","02","D",.,"H",.,"A",.,"A","220","D","120","D",,"A",,"A",,"A",,"A",,"A",,"A",,"A"
"20131",2612003,1,1,"1","120","D","1","D","02","D",19,"E",.,"A",.,"A",,"A",,"A",,"A",,"A",,"A",,"A",,"A",,"A",,"A"
"20131",2612003,1,2,"1","140","D","1","D","02","D",210,"E",.,"A",.,"A",,"A",,"A",,"A",,"A",,"A",,"A",,"A",,"A",,"A"
"20131",2612003,1,3,"1","190","D","1","D","02","D",121,"E",.,"A",.,"A",,"A",,"A",,"A",,"A",,"A",,"A",,"A",,"A",,"A"
"20131",2612942,1,0,"1","190","D","2","D",,"A",.,"A",45,"D",.,"A",,"A",,"A",,"A",,"A",,"A",,"A",,"A",,"A",,"A"
"20131",2613235,1,0,"1","140","D","1","D","11","D",35,"D",.,"A",.,"A",,"A",,"A",,"A",,"A",,"A",,"A",,"A",,"A",,"A"
"20131",2613235,2,0,"2","140","D","1","D","10","D",32,"D",.,"A",.,"A",,"A",,"A",,"A",,"A",,"A",,"A",,"A",,"A",,"A"
"20131",2613352,1,0,"1","100","D","1","D","11","D",100,"D",.,"A",.,"A",,"A",,"A",,"A",,"A",,"A",,"A",,"A",,"A",,"A"
"20131",2613562,1,0,"2","140","D","1","D","10","D",110,"D",.,"A",.,"A",,"A",,"A",,"A",,"A",,"A",,"A",,"A",,"A",,"A"
"20131",2614192,1,0,"1","120","D","1","D","12","D",285,"D",.,"A",.,"A",,"A",,"A",,"A",,"A",,"A",,"A",,"A",,"A",,"A"
"20131",2614652,1,0,"1","190","D","1","D","11","D",559,"D",.,"A",.,"A",,"A",,"A",,"A",,"A",,"A",,"A",,"A",,"A",,"A"
"20131",2614692,1,0,"1","120","D","1","D","12","D",37,"D",.,"A",.,"A",,"A",,"A",,"A",,"A",,"A",,"A",,"A",,"A",,"A"
"20131",2614722,1,0,"1","100","D","1","D","12","D",749,"D",.,"A",25,"D",,"A",,"A",,"A",,"A",,"A",,"A",,"A",,"A",,"A"
"20131",2614812,1,0,"1","160","D","1","D","12","D",500,"D",.,"A",100,"D",,"A",,"A",,"A",,"A",,"A",,"A",,"A",,"A",,"A"
"20131",2614902,1,0,"1","190","D","1","D","10","D",742,"D",.,"A",.,"A",,"A",,"A",,"A",,"A",,"A",,"A",,"A",,"A",,"A"
"20131",2614902,2,0,"1","200","D","1","D","10","D",742,"D",.,"A",.,"A",,"A",,"A",,"A",,"A",,"A",,"A",,"A",,"A",,"A"
"20131",2615652,1,0,"1","120","D","1","D","11","D",150,"D",.,"A",.,"A",,"A",,"A",,"A",,"A",,"A",,"A",,"A",,"A",,"A"
"20131",2615672,1,0,"1","120","D","1","D","12","D",30,"D",.,"A",.,"A",,"A",,"A",,"A",,"A",,"A",,"A",,"A",,"A",,"A"
"20131",2615942,1,0,"1","220","D","1","D","12","D",.,"H",.,"A",.,"H","100","D","140","D",,"A",,"A",,"A",,"A",,"A",,"A",,"A"
"20131",2615942,1,1,"1","100","D","1","D","12","D",497,"G",.,"A",18,"E",,"A",,"A",,"A",,"A",,"A",,"A",,"A",,"A",,"A"
"20131",2615942,1,2,"1","140","D","1","D","12","D",1503,"G",.,"A",12,"E",,"A",,"A",,"A",,"A",,"A",,"A",,"A",,"A",,"A"
"20131",2616372,1,0,"1","100","D","1","D","11","D",900,"D",.,"A",.,"A",,"A",,"A",,"A",,"A",,"A",,"A",,"A",,"A",,"A"
"20131",2616462,1,0,"1","120","D","1","D","12","D",10,"D",.,"A",.,"A",,"A",,"A",,"A",,"A",,"A",,"A",,"A",,"A",,"A"
"20131",2616992,1,0,"1","100","D","1","D","12","D",800,"D",.,"A",.,"A",,"A",,"A",,"A",,"A",,"A",,"A",,"A",,"A",,"A"
"20131",2617052,1,0,"1","140","D","1","D","10","D",742,"D",.,"A",.,"A",,"A",,"A",,"A",,"A",,"A",,"A",,"A",,"A",,"A"
"20131",2617232,1,0,"1","120","D","1","D","11","D",60,"D",.,"A",.,"A",,"A",,"A",,"A",,"A",,"A",,"A",,"A",,"A",,"A"
"20131",2617242,1,0,"1","190","D","1","D","10","D",700,"D",.,"A",.,"A",,"A",,"A",,"A",,"A",,"A",,"A",,"A",,"A",,"A"
"20131",2617402,1,0,"1","225","D","1","D","11","D",.,"H",.,"A",.,"A","200","D","190","D",,"A",,"A",,"A",,"A",,"A",,"A",,"A"
"20131",2617402,1,1,"1","200","D","1","D","11","D",707,"E",.,"A",.,"A",,"A",,"A",,"A",,"A",,"A",,"A",,"A",,"A",,"A"
"20131",2617402,1,2,"1","190","D","1","D","11","D",793,"E",.,"A",.,"A",,"A",,"A",,"A",,"A",,"A",,"A",,"A",,"A",,"A"
"20131",2617632,1,0,"1","200","D","1","D","12","D",95,"D",.,"A",.,"A",,"A",,"A",,"A",,"A",,"A",,"A",,"A",,"A",,"A"
"20131",2617742,1,0,"1","100","D","1","D","12","D",400,"D",.,"A",.,"A",,"A",,"A",,"A",,"A",,"A",,"A",,"A",,"A",,"A"
"20131",2617742,2,0,"1","140","D","1","D","12","D",550,"D",.,"A",.,"A",,"A",,"A",,"A",,"A",,"A",,"A",,"A",,"A",,"A"
"20131",2617932,1,0,"1","120","D","1","D","12","D",75,"D",.,"A",.,"A",,"A",,"A",,"A",,"A",,"A",,"A",,"A",,"A",,"A"
"20131",2618824,1,0,"2","120","D","1","D","10","D",54,"D",.,"A",.,"A",,"A",,"A",,"A",,"A",,"A",,"A",,"A",,"A",,"A"
"20131",2618902,1,0,"1","220","D","1","D","11","D",.,"H",.,"A",.,"A","140","D","100","D","210","D","160","D","190","D","200","D","120","D",,"A",,"A"
"20131",2618902,1,1,"1","140","D","1","D","11","D",647,"E",.,"A",.,"A",,"A",,"A",,"A",,"A",,"A",,"A",,"A",,"A",,"A"
"20131",2618902,1,2,"1","100","D","1","D","11","D",478,"E",.,"A",.,"A",,"A",,"A",,"A",,"A",,"A",,"A",,"A",,"A",,"A"
"20131",2618902,1,3,"1","160","D","1","D","11","D",89,"E",.,"A",.,"A",,"A",,"A",,"A",,"A",,"A",,"A",,"A",,"A",,"A"
"20131",2618902,1,4,"1","190","D","1","D","11","D",35,"E",.,"A",.,"A",,"A",,"A",,"A",,"A",,"A",,"A",,"A",,"A",,"A"
"20131",2618902,1,5,"1","200","D","1","D","11","D",129,"E",.,"A",.,"A",,"A",,"A",,"A",,"A",,"A",,"A",,"A",,"A",,"A"
"20131",2618902,1,6,"1","120","D","1","D","11","D",22,"E",.,"A",.,"A",,"A",,"A",,"A",,"A",,"A",,"A",,"A",,"A",,"A"
"20131",2619432,1,0,"1","100","D","1","D","12","D",250,"D",.,"A",.,"A",,"A",,"A",,"A",,"A",,"A",,"A",,"A",,"A",,"A"
"20131",2620292,1,0,"1","120","D","1","D","12","D",1205,"D",.,"A",75,"D",,"A",,"A",,"A",,"A",,"A",,"A",,"A",,"A",,"A"
"20131",2620322,1,0,"1","140","D","1","D","12","D",657,"D",.,"A",.,"A",,"A",,"A",,"A",,"A",,"A",,"A",,"A",,"A",,"A"
"20131",2620603,1,0,"1","190","D","1","D","10","D",650,"D",.,"A",.,"A",,"A",,"A",,"A",,"A",,"A",,"A",,"A",,"A",,"A"
"20131",2620603,2,0,"1","200","D","1","D","10","D",600,"D",.,"A",.,"A",,"A",,"A",,"A",,"A",,"A",,"A",,"A",,"A",,"A"
"20131",2620762,1,0,"1","120","D","1","D","10","D",96,"D",.,"A",.,"A",,"A",,"A",,"A",,"A",,"A",,"A",,"A",,"A",,"A"
"20131",2620812,1,0,"1","120","D","1","D","11","D",128,"D",.,"A",.,"A",,"A",,"A",,"A",,"A",,"A",,"A",,"A",,"A",,"A"
"20131",2620942,1,0,"1","225","D","1","D","12","D",.,"H",.,"A",.,"A","200","D","190","D",,"A",,"A",,"A",,"A",,"A",,"A",,"A"
"20131",2620942,1,1,"1","200","D","1","D","12","D",889,"E",.,"A",.,"A",,"A",,"A",,"A",,"A",,"A",,"A",,"A",,"A",,"A"
"20131",2620942,1,2,"1","190","D","1","D","12","D",761,"E",.,"A",.,"A",,"A",,"A",,"A",,"A",,"A",,"A",,"A",,"A",,"A"
"20131",2620982,1,0,"1","180","D","1","D","12","D",185,"D",.,"A",.,"A",,"A",,"A",,"A",,"A",,"A",,"A",,"A",,"A",,"A"
"20131",2621322,1,0,"1","200","D","1","D","12","D",636,"D",.,"A",20,"F",,"A",,"A",,"A",,"A",,"A",,"A",,"A",,"A",,"A"
"20131",2621812,1,0,"1","160","D","1","D","11","D",191,"D",.,"A",.,"A",,"A",,"A",,"A",,"A",,"A",,"A",,"A",,"A",,"A"
"20131",2622222,1,0,"1","100","D","1","D","10","D",1908,"D",.,"A",120,"D",,"A",,"A",,"A",,"A",,"A",,"A",,"A",,"A",,"A"
"20131",2622222,2,0,"1","160","D","1","D","10","D",1060,"D",.,"A",150,"D",,"A",,"A",,"A",,"A",,"A",,"A",,"A",,"A",,"A"
"20131",2622492,1,0,"1","140","D","1","D","10","D",750,"D",.,"A",.,"A",,"A",,"A",,"A",,"A",,"A",,"A",,"A",,"A",,"A"
"20131",2622492,2,0,"1","190","D","1","D","10","D",150,"D",.,"A",.,"A",,"A",,"A",,"A",,"A",,"A",,"A",,"A",,"A",,"A"
"20131",2622662,1,0,"1","225","D","1","D","10","D",.,"H",.,"A",.,"A","200","D","190","D",,"A",,"A",,"A",,"A",,"A",,"A",,"A"
"20131",2622662,1,1,"1","200","D","1","D","10","D",351,"E",.,"A",.,"A",,"A",,"A",,"A",,"A",,"A",,"A",,"A",,"A",,"A"
"20131",2622662,1,2,"1","190","D","1","D","10","D",849,"E",.,"A",.,"A",,"A",,"A",,"A",,"A",,"A",,"A",,"A",,"A",,"A"
"20131",2622702,1,0,"1","140","D","1","D","12","D",353,"D",.,"A",.,"A",,"A",,"A",,"A",,"A",,"A",,"A",,"A",,"A",,"A"
"20131",2623062,1,0,"1","160","D","1","D","11","D",300,"D",.,"A",.,"A",,"A",,"A",,"A",,"A",,"A",,"A",,"A",,"A",,"A"
"20131",2623092,1,0,"1","120","D","1","D","12","D",54,"D",.,"A",.,"A",,"A",,"A",,"A",,"A",,"A",,"A",,"A",,"A",,"A"
"20131",2623142,1,0,"1","225","D","3","D","11","D",.,"H",.,"A",.,"A","200","D","190","D",,"A",,"A",,"A",,"A",,"A",,"A",,"A"
"20131",2623142,1,1,"1","200","D","3","D","11","D",172,"E",.,"A",.,"A",,"A",,"A",,"A",,"A",,"A",,"A",,"A",,"A",,"A"
"20131",2623142,1,2,"1","190","D","3","D","11","D",146,"E",.,"A",.,"A",,"A",,"A",,"A",,"A",,"A",,"A",,"A",,"A",,"A"
"20131",2623282,1,0,"1","120","D","1","D","11","D",45,"D",.,"A",.,"A",,"A",,"A",,"A",,"A",,"A",,"A",,"A",,"A",,"A"
"20131",2624042,1,0,"1","190","D","1","D","12","D",1500,"D",.,"A",.,"A",,"A",,"A",,"A",,"A",,"A",,"A",,"A",,"A",,"A"
"20131",2624922,1,0,"2","120","D","3","D","11","D",54,"D",.,"A",.,"A",,"A",,"A",,"A",,"A",,"A",,"A",,"A",,"A",,"A"
"20131",2625142,1,0,"1","190","D","1","D","01","D",326,"D",.,"A",.,"A",,"A",,"A",,"A",,"A",,"A",,"A",,"A",,"A",,"A"
"20131",2625382,1,0,"1","180","D","1","D","01","D",100,"D",.,"A",.,"A",,"A",,"A",,"A",,"A",,"A",,"A",,"A",,"A",,"A"
"20131",2625882,1,0,"1","100","D","1","D","01","D",1149,"D",.,"A",.,"A",,"A",,"A",,"A",,"A",,"A",,"A",,"A",,"A",,"A"
"20131",2626722,1,0,"1","120","D","1","D","12","D",150,"D",.,"A",.,"A",,"A",,"A",,"A",,"A",,"A",,"A",,"A",,"A",,"A"
"20131",2626972,1,0,"1","180","D","1","D","01","D",80,"D",.,"A",.,"A",,"A",,"A",,"A",,"A",,"A",,"A",,"A",,"A",,"A"
"20131",2627033,1,0,"1","225","D","1","D","11","D",.,"H",.,"A",.,"H","200","D","190","D",,"A",,"A",,"A",,"A",,"A",,"A",,"A"
"20131",2627033,1,1,"1","200","D","1","D","11","D",500,"E",.,"A",68,"E",,"A",,"A",,"A",,"A",,"A",,"A",,"A",,"A",,"A"
"20131",2627033,1,2,"1","190","D","1","D","11","D",1000,"E",.,"A",82,"E",,"A",,"A",,"A",,"A",,"A",,"A",,"A",,"A",,"A"
"20131",2627562,1,0,"1","190","D","1","D","01","D",488,"D",.,"A",.,"A",,"A",,"A",,"A",,"A",,"A",,"A",,"A",,"A",,"A"
"20131",2627622,1,0,"1","120","D","1","D","11","D",50,"D",.,"A",.,"A",,"A",,"A",,"A",,"A",,"A",,"A",,"A",,"A",,"A"
"20131",2627782,1,0,"1","200","D","1","D","11","D",450,"D",.,"A",.,"A",,"A",,"A",,"A",,"A",,"A",,"A",,"A",,"A",,"A"
"20131",2628302,1,0,"1","120","D","1","D","12","D",90,"D",.,"A",.,"A",,"A",,"A",,"A",,"A",,"A",,"A",,"A",,"A",,"A"
"20131",2628672,1,0,"1","200","D","1","D","01","D",324,"D",.,"A",.,"A",,"A",,"A",,"A",,"A",,"A",,"A",,"A",,"A",,"A"
"20131",2628952,1,0,"2","100","D","1","D","11","D",541,"D",.,"A",.,"A",,"A",,"A",,"A",,"A",,"A",,"A",,"A",,"A",,"A"
"20131",2629042,1,0,"1","140","D","1","D","12","D",3037,"D",.,"A",.,"A",,"A",,"A",,"A",,"A",,"A",,"A",,"A",,"A",,"A"
"20131",2629242,1,0,"1","190","D","1","D","12","D",650,"D",.,"A",.,"A",,"A",,"A",,"A",,"A",,"A",,"A",,"A",,"A",,"A"
"20131",2629682,1,0,"1","160","D","1","D","12","D",699,"D",.,"A",.,"A",,"A",,"A",,"A",,"A",,"A",,"A",,"A",,"A",,"A"
"20131",2629982,1,0,"1","100","D","3","D","12","D",1200,"D",.,"A",.,"A",,"A",,"A",,"A",,"A",,"A",,"A",,"A",,"A",,"A"
"20131",2630222,1,0,"1","170","D","1","D","11","D",424,"D",.,"A",.,"A",,"A",,"A",,"A",,"A",,"A",,"A",,"A",,"A",,"A"
"20131",2630912,1,0,"2","200","D","1","D","11","D",539,"D",.,"A",.,"A",,"A",,"A",,"A",,"A",,"A",,"A",,"A",,"A",,"A"
"20131",2631012,1,0,"2","220","D","1","D","11","D",.,"H",.,"A",.,"A","100","D","120","D","160","D","140","D",,"A",,"A",,"A",,"A",,"A"
"20131",2631012,1,1,"2","100","D","1","D","11","D",385,"E",.,"A",.,"A",,"A",,"A",,"A",,"A",,"A",,"A",,"A",,"A",,"A"
"20131",2631012,1,2,"2","120","D","1","D","11","D",189,"E",.,"A",.,"A",,"A",,"A",,"A",,"A",,"A",,"A",,"A",,"A",,"A"
"20131",2631012,1,3,"2","160","D","1","D","11","D",964,"E",.,"A",.,"A",,"A",,"A",,"A",,"A",,"A",,"A",,"A",,"A",,"A"
"20131",2631012,1,4,"2","140","D","1","D","11","D",388,"E",.,"A",.,"A",,"A",,"A",,"A",,"A",,"A",,"A",,"A",,"A",,"A"
"20131",2632492,1,0,"1","120","D","1","D","12","D",370,"D",.,"A",.,"A",,"A",,"A",,"A",,"A",,"A",,"A",,"A",,"A",,"A"
"20131",2632642,1,0,"1","120","D","1","D","01","D",265,"D",.,"A",.,"A",,"A",,"A",,"A",,"A",,"A",,"A",,"A",,"A",,"A"
"20131",2633912,1,0,"1","100","D","1","D","12","D",107,"D",.,"A",.,"A",,"A",,"A",,"A",,"A",,"A",,"A",,"A",,"A",,"A"
"20131",2633932,1,0,"1","140","D","1","D","12","D",2173,"D",.,"A",.,"A",,"A",,"A",,"A",,"A",,"A",,"A",,"A",,"A",,"A"
"20131",2633972,1,0,"2","120","D","1","D","11","D",76,"D",.,"A",.,"A",,"A",,"A",,"A",,"A",,"A",,"A",,"A",,"A",,"A"
"20131",2634172,1,0,"1","100","D","1","D","12","D",2000,"D",.,"A",.,"A",,"A",,"A",,"A",,"A",,"A",,"A",,"A",,"A",,"A"
"20131",2634172,2,0,"1","160","D","1","D","01","D",1000,"D",.,"A",.,"A",,"A",,"A",,"A",,"A",,"A",,"A",,"A",,"A",,"A"
"20131",2634422,1,0,"2","160","D","1","D","11","D",525,"D",.,"A",.,"A",,"A",,"A",,"A",,"A",,"A",,"A",,"A",,"A",,"A"
"20131",2634642,1,0,"1","120","D","1","D","12","D",205,"F",.,"A",.,"A",,"A",,"A",,"A",,"A",,"A",,"A",,"A",,"A",,"A"
"20131",2635222,1,0,"2","200","D","1","D","11","D",539,"D",.,"A",.,"A",,"A",,"A",,"A",,"A",,"A",,"A",,"A",,"A",,"A"
"20131",2635352,1,0,"1","120","D","1","D","11","D",50,"D",.,"A",.,"A",,"A",,"A",,"A",,"A",,"A",,"A",,"A",,"A",,"A"
"20131",2635862,1,0,"1","120","D","1","D","01","D",55,"D",.,"A",.,"A",,"A",,"A",,"A",,"A",,"A",,"A",,"A",,"A",,"A"
"20131",2636022,1,0,"1","100","D","1","D","12","D",1100,"D",.,"A",.,"A",,"A",,"A",,"A",,"A",,"A",,"A",,"A",,"A",,"A"
"20131",2636022,2,0,"1","210","D","1","D","12","D",700,"D",.,"A",.,"A",,"A",,"A",,"A",,"A",,"A",,"A",,"A",,"A",,"A"
"20131",2636132,1,0,"1","100","D","1","D","12","D",250,"D",.,"A",.,"A",,"A",,"A",,"A",,"A",,"A",,"A",,"A",,"A",,"A"
"20131",2636572,1,0,"1","140","D","1","D","01","D",1908,"D",.,"A",.,"A",,"A",,"A",,"A",,"A",,"A",,"A",,"A",,"A",,"A"
"20131",2636952,1,0,"1","120","D","1","D","01","D",90,"D",.,"A",.,"A",,"A",,"A",,"A",,"A",,"A",,"A",,"A",,"A",,"A"
"20131",2637562,1,0,"1","170","D","1","D","12","D",850,"D",.,"A",.,"A",,"A",,"A",,"A",,"A",,"A",,"A",,"A",,"A",,"A"
"20131",2638432,1,0,"1","140","D","1","D","02","D",299,"D",.,"A",.,"A",,"A",,"A",,"A",,"A",,"A",,"A",,"A",,"A",,"A"
"20131",2638432,2,0,"1","120","D","1","D","12","D",75,"D",.,"A",.,"A",,"A",,"A",,"A",,"A",,"A",,"A",,"A",,"A",,"A"
"20131",2638492,1,0,"1","200","D","1","D","02","D",662,"D",.,"A",20,"D",,"A",,"A",,"A",,"A",,"A",,"A",,"A",,"A",,"A"
"20131",2638542,1,0,"2","160","D","1","D","12","D",345,"D",.,"A",.,"A",,"A",,"A",,"A",,"A",,"A",,"A",,"A",,"A",,"A"
"20131",2639852,1,0,"2","200","D","1","D","12","D",1003,"D",.,"A",.,"A",,"A",,"A",,"A",,"A",,"A",,"A",,"A",,"A",,"A"
"20131",2639992,1,0,"2","120","D","1","D","12","D",59,"D",.,"A",.,"A",,"A",,"A",,"A",,"A",,"A",,"A",,"A",,"A",,"A"
"20131",2640023,1,0,"1","100","D","1","D","01","D",1280,"D",.,"A",.,"A",,"A",,"A",,"A",,"A",,"A",,"A",,"A",,"A",,"A"
"20131",2640032,1,0,"1","140","D","1","D","01","D",1000,"D",.,"A",.,"A",,"A",,"A",,"A",,"A",,"A",,"A",,"A",,"A",,"A"
"20131",2640152,1,0,"1","120","D","1","D","02","D",125,"D",.,"A",.,"A",,"A",,"A",,"A",,"A",,"A",,"A",,"A",,"A",,"A"
"20131",2640762,1,0,"1","140","D","1","D","01","D",1400,"D",.,"A",.,"A",,"A",,"A",,"A",,"A",,"A",,"A",,"A",,"A",,"A"
"20131",2640832,1,0,"1","190","D","1","D","12","D",542,"D",.,"A",.,"A",,"A",,"A",,"A",,"A",,"A",,"A",,"A",,"A",,"A"
"20131",2641012,1,0,"1","220","D","1","D","12","D",.,"H",.,"A",.,"H","100","D","160","D","140","D","120","D",,"A",,"A",,"A",,"A",,"A"
"20131",2641012,1,1,"1","100","D","1","D","12","D",2361,"E",.,"A",28,"E",,"A",,"A",,"A",,"A",,"A",,"A",,"A",,"A",,"A"
"20131",2641012,1,2,"1","160","D","1","D","12","D",1314,"E",.,"A",34,"E",,"A",,"A",,"A",,"A",,"A",,"A",,"A",,"A",,"A"
"20131",2641012,1,3,"1","140","D","1","D","12","D",1140,"E",.,"A",18,"E",,"A",,"A",,"A",,"A",,"A",,"A",,"A",,"A",,"A"
"20131",2641012,1,4,"1","120","D","1","D","12","D",285,"E",.,"A",19,"E",,"A",,"A",,"A",,"A",,"A",,"A",,"A",,"A",,"A"
"20131",2641352,1,0,"1","100","D","1","D","01","D",161,"D",.,"A",.,"A",,"A",,"A",,"A",,"A",,"A",,"A",,"A",,"A",,"A"
"20131",2641622,1,0,"1","140","D","1","D","12","D",273,"D",.,"A",.,"A",,"A",,"A",,"A",,"A",,"A",,"A",,"A",,"A",,"A"
"20131",2641922,1,0,"1","190","D","1","D","12","D",1800,"D",.,"A",.,"A",,"A",,"A",,"A",,"A",,"A",,"A",,"A",,"A",,"A"
"20131",2642002,1,0,"1","120","D","1","D","01","D",65,"D",.,"A",.,"A",,"A",,"A",,"A",,"A",,"A",,"A",,"A",,"A",,"A"
"20131",2642032,1,0,"1","120","D","1","D","01","D",500,"D",.,"A",.,"A",,"A",,"A",,"A",,"A",,"A",,"A",,"A",,"A",,"A"
"20131",2642032,2,0,"1","100","D","1","D","01","D",1000,"D",.,"A",.,"A",,"A",,"A",,"A",,"A",,"A",,"A",,"A",,"A",,"A"
"20131",2642225,1,0,"2","120","D","1","D","12","D",43,"D",.,"A",.,"A",,"A",,"A",,"A",,"A",,"A",,"A",,"A",,"A",,"A"
"20131",2643202,1,0,"1","140","D","1","D","01","D",747,"D",.,"A",30,"D",,"A",,"A",,"A",,"A",,"A",,"A",,"A",,"A",,"A"
"20131",2644982,1,0,"1","140","D","1","D","02","D",800,"D",.,"A",.,"A",,"A",,"A",,"A",,"A",,"A",,"A",,"A",,"A",,"A"
"20131",2645122,1,0,"1","220","D","1","D","12","D",.,"H",.,"A",.,"A","100","D","120","D",,"A",,"A",,"A",,"A",,"A",,"A",,"A"
"20131",2645122,1,1,"1","100","D","1","D","12","D",658,"E",.,"A",.,"A",,"A",,"A",,"A",,"A",,"A",,"A",,"A",,"A",,"A"
"20131",2645122,1,2,"1","120","D","1","D","12","D",142,"E",.,"A",.,"A",,"A",,"A",,"A",,"A",,"A",,"A",,"A",,"A",,"A"
"20131",2645202,1,0,"1","190","D","1","D","01","D",102,"D",.,"A",.,"A",,"A",,"A",,"A",,"A",,"A",,"A",,"A",,"A",,"A"
"20131",2645432,1,0,"1","200","D","1","D","01","D",356,"D",.,"A",.,"A",,"A",,"A",,"A",,"A",,"A",,"A",,"A",,"A",,"A"
"20131",2645482,1,0,"2","160","D","3","D","12","D",300,"D",.,"A",.,"A",,"A",,"A",,"A",,"A",,"A",,"A",,"A",,"A",,"A"
"20131",2645744,1,0,"1","100","D","1","D","01","D",1516,"D",.,"A",200,"D",,"A",,"A",,"A",,"A",,"A",,"A",,"A",,"A",,"A"
"20131",2646072,1,0,"1","120","D","1","D","12","D",60,"D",.,"A",.,"A",,"A",,"A",,"A",,"A",,"A",,"A",,"A",,"A",,"A"
"20131",2646555,1,0,"1","120","D","3","D","02","D",40,"D",.,"A",.,"A",,"A",,"A",,"A",,"A",,"A",,"A",,"A",,"A",,"A"
"20131",2646582,1,0,"1","120","D","1","D","02","D",40,"D",.,"A",.,"A",,"A",,"A",,"A",,"A",,"A",,"A",,"A",,"A",,"A"
"20131",2646622,1,0,"2","100","D","1","D","12","D",429,"D",.,"A",.,"A",,"A",,"A",,"A",,"A",,"A",,"A",,"A",,"A",,"A"
"20131",2646772,1,0,"1","140","D","1","D","02","D",1200,"D",.,"A",.,"A",,"A",,"A",,"A",,"A",,"A",,"A",,"A",,"A",,"A"
"20131",2646912,1,0,"1","140","D","1","D","02","D",700,"D",.,"A",.,"A",,"A",,"A",,"A",,"A",,"A",,"A",,"A",,"A",,"A"
"20131",2646932,1,0,"1","160","D","1","D","02","D",590,"D",.,"A",.,"A",,"A",,"A",,"A",,"A",,"A",,"A",,"A",,"A",,"A"
"20131",2646952,1,0,"2","160","D","1","D","12","D",350,"D",.,"A",100,"D",,"A",,"A",,"A",,"A",,"A",,"A",,"A",,"A",,"A"
"20131",2648713,1,0,"1","120","D","1","D","11","D",320,"D",.,"A",.,"A",,"A",,"A",,"A",,"A",,"A",,"A",,"A",,"A",,"A"
"20131",2650744,1,0,"1","190","D","1","D","11","D",800,"D",.,"A",.,"A",,"A",,"A",,"A",,"A",,"A",,"A",,"A",,"A",,"A"
"20131",2650922,1,0,"1","120","D","1","D","11","D",70,"D",.,"A",.,"A",,"A",,"A",,"A",,"A",,"A",,"A",,"A",,"A",,"A"
"20131",2653453,1,0,"1","120","D","1","D","10","D",52,"D",.,"A",.,"A",,"A",,"A",,"A",,"A",,"A",,"A",,"A",,"A",,"A"
"20131",2655595,1,0,"1","120","D","1","D","11","D",40,"D",.,"A",.,"A",,"A",,"A",,"A",,"A",,"A",,"A",,"A",,"A",,"A"
"20131",2657415,1,0,"1","140","D","1","D","11","D",100,"D",.,"A",.,"A",,"A",,"A",,"A",,"A",,"A",,"A",,"A",,"A",,"A"
"20131",2658752,1,0,"1","120","D","1","D","01","D",60,"D",.,"A",.,"A",,"A",,"A",,"A",,"A",,"A",,"A",,"A",,"A",,"A"
"20131",2663622,1,0,"1","220","D","1","D","01","D",.,"H",.,"A",.,"A","190","D","200","D","100","D",,"A",,"A",,"A",,"A",,"A",,"A"
"20131",2663622,1,1,"1","190","D","1","D","01","D",931,"E",.,"A",.,"A",,"A",,"A",,"A",,"A",,"A",,"A",,"A",,"A",,"A"
"20131",2663622,1,2,"1","200","D","1","D","01","D",830,"E",.,"A",.,"A",,"A",,"A",,"A",,"A",,"A",,"A",,"A",,"A",,"A"
"20131",2663622,1,3,"1","100","D","1","D","01","D",577,"E",.,"A",.,"A",,"A",,"A",,"A",,"A",,"A",,"A",,"A",,"A",,"A"
"20131",2665434,1,0,"1","190","D","1","D","01","D",150,"D",.,"A",.,"A",,"A",,"A",,"A",,"A",,"A",,"A",,"A",,"A",,"A"
"20131",2665434,2,0,"1","200","D","1","D","01","D",150,"D",.,"A",.,"A",,"A",,"A",,"A",,"A",,"A",,"A",,"A",,"A",,"A"
"20131",2671224,1,0,"1","120","D","1","D","01","D",99,"D",.,"A",.,"A",,"A",,"A",,"A",,"A",,"A",,"A",,"A",,"A",,"A"
"20131",2673024,1,0,"1","120","D","1","D","01","D",53,"D",.,"A",.,"A",,"A",,"A",,"A",,"A",,"A",,"A",,"A",,"A",,"A"
"20131",2674862,1,0,"1","120","D","1","D","01","D",62,"D",.,"A",.,"A",,"A",,"A",,"A",,"A",,"A",,"A",,"A",,"A",,"A"
"20131",2679864,1,0,"1","120","D","1","D","02","D",73,"D",.,"A",.,"A",,"A",,"A",,"A",,"A",,"A",,"A",,"A",,"A",,"A"
"20131",2679864,2,0,"1","190","D","1","D","02","D",133,"D",.,"A",.,"A",,"A",,"A",,"A",,"A",,"A",,"A",,"A",,"A",,"A"
"20131",2679864,3,0,"1","200","D","1","D","02","D",133,"D",.,"A",.,"A",,"A",,"A",,"A",,"A",,"A",,"A",,"A",,"A",,"A"
"20132",2545235,1,0,"1","100","D","1","D","02","D",670,"D",.,"A",.,"A",,"A",,"A",,"A",,"A",,"A",,"A",,"A",,"A",,"A"
"20132",2547385,1,0,"1","120","D","1","D","03","D",119,"D",.,"A",.,"A",,"A",,"A",,"A",,"A",,"A",,"A",,"A",,"A",,"A"
"20132",2547605,1,0,"1","140","D","1","D","01","D",50,"D",.,"A",.,"A",,"A",,"A",,"A",,"A",,"A",,"A",,"A",,"A",,"A"
"20132",2547635,1,0,"1","120","D","1","D","01","D",106,"D",.,"A",.,"A",,"A",,"A",,"A",,"A",,"A",,"A",,"A",,"A",,"A"
"20132",2547955,1,0,"1","160","D","1","D","03","D",700,"D",.,"A",150,"D",,"A",,"A",,"A",,"A",,"A",,"A",,"A",,"A",,"A"
"20132",2548055,1,0,"1","120","D","1","D","02","D",25,"D",.,"A",.,"A",,"A",,"A",,"A",,"A",,"A",,"A",,"A",,"A",,"A"
"20132",2548275,1,0,"1","140","D","1","D","01","D",1300,"D",.,"A",.,"A",,"A",,"A",,"A",,"A",,"A",,"A",,"A",,"A",,"A"
"20132",2548705,1,0,"1","100","D","3","D","03","D",200,"D",.,"A",.,"A",,"A",,"A",,"A",,"A",,"A",,"A",,"A",,"A",,"A"
"20132",2549065,1,0,"1","140","D","1","D","03","D",477,"D",.,"A",.,"A",,"A",,"A",,"A",,"A",,"A",,"A",,"A",,"A",,"A"
"20132",2549275,1,0,"1","120","D","1","D","03","D",388,"D",.,"A",.,"A",,"A",,"A",,"A",,"A",,"A",,"A",,"A",,"A",,"A"
"20132",2549605,1,0,"1","195","D","1","D","03","D",300,"D",.,"A",.,"A",,"A",,"A",,"A",,"A",,"A",,"A",,"A",,"A",,"A"
"20132",2549605,2,0,"1","120","D","1","D","03","D",150,"D",.,"A",.,"A",,"A",,"A",,"A",,"A",,"A",,"A",,"A",,"A",,"A"
"20132",2549625,1,0,"1","120","D","1","D","01","D",428,"F",.,"A",.,"A",,"A",,"A",,"A",,"A",,"A",,"A",,"A",,"A",,"A"
"20132",2549655,1,0,"1","140","D","1","D","01","D",1287,"D",.,"A",.,"A",,"A",,"A",,"A",,"A",,"A",,"A",,"A",,"A",,"A"
"20132",2549655,2,0,"1","160","D","1","D","01","D",578,"D",.,"A",209,"D",,"A",,"A",,"A",,"A",,"A",,"A",,"A",,"A",,"A"
"20132",2549655,3,0,"1","195","D","1","D","01","D",858,"D",.,"A",.,"A",,"A",,"A",,"A",,"A",,"A",,"A",,"A",,"A",,"A"
"20132",2549655,4,0,"1","195","D","1","D","01","D",695,"D",.,"A",.,"A",,"A",,"A",,"A",,"A",,"A",,"A",,"A",,"A",,"A"
"20132",2549655,5,0,"1","100","D","1","D","01","D",1030,"D",.,"A",.,"A",,"A",,"A",,"A",,"A",,"A",,"A",,"A",,"A",,"A"
"20132",2549995,1,0,"1","120","D","1","D","02","D",90,"D",.,"A",.,"A",,"A",,"A",,"A",,"A",,"A",,"A",,"A",,"A",,"A"
"20132",2550265,1,0,"1","195","D","1","D","03","D",1600,"D",.,"A",.,"A",,"A",,"A",,"A",,"A",,"A",,"A",,"A",,"A",,"A"
"20132",2550925,1,0,"2","100","D","3","D","01","D",300,"D",.,"A",200,"D",,"A",,"A",,"A",,"A",,"A",,"A",,"A",,"A",,"A"
"20132",2551205,1,0,"1","120","D","1","D","03","D",198,"D",.,"A",.,"A",,"A",,"A",,"A",,"A",,"A",,"A",,"A",,"A",,"A"
"20132",2551595,1,0,"1","120","D","1","D","02","D",87,"D",.,"A",.,"A",,"A",,"A",,"A",,"A",,"A",,"A",,"A",,"A",,"A"
"20132",2552145,995,0,"1","140","D","1","D","03","D",2200,"D",.,"A",.,"A",,"A",,"A",,"A",,"A",,"A",,"A",,"A",,"A",,"A"
"20132",2552565,1,0,"1","195","D","1","D","03","D",1000,"D",.,"A",.,"A",,"A",,"A",,"A",,"A",,"A",,"A",,"A",,"A",,"A"
"20132",2553345,1,0,"1","120","D","1","D","03","D",75,"D",.,"A",.,"A",,"A",,"A",,"A",,"A",,"A",,"A",,"A",,"A",,"A"
"20132",2553665,1,0,"1","140","D","1","D","03","D",81,"D",.,"A",.,"A",,"A",,"A",,"A",,"A",,"A",,"A",,"A",,"A",,"A"
"20132",2554035,1,0,"1","120","D","1","D","03","D",50,"D",.,"A",.,"A",,"A",,"A",,"A",,"A",,"A",,"A",,"A",,"A",,"A"
"20132",2555345,1,0,"1","140","D","1","D","01","D",700,"D",.,"A",.,"A",,"A",,"A",,"A",,"A",,"A",,"A",,"A",,"A",,"A"
"20132",2555345,2,0,"1","195","D","1","D","01","D",1200,"D",.,"A",.,"A",,"A",,"A",,"A",,"A",,"A",,"A",,"A",,"A",,"A"
"20132",2555435,1,0,"1","195","D","1","D","01","D",300,"D",.,"A",.,"A",,"A",,"A",,"A",,"A",,"A",,"A",,"A",,"A",,"A"
"20132",2555525,1,0,"1","160","D","1","D","02","D",250,"D",.,"A",.,"A",,"A",,"A",,"A",,"A",,"A",,"A",,"A",,"A",,"A"
"20132",2555645,1,0,"1","195","D","1","D","02","D",250,"D",.,"A",40,"D",,"A",,"A",,"A",,"A",,"A",,"A",,"A",,"A",,"A"
"20132",2555985,1,0,"1","220","D","1","D","02","D",.,"H",.,"A",.,"H","120","D","100","D",,"A",,"A",,"A",,"A",,"A",,"A",,"A"
"20132",2555985,1,1,"1","120","D","1","D","02","D",361,"E",.,"A",41,"E",,"A",,"A",,"A",,"A",,"A",,"A",,"A",,"A",,"A"
"20132",2555985,1,2,"1","100","D","1","D","02","D",1839,"E",.,"A",34,"E",,"A",,"A",,"A",,"A",,"A",,"A",,"A",,"A",,"A"
"20132",2555995,1,0,"1","220","D","1","D","03","D",.,"H",.,"A",.,"A","170","D","160","D",,"A",,"A",,"A",,"A",,"A",,"A",,"A"
"20132",2555995,1,1,"1","160","D","1","D","03","D",900,"E",.,"A",.,"A",,"A",,"A",,"A",,"A",,"A",,"A",,"A",,"A",,"A"
"20132",2556135,1,0,"2","140","D","1","D","01","D",1380,"D",.,"A",.,"A",,"A",,"A",,"A",,"A",,"A",,"A",,"A",,"A",,"A"
"20132",2556735,1,0,"1","120","D","1","D","02","D",63,"D",.,"A",.,"A",,"A",,"A",,"A",,"A",,"A",,"A",,"A",,"A",,"A"
"20132",2556785,1,0,"1","120","D","1","D","03","D",85,"D",.,"A",.,"A",,"A",,"A",,"A",,"A",,"A",,"A",,"A",,"A",,"A"
"20132",2557545,1,0,"1","120","D","1","D","04","D",140,"D",.,"A",.,"A",,"A",,"A",,"A",,"A",,"A",,"A",,"A",,"A",,"A"
"20132",2558305,1,0,"1","160","D","1","D","04","D",239,"D",.,"A",.,"A",,"A",,"A",,"A",,"A",,"A",,"A",,"A",,"A",,"A"
"20132",2558795,1,0,"1","120","D","1","D","03","D",174,"D",.,"A",.,"A",,"A",,"A",,"A",,"A",,"A",,"A",,"A",,"A",,"A"
"20132",2559685,1,0,"1","120","D","1","D","04","D",150,"D",.,"A",.,"A",,"A",,"A",,"A",,"A",,"A",,"A",,"A",,"A",,"A"
"20132",2559725,1,0,"2","120","D","1","D","02","D",74,"D",.,"A",.,"A",,"A",,"A",,"A",,"A",,"A",,"A",,"A",,"A",,"A"
"20132",2560085,1,0,"1","120","D","1","D","02","D",50,"D",.,"A",.,"A",,"A",,"A",,"A",,"A",,"A",,"A",,"A",,"A",,"A"
"20132",2560085,2,0,"1","100","D","1","D","02","D",150,"D",.,"A",.,"A",,"A",,"A",,"A",,"A",,"A",,"A",,"A",,"A",,"A"
"20132",2560085,3,0,"1","140","D","1","D","02","D",150,"D",.,"A",.,"A",,"A",,"A",,"A",,"A",,"A",,"A",,"A",,"A",,"A"
"20132",2560085,4,0,"1","195","D","1","D","02","D",1500,"D",.,"A",.,"A",,"A",,"A",,"A",,"A",,"A",,"A",,"A",,"A",,"A"
"20132",2560135,1,0,"1","160","D","1","D","03","D",800,"D",.,"A",.,"A",,"A",,"A",,"A",,"A",,"A",,"A",,"A",,"A",,"A"
"20132",2561075,1,0,"1","195","D","1","D","03","D",600,"D",.,"A",.,"A",,"A",,"A",,"A",,"A",,"A",,"A",,"A",,"A",,"A"
"20132",2561805,1,0,"1","180","D","1","D","03","D",163,"D",.,"A",.,"A",,"A",,"A",,"A",,"A",,"A",,"A",,"A",,"A",,"A"
"20132",2561855,1,0,"1","195","D","1","D","02","D",300,"D",.,"A",.,"A",,"A",,"A",,"A",,"A",,"A",,"A",,"A",,"A",,"A"
"20132",2561875,1,0,"1","195","D","1","D","02","D",1100,"D",.,"A",.,"A",,"A",,"A",,"A",,"A",,"A",,"A",,"A",,"A",,"A"
"20132",2562335,1,0,"2","120","D","1","D","02","D",309,"D",.,"A",.,"A",,"A",,"A",,"A",,"A",,"A",,"A",,"A",,"A",,"A"
"20132",2562335,2,0,"2","140","D","1","D","02","D",2246,"D",.,"A",.,"A",,"A",,"A",,"A",,"A",,"A",,"A",,"A",,"A",,"A"
"20132",2562335,3,0,"2","160","D","1","D","02","D",507,"D",.,"A",.,"A",,"A",,"A",,"A",,"A",,"A",,"A",,"A",,"A",,"A"
"20132",2562335,4,0,"2","100","D","1","D","02","D",1019,"D",.,"A",.,"A",,"A",,"A",,"A",,"A",,"A",,"A",,"A",,"A",,"A"
"20132",2562705,1,0,"1","195","D","1","D","02","D",1624,"D",.,"A",.,"A",,"A",,"A",,"A",,"A",,"A",,"A",,"A",,"A",,"A"
"20132",2563415,1,0,"1","120","D","1","D","03","D",69,"D",.,"A",.,"A",,"A",,"A",,"A",,"A",,"A",,"A",,"A",,"A",,"A"
"20132",2563425,1,0,"1","195","D","1","D","02","D",195,"D",.,"A",.,"A",,"A",,"A",,"A",,"A",,"A",,"A",,"A",,"A",,"A"
"20132",2564115,1,0,"1","210","D","1","D","02","D",127,"D",.,"A",.,"A",,"A",,"A",,"A",,"A",,"A",,"A",,"A",,"A",,"A"
"20132",2564835,1,0,"1","195","D","2","D",,"A",.,"A",70,"D",.,"A",,"A",,"A",,"A",,"A",,"A",,"A",,"A",,"A",,"A"
"20132",2565075,1,0,"1","180","D","1","D","03","D",129,"D",.,"A",.,"A",,"A",,"A",,"A",,"A",,"A",,"A",,"A",,"A",,"A"
"20132",2565095,1,0,"1","195","D","1","D","02","D",350,"D",.,"A",.,"A",,"A",,"A",,"A",,"A",,"A",,"A",,"A",,"A",,"A"
"20132",2565325,1,0,"1","120","D","1","D","04","D",50,"D",.,"A",.,"A",,"A",,"A",,"A",,"A",,"A",,"A",,"A",,"A",,"A"
"20132",2565485,1,0,"2","100","D","1","D","02","D",60,"D",.,"A",20,"D",,"A",,"A",,"A",,"A",,"A",,"A",,"A",,"A",,"A"
"20132",2565585,1,0,"1","195","D","1","D","03","D",75,"D",.,"A",.,"A",,"A",,"A",,"A",,"A",,"A",,"A",,"A",,"A",,"A"
"20132",2566195,1,0,"1","120","D","1","D","02","D",52,"D",.,"A",.,"A",,"A",,"A",,"A",,"A",,"A",,"A",,"A",,"A",,"A"
"20132",2566245,1,0,"1","220","D","1","D","03","D",.,"H",.,"A",.,"A","195","D","140","D",,"A",,"A",,"A",,"A",,"A",,"A",,"A"
"20132",2566245,1,1,"1","195","D","1","D","03","D",1977,"E",.,"A",.,"A",,"A",,"A",,"A",,"A",,"A",,"A",,"A",,"A",,"A"
"20132",2566245,1,2,"1","140","D","1","D","03","D",823,"E",.,"A",.,"A",,"A",,"A",,"A",,"A",,"A",,"A",,"A",,"A",,"A"
"20132",2566295,1,0,"1","140","D","1","D","03","D",814,"D",.,"A",.,"A",,"A",,"A",,"A",,"A",,"A",,"A",,"A",,"A",,"A"
"20132",2566455,1,0,"1","160","D","1","D","04","D",600,"D",.,"A",100,"D",,"A",,"A",,"A",,"A",,"A",,"A",,"A",,"A",,"A"
"20132",2566475,1,0,"1","195","D","1","D","04","D",600,"D",.,"A",.,"A",,"A",,"A",,"A",,"A",,"A",,"A",,"A",,"A",,"A"
"20132",2567215,1,0,"1","195","D","1","D","03","D",200,"D",.,"A",.,"A",,"A",,"A",,"A",,"A",,"A",,"A",,"A",,"A",,"A"
"20132",2567305,1,0,"1","140","D","1","D","04","D",2200,"D",.,"A",.,"A",,"A",,"A",,"A",,"A",,"A",,"A",,"A",,"A",,"A"
"20132",2567335,1,0,"1","210","D","1","D","03","D",324,"D",.,"A",.,"A",,"A",,"A",,"A",,"A",,"A",,"A",,"A",,"A",,"A"
"20132",2567675,1,0,"1","100","D","1","D","05","D",800,"D",.,"A",.,"A",,"A",,"A",,"A",,"A",,"A",,"A",,"A",,"A",,"A"
"20132",2567675,2,0,"1","160","D","1","D","05","D",300,"D",.,"A",.,"A",,"A",,"A",,"A",,"A",,"A",,"A",,"A",,"A",,"A"
"20132",2567675,3,0,"1","120","D","1","D","05","D",200,"D",.,"A",.,"A",,"A",,"A",,"A",,"A",,"A",,"A",,"A",,"A",,"A"
"20132",2567885,1,0,"2","120","D","1","D","03","D",56,"D",.,"A",.,"A",,"A",,"A",,"A",,"A",,"A",,"A",,"A",,"A",,"A"
"20132",2568675,1,0,"1","140","D","1","D","05","D",1400,"D",.,"A",.,"A",,"A",,"A",,"A",,"A",,"A",,"A",,"A",,"A",,"A"
"20132",2569295,1,0,"2","195","D","1","D","03","D",400,"D",.,"A",.,"A",,"A",,"A",,"A",,"A",,"A",,"A",,"A",,"A",,"A"
"20132",2570665,1,0,"1","195","D","3","D","03","D",1500,"D",.,"A",50,"F",,"A",,"A",,"A",,"A",,"A",,"A",,"A",,"A",,"A"
"20132",2570845,1,0,"1","160","D","1","D","04","D",700,"D",.,"A",.,"A",,"A",,"A",,"A",,"A",,"A",,"A",,"A",,"A",,"A"
"20132",2571105,1,0,"1","210","D","1","D","04","D",40,"D",.,"A",.,"A",,"A",,"A",,"A",,"A",,"A",,"A",,"A",,"A",,"A"
"20132",2571715,1,0,"1","195","D","3","D","04","D",165,"D",.,"A",.,"A",,"A",,"A",,"A",,"A",,"A",,"A",,"A",,"A",,"A"
"20132",2571745,1,0,"1","120","D","1","D","03","D",178,"D",.,"A",.,"A",,"A",,"A",,"A",,"A",,"A",,"A",,"A",,"A",,"A"
"20132",2572405,1,0,"2","120","D","1","D","03","D",86,"D",.,"A",.,"A",,"A",,"A",,"A",,"A",,"A",,"A",,"A",,"A",,"A"
"20132",2573175,1,0,"1","100","D","1","D","05","D",20,"D",.,"A",.,"A",,"A",,"A",,"A",,"A",,"A",,"A",,"A",,"A",,"A"
"20132",2573465,1,0,"1","100","D","1","D","04","D",150,"D",.,"A",.,"A",,"A",,"A",,"A",,"A",,"A",,"A",,"A",,"A",,"A"
"20132",2573985,1,0,"1","195","D","1","D","05","D",480,"D",.,"A",.,"A",,"A",,"A",,"A",,"A",,"A",,"A",,"A",,"A",,"A"
"20132",2574025,1,0,"1","140","D","1","D","05","D",400,"D",.,"A",.,"A",,"A",,"A",,"A",,"A",,"A",,"A",,"A",,"A",,"A"
"20132",2574025,2,0,"1","195","D","1","D","05","D",1200,"D",.,"A",.,"A",,"A",,"A",,"A",,"A",,"A",,"A",,"A",,"A",,"A"
"20132",2574195,1,0,"1","140","D","1","D","05","D",1000,"D",.,"A",.,"A",,"A",,"A",,"A",,"A",,"A",,"A",,"A",,"A",,"A"
"20132",2575495,1,0,"1","195","D","2","D",,"A",.,"A",750,"D",.,"A",,"A",,"A",,"A",,"A",,"A",,"A",,"A",,"A",,"A"
"20132",2575635,1,0,"1","120","D","1","D","05","D",88,"D",.,"A",.,"A",,"A",,"A",,"A",,"A",,"A",,"A",,"A",,"A",,"A"
"20132",2576205,1,0,"1","195","D","1","D","05","D",300,"D",.,"A",.,"A",,"A",,"A",,"A",,"A",,"A",,"A",,"A",,"A",,"A"
"20132",2576405,1,0,"1","195","D","1","D","05","D",700,"D",.,"A",.,"A",,"A",,"A",,"A",,"A",,"A",,"A",,"A",,"A",,"A"
"20132",2576495,1,0,"1","120","D","1","D","03","D",130,"D",.,"A",.,"A",,"A",,"A",,"A",,"A",,"A",,"A",,"A",,"A",,"A"
"20132",2576495,2,0,"1","100","D","1","D","03","D",1800,"D",.,"A",60,"D",,"A",,"A",,"A",,"A",,"A",,"A",,"A",,"A",,"A"
"20132",2576495,3,0,"1","140","D","1","D","03","D",1600,"D",.,"A",60,"D",,"A",,"A",,"A",,"A",,"A",,"A",,"A",,"A",,"A"
"20132",2577275,1,0,"1","120","D","1","D","05","D",500,"D",.,"A",.,"A",,"A",,"A",,"A",,"A",,"A",,"A",,"A",,"A",,"A"
"20132",2577275,2,0,"1","100","D","1","D","05","D",2000,"D",.,"A",.,"A",,"A",,"A",,"A",,"A",,"A",,"A",,"A",,"A",,"A"
"20132",2577275,3,0,"1","140","D","1","D","05","D",2200,"D",.,"A",.,"A",,"A",,"A",,"A",,"A",,"A",,"A",,"A",,"A",,"A"
"20132",2577725,1,0,"1","195","D","1","D","05","D",550,"D",.,"A",.,"A",,"A",,"A",,"A",,"A",,"A",,"A",,"A",,"A",,"A"
"20132",2577765,1,0,"1","195","D","1","D","05","D",540,"D",.,"A",.,"A",,"A",,"A",,"A",,"A",,"A",,"A",,"A",,"A",,"A"
"20132",2577955,1,0,"1","120","D","1","D","03","D",106,"D",.,"A",.,"A",,"A",,"A",,"A",,"A",,"A",,"A",,"A",,"A",,"A"
"20132",2577955,2,0,"1","180","D","1","D","03","D",106,"D",.,"A",200,"D",,"A",,"A",,"A",,"A",,"A",,"A",,"A",,"A",,"A"
"20132",2578275,1,0,"1","160","D","1","D","04","D",2100,"D",.,"A",.,"A",,"A",,"A",,"A",,"A",,"A",,"A",,"A",,"A",,"A"
"20132",2578805,1,0,"1","180","D","1","D","04","D",128,"D",.,"A",65,"D",,"A",,"A",,"A",,"A",,"A",,"A",,"A",,"A",,"A"
"20132",2579804,1,0,"1","195","D","1","D","03","D",1600,"D",.,"A",.,"A",,"A",,"A",,"A",,"A",,"A",,"A",,"A",,"A",,"A"
"20132",2580544,1,0,"1","160","D","1","D","02","D",750,"D",.,"A",.,"A",,"A",,"A",,"A",,"A",,"A",,"A",,"A",,"A",,"A"
"20132",2580544,2,0,"2","120","D","1","D","01","D",250,"D",.,"A",.,"A",,"A",,"A",,"A",,"A",,"A",,"A",,"A",,"A",,"A"
"20132",2580724,1,0,"2","120","D","1","D","01","D",112,"D",.,"A",.,"A",,"A",,"A",,"A",,"A",,"A",,"A",,"A",,"A",,"A"
"20132",2580904,1,0,"1","120","D","1","D","03","D",65,"D",.,"A",.,"A",,"A",,"A",,"A",,"A",,"A",,"A",,"A",,"A",,"A"
"20132",2581144,1,0,"1","195","D","1","D","01","D",704,"D",.,"A",.,"A",,"A",,"A",,"A",,"A",,"A",,"A",,"A",,"A",,"A"
"20132",2581824,1,0,"1","140","D","1","D","03","D",700,"D",.,"A",40,"F",,"A",,"A",,"A",,"A",,"A",,"A",,"A",,"A",,"A"
"20132",2582564,1,0,"1","120","D","3","D","01","D",80,"D",.,"A",.,"A",,"A",,"A",,"A",,"A",,"A",,"A",,"A",,"A",,"A"
"20132",2582614,1,0,"1","195","D","1","D","03","D",1700,"D",.,"A",.,"A",,"A",,"A",,"A",,"A",,"A",,"A",,"A",,"A",,"A"
"20132",2582964,1,0,"1","120","D","1","D","03","D",80,"D",.,"A",.,"A",,"A",,"A",,"A",,"A",,"A",,"A",,"A",,"A",,"A"
"20132",2585874,1,0,"1","195","D","1","D","02","D",120,"D",.,"A",.,"A",,"A",,"A",,"A",,"A",,"A",,"A",,"A",,"A",,"A"
"20132",2586254,1,0,"1","100","D","1","D","02","D",550,"D",.,"A",.,"A",,"A",,"A",,"A",,"A",,"A",,"A",,"A",,"A",,"A"
"20132",2586444,1,0,"1","195","D","1","D","03","D",1948,"D",.,"A",.,"A",,"A",,"A",,"A",,"A",,"A",,"A",,"A",,"A",,"A"
"20132",2586514,1,0,"1","180","D","1","D","01","D",160,"D",.,"A",.,"A",,"A",,"A",,"A",,"A",,"A",,"A",,"A",,"A",,"A"
"20132",2586844,1,0,"1","140","D","1","D","01","D",599,"D",.,"A",70,"D",,"A",,"A",,"A",,"A",,"A",,"A",,"A",,"A",,"A"
"20132",2586864,1,0,"1","160","D","1","D","03","D",1091,"D",.,"A",95,"D",,"A",,"A",,"A",,"A",,"A",,"A",,"A",,"A",,"A"
"20132",2587074,1,0,"1","140","D","1","D","01","D",760,"D",.,"A",.,"A",,"A",,"A",,"A",,"A",,"A",,"A",,"A",,"A",,"A"
"20132",2587314,1,0,"1","195","D","1","D","03","D",549,"D",.,"A",.,"A",,"A",,"A",,"A",,"A",,"A",,"A",,"A",,"A",,"A"
"20132",2587864,1,0,"1","140","D","1","D","01","D",1031,"D",.,"A",.,"A",,"A",,"A",,"A",,"A",,"A",,"A",,"A",,"A",,"A"
"20132",2587864,2,0,"1","160","D","1","D","01","D",434,"D",.,"A",.,"A",,"A",,"A",,"A",,"A",,"A",,"A",,"A",,"A",,"A"
"20132",2588304,1,0,"1","195","D","1","D","03","D",756,"D",.,"A",.,"A",,"A",,"A",,"A",,"A",,"A",,"A",,"A",,"A",,"A"
"20132",2588524,1,0,"1","195","D","1","D","01","D",535,"D",.,"A",.,"A",,"A",,"A",,"A",,"A",,"A",,"A",,"A",,"A",,"A"
"20132",2589194,1,0,"1","210","D","1","D","02","D",157,"D",.,"A",.,"A",,"A",,"A",,"A",,"A",,"A",,"A",,"A",,"A",,"A"
"20132",2589394,1,0,"1","100","D","1","D","01","D",400,"D",.,"A",.,"A",,"A",,"A",,"A",,"A",,"A",,"A",,"A",,"A",,"A"
"20132",2589604,1,0,"1","195","D","1","D","01","D",1119,"D",.,"A",.,"A",,"A",,"A",,"A",,"A",,"A",,"A",,"A",,"A",,"A"
"20132",2589614,1,0,"1","160","D","1","D","02","D",440,"D",.,"A",65,"D",,"A",,"A",,"A",,"A",,"A",,"A",,"A",,"A",,"A"
"20132",2589724,1,0,"1","120","D","1","D","02","D",60,"D",.,"A",.,"A",,"A",,"A",,"A",,"A",,"A",,"A",,"A",,"A",,"A"
"20132",2590064,1,0,"1","140","D","3","D","02","D",1100,"D",.,"A",.,"A",,"A",,"A",,"A",,"A",,"A",,"A",,"A",,"A",,"A"
"20132",2590064,2,0,"1","160","D","3","D","02","D",900,"D",.,"A",.,"A",,"A",,"A",,"A",,"A",,"A",,"A",,"A",,"A",,"A"
"20132",2590064,3,0,"1","195","D","3","D","02","D",800,"D",.,"A",.,"A",,"A",,"A",,"A",,"A",,"A",,"A",,"A",,"A",,"A"
"20132",2590104,1,0,"1","100","D","1","D","01","D",140,"D",.,"A",50,"D",,"A",,"A",,"A",,"A",,"A",,"A",,"A",,"A",,"A"
"20132",2590414,1,0,"1","100","D","1","D","03","D",1200,"D",.,"A",.,"A",,"A",,"A",,"A",,"A",,"A",,"A",,"A",,"A",,"A"
"20132",2591434,1,0,"1","195","D","1","D","03","D",800,"D",.,"A",200,"D",,"A",,"A",,"A",,"A",,"A",,"A",,"A",,"A",,"A"
"20132",2591914,1,0,"1","100","D","1","D","02","D",1302,"D",.,"A",.,"A",,"A",,"A",,"A",,"A",,"A",,"A",,"A",,"A",,"A"
"20132",2592064,1,0,"1","195","D","1","D","04","D",483,"D",.,"A",.,"A",,"A",,"A",,"A",,"A",,"A",,"A",,"A",,"A",,"A"
"20132",2593154,1,0,"1","120","D","1","D","04","D",40,"D",.,"A",.,"A",,"A",,"A",,"A",,"A",,"A",,"A",,"A",,"A",,"A"
"20132",2594274,1,0,"1","140","D","1","D","02","D",150,"D",.,"A",.,"A",,"A",,"A",,"A",,"A",,"A",,"A",,"A",,"A",,"A"
"20132",2594274,2,0,"1","120","D","1","D","02","D",80,"D",.,"A",.,"A",,"A",,"A",,"A",,"A",,"A",,"A",,"A",,"A",,"A"
"20132",2594274,3,0,"1","210","D","1","D","02","D",60,"D",.,"A",.,"A",,"A",,"A",,"A",,"A",,"A",,"A",,"A",,"A",,"A"
"20132",2594274,4,0,"2","100","D","1","D","02","D",424,"D",.,"A",.,"A",,"A",,"A",,"A",,"A",,"A",,"A",,"A",,"A",,"A"
"20132",2594314,1,0,"1","195","D","1","D","03","D",1550,"D",.,"A",.,"A",,"A",,"A",,"A",,"A",,"A",,"A",,"A",,"A",,"A"
"20132",2594484,1,0,"1","160","D","1","D","04","D",1500,"D",.,"A",.,"A",,"A",,"A",,"A",,"A",,"A",,"A",,"A",,"A",,"A"
"20132",2595434,1,0,"1","120","D","1","D","03","D",200,"D",.,"A",.,"A",,"A",,"A",,"A",,"A",,"A",,"A",,"A",,"A",,"A"
"20132",2595604,1,0,"1","160","D","1","D","04","D",1500,"D",.,"A",.,"A",,"A",,"A",,"A",,"A",,"A",,"A",,"A",,"A",,"A"
"20132",2595834,1,0,"1","160","D","1","D","04","D",800,"D",.,"A",.,"A",,"A",,"A",,"A",,"A",,"A",,"A",,"A",,"A",,"A"
"20132",2595844,1,0,"1","100","D","1","D","03","D",450,"D",.,"A",.,"A",,"A",,"A",,"A",,"A",,"A",,"A",,"A",,"A",,"A"
"20132",2595844,2,0,"1","140","D","1","D","03","D",1000,"D",.,"A",.,"A",,"A",,"A",,"A",,"A",,"A",,"A",,"A",,"A",,"A"
"20132",2595844,3,0,"1","140","D","1","D","03","D",375,"D",.,"A",.,"A",,"A",,"A",,"A",,"A",,"A",,"A",,"A",,"A",,"A"
"20132",2596534,1,0,"1","195","D","1","D","04","D",1600,"D",.,"A",.,"A",,"A",,"A",,"A",,"A",,"A",,"A",,"A",,"A",,"A"
"20132",2596814,1,0,"1","195","D","1","D","03","D",550,"D",.,"A",.,"A",,"A",,"A",,"A",,"A",,"A",,"A",,"A",,"A",,"A"
"20132",2596854,1,0,"1","220","D","1","D","04","D",.,"H",.,"A",.,"H","120","D","140","D","170","D","100","D",,"A",,"A",,"A",,"A",,"A"
"20132",2596854,1,1,"1","120","D","1","D","04","D",185,"E",.,"A",20,"E",,"A",,"A",,"A",,"A",,"A",,"A",,"A",,"A",,"A"
"20132",2596854,1,2,"1","140","D","1","D","04","D",1871,"E",.,"A",30,"E",,"A",,"A",,"A",,"A",,"A",,"A",,"A",,"A",,"A"
"20132",2596854,1,3,"1","100","D","1","D","04","D",944,"E",.,"A",25,"E",,"A",,"A",,"A",,"A",,"A",,"A",,"A",,"A",,"A"
"20132",2596964,1,0,"1","180","D","1","D","03","D",133,"D",.,"A",35,"D",,"A",,"A",,"A",,"A",,"A",,"A",,"A",,"A",,"A"
"20132",2596964,2,0,"2","210","D","1","D","02","D",248,"D",.,"A",.,"A",,"A",,"A",,"A",,"A",,"A",,"A",,"A",,"A",,"A"
"20132",2597084,1,0,"1","100","D","1","D","04","D",1300,"D",.,"A",.,"A",,"A",,"A",,"A",,"A",,"A",,"A",,"A",,"A",,"A"
"20132",2597324,1,0,"1","120","D","1","D","04","D",91,"D",.,"A",.,"A",,"A",,"A",,"A",,"A",,"A",,"A",,"A",,"A",,"A"
"20132",2597344,1,0,"1","195","D","1","D","03","D",50,"D",.,"A",.,"A",,"A",,"A",,"A",,"A",,"A",,"A",,"A",,"A",,"A"
"20132",2597534,1,0,"1","195","D","1","D","04","D",1256,"D",.,"A",.,"A",,"A",,"A",,"A",,"A",,"A",,"A",,"A",,"A",,"A"
"20132",2598514,1,0,"1","180","D","1","D","04","D",205,"D",.,"A",.,"A",,"A",,"A",,"A",,"A",,"A",,"A",,"A",,"A",,"A"
"20132",2598524,1,0,"1","120","D","1","D","03","D",169,"D",.,"A",.,"A",,"A",,"A",,"A",,"A",,"A",,"A",,"A",,"A",,"A"
"20132",2598864,1,0,"1","120","D","1","D","03","D",20,"D",.,"A",.,"A",,"A",,"A",,"A",,"A",,"A",,"A",,"A",,"A",,"A"
"20132",2598914,1,0,"1","160","D","1","D","04","D",450,"D",.,"A",.,"A",,"A",,"A",,"A",,"A",,"A",,"A",,"A",,"A",,"A"
"20132",2599054,1,0,"2","120","D","1","D","02","D",65,"D",.,"A",.,"A",,"A",,"A",,"A",,"A",,"A",,"A",,"A",,"A",,"A"
"20132",2599374,1,0,"1","195","D","1","D","02","D",2354,"D",.,"A",.,"A",,"A",,"A",,"A",,"A",,"A",,"A",,"A",,"A",,"A"
"20132",2601754,1,0,"2","160","D","1","D","03","D",600,"D",.,"A",.,"A",,"A",,"A",,"A",,"A",,"A",,"A",,"A",,"A",,"A"
"20132",2602124,1,0,"1","220","D","3","D","05","D",.,"H",.,"A",.,"A","140","D","100","D",,"A",,"A",,"A",,"A",,"A",,"A",,"A"
"20132",2602124,1,1,"1","140","D","3","D","05","D",159,"E",.,"A",.,"A",,"A",,"A",,"A",,"A",,"A",,"A",,"A",,"A",,"A"
"20132",2602304,1,0,"1","100","D","1","D","05","D",1600,"D",.,"A",.,"A",,"A",,"A",,"A",,"A",,"A",,"A",,"A",,"A",,"A"
"20132",2602304,2,0,"1","140","D","1","D","05","D",1500,"D",.,"A",.,"A",,"A",,"A",,"A",,"A",,"A",,"A",,"A",,"A",,"A"
"20132",2602814,1,0,"1","195","D","1","D","05","D",160,"D",.,"A",.,"A",,"A",,"A",,"A",,"A",,"A",,"A",,"A",,"A",,"A"
"20132",2603464,1,0,"1","160","D","1","D","05","D",1201,"D",.,"A",100,"D",,"A",,"A",,"A",,"A",,"A",,"A",,"A",,"A",,"A"
"20132",2603584,1,0,"1","195","D","1","D","05","D",599,"D",.,"A",.,"A",,"A",,"A",,"A",,"A",,"A",,"A",,"A",,"A",,"A"
"20132",2603954,1,0,"1","140","D","1","D","04","D",300,"D",.,"A",50,"D",,"A",,"A",,"A",,"A",,"A",,"A",,"A",,"A",,"A"
"20132",2604024,1,0,"1","195","D","1","D","05","D",1500,"D",.,"A",50,"D",,"A",,"A",,"A",,"A",,"A",,"A",,"A",,"A",,"A"
"20132",2604024,2,0,"1","195","D","1","D","05","D",1200,"D",.,"A",50,"D",,"A",,"A",,"A",,"A",,"A",,"A",,"A",,"A",,"A"
"20132",2604494,1,0,"1","120","D","1","D","04","D",70,"D",.,"A",.,"A",,"A",,"A",,"A",,"A",,"A",,"A",,"A",,"A",,"A"
"20132",2605114,1,0,"1","195","D","1","D","04","D",473,"D",.,"A",.,"A",,"A",,"A",,"A",,"A",,"A",,"A",,"A",,"A",,"A"
"20132",2605354,1,0,"1","195","D","1","D","05","D",621,"D",.,"A",50,"D",,"A",,"A",,"A",,"A",,"A",,"A",,"A",,"A",,"A"
"20132",2605564,1,0,"1","140","D","1","D","04","D",1589,"D",.,"A",.,"A",,"A",,"A",,"A",,"A",,"A",,"A",,"A",,"A",,"A"
"20132",2605704,1,0,"1","120","D","1","D","03","D",70,"D",.,"A",.,"A",,"A",,"A",,"A",,"A",,"A",,"A",,"A",,"A",,"A"
"20132",2605714,1,0,"1","195","D","1","D","05","D",800,"D",.,"A",60,"D",,"A",,"A",,"A",,"A",,"A",,"A",,"A",,"A",,"A"
"20132",2607654,1,0,"1","195","D","3","D","03","D",698,"D",.,"A",.,"A",,"A",,"A",,"A",,"A",,"A",,"A",,"A",,"A",,"A"
"20132",2608914,1,0,"1","195","D","1","D","05","D",449,"D",.,"A",.,"A",,"A",,"A",,"A",,"A",,"A",,"A",,"A",,"A",,"A"
"20132",2609114,1,0,"1","140","D","1","D","05","D",1200,"D",.,"A",.,"A",,"A",,"A",,"A",,"A",,"A",,"A",,"A",,"A",,"A"
"20132",2609624,1,0,"1","195","D","1","D","03","D",118,"D",.,"A",.,"A",,"A",,"A",,"A",,"A",,"A",,"A",,"A",,"A",,"A"
"20132",2609864,1,0,"1","195","D","1","D","03","D",250,"F",.,"A",.,"A",,"A",,"A",,"A",,"A",,"A",,"A",,"A",,"A",,"A"
"20132",2612264,1,0,"2","140","D","1","D","03","D",2019,"D",.,"A",100,"D",,"A",,"A",,"A",,"A",,"A",,"A",,"A",,"A",,"A"
"20132",2612324,1,0,"1","140","D","1","D","03","D",800,"D",.,"A",.,"A",,"A",,"A",,"A",,"A",,"A",,"A",,"A",,"A",,"A"
"20132",2612364,1,0,"1","120","D","1","D","04","D",132,"D",.,"A",.,"A",,"A",,"A",,"A",,"A",,"A",,"A",,"A",,"A",,"A"
"20132",2612364,2,0,"1","195","D","1","D","05","D",1653,"D",.,"A",.,"A",,"A",,"A",,"A",,"A",,"A",,"A",,"A",,"A",,"A"
"20132",2612943,1,0,"1","195","D","1","D","01","D",150,"D",.,"A",.,"A",,"A",,"A",,"A",,"A",,"A",,"A",,"A",,"A",,"A"
"20132",2613063,1,0,"1","100","D","1","D","03","D",1220,"D",.,"A",.,"A",,"A",,"A",,"A",,"A",,"A",,"A",,"A",,"A",,"A"
"20132",2613063,2,0,"1","140","D","1","D","03","D",485,"D",.,"A",.,"A",,"A",,"A",,"A",,"A",,"A",,"A",,"A",,"A",,"A"
"20132",2613063,3,0,"1","160","D","1","D","03","D",690,"D",.,"A",.,"A",,"A",,"A",,"A",,"A",,"A",,"A",,"A",,"A",,"A"
"20132",2613194,1,0,"1","140","D","1","D","01","D",500,"D",.,"A",.,"A",,"A",,"A",,"A",,"A",,"A",,"A",,"A",,"A",,"A"
"20132",2613243,1,0,"1","195","D","1","D","03","D",486,"D",.,"A",50,"D",,"A",,"A",,"A",,"A",,"A",,"A",,"A",,"A",,"A"
"20132",2613443,1,0,"1","195","D","1","D","02","D",1132,"D",.,"A",.,"A",,"A",,"A",,"A",,"A",,"A",,"A",,"A",,"A",,"A"
"20132",2613503,1,0,"1","195","D","1","D","01","D",86,"D",.,"A",.,"A",,"A",,"A",,"A",,"A",,"A",,"A",,"A",,"A",,"A"
"20132",2613623,1,0,"1","120","D","1","D","03","D",79,"D",.,"A",.,"A",,"A",,"A",,"A",,"A",,"A",,"A",,"A",,"A",,"A"
"20132",2614193,1,0,"1","195","D","2","D",,"A",.,"A",750,"D",.,"A",,"A",,"A",,"A",,"A",,"A",,"A",,"A",,"A",,"A"
"20132",2614563,1,0,"1","210","D","1","D","01","D",280,"D",.,"A",90,"D",,"A",,"A",,"A",,"A",,"A",,"A",,"A",,"A",,"A"
"20132",2614713,1,0,"1","140","D","1","D","03","D",1800,"D",.,"A",50,"D",,"A",,"A",,"A",,"A",,"A",,"A",,"A",,"A",,"A"
"20132",2614723,1,0,"1","100","D","1","D","02","D",599,"D",.,"A",25,"D",,"A",,"A",,"A",,"A",,"A",,"A",,"A",,"A",,"A"
"20132",2614893,1,0,"1","195","D","1","D","02","D",3400,"D",.,"A",.,"A",,"A",,"A",,"A",,"A",,"A",,"A",,"A",,"A",,"A"
"20132",2614943,1,0,"1","195","D","1","D","02","D",1010,"D",.,"A",.,"A",,"A",,"A",,"A",,"A",,"A",,"A",,"A",,"A",,"A"
"20132",2615193,1,0,"1","195","D","1","D","02","D",1083,"D",.,"A",.,"A",,"A",,"A",,"A",,"A",,"A",,"A",,"A",,"A",,"A"
"20132",2615243,1,0,"1","120","D","3","D","02","D",49,"D",.,"A",.,"A",,"A",,"A",,"A",,"A",,"A",,"A",,"A",,"A",,"A"
"20132",2615253,1,0,"1","195","D","1","D","03","D",445,"D",.,"A",.,"A",,"A",,"A",,"A",,"A",,"A",,"A",,"A",,"A",,"A"
"20132",2615643,1,0,"1","120","D","1","D","01","D",54,"D",.,"A",.,"A",,"A",,"A",,"A",,"A",,"A",,"A",,"A",,"A",,"A"
"20132",2615943,1,0,"1","180","D","1","D","01","D",200,"D",.,"A",100,"D",,"A",,"A",,"A",,"A",,"A",,"A",,"A",,"A",,"A"
"20132",2615963,1,0,"1","195","D","1","D","02","D",1719,"D",.,"A",.,"A",,"A",,"A",,"A",,"A",,"A",,"A",,"A",,"A",,"A"
"20132",2616353,1,0,"1","195","D","1","D","01","D",125,"D",.,"A",.,"A",,"A",,"A",,"A",,"A",,"A",,"A",,"A",,"A",,"A"
"20132",2616483,1,0,"1","120","D","1","D","03","D",70,"D",.,"A",.,"A",,"A",,"A",,"A",,"A",,"A",,"A",,"A",,"A",,"A"
"20132",2616703,1,0,"1","160","D","1","D","03","D",509,"D",.,"A",.,"A",,"A",,"A",,"A",,"A",,"A",,"A",,"A",,"A",,"A"
"20132",2617053,1,0,"1","120","D","1","D","02","D",64,"D",.,"A",.,"A",,"A",,"A",,"A",,"A",,"A",,"A",,"A",,"A",,"A"
"20132",2617383,1,0,"1","140","D","1","D","02","D",110,"D",.,"A",.,"A",,"A",,"A",,"A",,"A",,"A",,"A",,"A",,"A",,"A"
"20132",2617493,1,0,"1","100","D","1","D","03","D",119,"D",.,"A",.,"A",,"A",,"A",,"A",,"A",,"A",,"A",,"A",,"A",,"A"
"20132",2617543,1,0,"1","120","D","1","D","03","D",87,"D",.,"A",.,"A",,"A",,"A",,"A",,"A",,"A",,"A",,"A",,"A",,"A"
"20132",2618143,1,0,"1","180","D","1","D","03","D",150,"D",.,"A",50,"D",,"A",,"A",,"A",,"A",,"A",,"A",,"A",,"A",,"A"
"20132",2618973,1,0,"1","120","D","1","D","02","D",125,"D",.,"A",.,"A",,"A",,"A",,"A",,"A",,"A",,"A",,"A",,"A",,"A"
"20132",2619083,1,0,"1","195","D","1","D","03","D",434,"D",.,"A",.,"A",,"A",,"A",,"A",,"A",,"A",,"A",,"A",,"A",,"A"
"20132",2619393,1,0,"2","120","D","1","D","01","D",150,"D",.,"A",.,"A",,"A",,"A",,"A",,"A",,"A",,"A",,"A",,"A",,"A"
"20132",2619433,1,0,"1","100","D","1","D","01","D",200,"D",.,"A",.,"A",,"A",,"A",,"A",,"A",,"A",,"A",,"A",,"A",,"A"
"20132",2619813,1,0,"1","195","D","1","D","03","D",511,"D",.,"A",.,"A",,"A",,"A",,"A",,"A",,"A",,"A",,"A",,"A",,"A"
"20132",2619903,1,0,"1","195","D","1","D","01","D",900,"D",.,"A",.,"A",,"A",,"A",,"A",,"A",,"A",,"A",,"A",,"A",,"A"
"20132",2619903,2,0,"1","195","D","1","D","03","D",900,"D",.,"A",.,"A",,"A",,"A",,"A",,"A",,"A",,"A",,"A",,"A",,"A"
"20132",2620093,1,0,"1","120","D","1","D","03","D",217,"D",.,"A",.,"A",,"A",,"A",,"A",,"A",,"A",,"A",,"A",,"A",,"A"
"20132",2620223,1,0,"1","195","D","3","D","03","D",475,"D",.,"A",.,"A",,"A",,"A",,"A",,"A",,"A",,"A",,"A",,"A",,"A"
"20132",2620443,1,0,"1","195","D","1","D","01","D",611,"D",.,"A",.,"A",,"A",,"A",,"A",,"A",,"A",,"A",,"A",,"A",,"A"
"20132",2620563,1,0,"1","160","D","1","D","03","D",320,"D",.,"A",.,"A",,"A",,"A",,"A",,"A",,"A",,"A",,"A",,"A",,"A"
"20132",2620563,2,0,"2","140","D","1","D","01","D",683,"D",.,"A",.,"A",,"A",,"A",,"A",,"A",,"A",,"A",,"A",,"A",,"A"
"20132",2620793,1,0,"2","140","D","1","D","01","D",2033,"F",.,"A",.,"A",,"A",,"A",,"A",,"A",,"A",,"A",,"A",,"A",,"A"
"20132",2620923,1,0,"1","120","D","1","D","03","D",428,"D",.,"A",150,"D",,"A",,"A",,"A",,"A",,"A",,"A",,"A",,"A",,"A"
"20132",2620923,2,0,"1","160","D","1","D","03","D",810,"D",.,"A",150,"D",,"A",,"A",,"A",,"A",,"A",,"A",,"A",,"A",,"A"
"20132",2620923,3,0,"1","100","D","1","D","03","D",1518,"D",.,"A",45,"D",,"A",,"A",,"A",,"A",,"A",,"A",,"A",,"A",,"A"
"20132",2620923,4,0,"1","140","D","1","D","03","D",1628,"D",.,"A",45,"D",,"A",,"A",,"A",,"A",,"A",,"A",,"A",,"A",,"A"
"20132",2621243,1,0,"2","195","D","1","D","01","D",700,"D",.,"A",135,"D",,"A",,"A",,"A",,"A",,"A",,"A",,"A",,"A",,"A"
"20132",2621393,1,0,"1","180","D","1","D","03","D",200,"D",.,"A",.,"A",,"A",,"A",,"A",,"A",,"A",,"A",,"A",,"A",,"A"
"20132",2621483,1,0,"1","100","D","1","D","01","D",200,"D",.,"A",.,"A",,"A",,"A",,"A",,"A",,"A",,"A",,"A",,"A",,"A"
"20132",2621643,1,0,"1","195","D","1","D","03","D",1600,"D",.,"A",.,"A",,"A",,"A",,"A",,"A",,"A",,"A",,"A",,"A",,"A"
"20132",2621733,1,0,"1","140","D","1","D","03","D",2033,"D",.,"A",50,"D",,"A",,"A",,"A",,"A",,"A",,"A",,"A",,"A",,"A"
"20132",2622223,1,0,"1","195","D","1","D","03","D",2800,"D",.,"A",.,"A",,"A",,"A",,"A",,"A",,"A",,"A",,"A",,"A",,"A"
"20132",2624203,1,0,"1","140","D","1","D","02","D",1200,"D",.,"A",.,"A",,"A",,"A",,"A",,"A",,"A",,"A",,"A",,"A",,"A"
"20132",2624223,1,0,"1","120","D","1","D","04","D",60,"D",.,"A",.,"A",,"A",,"A",,"A",,"A",,"A",,"A",,"A",,"A",,"A"
"20132",2624313,1,0,"1","195","D","1","D","03","D",1500,"D",.,"A",50,"F",,"A",,"A",,"A",,"A",,"A",,"A",,"A",,"A",,"A"
"20132",2624953,1,0,"1","140","D","1","D","03","D",200,"D",.,"A",.,"A",,"A",,"A",,"A",,"A",,"A",,"A",,"A",,"A",,"A"
"20132",2624993,1,0,"1","220","D","1","D","03","D",.,"H",.,"A",.,"A","140","D","160","D","100","D",,"A",,"A",,"A",,"A",,"A",,"A"
"20132",2624993,1,1,"1","140","D","1","D","03","D",1354,"E",.,"A",.,"A",,"A",,"A",,"A",,"A",,"A",,"A",,"A",,"A",,"A"
"20132",2624993,1,2,"1","160","D","1","D","03","D",492,"E",.,"A",.,"A",,"A",,"A",,"A",,"A",,"A",,"A",,"A",,"A",,"A"
"20132",2624993,1,3,"1","100","D","1","D","03","D",54,"E",.,"A",.,"A",,"A",,"A",,"A",,"A",,"A",,"A",,"A",,"A",,"A"
"20132",2625093,1,0,"1","195","D","1","D","04","D",800,"D",.,"A",.,"A",,"A",,"A",,"A",,"A",,"A",,"A",,"A",,"A",,"A"
"20132",2625093,2,0,"1","100","D","1","D","04","D",600,"D",.,"A",.,"A",,"A",,"A",,"A",,"A",,"A",,"A",,"A",,"A",,"A"
"20132",2625273,1,0,"1","195","D","1","D","04","D",868,"D",.,"A",.,"A",,"A",,"A",,"A",,"A",,"A",,"A",,"A",,"A",,"A"
"20132",2625603,1,0,"1","195","D","1","D","03","D",1000,"D",.,"A",.,"A",,"A",,"A",,"A",,"A",,"A",,"A",,"A",,"A",,"A"
"20132",2625883,1,0,"1","100","D","1","D","02","D",500,"D",.,"A",125,"D",,"A",,"A",,"A",,"A",,"A",,"A",,"A",,"A",,"A"
"20132",2626753,1,0,"1","140","D","1","D","04","D",404,"D",.,"A",.,"A",,"A",,"A",,"A",,"A",,"A",,"A",,"A",,"A",,"A"
"20132",2626753,2,0,"1","195","D","1","D","04","D",642,"D",.,"A",.,"A",,"A",,"A",,"A",,"A",,"A",,"A",,"A",,"A",,"A"
"20132",2626953,1,0,"1","140","D","1","D","04","D",750,"D",.,"A",.,"A",,"A",,"A",,"A",,"A",,"A",,"A",,"A",,"A",,"A"
"20132",2626973,1,0,"1","180","D","1","D","02","D",48,"D",.,"A",15,"D",,"A",,"A",,"A",,"A",,"A",,"A",,"A",,"A",,"A"
"20132",2627613,1,0,"1","195","D","1","D","04","D",1085,"D",.,"A",.,"A",,"A",,"A",,"A",,"A",,"A",,"A",,"A",,"A",,"A"
"20132",2627873,1,0,"1","100","D","1","D","03","D",350,"D",.,"A",.,"A",,"A",,"A",,"A",,"A",,"A",,"A",,"A",,"A",,"A"
"20132",2628993,1,0,"1","140","D","1","D","04","D",750,"D",.,"A",.,"A",,"A",,"A",,"A",,"A",,"A",,"A",,"A",,"A",,"A"
"20132",2629033,1,0,"1","160","D","1","D","04","D",400,"D",.,"A",.,"A",,"A",,"A",,"A",,"A",,"A",,"A",,"A",,"A",,"A"
"20132",2629155,1,0,"1","120","D","1","D","04","D",115,"D",.,"A",.,"A",,"A",,"A",,"A",,"A",,"A",,"A",,"A",,"A",,"A"
"20132",2629233,1,0,"2","180","D","1","D","02","D",200,"D",.,"A",.,"A",,"A",,"A",,"A",,"A",,"A",,"A",,"A",,"A",,"A"
"20132",2629253,1,0,"1","160","D","1","D","04","D",800,"D",.,"A",.,"A",,"A",,"A",,"A",,"A",,"A",,"A",,"A",,"A",,"A"
"20132",2629363,1,0,"1","195","D","1","D","02","D",300,"D",.,"A",.,"A",,"A",,"A",,"A",,"A",,"A",,"A",,"A",,"A",,"A"
"20132",2629363,2,0,"1","120","D","1","D","02","D",140,"D",.,"A",.,"A",,"A",,"A",,"A",,"A",,"A",,"A",,"A",,"A",,"A"
"20132",2629583,1,0,"1","195","D","1","D","02","D",1300,"D",.,"A",.,"A",,"A",,"A",,"A",,"A",,"A",,"A",,"A",,"A",,"A"
"20132",2629723,1,0,"2","100","D","1","D","02","D",200,"D",.,"A",.,"A",,"A",,"A",,"A",,"A",,"A",,"A",,"A",,"A",,"A"
"20132",2630063,1,0,"1","140","D","1","D","04","D",3499,"D",.,"A",.,"A",,"A",,"A",,"A",,"A",,"A",,"A",,"A",,"A",,"A"
"20132",2630243,1,0,"1","140","D","1","D","02","D",214,"D",.,"A",.,"A",,"A",,"A",,"A",,"A",,"A",,"A",,"A",,"A",,"A"
"20132",2630603,1,0,"1","140","D","1","D","02","D",500,"D",.,"A",.,"A",,"A",,"A",,"A",,"A",,"A",,"A",,"A",,"A",,"A"
"20132",2630633,1,0,"1","220","D","1","D","02","D",.,"H",.,"A",.,"A","140","D","100","D",,"A",,"A",,"A",,"A",,"A",,"A",,"A"
"20132",2630633,1,1,"1","140","D","1","D","02","D",131,"E",.,"A",.,"A",,"A",,"A",,"A",,"A",,"A",,"A",,"A",,"A",,"A"
"20132",2630633,1,2,"1","100","D","1","D","02","D",35,"E",.,"A",.,"A",,"A",,"A",,"A",,"A",,"A",,"A",,"A",,"A",,"A"
"20132",2630783,1,0,"1","140","D","1","D","04","D",1600,"D",.,"A",.,"A",,"A",,"A",,"A",,"A",,"A",,"A",,"A",,"A",,"A"
"20132",2631073,1,0,"1","120","D","1","D","04","D",69,"D",.,"A",.,"A",,"A",,"A",,"A",,"A",,"A",,"A",,"A",,"A",,"A"
"20132",2631173,1,0,"1","195","D","1","D","03","D",1400,"D",.,"A",200,"D",,"A",,"A",,"A",,"A",,"A",,"A",,"A",,"A",,"A"
"20132",2631293,1,0,"1","195","D","1","D","03","D",568,"D",.,"A",.,"A",,"A",,"A",,"A",,"A",,"A",,"A",,"A",,"A",,"A"
"20132",2631363,1,0,"1","195","D","1","D","02","D",558,"D",.,"A",.,"A",,"A",,"A",,"A",,"A",,"A",,"A",,"A",,"A",,"A"
"20132",2631533,1,0,"1","120","D","1","D","02","D",300,"D",.,"A",.,"A",,"A",,"A",,"A",,"A",,"A",,"A",,"A",,"A",,"A"
"20132",2632193,1,0,"1","120","D","1","D","04","D",53,"D",.,"A",.,"A",,"A",,"A",,"A",,"A",,"A",,"A",,"A",,"A",,"A"
"20132",2632633,1,0,"1","120","D","1","D","03","D",97,"D",.,"A",.,"A",,"A",,"A",,"A",,"A",,"A",,"A",,"A",,"A",,"A"
"20132",2632693,1,0,"1","120","D","1","D","03","D",150,"D",.,"A",.,"A",,"A",,"A",,"A",,"A",,"A",,"A",,"A",,"A",,"A"
"20132",2633203,1,0,"2","195","D","1","D","02","D",200,"D",.,"A",.,"A",,"A",,"A",,"A",,"A",,"A",,"A",,"A",,"A",,"A"
"20132",2633883,1,0,"1","210","D","1","D","03","D",30,"D",.,"A",.,"A",,"A",,"A",,"A",,"A",,"A",,"A",,"A",,"A",,"A"
"20132",2634063,1,0,"2","140","D","1","D","02","D",2400,"D",.,"A",70,"D",,"A",,"A",,"A",,"A",,"A",,"A",,"A",,"A",,"A"
"20132",2634343,1,0,"1","140","D","1","D","04","D",211,"D",.,"A",.,"A",,"A",,"A",,"A",,"A",,"A",,"A",,"A",,"A",,"A"
"20132",2634563,1,0,"1","140","D","1","D","03","D",2000,"D",.,"A",.,"A",,"A",,"A",,"A",,"A",,"A",,"A",,"A",,"A",,"A"
"20132",2634833,1,0,"1","195","D","1","D","04","D",700,"D",.,"A",.,"A",,"A",,"A",,"A",,"A",,"A",,"A",,"A",,"A",,"A"
"20132",2635213,1,0,"1","140","D","1","D","03","D",1800,"D",.,"A",.,"A",,"A",,"A",,"A",,"A",,"A",,"A",,"A",,"A",,"A"
"20132",2636155,1,0,"2","120","D","1","D","03","D",109,"D",.,"A",.,"A",,"A",,"A",,"A",,"A",,"A",,"A",,"A",,"A",,"A"
"20132",2636443,1,0,"2","140","D","1","D","03","D",40,"D",.,"A",.,"A",,"A",,"A",,"A",,"A",,"A",,"A",,"A",,"A",,"A"
"20132",2636773,1,0,"1","195","D","1","D","03","D",225,"D",.,"A",.,"A",,"A",,"A",,"A",,"A",,"A",,"A",,"A",,"A",,"A"
"20132",2638273,1,0,"1","195","D","1","D","05","D",2100,"D",.,"A",250,"D",,"A",,"A",,"A",,"A",,"A",,"A",,"A",,"A",,"A"
"20132",2638753,1,0,"1","120","D","1","D","04","D",259,"D",.,"A",.,"A",,"A",,"A",,"A",,"A",,"A",,"A",,"A",,"A",,"A"
"20132",2638803,1,0,"1","100","D","1","D","04","D",600,"D",.,"A",.,"A",,"A",,"A",,"A",,"A",,"A",,"A",,"A",,"A",,"A"
"20132",2638853,1,0,"2","140","D","1","D","03","D",350,"D",.,"A",.,"A",,"A",,"A",,"A",,"A",,"A",,"A",,"A",,"A",,"A"
"20132",2639043,1,0,"1","195","D","1","D","05","D",2200,"D",.,"A",.,"A",,"A",,"A",,"A",,"A",,"A",,"A",,"A",,"A",,"A"
"20132",2639503,1,0,"1","120","D","1","D","05","D",100,"D",.,"A",.,"A",,"A",,"A",,"A",,"A",,"A",,"A",,"A",,"A",,"A"
"20132",2639903,1,0,"1","120","D","1","D","05","D",51,"D",.,"A",.,"A",,"A",,"A",,"A",,"A",,"A",,"A",,"A",,"A",,"A"
"20132",2640053,1,0,"1","195","D","1","D","05","D",1100,"D",.,"A",.,"A",,"A",,"A",,"A",,"A",,"A",,"A",,"A",,"A",,"A"
"20132",2640293,1,0,"1","195","D","1","D","04","D",3320,"D",.,"A",.,"A",,"A",,"A",,"A",,"A",,"A",,"A",,"A",,"A",,"A"
"20132",2640303,1,0,"1","180","D","1","D","04","D",105,"D",.,"A",.,"A",,"A",,"A",,"A",,"A",,"A",,"A",,"A",,"A",,"A"
"20132",2640523,1,0,"1","195","D","1","D","04","D",460,"D",.,"A",.,"A",,"A",,"A",,"A",,"A",,"A",,"A",,"A",,"A",,"A"
"20132",2640943,1,0,"1","100","D","1","D","04","D",600,"D",.,"A",.,"A",,"A",,"A",,"A",,"A",,"A",,"A",,"A",,"A",,"A"
"20132",2640943,2,0,"1","140","D","1","D","04","D",1100,"D",.,"A",.,"A",,"A",,"A",,"A",,"A",,"A",,"A",,"A",,"A",,"A"
"20132",2640943,3,0,"1","160","D","1","D","04","D",500,"D",.,"A",.,"A",,"A",,"A",,"A",,"A",,"A",,"A",,"A",,"A",,"A"
"20132",2641123,1,0,"1","220","D","1","D","04","D",.,"H",.,"A",.,"H","120","D","210","D","140","D","160","D","180","D","195","D","100","D",,"A",,"A"
"20132",2641123,1,1,"1","120","D","1","D","04","D",312,"E",.,"A",12,"E",,"A",,"A",,"A",,"A",,"A",,"A",,"A",,"A",,"A"
"20132",2641123,1,2,"1","210","D","1","D","04","D",674,"E",.,"A",11,"E",,"A",,"A",,"A",,"A",,"A",,"A",,"A",,"A",,"A"
"20132",2641123,1,3,"1","140","D","1","D","04","D",868,"E",.,"A",7,"E",,"A",,"A",,"A",,"A",,"A",,"A",,"A",,"A",,"A"
"20132",2641123,1,4,"1","160","D","1","D","04","D",785,"E",.,"A",14,"E",,"A",,"A",,"A",,"A",,"A",,"A",,"A",,"A",,"A"
"20132",2641123,1,5,"1","180","D","1","D","04","D",278,"E",.,"A",10,"E",,"A",,"A",,"A",,"A",,"A",,"A",,"A",,"A",,"A"
"20132",2641123,1,6,"1","195","D","1","D","04","D",1346,"E",.,"A",11,"E",,"A",,"A",,"A",,"A",,"A",,"A",,"A",,"A",,"A"
"20132",2641123,1,7,"1","100","D","1","D","04","D",1737,"E",.,"A",10,"E",,"A",,"A",,"A",,"A",,"A",,"A",,"A",,"A",,"A"
"20132",2641633,1,0,"1","195","D","1","D","03","D",1200,"D",.,"A",.,"A",,"A",,"A",,"A",,"A",,"A",,"A",,"A",,"A",,"A"
"20132",2642905,1,0,"1","120","D","1","D","04","D",120,"D",.,"A",.,"A",,"A",,"A",,"A",,"A",,"A",,"A",,"A",,"A",,"A"
"20132",2643643,1,0,"1","195","D","1","D","04","D",130,"D",.,"A",.,"A",,"A",,"A",,"A",,"A",,"A",,"A",,"A",,"A",,"A"
"20132",2643693,1,0,"1","195","D","1","D","05","D",775,"D",.,"A",.,"A",,"A",,"A",,"A",,"A",,"A",,"A",,"A",,"A",,"A"
"20132",2643693,2,0,"2","140","D","1","D","03","D",1300,"D",.,"A",.,"A",,"A",,"A",,"A",,"A",,"A",,"A",,"A",,"A",,"A"
"20132",2643863,1,0,"1","120","D","1","D","03","D",137,"D",.,"A",.,"A",,"A",,"A",,"A",,"A",,"A",,"A",,"A",,"A",,"A"
"20132",2644563,1,0,"1","195","D","1","D","05","D",930,"F",.,"A",.,"A",,"A",,"A",,"A",,"A",,"A",,"A",,"A",,"A",,"A"
"20132",2645053,1,0,"1","195","D","1","D","04","D",100,"D",.,"A",.,"A",,"A",,"A",,"A",,"A",,"A",,"A",,"A",,"A",,"A"
"20132",2645103,1,0,"1","195","D","1","D","04","D",1600,"D",.,"A",.,"A",,"A",,"A",,"A",,"A",,"A",,"A",,"A",,"A",,"A"
"20132",2645203,1,0,"1","100","D","1","D","03","D",107,"D",.,"A",15,"D",,"A",,"A",,"A",,"A",,"A",,"A",,"A",,"A",,"A"
"20132",2645803,1,0,"1","120","D","1","D","03","D",100,"D",.,"A",.,"A",,"A",,"A",,"A",,"A",,"A",,"A",,"A",,"A",,"A"
"20132",2646963,1,0,"2","120","D","1","D","03","D",50,"D",.,"A",.,"A",,"A",,"A",,"A",,"A",,"A",,"A",,"A",,"A",,"A"
"20132",2647992,1,0,"1","120","D","1","D","02","D",235,"D",.,"A",.,"A",,"A",,"A",,"A",,"A",,"A",,"A",,"A",,"A",,"A"
"20132",2648192,1,0,"1","100","D","1","D","01","D",50,"D",.,"A",.,"A",,"A",,"A",,"A",,"A",,"A",,"A",,"A",,"A",,"A"
"20132",2648192,2,0,"1","120","D","1","D","01","D",100,"D",.,"A",.,"A",,"A",,"A",,"A",,"A",,"A",,"A",,"A",,"A",,"A"
"20132",2648192,3,0,"1","140","D","1","D","01","D",400,"D",.,"A",.,"A",,"A",,"A",,"A",,"A",,"A",,"A",,"A",,"A",,"A"
"20132",2648192,4,0,"1","160","D","1","D","01","D",150,"D",.,"A",.,"A",,"A",,"A",,"A",,"A",,"A",,"A",,"A",,"A",,"A"
"20132",2648452,1,0,"2","180","D","1","D","01","D",200,"D",.,"A",.,"A",,"A",,"A",,"A",,"A",,"A",,"A",,"A",,"A",,"A"
"20132",2648932,1,0,"1","140","D","1","D","03","D",1303,"D",.,"A",.,"A",,"A",,"A",,"A",,"A",,"A",,"A",,"A",,"A",,"A"
"20132",2649152,1,0,"1","195","D","1","D","02","D",150,"D",.,"A",.,"A",,"A",,"A",,"A",,"A",,"A",,"A",,"A",,"A",,"A"
"20132",2649532,1,0,"1","120","D","1","D","03","D",275,"D",.,"A",.,"A",,"A",,"A",,"A",,"A",,"A",,"A",,"A",,"A",,"A"
"20132",2649662,1,0,"1","195","D","1","D","02","D",324,"D",.,"A",.,"A",,"A",,"A",,"A",,"A",,"A",,"A",,"A",,"A",,"A"
"20132",2650092,1,0,"1","195","D","1","D","01","D",300,"D",.,"A",.,"A",,"A",,"A",,"A",,"A",,"A",,"A",,"A",,"A",,"A"
"20132",2650152,1,0,"1","195","D","1","D","02","D",800,"D",.,"A",69,"D",,"A",,"A",,"A",,"A",,"A",,"A",,"A",,"A",,"A"
"20132",2650152,2,0,"1","195","D","1","D","03","D",800,"D",.,"A",69,"D",,"A",,"A",,"A",,"A",,"A",,"A",,"A",,"A",,"A"
"20132",2650202,1,0,"1","140","D","1","D","03","D",53,"D",.,"A",.,"A",,"A",,"A",,"A",,"A",,"A",,"A",,"A",,"A",,"A"
"20132",2650272,1,0,"1","195","D","1","D","02","D",580,"D",.,"A",.,"A",,"A",,"A",,"A",,"A",,"A",,"A",,"A",,"A",,"A"
"20132",2650702,1,0,"1","220","D","1","D","03","D",.,"H",.,"A",.,"A","220","D","140","D",,"A",,"A",,"A",,"A",,"A",,"A",,"A"
"20132",2650702,1,1,"1","100","D","1","D","03","D",36,"E",.,"A",.,"A",,"A",,"A",,"A",,"A",,"A",,"A",,"A",,"A",,"A"
"20132",2650702,1,2,"1","120","D","1","D","03","D",53,"E",.,"A",.,"A",,"A",,"A",,"A",,"A",,"A",,"A",,"A",,"A",,"A"
"20132",2650702,1,3,"1","140","D","1","D","03","D",293,"E",.,"A",.,"A",,"A",,"A",,"A",,"A",,"A",,"A",,"A",,"A",,"A"
"20132",2650702,1,4,"1","195","D","1","D","03","D",555,"E",.,"A",.,"A",,"A",,"A",,"A",,"A",,"A",,"A",,"A",,"A",,"A"
"20132",2650752,1,0,"1","120","D","1","D","03","D",100,"D",.,"A",.,"A",,"A",,"A",,"A",,"A",,"A",,"A",,"A",,"A",,"A"
"20132",2651112,1,0,"1","210","D","1","D","02","D",388,"D",.,"A",.,"A",,"A",,"A",,"A",,"A",,"A",,"A",,"A",,"A",,"A"
"20132",2651412,1,0,"1","160","D","1","D","03","D",450,"D",.,"A",.,"A",,"A",,"A",,"A",,"A",,"A",,"A",,"A",,"A",,"A"
"20132",2651412,2,0,"1","170","D","1","D","03","D",120,"D",.,"A",.,"A",,"A",,"A",,"A",,"A",,"A",,"A",,"A",,"A",,"A"
"20132",2651442,1,0,"1","140","D","1","D","02","D",2500,"D",.,"A",70,"F",,"A",,"A",,"A",,"A",,"A",,"A",,"A",,"A",,"A"
"20132",2651502,1,0,"1","100","D","1","D","01","D",600,"D",.,"A",60,"D",,"A",,"A",,"A",,"A",,"A",,"A",,"A",,"A",,"A"
"20132",2651502,2,0,"1","120","D","1","D","01","D",300,"D",.,"A",.,"A",,"A",,"A",,"A",,"A",,"A",,"A",,"A",,"A",,"A"
"20132",2651892,1,0,"1","195","D","1","D","02","D",200,"D",.,"A",.,"A",,"A",,"A",,"A",,"A",,"A",,"A",,"A",,"A",,"A"
"20132",2652092,1,0,"2","160","D","1","D","01","D",878,"D",.,"A",49,"D",,"A",,"A",,"A",,"A",,"A",,"A",,"A",,"A",,"A"
"20132",2652402,1,0,"1","195","D","1","D","03","D",294,"D",.,"A",279,"D",,"A",,"A",,"A",,"A",,"A",,"A",,"A",,"A",,"A"
"20132",2652552,1,0,"1","195","D","1","D","02","D",1200,"D",.,"A",.,"A",,"A",,"A",,"A",,"A",,"A",,"A",,"A",,"A",,"A"
"20132",2652685,1,0,"2","195","D","1","D","01","D",1800,"D",.,"A",.,"A",,"A",,"A",,"A",,"A",,"A",,"A",,"A",,"A",,"A"
"20132",2652792,1,0,"2","140","D","1","D","01","D",740,"D",.,"A",.,"A",,"A",,"A",,"A",,"A",,"A",,"A",,"A",,"A",,"A"
"20132",2653072,1,0,"1","120","D","1","D","02","D",800,"D",.,"A",.,"A",,"A",,"A",,"A",,"A",,"A",,"A",,"A",,"A",,"A"
"20132",2653072,2,0,"1","100","D","1","D","02","D",1200,"D",.,"A",.,"A",,"A",,"A",,"A",,"A",,"A",,"A",,"A",,"A",,"A"
"20132",2653222,1,0,"1","120","D","1","D","02","D",215,"D",.,"A",.,"A",,"A",,"A",,"A",,"A",,"A",,"A",,"A",,"A",,"A"
"20132",2654302,1,0,"1","195","D","1","D","02","D",1900,"D",.,"A",.,"A",,"A",,"A",,"A",,"A",,"A",,"A",,"A",,"A",,"A"
"20132",2654362,1,0,"1","195","D","1","D","02","D",450,"D",.,"A",.,"A",,"A",,"A",,"A",,"A",,"A",,"A",,"A",,"A",,"A"
"20132",2654392,1,0,"1","195","D","1","D","03","D",800,"F",.,"A",60,"F",,"A",,"A",,"A",,"A",,"A",,"A",,"A",,"A",,"A"
"20132",2654412,1,0,"1","120","D","1","D","01","D",202,"D",.,"A",.,"A",,"A",,"A",,"A",,"A",,"A",,"A",,"A",,"A",,"A"
"20132",2654812,1,0,"1","120","D","1","D","03","D",107,"D",.,"A",.,"A",,"A",,"A",,"A",,"A",,"A",,"A",,"A",,"A",,"A"
"20132",2655255,1,0,"1","120","D","1","D","03","D",110,"D",.,"A",.,"A",,"A",,"A",,"A",,"A",,"A",,"A",,"A",,"A",,"A"
"20132",2655532,1,0,"1","100","D","1","D","03","D",433,"D",.,"A",.,"A",,"A",,"A",,"A",,"A",,"A",,"A",,"A",,"A",,"A"
"20132",2655822,1,0,"2","140","D","1","D","01","D",300,"D",.,"A",.,"A",,"A",,"A",,"A",,"A",,"A",,"A",,"A",,"A",,"A"
"20132",2656192,1,0,"1","160","D","1","D","02","D",650,"D",.,"A",.,"A",,"A",,"A",,"A",,"A",,"A",,"A",,"A",,"A",,"A"
"20132",2656353,1,0,"1","120","D","1","D","02","D",71,"D",.,"A",.,"A",,"A",,"A",,"A",,"A",,"A",,"A",,"A",,"A",,"A"
"20132",2656672,1,0,"1","195","D","1","D","02","D",1200,"D",.,"A",75,"D",,"A",,"A",,"A",,"A",,"A",,"A",,"A",,"A",,"A"
"20132",2656692,1,0,"1","195","D","1","D","02","D",120,"D",.,"A",15,"D",,"A",,"A",,"A",,"A",,"A",,"A",,"A",,"A",,"A"
"20132",2656972,1,0,"1","160","D","2","D",,"A",.,"A",225,"D",.,"A",,"A",,"A",,"A",,"A",,"A",,"A",,"A",,"A",,"A"
"20132",2656992,1,0,"1","180","D","1","D","02","D",50,"D",.,"A",.,"A",,"A",,"A",,"A",,"A",,"A",,"A",,"A",,"A",,"A"
"20132",2657072,1,0,"1","160","D","1","D","02","D",500,"D",.,"A",.,"A",,"A",,"A",,"A",,"A",,"A",,"A",,"A",,"A",,"A"
"20132",2657452,1,0,"1","160","D","1","D","01","D",614,"D",.,"A",.,"A",,"A",,"A",,"A",,"A",,"A",,"A",,"A",,"A",,"A"
"20132",2658232,1,0,"2","180","D","1","D","02","D",85,"D",.,"A",.,"A",,"A",,"A",,"A",,"A",,"A",,"A",,"A",,"A",,"A"
"20132",2658632,1,0,"1","120","D","1","D","04","D",489,"D",.,"A",.,"A",,"A",,"A",,"A",,"A",,"A",,"A",,"A",,"A",,"A"
"20132",2658632,2,0,"1","100","D","1","D","04","D",1304,"D",.,"A",.,"A",,"A",,"A",,"A",,"A",,"A",,"A",,"A",,"A",,"A"
"20132",2658632,3,0,"1","210","D","1","D","04","D",163,"D",.,"A",.,"A",,"A",,"A",,"A",,"A",,"A",,"A",,"A",,"A",,"A"
"20132",2658632,4,0,"1","160","D","1","D","04","D",1304,"D",.,"A",.,"A",,"A",,"A",,"A",,"A",,"A",,"A",,"A",,"A",,"A"
"20132",2659472,1,0,"1","195","D","1","D","03","D",800,"D",.,"A",.,"A",,"A",,"A",,"A",,"A",,"A",,"A",,"A",,"A",,"A"
"20132",2659472,2,0,"1","140","D","1","D","04","D",800,"D",.,"A",.,"A",,"A",,"A",,"A",,"A",,"A",,"A",,"A",,"A",,"A"
"20132",2659582,1,0,"1","100","D","1","D","02","D",85,"D",.,"A",.,"A",,"A",,"A",,"A",,"A",,"A",,"A",,"A",,"A",,"A"
"20132",2659662,1,0,"1","140","D","1","D","04","D",2200,"D",.,"A",.,"A",,"A",,"A",,"A",,"A",,"A",,"A",,"A",,"A",,"A"
"20132",2659954,1,0,"2","140","D","1","D","02","D",600,"D",.,"A",.,"A",,"A",,"A",,"A",,"A",,"A",,"A",,"A",,"A",,"A"
"20132",2659954,2,0,"2","195","D","1","D","02","D",150,"D",.,"A",.,"A",,"A",,"A",,"A",,"A",,"A",,"A",,"A",,"A",,"A"
"20132",2660192,1,0,"1","120","D","1","D","04","D",54,"D",.,"A",.,"A",,"A",,"A",,"A",,"A",,"A",,"A",,"A",,"A",,"A"
"20132",2660872,1,0,"1","195","D","1","D","03","D",1900,"D",.,"A",.,"A",,"A",,"A",,"A",,"A",,"A",,"A",,"A",,"A",,"A"
"20132",2661182,1,0,"1","195","D","1","D","04","D",312,"D",.,"A",.,"A",,"A",,"A",,"A",,"A",,"A",,"A",,"A",,"A",,"A"
"20132",2661252,1,0,"1","140","D","1","D","04","D",650,"D",.,"A",40,"D",,"A",,"A",,"A",,"A",,"A",,"A",,"A",,"A",,"A"
"20132",2661442,1,0,"1","120","D","1","D","02","D",25,"D",.,"A",.,"A",,"A",,"A",,"A",,"A",,"A",,"A",,"A",,"A",,"A"
"20132",2661502,1,0,"1","210","D","1","D","03","D",110,"D",.,"A",.,"A",,"A",,"A",,"A",,"A",,"A",,"A",,"A",,"A",,"A"
"20132",2661702,1,0,"1","195","D","1","D","04","D",509,"D",.,"A",.,"A",,"A",,"A",,"A",,"A",,"A",,"A",,"A",,"A",,"A"
"20132",2662412,1,0,"2","140","D","1","D","02","D",1200,"D",.,"A",.,"A",,"A",,"A",,"A",,"A",,"A",,"A",,"A",,"A",,"A"
"20132",2663022,1,0,"1","195","D","1","D","04","D",930,"D",.,"A",50,"D",,"A",,"A",,"A",,"A",,"A",,"A",,"A",,"A",,"A"
"20132",2663202,1,0,"1","160","D","1","D","03","D",400,"D",.,"A",.,"A",,"A",,"A",,"A",,"A",,"A",,"A",,"A",,"A",,"A"
"20132",2663482,1,0,"1","195","D","1","D","04","D",53,"D",.,"A",.,"A",,"A",,"A",,"A",,"A",,"A",,"A",,"A",,"A",,"A"
"20132",2663662,1,0,"1","195","D","1","D","02","D",16,"D",.,"A",.,"A",,"A",,"A",,"A",,"A",,"A",,"A",,"A",,"A",,"A"
"20132",2663912,1,0,"1","195","D","1","D","03","D",1400,"D",.,"A",.,"A",,"A",,"A",,"A",,"A",,"A",,"A",,"A",,"A",,"A"
"20132",2664212,1,0,"1","140","D","1","D","04","D",2200,"D",.,"A",.,"A",,"A",,"A",,"A",,"A",,"A",,"A",,"A",,"A",,"A"
"20132",2664462,1,0,"1","100","D","1","D","02","D",50,"D",.,"A",.,"A",,"A",,"A",,"A",,"A",,"A",,"A",,"A",,"A",,"A"
"20132",2664612,1,0,"1","140","D","1","D","02","D",1700,"D",.,"A",50,"D",,"A",,"A",,"A",,"A",,"A",,"A",,"A",,"A",,"A"
"20132",2664942,1,0,"1","100","D","1","D","03","D",780,"D",.,"A",.,"A",,"A",,"A",,"A",,"A",,"A",,"A",,"A",,"A",,"A"
"20132",2665132,1,0,"1","120","D","1","D","02","D",200,"D",.,"A",.,"A",,"A",,"A",,"A",,"A",,"A",,"A",,"A",,"A",,"A"
"20132",2665132,2,0,"1","195","D","1","D","03","D",600,"D",.,"A",.,"A",,"A",,"A",,"A",,"A",,"A",,"A",,"A",,"A",,"A"
"20132",2665372,1,0,"1","195","D","1","D","03","D",734,"D",.,"A",.,"A",,"A",,"A",,"A",,"A",,"A",,"A",,"A",,"A",,"A"
"20132",2665642,1,0,"1","120","D","1","D","04","D",60,"D",.,"A",.,"A",,"A",,"A",,"A",,"A",,"A",,"A",,"A",,"A",,"A"
"20132",2665672,1,0,"1","195","D","1","D","02","D",800,"D",.,"A",.,"A",,"A",,"A",,"A",,"A",,"A",,"A",,"A",,"A",,"A"
"20132",2666132,1,0,"1","160","D","1","D","03","D",899,"D",.,"A",.,"A",,"A",,"A",,"A",,"A",,"A",,"A",,"A",,"A",,"A"
"20132",2666132,2,0,"1","140","D","1","D","04","D",1600,"D",.,"A",.,"A",,"A",,"A",,"A",,"A",,"A",,"A",,"A",,"A",,"A"
"20132",2666442,1,0,"1","120","D","1","D","04","D",64,"D",.,"A",.,"A",,"A",,"A",,"A",,"A",,"A",,"A",,"A",,"A",,"A"
"20132",2666442,2,0,"1","140","D","1","D","04","D",1700,"F",.,"A",.,"A",,"A",,"A",,"A",,"A",,"A",,"A",,"A",,"A",,"A"
"20132",2666652,1,0,"2","120","D","1","D","02","D",100,"D",.,"A",.,"A",,"A",,"A",,"A",,"A",,"A",,"A",,"A",,"A",,"A"
"20132",2667522,1,0,"1","195","D","1","D","04","D",800,"D",.,"A",.,"A",,"A",,"A",,"A",,"A",,"A",,"A",,"A",,"A",,"A"
"20132",2667532,1,0,"1","195","D","1","D","02","D",923,"D",.,"A",.,"A",,"A",,"A",,"A",,"A",,"A",,"A",,"A",,"A",,"A"
"20132",2667792,1,0,"1","120","D","1","D","03","D",65,"D",.,"A",.,"A",,"A",,"A",,"A",,"A",,"A",,"A",,"A",,"A",,"A"
"20132",2667862,1,0,"1","120","D","1","D","03","D",130,"D",.,"A",.,"A",,"A",,"A",,"A",,"A",,"A",,"A",,"A",,"A",,"A"
"20132",2668192,1,0,"2","100","D","1","D","02","D",1000,"D",.,"A",.,"A",,"A",,"A",,"A",,"A",,"A",,"A",,"A",,"A",,"A"
"20132",2668662,1,0,"1","195","D","1","D","03","D",602,"D",.,"A",.,"A",,"A",,"A",,"A",,"A",,"A",,"A",,"A",,"A",,"A"
"20132",2669472,1,0,"1","140","D","1","D","04","D",1300,"D",.,"A",.,"A",,"A",,"A",,"A",,"A",,"A",,"A",,"A",,"A",,"A"
"20132",2669632,1,0,"1","195","D","1","D","03","D",325,"D",.,"A",.,"A",,"A",,"A",,"A",,"A",,"A",,"A",,"A",,"A",,"A"
"20132",2669802,1,0,"1","140","D","1","D","03","D",321,"D",.,"A",.,"A",,"A",,"A",,"A",,"A",,"A",,"A",,"A",,"A",,"A"
"20132",2670042,1,0,"1","140","D","1","D","05","D",500,"D",.,"A",70,"F",,"A",,"A",,"A",,"A",,"A",,"A",,"A",,"A",,"A"
"20132",2670152,1,0,"1","195","D","1","D","05","D",107,"D",.,"A",.,"A",,"A",,"A",,"A",,"A",,"A",,"A",,"A",,"A",,"A"
"20132",2670152,2,0,"1","195","D","1","D","05","D",150,"D",.,"A",.,"A",,"A",,"A",,"A",,"A",,"A",,"A",,"A",,"A",,"A"
"20132",2671582,1,0,"1","180","D","3","D","03","D",97,"D",.,"A",.,"A",,"A",,"A",,"A",,"A",,"A",,"A",,"A",,"A",,"A"
"20132",2671762,1,0,"1","140","D","1","D","05","D",458,"D",.,"A",.,"A",,"A",,"A",,"A",,"A",,"A",,"A",,"A",,"A",,"A"
"20132",2672612,1,0,"1","120","D","1","D","05","D",350,"D",.,"A",.,"A",,"A",,"A",,"A",,"A",,"A",,"A",,"A",,"A",,"A"
"20132",2673685,1,0,"2","120","D","1","D","03","D",64,"D",.,"A",.,"A",,"A",,"A",,"A",,"A",,"A",,"A",,"A",,"A",,"A"
"20132",2674042,1,0,"1","220","D","1","D","03","D",.,"H",.,"A",.,"A","220","D","120","D",,"A",,"A",,"A",,"A",,"A",,"A",,"A"
"20132",2674042,1,1,"1","120","D","1","D","03","D",55,"E",.,"A",.,"A",,"A",,"A",,"A",,"A",,"A",,"A",,"A",,"A",,"A"
"20132",2675182,1,0,"1","140","D","1","D","04","D",340,"D",.,"A",.,"A",,"A",,"A",,"A",,"A",,"A",,"A",,"A",,"A",,"A"
"20132",2675342,1,0,"1","140","D","1","D","05","D",161,"D",.,"A",.,"A",,"A",,"A",,"A",,"A",,"A",,"A",,"A",,"A",,"A"
"20132",2676312,1,0,"1","100","D","1","D","05","D",519,"D",.,"A",.,"A",,"A",,"A",,"A",,"A",,"A",,"A",,"A",,"A",,"A"
"20132",2676312,2,0,"1","140","D","1","D","05","D",1201,"D",.,"A",.,"A",,"A",,"A",,"A",,"A",,"A",,"A",,"A",,"A",,"A"
"20132",2676552,1,0,"1","120","D","1","D","05","D",180,"D",.,"A",.,"A",,"A",,"A",,"A",,"A",,"A",,"A",,"A",,"A",,"A"
"20132",2676742,1,0,"1","120","D","1","D","03","D",64,"D",.,"A",.,"A",,"A",,"A",,"A",,"A",,"A",,"A",,"A",,"A",,"A"
"20132",2676742,2,0,"1","195","D","1","D","05","D",439,"D",.,"A",60,"D",,"A",,"A",,"A",,"A",,"A",,"A",,"A",,"A",,"A"
"20132",2677672,1,0,"1","195","D","2","D",,"A",.,"A",400,"D",.,"A",,"A",,"A",,"A",,"A",,"A",,"A",,"A",,"A",,"A"
"20132",2677882,1,0,"1","195","D","1","D","05","D",1100,"D",.,"A",.,"A",,"A",,"A",,"A",,"A",,"A",,"A",,"A",,"A",,"A"
"20132",2678142,1,0,"1","140","D","1","D","04","D",3000,"D",.,"A",.,"A",,"A",,"A",,"A",,"A",,"A",,"A",,"A",,"A",,"A"
"20132",2678142,2,0,"1","195","D","1","D","05","D",1700,"D",.,"A",.,"A",,"A",,"A",,"A",,"A",,"A",,"A",,"A",,"A",,"A"
"20132",2678172,1,0,"1","120","D","1","D","05","D",81,"D",.,"A",.,"A",,"A",,"A",,"A",,"A",,"A",,"A",,"A",,"A",,"A"
"20132",2678512,1,0,"1","195","D","1","D","04","D",717,"D",.,"A",.,"A",,"A",,"A",,"A",,"A",,"A",,"A",,"A",,"A",,"A"
"20132",2678612,1,0,"1","220","D","1","D","05","D",.,"H",.,"A",.,"A","120","D","100","D","160","D",,"A",,"A",,"A",,"A",,"A",,"A"
"20132",2678612,1,1,"1","120","D","1","D","05","D",748,"E",.,"A",.,"A",,"A",,"A",,"A",,"A",,"A",,"A",,"A",,"A",,"A"
"20132",2678612,1,2,"1","100","D","1","D","05","D",3807,"E",.,"A",.,"A",,"A",,"A",,"A",,"A",,"A",,"A",,"A",,"A",,"A"
"20132",2678612,1,3,"1","160","D","1","D","05","D",2615,"E",.,"A",.,"A",,"A",,"A",,"A",,"A",,"A",,"A",,"A",,"A",,"A"
"20132",2678612,2,0,"1","195","D","1","D","05","D",1700,"D",.,"A",.,"A",,"A",,"A",,"A",,"A",,"A",,"A",,"A",,"A",,"A"
"20132",2678872,1,0,"1","120","D","1","D","05","D",81,"D",.,"A",.,"A",,"A",,"A",,"A",,"A",,"A",,"A",,"A",,"A",,"A"
"20132",2678892,1,0,"1","160","D","1","D","04","D",800,"D",.,"A",200,"D",,"A",,"A",,"A",,"A",,"A",,"A",,"A",,"A",,"A"
"20132",2678902,1,0,"1","195","D","1","D","05","D",758,"D",.,"A",.,"A",,"A",,"A",,"A",,"A",,"A",,"A",,"A",,"A",,"A"
"20132",2679752,1,0,"1","140","D","1","D","04","D",1580,"D",.,"A",.,"A",,"A",,"A",,"A",,"A",,"A",,"A",,"A",,"A",,"A"
"20132",2679762,1,0,"1","140","D","1","D","04","D",150,"D",.,"A",.,"A",,"A",,"A",,"A",,"A",,"A",,"A",,"A",,"A",,"A"
"20132",2679802,1,0,"1","160","D","1","D","05","D",961,"D",.,"A",85,"D",,"A",,"A",,"A",,"A",,"A",,"A",,"A",,"A",,"A"
"20132",2682713,1,0,"1","120","D","1","D","03","D",280,"D",.,"A",.,"A",,"A",,"A",,"A",,"A",,"A",,"A",,"A",,"A",,"A"
"20132",2682713,2,0,"1","100","D","1","D","03","D",360,"D",.,"A",.,"A",,"A",,"A",,"A",,"A",,"A",,"A",,"A",,"A",,"A"
"20132",2682713,3,0,"1","140","D","1","D","03","D",900,"D",.,"A",.,"A",,"A",,"A",,"A",,"A",,"A",,"A",,"A",,"A",,"A"
"20132",2682713,4,0,"1","160","D","1","D","03","D",260,"D",.,"A",.,"A",,"A",,"A",,"A",,"A",,"A",,"A",,"A",,"A",,"A"
"20132",2686842,1,0,"1","120","D","1","D","03","D",180,"D",.,"A",.,"A",,"A",,"A",,"A",,"A",,"A",,"A",,"A",,"A",,"A"
"20132",2686994,1,0,"1","120","D","1","D","01","D",70,"D",.,"A",.,"A",,"A",,"A",,"A",,"A",,"A",,"A",,"A",,"A",,"A"
"20132",2690635,1,0,"1","120","D","1","D","01","D",80,"D",.,"A",.,"A",,"A",,"A",,"A",,"A",,"A",,"A",,"A",,"A",,"A"
"20132",2691825,1,0,"1","120","D","1","D","03","D",55,"D",.,"A",.,"A",,"A",,"A",,"A",,"A",,"A",,"A",,"A",,"A",,"A"
"20132",2691855,1,0,"1","100","D","1","D","03","D",161,"D",.,"A",.,"A",,"A",,"A",,"A",,"A",,"A",,"A",,"A",,"A",,"A"
"20132",2691855,2,0,"1","140","D","2","D",,"A",.,"A",161,"D",.,"A",,"A",,"A",,"A",,"A",,"A",,"A",,"A",,"A",,"A"
"20132",2693173,1,0,"1","120","D","1","D","03","D",60,"D",.,"A",.,"A",,"A",,"A",,"A",,"A",,"A",,"A",,"A",,"A",,"A"
"20132",2694454,1,0,"1","195","D","1","D","04","D",80,"D",.,"A",.,"A",,"A",,"A",,"A",,"A",,"A",,"A",,"A",,"A",,"A"
"20132",2696794,1,0,"1","120","D","1","D","03","D",65,"D",.,"A",.,"A",,"A",,"A",,"A",,"A",,"A",,"A",,"A",,"A",,"A"
"20132",2698943,1,0,"1","195","D","1","D","02","D",425,"D",.,"A",30,"D",,"A",,"A",,"A",,"A",,"A",,"A",,"A",,"A",,"A"
"20132",2698943,2,0,"1","140","D","1","D","02","D",90,"D",.,"A",.,"A",,"A",,"A",,"A",,"A",,"A",,"A",,"A",,"A",,"A"
"20132",2700033,1,0,"1","195","D","1","D","04","D",10,"D",.,"A",.,"A",,"A",,"A",,"A",,"A",,"A",,"A",,"A",,"A",,"A"
"20132",2701523,1,0,"1","195","D","1","D","04","D",850,"D",.,"A",.,"A",,"A",,"A",,"A",,"A",,"A",,"A",,"A",,"A",,"A"
"20132",2703163,1,0,"1","195","D","1","D","04","D",200,"D",.,"A",.,"A",,"A",,"A",,"A",,"A",,"A",,"A",,"A",,"A",,"A"
"20132",2705285,1,0,"1","195","D","1","D","05","D",860,"D",.,"A",.,"A",,"A",,"A",,"A",,"A",,"A",,"A",,"A",,"A",,"A"
"20132",2705775,1,0,"1","140","D","1","D","05","D",1600,"D",.,"A",50,"D",,"A",,"A",,"A",,"A",,"A",,"A",,"A",,"A",,"A"
"20132",2709242,1,0,"1","195","D","1","D","05","D",550,"D",.,"A",.,"A",,"A",,"A",,"A",,"A",,"A",,"A",,"A",,"A",,"A"
"20132",2709743,1,0,"1","195","D","1","D","03","D",217,"D",.,"A",.,"A",,"A",,"A",,"A",,"A",,"A",,"A",,"A",,"A",,"A"
"20132",2712772,1,0,"1","120","D","1","D","04","D",20,"D",.,"A",.,"A",,"A",,"A",,"A",,"A",,"A",,"A",,"A",,"A",,"A"
"20132",2712815,1,0,"1","195","D","2","D",,"A",.,"A",198,"D",.,"A",,"A",,"A",,"A",,"A",,"A",,"A",,"A",,"A",,"A"
"20132",2712844,1,0,"1","120","D","1","D","05","D",50,"D",.,"A",.,"A",,"A",,"A",,"A",,"A",,"A",,"A",,"A",,"A",,"A"
"20132",2713144,1,0,"1","120","D","1","D","03","D",136,"D",.,"A",.,"A",,"A",,"A",,"A",,"A",,"A",,"A",,"A",,"A",,"A"
"20132",2713144,2,0,"1","195","D","1","D","03","D",1320,"D",.,"A",39,"D",,"A",,"A",,"A",,"A",,"A",,"A",,"A",,"A",,"A"
"20133",2579625,1,0,"1","120","D","1","D","05","D",300,"D",.,"A",120,"F",,"A",,"A",,"A",,"A",,"A",,"A",,"A",,"A",,"A"
"20133",2580545,1,0,"1","195","D","1","D","05","D",2500,"D",.,"A",.,"A",,"A",,"A",,"A",,"A",,"A",,"A",,"A",,"A",,"A"
"20133",2580605,1,0,"1","140","D","1","D","05","D",2122,"D",.,"A",69,"D",,"A",,"A",,"A",,"A",,"A",,"A",,"A",,"A",,"A"
"20133",2580605,2,0,"1","160","D","1","D","05","D",510,"D",.,"A",.,"A",,"A",,"A",,"A",,"A",,"A",,"A",,"A",,"A",,"A"
"20133",2580605,3,0,"1","100","D","1","D","05","D",969,"D",.,"A",.,"A",,"A",,"A",,"A",,"A",,"A",,"A",,"A",,"A",,"A"
"20133",2580605,4,0,"1","120","D","1","D","05","D",260,"D",.,"A",.,"A",,"A",,"A",,"A",,"A",,"A",,"A",,"A",,"A",,"A"
"20133",2580605,5,0,"1","140","D","1","D","04","D",569,"D",.,"A",.,"A",,"A",,"A",,"A",,"A",,"A",,"A",,"A",,"A",,"A"
"20133",2580975,1,0,"1","120","D","1","D","06","D",341,"D",.,"A",.,"A",,"A",,"A",,"A",,"A",,"A",,"A",,"A",,"A",,"A"
"20133",2581025,1,0,"1","120","D","1","D","04","D",11,"D",.,"A",.,"A",,"A",,"A",,"A",,"A",,"A",,"A",,"A",,"A",,"A"
"20133",2581825,1,0,"1","160","D","1","D","06","D",780,"D",.,"A",75,"F",,"A",,"A",,"A",,"A",,"A",,"A",,"A",,"A",,"A"
"20133",2582455,1,0,"2","160","D","1","D","04","D",636,"D",.,"A",.,"A",,"A",,"A",,"A",,"A",,"A",,"A",,"A",,"A",,"A"
"20133",2582455,2,0,"2","195","D","1","D","04","D",1272,"D",.,"A",.,"A",,"A",,"A",,"A",,"A",,"A",,"A",,"A",,"A",,"A"
"20133",2582505,1,0,"1","140","D","1","D","06","D",120,"D",.,"A",.,"A",,"A",,"A",,"A",,"A",,"A",,"A",,"A",,"A",,"A"
"20133",2582795,1,0,"1","100","D","1","D","04","D",800,"D",.,"A",.,"A",,"A",,"A",,"A",,"A",,"A",,"A",,"A",,"A",,"A"
"20133",2582795,2,0,"1","160","D","1","D","06","D",500,"D",.,"A",.,"A",,"A",,"A",,"A",,"A",,"A",,"A",,"A",,"A",,"A"
"20133",2582795,3,0,"1","180","D","1","D","06","D",100,"D",.,"A",.,"A",,"A",,"A",,"A",,"A",,"A",,"A",,"A",,"A",,"A"
"20133",2582825,1,0,"2","160","D","1","D","04","D",232,"D",.,"A",.,"A",,"A",,"A",,"A",,"A",,"A",,"A",,"A",,"A",,"A"
"20133",2583075,1,0,"1","120","D","1","D","04","D",65,"D",.,"A",.,"A",,"A",,"A",,"A",,"A",,"A",,"A",,"A",,"A",,"A"
"20133",2583135,1,0,"1","160","D","1","D","04","D",300,"D",.,"A",75,"D",,"A",,"A",,"A",,"A",,"A",,"A",,"A",,"A",,"A"
"20133",2584185,1,0,"1","140","D","1","D","05","D",589,"D",.,"A",.,"A",,"A",,"A",,"A",,"A",,"A",,"A",,"A",,"A",,"A"
"20133",2584625,1,0,"1","210","D","1","D","04","D",326,"D",.,"A",.,"A",,"A",,"A",,"A",,"A",,"A",,"A",,"A",,"A",,"A"
"20133",2586015,1,0,"1","195","D","1","D","05","D",1100,"D",.,"A",.,"A",,"A",,"A",,"A",,"A",,"A",,"A",,"A",,"A",,"A"
"20133",2586215,1,0,"2","195","D","1","D","04","D",400,"D",.,"A",.,"A",,"A",,"A",,"A",,"A",,"A",,"A",,"A",,"A",,"A"
"20133",2586365,1,0,"2","195","D","1","D","04","D",500,"D",.,"A",.,"A",,"A",,"A",,"A",,"A",,"A",,"A",,"A",,"A",,"A"
"20133",2587055,1,0,"1","195","D","1","D","04","D",1300,"D",.,"A",.,"A",,"A",,"A",,"A",,"A",,"A",,"A",,"A",,"A",,"A"
"20133",2587055,2,0,"1","100","D","1","D","05","D",900,"D",.,"A",200,"D",,"A",,"A",,"A",,"A",,"A",,"A",,"A",,"A",,"A"
"20133",2587815,1,0,"2","220","D","1","D","04","D",.,"H",.,"A",.,"A","120","D","100","D","210","D","160","D","180","D","140","D",,"A",,"A",,"A"
"20133",2587815,1,1,"2","120","D","1","D","04","D",164,"E",.,"A",.,"A",,"A",,"A",,"A",,"A",,"A",,"A",,"A",,"A",,"A"
"20133",2587815,1,2,"2","100","D","1","D","04","D",883,"E",.,"A",.,"A",,"A",,"A",,"A",,"A",,"A",,"A",,"A",,"A",,"A"
"20133",2587815,1,3,"2","210","D","1","D","04","D",197,"E",.,"A",.,"A",,"A",,"A",,"A",,"A",,"A",,"A",,"A",,"A",,"A"
"20133",2587815,1,4,"2","160","D","1","D","04","D",549,"E",.,"A",.,"A",,"A",,"A",,"A",,"A",,"A",,"A",,"A",,"A",,"A"
"20133",2587815,1,5,"2","180","D","1","D","04","D",109,"E",.,"A",.,"A",,"A",,"A",,"A",,"A",,"A",,"A",,"A",,"A",,"A"
"20133",2587815,1,6,"2","140","D","1","D","04","D",1098,"E",.,"A",.,"A",,"A",,"A",,"A",,"A",,"A",,"A",,"A",,"A",,"A"
"20133",2588275,1,0,"1","195","D","1","D","06","D",549,"D",.,"A",.,"A",,"A",,"A",,"A",,"A",,"A",,"A",,"A",,"A",,"A"
"20133",2588305,1,0,"1","195","D","1","D","04","D",53,"D",.,"A",.,"A",,"A",,"A",,"A",,"A",,"A",,"A",,"A",,"A",,"A"
"20133",2588305,2,0,"1","195","D","1","D","05","D",53,"D",.,"A",.,"A",,"A",,"A",,"A",,"A",,"A",,"A",,"A",,"A",,"A"
"20133",2588305,3,0,"1","195","D","1","D","06","D",53,"D",.,"A",.,"A",,"A",,"A",,"A",,"A",,"A",,"A",,"A",,"A",,"A"
"20133",2589725,1,0,"1","140","D","2","D",,"A",.,"A",400,"D",.,"A",,"A",,"A",,"A",,"A",,"A",,"A",,"A",,"A",,"A"
"20133",2589995,1,0,"1","195","D","1","D","05","D",130,"D",.,"A",.,"A",,"A",,"A",,"A",,"A",,"A",,"A",,"A",,"A",,"A"
"20133",2590365,1,0,"1","195","D","1","D","07","D",500,"D",.,"A",.,"A",,"A",,"A",,"A",,"A",,"A",,"A",,"A",,"A",,"A"
"20133",2590975,1,0,"1","160","D","1","D","06","D",700,"D",.,"A",75,"D",,"A",,"A",,"A",,"A",,"A",,"A",,"A",,"A",,"A"
"20133",2591225,1,0,"1","220","D","1","D","05","D",.,"H",.,"A",.,"A","100","D","120","D",,"A",,"A",,"A",,"A",,"A",,"A",,"A"
"20133",2591225,1,1,"1","100","D","1","D","05","D",371,"G",.,"A",.,"A",,"A",,"A",,"A",,"A",,"A",,"A",,"A",,"A",,"A"
"20133",2591765,1,0,"1","195","D","1","D","07","D",550,"D",.,"A",.,"A",,"A",,"A",,"A",,"A",,"A",,"A",,"A",,"A",,"A"
"20133",2591955,1,0,"1","100","D","1","D","07","D",1118,"D",.,"A",.,"A",,"A",,"A",,"A",,"A",,"A",,"A",,"A",,"A",,"A"
"20133",2592065,1,0,"1","100","D","1","D","06","D",271,"D",.,"A",.,"A",,"A",,"A",,"A",,"A",,"A",,"A",,"A",,"A",,"A"
"20133",2592065,2,0,"1","100","D","1","D","06","D",542,"D",.,"A",.,"A",,"A",,"A",,"A",,"A",,"A",,"A",,"A",,"A",,"A"
"20133",2592695,1,0,"1","195","D","1","D","05","D",329,"D",.,"A",.,"A",,"A",,"A",,"A",,"A",,"A",,"A",,"A",,"A",,"A"
"20133",2593415,1,0,"1","120","D","1","D","06","D",170,"D",.,"A",.,"A",,"A",,"A",,"A",,"A",,"A",,"A",,"A",,"A",,"A"
"20133",2593595,1,0,"1","140","D","1","D","06","D",800,"D",.,"A",.,"A",,"A",,"A",,"A",,"A",,"A",,"A",,"A",,"A",,"A"
"20133",2593595,2,0,"1","195","D","1","D","06","D",600,"D",.,"A",.,"A",,"A",,"A",,"A",,"A",,"A",,"A",,"A",,"A",,"A"
"20133",2594155,1,0,"1","120","D","1","D","07","D",139,"D",.,"A",.,"A",,"A",,"A",,"A",,"A",,"A",,"A",,"A",,"A",,"A"
"20133",2594165,1,0,"1","140","D","1","D","07","D",165,"D",.,"A",.,"A",,"A",,"A",,"A",,"A",,"A",,"A",,"A",,"A",,"A"
"20133",2594575,1,0,"1","195","D","1","D","07","D",400,"D",.,"A",.,"A",,"A",,"A",,"A",,"A",,"A",,"A",,"A",,"A",,"A"
"20133",2594575,2,0,"1","120","D","1","D","06","D",80,"D",.,"A",.,"A",,"A",,"A",,"A",,"A",,"A",,"A",,"A",,"A",,"A"
"20133",2594865,1,0,"1","140","D","1","D","07","D",561,"D",.,"A",.,"A",,"A",,"A",,"A",,"A",,"A",,"A",,"A",,"A",,"A"
"20133",2595165,1,0,"1","120","D","1","D","05","D",62,"D",.,"A",.,"A",,"A",,"A",,"A",,"A",,"A",,"A",,"A",,"A",,"A"
"20133",2595975,1,0,"1","195","D","1","D","07","D",25,"D",.,"A",.,"A",,"A",,"A",,"A",,"A",,"A",,"A",,"A",,"A",,"A"
"20133",2596185,1,0,"1","195","D","1","D","06","D",1100,"D",.,"A",.,"A",,"A",,"A",,"A",,"A",,"A",,"A",,"A",,"A",,"A"
"20133",2596835,1,0,"1","120","D","1","D","05","D",72,"D",.,"A",.,"A",,"A",,"A",,"A",,"A",,"A",,"A",,"A",,"A",,"A"
"20133",2597165,1,0,"1","120","D","1","D","07","D",295,"D",.,"A",.,"A",,"A",,"A",,"A",,"A",,"A",,"A",,"A",,"A",,"A"
"20133",2597165,2,0,"1","140","D","1","D","07","D",699,"D",.,"A",.,"A",,"A",,"A",,"A",,"A",,"A",,"A",,"A",,"A",,"A"
"20133",2598115,1,0,"1","100","D","1","D","05","D",651,"D",.,"A",100,"D",,"A",,"A",,"A",,"A",,"A",,"A",,"A",,"A",,"A"
"20133",2598215,1,0,"2","195","D","1","D","05","D",1000,"D",.,"A",.,"A",,"A",,"A",,"A",,"A",,"A",,"A",,"A",,"A",,"A"
"20133",2598765,1,0,"2","180","D","1","D","05","D",100,"D",.,"A",.,"A",,"A",,"A",,"A",,"A",,"A",,"A",,"A",,"A",,"A"
"20133",2599915,1,0,"1","160","D","1","D","07","D",560,"D",.,"A",78,"F",,"A",,"A",,"A",,"A",,"A",,"A",,"A",,"A",,"A"
"20133",2600165,1,0,"1","140","D","1","D","05","D",1600,"D",.,"A",.,"A",,"A",,"A",,"A",,"A",,"A",,"A",,"A",,"A",,"A"
"20133",2600225,1,0,"1","195","D","1","D","07","D",607,"D",.,"A",.,"A",,"A",,"A",,"A",,"A",,"A",,"A",,"A",,"A",,"A"
"20133",2600575,1,0,"1","195","D","2","D",,"A",.,"A",82,"D",.,"A",,"A",,"A",,"A",,"A",,"A",,"A",,"A",,"A",,"A"
"20133",2601355,1,0,"2","120","D","1","D","06","D",150,"D",.,"A",130,"D",,"A",,"A",,"A",,"A",,"A",,"A",,"A",,"A",,"A"
"20133",2601355,2,0,"2","100","D","1","D","06","D",1000,"D",.,"A",.,"A",,"A",,"A",,"A",,"A",,"A",,"A",,"A",,"A",,"A"
"20133",2602305,1,0,"1","100","D","1","D","06","D",1600,"D",.,"A",.,"A",,"A",,"A",,"A",,"A",,"A",,"A",,"A",,"A",,"A"
"20133",2602305,2,0,"1","210","D","1","D","06","D",180,"D",.,"A",.,"A",,"A",,"A",,"A",,"A",,"A",,"A",,"A",,"A",,"A"
"20133",2602305,3,0,"1","140","D","1","D","06","D",1500,"D",.,"A",.,"A",,"A",,"A",,"A",,"A",,"A",,"A",,"A",,"A",,"A"
"20133",2602475,1,0,"1","120","D","1","D","08","D",64,"D",.,"A",.,"A",,"A",,"A",,"A",,"A",,"A",,"A",,"A",,"A",,"A"
"20133",2603335,1,0,"1","140","D","1","D","08","D",2400,"D",.,"A",.,"A",,"A",,"A",,"A",,"A",,"A",,"A",,"A",,"A",,"A"
"20133",2603465,1,0,"1","195","D","1","D","06","D",450,"D",.,"A",.,"A",,"A",,"A",,"A",,"A",,"A",,"A",,"A",,"A",,"A"
"20133",2603965,1,0,"1","120","D","1","D","07","D",70,"D",.,"A",.,"A",,"A",,"A",,"A",,"A",,"A",,"A",,"A",,"A",,"A"
"20133",2604035,1,0,"1","195","D","1","D","08","D",2500,"D",.,"A",30,"D",,"A",,"A",,"A",,"A",,"A",,"A",,"A",,"A",,"A"
"20133",2604545,1,0,"1","120","D","1","D","07","D",70,"D",.,"A",.,"A",,"A",,"A",,"A",,"A",,"A",,"A",,"A",,"A",,"A"
"20133",2606265,1,0,"1","120","D","1","D","06","D",50,"D",.,"A",.,"A",,"A",,"A",,"A",,"A",,"A",,"A",,"A",,"A",,"A"
"20133",2606345,1,0,"1","140","D","1","D","08","D",507,"D",.,"A",.,"A",,"A",,"A",,"A",,"A",,"A",,"A",,"A",,"A",,"A"
"20133",2606515,1,0,"1","195","D","1","D","08","D",2050,"D",.,"A",100,"D",,"A",,"A",,"A",,"A",,"A",,"A",,"A",,"A",,"A"
"20133",2607095,1,0,"1","140","D","1","D","07","D",1890,"D",.,"A",.,"A",,"A",,"A",,"A",,"A",,"A",,"A",,"A",,"A",,"A"
"20133",2607305,1,0,"1","140","D","1","D","06","D",108,"D",.,"A",.,"A",,"A",,"A",,"A",,"A",,"A",,"A",,"A",,"A",,"A"
"20133",2607655,1,0,"1","140","D","1","D","07","D",526,"D",.,"A",.,"A",,"A",,"A",,"A",,"A",,"A",,"A",,"A",,"A",,"A"
"20133",2607815,1,0,"2","140","D","1","D","06","D",1200,"D",.,"A",.,"A",,"A",,"A",,"A",,"A",,"A",,"A",,"A",,"A",,"A"
"20133",2607925,1,0,"1","195","D","1","D","07","D",100,"D",.,"A",.,"A",,"A",,"A",,"A",,"A",,"A",,"A",,"A",,"A",,"A"
"20133",2607925,2,0,"1","195","D","1","D","08","D",900,"D",.,"A",.,"A",,"A",,"A",,"A",,"A",,"A",,"A",,"A",,"A",,"A"
"20133",2608245,1,0,"1","120","D","1","D","07","D",100,"D",.,"A",.,"A",,"A",,"A",,"A",,"A",,"A",,"A",,"A",,"A",,"A"
"20133",2610775,1,0,"1","140","D","1","D","06","D",1200,"D",.,"A",.,"A",,"A",,"A",,"A",,"A",,"A",,"A",,"A",,"A",,"A"
"20133",2611095,1,0,"1","195","D","1","D","07","D",450,"D",.,"A",.,"A",,"A",,"A",,"A",,"A",,"A",,"A",,"A",,"A",,"A"
"20133",2611125,1,0,"1","100","D","1","D","08","D",1378,"D",.,"A",.,"A",,"A",,"A",,"A",,"A",,"A",,"A",,"A",,"A",,"A"
"20133",2611125,2,0,"1","140","D","1","D","08","D",1897,"D",.,"A",.,"A",,"A",,"A",,"A",,"A",,"A",,"A",,"A",,"A",,"A"
"20133",2611215,1,0,"1","140","D","1","D","07","D",125,"D",.,"A",.,"A",,"A",,"A",,"A",,"A",,"A",,"A",,"A",,"A",,"A"
"20133",2611585,1,0,"1","140","D","1","D","08","D",482,"D",.,"A",50,"D",,"A",,"A",,"A",,"A",,"A",,"A",,"A",,"A",,"A"
"20133",2612235,1,0,"1","140","D","1","D","08","D",1000,"D",.,"A",.,"A",,"A",,"A",,"A",,"A",,"A",,"A",,"A",,"A",,"A"
"20133",2612445,1,0,"2","140","D","1","D","06","D",300,"D",.,"A",.,"A",,"A",,"A",,"A",,"A",,"A",,"A",,"A",,"A",,"A"
"20133",2612874,1,0,"1","195","D","1","D","04","D",35,"D",.,"A",.,"A",,"A",,"A",,"A",,"A",,"A",,"A",,"A",,"A",,"A"
"20133",2612874,2,0,"1","195","D","1","D","05","D",35,"D",.,"A",.,"A",,"A",,"A",,"A",,"A",,"A",,"A",,"A",,"A",,"A"
"20133",2612874,3,0,"1","195","D","1","D","06","D",35,"D",.,"A",.,"A",,"A",,"A",,"A",,"A",,"A",,"A",,"A",,"A",,"A"
"20133",2613004,1,0,"1","140","D","1","D","05","D",434,"D",.,"A",.,"A",,"A",,"A",,"A",,"A",,"A",,"A",,"A",,"A",,"A"
"20133",2614194,1,0,"1","195","D","1","D","04","D",980,"D",.,"A",.,"A",,"A",,"A",,"A",,"A",,"A",,"A",,"A",,"A",,"A"
"20133",2614364,995,0,"1","140","D","2","D","05","D",800,"D",.,"A",.,"A",,"A",,"A",,"A",,"A",,"A",,"A",,"A",,"A",,"A"
"20133",2615234,1,0,"1","195","D","3","D","06","D",445,"D",.,"A",.,"A",,"A",,"A",,"A",,"A",,"A",,"A",,"A",,"A",,"A"
"20133",2615264,1,0,"1","195","D","1","D","06","D",1300,"D",.,"A",.,"A",,"A",,"A",,"A",,"A",,"A",,"A",,"A",,"A",,"A"
"20133",2615824,1,0,"1","120","D","1","D","06","D",16,"D",.,"A",.,"A",,"A",,"A",,"A",,"A",,"A",,"A",,"A",,"A",,"A"
"20133",2616694,1,0,"1","100","D","1","D","04","D",750,"D",.,"A",75,"D",,"A",,"A",,"A",,"A",,"A",,"A",,"A",,"A",,"A"
"20133",2616794,1,0,"1","100","D","1","D","04","D",800,"D",.,"A",.,"A",,"A",,"A",,"A",,"A",,"A",,"A",,"A",,"A",,"A"
"20133",2616794,2,0,"1","195","D","1","D","04","D",1200,"D",.,"A",.,"A",,"A",,"A",,"A",,"A",,"A",,"A",,"A",,"A",,"A"
"20133",2617174,1,0,"2","120","D","1","D","04","D",1000,"D",.,"A",.,"A",,"A",,"A",,"A",,"A",,"A",,"A",,"A",,"A",,"A"
"20133",2617664,1,0,"1","120","D","1","D","06","D",100,"D",.,"A",.,"A",,"A",,"A",,"A",,"A",,"A",,"A",,"A",,"A",,"A"
"20133",2617694,1,0,"1","195","D","1","D","06","D",300,"D",.,"A",.,"A",,"A",,"A",,"A",,"A",,"A",,"A",,"A",,"A",,"A"
"20133",2618394,1,0,"1","195","D","1","D","06","D",825,"D",.,"A",.,"A",,"A",,"A",,"A",,"A",,"A",,"A",,"A",,"A",,"A"
"20133",2618654,1,0,"2","120","D","1","D","04","D",120,"D",.,"A",.,"A",,"A",,"A",,"A",,"A",,"A",,"A",,"A",,"A",,"A"
"20133",2619324,1,0,"2","140","D","3","D","04","D",479,"D",.,"A",.,"A",,"A",,"A",,"A",,"A",,"A",,"A",,"A",,"A",,"A"
"20133",2620314,1,0,"1","195","D","1","D","05","D",2200,"D",.,"A",.,"A",,"A",,"A",,"A",,"A",,"A",,"A",,"A",,"A",,"A"
"20133",2620314,2,0,"1","140","D","1","D","05","D",500,"D",.,"A",.,"A",,"A",,"A",,"A",,"A",,"A",,"A",,"A",,"A",,"A"
"20133",2620314,3,0,"1","140","D","1","D","05","D",500,"D",.,"A",.,"A",,"A",,"A",,"A",,"A",,"A",,"A",,"A",,"A",,"A"
"20133",2620924,1,0,"1","100","D","3","D","05","D",434,"D",.,"A",.,"A",,"A",,"A",,"A",,"A",,"A",,"A",,"A",,"A",,"A"
"20133",2621064,1,0,"1","195","D","1","D","04","D",943,"D",.,"A",.,"A",,"A",,"A",,"A",,"A",,"A",,"A",,"A",,"A",,"A"
"20133",2621194,1,0,"1","160","D","1","D","04","D",1300,"D",.,"A",.,"A",,"A",,"A",,"A",,"A",,"A",,"A",,"A",,"A",,"A"
"20133",2621194,2,0,"2","160","D","1","D","04","D",1200,"D",.,"A",.,"A",,"A",,"A",,"A",,"A",,"A",,"A",,"A",,"A",,"A"
"20133",2621204,1,0,"1","195","D","1","D","04","D",1400,"D",.,"A",.,"A",,"A",,"A",,"A",,"A",,"A",,"A",,"A",,"A",,"A"
"20133",2622244,1,0,"1","195","D","1","D","06","D",400,"D",.,"A",50,"D",,"A",,"A",,"A",,"A",,"A",,"A",,"A",,"A",,"A"
"20133",2623324,1,0,"1","120","D","1","D","05","D",260,"D",.,"A",120,"D",,"A",,"A",,"A",,"A",,"A",,"A",,"A",,"A",,"A"
"20133",2623694,1,0,"2","195","D","1","D","04","D",696,"D",.,"A",.,"A",,"A",,"A",,"A",,"A",,"A",,"A",,"A",,"A",,"A"
"20133",2624274,1,0,"1","140","D","1","D","07","D",1900,"D",.,"A",.,"A",,"A",,"A",,"A",,"A",,"A",,"A",,"A",,"A",,"A"
"20133",2624314,1,0,"1","140","D","1","D","05","D",2560,"D",.,"A",.,"A",,"A",,"A",,"A",,"A",,"A",,"A",,"A",,"A",,"A"
"20133",2625294,1,0,"2","160","D","1","D","05","D",556,"D",.,"A",78,"D",,"A",,"A",,"A",,"A",,"A",,"A",,"A",,"A",,"A"
"20133",2625334,1,0,"1","140","D","1","D","07","D",125,"D",.,"A",.,"A",,"A",,"A",,"A",,"A",,"A",,"A",,"A",,"A",,"A"
"20133",2625834,1,0,"1","120","D","1","D","06","D",120,"D",.,"A",.,"A",,"A",,"A",,"A",,"A",,"A",,"A",,"A",,"A",,"A"
"20133",2625944,1,0,"2","195","D","1","D","05","D",1736,"D",.,"A",99,"D",,"A",,"A",,"A",,"A",,"A",,"A",,"A",,"A",,"A"
"20133",2626144,1,0,"1","140","D","1","D","05","D",975,"D",.,"A",.,"A",,"A",,"A",,"A",,"A",,"A",,"A",,"A",,"A",,"A"
"20133",2626314,1,0,"1","140","D","1","D","05","D",1050,"D",.,"A",.,"A",,"A",,"A",,"A",,"A",,"A",,"A",,"A",,"A",,"A"
"20133",2626404,1,0,"1","100","D","1","D","07","D",600,"D",.,"A",.,"A",,"A",,"A",,"A",,"A",,"A",,"A",,"A",,"A",,"A"
"20133",2626994,1,0,"1","210","D","1","D","07","D",220,"D",.,"A",.,"A",,"A",,"A",,"A",,"A",,"A",,"A",,"A",,"A",,"A"
"20133",2627004,1,0,"1","160","D","1","D","06","D",800,"D",.,"A",.,"A",,"A",,"A",,"A",,"A",,"A",,"A",,"A",,"A",,"A"
"20133",2627284,1,0,"1","220","D","1","D","07","D",.,"H",.,"A",.,"H","140","D","160","D",,"A",,"A",,"A",,"A",,"A",,"A",,"A"
"20133",2627284,1,1,"1","140","D","1","D","07","D",1667,"E",.,"A",20,"D",,"A",,"A",,"A",,"A",,"A",,"A",,"A",,"A",,"A"
"20133",2627284,1,2,"1","160","D","1","D","07","D",833,"E",.,"A",.,"A",,"A",,"A",,"A",,"A",,"A",,"A",,"A",,"A",,"A"
"20133",2627814,1,0,"1","195","D","1","D","07","D",1600,"D",.,"A",.,"A",,"A",,"A",,"A",,"A",,"A",,"A",,"A",,"A",,"A"
"20133",2627934,1,0,"1","140","D","1","D","07","D",303,"D",.,"A",.,"A",,"A",,"A",,"A",,"A",,"A",,"A",,"A",,"A",,"A"
"20133",2628754,1,0,"1","120","D","1","D","07","D",315,"D",.,"A",.,"A",,"A",,"A",,"A",,"A",,"A",,"A",,"A",,"A",,"A"
"20133",2628754,2,0,"1","100","D","1","D","07","D",892,"D",.,"A",.,"A",,"A",,"A",,"A",,"A",,"A",,"A",,"A",,"A",,"A"
"20133",2628754,3,0,"1","140","D","1","D","07","D",1197,"D",.,"A",.,"A",,"A",,"A",,"A",,"A",,"A",,"A",,"A",,"A",,"A"
"20133",2628754,4,0,"1","160","D","1","D","07","D",494,"D",.,"A",.,"A",,"A",,"A",,"A",,"A",,"A",,"A",,"A",,"A",,"A"
"20133",2628804,1,0,"1","195","D","1","D","07","D",523,"D",.,"A",.,"A",,"A",,"A",,"A",,"A",,"A",,"A",,"A",,"A",,"A"
"20133",2629024,1,0,"2","120","D","1","D","05","D",65,"D",.,"A",.,"A",,"A",,"A",,"A",,"A",,"A",,"A",,"A",,"A",,"A"
"20133",2629434,1,0,"1","100","D","1","D","05","D",400,"D",.,"A",.,"A",,"A",,"A",,"A",,"A",,"A",,"A",,"A",,"A",,"A"
"20133",2629504,1,0,"1","120","D","1","D","06","D",210,"D",.,"A",.,"A",,"A",,"A",,"A",,"A",,"A",,"A",,"A",,"A",,"A"
"20133",2629504,2,0,"1","120","D","1","D","06","D",99,"D",.,"A",.,"A",,"A",,"A",,"A",,"A",,"A",,"A",,"A",,"A",,"A"
"20133",2629554,1,0,"2","140","D","1","D","05","D",800,"D",.,"A",.,"A",,"A",,"A",,"A",,"A",,"A",,"A",,"A",,"A",,"A"
"20133",2629674,1,0,"1","160","D","1","D","07","D",53,"D",.,"A",.,"A",,"A",,"A",,"A",,"A",,"A",,"A",,"A",,"A",,"A"
"20133",2630224,1,0,"1","195","D","1","D","07","D",1908,"D",.,"A",.,"A",,"A",,"A",,"A",,"A",,"A",,"A",,"A",,"A",,"A"
"20133",2630234,1,0,"2","220","D","1","D","05","D",.,"H",.,"A",.,"A","160","D","100","D",,"A",,"A",,"A",,"A",,"A",,"A",,"A"
"20133",2630234,1,1,"2","160","D","1","D","05","D",750,"D",.,"A",.,"A",,"A",,"A",,"A",,"A",,"A",,"A",,"A",,"A",,"A"
"20133",2630234,1,2,"2","100","D","1","D","05","D",1080,"D",.,"A",.,"A",,"A",,"A",,"A",,"A",,"A",,"A",,"A",,"A",,"A"
"20133",2630234,2,0,"2","120","D","1","D","05","D",288,"D",.,"A",.,"A",,"A",,"A",,"A",,"A",,"A",,"A",,"A",,"A",,"A"
"20133",2630634,1,0,"1","220","D","2","D",,"A",.,"A",.,"H",.,"A","140","D","100","D",,"A",,"A",,"A",,"A",,"A",,"A",,"A"
"20133",2630634,1,1,"1","140","D","2","D",,"A",.,"A",170,"E",.,"A",,"A",,"A",,"A",,"A",,"A",,"A",,"A",,"A",,"A"
"20133",2630904,1,0,"1","140","D","1","D","06","D",78,"D",.,"A",.,"A",,"A",,"A",,"A",,"A",,"A",,"A",,"A",,"A",,"A"
"20133",2631064,1,0,"1","120","D","1","D","07","D",54,"D",.,"A",.,"A",,"A",,"A",,"A",,"A",,"A",,"A",,"A",,"A",,"A"
"20133",2631184,1,0,"2","120","D","1","D","05","D",170,"D",.,"A",.,"A",,"A",,"A",,"A",,"A",,"A",,"A",,"A",,"A",,"A"
"20133",2631204,1,0,"1","120","D","1","D","05","D",250,"D",.,"A",.,"A",,"A",,"A",,"A",,"A",,"A",,"A",,"A",,"A",,"A"
"20133",2631764,1,0,"2","120","D","1","D","05","D",359,"D",.,"A",.,"A",,"A",,"A",,"A",,"A",,"A",,"A",,"A",,"A",,"A"
"20133",2631844,1,0,"1","120","D","1","D","06","D",250,"D",.,"A",.,"A",,"A",,"A",,"A",,"A",,"A",,"A",,"A",,"A",,"A"
"20133",2631844,2,0,"1","140","D","1","D","06","D",200,"D",.,"A",.,"A",,"A",,"A",,"A",,"A",,"A",,"A",,"A",,"A",,"A"
"20133",2632364,1,0,"1","195","D","1","D","07","D",300,"D",.,"A",.,"A",,"A",,"A",,"A",,"A",,"A",,"A",,"A",,"A",,"A"
"20133",2632484,1,0,"1","180","D","1","D","05","D",100,"D",.,"A",.,"A",,"A",,"A",,"A",,"A",,"A",,"A",,"A",,"A",,"A"
"20133",2632504,1,0,"1","140","D","1","D","06","D",320,"D",.,"A",.,"A",,"A",,"A",,"A",,"A",,"A",,"A",,"A",,"A",,"A"
"20133",2632694,1,0,"2","160","D","1","D","05","D",20,"D",.,"A",.,"A",,"A",,"A",,"A",,"A",,"A",,"A",,"A",,"A",,"A"
"20133",2633264,1,0,"1","140","D","1","D","07","D",2400,"D",.,"A",.,"A",,"A",,"A",,"A",,"A",,"A",,"A",,"A",,"A",,"A"
"20133",2633264,2,0,"1","140","D","1","D","07","D",180,"D",.,"A",.,"A",,"A",,"A",,"A",,"A",,"A",,"A",,"A",,"A",,"A"
"20133",2634104,1,0,"1","140","D","1","D","05","D",500,"D",.,"A",.,"A",,"A",,"A",,"A",,"A",,"A",,"A",,"A",,"A",,"A"
"20133",2634174,1,0,"1","140","D","1","D","07","D",2400,"D",.,"A",.,"A",,"A",,"A",,"A",,"A",,"A",,"A",,"A",,"A",,"A"
"20133",2634424,1,0,"1","140","D","1","D","07","D",1600,"D",.,"A",.,"A",,"A",,"A",,"A",,"A",,"A",,"A",,"A",,"A",,"A"
"20133",2634874,1,0,"1","100","D","1","D","07","D",4300,"D",.,"A",.,"A",,"A",,"A",,"A",,"A",,"A",,"A",,"A",,"A",,"A"
"20133",2634874,2,0,"1","160","D","1","D","07","D",700,"D",.,"A",.,"A",,"A",,"A",,"A",,"A",,"A",,"A",,"A",,"A",,"A"
"20133",2634954,1,0,"1","140","D","3","D","07","D",130,"D",.,"A",.,"A",,"A",,"A",,"A",,"A",,"A",,"A",,"A",,"A",,"A"
"20133",2635214,1,0,"1","120","D","1","D","05","D",50,"D",.,"A",.,"A",,"A",,"A",,"A",,"A",,"A",,"A",,"A",,"A",,"A"
"20133",2635464,1,0,"1","140","D","1","D","05","D",48,"D",.,"A",.,"A",,"A",,"A",,"A",,"A",,"A",,"A",,"A",,"A",,"A"
"20133",2635934,1,0,"2","140","D","3","D","06","D",775,"D",.,"A",.,"A",,"A",,"A",,"A",,"A",,"A",,"A",,"A",,"A",,"A"
"20133",2636484,1,0,"1","195","D","1","D","08","D",901,"D",.,"A",.,"A",,"A",,"A",,"A",,"A",,"A",,"A",,"A",,"A",,"A"
"20133",2637074,1,0,"1","100","D","1","D","07","D",544,"D",.,"A",50,"D",,"A",,"A",,"A",,"A",,"A",,"A",,"A",,"A",,"A"
"20133",2637164,1,0,"1","140","D","1","D","06","D",21,"D",.,"A",.,"A",,"A",,"A",,"A",,"A",,"A",,"A",,"A",,"A",,"A"
"20133",2637534,1,0,"2","140","D","1","D","06","D",1200,"D",.,"A",.,"A",,"A",,"A",,"A",,"A",,"A",,"A",,"A",,"A",,"A"
"20133",2637804,1,0,"1","195","D","1","D","07","D",459,"D",.,"A",.,"A",,"A",,"A",,"A",,"A",,"A",,"A",,"A",,"A",,"A"
"20133",2638494,1,0,"1","140","D","2","D",,"A",.,"A",101,"D",.,"A",,"A",,"A",,"A",,"A",,"A",,"A",,"A",,"A",,"A"
"20133",2638724,1,0,"1","100","D","1","D","08","D",800,"D",.,"A",300,"D",,"A",,"A",,"A",,"A",,"A",,"A",,"A",,"A",,"A"
"20133",2639254,1,0,"1","120","D","1","D","06","D",380,"D",.,"A",50,"D",,"A",,"A",,"A",,"A",,"A",,"A",,"A",,"A",,"A"
"20133",2639254,2,0,"1","100","D","1","D","06","D",625,"D",.,"A",50,"D",,"A",,"A",,"A",,"A",,"A",,"A",,"A",,"A",,"A"
"20133",2639254,3,0,"1","140","D","1","D","06","D",869,"D",.,"A",60,"D",,"A",,"A",,"A",,"A",,"A",,"A",,"A",,"A",,"A"
"20133",2639254,4,0,"1","160","D","1","D","06","D",434,"D",.,"A",40,"D",,"A",,"A",,"A",,"A",,"A",,"A",,"A",,"A",,"A"
"20133",2639254,5,0,"1","195","D","1","D","06","D",325,"D",.,"A",40,"D",,"A",,"A",,"A",,"A",,"A",,"A",,"A",,"A",,"A"
"20133",2639534,1,0,"1","140","D","1","D","08","D",2400,"D",.,"A",.,"A",,"A",,"A",,"A",,"A",,"A",,"A",,"A",,"A",,"A"
"20133",2640054,1,0,"1","195","D","1","D","06","D",973,"D",.,"A",.,"A",,"A",,"A",,"A",,"A",,"A",,"A",,"A",,"A",,"A"
"20133",2641254,1,0,"1","120","D","1","D","06","D",75,"D",.,"A",.,"A",,"A",,"A",,"A",,"A",,"A",,"A",,"A",,"A",,"A"
"20133",2641274,1,0,"1","100","D","1","D","06","D",450,"D",.,"A",.,"A",,"A",,"A",,"A",,"A",,"A",,"A",,"A",,"A",,"A"
"20133",2641274,2,0,"1","140","D","1","D","06","D",350,"D",.,"A",.,"A",,"A",,"A",,"A",,"A",,"A",,"A",,"A",,"A",,"A"
"20133",2641544,1,0,"2","220","D","1","D","06","D",.,"H",.,"A",.,"H","120","D","100","D","210","D","160","D","220","D","140","D",,"A",,"A",,"A"
"20133",2641544,1,1,"2","100","D","1","D","06","D",1891,"E",.,"A",20,"D",,"A",,"A",,"A",,"A",,"A",,"A",,"A",,"A",,"A"
"20133",2641544,1,2,"2","120","D","1","D","06","D",366,"E",.,"A",.,"A",,"A",,"A",,"A",,"A",,"A",,"A",,"A",,"A",,"A"
"20133",2641544,1,3,"2","140","D","1","D","06","D",1643,"E",.,"A",.,"A",,"A",,"A",,"A",,"A",,"A",,"A",,"A",,"A",,"A"
"20133",2641544,1,4,"2","160","D","1","D","06","D",1050,"E",.,"A",.,"A",,"A",,"A",,"A",,"A",,"A",,"A",,"A",,"A",,"A"
"20133",2641544,1,5,"2","180","D","1","D","06","D",742,"E",.,"A",.,"A",,"A",,"A",,"A",,"A",,"A",,"A",,"A",,"A",,"A"
"20133",2641544,1,6,"2","195","D","1","D","06","D",1208,"E",.,"A",.,"A",,"A",,"A",,"A",,"A",,"A",,"A",,"A",,"A",,"A"
"20133",2643524,1,0,"1","195","D","1","D","08","D",165,"D",.,"A",.,"A",,"A",,"A",,"A",,"A",,"A",,"A",,"A",,"A",,"A"
"20133",2643714,1,0,"1","180","D","1","D","08","D",75,"D",.,"A",.,"A",,"A",,"A",,"A",,"A",,"A",,"A",,"A",,"A",,"A"
"20133",2644004,1,0,"1","180","D","1","D","07","D",300,"D",.,"A",.,"A",,"A",,"A",,"A",,"A",,"A",,"A",,"A",,"A",,"A"
"20133",2644324,1,0,"1","120","D","1","D","08","D",60,"D",.,"A",.,"A",,"A",,"A",,"A",,"A",,"A",,"A",,"A",,"A",,"A"
"20133",2645734,1,0,"1","195","D","1","D","08","D",200,"D",.,"A",.,"A",,"A",,"A",,"A",,"A",,"A",,"A",,"A",,"A",,"A"
"20133",2646334,1,0,"1","120","D","1","D","08","D",75,"D",.,"A",.,"A",,"A",,"A",,"A",,"A",,"A",,"A",,"A",,"A",,"A"
"20133",2646774,1,0,"1","195","D","1","D","07","D",866,"D",.,"A",.,"A",,"A",,"A",,"A",,"A",,"A",,"A",,"A",,"A",,"A"
"20133",2647383,1,0,"1","120","D","1","D","06","D",34,"D",.,"A",.,"A",,"A",,"A",,"A",,"A",,"A",,"A",,"A",,"A",,"A"
"20133",2647803,1,0,"1","195","D","1","D","05","D",1200,"D",.,"A",.,"A",,"A",,"A",,"A",,"A",,"A",,"A",,"A",,"A",,"A"
"20133",2647893,1,0,"1","100","D","1","D","05","D",99,"D",.,"A",.,"A",,"A",,"A",,"A",,"A",,"A",,"A",,"A",,"A",,"A"
"20133",2647993,1,0,"1","180","D","1","D","05","D",100,"D",.,"A",.,"A",,"A",,"A",,"A",,"A",,"A",,"A",,"A",,"A",,"A"
"20133",2648193,1,0,"1","160","D","1","D","06","D",500,"D",.,"A",.,"A",,"A",,"A",,"A",,"A",,"A",,"A",,"A",,"A",,"A"
"20133",2648583,1,0,"1","160","D","3","D","06","D",500,"D",.,"A",.,"A",,"A",,"A",,"A",,"A",,"A",,"A",,"A",,"A",,"A"
"20133",2649073,1,0,"2","120","D","1","D","04","D",90,"D",.,"A",.,"A",,"A",,"A",,"A",,"A",,"A",,"A",,"A",,"A",,"A"
"20133",2649353,1,0,"1","195","D","1","D","06","D",1000,"D",.,"A",.,"A",,"A",,"A",,"A",,"A",,"A",,"A",,"A",,"A",,"A"
"20133",2649633,1,0,"1","140","D","1","D","06","D",2500,"D",.,"A",.,"A",,"A",,"A",,"A",,"A",,"A",,"A",,"A",,"A",,"A"
"20133",2649633,2,0,"1","100","D","1","D","05","D",800,"D",.,"A",.,"A",,"A",,"A",,"A",,"A",,"A",,"A",,"A",,"A",,"A"
"20133",2649913,1,0,"1","140","D","1","D","04","D",800,"D",.,"A",.,"A",,"A",,"A",,"A",,"A",,"A",,"A",,"A",,"A",,"A"
"20133",2649913,2,0,"1","195","D","1","D","04","D",1400,"D",.,"A",.,"A",,"A",,"A",,"A",,"A",,"A",,"A",,"A",,"A",,"A"
"20133",2650313,1,0,"1","100","D","1","D","05","D",195,"D",.,"A",.,"A",,"A",,"A",,"A",,"A",,"A",,"A",,"A",,"A",,"A"
"20133",2650613,1,0,"1","120","D","1","D","06","D",89,"D",.,"A",.,"A",,"A",,"A",,"A",,"A",,"A",,"A",,"A",,"A",,"A"
"20133",2651423,1,0,"1","195","D","3","D","06","D",318,"D",.,"A",.,"A",,"A",,"A",,"A",,"A",,"A",,"A",,"A",,"A",,"A"
"20133",2651613,1,0,"1","195","D","1","D","05","D",381,"D",.,"A",.,"A",,"A",,"A",,"A",,"A",,"A",,"A",,"A",,"A",,"A"
"20133",2651733,1,0,"2","195","D","1","D","04","D",97,"D",.,"A",.,"A",,"A",,"A",,"A",,"A",,"A",,"A",,"A",,"A",,"A"
"20133",2652333,1,0,"1","140","D","3","D","06","D",195,"D",.,"A",.,"A",,"A",,"A",,"A",,"A",,"A",,"A",,"A",,"A",,"A"
"20133",2652803,1,0,"1","120","D","1","D","06","D",59,"D",.,"A",.,"A",,"A",,"A",,"A",,"A",,"A",,"A",,"A",,"A",,"A"
"20133",2653073,1,0,"1","160","D","1","D","06","D",714,"D",.,"A",.,"A",,"A",,"A",,"A",,"A",,"A",,"A",,"A",,"A",,"A"
"20133",2653223,1,0,"1","195","D","1","D","05","D",2400,"D",.,"A",.,"A",,"A",,"A",,"A",,"A",,"A",,"A",,"A",,"A",,"A"
"20133",2653613,1,0,"2","140","D","3","D","04","D",1006,"D",.,"A",.,"A",,"A",,"A",,"A",,"A",,"A",,"A",,"A",,"A",,"A"
"20133",2654213,1,0,"1","140","D","1","D","06","D",2290,"D",.,"A",.,"A",,"A",,"A",,"A",,"A",,"A",,"A",,"A",,"A",,"A"
"20133",2654843,1,0,"1","100","D","1","D","05","D",460,"D",.,"A",.,"A",,"A",,"A",,"A",,"A",,"A",,"A",,"A",,"A",,"A"
"20133",2655063,1,0,"1","120","D","1","D","06","D",86,"D",.,"A",.,"A",,"A",,"A",,"A",,"A",,"A",,"A",,"A",,"A",,"A"
"20133",2655523,1,0,"1","120","D","1","D","06","D",86,"D",.,"A",.,"A",,"A",,"A",,"A",,"A",,"A",,"A",,"A",,"A",,"A"
"20133",2656653,1,0,"1","220","D","1","D","04","D",.,"H",.,"A",.,"A","100","D","210","D","140","D","160","D","180","D","195","D","120","D",,"A",,"A"
"20133",2656653,1,1,"1","100","D","1","D","04","D",397,"E",.,"A",.,"A",,"A",,"A",,"A",,"A",,"A",,"A",,"A",,"A",,"A"
"20133",2656653,1,2,"1","210","D","1","D","04","D",569,"E",.,"A",.,"A",,"A",,"A",,"A",,"A",,"A",,"A",,"A",,"A",,"A"
"20133",2656653,1,3,"1","140","D","1","D","04","D",2425,"E",.,"A",.,"A",,"A",,"A",,"A",,"A",,"A",,"A",,"A",,"A",,"A"
"20133",2656653,1,4,"1","160","D","1","D","04","D",1929,"E",.,"A",.,"A",,"A",,"A",,"A",,"A",,"A",,"A",,"A",,"A",,"A"
"20133",2656653,1,5,"1","195","D","1","D","04","D",1536,"E",.,"A",.,"A",,"A",,"A",,"A",,"A",,"A",,"A",,"A",,"A",,"A"
"20133",2656653,1,6,"1","120","D","1","D","04","D",144,"E",.,"A",.,"A",,"A",,"A",,"A",,"A",,"A",,"A",,"A",,"A",,"A"
"20133",2656973,1,0,"2","160","D","1","D","04","D",125,"D",.,"A",.,"A",,"A",,"A",,"A",,"A",,"A",,"A",,"A",,"A",,"A"
"20133",2656983,1,0,"1","220","D","1","D","06","D",.,"H",.,"A",.,"A","160","D","100","D",,"A",,"A",,"A",,"A",,"A",,"A",,"A"
"20133",2656983,1,1,"1","160","D","1","D","06","D",385,"E",.,"A",.,"A",,"A",,"A",,"A",,"A",,"A",,"A",,"A",,"A",,"A"
"20133",2656983,1,2,"1","100","D","1","D","06","D",615,"E",.,"A",.,"A",,"A",,"A",,"A",,"A",,"A",,"A",,"A",,"A",,"A"
"20133",2657193,1,0,"1","195","D","1","D","06","D",106,"D",.,"A",.,"A",,"A",,"A",,"A",,"A",,"A",,"A",,"A",,"A",,"A"
"20133",2657573,1,0,"1","140","D","1","D","06","D",2300,"D",.,"A",100,"D",,"A",,"A",,"A",,"A",,"A",,"A",,"A",,"A",,"A"
"20133",2658433,1,0,"1","120","D","1","D","05","D",54,"D",.,"A",.,"A",,"A",,"A",,"A",,"A",,"A",,"A",,"A",,"A",,"A"
"20133",2659045,1,0,"1","120","D","1","D","05","D",50,"D",.,"A",.,"A",,"A",,"A",,"A",,"A",,"A",,"A",,"A",,"A",,"A"
"20133",2659183,1,0,"1","100","D","1","D","05","D",1000,"D",.,"A",100,"D",,"A",,"A",,"A",,"A",,"A",,"A",,"A",,"A",,"A"
"20133",2659183,2,0,"1","120","D","1","D","05","D",250,"D",.,"A",.,"A",,"A",,"A",,"A",,"A",,"A",,"A",,"A",,"A",,"A"
"20133",2659343,1,0,"1","195","D","1","D","07","D",1278,"D",.,"A",.,"A",,"A",,"A",,"A",,"A",,"A",,"A",,"A",,"A",,"A"
"20133",2659703,1,0,"1","220","D","2","D",,"A",.,"A",.,"H",.,"A","120","D","140","D",,"A",,"A",,"A",,"A",,"A",,"A",,"A"
"20133",2659703,1,1,"1","140","D","2","D",,"A",.,"A",170,"E",.,"A",,"A",,"A",,"A",,"A",,"A",,"A",,"A",,"A",,"A"
"20133",2659713,1,0,"2","120","D","3","D","05","D",50,"D",.,"A",.,"A",,"A",,"A",,"A",,"A",,"A",,"A",,"A",,"A",,"A"
"20133",2659743,1,0,"1","195","D","1","D","06","D",1600,"D",.,"A",.,"A",,"A",,"A",,"A",,"A",,"A",,"A",,"A",,"A",,"A"
"20133",2660223,1,0,"1","195","D","1","D","05","D",430,"D",.,"A",.,"A",,"A",,"A",,"A",,"A",,"A",,"A",,"A",,"A",,"A"
"20133",2661235,1,0,"2","120","D","1","D","05","D",98,"D",.,"A",.,"A",,"A",,"A",,"A",,"A",,"A",,"A",,"A",,"A",,"A"
"20133",2661943,1,0,"1","120","D","1","D","05","D",87,"D",.,"A",.,"A",,"A",,"A",,"A",,"A",,"A",,"A",,"A",,"A",,"A"
"20133",2662235,1,0,"1","195","D","1","D","05","D",4000,"D",.,"A",30,"F",,"A",,"A",,"A",,"A",,"A",,"A",,"A",,"A",,"A"
"20133",2662243,1,0,"1","120","D","1","D","07","D",120,"D",.,"A",.,"A",,"A",,"A",,"A",,"A",,"A",,"A",,"A",,"A",,"A"
"20133",2662423,1,0,"1","140","D","3","D","06","D",630,"D",.,"A",65,"D",,"A",,"A",,"A",,"A",,"A",,"A",,"A",,"A",,"A"
"20133",2662423,2,0,"1","100","D","3","D","07","D",175,"D",.,"A",.,"A",,"A",,"A",,"A",,"A",,"A",,"A",,"A",,"A",,"A"
"20133",2663493,1,0,"1","195","D","1","D","06","D",325,"F",.,"A",.,"A",,"A",,"A",,"A",,"A",,"A",,"A",,"A",,"A",,"A"
"20133",2663673,1,0,"1","120","D","1","D","06","D",149,"D",.,"A",.,"A",,"A",,"A",,"A",,"A",,"A",,"A",,"A",,"A",,"A"
"20133",2663903,1,0,"1","180","D","1","D","05","D",200,"D",.,"A",.,"A",,"A",,"A",,"A",,"A",,"A",,"A",,"A",,"A",,"A"
"20133",2664123,1,0,"2","140","D","3","D","05","D",500,"D",.,"A",30,"D",,"A",,"A",,"A",,"A",,"A",,"A",,"A",,"A",,"A"
"20133",2664143,1,0,"1","120","D","1","D","07","D",65,"D",.,"A",.,"A",,"A",,"A",,"A",,"A",,"A",,"A",,"A",,"A",,"A"
"20133",2664733,1,0,"1","120","D","3","D","06","D",76,"D",.,"A",.,"A",,"A",,"A",,"A",,"A",,"A",,"A",,"A",,"A",,"A"
"20133",2664733,2,0,"1","140","D","3","D","06","D",97,"D",.,"A",.,"A",,"A",,"A",,"A",,"A",,"A",,"A",,"A",,"A",,"A"
"20133",2665273,1,0,"1","140","D","1","D","07","D",868,"D",.,"A",75,"D",,"A",,"A",,"A",,"A",,"A",,"A",,"A",,"A",,"A"
"20133",2665273,2,0,"1","140","D","1","D","07","D",868,"D",.,"A",1,"D",,"A",,"A",,"A",,"A",,"A",,"A",,"A",,"A",,"A"
"20133",2665633,1,0,"1","120","D","1","D","05","D",60,"D",.,"A",.,"A",,"A",,"A",,"A",,"A",,"A",,"A",,"A",,"A",,"A"
"20133",2666233,1,0,"1","100","D","1","D","05","D",400,"D",.,"A",.,"A",,"A",,"A",,"A",,"A",,"A",,"A",,"A",,"A",,"A"
"20133",2666363,1,0,"1","120","D","1","D","05","D",120,"D",.,"A",.,"A",,"A",,"A",,"A",,"A",,"A",,"A",,"A",,"A",,"A"
"20133",2666363,2,0,"1","140","D","3","D","06","D",229,"D",.,"A",.,"A",,"A",,"A",,"A",,"A",,"A",,"A",,"A",,"A",,"A"
"20133",2667203,1,0,"1","195","D","1","D","07","D",1300,"D",.,"A",.,"A",,"A",,"A",,"A",,"A",,"A",,"A",,"A",,"A",,"A"
"20133",2667533,1,0,"1","140","D","1","D","06","D",43,"D",.,"A",.,"A",,"A",,"A",,"A",,"A",,"A",,"A",,"A",,"A",,"A"
"20133",2667583,1,0,"1","210","D","1","D","07","D",236,"D",.,"A",.,"A",,"A",,"A",,"A",,"A",,"A",,"A",,"A",,"A",,"A"
"20133",2667583,2,0,"1","140","D","1","D","06","D",1240,"D",.,"A",70,"D",,"A",,"A",,"A",,"A",,"A",,"A",,"A",,"A",,"A"
"20133",2667983,1,0,"1","100","D","3","D","07","D",108,"D",.,"A",.,"A",,"A",,"A",,"A",,"A",,"A",,"A",,"A",,"A",,"A"
"20133",2668833,1,0,"1","195","D","1","D","06","D",530,"D",.,"A",.,"A",,"A",,"A",,"A",,"A",,"A",,"A",,"A",,"A",,"A"
"20133",2669523,1,0,"1","120","D","1","D","08","D",69,"D",.,"A",.,"A",,"A",,"A",,"A",,"A",,"A",,"A",,"A",,"A",,"A"
"20133",2669753,1,0,"2","120","D","1","D","06","D",148,"D",.,"A",.,"A",,"A",,"A",,"A",,"A",,"A",,"A",,"A",,"A",,"A"
"20133",2669833,1,0,"1","140","D","1","D","06","D",215,"D",.,"A",.,"A",,"A",,"A",,"A",,"A",,"A",,"A",,"A",,"A",,"A"
"20133",2669853,1,0,"1","180","D","1","D","08","D",180,"D",.,"A",.,"A",,"A",,"A",,"A",,"A",,"A",,"A",,"A",,"A",,"A"
"20133",2670913,1,0,"1","120","D","1","D","08","D",321,"D",.,"A",.,"A",,"A",,"A",,"A",,"A",,"A",,"A",,"A",,"A",,"A"
"20133",2670973,1,0,"1","140","D","1","D","07","D",579,"D",.,"A",.,"A",,"A",,"A",,"A",,"A",,"A",,"A",,"A",,"A",,"A"
"20133",2670993,1,0,"1","195","D","1","D","07","D",500,"D",.,"A",.,"A",,"A",,"A",,"A",,"A",,"A",,"A",,"A",,"A",,"A"
"20133",2671203,1,0,"1","120","D","1","D","07","D",140,"D",.,"A",.,"A",,"A",,"A",,"A",,"A",,"A",,"A",,"A",,"A",,"A"
"20133",2671233,1,0,"1","120","D","1","D","07","D",225,"D",.,"A",.,"A",,"A",,"A",,"A",,"A",,"A",,"A",,"A",,"A",,"A"
"20133",2671293,1,0,"1","120","D","1","D","08","D",120,"D",.,"A",.,"A",,"A",,"A",,"A",,"A",,"A",,"A",,"A",,"A",,"A"
"20133",2671693,1,0,"1","120","D","3","D","08","D",286,"D",.,"A",.,"A",,"A",,"A",,"A",,"A",,"A",,"A",,"A",,"A",,"A"
"20133",2671693,2,0,"1","100","D","3","D","08","D",425,"D",.,"A",50,"F",,"A",,"A",,"A",,"A",,"A",,"A",,"A",,"A",,"A"
"20133",2671693,3,0,"1","195","D","3","D","08","D",800,"D",.,"A",70,"F",,"A",,"A",,"A",,"A",,"A",,"A",,"A",,"A",,"A"
"20133",2671763,1,0,"1","140","D","1","D","07","D",531,"D",.,"A",.,"A",,"A",,"A",,"A",,"A",,"A",,"A",,"A",,"A",,"A"
"20133",2672223,1,0,"1","140","D","1","D","08","D",1000,"D",.,"A",.,"A",,"A",,"A",,"A",,"A",,"A",,"A",,"A",,"A",,"A"
"20133",2673523,1,0,"1","100","D","1","D","08","D",604,"D",.,"A",.,"A",,"A",,"A",,"A",,"A",,"A",,"A",,"A",,"A",,"A"
"20133",2673703,1,0,"1","140","D","1","D","07","D",167,"D",.,"A",.,"A",,"A",,"A",,"A",,"A",,"A",,"A",,"A",,"A",,"A"
"20133",2673733,1,0,"1","120","D","1","D","08","D",220,"D",.,"A",.,"A",,"A",,"A",,"A",,"A",,"A",,"A",,"A",,"A",,"A"
"20133",2674153,1,0,"1","120","D","3","D","08","D",60,"D",.,"A",.,"A",,"A",,"A",,"A",,"A",,"A",,"A",,"A",,"A",,"A"
"20133",2675343,1,0,"1","100","D","1","D","08","D",50,"D",.,"A",.,"A",,"A",,"A",,"A",,"A",,"A",,"A",,"A",,"A",,"A"
"20133",2675553,1,0,"1","140","D","1","D","08","D",450,"D",.,"A",.,"A",,"A",,"A",,"A",,"A",,"A",,"A",,"A",,"A",,"A"
"20133",2675643,1,0,"1","100","D","1","D","08","D",1200,"D",.,"A",.,"A",,"A",,"A",,"A",,"A",,"A",,"A",,"A",,"A",,"A"
"20133",2676343,1,0,"1","100","D","1","D","07","D",651,"D",.,"A",.,"A",,"A",,"A",,"A",,"A",,"A",,"A",,"A",,"A",,"A"
"20133",2676583,1,0,"1","195","D","2","D",,"A",.,"A",74,"D",.,"A",,"A",,"A",,"A",,"A",,"A",,"A",,"A",,"A",,"A"
"20133",2676593,1,0,"1","120","D","1","D","08","D",125,"D",.,"A",.,"A",,"A",,"A",,"A",,"A",,"A",,"A",,"A",,"A",,"A"
"20133",2677383,1,0,"1","140","D","1","D","08","D",177,"D",.,"A",.,"A",,"A",,"A",,"A",,"A",,"A",,"A",,"A",,"A",,"A"
"20133",2677583,1,0,"1","180","D","1","D","08","D",350,"D",.,"A",.,"A",,"A",,"A",,"A",,"A",,"A",,"A",,"A",,"A",,"A"
"20133",2678533,1,0,"1","120","D","1","D","07","D",100,"D",.,"A",.,"A",,"A",,"A",,"A",,"A",,"A",,"A",,"A",,"A",,"A"
"20133",2678533,2,0,"1","140","D","1","D","07","D",1000,"D",.,"A",50,"D",,"A",,"A",,"A",,"A",,"A",,"A",,"A",,"A",,"A"
"20133",2678613,1,0,"1","220","D","1","D","06","D",.,"H",.,"A",.,"H","210","D","100","D",,"A",,"A",,"A",,"A",,"A",,"A",,"A"
"20133",2678613,1,1,"1","100","D","1","D","06","D",4100,"E",.,"A",20,"D",,"A",,"A",,"A",,"A",,"A",,"A",,"A",,"A",,"A"
"20133",2678623,1,0,"1","195","D","1","D","08","D",700,"D",.,"A",.,"A",,"A",,"A",,"A",,"A",,"A",,"A",,"A",,"A",,"A"
"20133",2679153,1,0,"1","140","D","1","D","07","D",225,"D",.,"A",.,"A",,"A",,"A",,"A",,"A",,"A",,"A",,"A",,"A",,"A"
"20133",2679593,1,0,"1","140","D","3","D","07","D",287,"D",.,"A",.,"A",,"A",,"A",,"A",,"A",,"A",,"A",,"A",,"A",,"A"
"20133",2679753,1,0,"1","195","D","1","D","07","D",2036,"D",.,"A",.,"A",,"A",,"A",,"A",,"A",,"A",,"A",,"A",,"A",,"A"
"20133",2679903,1,0,"1","195","D","1","D","07","D",75,"D",.,"A",.,"A",,"A",,"A",,"A",,"A",,"A",,"A",,"A",,"A",,"A"
"20133",2681102,1,0,"1","140","D","1","D","05","D",845,"D",.,"A",.,"A",,"A",,"A",,"A",,"A",,"A",,"A",,"A",,"A",,"A"
"20133",2681152,1,0,"1","120","D","1","D","05","D",100,"D",.,"A",.,"A",,"A",,"A",,"A",,"A",,"A",,"A",,"A",,"A",,"A"
"20133",2681442,1,0,"1","120","D","1","D","06","D",214,"D",.,"A",.,"A",,"A",,"A",,"A",,"A",,"A",,"A",,"A",,"A",,"A"
"20133",2681692,1,0,"2","195","D","1","D","04","D",388,"D",.,"A",50,"D",,"A",,"A",,"A",,"A",,"A",,"A",,"A",,"A",,"A"
"20133",2681772,1,0,"1","120","D","1","D","06","D",67,"D",.,"A",.,"A",,"A",,"A",,"A",,"A",,"A",,"A",,"A",,"A",,"A"
"20133",2682222,1,0,"1","195","D","1","D","05","D",53,"D",.,"A",.,"A",,"A",,"A",,"A",,"A",,"A",,"A",,"A",,"A",,"A"
"20133",2682382,1,0,"1","160","D","1","D","06","D",11,"D",.,"A",.,"A",,"A",,"A",,"A",,"A",,"A",,"A",,"A",,"A",,"A"
"20133",2682432,1,0,"1","120","D","1","D","04","D",309,"D",.,"A",.,"A",,"A",,"A",,"A",,"A",,"A",,"A",,"A",,"A",,"A"
"20133",2682432,2,0,"1","100","D","1","D","04","D",1133,"D",.,"A",.,"A",,"A",,"A",,"A",,"A",,"A",,"A",,"A",,"A",,"A"
"20133",2682432,3,0,"1","195","D","1","D","04","D",1029,"D",.,"A",.,"A",,"A",,"A",,"A",,"A",,"A",,"A",,"A",,"A",,"A"
"20133",2683212,1,0,"2","140","D","1","D","04","D",400,"D",.,"A",.,"A",,"A",,"A",,"A",,"A",,"A",,"A",,"A",,"A",,"A"
"20133",2683292,1,0,"1","120","D","1","D","06","D",30,"D",.,"A",.,"A",,"A",,"A",,"A",,"A",,"A",,"A",,"A",,"A",,"A"
"20133",2683712,1,0,"1","120","D","3","D","05","D",65,"D",.,"A",.,"A",,"A",,"A",,"A",,"A",,"A",,"A",,"A",,"A",,"A"
"20133",2683812,1,0,"1","100","D","1","D","04","D",165,"D",.,"A",.,"A",,"A",,"A",,"A",,"A",,"A",,"A",,"A",,"A",,"A"
"20133",2684752,1,0,"1","195","D","1","D","04","D",81,"D",.,"A",.,"A",,"A",,"A",,"A",,"A",,"A",,"A",,"A",,"A",,"A"
"20133",2684842,1,0,"1","100","D","1","D","06","D",800,"D",.,"A",.,"A",,"A",,"A",,"A",,"A",,"A",,"A",,"A",,"A",,"A"
"20133",2684842,2,0,"2","120","D","1","D","04","D",60,"D",.,"A",.,"A",,"A",,"A",,"A",,"A",,"A",,"A",,"A",,"A",,"A"
"20133",2684842,3,0,"2","140","D","1","D","04","D",100,"D",.,"A",.,"A",,"A",,"A",,"A",,"A",,"A",,"A",,"A",,"A",,"A"
"20133",2685012,1,0,"1","160","D","1","D","05","D",2000,"D",.,"A",169,"D",,"A",,"A",,"A",,"A",,"A",,"A",,"A",,"A",,"A"
"20133",2685322,1,0,"1","195","D","1","D","04","D",852,"D",.,"A",.,"A",,"A",,"A",,"A",,"A",,"A",,"A",,"A",,"A",,"A"
"20133",2685612,1,0,"2","100","D","1","D","04","D",200,"D",.,"A",.,"A",,"A",,"A",,"A",,"A",,"A",,"A",,"A",,"A",,"A"
"20133",2685612,2,0,"2","140","D","1","D","04","D",200,"D",.,"A",.,"A",,"A",,"A",,"A",,"A",,"A",,"A",,"A",,"A",,"A"
"20133",2686292,1,0,"1","195","D","1","D","04","D",1800,"D",.,"A",.,"A",,"A",,"A",,"A",,"A",,"A",,"A",,"A",,"A",,"A"
"20133",2686382,1,0,"1","120","D","1","D","05","D",53,"D",.,"A",.,"A",,"A",,"A",,"A",,"A",,"A",,"A",,"A",,"A",,"A"
"20133",2686642,1,0,"1","195","D","1","D","04","D",400,"D",.,"A",.,"A",,"A",,"A",,"A",,"A",,"A",,"A",,"A",,"A",,"A"
"20133",2687082,1,0,"1","160","D","1","D","04","D",900,"D",.,"A",.,"A",,"A",,"A",,"A",,"A",,"A",,"A",,"A",,"A",,"A"
"20133",2688462,1,0,"1","195","D","1","D","04","D",575,"D",.,"A",.,"A",,"A",,"A",,"A",,"A",,"A",,"A",,"A",,"A",,"A"
"20133",2688812,1,0,"1","120","D","1","D","06","D",46,"D",.,"A",.,"A",,"A",,"A",,"A",,"A",,"A",,"A",,"A",,"A",,"A"
"20133",2688822,1,0,"1","195","D","3","D","05","D",1200,"D",.,"A",15,"D",,"A",,"A",,"A",,"A",,"A",,"A",,"A",,"A",,"A"
"20133",2689122,1,0,"1","195","D","2","D",,"A",.,"A",60,"D",.,"A",,"A",,"A",,"A",,"A",,"A",,"A",,"A",,"A",,"A"
"20133",2689522,1,0,"1","140","D","1","D","05","D",1200,"D",.,"A",.,"A",,"A",,"A",,"A",,"A",,"A",,"A",,"A",,"A",,"A"
"20133",2689864,1,0,"1","120","D","1","D","04","D",450,"D",.,"A",.,"A",,"A",,"A",,"A",,"A",,"A",,"A",,"A",,"A",,"A"
"20133",2689864,2,0,"1","100","D","1","D","04","D",999,"D",.,"A",.,"A",,"A",,"A",,"A",,"A",,"A",,"A",,"A",,"A",,"A"
"20133",2689864,3,0,"1","140","D","1","D","04","D",1500,"D",.,"A",.,"A",,"A",,"A",,"A",,"A",,"A",,"A",,"A",,"A",,"A"
"20133",2689864,4,0,"1","195","D","1","D","04","D",1998,"D",.,"A",.,"A",,"A",,"A",,"A",,"A",,"A",,"A",,"A",,"A",,"A"
"20133",2690432,1,0,"1","100","D","1","D","05","D",371,"D",.,"A",.,"A",,"A",,"A",,"A",,"A",,"A",,"A",,"A",,"A",,"A"
"20133",2690432,2,0,"1","160","D","1","D","05","D",175,"D",.,"A",.,"A",,"A",,"A",,"A",,"A",,"A",,"A",,"A",,"A",,"A"
"20133",2690552,1,0,"1","195","D","1","D","04","D",400,"D",.,"A",.,"A",,"A",,"A",,"A",,"A",,"A",,"A",,"A",,"A",,"A"
"20133",2690812,1,0,"1","120","D","1","D","06","D",249,"D",.,"A",.,"A",,"A",,"A",,"A",,"A",,"A",,"A",,"A",,"A",,"A"
"20133",2692262,1,0,"1","195","D","1","D","07","D",1700,"D",.,"A",99,"F",,"A",,"A",,"A",,"A",,"A",,"A",,"A",,"A",,"A"
"20133",2692542,1,0,"2","100","D","1","D","05","D",550,"D",.,"A",.,"A",,"A",,"A",,"A",,"A",,"A",,"A",,"A",,"A",,"A"
"20133",2692812,1,0,"1","140","D","1","D","05","D",1087,"D",.,"A",.,"A",,"A",,"A",,"A",,"A",,"A",,"A",,"A",,"A",,"A"
"20133",2693102,1,0,"1","195","D","1","D","07","D",780,"D",.,"A",.,"A",,"A",,"A",,"A",,"A",,"A",,"A",,"A",,"A",,"A"
"20133",2693392,1,0,"1","195","D","1","D","06","D",700,"D",.,"A",.,"A",,"A",,"A",,"A",,"A",,"A",,"A",,"A",,"A",,"A"
"20133",2694035,1,0,"1","120","D","1","D","06","D",120,"D",.,"A",.,"A",,"A",,"A",,"A",,"A",,"A",,"A",,"A",,"A",,"A"
"20133",2694212,1,0,"1","120","D","1","D","07","D",100,"D",.,"A",.,"A",,"A",,"A",,"A",,"A",,"A",,"A",,"A",,"A",,"A"
"20133",2694212,2,0,"1","140","D","1","D","06","D",22,"D",.,"A",.,"A",,"A",,"A",,"A",,"A",,"A",,"A",,"A",,"A",,"A"
"20133",2694212,3,0,"2","195","D","1","D","05","D",716,"D",.,"A",.,"A",,"A",,"A",,"A",,"A",,"A",,"A",,"A",,"A",,"A"
"20133",2694522,1,0,"1","120","D","1","D","07","D",81,"D",.,"A",.,"A",,"A",,"A",,"A",,"A",,"A",,"A",,"A",,"A",,"A"
"20133",2695052,1,0,"1","100","D","1","D","05","D",420,"D",.,"A",.,"A",,"A",,"A",,"A",,"A",,"A",,"A",,"A",,"A",,"A"
"20133",2695642,1,0,"1","120","D","1","D","07","D",65,"D",.,"A",.,"A",,"A",,"A",,"A",,"A",,"A",,"A",,"A",,"A",,"A"
"20133",2696322,1,0,"1","195","D","1","D","05","D",650,"D",.,"A",.,"A",,"A",,"A",,"A",,"A",,"A",,"A",,"A",,"A",,"A"
"20133",2696952,1,0,"1","120","D","1","D","07","D",109,"D",.,"A",.,"A",,"A",,"A",,"A",,"A",,"A",,"A",,"A",,"A",,"A"
"20133",2697952,1,0,"1","195","D","1","D","05","D",1100,"D",.,"A",125,"D",,"A",,"A",,"A",,"A",,"A",,"A",,"A",,"A",,"A"
"20133",2698172,1,0,"2","140","D","1","D","05","D",400,"D",.,"A",.,"A",,"A",,"A",,"A",,"A",,"A",,"A",,"A",,"A",,"A"
"20133",2698172,2,0,"2","195","D","1","D","05","D",1500,"D",.,"A",.,"A",,"A",,"A",,"A",,"A",,"A",,"A",,"A",,"A",,"A"
"20133",2698252,1,0,"1","120","D","1","D","06","D",60,"D",.,"A",.,"A",,"A",,"A",,"A",,"A",,"A",,"A",,"A",,"A",,"A"
"20133",2698422,1,0,"1","195","D","1","D","07","D",900,"D",.,"A",.,"A",,"A",,"A",,"A",,"A",,"A",,"A",,"A",,"A",,"A"
"20133",2698422,2,0,"2","195","D","1","D","05","D",900,"D",.,"A",.,"A",,"A",,"A",,"A",,"A",,"A",,"A",,"A",,"A",,"A"
"20133",2699002,1,0,"1","120","D","1","D","06","D",100,"D",.,"A",.,"A",,"A",,"A",,"A",,"A",,"A",,"A",,"A",,"A",,"A"
"20133",2699312,1,0,"2","195","D","1","D","05","D",437,"D",.,"A",.,"A",,"A",,"A",,"A",,"A",,"A",,"A",,"A",,"A",,"A"
"20133",2699332,1,0,"1","195","D","1","D","05","D",1180,"D",.,"A",450,"D",,"A",,"A",,"A",,"A",,"A",,"A",,"A",,"A",,"A"
"20133",2699612,1,0,"1","140","D","1","D","07","D",800,"D",.,"A",.,"A",,"A",,"A",,"A",,"A",,"A",,"A",,"A",,"A",,"A"
"20133",2699642,1,0,"1","140","D","1","D","07","D",500,"D",.,"A",.,"A",,"A",,"A",,"A",,"A",,"A",,"A",,"A",,"A",,"A"
"20133",2700034,1,0,"1","195","D","2","D",,"A",.,"A",20,"D",.,"A",,"A",,"A",,"A",,"A",,"A",,"A",,"A",,"A",,"A"
"20133",2700072,1,0,"1","120","D","1","D","05","D",75,"D",.,"A",.,"A",,"A",,"A",,"A",,"A",,"A",,"A",,"A",,"A",,"A"
"20133",2700142,1,0,"1","140","D","1","D","06","D",80,"D",.,"A",.,"A",,"A",,"A",,"A",,"A",,"A",,"A",,"A",,"A",,"A"
"20133",2700552,1,0,"1","160","D","1","D","06","D",430,"D",.,"A",.,"A",,"A",,"A",,"A",,"A",,"A",,"A",,"A",,"A",,"A"
"20133",2700642,1,0,"1","100","D","1","D","06","D",1200,"D",.,"A",.,"A",,"A",,"A",,"A",,"A",,"A",,"A",,"A",,"A",,"A"
"20133",2700782,1,0,"1","120","D","1","D","06","D",45,"D",.,"A",.,"A",,"A",,"A",,"A",,"A",,"A",,"A",,"A",,"A",,"A"
"20133",2701312,1,0,"1","100","D","1","D","06","D",600,"D",.,"A",.,"A",,"A",,"A",,"A",,"A",,"A",,"A",,"A",,"A",,"A"
"20133",2701592,1,0,"1","195","D","1","D","06","D",500,"D",.,"A",.,"A",,"A",,"A",,"A",,"A",,"A",,"A",,"A",,"A",,"A"
"20133",2701972,1,0,"1","100","D","1","D","06","D",40,"D",.,"A",.,"A",,"A",,"A",,"A",,"A",,"A",,"A",,"A",,"A",,"A"
"20133",2701972,2,0,"1","195","D","1","D","06","D",100,"D",.,"A",.,"A",,"A",,"A",,"A",,"A",,"A",,"A",,"A",,"A",,"A"
"20133",2702042,1,0,"1","140","D","1","D","06","D",550,"D",.,"A",.,"A",,"A",,"A",,"A",,"A",,"A",,"A",,"A",,"A",,"A"
"20133",2702052,1,0,"1","195","D","1","D","06","D",491,"D",.,"A",.,"A",,"A",,"A",,"A",,"A",,"A",,"A",,"A",,"A",,"A"
"20133",2702092,1,0,"1","120","D","1","D","08","D",173,"D",.,"A",.,"A",,"A",,"A",,"A",,"A",,"A",,"A",,"A",,"A",,"A"
"20133",2702662,1,0,"1","140","D","3","D","07","D",177,"D",.,"A",.,"A",,"A",,"A",,"A",,"A",,"A",,"A",,"A",,"A",,"A"
"20133",2702822,1,0,"1","180","D","1","D","06","D",504,"D",.,"A",120,"D",,"A",,"A",,"A",,"A",,"A",,"A",,"A",,"A",,"A"
"20133",2702882,1,0,"1","100","D","1","D","07","D",15,"D",.,"A",.,"A",,"A",,"A",,"A",,"A",,"A",,"A",,"A",,"A",,"A"
"20133",2703512,1,0,"1","120","D","1","D","06","D",220,"D",.,"A",.,"A",,"A",,"A",,"A",,"A",,"A",,"A",,"A",,"A",,"A"
"20133",2704202,1,0,"1","140","D","1","D","08","D",856,"D",.,"A",.,"A",,"A",,"A",,"A",,"A",,"A",,"A",,"A",,"A",,"A"
"20133",2704292,1,0,"1","120","D","1","D","06","D",80,"D",.,"A",.,"A",,"A",,"A",,"A",,"A",,"A",,"A",,"A",,"A",,"A"
"20133",2704682,1,0,"1","195","D","1","D","07","D",70,"D",.,"A",.,"A",,"A",,"A",,"A",,"A",,"A",,"A",,"A",,"A",,"A"
"20133",2704752,1,0,"1","120","D","1","D","07","D",22,"D",.,"A",.,"A",,"A",,"A",,"A",,"A",,"A",,"A",,"A",,"A",,"A"
"20133",2704892,1,0,"1","195","D","1","D","07","D",825,"D",.,"A",70,"F",,"A",,"A",,"A",,"A",,"A",,"A",,"A",,"A",,"A"
"20133",2705252,1,0,"1","195","D","2","D",,"A",.,"A",147,"D",.,"A",,"A",,"A",,"A",,"A",,"A",,"A",,"A",,"A",,"A"
"20133",2705332,1,0,"1","195","D","1","D","06","D",100,"D",.,"A",.,"A",,"A",,"A",,"A",,"A",,"A",,"A",,"A",,"A",,"A"
"20133",2705362,1,0,"2","120","D","1","D","06","D",150,"D",.,"A",.,"A",,"A",,"A",,"A",,"A",,"A",,"A",,"A",,"A",,"A"
"20133",2705522,1,0,"1","120","D","1","D","08","D",60,"D",.,"A",.,"A",,"A",,"A",,"A",,"A",,"A",,"A",,"A",,"A",,"A"
"20133",2706082,1,0,"1","140","D","1","D","06","D",4484,"D",.,"A",.,"A",,"A",,"A",,"A",,"A",,"A",,"A",,"A",,"A",,"A"
"20133",2706082,2,0,"1","100","D","1","D","06","D",5338,"D",.,"A",.,"A",,"A",,"A",,"A",,"A",,"A",,"A",,"A",,"A",,"A"
"20133",2706082,3,0,"1","160","D","1","D","06","D",2349,"D",.,"A",.,"A",,"A",,"A",,"A",,"A",,"A",,"A",,"A",,"A",,"A"
"20133",2706082,4,0,"1","120","D","1","D","06","D",1922,"D",.,"A",.,"A",,"A",,"A",,"A",,"A",,"A",,"A",,"A",,"A",,"A"
"20133",2706132,1,0,"2","195","D","1","D","06","D",212,"D",.,"A",.,"A",,"A",,"A",,"A",,"A",,"A",,"A",,"A",,"A",,"A"
"20133",2706732,1,0,"1","140","D","1","D","06","D",1100,"D",.,"A",.,"A",,"A",,"A",,"A",,"A",,"A",,"A",,"A",,"A",,"A"
"20133",2706972,1,0,"1","195","D","1","D","07","D",570,"D",.,"A",.,"A",,"A",,"A",,"A",,"A",,"A",,"A",,"A",,"A",,"A"
"20133",2707292,1,0,"1","195","D","1","D","07","D",300,"D",.,"A",.,"A",,"A",,"A",,"A",,"A",,"A",,"A",,"A",,"A",,"A"
"20133",2707842,1,0,"1","120","D","1","D","07","D",40,"D",.,"A",.,"A",,"A",,"A",,"A",,"A",,"A",,"A",,"A",,"A",,"A"
"20133",2708342,1,0,"1","220","D","1","D","08","D",.,"H",.,"A",.,"A","140","D","210","D","100","D","160","D","120","D",,"A",,"A",,"A",,"A"
"20133",2708342,1,1,"1","120","D","1","D","08","D",5500,"E",.,"A",.,"A",,"A",,"A",,"A",,"A",,"A",,"A",,"A",,"A",,"A"
"20133",2708492,1,0,"1","195","D","1","D","06","D",596,"D",.,"A",.,"A",,"A",,"A",,"A",,"A",,"A",,"A",,"A",,"A",,"A"
"20133",2709642,1,0,"1","195","D","1","D","07","D",480,"D",.,"A",.,"A",,"A",,"A",,"A",,"A",,"A",,"A",,"A",,"A",,"A"
"20133",2709732,1,0,"1","195","D","1","D","08","D",150,"D",.,"A",.,"A",,"A",,"A",,"A",,"A",,"A",,"A",,"A",,"A",,"A"
"20133",2711222,1,0,"1","120","D","1","D","07","D",368,"D",.,"A",.,"A",,"A",,"A",,"A",,"A",,"A",,"A",,"A",,"A",,"A"
"20133",2711272,1,0,"1","195","D","1","D","06","D",1100,"D",.,"A",.,"A",,"A",,"A",,"A",,"A",,"A",,"A",,"A",,"A",,"A"
"20133",2712342,1,0,"1","120","D","1","D","06","D",70,"D",.,"A",.,"A",,"A",,"A",,"A",,"A",,"A",,"A",,"A",,"A",,"A"
"20133",2712962,1,0,"1","160","D","1","D","07","D",300,"F",.,"A",.,"A",,"A",,"A",,"A",,"A",,"A",,"A",,"A",,"A",,"A"
"20133",2714875,1,0,"1","195","D","1","D","06","D",400,"D",.,"A",.,"A",,"A",,"A",,"A",,"A",,"A",,"A",,"A",,"A",,"A"
"20133",2715424,1,0,"1","120","D","1","D","06","D",55,"D",.,"A",.,"A",,"A",,"A",,"A",,"A",,"A",,"A",,"A",,"A",,"A"
"20133",2717393,1,0,"1","120","D","1","D","04","D",40,"D",.,"A",.,"A",,"A",,"A",,"A",,"A",,"A",,"A",,"A",,"A",,"A"
"20133",2718323,1,0,"1","140","D","1","D","04","D",2407,"D",.,"A",.,"A",,"A",,"A",,"A",,"A",,"A",,"A",,"A",,"A",,"A"
"20133",2718553,1,0,"1","195","D","1","D","05","D",300,"D",.,"A",.,"A",,"A",,"A",,"A",,"A",,"A",,"A",,"A",,"A",,"A"
"20133",2719195,1,0,"1","120","D","1","D","05","D",80,"D",.,"A",.,"A",,"A",,"A",,"A",,"A",,"A",,"A",,"A",,"A",,"A"
"20133",2719195,2,0,"1","195","D","1","D","05","D",300,"D",.,"A",.,"A",,"A",,"A",,"A",,"A",,"A",,"A",,"A",,"A",,"A"
"20133",2720605,1,0,"1","120","D","1","D","04","D",10,"D",.,"A",.,"A",,"A",,"A",,"A",,"A",,"A",,"A",,"A",,"A",,"A"
"20133",2720605,2,0,"1","140","D","1","D","05","D",50,"D",.,"A",.,"A",,"A",,"A",,"A",,"A",,"A",,"A",,"A",,"A",,"A"
"20133",2721814,1,0,"1","140","D","1","D","04","D",120,"D",.,"A",.,"A",,"A",,"A",,"A",,"A",,"A",,"A",,"A",,"A",,"A"
"20133",2724343,1,0,"1","220","D","1","D","06","D",.,"H",.,"A",.,"A","100","D","120","D",,"A",,"A",,"A",,"A",,"A",,"A",,"A"
"20133",2724343,1,1,"1","100","D","1","D","06","D",837,"E",.,"A",.,"A",,"A",,"A",,"A",,"A",,"A",,"A",,"A",,"A",,"A"
"20133",2724343,1,2,"1","120","D","1","D","06","D",163,"E",.,"A",.,"A",,"A",,"A",,"A",,"A",,"A",,"A",,"A",,"A",,"A"
"20133",2724654,1,0,"1","195","D","1","D","04","D",1200,"D",.,"A",.,"A",,"A",,"A",,"A",,"A",,"A",,"A",,"A",,"A",,"A"
"20133",2724665,1,0,"1","195","D","1","D","05","D",824,"D",.,"A",70,"D",,"A",,"A",,"A",,"A",,"A",,"A",,"A",,"A",,"A"
"20133",2727304,1,0,"1","195","D","1","D","07","D",1329,"D",.,"A",.,"A",,"A",,"A",,"A",,"A",,"A",,"A",,"A",,"A",,"A"
"20133",2727775,1,0,"1","195","D","2","D",,"A",.,"A",558,"D",.,"A",,"A",,"A",,"A",,"A",,"A",,"A",,"A",,"A",,"A"
"20133",2728022,1,0,"1","140","D","1","D","05","D",1300,"D",.,"A",.,"A",,"A",,"A",,"A",,"A",,"A",,"A",,"A",,"A",,"A"
"20133",2730843,1,0,"1","180","D","1","D","05","D",200,"D",.,"A",.,"A",,"A",,"A",,"A",,"A",,"A",,"A",,"A",,"A",,"A"
"20133",2731362,1,0,"1","120","D","1","D","07","D",54,"D",.,"A",.,"A",,"A",,"A",,"A",,"A",,"A",,"A",,"A",,"A",,"A"
"20133",2731894,1,0,"1","120","D","1","D","06","D",49,"D",.,"A",.,"A",,"A",,"A",,"A",,"A",,"A",,"A",,"A",,"A",,"A"
"20133",2731903,1,0,"1","195","D","1","D","05","D",636,"D",.,"A",.,"A",,"A",,"A",,"A",,"A",,"A",,"A",,"A",,"A",,"A"
"20133",2732374,1,0,"1","140","D","1","D","07","D",150,"D",.,"A",.,"A",,"A",,"A",,"A",,"A",,"A",,"A",,"A",,"A",,"A"
"20133",2732674,1,0,"1","120","D","1","D","05","D",50,"D",.,"A",.,"A",,"A",,"A",,"A",,"A",,"A",,"A",,"A",,"A",,"A"
"20133",2732674,2,0,"1","140","D","1","D","05","D",400,"D",.,"A",.,"A",,"A",,"A",,"A",,"A",,"A",,"A",,"A",,"A",,"A"
"20133",2735464,1,0,"1","120","D","1","D","07","D",150,"D",.,"A",.,"A",,"A",,"A",,"A",,"A",,"A",,"A",,"A",,"A",,"A"
"20133",2736892,1,0,"1","120","D","1","D","06","D",69,"D",.,"A",.,"A",,"A",,"A",,"A",,"A",,"A",,"A",,"A",,"A",,"A"
"20133",2737264,1,0,"1","140","D","1","D","08","D",1100,"D",.,"A",.,"A",,"A",,"A",,"A",,"A",,"A",,"A",,"A",,"A",,"A"
"20133",2738975,1,0,"1","220","D","1","D","06","D",.,"H",.,"A",.,"H","140","D","100","D",,"A",,"A",,"A",,"A",,"A",,"A",,"A"
"20133",2738975,1,1,"1","140","D","1","D","06","D",106,"E",.,"A",.,"A",,"A",,"A",,"A",,"A",,"A",,"A",,"A",,"A",,"A"
"20133",2738975,1,2,"1","100","D","1","D","06","D",265,"E",.,"A",20,"D",,"A",,"A",,"A",,"A",,"A",,"A",,"A",,"A",,"A"
"20133",2740625,1,0,"1","120","D","1","D","07","D",200,"D",.,"A",.,"A",,"A",,"A",,"A",,"A",,"A",,"A",,"A",,"A",,"A"
"20133",2740625,2,0,"1","140","D","1","D","08","D",271,"D",.,"A",.,"A",,"A",,"A",,"A",,"A",,"A",,"A",,"A",,"A",,"A"
"20133",2742812,1,0,"1","120","D","1","D","07","D",40,"D",.,"A",.,"A",,"A",,"A",,"A",,"A",,"A",,"A",,"A",,"A",,"A"
"20133",2743083,1,0,"1","120","D","1","D","08","D",43,"D",.,"A",.,"A",,"A",,"A",,"A",,"A",,"A",,"A",,"A",,"A",,"A"
"20133",2743634,1,0,"1","195","D","1","D","08","D",40,"D",.,"A",.,"A",,"A",,"A",,"A",,"A",,"A",,"A",,"A",,"A",,"A"
"20133",2745635,1,0,"1","140","D","1","D","08","D",400,"D",.,"A",.,"A",,"A",,"A",,"A",,"A",,"A",,"A",,"A",,"A",,"A"
"20133",2745635,2,0,"1","100","D","1","D","08","D",450,"D",.,"A",.,"A",,"A",,"A",,"A",,"A",,"A",,"A",,"A",,"A",,"A"
"20133",2746553,1,0,"1","120","D","1","D","06","D",87,"D",.,"A",.,"A",,"A",,"A",,"A",,"A",,"A",,"A",,"A",,"A",,"A"
"20133",2746553,2,0,"1","100","D","1","D","06","D",200,"D",.,"A",.,"A",,"A",,"A",,"A",,"A",,"A",,"A",,"A",,"A",,"A"
"20133",2746553,3,0,"1","140","D","1","D","06","D",200,"D",.,"A",.,"A",,"A",,"A",,"A",,"A",,"A",,"A",,"A",,"A",,"A"
"20134",2612895,1,0,"1","195","D","1","D","07","D",420,"D",.,"A",.,"A",,"A",,"A",,"A",,"A",,"A",,"A",,"A",,"A",,"A"
"20134",2613495,1,0,"1","120","D","3","D","09","D",68,"D",.,"A",.,"A",,"A",,"A",,"A",,"A",,"A",,"A",,"A",,"A",,"A"
"20134",2614255,1,0,"1","100","D","1","D","08","D",200,"D",.,"A",.,"A",,"A",,"A",,"A",,"A",,"A",,"A",,"A",,"A",,"A"
"20134",2614255,2,0,"2","120","D","1","D","07","D",250,"D",.,"A",.,"A",,"A",,"A",,"A",,"A",,"A",,"A",,"A",,"A",,"A"
"20134",2614325,1,0,"2","195","D","1","D","07","D",1700,"D",.,"A",.,"A",,"A",,"A",,"A",,"A",,"A",,"A",,"A",,"A",,"A"
"20134",2614515,1,0,"1","195","D","1","D","08","D",107,"D",.,"A",.,"A",,"A",,"A",,"A",,"A",,"A",,"A",,"A",,"A",,"A"
"20134",2615335,1,0,"2","195","D","1","D","07","D",1500,"D",.,"A",80,"D",,"A",,"A",,"A",,"A",,"A",,"A",,"A",,"A",,"A"
"20134",2615415,1,0,"1","140","D","1","D","09","D",500,"D",.,"A",.,"A",,"A",,"A",,"A",,"A",,"A",,"A",,"A",,"A",,"A"
"20134",2616015,1,0,"1","100","D","1","D","07","D",1628,"D",.,"A",120,"D",,"A",,"A",,"A",,"A",,"A",,"A",,"A",,"A",,"A"
"20134",2616125,1,0,"1","100","D","1","D","09","D",1000,"D",.,"A",.,"A",,"A",,"A",,"A",,"A",,"A",,"A",,"A",,"A",,"A"
"20134",2616135,1,0,"1","140","D","3","D","08","D",100,"D",.,"A",.,"A",,"A",,"A",,"A",,"A",,"A",,"A",,"A",,"A",,"A"
"20134",2616215,1,0,"2","120","D","1","D","07","D",82,"D",.,"A",.,"A",,"A",,"A",,"A",,"A",,"A",,"A",,"A",,"A",,"A"
"20134",2616355,1,0,"2","120","D","1","D","07","D",49,"D",.,"A",.,"A",,"A",,"A",,"A",,"A",,"A",,"A",,"A",,"A",,"A"
"20134",2616665,1,0,"1","195","D","1","D","09","D",2710,"D",.,"A",.,"A",,"A",,"A",,"A",,"A",,"A",,"A",,"A",,"A",,"A"
"20134",2617125,1,0,"1","160","D","3","D","07","D",300,"D",.,"A",.,"A",,"A",,"A",,"A",,"A",,"A",,"A",,"A",,"A",,"A"
"20134",2617225,1,0,"1","160","D","1","D","07","D",648,"D",.,"A",.,"A",,"A",,"A",,"A",,"A",,"A",,"A",,"A",,"A",,"A"
"20134",2617585,1,0,"1","140","D","1","D","09","D",1700,"D",.,"A",.,"A",,"A",,"A",,"A",,"A",,"A",,"A",,"A",,"A",,"A"
"20134",2617895,1,0,"2","195","D","1","D","07","D",862,"D",.,"A",.,"A",,"A",,"A",,"A",,"A",,"A",,"A",,"A",,"A",,"A"
"20134",2619305,1,0,"1","100","D","1","D","09","D",2400,"D",.,"A",.,"A",,"A",,"A",,"A",,"A",,"A",,"A",,"A",,"A",,"A"
"20134",2619305,2,0,"1","195","D","1","D","09","D",1200,"D",.,"A",.,"A",,"A",,"A",,"A",,"A",,"A",,"A",,"A",,"A",,"A"
"20134",2620765,1,0,"2","120","D","1","D","07","D",128,"D",.,"A",.,"A",,"A",,"A",,"A",,"A",,"A",,"A",,"A",,"A",,"A"
"20134",2622675,1,0,"1","120","D","1","D","08","D",43,"D",.,"A",.,"A",,"A",,"A",,"A",,"A",,"A",,"A",,"A",,"A",,"A"
"20134",2622875,1,0,"1","195","D","1","D","09","D",150,"D",.,"A",.,"A",,"A",,"A",,"A",,"A",,"A",,"A",,"A",,"A",,"A"
"20134",2623135,1,0,"1","100","D","1","D","09","D",523,"D",.,"A",.,"A",,"A",,"A",,"A",,"A",,"A",,"A",,"A",,"A",,"A"
"20134",2623525,1,0,"1","210","D","1","D","09","D",80,"D",.,"A",.,"A",,"A",,"A",,"A",,"A",,"A",,"A",,"A",,"A",,"A"
"20134",2624945,1,0,"1","195","D","1","D","10","D",980,"D",.,"A",45,"D",,"A",,"A",,"A",,"A",,"A",,"A",,"A",,"A",,"A"
"20134",2625095,1,0,"2","160","D","1","D","08","D",523,"D",.,"A",.,"A",,"A",,"A",,"A",,"A",,"A",,"A",,"A",,"A",,"A"
"20134",2625335,1,0,"1","195","D","1","D","09","D",649,"D",.,"A",.,"A",,"A",,"A",,"A",,"A",,"A",,"A",,"A",,"A",,"A"
"20134",2625465,1,0,"1","140","D","1","D","10","D",189,"D",.,"A",.,"A",,"A",,"A",,"A",,"A",,"A",,"A",,"A",,"A",,"A"
"20134",2625645,1,0,"1","195","D","1","D","10","D",325,"D",.,"A",.,"A",,"A",,"A",,"A",,"A",,"A",,"A",,"A",,"A",,"A"
"20134",2625945,1,0,"1","220","D","1","D","09","D",.,"H",.,"A",.,"A","210","D","160","D","100","D",,"A",,"A",,"A",,"A",,"A",,"A"
"20134",2625945,1,1,"1","210","D","1","D","09","D",212,"E",.,"A",.,"A",,"A",,"A",,"A",,"A",,"A",,"A",,"A",,"A",,"A"
"20134",2625945,1,2,"1","160","D","1","D","09","D",1144,"E",.,"A",.,"A",,"A",,"A",,"A",,"A",,"A",,"A",,"A",,"A",,"A"
"20134",2625945,1,3,"1","100","D","1","D","09","D",1144,"E",.,"A",.,"A",,"A",,"A",,"A",,"A",,"A",,"A",,"A",,"A",,"A"
"20134",2627005,1,0,"1","100","D","1","D","09","D",700,"D",.,"A",.,"A",,"A",,"A",,"A",,"A",,"A",,"A",,"A",,"A",,"A"
"20134",2627525,1,0,"1","120","D","1","D","10","D",54,"D",.,"A",.,"A",,"A",,"A",,"A",,"A",,"A",,"A",,"A",,"A",,"A"
"20134",2628345,1,0,"1","140","D","3","D","08","D",200,"D",.,"A",.,"A",,"A",,"A",,"A",,"A",,"A",,"A",,"A",,"A",,"A"
"20134",2628815,1,0,"1","120","D","1","D","10","D",46,"D",.,"A",.,"A",,"A",,"A",,"A",,"A",,"A",,"A",,"A",,"A",,"A"
"20134",2628985,1,0,"1","195","D","1","D","09","D",65,"D",.,"A",.,"A",,"A",,"A",,"A",,"A",,"A",,"A",,"A",,"A",,"A"
"20134",2629035,1,0,"1","140","D","1","D","10","D",880,"D",.,"A",.,"A",,"A",,"A",,"A",,"A",,"A",,"A",,"A",,"A",,"A"
"20134",2629035,2,0,"1","120","D","1","D","10","D",260,"D",.,"A",.,"A",,"A",,"A",,"A",,"A",,"A",,"A",,"A",,"A",,"A"
"20134",2629555,1,0,"1","140","D","1","D","09","D",600,"D",.,"A",.,"A",,"A",,"A",,"A",,"A",,"A",,"A",,"A",,"A",,"A"
"20134",2629585,1,0,"1","100","D","1","D","09","D",1200,"D",.,"A",100,"D",,"A",,"A",,"A",,"A",,"A",,"A",,"A",,"A",,"A"
"20134",2629975,1,0,"1","120","D","1","D","10","D",106,"D",.,"A",.,"A",,"A",,"A",,"A",,"A",,"A",,"A",,"A",,"A",,"A"
"20134",2630525,1,0,"1","140","D","1","D","10","D",586,"D",.,"A",.,"A",,"A",,"A",,"A",,"A",,"A",,"A",,"A",,"A",,"A"
"20134",2630635,1,0,"1","220","D","2","D",,"A",.,"A",.,"H",.,"A","140","D","100","D",,"A",,"A",,"A",,"A",,"A",,"A",,"A"
"20134",2630635,1,1,"1","140","D","2","D",,"A",.,"A",93,"E",.,"A",,"A",,"A",,"A",,"A",,"A",,"A",,"A",,"A",,"A"
"20134",2630635,1,2,"1","100","D","2","D",,"A",.,"A",74,"E",.,"A",,"A",,"A",,"A",,"A",,"A",,"A",,"A",,"A",,"A"
"20134",2630635,2,0,"1","220","D","2","D",,"A",.,"A",.,"H",.,"A","140","D","100","D",,"A",,"A",,"A",,"A",,"A",,"A",,"A"
"20134",2630635,2,1,"1","140","D","2","D",,"A",.,"A",93,"E",.,"A",,"A",,"A",,"A",,"A",,"A",,"A",,"A",,"A",,"A"
"20134",2630635,2,2,"1","100","D","2","D",,"A",.,"A",74,"E",.,"A",,"A",,"A",,"A",,"A",,"A",,"A",,"A",,"A",,"A"
"20134",2630635,3,0,"1","100","D","2","D",,"A",.,"A",71,"D",.,"A",,"A",,"A",,"A",,"A",,"A",,"A",,"A",,"A",,"A"
"20134",2630855,1,0,"1","180","D","1","D","10","D",125,"D",.,"A",.,"A",,"A",,"A",,"A",,"A",,"A",,"A",,"A",,"A",,"A"
"20134",2631225,1,0,"1","120","D","1","D","09","D",150,"D",.,"A",.,"A",,"A",,"A",,"A",,"A",,"A",,"A",,"A",,"A",,"A"
"20134",2632035,1,0,"2","140","D","1","D","08","D",2000,"D",.,"A",.,"A",,"A",,"A",,"A",,"A",,"A",,"A",,"A",,"A",,"A"
"20134",2632635,1,0,"1","120","D","1","D","09","D",99,"D",.,"A",.,"A",,"A",,"A",,"A",,"A",,"A",,"A",,"A",,"A",,"A"
"20134",2633195,1,0,"1","120","D","1","D","10","D",152,"D",.,"A",.,"A",,"A",,"A",,"A",,"A",,"A",,"A",,"A",,"A",,"A"
"20134",2633895,1,0,"1","140","D","1","D","08","D",500,"D",.,"A",.,"A",,"A",,"A",,"A",,"A",,"A",,"A",,"A",,"A",,"A"
"20134",2634345,1,0,"1","140","D","1","D","10","D",1192,"D",.,"A",.,"A",,"A",,"A",,"A",,"A",,"A",,"A",,"A",,"A",,"A"
"20134",2634395,1,0,"1","140","D","1","D","09","D",840,"D",.,"A",.,"A",,"A",,"A",,"A",,"A",,"A",,"A",,"A",,"A",,"A"
"20134",2635335,1,0,"2","180","D","1","D","08","D",150,"D",.,"A",.,"A",,"A",,"A",,"A",,"A",,"A",,"A",,"A",,"A",,"A"
"20134",2636105,1,0,"1","120","D","1","D","11","D",214,"D",.,"A",.,"A",,"A",,"A",,"A",,"A",,"A",,"A",,"A",,"A",,"A"
"20134",2636105,2,0,"1","160","D","1","D","11","D",428,"D",.,"A",.,"A",,"A",,"A",,"A",,"A",,"A",,"A",,"A",,"A",,"A"
"20134",2636235,1,0,"1","120","D","1","D","11","D",150,"D",.,"A",.,"A",,"A",,"A",,"A",,"A",,"A",,"A",,"A",,"A",,"A"
"20134",2636485,1,0,"1","195","D","1","D","11","D",615,"D",.,"A",125,"D",,"A",,"A",,"A",,"A",,"A",,"A",,"A",,"A",,"A"
"20134",2636975,1,0,"1","100","D","1","D","10","D",686,"D",.,"A",.,"A",,"A",,"A",,"A",,"A",,"A",,"A",,"A",,"A",,"A"
"20134",2637535,1,0,"1","120","D","1","D","11","D",100,"D",.,"A",.,"A",,"A",,"A",,"A",,"A",,"A",,"A",,"A",,"A",,"A"
"20134",2637715,1,0,"1","120","D","1","D","11","D",927,"D",.,"A",.,"A",,"A",,"A",,"A",,"A",,"A",,"A",,"A",,"A",,"A"
"20134",2637715,2,0,"1","100","D","1","D","11","D",4429,"D",.,"A",.,"A",,"A",,"A",,"A",,"A",,"A",,"A",,"A",,"A",,"A"
"20134",2638205,1,0,"1","140","D","1","D","09","D",1411,"D",.,"A",70,"D",,"A",,"A",,"A",,"A",,"A",,"A",,"A",,"A",,"A"
"20134",2638205,2,0,"1","195","D","1","D","09","D",1000,"D",.,"A",.,"A",,"A",,"A",,"A",,"A",,"A",,"A",,"A",,"A",,"A"
"20134",2638245,1,0,"1","180","D","1","D","11","D",95,"D",.,"A",.,"A",,"A",,"A",,"A",,"A",,"A",,"A",,"A",,"A",,"A"
"20134",2638345,1,0,"2","140","D","1","D","09","D",1000,"D",.,"A",.,"A",,"A",,"A",,"A",,"A",,"A",,"A",,"A",,"A",,"A"
"20134",2638685,1,0,"1","140","D","1","D","10","D",150,"D",.,"A",.,"A",,"A",,"A",,"A",,"A",,"A",,"A",,"A",,"A",,"A"
"20134",2638855,1,0,"2","140","D","1","D","09","D",400,"D",.,"A",.,"A",,"A",,"A",,"A",,"A",,"A",,"A",,"A",,"A",,"A"
"20134",2639245,1,0,"1","160","D","1","D","10","D",400,"D",.,"A",.,"A",,"A",,"A",,"A",,"A",,"A",,"A",,"A",,"A",,"A"
"20134",2639245,2,0,"1","180","D","1","D","09","D",200,"D",.,"A",.,"A",,"A",,"A",,"A",,"A",,"A",,"A",,"A",,"A",,"A"
"20134",2639905,1,0,"1","120","D","1","D","11","D",120,"D",.,"A",.,"A",,"A",,"A",,"A",,"A",,"A",,"A",,"A",,"A",,"A"
"20134",2640015,1,0,"1","140","D","1","D","09","D",1000,"D",.,"A",.,"A",,"A",,"A",,"A",,"A",,"A",,"A",,"A",,"A",,"A"
"20134",2641085,1,0,"1","210","D","1","D","11","D",400,"D",.,"A",.,"A",,"A",,"A",,"A",,"A",,"A",,"A",,"A",,"A",,"A"
"20134",2641085,2,0,"1","140","D","1","D","11","D",400,"D",.,"A",.,"A",,"A",,"A",,"A",,"A",,"A",,"A",,"A",,"A",,"A"
"20134",2641125,1,0,"1","140","D","1","D","10","D",2100,"D",.,"A",65,"D",,"A",,"A",,"A",,"A",,"A",,"A",,"A",,"A",,"A"
"20134",2641125,2,0,"1","160","D","1","D","11","D",1100,"D",.,"A",65,"D",,"A",,"A",,"A",,"A",,"A",,"A",,"A",,"A",,"A"
"20134",2641505,1,0,"1","160","D","1","D","11","D",750,"D",.,"A",100,"D",,"A",,"A",,"A",,"A",,"A",,"A",,"A",,"A",,"A"
"20134",2641545,1,0,"1","220","D","1","D","10","D",.,"H",.,"A",.,"A","160","D","120","D",,"A",,"A",,"A",,"A",,"A",,"A",,"A"
"20134",2641545,1,1,"1","100","D","1","D","10","D",700,"F",.,"A",.,"A",,"A",,"A",,"A",,"A",,"A",,"A",,"A",,"A",,"A"
"20134",2641545,1,2,"1","160","D","1","D","10","D",600,"F",.,"A",.,"A",,"A",,"A",,"A",,"A",,"A",,"A",,"A",,"A",,"A"
"20134",2641985,1,0,"2","160","D","1","D","09","D",450,"D",.,"A",.,"A",,"A",,"A",,"A",,"A",,"A",,"A",,"A",,"A",,"A"
"20134",2642495,1,0,"1","120","D","1","D","11","D",112,"D",.,"A",.,"A",,"A",,"A",,"A",,"A",,"A",,"A",,"A",,"A",,"A"
"20134",2642495,2,0,"1","140","D","1","D","11","D",95,"D",.,"A",.,"A",,"A",,"A",,"A",,"A",,"A",,"A",,"A",,"A",,"A"
"20134",2642495,3,0,"1","100","D","1","D","11","D",265,"D",.,"A",.,"A",,"A",,"A",,"A",,"A",,"A",,"A",,"A",,"A",,"A"
"20134",2642695,1,0,"1","140","D","1","D","11","D",50,"D",.,"A",.,"A",,"A",,"A",,"A",,"A",,"A",,"A",,"A",,"A",,"A"
"20134",2642985,1,0,"2","195","D","1","D","09","D",1300,"D",.,"A",.,"A",,"A",,"A",,"A",,"A",,"A",,"A",,"A",,"A",,"A"
"20134",2643125,1,0,"1","140","D","1","D","11","D",175,"D",.,"A",.,"A",,"A",,"A",,"A",,"A",,"A",,"A",,"A",,"A",,"A"
"20134",2643865,1,0,"1","195","D","1","D","09","D",465,"D",.,"A",.,"A",,"A",,"A",,"A",,"A",,"A",,"A",,"A",,"A",,"A"
"20134",2643895,1,0,"1","210","D","1","D","11","D",615,"D",.,"A",.,"A",,"A",,"A",,"A",,"A",,"A",,"A",,"A",,"A",,"A"
"20134",2644415,1,0,"1","120","D","1","D","09","D",285,"D",.,"A",.,"A",,"A",,"A",,"A",,"A",,"A",,"A",,"A",,"A",,"A"
"20134",2644525,1,0,"1","160","D","1","D","09","D",400,"D",.,"A",.,"A",,"A",,"A",,"A",,"A",,"A",,"A",,"A",,"A",,"A"
"20134",2646315,1,0,"1","195","D","1","D","10","D",27,"D",.,"A",.,"A",,"A",,"A",,"A",,"A",,"A",,"A",,"A",,"A",,"A"
"20134",2646315,2,0,"2","140","D","1","D","09","D",529,"D",.,"A",.,"A",,"A",,"A",,"A",,"A",,"A",,"A",,"A",,"A",,"A"
"20134",2646345,1,0,"2","120","D","1","D","09","D",80,"D",.,"A",.,"A",,"A",,"A",,"A",,"A",,"A",,"A",,"A",,"A",,"A"
"20134",2646365,1,0,"1","120","D","1","D","09","D",140,"D",.,"A",.,"A",,"A",,"A",,"A",,"A",,"A",,"A",,"A",,"A",,"A"
"20134",2647144,1,0,"1","140","D","1","D","07","D",899,"D",.,"A",.,"A",,"A",,"A",,"A",,"A",,"A",,"A",,"A",,"A",,"A"
"20134",2647184,1,0,"1","195","D","1","D","08","D",748,"D",.,"A",.,"A",,"A",,"A",,"A",,"A",,"A",,"A",,"A",,"A",,"A"
"20134",2648014,1,0,"2","140","D","1","D","07","D",100,"D",.,"A",.,"A",,"A",,"A",,"A",,"A",,"A",,"A",,"A",,"A",,"A"
"20134",2648104,1,0,"1","140","D","1","D","08","D",2400,"D",.,"A",.,"A",,"A",,"A",,"A",,"A",,"A",,"A",,"A",,"A",,"A"
"20134",2648454,1,0,"2","140","D","1","D","07","D",1100,"D",.,"A",.,"A",,"A",,"A",,"A",,"A",,"A",,"A",,"A",,"A",,"A"
"20134",2648604,1,0,"1","195","D","1","D","08","D",75,"D",.,"A",.,"A",,"A",,"A",,"A",,"A",,"A",,"A",,"A",,"A",,"A"
"20134",2649094,1,0,"1","140","D","1","D","08","D",26,"D",.,"A",.,"A",,"A",,"A",,"A",,"A",,"A",,"A",,"A",,"A",,"A"
"20134",2649274,1,0,"1","120","D","1","D","09","D",125,"D",.,"A",.,"A",,"A",,"A",,"A",,"A",,"A",,"A",,"A",,"A",,"A"
"20134",2650184,1,0,"1","160","D","1","D","08","D",300,"D",.,"A",100,"D",,"A",,"A",,"A",,"A",,"A",,"A",,"A",,"A",,"A"
"20134",2650734,1,0,"2","140","D","1","D","07","D",424,"D",.,"A",.,"A",,"A",,"A",,"A",,"A",,"A",,"A",,"A",,"A",,"A"
"20134",2651184,1,0,"1","180","D","1","D","07","D",115,"D",.,"A",.,"A",,"A",,"A",,"A",,"A",,"A",,"A",,"A",,"A",,"A"
"20134",2651224,1,0,"1","195","D","1","D","09","D",690,"D",.,"A",.,"A",,"A",,"A",,"A",,"A",,"A",,"A",,"A",,"A",,"A"
"20134",2651624,1,0,"1","195","D","1","D","07","D",356,"D",.,"A",.,"A",,"A",,"A",,"A",,"A",,"A",,"A",,"A",,"A",,"A"
"20134",2651734,1,0,"1","195","D","1","D","09","D",800,"D",.,"A",.,"A",,"A",,"A",,"A",,"A",,"A",,"A",,"A",,"A",,"A"
"20134",2652654,1,0,"1","120","D","1","D","09","D",82,"D",.,"A",.,"A",,"A",,"A",,"A",,"A",,"A",,"A",,"A",,"A",,"A"
"20134",2652654,2,0,"2","120","D","1","D","07","D",85,"D",.,"A",.,"A",,"A",,"A",,"A",,"A",,"A",,"A",,"A",,"A",,"A"
"20134",2653474,1,0,"1","120","D","1","D","08","D",281,"D",.,"A",.,"A",,"A",,"A",,"A",,"A",,"A",,"A",,"A",,"A",,"A"
"20134",2653474,2,0,"1","140","D","1","D","08","D",1419,"D",.,"A",.,"A",,"A",,"A",,"A",,"A",,"A",,"A",,"A",,"A",,"A"
"20134",2653474,3,0,"1","100","D","1","D","08","D",1377,"D",.,"A",.,"A",,"A",,"A",,"A",,"A",,"A",,"A",,"A",,"A",,"A"
"20134",2653474,4,0,"1","160","D","1","D","08","D",504,"D",.,"A",.,"A",,"A",,"A",,"A",,"A",,"A",,"A",,"A",,"A",,"A"
"20134",2653474,5,0,"1","195","D","1","D","08","D",497,"D",.,"A",.,"A",,"A",,"A",,"A",,"A",,"A",,"A",,"A",,"A",,"A"
"20134",2653474,6,0,"1","195","D","1","D","08","D",497,"D",.,"A",.,"A",,"A",,"A",,"A",,"A",,"A",,"A",,"A",,"A",,"A"
"20134",2653834,1,0,"1","100","D","1","D","09","D",500,"D",.,"A",.,"A",,"A",,"A",,"A",,"A",,"A",,"A",,"A",,"A",,"A"
"20134",2653834,2,0,"1","140","D","1","D","09","D",1600,"D",.,"A",.,"A",,"A",,"A",,"A",,"A",,"A",,"A",,"A",,"A",,"A"
"20134",2653834,3,0,"1","195","D","1","D","09","D",1600,"D",.,"A",.,"A",,"A",,"A",,"A",,"A",,"A",,"A",,"A",,"A",,"A"
"20134",2653854,1,0,"1","120","D","1","D","09","D",75,"D",.,"A",.,"A",,"A",,"A",,"A",,"A",,"A",,"A",,"A",,"A",,"A"
"20134",2655074,1,0,"1","120","D","1","D","09","D",300,"D",.,"A",.,"A",,"A",,"A",,"A",,"A",,"A",,"A",,"A",,"A",,"A"
"20134",2655454,1,0,"1","140","D","1","D","09","D",1300,"D",.,"A",.,"A",,"A",,"A",,"A",,"A",,"A",,"A",,"A",,"A",,"A"
"20134",2656214,1,0,"2","140","D","1","D","07","D",270,"D",.,"A",.,"A",,"A",,"A",,"A",,"A",,"A",,"A",,"A",,"A",,"A"
"20134",2656214,2,0,"2","180","D","1","D","07","D",320,"D",.,"A",.,"A",,"A",,"A",,"A",,"A",,"A",,"A",,"A",,"A",,"A"
"20134",2657044,1,0,"1","140","D","1","D","07","D",1000,"D",.,"A",.,"A",,"A",,"A",,"A",,"A",,"A",,"A",,"A",,"A",,"A"
"20134",2658294,1,0,"2","195","D","1","D","08","D",489,"D",.,"A",.,"A",,"A",,"A",,"A",,"A",,"A",,"A",,"A",,"A",,"A"
"20134",2658364,1,0,"1","140","D","1","D","08","D",1600,"D",.,"A",.,"A",,"A",,"A",,"A",,"A",,"A",,"A",,"A",,"A",,"A"
"20134",2658414,1,0,"2","195","D","1","D","08","D",550,"D",.,"A",.,"A",,"A",,"A",,"A",,"A",,"A",,"A",,"A",,"A",,"A"
"20134",2659344,1,0,"1","160","D","1","D","10","D",1200,"D",.,"A",65,"F",,"A",,"A",,"A",,"A",,"A",,"A",,"A",,"A",,"A"
"20134",2659344,2,0,"2","195","D","1","D","08","D",1278,"D",.,"A",.,"A",,"A",,"A",,"A",,"A",,"A",,"A",,"A",,"A",,"A"
"20134",2659424,1,0,"1","120","D","1","D","08","D",90,"D",.,"A",.,"A",,"A",,"A",,"A",,"A",,"A",,"A",,"A",,"A",,"A"
"20134",2659564,1,0,"1","120","D","1","D","10","D",76,"D",.,"A",.,"A",,"A",,"A",,"A",,"A",,"A",,"A",,"A",,"A",,"A"
"20134",2659664,1,0,"1","120","D","1","D","10","D",60,"D",.,"A",.,"A",,"A",,"A",,"A",,"A",,"A",,"A",,"A",,"A",,"A"
"20134",2659674,1,0,"1","140","D","1","D","10","D",200,"D",.,"A",.,"A",,"A",,"A",,"A",,"A",,"A",,"A",,"A",,"A",,"A"
"20134",2659884,1,0,"2","195","D","1","D","08","D",500,"D",.,"A",.,"A",,"A",,"A",,"A",,"A",,"A",,"A",,"A",,"A",,"A"
"20134",2660594,1,0,"1","120","D","1","D","08","D",45,"D",.,"A",.,"A",,"A",,"A",,"A",,"A",,"A",,"A",,"A",,"A",,"A"
"20134",2660814,1,0,"1","140","D","1","D","09","D",275,"D",.,"A",20,"D",,"A",,"A",,"A",,"A",,"A",,"A",,"A",,"A",,"A"
"20134",2661164,1,0,"1","120","D","1","D","09","D",434,"D",.,"A",.,"A",,"A",,"A",,"A",,"A",,"A",,"A",,"A",,"A",,"A"
"20134",2661164,2,0,"1","100","D","1","D","09","D",760,"D",.,"A",.,"A",,"A",,"A",,"A",,"A",,"A",,"A",,"A",,"A",,"A"
"20134",2661164,3,0,"1","210","D","1","D","09","D",327,"D",.,"A",.,"A",,"A",,"A",,"A",,"A",,"A",,"A",,"A",,"A",,"A"
"20134",2661254,1,0,"2","195","D","3","D","08","D",900,"D",.,"A",.,"A",,"A",,"A",,"A",,"A",,"A",,"A",,"A",,"A",,"A"
"20134",2661594,1,0,"1","160","D","1","D","10","D",1500,"D",.,"A",100,"D",,"A",,"A",,"A",,"A",,"A",,"A",,"A",,"A",,"A"
"20134",2661984,1,0,"1","195","D","1","D","10","D",439,"D",.,"A",.,"A",,"A",,"A",,"A",,"A",,"A",,"A",,"A",,"A",,"A"
"20134",2662264,1,0,"1","160","D","1","D","09","D",860,"D",.,"A",100,"F",,"A",,"A",,"A",,"A",,"A",,"A",,"A",,"A",,"A"
"20134",2662774,1,0,"1","195","D","1","D","10","D",1000,"D",.,"A",.,"A",,"A",,"A",,"A",,"A",,"A",,"A",,"A",,"A",,"A"
"20134",2662834,1,0,"1","195","D","1","D","10","D",1100,"D",.,"A",.,"A",,"A",,"A",,"A",,"A",,"A",,"A",,"A",,"A",,"A"
"20134",2663524,1,0,"1","120","D","1","D","08","D",152,"D",.,"A",.,"A",,"A",,"A",,"A",,"A",,"A",,"A",,"A",,"A",,"A"
"20134",2663734,1,0,"1","140","D","1","D","08","D",600,"D",.,"A",.,"A",,"A",,"A",,"A",,"A",,"A",,"A",,"A",,"A",,"A"
"20134",2663914,1,0,"2","140","D","1","D","08","D",2000,"D",.,"A",.,"A",,"A",,"A",,"A",,"A",,"A",,"A",,"A",,"A",,"A"
"20134",2664014,1,0,"2","195","D","1","D","08","D",128,"D",.,"A",.,"A",,"A",,"A",,"A",,"A",,"A",,"A",,"A",,"A",,"A"
"20134",2664044,1,0,"2","140","D","1","D","08","D",110,"D",.,"A",.,"A",,"A",,"A",,"A",,"A",,"A",,"A",,"A",,"A",,"A"
"20134",2664454,1,0,"1","140","D","3","D","08","D",175,"D",.,"A",.,"A",,"A",,"A",,"A",,"A",,"A",,"A",,"A",,"A",,"A"
"20134",2664564,1,0,"1","120","D","1","D","10","D",69,"D",.,"A",.,"A",,"A",,"A",,"A",,"A",,"A",,"A",,"A",,"A",,"A"
"20134",2664764,1,0,"1","140","D","1","D","10","D",2233,"D",.,"A",.,"A",,"A",,"A",,"A",,"A",,"A",,"A",,"A",,"A",,"A"
"20134",2664954,1,0,"1","180","D","1","D","10","D",100,"D",.,"A",.,"A",,"A",,"A",,"A",,"A",,"A",,"A",,"A",,"A",,"A"
"20134",2665374,1,0,"1","195","D","1","D","09","D",640,"D",.,"A",.,"A",,"A",,"A",,"A",,"A",,"A",,"A",,"A",,"A",,"A"
"20134",2665604,1,0,"1","120","D","1","D","10","D",90,"D",.,"A",.,"A",,"A",,"A",,"A",,"A",,"A",,"A",,"A",,"A",,"A"
"20134",2665844,1,0,"1","195","D","1","D","10","D",109,"D",.,"A",.,"A",,"A",,"A",,"A",,"A",,"A",,"A",,"A",,"A",,"A"
"20134",2665994,1,0,"1","140","D","1","D","10","D",210,"D",.,"A",.,"A",,"A",,"A",,"A",,"A",,"A",,"A",,"A",,"A",,"A"
"20134",2667144,1,0,"2","120","D","1","D","08","D",150,"D",.,"A",.,"A",,"A",,"A",,"A",,"A",,"A",,"A",,"A",,"A",,"A"
"20134",2667504,1,0,"1","195","D","1","D","10","D",575,"D",.,"A",.,"A",,"A",,"A",,"A",,"A",,"A",,"A",,"A",,"A",,"A"
"20134",2667504,2,0,"2","160","D","1","D","08","D",535,"D",.,"A",.,"A",,"A",,"A",,"A",,"A",,"A",,"A",,"A",,"A",,"A"
"20134",2668294,1,0,"1","120","D","1","D","10","D",200,"D",.,"A",.,"A",,"A",,"A",,"A",,"A",,"A",,"A",,"A",,"A",,"A"
"20134",2668294,2,0,"1","195","D","1","D","10","D",300,"D",.,"A",.,"A",,"A",,"A",,"A",,"A",,"A",,"A",,"A",,"A",,"A"
"20134",2668354,1,0,"1","160","D","1","D","08","D",170,"D",.,"A",.,"A",,"A",,"A",,"A",,"A",,"A",,"A",,"A",,"A",,"A"
"20134",2668474,1,0,"1","195","D","1","D","09","D",1800,"D",.,"A",.,"A",,"A",,"A",,"A",,"A",,"A",,"A",,"A",,"A",,"A"
"20134",2668854,1,0,"1","195","D","1","D","10","D",159,"D",.,"A",50,"D",,"A",,"A",,"A",,"A",,"A",,"A",,"A",,"A",,"A"
"20134",2669474,1,0,"1","100","D","1","D","11","D",971,"D",.,"A",.,"A",,"A",,"A",,"A",,"A",,"A",,"A",,"A",,"A",,"A"
"20134",2669474,2,0,"2","120","D","1","D","09","D",25,"D",.,"A",.,"A",,"A",,"A",,"A",,"A",,"A",,"A",,"A",,"A",,"A"
"20134",2670244,1,0,"1","120","D","1","D","11","D",108,"D",.,"A",.,"A",,"A",,"A",,"A",,"A",,"A",,"A",,"A",,"A",,"A"
"20134",2670344,1,0,"1","100","D","3","D","10","D",257,"D",.,"A",.,"A",,"A",,"A",,"A",,"A",,"A",,"A",,"A",,"A",,"A"
"20134",2670754,1,0,"1","100","D","1","D","11","D",99,"D",.,"A",.,"A",,"A",,"A",,"A",,"A",,"A",,"A",,"A",,"A",,"A"
"20134",2670994,1,0,"2","140","D","1","D","09","D",700,"D",.,"A",.,"A",,"A",,"A",,"A",,"A",,"A",,"A",,"A",,"A",,"A"
"20134",2671734,1,0,"1","195","D","1","D","11","D",1800,"D",.,"A",.,"A",,"A",,"A",,"A",,"A",,"A",,"A",,"A",,"A",,"A"
"20134",2672614,1,0,"2","220","D","1","D","09","D",.,"H",.,"A",.,"A","140","D","160","D","100","D",,"A",,"A",,"A",,"A",,"A",,"A"
"20134",2672614,1,1,"2","140","D","1","D","09","D",2074,"E",.,"A",.,"A",,"A",,"A",,"A",,"A",,"A",,"A",,"A",,"A",,"A"
"20134",2672614,1,2,"2","160","D","1","D","09","D",889,"E",.,"A",.,"A",,"A",,"A",,"A",,"A",,"A",,"A",,"A",,"A",,"A"
"20134",2672614,1,3,"2","100","D","1","D","09","D",1037,"E",.,"A",.,"A",,"A",,"A",,"A",,"A",,"A",,"A",,"A",,"A",,"A"
"20134",2672824,1,0,"1","100","D","1","D","10","D",500,"D",.,"A",.,"A",,"A",,"A",,"A",,"A",,"A",,"A",,"A",,"A",,"A"
"20134",2672824,2,0,"1","140","D","1","D","10","D",1070,"D",.,"A",.,"A",,"A",,"A",,"A",,"A",,"A",,"A",,"A",,"A",,"A"
"20134",2672824,3,0,"1","195","D","1","D","10","D",1000,"D",.,"A",.,"A",,"A",,"A",,"A",,"A",,"A",,"A",,"A",,"A",,"A"
"20134",2672994,1,0,"2","195","D","1","D","09","D",321,"D",.,"A",.,"A",,"A",,"A",,"A",,"A",,"A",,"A",,"A",,"A",,"A"
"20134",2673124,1,0,"1","140","D","1","D","11","D",216,"D",.,"A",.,"A",,"A",,"A",,"A",,"A",,"A",,"A",,"A",,"A",,"A"
"20134",2673174,1,0,"1","120","D","1","D","11","D",105,"D",.,"A",.,"A",,"A",,"A",,"A",,"A",,"A",,"A",,"A",,"A",,"A"
"20134",2673904,1,0,"1","100","D","1","D","11","D",2200,"D",.,"A",168,"D",,"A",,"A",,"A",,"A",,"A",,"A",,"A",,"A",,"A"
"20134",2675124,1,0,"2","120","D","1","D","09","D",70,"D",.,"A",.,"A",,"A",,"A",,"A",,"A",,"A",,"A",,"A",,"A",,"A"
"20134",2675974,1,0,"1","195","D","2","D",,"A",.,"A",54,"D",.,"A",,"A",,"A",,"A",,"A",,"A",,"A",,"A",,"A",,"A"
"20134",2676554,1,0,"1","120","D","1","D","09","D",170,"D",.,"A",.,"A",,"A",,"A",,"A",,"A",,"A",,"A",,"A",,"A",,"A"
"20134",2676584,1,0,"1","195","D","2","D",,"A",.,"A",254,"D",.,"A",,"A",,"A",,"A",,"A",,"A",,"A",,"A",,"A",,"A"
"20134",2676594,1,0,"1","170","D","1","D","10","D",800,"D",.,"A",.,"A",,"A",,"A",,"A",,"A",,"A",,"A",,"A",,"A",,"A"
"20134",2676764,1,0,"1","120","D","1","D","09","D",170,"D",.,"A",.,"A",,"A",,"A",,"A",,"A",,"A",,"A",,"A",,"A",,"A"
"20134",2676844,1,0,"2","195","D","1","D","09","D",599,"D",.,"A",.,"A",,"A",,"A",,"A",,"A",,"A",,"A",,"A",,"A",,"A"
"20134",2677334,1,0,"1","140","D","1","D","11","D",1500,"D",.,"A",.,"A",,"A",,"A",,"A",,"A",,"A",,"A",,"A",,"A",,"A"
"20134",2677384,1,0,"1","140","D","1","D","10","D",177,"D",.,"A",.,"A",,"A",,"A",,"A",,"A",,"A",,"A",,"A",,"A",,"A"
"20134",2677454,1,0,"1","195","D","1","D","11","D",543,"D",.,"A",.,"A",,"A",,"A",,"A",,"A",,"A",,"A",,"A",,"A",,"A"
"20134",2677704,1,0,"1","140","D","1","D","11","D",178,"D",.,"A",.,"A",,"A",,"A",,"A",,"A",,"A",,"A",,"A",,"A",,"A"
"20134",2677754,1,0,"1","140","D","1","D","11","D",1916,"D",.,"A",1,"D",,"A",,"A",,"A",,"A",,"A",,"A",,"A",,"A",,"A"
"20134",2678394,1,0,"1","140","D","1","D","11","D",800,"D",.,"A",10,"D",,"A",,"A",,"A",,"A",,"A",,"A",,"A",,"A",,"A"
"20134",2678654,1,0,"2","220","D","1","D","09","D",.,"H",.,"A",.,"A","220","D","140","D",,"A",,"A",,"A",,"A",,"A",,"A",,"A"
"20134",2678654,1,1,"2","140","D","1","D","09","D",717,"E",.,"A",.,"A",,"A",,"A",,"A",,"A",,"A",,"A",,"A",,"A",,"A"
"20134",2678654,1,2,"2","180","D","1","D","09","D",133,"E",.,"A",.,"A",,"A",,"A",,"A",,"A",,"A",,"A",,"A",,"A",,"A"
"20134",2679154,1,0,"1","100","D","1","D","11","D",420,"D",.,"A",.,"A",,"A",,"A",,"A",,"A",,"A",,"A",,"A",,"A",,"A"
"20134",2679604,1,0,"1","120","D","1","D","09","D",75,"D",.,"A",.,"A",,"A",,"A",,"A",,"A",,"A",,"A",,"A",,"A",,"A"
"20134",2679844,1,0,"1","195","D","1","D","11","D",200,"D",.,"A",.,"A",,"A",,"A",,"A",,"A",,"A",,"A",,"A",,"A",,"A"
"20134",2679904,1,0,"1","140","D","1","D","11","D",532,"D",.,"A",.,"A",,"A",,"A",,"A",,"A",,"A",,"A",,"A",,"A",,"A"
"20134",2680194,1,0,"1","195","D","1","D","11","D",75,"D",.,"A",.,"A",,"A",,"A",,"A",,"A",,"A",,"A",,"A",,"A",,"A"
"20134",2680843,1,0,"1","140","D","1","D","08","D",1495,"D",.,"A",.,"A",,"A",,"A",,"A",,"A",,"A",,"A",,"A",,"A",,"A"
"20134",2681373,1,0,"1","120","D","1","D","07","D",130,"D",.,"A",.,"A",,"A",,"A",,"A",,"A",,"A",,"A",,"A",,"A",,"A"
"20134",2681373,2,0,"1","100","D","1","D","07","D",1080,"D",.,"A",.,"A",,"A",,"A",,"A",,"A",,"A",,"A",,"A",,"A",,"A"
"20134",2681373,3,0,"1","140","D","1","D","07","D",1836,"D",.,"A",.,"A",,"A",,"A",,"A",,"A",,"A",,"A",,"A",,"A",,"A"
"20134",2681553,1,0,"1","140","D","1","D","07","D",618,"D",.,"A",.,"A",,"A",,"A",,"A",,"A",,"A",,"A",,"A",,"A",,"A"
"20134",2681553,2,0,"1","140","D","1","D","09","D",80,"D",.,"A",.,"A",,"A",,"A",,"A",,"A",,"A",,"A",,"A",,"A",,"A"
"20134",2681553,3,0,"1","210","D","1","D","07","D",148,"D",.,"A",.,"A",,"A",,"A",,"A",,"A",,"A",,"A",,"A",,"A",,"A"
"20134",2681623,1,0,"1","100","D","1","D","08","D",550,"D",.,"A",140,"D",,"A",,"A",,"A",,"A",,"A",,"A",,"A",,"A",,"A"
"20134",2681993,1,0,"1","180","D","1","D","07","D",65,"D",.,"A",.,"A",,"A",,"A",,"A",,"A",,"A",,"A",,"A",,"A",,"A"
"20134",2682323,1,0,"2","140","D","1","D","07","D",1005,"D",.,"A",.,"A",,"A",,"A",,"A",,"A",,"A",,"A",,"A",,"A",,"A"
"20134",2682603,1,0,"1","140","D","1","D","07","D",500,"D",.,"A",.,"A",,"A",,"A",,"A",,"A",,"A",,"A",,"A",,"A",,"A"
"20134",2682803,1,0,"1","195","D","1","D","08","D",250,"D",.,"A",.,"A",,"A",,"A",,"A",,"A",,"A",,"A",,"A",,"A",,"A"
"20134",2682943,1,0,"1","140","D","1","D","09","D",1100,"D",.,"A",80,"D",,"A",,"A",,"A",,"A",,"A",,"A",,"A",,"A",,"A"
"20134",2683173,1,0,"1","120","D","1","D","09","D",120,"D",.,"A",.,"A",,"A",,"A",,"A",,"A",,"A",,"A",,"A",,"A",,"A"
"20134",2683173,2,0,"1","140","D","1","D","07","D",200,"D",.,"A",.,"A",,"A",,"A",,"A",,"A",,"A",,"A",,"A",,"A",,"A"
"20134",2685183,1,0,"1","120","D","1","D","07","D",180,"D",.,"A",.,"A",,"A",,"A",,"A",,"A",,"A",,"A",,"A",,"A",,"A"
"20134",2685383,1,0,"1","120","D","1","D","08","D",80,"D",.,"A",.,"A",,"A",,"A",,"A",,"A",,"A",,"A",,"A",,"A",,"A"
"20134",2685973,1,0,"1","195","D","1","D","09","D",1137,"D",.,"A",.,"A",,"A",,"A",,"A",,"A",,"A",,"A",,"A",,"A",,"A"
"20134",2686823,1,0,"1","120","D","1","D","08","D",75,"D",.,"A",.,"A",,"A",,"A",,"A",,"A",,"A",,"A",,"A",,"A",,"A"
"20134",2686823,2,0,"2","195","D","1","D","07","D",660,"D",.,"A",.,"A",,"A",,"A",,"A",,"A",,"A",,"A",,"A",,"A",,"A"
"20134",2687423,1,0,"1","140","D","1","D","07","D",1200,"D",.,"A",.,"A",,"A",,"A",,"A",,"A",,"A",,"A",,"A",,"A",,"A"
"20134",2687753,1,0,"1","160","D","1","D","08","D",600,"D",.,"A",.,"A",,"A",,"A",,"A",,"A",,"A",,"A",,"A",,"A",,"A"
"20134",2688353,1,0,"1","180","D","1","D","09","D",150,"D",.,"A",.,"A",,"A",,"A",,"A",,"A",,"A",,"A",,"A",,"A",,"A"
"20134",2688653,1,0,"1","120","D","2","D",,"A",.,"A",60,"D",.,"A",,"A",,"A",,"A",,"A",,"A",,"A",,"A",,"A",,"A"
"20134",2688653,2,0,"1","140","D","2","D",,"A",.,"A",90,"D",.,"A",,"A",,"A",,"A",,"A",,"A",,"A",,"A",,"A",,"A"
"20134",2689283,1,0,"2","195","D","3","D","07","D",429,"D",.,"A",.,"A",,"A",,"A",,"A",,"A",,"A",,"A",,"A",,"A",,"A"
"20134",2689343,1,0,"1","195","D","1","D","07","D",120,"D",.,"A",.,"A",,"A",,"A",,"A",,"A",,"A",,"A",,"A",,"A",,"A"
"20134",2689463,1,0,"1","120","D","1","D","07","D",200,"D",.,"A",.,"A",,"A",,"A",,"A",,"A",,"A",,"A",,"A",,"A",,"A"
"20134",2689463,2,0,"1","180","D","1","D","07","D",200,"D",.,"A",.,"A",,"A",,"A",,"A",,"A",,"A",,"A",,"A",,"A",,"A"
"20134",2690433,1,0,"1","195","D","1","D","09","D",300,"D",.,"A",.,"A",,"A",,"A",,"A",,"A",,"A",,"A",,"A",,"A",,"A"
"20134",2691273,1,0,"1","140","D","1","D","10","D",1060,"D",.,"A",.,"A",,"A",,"A",,"A",,"A",,"A",,"A",,"A",,"A",,"A"
"20134",2691523,1,0,"2","195","D","1","D","08","D",899,"D",.,"A",.,"A",,"A",,"A",,"A",,"A",,"A",,"A",,"A",,"A",,"A"
"20134",2691983,1,0,"1","120","D","1","D","10","D",95,"D",.,"A",.,"A",,"A",,"A",,"A",,"A",,"A",,"A",,"A",,"A",,"A"
"20134",2692663,1,0,"1","195","D","1","D","08","D",1200,"D",.,"A",.,"A",,"A",,"A",,"A",,"A",,"A",,"A",,"A",,"A",,"A"
"20134",2692743,1,0,"1","195","D","1","D","10","D",1200,"D",.,"A",.,"A",,"A",,"A",,"A",,"A",,"A",,"A",,"A",,"A",,"A"
"20134",2693133,1,0,"1","160","D","1","D","08","D",268,"D",.,"A",.,"A",,"A",,"A",,"A",,"A",,"A",,"A",,"A",,"A",,"A"
"20134",2693313,1,0,"1","140","D","1","D","08","D",144,"D",.,"A",.,"A",,"A",,"A",,"A",,"A",,"A",,"A",,"A",,"A",,"A"
"20134",2693963,1,0,"1","140","D","1","D","08","D",1200,"D",.,"A",.,"A",,"A",,"A",,"A",,"A",,"A",,"A",,"A",,"A",,"A"
"20134",2693963,2,0,"1","195","D","1","D","09","D",525,"D",.,"A",.,"A",,"A",,"A",,"A",,"A",,"A",,"A",,"A",,"A",,"A"
"20134",2695123,1,0,"1","195","D","1","D","09","D",2000,"D",.,"A",.,"A",,"A",,"A",,"A",,"A",,"A",,"A",,"A",,"A",,"A"
"20134",2695173,1,0,"1","100","D","1","D","10","D",400,"D",.,"A",.,"A",,"A",,"A",,"A",,"A",,"A",,"A",,"A",,"A",,"A"
"20134",2695463,1,0,"1","100","D","1","D","10","D",1200,"D",.,"A",.,"A",,"A",,"A",,"A",,"A",,"A",,"A",,"A",,"A",,"A"
"20134",2695523,1,0,"1","140","D","1","D","10","D",2000,"D",.,"A",.,"A",,"A",,"A",,"A",,"A",,"A",,"A",,"A",,"A",,"A"
"20134",2695643,1,0,"1","140","D","3","D","09","D",140,"D",.,"A",.,"A",,"A",,"A",,"A",,"A",,"A",,"A",,"A",,"A",,"A"
"20134",2695743,1,0,"2","140","D","1","D","08","D",27,"D",.,"A",.,"A",,"A",,"A",,"A",,"A",,"A",,"A",,"A",,"A",,"A"
"20134",2695853,1,0,"2","120","D","1","D","08","D",54,"D",.,"A",.,"A",,"A",,"A",,"A",,"A",,"A",,"A",,"A",,"A",,"A"
"20134",2696013,1,0,"1","120","D","1","D","08","D",65,"D",.,"A",.,"A",,"A",,"A",,"A",,"A",,"A",,"A",,"A",,"A",,"A"
"20134",2696183,1,0,"2","100","D","1","D","08","D",400,"D",.,"A",.,"A",,"A",,"A",,"A",,"A",,"A",,"A",,"A",,"A",,"A"
"20134",2696483,1,0,"1","120","D","1","D","08","D",369,"D",.,"A",105,"D",,"A",,"A",,"A",,"A",,"A",,"A",,"A",,"A",,"A"
"20134",2696483,2,0,"1","100","D","1","D","08","D",844,"D",.,"A",.,"A",,"A",,"A",,"A",,"A",,"A",,"A",,"A",,"A",,"A"
"20134",2696483,3,0,"1","140","D","1","D","08","D",1477,"D",.,"A",.,"A",,"A",,"A",,"A",,"A",,"A",,"A",,"A",,"A",,"A"
"20134",2696483,4,0,"1","160","D","1","D","08","D",443,"D",.,"A",.,"A",,"A",,"A",,"A",,"A",,"A",,"A",,"A",,"A",,"A"
"20134",2697043,1,0,"1","120","D","1","D","09","D",216,"D",.,"A",.,"A",,"A",,"A",,"A",,"A",,"A",,"A",,"A",,"A",,"A"
"20134",2697103,1,0,"1","120","D","1","D","09","D",230,"D",.,"A",.,"A",,"A",,"A",,"A",,"A",,"A",,"A",,"A",,"A",,"A"
"20134",2697103,2,0,"2","100","D","1","D","08","D",350,"D",.,"A",.,"A",,"A",,"A",,"A",,"A",,"A",,"A",,"A",,"A",,"A"
"20134",2697103,3,0,"2","160","D","1","D","08","D",350,"D",.,"A",.,"A",,"A",,"A",,"A",,"A",,"A",,"A",,"A",,"A",,"A"
"20134",2697303,1,0,"1","195","D","1","D","10","D",65,"D",.,"A",.,"A",,"A",,"A",,"A",,"A",,"A",,"A",,"A",,"A",,"A"
"20134",2697623,1,0,"1","120","D","1","D","09","D",54,"D",.,"A",.,"A",,"A",,"A",,"A",,"A",,"A",,"A",,"A",,"A",,"A"
"20134",2697623,2,0,"1","195","D","1","D","09","D",1624,"D",.,"A",.,"A",,"A",,"A",,"A",,"A",,"A",,"A",,"A",,"A",,"A"
"20134",2699303,1,0,"1","140","D","1","D","10","D",75,"D",.,"A",.,"A",,"A",,"A",,"A",,"A",,"A",,"A",,"A",,"A",,"A"
"20134",2699303,2,0,"1","195","D","1","D","10","D",100,"D",.,"A",.,"A",,"A",,"A",,"A",,"A",,"A",,"A",,"A",,"A",,"A"
"20134",2699493,1,0,"1","120","D","1","D","09","D",40,"D",.,"A",.,"A",,"A",,"A",,"A",,"A",,"A",,"A",,"A",,"A",,"A"
"20134",2699663,1,0,"1","180","D","1","D","09","D",87,"D",.,"A",.,"A",,"A",,"A",,"A",,"A",,"A",,"A",,"A",,"A",,"A"
"20134",2700035,1,0,"1","195","D","2","D",,"A",.,"A",20,"D",.,"A",,"A",,"A",,"A",,"A",,"A",,"A",,"A",,"A",,"A"
"20134",2700613,1,0,"1","100","D","1","D","09","D",550,"D",.,"A",.,"A",,"A",,"A",,"A",,"A",,"A",,"A",,"A",,"A",,"A"
"20134",2701093,1,0,"1","120","D","1","D","10","D",149,"D",.,"A",.,"A",,"A",,"A",,"A",,"A",,"A",,"A",,"A",,"A",,"A"
"20134",2701883,1,0,"1","195","D","1","D","08","D",800,"D",.,"A",.,"A",,"A",,"A",,"A",,"A",,"A",,"A",,"A",,"A",,"A"
"20134",2701933,1,0,"1","140","D","1","D","10","D",109,"D",.,"A",.,"A",,"A",,"A",,"A",,"A",,"A",,"A",,"A",,"A",,"A"
"20134",2702133,1,0,"1","100","D","1","D","10","D",2500,"D",.,"A",.,"A",,"A",,"A",,"A",,"A",,"A",,"A",,"A",,"A",,"A"
"20134",2702133,2,0,"1","120","D","1","D","10","D",876,"D",.,"A",.,"A",,"A",,"A",,"A",,"A",,"A",,"A",,"A",,"A",,"A"
"20134",2702183,1,0,"1","120","D","1","D","11","D",97,"D",.,"A",.,"A",,"A",,"A",,"A",,"A",,"A",,"A",,"A",,"A",,"A"
"20134",2702313,1,0,"1","140","D","1","D","10","D",1800,"D",.,"A",.,"A",,"A",,"A",,"A",,"A",,"A",,"A",,"A",,"A",,"A"
"20134",2702873,1,0,"1","195","D","1","D","11","D",428,"D",.,"A",.,"A",,"A",,"A",,"A",,"A",,"A",,"A",,"A",,"A",,"A"
"20134",2703403,1,0,"1","120","D","1","D","10","D",60,"D",.,"A",.,"A",,"A",,"A",,"A",,"A",,"A",,"A",,"A",,"A",,"A"
"20134",2703413,1,0,"1","140","D","1","D","10","D",758,"D",.,"A",70,"D",,"A",,"A",,"A",,"A",,"A",,"A",,"A",,"A",,"A"
"20134",2703693,1,0,"1","140","D","1","D","09","D",1500,"D",.,"A",.,"A",,"A",,"A",,"A",,"A",,"A",,"A",,"A",,"A",,"A"
"20134",2703813,1,0,"1","180","D","1","D","09","D",110,"D",.,"A",.,"A",,"A",,"A",,"A",,"A",,"A",,"A",,"A",,"A",,"A"
"20134",2704303,1,0,"1","180","D","1","D","10","D",250,"D",.,"A",.,"A",,"A",,"A",,"A",,"A",,"A",,"A",,"A",,"A",,"A"
"20134",2704483,1,0,"1","100","D","1","D","10","D",570,"D",.,"A",.,"A",,"A",,"A",,"A",,"A",,"A",,"A",,"A",,"A",,"A"
"20134",2705133,1,0,"1","140","D","1","D","11","D",434,"D",.,"A",.,"A",,"A",,"A",,"A",,"A",,"A",,"A",,"A",,"A",,"A"
"20134",2705193,1,0,"1","140","D","1","D","11","D",325,"D",.,"A",.,"A",,"A",,"A",,"A",,"A",,"A",,"A",,"A",,"A",,"A"
"20134",2705253,1,0,"1","195","D","2","D",,"A",.,"A",147,"D",.,"A",,"A",,"A",,"A",,"A",,"A",,"A",,"A",,"A",,"A"
"20134",2705263,1,0,"2","140","D","1","D","09","D",433,"D",.,"A",.,"A",,"A",,"A",,"A",,"A",,"A",,"A",,"A",,"A",,"A"
"20134",2705503,1,0,"2","160","D","1","D","09","D",434,"D",.,"A",.,"A",,"A",,"A",,"A",,"A",,"A",,"A",,"A",,"A",,"A"
"20134",2705543,1,0,"2","160","D","1","D","09","D",750,"D",.,"A",.,"A",,"A",,"A",,"A",,"A",,"A",,"A",,"A",,"A",,"A"
"20134",2705543,2,0,"2","100","D","1","D","09","D",1177,"D",.,"A",.,"A",,"A",,"A",,"A",,"A",,"A",,"A",,"A",,"A",,"A"
"20134",2705763,1,0,"1","120","D","1","D","11","D",80,"D",.,"A",.,"A",,"A",,"A",,"A",,"A",,"A",,"A",,"A",,"A",,"A"
"20134",2706323,1,0,"1","195","D","1","D","11","D",1155,"D",.,"A",.,"A",,"A",,"A",,"A",,"A",,"A",,"A",,"A",,"A",,"A"
"20134",2707493,1,0,"2","140","D","1","D","09","D",575,"D",.,"A",.,"A",,"A",,"A",,"A",,"A",,"A",,"A",,"A",,"A",,"A"
"20134",2707923,1,0,"2","195","D","3","D","09","D",790,"D",.,"A",.,"A",,"A",,"A",,"A",,"A",,"A",,"A",,"A",,"A",,"A"
"20134",2708373,1,0,"1","100","D","1","D","10","D",53,"D",.,"A",.,"A",,"A",,"A",,"A",,"A",,"A",,"A",,"A",,"A",,"A"
"20134",2708493,1,0,"1","160","D","1","D","11","D",600,"D",.,"A",.,"A",,"A",,"A",,"A",,"A",,"A",,"A",,"A",,"A",,"A"
"20134",2708763,1,0,"1","120","D","1","D","09","D",39,"D",.,"A",.,"A",,"A",,"A",,"A",,"A",,"A",,"A",,"A",,"A",,"A"
"20134",2708783,1,0,"1","100","D","1","D","09","D",800,"D",.,"A",.,"A",,"A",,"A",,"A",,"A",,"A",,"A",,"A",,"A",,"A"
"20134",2708903,1,0,"2","100","D","1","D","09","D",846,"D",.,"A",.,"A",,"A",,"A",,"A",,"A",,"A",,"A",,"A",,"A",,"A"
"20134",2709423,1,0,"1","120","D","1","D","09","D",70,"D",.,"A",.,"A",,"A",,"A",,"A",,"A",,"A",,"A",,"A",,"A",,"A"
"20134",2709583,1,0,"1","140","D","1","D","11","D",900,"D",.,"A",150,"D",,"A",,"A",,"A",,"A",,"A",,"A",,"A",,"A",,"A"
"20134",2709583,2,0,"1","120","D","1","D","09","D",304,"D",.,"A",65,"D",,"A",,"A",,"A",,"A",,"A",,"A",,"A",,"A",,"A"
"20134",2709643,1,0,"1","140","D","1","D","11","D",1173,"D",.,"A",.,"A",,"A",,"A",,"A",,"A",,"A",,"A",,"A",,"A",,"A"
"20134",2709773,1,0,"1","120","D","1","D","10","D",54,"D",.,"A",.,"A",,"A",,"A",,"A",,"A",,"A",,"A",,"A",,"A",,"A"
"20134",2709963,1,0,"1","160","D","1","D","10","D",1060,"D",.,"A",.,"A",,"A",,"A",,"A",,"A",,"A",,"A",,"A",,"A",,"A"
"20134",2710023,1,0,"1","140","D","1","D","11","D",900,"D",.,"A",.,"A",,"A",,"A",,"A",,"A",,"A",,"A",,"A",,"A",,"A"
"20134",2710143,1,0,"2","160","D","1","D","09","D",963,"D",.,"A",.,"A",,"A",,"A",,"A",,"A",,"A",,"A",,"A",,"A",,"A"
"20134",2710233,1,0,"2","140","D","1","D","09","D",650,"F",.,"A",.,"A",,"A",,"A",,"A",,"A",,"A",,"A",,"A",,"A",,"A"
"20134",2710483,1,0,"1","120","D","1","D","11","D",130,"D",.,"A",.,"A",,"A",,"A",,"A",,"A",,"A",,"A",,"A",,"A",,"A"
"20134",2710843,1,0,"1","170","D","1","D","10","D",593,"D",.,"A",.,"A",,"A",,"A",,"A",,"A",,"A",,"A",,"A",,"A",,"A"
"20134",2710893,1,0,"1","140","D","1","D","10","D",1070,"D",.,"A",.,"A",,"A",,"A",,"A",,"A",,"A",,"A",,"A",,"A",,"A"
"20134",2710893,2,0,"1","100","D","1","D","10","D",642,"D",.,"A",.,"A",,"A",,"A",,"A",,"A",,"A",,"A",,"A",,"A",,"A"
"20134",2710893,3,0,"1","120","D","1","D","10","D",321,"D",.,"A",.,"A",,"A",,"A",,"A",,"A",,"A",,"A",,"A",,"A",,"A"
"20134",2711033,1,0,"1","120","D","1","D","11","D",300,"D",.,"A",30,"D",,"A",,"A",,"A",,"A",,"A",,"A",,"A",,"A",,"A"
"20134",2711033,2,0,"1","195","D","1","D","11","D",725,"D",.,"A",.,"A",,"A",,"A",,"A",,"A",,"A",,"A",,"A",,"A",,"A"
"20134",2712633,1,0,"1","140","D","1","D","09","D",960,"D",.,"A",.,"A",,"A",,"A",,"A",,"A",,"A",,"A",,"A",,"A",,"A"
"20134",2713482,1,0,"1","120","D","1","D","07","D",11,"D",.,"A",.,"A",,"A",,"A",,"A",,"A",,"A",,"A",,"A",,"A",,"A"
"20134",2714602,1,0,"1","120","D","1","D","09","D",90,"D",.,"A",.,"A",,"A",,"A",,"A",,"A",,"A",,"A",,"A",,"A",,"A"
"20134",2715202,1,0,"1","195","D","1","D","09","D",677,"D",.,"A",.,"A",,"A",,"A",,"A",,"A",,"A",,"A",,"A",,"A",,"A"
"20134",2716222,1,0,"1","140","D","1","D","07","D",400,"D",.,"A",.,"A",,"A",,"A",,"A",,"A",,"A",,"A",,"A",,"A",,"A"
"20134",2716762,1,0,"1","120","D","1","D","09","D",340,"D",.,"A",.,"A",,"A",,"A",,"A",,"A",,"A",,"A",,"A",,"A",,"A"
"20134",2716932,1,0,"1","100","D","1","D","07","D",800,"D",.,"A",.,"A",,"A",,"A",,"A",,"A",,"A",,"A",,"A",,"A",,"A"
"20134",2716932,2,0,"1","160","D","1","D","09","D",800,"D",.,"A",.,"A",,"A",,"A",,"A",,"A",,"A",,"A",,"A",,"A",,"A"
"20134",2717262,1,0,"2","100","D","1","D","07","D",400,"D",.,"A",.,"A",,"A",,"A",,"A",,"A",,"A",,"A",,"A",,"A",,"A"
"20134",2717832,1,0,"1","195","D","1","D","08","D",125,"D",.,"A",.,"A",,"A",,"A",,"A",,"A",,"A",,"A",,"A",,"A",,"A"
"20134",2718082,1,0,"1","195","D","1","D","07","D",300,"D",.,"A",100,"D",,"A",,"A",,"A",,"A",,"A",,"A",,"A",,"A",,"A"
"20134",2718502,1,0,"2","170","D","1","D","07","D",150,"D",.,"A",.,"A",,"A",,"A",,"A",,"A",,"A",,"A",,"A",,"A",,"A"
"20134",2718642,1,0,"1","140","D","1","D","09","D",650,"D",.,"A",.,"A",,"A",,"A",,"A",,"A",,"A",,"A",,"A",,"A",,"A"
"20134",2718752,1,0,"1","120","D","1","D","09","D",16,"D",.,"A",.,"A",,"A",,"A",,"A",,"A",,"A",,"A",,"A",,"A",,"A"
"20134",2719812,1,0,"1","210","D","1","D","08","D",150,"D",.,"A",.,"A",,"A",,"A",,"A",,"A",,"A",,"A",,"A",,"A",,"A"
"20134",2719812,2,0,"1","100","D","1","D","08","D",400,"D",.,"A",.,"A",,"A",,"A",,"A",,"A",,"A",,"A",,"A",,"A",,"A"
"20134",2719812,3,0,"1","140","D","1","D","08","D",125,"D",.,"A",.,"A",,"A",,"A",,"A",,"A",,"A",,"A",,"A",,"A",,"A"
"20134",2720182,1,0,"1","140","D","1","D","09","D",80,"D",.,"A",.,"A",,"A",,"A",,"A",,"A",,"A",,"A",,"A",,"A",,"A"
"20134",2720542,1,0,"1","120","D","1","D","08","D",32,"D",.,"A",.,"A",,"A",,"A",,"A",,"A",,"A",,"A",,"A",,"A",,"A"
"20134",2720542,2,0,"1","140","D","1","D","08","D",76,"D",.,"A",.,"A",,"A",,"A",,"A",,"A",,"A",,"A",,"A",,"A",,"A"
"20134",2720682,1,0,"1","195","D","1","D","08","D",500,"D",.,"A",.,"A",,"A",,"A",,"A",,"A",,"A",,"A",,"A",,"A",,"A"
"20134",2720682,2,0,"1","195","D","1","D","09","D",500,"D",.,"A",.,"A",,"A",,"A",,"A",,"A",,"A",,"A",,"A",,"A",,"A"
"20134",2721652,1,0,"1","220","D","1","D","09","D",.,"H",.,"A",.,"A","120","D","140","D","195","D","195","D",,"A",,"A",,"A",,"A",,"A"
"20134",2721652,1,1,"1","120","D","1","D","09","D",171,"E",.,"A",.,"A",,"A",,"A",,"A",,"A",,"A",,"A",,"A",,"A",,"A"
"20134",2721652,1,2,"1","140","D","1","D","09","D",2297,"E",.,"A",.,"A",,"A",,"A",,"A",,"A",,"A",,"A",,"A",,"A",,"A"
"20134",2721652,1,3,"1","195","D","1","D","09","D",767,"E",.,"A",.,"A",,"A",,"A",,"A",,"A",,"A",,"A",,"A",,"A",,"A"
"20134",2721652,1,4,"1","195","D","1","D","09","D",765,"E",.,"A",.,"A",,"A",,"A",,"A",,"A",,"A",,"A",,"A",,"A",,"A"
"20134",2721772,1,0,"1","120","D","1","D","09","D",65,"D",.,"A",.,"A",,"A",,"A",,"A",,"A",,"A",,"A",,"A",,"A",,"A"
"20134",2722102,1,0,"1","120","D","1","D","07","D",250,"D",.,"A",.,"A",,"A",,"A",,"A",,"A",,"A",,"A",,"A",,"A",,"A"
"20134",2722142,1,0,"1","140","D","1","D","07","D",1000,"D",.,"A",.,"A",,"A",,"A",,"A",,"A",,"A",,"A",,"A",,"A",,"A"
"20134",2722192,1,0,"1","140","D","1","D","09","D",130,"D",.,"A",.,"A",,"A",,"A",,"A",,"A",,"A",,"A",,"A",,"A",,"A"
"20134",2722402,1,0,"1","120","D","1","D","09","D",159,"D",.,"A",.,"A",,"A",,"A",,"A",,"A",,"A",,"A",,"A",,"A",,"A"
"20134",2722632,1,0,"1","195","D","1","D","07","D",1497,"D",.,"A",.,"A",,"A",,"A",,"A",,"A",,"A",,"A",,"A",,"A",,"A"
"20134",2723292,1,0,"2","195","D","1","D","07","D",1100,"D",.,"A",.,"A",,"A",,"A",,"A",,"A",,"A",,"A",,"A",,"A",,"A"
"20134",2724352,1,0,"1","160","D","1","D","07","D",800,"D",.,"A",.,"A",,"A",,"A",,"A",,"A",,"A",,"A",,"A",,"A",,"A"
"20134",2724362,1,0,"1","195","D","1","D","09","D",749,"D",.,"A",.,"A",,"A",,"A",,"A",,"A",,"A",,"A",,"A",,"A",,"A"
"20134",2724812,1,0,"1","120","D","1","D","09","D",94,"D",.,"A",.,"A",,"A",,"A",,"A",,"A",,"A",,"A",,"A",,"A",,"A"
"20134",2724972,1,0,"1","195","D","3","D","10","D",1302,"D",.,"A",.,"A",,"A",,"A",,"A",,"A",,"A",,"A",,"A",,"A",,"A"
"20134",2725532,1,0,"1","120","D","1","D","09","D",53,"D",.,"A",.,"A",,"A",,"A",,"A",,"A",,"A",,"A",,"A",,"A",,"A"
"20134",2725532,2,0,"1","140","D","1","D","09","D",106,"D",.,"A",.,"A",,"A",,"A",,"A",,"A",,"A",,"A",,"A",,"A",,"A"
"20134",2726022,1,0,"1","160","D","1","D","09","D",600,"D",.,"A",.,"A",,"A",,"A",,"A",,"A",,"A",,"A",,"A",,"A",,"A"
"20134",2726512,1,0,"1","120","D","1","D","09","D",107,"D",.,"A",.,"A",,"A",,"A",,"A",,"A",,"A",,"A",,"A",,"A",,"A"
"20134",2726832,1,0,"1","120","D","1","D","09","D",127,"D",.,"A",.,"A",,"A",,"A",,"A",,"A",,"A",,"A",,"A",,"A",,"A"
"20134",2727552,1,0,"1","100","D","1","D","09","D",850,"D",.,"A",.,"A",,"A",,"A",,"A",,"A",,"A",,"A",,"A",,"A",,"A"
"20134",2728352,1,0,"1","100","D","1","D","10","D",700,"D",.,"A",.,"A",,"A",,"A",,"A",,"A",,"A",,"A",,"A",,"A",,"A"
"20134",2728372,1,0,"1","140","D","1","D","10","D",430,"D",.,"A",.,"A",,"A",,"A",,"A",,"A",,"A",,"A",,"A",,"A",,"A"
"20134",2728382,1,0,"1","100","D","1","D","08","D",556,"D",.,"A",.,"A",,"A",,"A",,"A",,"A",,"A",,"A",,"A",,"A",,"A"
"20134",2728452,1,0,"2","195","D","1","D","08","D",100,"D",.,"A",.,"A",,"A",,"A",,"A",,"A",,"A",,"A",,"A",,"A",,"A"
"20134",2729432,1,0,"1","195","D","1","D","10","D",500,"D",.,"A",.,"A",,"A",,"A",,"A",,"A",,"A",,"A",,"A",,"A",,"A"
"20134",2729442,1,0,"1","120","D","1","D","10","D",67,"D",.,"A",.,"A",,"A",,"A",,"A",,"A",,"A",,"A",,"A",,"A",,"A"
"20134",2729572,1,0,"1","195","D","1","D","09","D",700,"D",.,"A",.,"A",,"A",,"A",,"A",,"A",,"A",,"A",,"A",,"A",,"A"
"20134",2730492,1,0,"1","100","D","1","D","08","D",400,"D",.,"A",.,"A",,"A",,"A",,"A",,"A",,"A",,"A",,"A",,"A",,"A"
"20134",2730844,1,0,"1","120","D","1","D","10","D",400,"D",.,"A",.,"A",,"A",,"A",,"A",,"A",,"A",,"A",,"A",,"A",,"A"
"20134",2731052,1,0,"1","160","D","1","D","08","D",50,"D",.,"A",.,"A",,"A",,"A",,"A",,"A",,"A",,"A",,"A",,"A",,"A"
"20134",2731222,1,0,"2","120","D","1","D","08","D",250,"D",.,"A",.,"A",,"A",,"A",,"A",,"A",,"A",,"A",,"A",,"A",,"A"
"20134",2731222,2,0,"2","100","D","1","D","08","D",700,"D",.,"A",.,"A",,"A",,"A",,"A",,"A",,"A",,"A",,"A",,"A",,"A"
"20134",2731222,3,0,"2","140","D","1","D","08","D",1400,"D",.,"A",.,"A",,"A",,"A",,"A",,"A",,"A",,"A",,"A",,"A",,"A"
"20134",2731222,4,0,"2","160","D","1","D","08","D",600,"D",.,"A",.,"A",,"A",,"A",,"A",,"A",,"A",,"A",,"A",,"A",,"A"
"20134",2731802,1,0,"1","120","D","1","D","09","D",215,"D",.,"A",40,"D",,"A",,"A",,"A",,"A",,"A",,"A",,"A",,"A",,"A"
"20134",2733742,1,0,"1","195","D","1","D","10","D",550,"D",.,"A",.,"A",,"A",,"A",,"A",,"A",,"A",,"A",,"A",,"A",,"A"
"20134",2733815,1,0,"2","120","D","1","D","08","D",75,"D",.,"A",.,"A",,"A",,"A",,"A",,"A",,"A",,"A",,"A",,"A",,"A"
"20134",2734502,1,0,"1","120","D","1","D","08","D",50,"D",.,"A",.,"A",,"A",,"A",,"A",,"A",,"A",,"A",,"A",,"A",,"A"
"20134",2735822,1,0,"1","195","D","2","D",,"A",.,"A",32,"D",.,"A",,"A",,"A",,"A",,"A",,"A",,"A",,"A",,"A",,"A"
"20134",2735922,1,0,"1","180","D","1","D","08","D",163,"D",.,"A",.,"A",,"A",,"A",,"A",,"A",,"A",,"A",,"A",,"A",,"A"
"20134",2736562,1,0,"1","120","D","1","D","10","D",50,"D",.,"A",.,"A",,"A",,"A",,"A",,"A",,"A",,"A",,"A",,"A",,"A"
"20134",2736762,1,0,"1","140","D","1","D","10","D",200,"D",.,"A",.,"A",,"A",,"A",,"A",,"A",,"A",,"A",,"A",,"A",,"A"
"20134",2736992,1,0,"1","160","D","1","D","11","D",800,"D",.,"A",100,"D",,"A",,"A",,"A",,"A",,"A",,"A",,"A",,"A",,"A"
"20134",2737042,1,0,"1","140","D","3","D","11","D",1032,"D",.,"A",.,"A",,"A",,"A",,"A",,"A",,"A",,"A",,"A",,"A",,"A"
"20134",2737212,1,0,"2","120","D","1","D","09","D",10,"D",.,"A",.,"A",,"A",,"A",,"A",,"A",,"A",,"A",,"A",,"A",,"A"
"20134",2737532,1,0,"1","120","D","1","D","09","D",155,"D",.,"A",.,"A",,"A",,"A",,"A",,"A",,"A",,"A",,"A",,"A",,"A"
"20134",2737922,1,0,"2","140","D","1","D","09","D",1070,"D",.,"A",.,"A",,"A",,"A",,"A",,"A",,"A",,"A",,"A",,"A",,"A"
"20134",2738252,1,0,"1","180","D","1","D","11","D",150,"D",.,"A",100,"D",,"A",,"A",,"A",,"A",,"A",,"A",,"A",,"A",,"A"
"20134",2738462,1,0,"2","195","D","1","D","09","D",1988,"D",.,"A",.,"A",,"A",,"A",,"A",,"A",,"A",,"A",,"A",,"A",,"A"
"20134",2738902,1,0,"1","195","D","1","D","10","D",652,"D",.,"A",.,"A",,"A",,"A",,"A",,"A",,"A",,"A",,"A",,"A",,"A"
"20134",2738962,1,0,"1","100","D","1","D","11","D",1030,"D",.,"A",60,"D",,"A",,"A",,"A",,"A",,"A",,"A",,"A",,"A",,"A"
"20134",2738982,1,0,"1","195","D","1","D","11","D",2368,"D",.,"A",43,"D",,"A",,"A",,"A",,"A",,"A",,"A",,"A",,"A",,"A"
"20134",2739102,1,0,"2","140","D","1","D","09","D",70,"D",.,"A",.,"A",,"A",,"A",,"A",,"A",,"A",,"A",,"A",,"A",,"A"
"20134",2739142,1,0,"1","100","D","1","D","11","D",375,"D",.,"A",.,"A",,"A",,"A",,"A",,"A",,"A",,"A",,"A",,"A",,"A"
"20134",2739522,1,0,"1","180","D","1","D","10","D",80,"D",.,"A",.,"A",,"A",,"A",,"A",,"A",,"A",,"A",,"A",,"A",,"A"
"20134",2739662,1,0,"1","160","D","1","D","10","D",578,"D",.,"A",140,"D",,"A",,"A",,"A",,"A",,"A",,"A",,"A",,"A",,"A"
"20134",2739792,1,0,"2","100","D","1","D","09","D",900,"D",.,"A",.,"A",,"A",,"A",,"A",,"A",,"A",,"A",,"A",,"A",,"A"
"20134",2739982,1,0,"1","120","D","1","D","11","D",378,"D",.,"A",.,"A",,"A",,"A",,"A",,"A",,"A",,"A",,"A",,"A",,"A"
"20134",2740172,1,0,"1","195","D","1","D","10","D",1650,"D",.,"A",.,"A",,"A",,"A",,"A",,"A",,"A",,"A",,"A",,"A",,"A"
"20134",2740202,1,0,"2","195","D","1","D","09","D",550,"D",.,"A",.,"A",,"A",,"A",,"A",,"A",,"A",,"A",,"A",,"A",,"A"
"20134",2740272,1,0,"1","160","D","1","D","11","D",330,"D",.,"A",.,"A",,"A",,"A",,"A",,"A",,"A",,"A",,"A",,"A",,"A"
"20134",2740322,1,0,"1","195","D","1","D","11","D",446,"D",.,"A",.,"A",,"A",,"A",,"A",,"A",,"A",,"A",,"A",,"A",,"A"
"20134",2740322,2,0,"1","120","D","1","D","10","D",89,"D",.,"A",.,"A",,"A",,"A",,"A",,"A",,"A",,"A",,"A",,"A",,"A"
"20134",2740952,1,0,"1","120","D","1","D","11","D",130,"D",.,"A",.,"A",,"A",,"A",,"A",,"A",,"A",,"A",,"A",,"A",,"A"
"20134",2742152,1,0,"1","220","D","1","D","11","D",.,"H",.,"A",.,"A","100","D","210","D","140","D","160","D","120","D",,"A",,"A",,"A",,"A"
"20134",2742152,1,1,"1","100","D","1","D","11","D",523,"E",.,"A",.,"A",,"A",,"A",,"A",,"A",,"A",,"A",,"A",,"A",,"A"
"20134",2742152,1,2,"1","140","D","1","D","11","D",1075,"E",.,"A",.,"A",,"A",,"A",,"A",,"A",,"A",,"A",,"A",,"A",,"A"
"20134",2742152,1,3,"1","160","D","1","D","11","D",403,"E",.,"A",.,"A",,"A",,"A",,"A",,"A",,"A",,"A",,"A",,"A",,"A"
"20134",2742152,1,4,"1","120","D","1","D","11","D",69,"E",.,"A",.,"A",,"A",,"A",,"A",,"A",,"A",,"A",,"A",,"A",,"A"
"20134",2742892,1,0,"1","160","D","1","D","10","D",300,"D",.,"A",1,"D",,"A",,"A",,"A",,"A",,"A",,"A",,"A",,"A",,"A"
"20134",2743362,1,0,"1","195","D","1","D","10","D",1000,"D",.,"A",.,"A",,"A",,"A",,"A",,"A",,"A",,"A",,"A",,"A",,"A"
"20134",2743442,1,0,"2","120","D","1","D","09","D",69,"D",.,"A",.,"A",,"A",,"A",,"A",,"A",,"A",,"A",,"A",,"A",,"A"
"20134",2743635,1,0,"1","195","D","1","D","11","D",200,"D",.,"A",.,"A",,"A",,"A",,"A",,"A",,"A",,"A",,"A",,"A",,"A"
"20134",2743772,1,0,"1","100","D","1","D","11","D",700,"D",.,"A",.,"A",,"A",,"A",,"A",,"A",,"A",,"A",,"A",,"A",,"A"
"20134",2743772,2,0,"1","160","D","1","D","10","D",600,"D",.,"A",.,"A",,"A",,"A",,"A",,"A",,"A",,"A",,"A",,"A",,"A"
"20134",2744812,1,0,"1","140","D","1","D","11","D",1017,"D",.,"A",.,"A",,"A",,"A",,"A",,"A",,"A",,"A",,"A",,"A",,"A"
"20134",2744912,1,0,"1","100","D","1","D","11","D",600,"D",.,"A",.,"A",,"A",,"A",,"A",,"A",,"A",,"A",,"A",,"A",,"A"
"20134",2745152,1,0,"1","120","D","1","D","09","D",85,"D",.,"A",.,"A",,"A",,"A",,"A",,"A",,"A",,"A",,"A",,"A",,"A"
"20134",2745192,1,0,"1","100","D","1","D","11","D",868,"D",.,"A",.,"A",,"A",,"A",,"A",,"A",,"A",,"A",,"A",,"A",,"A"
"20134",2745482,1,0,"2","180","D","1","D","09","D",87,"D",.,"A",.,"A",,"A",,"A",,"A",,"A",,"A",,"A",,"A",,"A",,"A"
"20134",2745952,1,0,"1","195","D","1","D","10","D",70,"D",.,"A",.,"A",,"A",,"A",,"A",,"A",,"A",,"A",,"A",,"A",,"A"
"20134",2746185,1,0,"1","220","D","1","D","09","D",.,"H",.,"A",.,"A","140","D","195","D",,"A",,"A",,"A",,"A",,"A",,"A",,"A"
"20134",2746185,1,1,"1","140","D","1","D","09","D",290,"E",.,"A",.,"A",,"A",,"A",,"A",,"A",,"A",,"A",,"A",,"A",,"A"
"20134",2746185,1,2,"1","195","D","1","D","09","D",225,"E",.,"A",.,"A",,"A",,"A",,"A",,"A",,"A",,"A",,"A",,"A",,"A"
"20134",2746185,2,0,"1","195","D","1","D","11","D",155,"D",.,"A",.,"A",,"A",,"A",,"A",,"A",,"A",,"A",,"A",,"A",,"A"
"20134",2746682,1,0,"1","140","D","3","D","10","D",81,"D",.,"A",35,"D",,"A",,"A",,"A",,"A",,"A",,"A",,"A",,"A",,"A"
"20134",2746682,2,0,"1","120","D","3","D","11","D",38,"D",.,"A",.,"A",,"A",,"A",,"A",,"A",,"A",,"A",,"A",,"A",,"A"
"20134",2747152,1,0,"1","140","D","1","D","11","D",100,"D",.,"A",.,"A",,"A",,"A",,"A",,"A",,"A",,"A",,"A",,"A",,"A"
"20134",2747225,1,0,"1","120","D","1","D","09","D",199,"D",.,"A",.,"A",,"A",,"A",,"A",,"A",,"A",,"A",,"A",,"A",,"A"
"20134",2747754,1,0,"1","120","D","1","D","09","D",73,"D",.,"A",.,"A",,"A",,"A",,"A",,"A",,"A",,"A",,"A",,"A",,"A"
"20134",2747754,2,0,"1","195","D","1","D","09","D",217,"D",.,"A",.,"A",,"A",,"A",,"A",,"A",,"A",,"A",,"A",,"A",,"A"
"20134",2747894,1,0,"1","195","D","2","D",,"A",.,"A",192,"D",.,"A",,"A",,"A",,"A",,"A",,"A",,"A",,"A",,"A",,"A"
"20134",2748565,1,0,"1","120","D","1","D","07","D",62,"D",.,"A",.,"A",,"A",,"A",,"A",,"A",,"A",,"A",,"A",,"A",,"A"
"20134",2748845,1,0,"1","120","D","1","D","08","D",400,"D",.,"A",.,"A",,"A",,"A",,"A",,"A",,"A",,"A",,"A",,"A",,"A"
"20134",2748845,2,0,"1","195","D","1","D","08","D",1000,"D",.,"A",45,"F",,"A",,"A",,"A",,"A",,"A",,"A",,"A",,"A",,"A"
"20134",2748845,3,0,"1","140","D","1","D","07","D",650,"D",.,"A",1,"D",,"A",,"A",,"A",,"A",,"A",,"A",,"A",,"A",,"A"
"20134",2750054,1,0,"1","140","D","1","D","08","D",100,"D",.,"A",.,"A",,"A",,"A",,"A",,"A",,"A",,"A",,"A",,"A",,"A"
"20134",2750085,1,0,"1","100","D","1","D","09","D",225,"D",.,"A",.,"A",,"A",,"A",,"A",,"A",,"A",,"A",,"A",,"A",,"A"
"20134",2750085,2,0,"1","195","D","1","D","08","D",70,"D",.,"A",.,"A",,"A",,"A",,"A",,"A",,"A",,"A",,"A",,"A",,"A"
"20134",2750275,1,0,"1","195","D","1","D","08","D",2000,"D",.,"A",.,"A",,"A",,"A",,"A",,"A",,"A",,"A",,"A",,"A",,"A"
"20134",2751225,1,0,"1","195","D","1","D","09","D",60,"D",.,"A",.,"A",,"A",,"A",,"A",,"A",,"A",,"A",,"A",,"A",,"A"
"20134",2751632,1,0,"1","120","D","1","D","09","D",65,"D",.,"A",.,"A",,"A",,"A",,"A",,"A",,"A",,"A",,"A",,"A",,"A"
"20134",2754184,1,0,"1","140","D","1","D","07","D",100,"D",.,"A",.,"A",,"A",,"A",,"A",,"A",,"A",,"A",,"A",,"A",,"A"
"20134",2755645,1,0,"1","120","D","1","D","09","D",81,"D",.,"A",.,"A",,"A",,"A",,"A",,"A",,"A",,"A",,"A",,"A",,"A"
"20134",2756422,1,0,"1","120","D","1","D","09","D",80,"D",.,"A",.,"A",,"A",,"A",,"A",,"A",,"A",,"A",,"A",,"A",,"A"
"20134",2758002,1,0,"1","140","D","1","D","09","D",200,"D",.,"A",.,"A",,"A",,"A",,"A",,"A",,"A",,"A",,"A",,"A",,"A"
"20134",2758002,2,0,"1","100","D","1","D","09","D",150,"D",.,"A",.,"A",,"A",,"A",,"A",,"A",,"A",,"A",,"A",,"A",,"A"
"20134",2758002,3,0,"1","195","D","1","D","09","D",200,"D",.,"A",.,"A",,"A",,"A",,"A",,"A",,"A",,"A",,"A",,"A",,"A"
"20134",2758335,1,0,"1","140","D","1","D","10","D",1177,"D",.,"A",.,"A",,"A",,"A",,"A",,"A",,"A",,"A",,"A",,"A",,"A"
"20134",2758335,2,0,"1","100","D","1","D","10","D",535,"D",.,"A",.,"A",,"A",,"A",,"A",,"A",,"A",,"A",,"A",,"A",,"A"
"20134",2759622,1,0,"1","195","D","1","D","09","D",1750,"D",.,"A",50,"D",,"A",,"A",,"A",,"A",,"A",,"A",,"A",,"A",,"A"
"20134",2759895,1,0,"1","195","D","2","D",,"A",.,"A",128,"D",.,"A",,"A",,"A",,"A",,"A",,"A",,"A",,"A",,"A",,"A"
"20134",2761094,1,0,"1","195","D","1","D","09","D",500,"D",.,"A",.,"A",,"A",,"A",,"A",,"A",,"A",,"A",,"A",,"A",,"A"
"20134",2761164,1,0,"1","140","D","1","D","10","D",75,"D",.,"A",.,"A",,"A",,"A",,"A",,"A",,"A",,"A",,"A",,"A",,"A"
"20134",2761964,1,0,"1","195","D","1","D","10","D",1300,"D",.,"A",70,"D",,"A",,"A",,"A",,"A",,"A",,"A",,"A",,"A",,"A"
"20134",2761964,2,0,"1","120","D","1","D","10","D",70,"D",.,"A",.,"A",,"A",,"A",,"A",,"A",,"A",,"A",,"A",,"A",,"A"
"20134",2763994,1,0,"1","140","D","1","D","08","D",140,"D",.,"A",.,"A",,"A",,"A",,"A",,"A",,"A",,"A",,"A",,"A",,"A"
"20134",2766064,1,0,"1","120","D","1","D","10","D",70,"D",.,"A",.,"A",,"A",,"A",,"A",,"A",,"A",,"A",,"A",,"A",,"A"
"20134",2767444,1,0,"1","120","D","1","D","10","D",40,"D",.,"A",.,"A",,"A",,"A",,"A",,"A",,"A",,"A",,"A",,"A",,"A"
"20134",2768534,1,0,"1","120","D","1","D","10","D",80,"D",.,"A",.,"A",,"A",,"A",,"A",,"A",,"A",,"A",,"A",,"A",,"A"
"20134",2770215,1,0,"1","100","D","1","D","11","D",54,"D",.,"A",.,"A",,"A",,"A",,"A",,"A",,"A",,"A",,"A",,"A",,"A"
"20134",2771973,1,0,"1","195","D","1","D","09","D",426,"D",.,"A",.,"A",,"A",,"A",,"A",,"A",,"A",,"A",,"A",,"A",,"A"
"20134",2771973,2,0,"1","140","D","1","D","10","D",320,"D",.,"A",20,"D",,"A",,"A",,"A",,"A",,"A",,"A",,"A",,"A",,"A"
"20134",2771973,3,0,"1","140","D","1","D","09","D",53,"D",.,"A",.,"A",,"A",,"A",,"A",,"A",,"A",,"A",,"A",,"A",,"A"
"20134",2771973,4,0,"1","140","D","1","D","09","D",107,"D",.,"A",.,"A",,"A",,"A",,"A",,"A",,"A",,"A",,"A",,"A",,"A"
"20134",2771973,5,0,"1","140","D","1","D","09","D",107,"D",.,"A",.,"A",,"A",,"A",,"A",,"A",,"A",,"A",,"A",,"A",,"A"
"20134",2774084,1,0,"1","120","D","1","D","09","D",35,"D",.,"A",.,"A",,"A",,"A",,"A",,"A",,"A",,"A",,"A",,"A",,"A"
"20134",2777045,1,0,"1","195","D","1","D","09","D",150,"D",.,"A",.,"A",,"A",,"A",,"A",,"A",,"A",,"A",,"A",,"A",,"A"
"20134",2777204,1,0,"1","120","D","1","D","11","D",50,"D",.,"A",.,"A",,"A",,"A",,"A",,"A",,"A",,"A",,"A",,"A",,"A"
"20134",2777845,1,0,"1","120","D","1","D","10","D",40,"D",.,"A",.,"A",,"A",,"A",,"A",,"A",,"A",,"A",,"A",,"A",,"A"
"20134",2780352,1,0,"1","120","D","1","D","10","D",43,"D",.,"A",.,"A",,"A",,"A",,"A",,"A",,"A",,"A",,"A",,"A",,"A"
"20141",2647085,1,0,"1","100","D","2","D",,"A",.,"A",118,"D",.,"A",,"A",,"A",,"A",,"A",,"A",,"A",,"A",,"A",,"A"
"20141",2647775,1,0,"2","100","D","1","D","10","D",1618,"D",.,"A",.,"A",,"A",,"A",,"A",,"A",,"A",,"A",,"A",,"A",,"A"
"20141",2647775,2,0,"2","140","D","1","D","10","D",324,"D",.,"A",.,"A",,"A",,"A",,"A",,"A",,"A",,"A",,"A",,"A",,"A"
"20141",2648275,1,0,"2","100","D","1","D","10","D",550,"D",.,"A",.,"A",,"A",,"A",,"A",,"A",,"A",,"A",,"A",,"A",,"A"
"20141",2648605,1,0,"1","195","D","1","D","12","D",115,"D",.,"A",.,"A",,"A",,"A",,"A",,"A",,"A",,"A",,"A",,"A",,"A"
"20141",2649205,1,0,"1","220","D","1","D","10","D",.,"H",.,"A",.,"A","100","D","140","D","160","D",,"A",,"A",,"A",,"A",,"A",,"A"
"20141",2649205,1,1,"1","100","D","1","D","10","D",106,"E",.,"A",.,"A",,"A",,"A",,"A",,"A",,"A",,"A",,"A",,"A",,"A"
"20141",2649205,1,2,"1","140","D","1","D","10","D",43,"E",.,"A",.,"A",,"A",,"A",,"A",,"A",,"A",,"A",,"A",,"A",,"A"
"20141",2649205,1,3,"1","160","D","1","D","10","D",63,"E",.,"A",.,"A",,"A",,"A",,"A",,"A",,"A",,"A",,"A",,"A",,"A"
"20141",2649705,1,0,"1","195","D","1","D","11","D",488,"D",.,"A",.,"A",,"A",,"A",,"A",,"A",,"A",,"A",,"A",,"A",,"A"
"20141",2649985,1,0,"1","140","D","1","D","11","D",550,"D",.,"A",.,"A",,"A",,"A",,"A",,"A",,"A",,"A",,"A",,"A",,"A"
"20141",2650095,1,0,"1","120","D","1","D","10","D",134,"D",.,"A",.,"A",,"A",,"A",,"A",,"A",,"A",,"A",,"A",,"A",,"A"
"20141",2651165,1,0,"2","140","D","1","D","10","D",200,"D",.,"A",.,"A",,"A",,"A",,"A",,"A",,"A",,"A",,"A",,"A",,"A"
"20141",2651385,1,0,"1","140","D","3","D","12","D",189,"D",.,"A",.,"A",,"A",,"A",,"A",,"A",,"A",,"A",,"A",,"A",,"A"
"20141",2651925,1,0,"1","160","D","1","D","11","D",800,"D",.,"A",.,"A",,"A",,"A",,"A",,"A",,"A",,"A",,"A",,"A",,"A"
"20141",2651955,1,0,"1","120","D","1","D","11","D",100,"D",.,"A",.,"A",,"A",,"A",,"A",,"A",,"A",,"A",,"A",,"A",,"A"
"20141",2652465,1,0,"1","140","D","1","D","11","D",1497,"D",.,"A",.,"A",,"A",,"A",,"A",,"A",,"A",,"A",,"A",,"A",,"A"
"20141",2652805,1,0,"1","120","D","1","D","12","D",100,"D",.,"A",.,"A",,"A",,"A",,"A",,"A",,"A",,"A",,"A",,"A",,"A"
"20141",2652995,1,0,"1","180","D","1","D","11","D",125,"D",.,"A",.,"A",,"A",,"A",,"A",,"A",,"A",,"A",,"A",,"A",,"A"
"20141",2653615,1,0,"1","195","D","1","D","12","D",427,"D",.,"A",.,"A",,"A",,"A",,"A",,"A",,"A",,"A",,"A",,"A",,"A"
"20141",2653785,1,0,"1","120","D","1","D","10","D",80,"D",.,"A",.,"A",,"A",,"A",,"A",,"A",,"A",,"A",,"A",,"A",,"A"
"20141",2653785,2,0,"1","100","D","1","D","11","D",550,"D",.,"A",.,"A",,"A",,"A",,"A",,"A",,"A",,"A",,"A",,"A",,"A"
"20141",2653785,3,0,"1","140","D","1","D","11","D",1000,"D",.,"A",.,"A",,"A",,"A",,"A",,"A",,"A",,"A",,"A",,"A",,"A"
"20141",2654025,1,0,"1","140","D","1","D","10","D",120,"D",.,"A",.,"A",,"A",,"A",,"A",,"A",,"A",,"A",,"A",,"A",,"A"
"20141",2654215,1,0,"1","195","D","1","D","11","D",750,"D",.,"A",.,"A",,"A",,"A",,"A",,"A",,"A",,"A",,"A",,"A",,"A"
"20141",2654215,2,0,"2","140","D","1","D","10","D",3499,"D",.,"A",100,"D",,"A",,"A",,"A",,"A",,"A",,"A",,"A",,"A",,"A"
"20141",2654435,1,0,"1","120","D","1","D","10","D",375,"D",.,"A",.,"A",,"A",,"A",,"A",,"A",,"A",,"A",,"A",,"A",,"A"
"20141",2654435,2,0,"1","100","D","1","D","10","D",3500,"D",.,"A",.,"A",,"A",,"A",,"A",,"A",,"A",,"A",,"A",,"A",,"A"
"20141",2654435,3,0,"1","140","D","1","D","10","D",2500,"D",.,"A",.,"A",,"A",,"A",,"A",,"A",,"A",,"A",,"A",,"A",,"A"
"20141",2654435,4,0,"1","160","D","1","D","10","D",875,"D",.,"A",.,"A",,"A",,"A",,"A",,"A",,"A",,"A",,"A",,"A",,"A"
"20141",2654455,1,0,"1","120","D","1","D","10","D",70,"D",.,"A",.,"A",,"A",,"A",,"A",,"A",,"A",,"A",,"A",,"A",,"A"
"20141",2655245,1,0,"1","100","D","1","D","11","D",436,"D",.,"A",.,"A",,"A",,"A",,"A",,"A",,"A",,"A",,"A",,"A",,"A"
"20141",2655375,1,0,"2","120","D","1","D","10","D",202,"D",.,"A",.,"A",,"A",,"A",,"A",,"A",,"A",,"A",,"A",,"A",,"A"
"20141",2655455,1,0,"1","195","D","1","D","10","D",560,"D",.,"A",.,"A",,"A",,"A",,"A",,"A",,"A",,"A",,"A",,"A",,"A"
"20141",2655735,1,0,"1","120","D","1","D","12","D",115,"D",.,"A",.,"A",,"A",,"A",,"A",,"A",,"A",,"A",,"A",,"A",,"A"
"20141",2655755,1,0,"1","120","D","1","D","10","D",200,"D",.,"A",.,"A",,"A",,"A",,"A",,"A",,"A",,"A",,"A",,"A",,"A"
"20141",2655965,1,0,"1","100","D","1","D","12","D",533,"D",.,"A",.,"A",,"A",,"A",,"A",,"A",,"A",,"A",,"A",,"A",,"A"
"20141",2657265,1,0,"1","195","D","1","D","12","D",350,"D",.,"A",.,"A",,"A",,"A",,"A",,"A",,"A",,"A",,"A",,"A",,"A"
"20141",2657575,1,0,"1","140","D","1","D","11","D",998,"D",.,"A",.,"A",,"A",,"A",,"A",,"A",,"A",,"A",,"A",,"A",,"A"
"20141",2658235,1,0,"1","100","D","1","D","12","D",3000,"D",.,"A",.,"A",,"A",,"A",,"A",,"A",,"A",,"A",,"A",,"A",,"A"
"20141",2658435,1,0,"1","120","D","1","D","01","D",52,"D",.,"A",.,"A",,"A",,"A",,"A",,"A",,"A",,"A",,"A",,"A",,"A"
"20141",2659085,1,0,"1","120","D","1","D","12","D",65,"D",.,"A",.,"A",,"A",,"A",,"A",,"A",,"A",,"A",,"A",,"A",,"A"
"20141",2659385,1,0,"1","195","D","2","D",,"A",.,"A",90,"D",.,"A",,"A",,"A",,"A",,"A",,"A",,"A",,"A",,"A",,"A"
"20141",2659425,1,0,"1","120","D","1","D","12","D",65,"D",.,"A",.,"A",,"A",,"A",,"A",,"A",,"A",,"A",,"A",,"A",,"A"
"20141",2659565,1,0,"1","195","D","1","D","01","D",200,"D",.,"A",.,"A",,"A",,"A",,"A",,"A",,"A",,"A",,"A",,"A",,"A"
"20141",2659885,1,0,"1","120","D","1","D","01","D",50,"D",.,"A",.,"A",,"A",,"A",,"A",,"A",,"A",,"A",,"A",,"A",,"A"
"20141",2660635,1,0,"1","120","D","1","D","12","D",285,"D",.,"A",.,"A",,"A",,"A",,"A",,"A",,"A",,"A",,"A",,"A",,"A"
"20141",2660725,1,0,"1","100","D","1","D","01","D",1600,"D",.,"A",.,"A",,"A",,"A",,"A",,"A",,"A",,"A",,"A",,"A",,"A"
"20141",2662065,1,0,"1","120","D","1","D","11","D",300,"D",.,"A",.,"A",,"A",,"A",,"A",,"A",,"A",,"A",,"A",,"A",,"A"
"20141",2662065,2,0,"2","120","D","1","D","11","D",300,"D",.,"A",100,"D",,"A",,"A",,"A",,"A",,"A",,"A",,"A",,"A",,"A"
"20141",2662445,1,0,"1","220","D","1","D","11","D",.,"H",.,"A",.,"A","220","D","100","D",,"A",,"A",,"A",,"A",,"A",,"A",,"A"
"20141",2662445,1,1,"1","100","D","1","D","11","D",267,"E",.,"A",.,"A",,"A",,"A",,"A",,"A",,"A",,"A",,"A",,"A",,"A"
"20141",2662445,1,2,"1","160","D","1","D","11","D",161,"E",.,"A",.,"A",,"A",,"A",,"A",,"A",,"A",,"A",,"A",,"A",,"A"
"20141",2662745,1,0,"1","195","D","1","D","11","D",1800,"D",.,"A",.,"A",,"A",,"A",,"A",,"A",,"A",,"A",,"A",,"A",,"A"
"20141",2663405,1,0,"2","195","D","1","D","11","D",300,"D",.,"A",.,"A",,"A",,"A",,"A",,"A",,"A",,"A",,"A",,"A",,"A"
"20141",2663655,1,0,"1","195","D","1","D","11","D",600,"D",.,"A",.,"A",,"A",,"A",,"A",,"A",,"A",,"A",,"A",,"A",,"A"
"20141",2663655,2,0,"1","140","D","1","D","11","D",800,"D",.,"A",.,"A",,"A",,"A",,"A",,"A",,"A",,"A",,"A",,"A",,"A"
"20141",2663655,3,0,"1","160","D","1","D","11","D",400,"D",.,"A",.,"A",,"A",,"A",,"A",,"A",,"A",,"A",,"A",,"A",,"A"
"20141",2663655,4,0,"1","100","D","1","D","11","D",500,"D",.,"A",.,"A",,"A",,"A",,"A",,"A",,"A",,"A",,"A",,"A",,"A"
"20141",2663655,5,0,"1","195","D","1","D","11","D",700,"D",.,"A",.,"A",,"A",,"A",,"A",,"A",,"A",,"A",,"A",,"A",,"A"
"20141",2663695,1,0,"1","140","D","1","D","01","D",465,"D",.,"A",50,"D",,"A",,"A",,"A",,"A",,"A",,"A",,"A",,"A",,"A"
"20141",2663715,1,0,"1","120","D","1","D","01","D",21,"D",.,"A",.,"A",,"A",,"A",,"A",,"A",,"A",,"A",,"A",,"A",,"A"
"20141",2663895,1,0,"1","120","D","1","D","12","D",117,"D",.,"A",.,"A",,"A",,"A",,"A",,"A",,"A",,"A",,"A",,"A",,"A"
"20141",2665375,1,0,"1","120","D","1","D","01","D",200,"D",.,"A",.,"A",,"A",,"A",,"A",,"A",,"A",,"A",,"A",,"A",,"A"
"20141",2665775,1,0,"1","160","D","1","D","12","D",400,"D",.,"A",50,"D",,"A",,"A",,"A",,"A",,"A",,"A",,"A",,"A",,"A"
"20141",2666085,1,0,"1","140","D","3","D","01","D",200,"D",.,"A",.,"A",,"A",,"A",,"A",,"A",,"A",,"A",,"A",,"A",,"A"
"20141",2666725,1,0,"1","120","D","1","D","12","D",50,"D",.,"A",.,"A",,"A",,"A",,"A",,"A",,"A",,"A",,"A",,"A",,"A"
"20141",2667525,1,0,"2","100","D","1","D","11","D",1100,"D",.,"A",.,"A",,"A",,"A",,"A",,"A",,"A",,"A",,"A",,"A",,"A"
"20141",2667815,1,0,"1","140","D","1","D","01","D",40,"D",.,"A",.,"A",,"A",,"A",,"A",,"A",,"A",,"A",,"A",,"A",,"A"
"20141",2668015,1,0,"1","140","D","1","D","11","D",60,"D",.,"A",.,"A",,"A",,"A",,"A",,"A",,"A",,"A",,"A",,"A",,"A"
"20141",2668295,1,0,"1","160","D","1","D","01","D",700,"D",.,"A",.,"A",,"A",,"A",,"A",,"A",,"A",,"A",,"A",,"A",,"A"
"20141",2668695,1,0,"1","120","D","1","D","12","D",66,"D",.,"A",.,"A",,"A",,"A",,"A",,"A",,"A",,"A",,"A",,"A",,"A"
"20141",2669185,1,0,"1","120","D","1","D","02","D",74,"D",.,"A",.,"A",,"A",,"A",,"A",,"A",,"A",,"A",,"A",,"A",,"A"
"20141",2669275,1,0,"1","195","D","1","D","12","D",11,"D",.,"A",.,"A",,"A",,"A",,"A",,"A",,"A",,"A",,"A",,"A",,"A"
"20141",2669475,1,0,"1","160","D","1","D","12","D",379,"D",.,"A",150,"D",,"A",,"A",,"A",,"A",,"A",,"A",,"A",,"A",,"A"
"20141",2669815,1,0,"1","220","D","1","D","12","D",.,"H",.,"A",.,"H","195","D","140","D",,"A",,"A",,"A",,"A",,"A",,"A",,"A"
"20141",2669815,1,1,"1","195","D","1","D","12","D",330,"E",.,"A",92,"E",,"A",,"A",,"A",,"A",,"A",,"A",,"A",,"A",,"A"
"20141",2669815,1,2,"1","140","D","1","D","12","D",670,"E",.,"A",58,"E",,"A",,"A",,"A",,"A",,"A",,"A",,"A",,"A",,"A"
"20141",2669895,1,0,"1","120","D","1","D","02","D",76,"D",.,"A",.,"A",,"A",,"A",,"A",,"A",,"A",,"A",,"A",,"A",,"A"
"20141",2670275,1,0,"2","140","D","1","D","12","D",1000,"D",.,"A",50,"F",,"A",,"A",,"A",,"A",,"A",,"A",,"A",,"A",,"A"
"20141",2670285,1,0,"1","195","D","1","D","02","D",500,"D",.,"A",.,"A",,"A",,"A",,"A",,"A",,"A",,"A",,"A",,"A",,"A"
"20141",2670365,1,0,"1","120","D","1","D","01","D",86,"D",.,"A",.,"A",,"A",,"A",,"A",,"A",,"A",,"A",,"A",,"A",,"A"
"20141",2671335,1,0,"1","100","D","3","D","12","D",800,"D",.,"A",.,"A",,"A",,"A",,"A",,"A",,"A",,"A",,"A",,"A",,"A"
"20141",2672505,1,0,"1","120","D","1","D","01","D",53,"D",.,"A",.,"A",,"A",,"A",,"A",,"A",,"A",,"A",,"A",,"A",,"A"
"20141",2672765,1,0,"1","195","D","1","D","01","D",60,"D",.,"A",.,"A",,"A",,"A",,"A",,"A",,"A",,"A",,"A",,"A",,"A"
"20141",2673125,1,0,"1","140","D","1","D","12","D",300,"D",.,"A",.,"A",,"A",,"A",,"A",,"A",,"A",,"A",,"A",,"A",,"A"
"20141",2673135,1,0,"1","195","D","1","D","01","D",645,"D",.,"A",.,"A",,"A",,"A",,"A",,"A",,"A",,"A",,"A",,"A",,"A"
"20141",2673325,1,0,"1","140","D","1","D","02","D",248,"D",.,"A",69,"D",,"A",,"A",,"A",,"A",,"A",,"A",,"A",,"A",,"A"
"20141",2673325,2,0,"1","195","D","1","D","02","D",492,"D",.,"A",.,"A",,"A",,"A",,"A",,"A",,"A",,"A",,"A",,"A",,"A"
"20141",2673375,1,0,"1","140","D","1","D","12","D",150,"D",.,"A",.,"A",,"A",,"A",,"A",,"A",,"A",,"A",,"A",,"A",,"A"
"20141",2673395,1,0,"1","195","D","3","D","02","D",520,"D",.,"A",.,"A",,"A",,"A",,"A",,"A",,"A",,"A",,"A",,"A",,"A"
"20141",2673835,1,0,"2","180","D","1","D","12","D",300,"D",.,"A",1,"F",,"A",,"A",,"A",,"A",,"A",,"A",,"A",,"A",,"A"
"20141",2673885,1,0,"1","195","D","1","D","01","D",811,"D",.,"A",.,"A",,"A",,"A",,"A",,"A",,"A",,"A",,"A",,"A",,"A"
"20141",2674405,1,0,"1","120","D","1","D","01","D",200,"D",.,"A",.,"A",,"A",,"A",,"A",,"A",,"A",,"A",,"A",,"A",,"A"
"20141",2675975,1,0,"1","195","D","1","D","12","D",300,"D",.,"A",.,"A",,"A",,"A",,"A",,"A",,"A",,"A",,"A",,"A",,"A"
"20141",2676475,1,0,"1","140","D","1","D","01","D",379,"D",.,"A",.,"A",,"A",,"A",,"A",,"A",,"A",,"A",,"A",,"A",,"A"
"20141",2676555,1,0,"1","100","D","3","D","02","D",245,"D",.,"A",.,"A",,"A",,"A",,"A",,"A",,"A",,"A",,"A",,"A",,"A"
"20141",2676815,1,0,"1","195","D","1","D","01","D",325,"D",.,"A",.,"A",,"A",,"A",,"A",,"A",,"A",,"A",,"A",,"A",,"A"
"20141",2677355,1,0,"1","180","D","1","D","02","D",200,"D",.,"A",.,"A",,"A",,"A",,"A",,"A",,"A",,"A",,"A",,"A",,"A"
"20141",2678185,1,0,"1","140","D","1","D","01","D",1785,"D",.,"A",.,"A",,"A",,"A",,"A",,"A",,"A",,"A",,"A",,"A",,"A"
"20141",2678435,1,0,"1","195","D","1","D","01","D",800,"D",.,"A",.,"A",,"A",,"A",,"A",,"A",,"A",,"A",,"A",,"A",,"A"
"20141",2678675,1,0,"1","120","D","1","D","12","D",360,"D",.,"A",.,"A",,"A",,"A",,"A",,"A",,"A",,"A",,"A",,"A",,"A"
"20141",2678675,2,0,"1","140","D","1","D","02","D",579,"D",.,"A",.,"A",,"A",,"A",,"A",,"A",,"A",,"A",,"A",,"A",,"A"
"20141",2679025,1,0,"1","140","D","1","D","12","D",2300,"D",.,"A",.,"A",,"A",,"A",,"A",,"A",,"A",,"A",,"A",,"A",,"A"
"20141",2679075,1,0,"1","220","D","1","D","02","D",.,"H",.,"A",.,"A","100","D","140","D",,"A",,"A",,"A",,"A",,"A",,"A",,"A"
"20141",2679075,1,1,"1","100","D","1","D","02","D",1690,"E",.,"A",.,"A",,"A",,"A",,"A",,"A",,"A",,"A",,"A",,"A",,"A"
"20141",2679075,1,2,"1","140","D","1","D","02","D",470,"E",.,"A",.,"A",,"A",,"A",,"A",,"A",,"A",,"A",,"A",,"A",,"A"
"20141",2679195,1,0,"1","120","D","1","D","02","D",212,"D",.,"A",.,"A",,"A",,"A",,"A",,"A",,"A",,"A",,"A",,"A",,"A"
"20141",2679195,2,0,"1","100","D","1","D","02","D",636,"D",.,"A",.,"A",,"A",,"A",,"A",,"A",,"A",,"A",,"A",,"A",,"A"
"20141",2679195,3,0,"1","140","D","1","D","02","D",1165,"D",.,"A",.,"A",,"A",,"A",,"A",,"A",,"A",,"A",,"A",,"A",,"A"
"20141",2679195,4,0,"1","160","D","1","D","02","D",742,"D",.,"A",.,"A",,"A",,"A",,"A",,"A",,"A",,"A",,"A",,"A",,"A"
"20141",2679795,1,0,"1","120","D","1","D","02","D",60,"D",.,"A",.,"A",,"A",,"A",,"A",,"A",,"A",,"A",,"A",,"A",,"A"
"20141",2679905,1,0,"1","140","D","1","D","12","D",504,"D",.,"A",.,"A",,"A",,"A",,"A",,"A",,"A",,"A",,"A",,"A",,"A"
"20141",2680155,1,0,"1","170","D","1","D","01","D",125,"D",.,"A",.,"A",,"A",,"A",,"A",,"A",,"A",,"A",,"A",,"A",,"A"
"20141",2680444,1,0,"1","195","D","1","D","12","D",2000,"D",.,"A",.,"A",,"A",,"A",,"A",,"A",,"A",,"A",,"A",,"A",,"A"
"20141",2680504,1,0,"1","140","D","1","D","10","D",500,"D",.,"A",50,"D",,"A",,"A",,"A",,"A",,"A",,"A",,"A",,"A",,"A"
"20141",2680504,2,0,"1","100","D","1","D","10","D",500,"D",.,"A",50,"D",,"A",,"A",,"A",,"A",,"A",,"A",,"A",,"A",,"A"
"20141",2680834,1,0,"1","140","D","3","D","11","D",760,"D",.,"A",.,"A",,"A",,"A",,"A",,"A",,"A",,"A",,"A",,"A",,"A"
"20141",2680844,1,0,"1","140","D","1","D","11","D",190,"D",.,"A",.,"A",,"A",,"A",,"A",,"A",,"A",,"A",,"A",,"A",,"A"
"20141",2681554,1,0,"1","140","D","1","D","12","D",2399,"D",.,"A",.,"A",,"A",,"A",,"A",,"A",,"A",,"A",,"A",,"A",,"A"
"20141",2681824,1,0,"2","195","D","1","D","10","D",70,"D",.,"A",.,"A",,"A",,"A",,"A",,"A",,"A",,"A",,"A",,"A",,"A"
"20141",2683164,1,0,"1","120","D","1","D","11","D",265,"D",.,"A",.,"A",,"A",,"A",,"A",,"A",,"A",,"A",,"A",,"A",,"A"
"20141",2683164,2,0,"1","100","D","1","D","11","D",1386,"D",.,"A",.,"A",,"A",,"A",,"A",,"A",,"A",,"A",,"A",,"A",,"A"
"20141",2683164,3,0,"1","160","D","1","D","11","D",640,"D",.,"A",.,"A",,"A",,"A",,"A",,"A",,"A",,"A",,"A",,"A",,"A"
"20141",2684174,1,0,"1","195","D","1","D","12","D",299,"D",.,"A",40,"F",,"A",,"A",,"A",,"A",,"A",,"A",,"A",,"A",,"A"
"20141",2684424,1,0,"1","120","D","1","D","11","D",54,"D",.,"A",.,"A",,"A",,"A",,"A",,"A",,"A",,"A",,"A",,"A",,"A"
"20141",2684454,1,0,"1","160","D","1","D","12","D",50,"D",.,"A",.,"A",,"A",,"A",,"A",,"A",,"A",,"A",,"A",,"A",,"A"
"20141",2684494,1,0,"2","140","D","1","D","10","D",150,"D",.,"A",.,"A",,"A",,"A",,"A",,"A",,"A",,"A",,"A",,"A",,"A"
"20141",2684494,2,0,"2","195","D","1","D","10","D",50,"D",.,"A",.,"A",,"A",,"A",,"A",,"A",,"A",,"A",,"A",,"A",,"A"
"20141",2684734,1,0,"1","120","D","1","D","11","D",145,"D",.,"A",.,"A",,"A",,"A",,"A",,"A",,"A",,"A",,"A",,"A",,"A"
"20141",2685504,1,0,"1","195","D","1","D","11","D",420,"D",.,"A",.,"A",,"A",,"A",,"A",,"A",,"A",,"A",,"A",,"A",,"A"
"20141",2685644,1,0,"1","100","D","1","D","11","D",500,"D",.,"A",.,"A",,"A",,"A",,"A",,"A",,"A",,"A",,"A",,"A",,"A"
"20141",2685974,1,0,"2","160","D","1","D","10","D",300,"D",.,"A",.,"A",,"A",,"A",,"A",,"A",,"A",,"A",,"A",,"A",,"A"
"20141",2687034,1,0,"1","100","D","1","D","12","D",450,"D",.,"A",.,"A",,"A",,"A",,"A",,"A",,"A",,"A",,"A",,"A",,"A"
"20141",2687034,2,0,"1","140","D","1","D","12","D",1000,"D",.,"A",.,"A",,"A",,"A",,"A",,"A",,"A",,"A",,"A",,"A",,"A"
"20141",2687034,3,0,"1","160","D","1","D","12","D",550,"D",.,"A",.,"A",,"A",,"A",,"A",,"A",,"A",,"A",,"A",,"A",,"A"
"20141",2687804,1,0,"1","140","D","1","D","12","D",63,"D",.,"A",.,"A",,"A",,"A",,"A",,"A",,"A",,"A",,"A",,"A",,"A"
"20141",2690554,1,0,"1","120","D","1","D","11","D",89,"D",.,"A",.,"A",,"A",,"A",,"A",,"A",,"A",,"A",,"A",,"A",,"A"
"20141",2691264,1,0,"1","120","D","1","D","11","D",50,"D",.,"A",.,"A",,"A",,"A",,"A",,"A",,"A",,"A",,"A",,"A",,"A"
"20141",2691664,1,0,"1","160","D","1","D","11","D",600,"D",.,"A",190,"D",,"A",,"A",,"A",,"A",,"A",,"A",,"A",,"A",,"A"
"20141",2692004,1,0,"1","100","D","1","D","11","D",400,"D",.,"A",.,"A",,"A",,"A",,"A",,"A",,"A",,"A",,"A",,"A",,"A"
"20141",2692004,2,0,"1","210","D","1","D","11","D",200,"D",.,"A",.,"A",,"A",,"A",,"A",,"A",,"A",,"A",,"A",,"A",,"A"
"20141",2692004,3,0,"1","195","D","1","D","12","D",100,"D",.,"A",.,"A",,"A",,"A",,"A",,"A",,"A",,"A",,"A",,"A",,"A"
"20141",2692694,1,0,"2","180","D","1","D","11","D",250,"D",.,"A",.,"A",,"A",,"A",,"A",,"A",,"A",,"A",,"A",,"A",,"A"
"20141",2692734,1,0,"1","120","D","1","D","12","D",250,"D",.,"A",.,"A",,"A",,"A",,"A",,"A",,"A",,"A",,"A",,"A",,"A"
"20141",2692734,2,0,"1","100","D","1","D","12","D",700,"D",.,"A",.,"A",,"A",,"A",,"A",,"A",,"A",,"A",,"A",,"A",,"A"
"20141",2692734,3,0,"1","140","D","1","D","12","D",850,"D",.,"A",.,"A",,"A",,"A",,"A",,"A",,"A",,"A",,"A",,"A",,"A"
"20141",2692894,1,0,"1","160","D","1","D","01","D",735,"D",.,"A",150,"D",,"A",,"A",,"A",,"A",,"A",,"A",,"A",,"A",,"A"
"20141",2693974,1,0,"1","195","D","1","D","12","D",1900,"D",.,"A",100,"D",,"A",,"A",,"A",,"A",,"A",,"A",,"A",,"A",,"A"
"20141",2694044,1,0,"1","120","D","1","D","01","D",64,"D",.,"A",.,"A",,"A",,"A",,"A",,"A",,"A",,"A",,"A",,"A",,"A"
"20141",2694234,1,0,"1","195","D","1","D","12","D",550,"D",.,"A",.,"A",,"A",,"A",,"A",,"A",,"A",,"A",,"A",,"A",,"A"
"20141",2694264,1,0,"1","140","D","1","D","01","D",200,"D",.,"A",.,"A",,"A",,"A",,"A",,"A",,"A",,"A",,"A",,"A",,"A"
"20141",2694994,1,0,"1","195","D","1","D","12","D",125,"D",.,"A",.,"A",,"A",,"A",,"A",,"A",,"A",,"A",,"A",,"A",,"A"
"20141",2695534,1,0,"2","195","D","1","D","11","D",225,"D",.,"A",.,"A",,"A",,"A",,"A",,"A",,"A",,"A",,"A",,"A",,"A"
"20141",2695974,1,0,"1","120","D","3","D","11","D",200,"D",.,"A",.,"A",,"A",,"A",,"A",,"A",,"A",,"A",,"A",,"A",,"A"
"20141",2695974,2,0,"1","100","D","1","D","12","D",80,"D",.,"A",.,"A",,"A",,"A",,"A",,"A",,"A",,"A",,"A",,"A",,"A"
"20141",2696154,1,0,"1","160","D","1","D","01","D",1034,"D",.,"A",.,"A",,"A",,"A",,"A",,"A",,"A",,"A",,"A",,"A",,"A"
"20141",2696484,1,0,"1","195","D","1","D","12","D",1200,"D",.,"A",150,"D",,"A",,"A",,"A",,"A",,"A",,"A",,"A",,"A",,"A"
"20141",2696994,1,0,"1","195","D","1","D","01","D",1500,"D",.,"A",20,"D",,"A",,"A",,"A",,"A",,"A",,"A",,"A",,"A",,"A"
"20141",2697574,1,0,"1","100","D","1","D","01","D",5,"D",.,"A",.,"A",,"A",,"A",,"A",,"A",,"A",,"A",,"A",,"A",,"A"
"20141",2698254,1,0,"1","100","D","1","D","12","D",399,"D",.,"A",.,"A",,"A",,"A",,"A",,"A",,"A",,"A",,"A",,"A",,"A"
"20141",2698254,2,0,"1","120","D","1","D","12","D",55,"D",.,"A",.,"A",,"A",,"A",,"A",,"A",,"A",,"A",,"A",,"A",,"A"
"20141",2699004,1,0,"1","100","D","1","D","12","D",35,"D",.,"A",.,"A",,"A",,"A",,"A",,"A",,"A",,"A",,"A",,"A",,"A"
"20141",2699304,1,0,"1","195","D","2","D",,"A",.,"A",336,"D",.,"A",,"A",,"A",,"A",,"A",,"A",,"A",,"A",,"A",,"A"
"20141",2700144,1,0,"1","120","D","1","D","12","D",43,"D",.,"A",.,"A",,"A",,"A",,"A",,"A",,"A",,"A",,"A",,"A",,"A"
"20141",2700194,1,0,"1","140","D","1","D","01","D",600,"D",.,"A",.,"A",,"A",,"A",,"A",,"A",,"A",,"A",,"A",,"A",,"A"
"20141",2700714,1,0,"1","120","D","3","D","12","D",75,"D",.,"A",.,"A",,"A",,"A",,"A",,"A",,"A",,"A",,"A",,"A",,"A"
"20141",2700894,1,0,"1","140","D","1","D","01","D",1200,"D",.,"A",.,"A",,"A",,"A",,"A",,"A",,"A",,"A",,"A",,"A",,"A"
"20141",2701354,1,0,"1","140","D","1","D","12","D",1971,"D",.,"A",.,"A",,"A",,"A",,"A",,"A",,"A",,"A",,"A",,"A",,"A"
"20141",2701644,1,0,"1","210","D","1","D","01","D",276,"D",.,"A",35,"D",,"A",,"A",,"A",,"A",,"A",,"A",,"A",,"A",,"A"
"20141",2702074,1,0,"1","195","D","1","D","11","D",1000,"D",.,"A",.,"A",,"A",,"A",,"A",,"A",,"A",,"A",,"A",,"A",,"A"
"20141",2704334,1,0,"1","120","D","1","D","01","D",400,"D",.,"A",100,"D",,"A",,"A",,"A",,"A",,"A",,"A",,"A",,"A",,"A"
"20141",2705124,1,0,"2","140","D","1","D","12","D",250,"D",.,"A",.,"A",,"A",,"A",,"A",,"A",,"A",,"A",,"A",,"A",,"A"
"20141",2705254,1,0,"1","195","D","2","D",,"A",.,"A",147,"D",.,"A",,"A",,"A",,"A",,"A",,"A",,"A",,"A",,"A",,"A"
"20141",2705434,1,0,"1","120","D","1","D","02","D",65,"D",.,"A",.,"A",,"A",,"A",,"A",,"A",,"A",,"A",,"A",,"A",,"A"
"20141",2705544,1,0,"1","120","D","1","D","12","D",360,"D",.,"A",.,"A",,"A",,"A",,"A",,"A",,"A",,"A",,"A",,"A",,"A"
"20141",2706174,1,0,"2","140","D","1","D","12","D",1519,"D",.,"A",.,"A",,"A",,"A",,"A",,"A",,"A",,"A",,"A",,"A",,"A"
"20141",2706174,2,0,"2","195","D","1","D","12","D",1519,"D",.,"A",.,"A",,"A",,"A",,"A",,"A",,"A",,"A",,"A",,"A",,"A"
"20141",2706364,1,0,"1","120","D","1","D","02","D",97,"D",.,"A",.,"A",,"A",,"A",,"A",,"A",,"A",,"A",,"A",,"A",,"A"
"20141",2706634,1,0,"1","140","D","1","D","02","D",500,"D",.,"A",.,"A",,"A",,"A",,"A",,"A",,"A",,"A",,"A",,"A",,"A"
"20141",2706654,1,0,"2","120","D","1","D","12","D",16,"D",.,"A",.,"A",,"A",,"A",,"A",,"A",,"A",,"A",,"A",,"A",,"A"
"20141",2706704,1,0,"1","120","D","1","D","12","D",73,"D",.,"A",.,"A",,"A",,"A",,"A",,"A",,"A",,"A",,"A",,"A",,"A"
"20141",2706784,1,0,"1","140","D","1","D","02","D",950,"D",.,"A",.,"A",,"A",,"A",,"A",,"A",,"A",,"A",,"A",,"A",,"A"
"20141",2706834,1,0,"1","195","D","1","D","01","D",450,"D",.,"A",.,"A",,"A",,"A",,"A",,"A",,"A",,"A",,"A",,"A",,"A"
"20141",2708374,1,0,"1","120","D","1","D","02","D",53,"D",.,"A",.,"A",,"A",,"A",,"A",,"A",,"A",,"A",,"A",,"A",,"A"
"20141",2709044,1,0,"1","160","D","1","D","12","D",600,"D",.,"A",.,"A",,"A",,"A",,"A",,"A",,"A",,"A",,"A",,"A",,"A"
"20141",2709524,1,0,"1","195","D","1","D","02","D",1407,"D",.,"A",30,"D",,"A",,"A",,"A",,"A",,"A",,"A",,"A",,"A",,"A"
"20141",2709764,1,0,"1","100","D","1","D","02","D",414,"D",.,"A",.,"A",,"A",,"A",,"A",,"A",,"A",,"A",,"A",,"A",,"A"
"20141",2710024,1,0,"1","100","D","1","D","01","D",400,"D",.,"A",.,"A",,"A",,"A",,"A",,"A",,"A",,"A",,"A",,"A",,"A"
"20141",2710224,1,0,"1","195","D","1","D","12","D",650,"D",.,"A",250,"D",,"A",,"A",,"A",,"A",,"A",,"A",,"A",,"A",,"A"
"20141",2710594,1,0,"2","195","D","1","D","12","D",650,"D",.,"A",.,"A",,"A",,"A",,"A",,"A",,"A",,"A",,"A",,"A",,"A"
"20141",2710634,1,0,"1","140","D","1","D","12","D",1272,"D",.,"A",.,"A",,"A",,"A",,"A",,"A",,"A",,"A",,"A",,"A",,"A"
"20141",2710634,2,0,"2","140","D","1","D","12","D",248,"F",.,"A",.,"A",,"A",,"A",,"A",,"A",,"A",,"A",,"A",,"A",,"A"
"20141",2711034,1,0,"1","160","D","1","D","01","D",650,"D",.,"A",.,"A",,"A",,"A",,"A",,"A",,"A",,"A",,"A",,"A",,"A"
"20141",2711414,1,0,"1","120","D","1","D","01","D",130,"D",.,"A",.,"A",,"A",,"A",,"A",,"A",,"A",,"A",,"A",,"A",,"A"
"20141",2711844,1,0,"1","140","D","1","D","02","D",2041,"D",.,"A",.,"A",,"A",,"A",,"A",,"A",,"A",,"A",,"A",,"A",,"A"
"20141",2712124,1,0,"1","160","D","1","D","02","D",900,"D",.,"A",.,"A",,"A",,"A",,"A",,"A",,"A",,"A",,"A",,"A",,"A"
"20141",2713044,1,0,"1","160","D","1","D","01","D",650,"D",.,"A",.,"A",,"A",,"A",,"A",,"A",,"A",,"A",,"A",,"A",,"A"
"20141",2713064,1,0,"1","220","D","1","D","02","D",.,"H",.,"A",.,"A","140","D","100","D",,"A",,"A",,"A",,"A",,"A",,"A",,"A"
"20141",2713064,1,1,"1","140","D","1","D","02","D",3496,"E",.,"A",.,"A",,"A",,"A",,"A",,"A",,"A",,"A",,"A",,"A",,"A"
"20141",2713064,1,2,"1","100","D","1","D","02","D",8504,"E",.,"A",.,"A",,"A",,"A",,"A",,"A",,"A",,"A",,"A",,"A",,"A"
"20141",2713553,1,0,"1","100","D","1","D","10","D",550,"D",.,"A",.,"A",,"A",,"A",,"A",,"A",,"A",,"A",,"A",,"A",,"A"
"20141",2713613,1,0,"1","120","D","1","D","12","D",114,"D",.,"A",.,"A",,"A",,"A",,"A",,"A",,"A",,"A",,"A",,"A",,"A"
"20141",2713793,1,0,"1","140","D","1","D","12","D",190,"D",.,"A",.,"A",,"A",,"A",,"A",,"A",,"A",,"A",,"A",,"A",,"A"
"20141",2714353,1,0,"1","140","D","1","D","12","D",217,"D",.,"A",.,"A",,"A",,"A",,"A",,"A",,"A",,"A",,"A",,"A",,"A"
"20141",2714603,1,0,"1","140","D","1","D","12","D",300,"D",.,"A",.,"A",,"A",,"A",,"A",,"A",,"A",,"A",,"A",,"A",,"A"
"20141",2715293,1,0,"1","195","D","1","D","11","D",4413,"D",.,"A",.,"A",,"A",,"A",,"A",,"A",,"A",,"A",,"A",,"A",,"A"
"20141",2716073,1,0,"1","160","D","1","D","12","D",325,"D",.,"A",.,"A",,"A",,"A",,"A",,"A",,"A",,"A",,"A",,"A",,"A"
"20141",2716503,1,0,"1","220","D","1","D","12","D",.,"H",.,"A",.,"H","120","D","100","D","160","D","140","D",,"A",,"A",,"A",,"A",,"A"
"20141",2716503,1,1,"1","120","D","1","D","12","D",90,"E",.,"A",26,"E",,"A",,"A",,"A",,"A",,"A",,"A",,"A",,"A",,"A"
"20141",2716503,1,2,"1","100","D","1","D","12","D",1995,"E",.,"A",27,"E",,"A",,"A",,"A",,"A",,"A",,"A",,"A",,"A",,"A"
"20141",2716503,1,3,"1","160","D","1","D","12","D",616,"E",.,"A",36,"E",,"A",,"A",,"A",,"A",,"A",,"A",,"A",,"A",,"A"
"20141",2716503,1,4,"1","140","D","1","D","12","D",556,"E",.,"A",18,"E",,"A",,"A",,"A",,"A",,"A",,"A",,"A",,"A",,"A"
"20141",2716673,1,0,"1","160","D","1","D","11","D",450,"D",.,"A",.,"A",,"A",,"A",,"A",,"A",,"A",,"A",,"A",,"A",,"A"
"20141",2716773,1,0,"1","120","D","1","D","12","D",74,"D",.,"A",.,"A",,"A",,"A",,"A",,"A",,"A",,"A",,"A",,"A",,"A"
"20141",2717143,1,0,"1","160","D","1","D","12","D",100,"D",.,"A",.,"A",,"A",,"A",,"A",,"A",,"A",,"A",,"A",,"A",,"A"
"20141",2717863,1,0,"1","140","D","1","D","11","D",1166,"D",.,"A",.,"A",,"A",,"A",,"A",,"A",,"A",,"A",,"A",,"A",,"A"
"20141",2718083,1,0,"1","120","D","1","D","12","D",76,"D",.,"A",.,"A",,"A",,"A",,"A",,"A",,"A",,"A",,"A",,"A",,"A"
"20141",2718233,1,0,"1","120","D","1","D","10","D",300,"D",.,"A",.,"A",,"A",,"A",,"A",,"A",,"A",,"A",,"A",,"A",,"A"
"20141",2718413,1,0,"1","100","D","1","D","11","D",868,"D",.,"A",.,"A",,"A",,"A",,"A",,"A",,"A",,"A",,"A",,"A",,"A"
"20141",2718643,1,0,"1","120","D","1","D","10","D",326,"D",.,"A",.,"A",,"A",,"A",,"A",,"A",,"A",,"A",,"A",,"A",,"A"
"20141",2718783,1,0,"2","195","D","1","D","10","D",326,"D",.,"A",.,"A",,"A",,"A",,"A",,"A",,"A",,"A",,"A",,"A",,"A"
"20141",2718863,1,0,"1","220","D","1","D","11","D",.,"H",.,"A",.,"A","140","D","170","D","120","D","100","D",,"A",,"A",,"A",,"A",,"A"
"20141",2718863,1,1,"1","140","D","1","D","11","D",2215,"E",.,"A",.,"A",,"A",,"A",,"A",,"A",,"A",,"A",,"A",,"A",,"A"
"20141",2718863,1,2,"1","100","D","1","D","11","D",1385,"E",.,"A",.,"A",,"A",,"A",,"A",,"A",,"A",,"A",,"A",,"A",,"A"
"20141",2719003,1,0,"1","195","D","1","D","11","D",240,"D",.,"A",.,"A",,"A",,"A",,"A",,"A",,"A",,"A",,"A",,"A",,"A"
"20141",2719093,1,0,"1","220","D","1","D","11","D",.,"H",.,"A",.,"A","120","D","140","D","160","D","100","D",,"A",,"A",,"A",,"A",,"A"
"20141",2719093,1,1,"1","120","D","1","D","11","D",679,"E",.,"A",.,"A",,"A",,"A",,"A",,"A",,"A",,"A",,"A",,"A",,"A"
"20141",2719093,1,2,"1","140","D","1","D","11","D",643,"E",.,"A",.,"A",,"A",,"A",,"A",,"A",,"A",,"A",,"A",,"A",,"A"
"20141",2719093,1,3,"1","160","D","1","D","11","D",595,"E",.,"A",.,"A",,"A",,"A",,"A",,"A",,"A",,"A",,"A",,"A",,"A"
"20141",2719093,1,4,"1","100","D","1","D","11","D",1565,"E",.,"A",.,"A",,"A",,"A",,"A",,"A",,"A",,"A",,"A",,"A",,"A"
"20141",2720853,1,0,"2","160","D","1","D","10","D",685,"D",.,"A",125,"D",,"A",,"A",,"A",,"A",,"A",,"A",,"A",,"A",,"A"
"20141",2720903,1,0,"1","140","D","1","D","10","D",195,"D",.,"A",.,"A",,"A",,"A",,"A",,"A",,"A",,"A",,"A",,"A",,"A"
"20141",2720903,2,0,"1","160","D","1","D","11","D",100,"D",.,"A",.,"A",,"A",,"A",,"A",,"A",,"A",,"A",,"A",,"A",,"A"
"20141",2721263,1,0,"1","120","D","1","D","11","D",300,"D",.,"A",.,"A",,"A",,"A",,"A",,"A",,"A",,"A",,"A",,"A",,"A"
"20141",2721953,1,0,"1","195","D","1","D","12","D",535,"D",.,"A",.,"A",,"A",,"A",,"A",,"A",,"A",,"A",,"A",,"A",,"A"
"20141",2722163,1,0,"1","100","D","1","D","11","D",450,"D",.,"A",.,"A",,"A",,"A",,"A",,"A",,"A",,"A",,"A",,"A",,"A"
"20141",2722473,1,0,"1","120","D","1","D","11","D",60,"D",.,"A",.,"A",,"A",,"A",,"A",,"A",,"A",,"A",,"A",,"A",,"A"
"20141",2722653,1,0,"1","120","D","1","D","11","D",100,"D",.,"A",.,"A",,"A",,"A",,"A",,"A",,"A",,"A",,"A",,"A",,"A"
"20141",2722763,1,0,"1","195","D","1","D","11","D",362,"D",.,"A",.,"A",,"A",,"A",,"A",,"A",,"A",,"A",,"A",,"A",,"A"
"20141",2722763,2,0,"1","195","D","1","D","11","D",310,"D",.,"A",.,"A",,"A",,"A",,"A",,"A",,"A",,"A",,"A",,"A",,"A"
"20141",2722823,1,0,"1","120","D","3","D","12","D",150,"D",.,"A",.,"A",,"A",,"A",,"A",,"A",,"A",,"A",,"A",,"A",,"A"
"20141",2723383,1,0,"1","160","D","1","D","12","D",500,"D",.,"A",.,"A",,"A",,"A",,"A",,"A",,"A",,"A",,"A",,"A",,"A"
"20141",2723503,1,0,"1","120","D","1","D","11","D",80,"D",.,"A",.,"A",,"A",,"A",,"A",,"A",,"A",,"A",,"A",,"A",,"A"
"20141",2725113,1,0,"1","120","D","1","D","11","D",300,"F",.,"A",.,"A",,"A",,"A",,"A",,"A",,"A",,"A",,"A",,"A",,"A"
"20141",2725333,1,0,"1","195","D","1","D","01","D",150,"D",.,"A",.,"A",,"A",,"A",,"A",,"A",,"A",,"A",,"A",,"A",,"A"
"20141",2726323,1,0,"2","120","D","1","D","11","D",63,"D",.,"A",.,"A",,"A",,"A",,"A",,"A",,"A",,"A",,"A",,"A",,"A"
"20141",2728093,1,0,"1","120","D","1","D","11","D",199,"D",.,"A",.,"A",,"A",,"A",,"A",,"A",,"A",,"A",,"A",,"A",,"A"
"20141",2728363,1,0,"1","140","D","1","D","01","D",279,"D",.,"A",.,"A",,"A",,"A",,"A",,"A",,"A",,"A",,"A",,"A",,"A"
"20141",2728843,1,0,"1","140","D","1","D","11","D",450,"D",.,"A",.,"A",,"A",,"A",,"A",,"A",,"A",,"A",,"A",,"A",,"A"
"20141",2728873,1,0,"1","100","D","1","D","01","D",1700,"D",.,"A",.,"A",,"A",,"A",,"A",,"A",,"A",,"A",,"A",,"A",,"A"
"20141",2728963,1,0,"1","140","D","1","D","12","D",1969,"D",.,"A",.,"A",,"A",,"A",,"A",,"A",,"A",,"A",,"A",,"A",,"A"
"20141",2729113,1,0,"1","195","D","1","D","12","D",433,"D",.,"A",.,"A",,"A",,"A",,"A",,"A",,"A",,"A",,"A",,"A",,"A"
"20141",2729313,1,0,"2","120","D","1","D","11","D",92,"D",.,"A",.,"A",,"A",,"A",,"A",,"A",,"A",,"A",,"A",,"A",,"A"
"20141",2729383,1,0,"1","220","D","1","D","01","D",.,"H",.,"A",.,"A","220","D","120","D",,"A",,"A",,"A",,"A",,"A",,"A",,"A"
"20141",2729383,1,1,"1","120","D","1","D","01","D",10,"E",.,"A",.,"A",,"A",,"A",,"A",,"A",,"A",,"A",,"A",,"A",,"A"
"20141",2729383,1,2,"1","140","D","1","D","01","D",50,"E",.,"A",.,"A",,"A",,"A",,"A",,"A",,"A",,"A",,"A",,"A",,"A"
"20141",2730103,1,0,"2","140","D","1","D","11","D",1800,"D",.,"A",.,"A",,"A",,"A",,"A",,"A",,"A",,"A",,"A",,"A",,"A"
"20141",2730393,1,0,"1","195","D","1","D","01","D",120,"D",.,"A",.,"A",,"A",,"A",,"A",,"A",,"A",,"A",,"A",,"A",,"A"
"20141",2730845,1,0,"1","120","D","1","D","01","D",500,"D",.,"A",.,"A",,"A",,"A",,"A",,"A",,"A",,"A",,"A",,"A",,"A"
"20141",2730883,1,0,"1","195","D","1","D","11","D",600,"D",.,"A",.,"A",,"A",,"A",,"A",,"A",,"A",,"A",,"A",,"A",,"A"
"20141",2731333,1,0,"1","180","D","1","D","12","D",206,"D",.,"A",1,"D",,"A",,"A",,"A",,"A",,"A",,"A",,"A",,"A",,"A"
"20141",2732593,1,0,"2","100","D","3","D","11","D",350,"D",.,"A",.,"A",,"A",,"A",,"A",,"A",,"A",,"A",,"A",,"A",,"A"
"20141",2732603,1,0,"1","160","D","1","D","12","D",54,"D",.,"A",.,"A",,"A",,"A",,"A",,"A",,"A",,"A",,"A",,"A",,"A"
"20141",2732863,1,0,"1","120","D","1","D","12","D",106,"D",.,"A",.,"A",,"A",,"A",,"A",,"A",,"A",,"A",,"A",,"A",,"A"
"20141",2733443,1,0,"1","140","D","1","D","11","D",1100,"D",.,"A",.,"A",,"A",,"A",,"A",,"A",,"A",,"A",,"A",,"A",,"A"
"20141",2733473,1,0,"1","195","D","1","D","12","D",600,"D",.,"A",.,"A",,"A",,"A",,"A",,"A",,"A",,"A",,"A",,"A",,"A"
"20141",2733523,1,0,"1","100","D","1","D","12","D",1300,"D",.,"A",.,"A",,"A",,"A",,"A",,"A",,"A",,"A",,"A",,"A",,"A"
"20141",2733683,1,0,"1","195","D","1","D","12","D",432,"D",.,"A",.,"A",,"A",,"A",,"A",,"A",,"A",,"A",,"A",,"A",,"A"
"20141",2733983,1,0,"1","120","D","1","D","12","D",63,"D",.,"A",.,"A",,"A",,"A",,"A",,"A",,"A",,"A",,"A",,"A",,"A"
"20141",2735073,1,0,"1","120","D","1","D","12","D",213,"D",.,"A",.,"A",,"A",,"A",,"A",,"A",,"A",,"A",,"A",,"A",,"A"
"20141",2735163,1,0,"1","140","D","1","D","01","D",220,"D",.,"A",.,"A",,"A",,"A",,"A",,"A",,"A",,"A",,"A",,"A",,"A"
"20141",2735513,1,0,"1","195","D","1","D","11","D",450,"D",.,"A",.,"A",,"A",,"A",,"A",,"A",,"A",,"A",,"A",,"A",,"A"
"20141",2737063,1,0,"1","195","D","1","D","02","D",1010,"D",.,"A",40,"D",,"A",,"A",,"A",,"A",,"A",,"A",,"A",,"A",,"A"
"20141",2737083,1,0,"1","180","D","1","D","01","D",52,"D",.,"A",.,"A",,"A",,"A",,"A",,"A",,"A",,"A",,"A",,"A",,"A"
"20141",2737623,1,0,"1","100","D","1","D","12","D",600,"D",.,"A",.,"A",,"A",,"A",,"A",,"A",,"A",,"A",,"A",,"A",,"A"
"20141",2737893,1,0,"1","120","D","1","D","02","D",210,"D",.,"A",.,"A",,"A",,"A",,"A",,"A",,"A",,"A",,"A",,"A",,"A"
"20141",2737933,1,0,"1","140","D","1","D","02","D",2000,"D",.,"A",.,"A",,"A",,"A",,"A",,"A",,"A",,"A",,"A",,"A",,"A"
"20141",2738103,1,0,"1","195","D","1","D","02","D",130,"D",.,"A",.,"A",,"A",,"A",,"A",,"A",,"A",,"A",,"A",,"A",,"A"
"20141",2738343,1,0,"1","195","D","1","D","02","D",600,"D",.,"A",.,"A",,"A",,"A",,"A",,"A",,"A",,"A",,"A",,"A",,"A"
"20141",2738453,1,0,"2","140","D","3","D","12","D",500,"D",.,"A",.,"A",,"A",,"A",,"A",,"A",,"A",,"A",,"A",,"A",,"A"
"20141",2738743,1,0,"1","100","D","1","D","02","D",450,"D",.,"A",.,"A",,"A",,"A",,"A",,"A",,"A",,"A",,"A",,"A",,"A"
"20141",2738743,2,0,"1","140","D","1","D","02","D",996,"D",.,"A",.,"A",,"A",,"A",,"A",,"A",,"A",,"A",,"A",,"A",,"A"
"20141",2739413,1,0,"1","120","D","1","D","02","D",59,"D",.,"A",.,"A",,"A",,"A",,"A",,"A",,"A",,"A",,"A",,"A",,"A"
"20141",2739493,1,0,"1","120","D","1","D","12","D",50,"D",.,"A",.,"A",,"A",,"A",,"A",,"A",,"A",,"A",,"A",,"A",,"A"
"20141",2740183,1,0,"1","180","D","1","D","01","D",277,"D",.,"A",.,"A",,"A",,"A",,"A",,"A",,"A",,"A",,"A",,"A",,"A"
"20141",2740223,1,0,"1","220","D","1","D","12","D",.,"H",.,"A",.,"A","220","D","180","D",,"A",,"A",,"A",,"A",,"A",,"A",,"A"
"20141",2740223,1,1,"1","120","D","1","D","12","D",38,"E",.,"A",.,"A",,"A",,"A",,"A",,"A",,"A",,"A",,"A",,"A",,"A"
"20141",2740223,1,2,"1","180","D","1","D","12","D",213,"E",.,"A",.,"A",,"A",,"A",,"A",,"A",,"A",,"A",,"A",,"A",,"A"
"20141",2740223,1,3,"1","195","D","1","D","12","D",138,"E",.,"A",.,"A",,"A",,"A",,"A",,"A",,"A",,"A",,"A",,"A",,"A"
"20141",2741633,1,0,"1","140","D","1","D","02","D",1949,"D",.,"A",.,"A",,"A",,"A",,"A",,"A",,"A",,"A",,"A",,"A",,"A"
"20141",2741633,2,0,"1","100","D","1","D","01","D",366,"D",.,"A",.,"A",,"A",,"A",,"A",,"A",,"A",,"A",,"A",,"A",,"A"
"20141",2741633,3,0,"1","120","D","1","D","01","D",27,"D",.,"A",.,"A",,"A",,"A",,"A",,"A",,"A",,"A",,"A",,"A",,"A"
"20141",2742173,1,0,"1","140","D","3","D","02","D",2000,"D",.,"A",.,"A",,"A",,"A",,"A",,"A",,"A",,"A",,"A",,"A",,"A"
"20141",2742173,2,0,"1","195","D","3","D","02","D",1800,"D",.,"A",.,"A",,"A",,"A",,"A",,"A",,"A",,"A",,"A",,"A",,"A"
"20141",2742273,1,0,"1","160","D","1","D","12","D",721,"D",.,"A",150,"D",,"A",,"A",,"A",,"A",,"A",,"A",,"A",,"A",,"A"
"20141",2742443,1,0,"1","120","D","1","D","12","D",80,"D",.,"A",.,"A",,"A",,"A",,"A",,"A",,"A",,"A",,"A",,"A",,"A"
"20141",2742853,1,0,"1","100","D","1","D","02","D",300,"D",.,"A",.,"A",,"A",,"A",,"A",,"A",,"A",,"A",,"A",,"A",,"A"
"20141",2742893,1,0,"1","120","D","1","D","02","D",50,"D",.,"A",.,"A",,"A",,"A",,"A",,"A",,"A",,"A",,"A",,"A",,"A"
"20141",2743003,1,0,"1","120","D","1","D","01","D",314,"D",.,"A",.,"A",,"A",,"A",,"A",,"A",,"A",,"A",,"A",,"A",,"A"
"20141",2743063,1,0,"1","120","D","1","D","02","D",60,"D",.,"A",.,"A",,"A",,"A",,"A",,"A",,"A",,"A",,"A",,"A",,"A"
"20141",2743173,1,0,"1","140","D","1","D","01","D",650,"D",.,"A",50,"D",,"A",,"A",,"A",,"A",,"A",,"A",,"A",,"A",,"A"
"20141",2743263,1,0,"1","120","D","1","D","12","D",76,"D",.,"A",.,"A",,"A",,"A",,"A",,"A",,"A",,"A",,"A",,"A",,"A"
"20141",2744273,1,0,"1","180","D","1","D","02","D",426,"D",.,"A",.,"A",,"A",,"A",,"A",,"A",,"A",,"A",,"A",,"A",,"A"
"20141",2744373,1,0,"1","170","D","1","D","02","D",666,"D",.,"A",3,"D",,"A",,"A",,"A",,"A",,"A",,"A",,"A",,"A",,"A"
"20141",2745233,1,0,"1","120","D","1","D","01","D",168,"D",.,"A",.,"A",,"A",,"A",,"A",,"A",,"A",,"A",,"A",,"A",,"A"
"20141",2745323,1,0,"1","220","D","1","D","02","D",.,"H",.,"A",.,"A","120","D","100","D","170","D","140","D",,"A",,"A",,"A",,"A",,"A"
"20141",2745323,1,1,"1","120","D","1","D","02","D",97,"E",.,"A",.,"A",,"A",,"A",,"A",,"A",,"A",,"A",,"A",,"A",,"A"
"20141",2745323,1,2,"1","100","D","1","D","02","D",676,"E",.,"A",.,"A",,"A",,"A",,"A",,"A",,"A",,"A",,"A",,"A",,"A"
"20141",2745323,1,3,"1","140","D","1","D","02","D",1614,"E",.,"A",.,"A",,"A",,"A",,"A",,"A",,"A",,"A",,"A",,"A",,"A"
"20141",2745543,1,0,"1","120","D","1","D","01","D",500,"D",.,"A",.,"A",,"A",,"A",,"A",,"A",,"A",,"A",,"A",,"A",,"A"
"20141",2745623,1,0,"1","210","D","1","D","02","D",245,"D",.,"A",.,"A",,"A",,"A",,"A",,"A",,"A",,"A",,"A",,"A",,"A"
"20141",2746393,1,0,"1","180","D","1","D","01","D",250,"D",.,"A",1,"F",,"A",,"A",,"A",,"A",,"A",,"A",,"A",,"A",,"A"
"20141",2746913,1,0,"1","120","D","1","D","01","D",53,"D",.,"A",.,"A",,"A",,"A",,"A",,"A",,"A",,"A",,"A",,"A",,"A"
"20141",2747063,1,0,"1","120","D","1","D","01","D",110,"D",.,"A",.,"A",,"A",,"A",,"A",,"A",,"A",,"A",,"A",,"A",,"A"
"20141",2747303,1,0,"1","140","D","1","D","11","D",450,"D",.,"A",.,"A",,"A",,"A",,"A",,"A",,"A",,"A",,"A",,"A",,"A"
"20141",2747452,1,0,"1","195","D","1","D","12","D",500,"D",.,"A",.,"A",,"A",,"A",,"A",,"A",,"A",,"A",,"A",,"A",,"A"
"20141",2747512,1,0,"1","120","D","1","D","12","D",220,"D",.,"A",80,"D",,"A",,"A",,"A",,"A",,"A",,"A",,"A",,"A",,"A"
"20141",2747532,1,0,"1","100","D","1","D","10","D",800,"D",.,"A",.,"A",,"A",,"A",,"A",,"A",,"A",,"A",,"A",,"A",,"A"
"20141",2747822,1,0,"1","195","D","1","D","12","D",700,"D",.,"A",.,"A",,"A",,"A",,"A",,"A",,"A",,"A",,"A",,"A",,"A"
"20141",2747895,1,0,"1","195","D","2","D",,"A",.,"A",385,"D",.,"A",,"A",,"A",,"A",,"A",,"A",,"A",,"A",,"A",,"A"
"20141",2748192,1,0,"1","140","D","1","D","10","D",2400,"D",.,"A",.,"A",,"A",,"A",,"A",,"A",,"A",,"A",,"A",,"A",,"A"
"20141",2748602,1,0,"1","140","D","1","D","11","D",1500,"D",.,"A",.,"A",,"A",,"A",,"A",,"A",,"A",,"A",,"A",,"A",,"A"
"20141",2748602,2,0,"2","195","D","1","D","10","D",400,"D",.,"A",.,"A",,"A",,"A",,"A",,"A",,"A",,"A",,"A",,"A",,"A"
"20141",2749172,1,0,"1","195","D","1","D","10","D",503,"D",.,"A",.,"A",,"A",,"A",,"A",,"A",,"A",,"A",,"A",,"A",,"A"
"20141",2749172,2,0,"2","195","D","1","D","10","D",474,"D",.,"A",40,"D",,"A",,"A",,"A",,"A",,"A",,"A",,"A",,"A",,"A"
"20141",2749352,1,0,"1","140","D","1","D","10","D",88,"D",.,"A",.,"A",,"A",,"A",,"A",,"A",,"A",,"A",,"A",,"A",,"A"
"20141",2749452,1,0,"1","120","D","1","D","11","D",52,"D",.,"A",.,"A",,"A",,"A",,"A",,"A",,"A",,"A",,"A",,"A",,"A"
"20141",2749452,2,0,"1","140","D","1","D","10","D",200,"D",.,"A",.,"A",,"A",,"A",,"A",,"A",,"A",,"A",,"A",,"A",,"A"
"20141",2749622,1,0,"1","120","D","1","D","12","D",130,"D",.,"A",.,"A",,"A",,"A",,"A",,"A",,"A",,"A",,"A",,"A",,"A"
"20141",2750072,1,0,"1","195","D","1","D","11","D",1624,"D",.,"A",150,"D",,"A",,"A",,"A",,"A",,"A",,"A",,"A",,"A",,"A"
"20141",2750132,1,0,"1","120","D","1","D","11","D",72,"D",.,"A",.,"A",,"A",,"A",,"A",,"A",,"A",,"A",,"A",,"A",,"A"
"20141",2750162,1,0,"1","140","D","3","D","12","D",1800,"D",.,"A",100,"D",,"A",,"A",,"A",,"A",,"A",,"A",,"A",,"A",,"A"
"20141",2750162,2,0,"1","180","D","3","D","12","D",140,"D",.,"A",80,"D",,"A",,"A",,"A",,"A",,"A",,"A",,"A",,"A",,"A"
"20141",2750162,3,0,"1","100","D","3","D","12","D",1300,"D",.,"A",30,"D",,"A",,"A",,"A",,"A",,"A",,"A",,"A",,"A",,"A"
"20141",2750162,4,0,"1","120","D","3","D","12","D",280,"D",.,"A",70,"D",,"A",,"A",,"A",,"A",,"A",,"A",,"A",,"A",,"A"
"20141",2750162,5,0,"1","160","D","3","D","12","D",600,"D",.,"A",100,"D",,"A",,"A",,"A",,"A",,"A",,"A",,"A",,"A",,"A"
"20141",2750372,1,0,"1","140","D","1","D","10","D",198,"D",.,"A",.,"A",,"A",,"A",,"A",,"A",,"A",,"A",,"A",,"A",,"A"
"20141",2750562,1,0,"1","120","D","1","D","12","D",220,"D",.,"A",.,"A",,"A",,"A",,"A",,"A",,"A",,"A",,"A",,"A",,"A"
"20141",2750712,1,0,"1","120","D","1","D","12","D",37,"D",.,"A",.,"A",,"A",,"A",,"A",,"A",,"A",,"A",,"A",,"A",,"A"
"20141",2751132,1,0,"2","140","D","1","D","10","D",103,"D",.,"A",.,"A",,"A",,"A",,"A",,"A",,"A",,"A",,"A",,"A",,"A"
"20141",2751232,1,0,"1","120","D","1","D","12","D",124,"D",.,"A",.,"A",,"A",,"A",,"A",,"A",,"A",,"A",,"A",,"A",,"A"
"20141",2751643,1,0,"1","140","D","1","D","12","D",146,"D",.,"A",.,"A",,"A",,"A",,"A",,"A",,"A",,"A",,"A",,"A",,"A"
"20141",2751912,1,0,"1","120","D","1","D","12","D",178,"D",.,"A",.,"A",,"A",,"A",,"A",,"A",,"A",,"A",,"A",,"A",,"A"
"20141",2751912,2,0,"1","195","D","1","D","11","D",1394,"D",.,"A",.,"A",,"A",,"A",,"A",,"A",,"A",,"A",,"A",,"A",,"A"
"20141",2752383,1,0,"1","120","D","1","D","11","D",50,"D",.,"A",.,"A",,"A",,"A",,"A",,"A",,"A",,"A",,"A",,"A",,"A"
"20141",2752522,1,0,"2","195","D","1","D","10","D",700,"D",.,"A",.,"A",,"A",,"A",,"A",,"A",,"A",,"A",,"A",,"A",,"A"
"20141",2752612,1,0,"1","120","D","1","D","12","D",185,"D",.,"A",.,"A",,"A",,"A",,"A",,"A",,"A",,"A",,"A",,"A",,"A"
"20141",2752622,1,0,"1","210","D","1","D","11","D",214,"D",.,"A",.,"A",,"A",,"A",,"A",,"A",,"A",,"A",,"A",,"A",,"A"
"20141",2752702,1,0,"1","140","D","1","D","12","D",470,"D",.,"A",.,"A",,"A",,"A",,"A",,"A",,"A",,"A",,"A",,"A",,"A"
"20141",2752772,1,0,"1","120","D","1","D","12","D",150,"D",.,"A",.,"A",,"A",,"A",,"A",,"A",,"A",,"A",,"A",,"A",,"A"
"20141",2752842,1,0,"1","120","D","1","D","11","D",42,"D",.,"A",.,"A",,"A",,"A",,"A",,"A",,"A",,"A",,"A",,"A",,"A"
"20141",2752942,1,0,"2","220","D","1","D","10","D",.,"H",.,"A",.,"A","120","D","160","D",,"A",,"A",,"A",,"A",,"A",,"A",,"A"
"20141",2752942,1,1,"2","120","D","1","D","10","D",122,"E",.,"A",.,"A",,"A",,"A",,"A",,"A",,"A",,"A",,"A",,"A",,"A"
"20141",2752942,1,2,"2","160","D","1","D","10","D",428,"E",.,"A",.,"A",,"A",,"A",,"A",,"A",,"A",,"A",,"A",,"A",,"A"
"20141",2753242,1,0,"1","160","D","1","D","12","D",543,"D",.,"A",.,"A",,"A",,"A",,"A",,"A",,"A",,"A",,"A",,"A",,"A"
"20141",2753382,1,0,"1","195","D","1","D","11","D",1500,"D",.,"A",150,"D",,"A",,"A",,"A",,"A",,"A",,"A",,"A",,"A",,"A"
"20141",2753412,1,0,"1","195","D","1","D","11","D",1700,"D",.,"A",.,"A",,"A",,"A",,"A",,"A",,"A",,"A",,"A",,"A",,"A"
"20141",2753572,1,0,"1","140","D","1","D","11","D",1500,"D",.,"A",.,"A",,"A",,"A",,"A",,"A",,"A",,"A",,"A",,"A",,"A"
"20141",2753572,2,0,"1","180","D","1","D","11","D",100,"D",.,"A",250,"D",,"A",,"A",,"A",,"A",,"A",,"A",,"A",,"A",,"A"
"20141",2754365,1,0,"1","220","D","2","D",,"A",.,"A",.,"H",.,"A","195","D","140","D",,"A",,"A",,"A",,"A",,"A",,"A",,"A"
"20141",2754365,1,1,"1","195","D","2","D",,"A",.,"A",193,"E",.,"A",,"A",,"A",,"A",,"A",,"A",,"A",,"A",,"A",,"A"
"20141",2754365,1,2,"1","140","D","2","D",,"A",.,"A",141,"E",.,"A",,"A",,"A",,"A",,"A",,"A",,"A",,"A",,"A",,"A"
"20141",2754392,1,0,"1","120","D","1","D","12","D",250,"D",.,"A",50,"D",,"A",,"A",,"A",,"A",,"A",,"A",,"A",,"A",,"A"
"20141",2754652,1,0,"1","160","D","1","D","11","D",239,"D",.,"A",200,"D",,"A",,"A",,"A",,"A",,"A",,"A",,"A",,"A",,"A"
"20141",2755452,1,0,"1","220","D","2","D",,"A",.,"A",.,"H",.,"A","140","D","220","D","195","D",,"A",,"A",,"A",,"A",,"A",,"A"
"20141",2755452,1,1,"1","140","D","2","D",,"A",.,"A",295,"E",.,"A",,"A",,"A",,"A",,"A",,"A",,"A",,"A",,"A",,"A"
"20141",2755452,1,2,"1","195","D","2","D",,"A",.,"A",407,"E",.,"A",,"A",,"A",,"A",,"A",,"A",,"A",,"A",,"A",,"A"
"20141",2755712,1,0,"1","195","D","1","D","11","D",696,"D",.,"A",50,"D",,"A",,"A",,"A",,"A",,"A",,"A",,"A",,"A",,"A"
"20141",2756162,1,0,"1","195","D","1","D","10","D",1095,"D",.,"A",.,"A",,"A",,"A",,"A",,"A",,"A",,"A",,"A",,"A",,"A"
"20141",2756162,2,0,"1","140","D","1","D","11","D",230,"D",.,"A",.,"A",,"A",,"A",,"A",,"A",,"A",,"A",,"A",,"A",,"A"
"20141",2756732,1,0,"2","195","D","1","D","10","D",1500,"D",.,"A",100,"D",,"A",,"A",,"A",,"A",,"A",,"A",,"A",,"A",,"A"
"20141",2756822,1,0,"1","100","D","1","D","12","D",900,"D",.,"A",.,"A",,"A",,"A",,"A",,"A",,"A",,"A",,"A",,"A",,"A"
"20141",2756822,2,0,"1","170","D","1","D","11","D",600,"D",.,"A",.,"A",,"A",,"A",,"A",,"A",,"A",,"A",,"A",,"A",,"A"
"20141",2756832,1,0,"1","195","D","1","D","10","D",1200,"D",.,"A",.,"A",,"A",,"A",,"A",,"A",,"A",,"A",,"A",,"A",,"A"
"20141",2757532,1,0,"1","195","D","1","D","11","D",544,"D",.,"A",.,"A",,"A",,"A",,"A",,"A",,"A",,"A",,"A",,"A",,"A"
"20141",2757654,1,0,"1","100","D","1","D","10","D",922,"D",.,"A",.,"A",,"A",,"A",,"A",,"A",,"A",,"A",,"A",,"A",,"A"
"20141",2757792,1,0,"1","120","D","1","D","12","D",185,"D",.,"A",.,"A",,"A",,"A",,"A",,"A",,"A",,"A",,"A",,"A",,"A"
"20141",2757892,1,0,"1","120","D","1","D","12","D",45,"D",.,"A",.,"A",,"A",,"A",,"A",,"A",,"A",,"A",,"A",,"A",,"A"
"20141",2758052,1,0,"1","120","D","1","D","11","D",74,"D",.,"A",.,"A",,"A",,"A",,"A",,"A",,"A",,"A",,"A",,"A",,"A"
"20141",2758412,1,0,"1","120","D","1","D","01","D",79,"D",.,"A",.,"A",,"A",,"A",,"A",,"A",,"A",,"A",,"A",,"A",,"A"
"20141",2758842,1,0,"1","120","D","1","D","12","D",60,"D",.,"A",.,"A",,"A",,"A",,"A",,"A",,"A",,"A",,"A",,"A",,"A"
"20141",2759832,1,0,"2","100","D","1","D","11","D",106,"D",.,"A",.,"A",,"A",,"A",,"A",,"A",,"A",,"A",,"A",,"A",,"A"
"20141",2759832,2,0,"2","140","D","1","D","11","D",106,"D",.,"A",.,"A",,"A",,"A",,"A",,"A",,"A",,"A",,"A",,"A",,"A"
"20141",2759952,1,0,"1","195","D","1","D","11","D",1500,"D",.,"A",.,"A",,"A",,"A",,"A",,"A",,"A",,"A",,"A",,"A",,"A"
"20141",2760872,1,0,"1","195","D","1","D","11","D",570,"D",.,"A",.,"A",,"A",,"A",,"A",,"A",,"A",,"A",,"A",,"A",,"A"
"20141",2760872,2,0,"2","195","D","1","D","11","D",629,"D",.,"A",.,"A",,"A",,"A",,"A",,"A",,"A",,"A",,"A",,"A",,"A"
"20141",2761242,1,0,"1","170","D","1","D","12","D",453,"D",.,"A",.,"A",,"A",,"A",,"A",,"A",,"A",,"A",,"A",,"A",,"A"
"20141",2761602,1,0,"1","120","D","1","D","12","D",50,"D",.,"A",.,"A",,"A",,"A",,"A",,"A",,"A",,"A",,"A",,"A",,"A"
"20141",2762182,1,0,"1","195","D","1","D","11","D",150,"D",.,"A",.,"A",,"A",,"A",,"A",,"A",,"A",,"A",,"A",,"A",,"A"
"20141",2762182,2,0,"2","120","D","1","D","11","D",35,"D",.,"A",.,"A",,"A",,"A",,"A",,"A",,"A",,"A",,"A",,"A",,"A"
"20141",2762412,1,0,"1","120","D","1","D","01","D",50,"D",.,"A",.,"A",,"A",,"A",,"A",,"A",,"A",,"A",,"A",,"A",,"A"
"20141",2762842,1,0,"1","195","D","1","D","12","D",350,"D",.,"A",.,"A",,"A",,"A",,"A",,"A",,"A",,"A",,"A",,"A",,"A"
"20141",2763342,1,0,"1","100","D","1","D","11","D",600,"D",.,"A",.,"A",,"A",,"A",,"A",,"A",,"A",,"A",,"A",,"A",,"A"
"20141",2763722,1,0,"1","120","D","1","D","11","D",45,"D",.,"A",.,"A",,"A",,"A",,"A",,"A",,"A",,"A",,"A",,"A",,"A"
"20141",2763964,1,0,"1","195","D","1","D","01","D",400,"D",.,"A",.,"A",,"A",,"A",,"A",,"A",,"A",,"A",,"A",,"A",,"A"
"20141",2763964,2,0,"2","140","D","1","D","11","D",600,"D",.,"A",.,"A",,"A",,"A",,"A",,"A",,"A",,"A",,"A",,"A",,"A"
"20141",2764992,1,0,"1","120","D","1","D","01","D",75,"D",.,"A",.,"A",,"A",,"A",,"A",,"A",,"A",,"A",,"A",,"A",,"A"
"20141",2765052,1,0,"1","160","D","1","D","11","D",480,"D",.,"A",.,"A",,"A",,"A",,"A",,"A",,"A",,"A",,"A",,"A",,"A"
"20141",2765602,1,0,"1","120","D","1","D","11","D",100,"D",.,"A",.,"A",,"A",,"A",,"A",,"A",,"A",,"A",,"A",,"A",,"A"
"20141",2765742,1,0,"1","120","D","1","D","12","D",61,"D",.,"A",.,"A",,"A",,"A",,"A",,"A",,"A",,"A",,"A",,"A",,"A"
"20141",2765792,1,0,"1","195","D","1","D","11","D",92,"D",.,"A",.,"A",,"A",,"A",,"A",,"A",,"A",,"A",,"A",,"A",,"A"
"20141",2766352,1,0,"2","195","D","1","D","11","D",615,"D",.,"A",.,"A",,"A",,"A",,"A",,"A",,"A",,"A",,"A",,"A",,"A"
"20141",2766552,1,0,"2","195","D","1","D","11","D",523,"D",.,"A",.,"A",,"A",,"A",,"A",,"A",,"A",,"A",,"A",,"A",,"A"
"20141",2767092,1,0,"1","120","D","1","D","12","D",100,"D",.,"A",.,"A",,"A",,"A",,"A",,"A",,"A",,"A",,"A",,"A",,"A"
"20141",2767493,1,0,"1","195","D","1","D","11","D",275,"D",.,"A",.,"A",,"A",,"A",,"A",,"A",,"A",,"A",,"A",,"A",,"A"
"20141",2767652,1,0,"1","195","D","1","D","01","D",1600,"D",.,"A",50,"D",,"A",,"A",,"A",,"A",,"A",,"A",,"A",,"A",,"A"
"20141",2767904,1,0,"1","120","D","1","D","12","D",50,"D",.,"A",.,"A",,"A",,"A",,"A",,"A",,"A",,"A",,"A",,"A",,"A"
"20141",2768955,1,0,"1","120","D","1","D","11","D",63,"D",.,"A",.,"A",,"A",,"A",,"A",,"A",,"A",,"A",,"A",,"A",,"A"
"20141",2769082,1,0,"1","140","D","1","D","01","D",950,"D",.,"A",.,"A",,"A",,"A",,"A",,"A",,"A",,"A",,"A",,"A",,"A"
"20141",2769182,1,0,"1","120","D","1","D","01","D",60,"D",.,"A",.,"A",,"A",,"A",,"A",,"A",,"A",,"A",,"A",,"A",,"A"
"20141",2769312,1,0,"1","120","D","1","D","01","D",63,"D",.,"A",.,"A",,"A",,"A",,"A",,"A",,"A",,"A",,"A",,"A",,"A"
"20141",2769702,1,0,"1","180","D","1","D","12","D",100,"D",.,"A",.,"A",,"A",,"A",,"A",,"A",,"A",,"A",,"A",,"A",,"A"
"20141",2769822,1,0,"1","195","D","1","D","12","D",1800,"D",.,"A",100,"D",,"A",,"A",,"A",,"A",,"A",,"A",,"A",,"A",,"A"
"20141",2770112,1,0,"1","100","D","1","D","12","D",270,"D",.,"A",.,"A",,"A",,"A",,"A",,"A",,"A",,"A",,"A",,"A",,"A"
"20141",2771032,1,0,"1","140","D","2","D",,"A",.,"A",103,"D",.,"A",,"A",,"A",,"A",,"A",,"A",,"A",,"A",,"A",,"A"
"20141",2772012,1,0,"1","195","D","1","D","02","D",1819,"D",.,"A",.,"A",,"A",,"A",,"A",,"A",,"A",,"A",,"A",,"A",,"A"
"20141",2772042,1,0,"1","140","D","1","D","12","D",211,"D",.,"A",.,"A",,"A",,"A",,"A",,"A",,"A",,"A",,"A",,"A",,"A"
"20141",2772172,1,0,"1","195","D","1","D","02","D",750,"D",.,"A",.,"A",,"A",,"A",,"A",,"A",,"A",,"A",,"A",,"A",,"A"
"20141",2773172,1,0,"1","140","D","1","D","12","D",2715,"D",.,"A",100,"D",,"A",,"A",,"A",,"A",,"A",,"A",,"A",,"A",,"A"
"20141",2773962,1,0,"1","120","D","1","D","12","D",88,"D",.,"A",.,"A",,"A",,"A",,"A",,"A",,"A",,"A",,"A",,"A",,"A"
"20141",2774262,1,0,"1","120","D","1","D","02","D",194,"D",.,"A",.,"A",,"A",,"A",,"A",,"A",,"A",,"A",,"A",,"A",,"A"
"20141",2774472,1,0,"1","140","D","1","D","02","D",6100,"D",.,"A",.,"A",,"A",,"A",,"A",,"A",,"A",,"A",,"A",,"A",,"A"
"20141",2774902,1,0,"1","160","D","3","D","01","D",350,"D",.,"A",110,"D",,"A",,"A",,"A",,"A",,"A",,"A",,"A",,"A",,"A"
"20141",2775082,1,0,"1","120","D","1","D","12","D",275,"D",.,"A",.,"A",,"A",,"A",,"A",,"A",,"A",,"A",,"A",,"A",,"A"
"20141",2775102,1,0,"1","195","D","1","D","12","D",500,"D",.,"A",.,"A",,"A",,"A",,"A",,"A",,"A",,"A",,"A",,"A",,"A"
"20141",2775282,1,0,"1","140","D","2","D",,"A",.,"A",279,"D",.,"A",,"A",,"A",,"A",,"A",,"A",,"A",,"A",,"A",,"A"
"20141",2775302,1,0,"2","195","D","1","D","12","D",1100,"D",.,"A",.,"A",,"A",,"A",,"A",,"A",,"A",,"A",,"A",,"A",,"A"
"20141",2776062,1,0,"1","140","D","1","D","02","D",429,"D",.,"A",.,"A",,"A",,"A",,"A",,"A",,"A",,"A",,"A",,"A",,"A"
"20141",2776222,1,0,"1","100","D","1","D","01","D",500,"D",.,"A",.,"A",,"A",,"A",,"A",,"A",,"A",,"A",,"A",,"A",,"A"
"20141",2776222,2,0,"1","120","D","1","D","01","D",350,"D",.,"A",.,"A",,"A",,"A",,"A",,"A",,"A",,"A",,"A",,"A",,"A"
"20141",2776442,1,0,"2","120","D","1","D","12","D",120,"D",.,"A",.,"A",,"A",,"A",,"A",,"A",,"A",,"A",,"A",,"A",,"A"
"20141",2777462,1,0,"1","120","D","1","D","02","D",53,"D",.,"A",.,"A",,"A",,"A",,"A",,"A",,"A",,"A",,"A",,"A",,"A"
"20141",2777462,2,0,"1","140","D","1","D","02","D",455,"D",.,"A",.,"A",,"A",,"A",,"A",,"A",,"A",,"A",,"A",,"A",,"A"
"20141",2777702,1,0,"1","100","D","1","D","01","D",650,"D",.,"A",50,"D",,"A",,"A",,"A",,"A",,"A",,"A",,"A",,"A",,"A"
"20141",2777722,1,0,"1","140","D","1","D","01","D",1200,"D",.,"A",.,"A",,"A",,"A",,"A",,"A",,"A",,"A",,"A",,"A",,"A"
"20141",2778122,1,0,"1","160","D","1","D","01","D",700,"D",.,"A",.,"A",,"A",,"A",,"A",,"A",,"A",,"A",,"A",,"A",,"A"
"20141",2778402,1,0,"1","140","D","1","D","02","D",2100,"D",.,"A",.,"A",,"A",,"A",,"A",,"A",,"A",,"A",,"A",,"A",,"A"
"20141",2778512,1,0,"1","100","D","1","D","01","D",275,"D",.,"A",.,"A",,"A",,"A",,"A",,"A",,"A",,"A",,"A",,"A",,"A"
"20141",2779002,1,0,"1","120","D","1","D","12","D",140,"D",.,"A",.,"A",,"A",,"A",,"A",,"A",,"A",,"A",,"A",,"A",,"A"
"20141",2779492,1,0,"1","120","D","1","D","02","D",57,"D",.,"A",.,"A",,"A",,"A",,"A",,"A",,"A",,"A",,"A",,"A",,"A"
"20141",2779712,1,0,"2","120","D","1","D","12","D",696,"D",.,"A",.,"A",,"A",,"A",,"A",,"A",,"A",,"A",,"A",,"A",,"A"
"20141",2780032,1,0,"1","195","D","1","D","02","D",162,"D",.,"A",.,"A",,"A",,"A",,"A",,"A",,"A",,"A",,"A",,"A",,"A"
"20141",2780082,1,0,"1","120","D","1","D","01","D",80,"D",.,"A",.,"A",,"A",,"A",,"A",,"A",,"A",,"A",,"A",,"A",,"A"
"20141",2780342,1,0,"1","180","D","1","D","12","D",1,"D",.,"A",.,"A",,"A",,"A",,"A",,"A",,"A",,"A",,"A",,"A",,"A"
"20141",2780472,1,0,"1","120","D","1","D","12","D",129,"D",.,"A",.,"A",,"A",,"A",,"A",,"A",,"A",,"A",,"A",,"A",,"A"
"20141",2780472,2,0,"1","195","D","1","D","12","D",500,"D",.,"A",40,"F",,"A",,"A",,"A",,"A",,"A",,"A",,"A",,"A",,"A"
"20141",2780642,1,0,"1","140","D","1","D","12","D",200,"D",.,"A",.,"A",,"A",,"A",,"A",,"A",,"A",,"A",,"A",,"A",,"A"
"20141",2780662,1,0,"1","120","D","1","D","01","D",110,"D",.,"A",.,"A",,"A",,"A",,"A",,"A",,"A",,"A",,"A",,"A",,"A"
"20141",2780702,1,0,"1","220","D","1","D","02","D",.,"H",.,"A",.,"A","100","D","140","D","160","D","120","D",,"A",,"A",,"A",,"A",,"A"
"20141",2780702,1,1,"1","100","D","1","D","02","D",1768,"E",.,"A",.,"A",,"A",,"A",,"A",,"A",,"A",,"A",,"A",,"A",,"A"
"20141",2780702,1,2,"1","140","D","1","D","02","D",2149,"E",.,"A",.,"A",,"A",,"A",,"A",,"A",,"A",,"A",,"A",,"A",,"A"
"20141",2780702,1,3,"1","120","D","1","D","02","D",378,"E",.,"A",.,"A",,"A",,"A",,"A",,"A",,"A",,"A",,"A",,"A",,"A"
"20141",2782644,1,0,"1","120","D","1","D","12","D",150,"D",.,"A",.,"A",,"A",,"A",,"A",,"A",,"A",,"A",,"A",,"A",,"A"
"20141",2782685,1,0,"1","120","D","1","D","12","D",62,"D",.,"A",.,"A",,"A",,"A",,"A",,"A",,"A",,"A",,"A",,"A",,"A"
"20141",2785163,1,0,"1","120","D","1","D","12","D",800,"D",.,"A",.,"A",,"A",,"A",,"A",,"A",,"A",,"A",,"A",,"A",,"A"
"20141",2787933,1,0,"1","120","D","1","D","12","D",33,"D",.,"A",.,"A",,"A",,"A",,"A",,"A",,"A",,"A",,"A",,"A",,"A"
"20141",2789033,1,0,"1","120","D","1","D","12","D",33,"D",.,"A",.,"A",,"A",,"A",,"A",,"A",,"A",,"A",,"A",,"A",,"A"
"20141",2789415,1,0,"1","140","D","1","D","12","D",1500,"D",.,"A",.,"A",,"A",,"A",,"A",,"A",,"A",,"A",,"A",,"A",,"A"
"20141",2789415,2,0,"1","100","D","1","D","12","D",500,"D",.,"A",.,"A",,"A",,"A",,"A",,"A",,"A",,"A",,"A",,"A",,"A"
"20141",2793574,1,0,"1","120","D","1","D","01","D",53,"D",.,"A",.,"A",,"A",,"A",,"A",,"A",,"A",,"A",,"A",,"A",,"A"
"20141",2793574,2,0,"1","100","D","1","D","01","D",477,"D",.,"A",.,"A",,"A",,"A",,"A",,"A",,"A",,"A",,"A",,"A",,"A"
"20141",2793574,3,0,"1","195","D","1","D","01","D",371,"D",.,"A",.,"A",,"A",,"A",,"A",,"A",,"A",,"A",,"A",,"A",,"A"
"20141",2793574,4,0,"1","195","D","1","D","01","D",530,"D",.,"A",.,"A",,"A",,"A",,"A",,"A",,"A",,"A",,"A",,"A",,"A"
"20141",2794685,1,0,"1","120","D","1","D","01","D",40,"D",.,"A",.,"A",,"A",,"A",,"A",,"A",,"A",,"A",,"A",,"A",,"A"
"20141",2796194,1,0,"1","120","D","1","D","01","D",297,"D",.,"A",.,"A",,"A",,"A",,"A",,"A",,"A",,"A",,"A",,"A",,"A"
"20141",2796194,2,0,"1","140","D","1","D","01","D",1728,"D",.,"A",.,"A",,"A",,"A",,"A",,"A",,"A",,"A",,"A",,"A",,"A"
"20141",2796194,3,0,"1","140","D","1","D","01","D",432,"D",.,"A",.,"A",,"A",,"A",,"A",,"A",,"A",,"A",,"A",,"A",,"A"
"20141",2797355,1,0,"1","100","D","1","D","12","D",80,"D",.,"A",.,"A",,"A",,"A",,"A",,"A",,"A",,"A",,"A",,"A",,"A"
"20141",2797355,2,0,"1","195","D","1","D","12","D",191,"D",.,"A",.,"A",,"A",,"A",,"A",,"A",,"A",,"A",,"A",,"A",,"A"
"20141",2798845,1,0,"1","120","D","1","D","01","D",30,"D",.,"A",.,"A",,"A",,"A",,"A",,"A",,"A",,"A",,"A",,"A",,"A"
"20141",2799055,1,0,"1","140","D","1","D","01","D",27,"D",.,"A",.,"A",,"A",,"A",,"A",,"A",,"A",,"A",,"A",,"A",,"A"
"20141",2800943,1,0,"1","120","D","1","D","11","D",27,"D",.,"A",.,"A",,"A",,"A",,"A",,"A",,"A",,"A",,"A",,"A",,"A"
"20141",2803042,1,0,"1","140","D","1","D","12","D",370,"D",.,"A",.,"A",,"A",,"A",,"A",,"A",,"A",,"A",,"A",,"A",,"A"
"20141",2803404,1,0,"1","120","D","1","D","02","D",100,"D",.,"A",.,"A",,"A",,"A",,"A",,"A",,"A",,"A",,"A",,"A",,"A"
"20141",2803585,1,0,"1","120","D","1","D","02","D",20,"D",.,"A",.,"A",,"A",,"A",,"A",,"A",,"A",,"A",,"A",,"A",,"A"
"20141",2807293,1,0,"1","220","D","1","D","12","D",.,"H",.,"A",.,"A","100","D","140","D",,"A",,"A",,"A",,"A",,"A",,"A",,"A"
"20141",2807293,1,1,"1","100","D","1","D","12","D",188,"E",.,"A",.,"A",,"A",,"A",,"A",,"A",,"A",,"A",,"A",,"A",,"A"
"20141",2807293,1,2,"1","140","D","1","D","12","D",24,"E",.,"A",.,"A",,"A",,"A",,"A",,"A",,"A",,"A",,"A",,"A",,"A"
"20141",2807545,1,0,"1","120","D","1","D","02","D",50,"D",.,"A",.,"A",,"A",,"A",,"A",,"A",,"A",,"A",,"A",,"A",,"A"
"20141",2808645,1,0,"1","195","D","1","D","02","D",600,"D",.,"A",.,"A",,"A",,"A",,"A",,"A",,"A",,"A",,"A",,"A",,"A"
"20141",2811105,1,0,"1","140","D","1","D","01","D",81,"D",.,"A",.,"A",,"A",,"A",,"A",,"A",,"A",,"A",,"A",,"A",,"A"
"20141",2812263,1,0,"1","220","D","1","D","12","D",.,"H",.,"A",.,"A","140","D","120","D",,"A",,"A",,"A",,"A",,"A",,"A",,"A"
"20141",2812263,1,1,"1","140","D","1","D","12","D",1205,"E",.,"A",.,"A",,"A",,"A",,"A",,"A",,"A",,"A",,"A",,"A",,"A"
"20141",2812263,1,2,"1","120","D","1","D","12","D",95,"E",.,"A",.,"A",,"A",,"A",,"A",,"A",,"A",,"A",,"A",,"A",,"A"
"20141",2813525,1,0,"1","220","D","1","D","02","D",.,"H",.,"A",.,"A","195","D","100","D",,"A",,"A",,"A",,"A",,"A",,"A",,"A"
"20141",2813525,1,1,"1","195","D","1","D","02","D",1654,"E",.,"A",.,"A",,"A",,"A",,"A",,"A",,"A",,"A",,"A",,"A",,"A"
"20141",2813525,1,2,"1","100","D","1","D","02","D",1346,"E",.,"A",.,"A",,"A",,"A",,"A",,"A",,"A",,"A",,"A",,"A",,"A"
