"QYEAR","NEWID","SEQNO","ALCNO","REC_ORIG","RPAIRTYP","RPAI_TYP","APPRPRYB","APPR_RYB","SRVCMOB","SRVCMOB_","REPAIRX","REPAIRX_","APPRPB1","APPRPB1_","APPRPB2","APPRPB2_","APPRPB3","APPRPB3_","APPRPB4","APPRPB4_","APPRPB5","APPRPB5_","APPRPB6","APPRPB6_","APPRPB7","APPRPB7_","APPRPB8","APPRPB8_","APPRPB9","APPRPB9_"
"20131",2511595,27,0,"1","1","D","190","D","11","D",100,"D",,"A",,"A",,"A",,"A",,"A",,"A",,"A",,"A",,"A"
"20131",2511595,28,0,"1","1","D","110","D","12","D",186,"D",,"A",,"A",,"A",,"A",,"A",,"A",,"A",,"A",,"A"
"20131",2511765,20,0,"1","2","D","190","D","11","D",79,"D",,"A",,"A",,"A",,"A",,"A",,"A",,"A",,"A",,"A"
"20131",2511905,23,0,"1","1","D","170","D","12","D",200,"D",,"A",,"A",,"A",,"A",,"A",,"A",,"A",,"A",,"A"
"20131",2512265,14,0,"1","1","D","190","D","11","D",48,"D",,"A",,"A",,"A",,"A",,"A",,"A",,"A",,"A",,"A"
"20131",2512375,20,0,"1","1","D","190","D","11","D",38,"D",,"A",,"A",,"A",,"A",,"A",,"A",,"A",,"A",,"A"
"20131",2512575,14,0,"1","2","D","200","D","12","D",6000,"D",,"A",,"A",,"A",,"A",,"A",,"A",,"A",,"A",,"A"
"20131",2512845,17,0,"2","1","D","190","D","10","D",86,"D",,"A",,"A",,"A",,"A",,"A",,"A",,"A",,"A",,"A"
"20131",2513115,18,0,"1","2","D","200","D","11","D",19,"D",,"A",,"A",,"A",,"A",,"A",,"A",,"A",,"A",,"A"
"20131",2513245,34,0,"1","1","D","120","D","10","D",180,"D",,"A",,"A",,"A",,"A",,"A",,"A",,"A",,"A",,"A"
"20131",2513245,35,0,"2","1","D","110","D","10","D",169,"D",,"A",,"A",,"A",,"A",,"A",,"A",,"A",,"A",,"A"
"20131",2513595,32,0,"1","1","D","190","D","11","D",68,"D",,"A",,"A",,"A",,"A",,"A",,"A",,"A",,"A",,"A"
"20131",2513595,33,0,"1","1","D","190","D","12","D",68,"D",,"A",,"A",,"A",,"A",,"A",,"A",,"A",,"A",,"A"
"20131",2513825,20,0,"1","1","D","220","D","12","D",109,"D",,"A",,"A",,"A",,"A",,"A",,"A",,"A",,"A",,"A"
"20131",2514515,33,0,"1","2","D","190","D","12","D",86,"D",,"A",,"A",,"A",,"A",,"A",,"A",,"A",,"A",,"A"
"20131",2514515,34,0,"1","2","D","130","D","11","D",268,"D",,"A",,"A",,"A",,"A",,"A",,"A",,"A",,"A",,"A"
"20131",2514515,35,0,"2","1","D","190","D","10","D",35,"D",,"A",,"A",,"A",,"A",,"A",,"A",,"A",,"A",,"A"
"20131",2514535,30,0,"1","1","D","110","D","12","D",93,"D",,"A",,"A",,"A",,"A",,"A",,"A",,"A",,"A",,"A"
"20131",2514705,47,0,"1","1","D","120","D","12","D",50,"D",,"A",,"A",,"A",,"A",,"A",,"A",,"A",,"A",,"A"
"20131",2515115,26,0,"1","2","D","190","D","12","D",82,"D",,"A",,"A",,"A",,"A",,"A",,"A",,"A",,"A",,"A"
"20131",2515375,20,0,"1","2","D","130","D","10","D",62,"D",,"A",,"A",,"A",,"A",,"A",,"A",,"A",,"A",,"A"
"20131",2515525,21,0,"2","1","D","190","D","10","D",60,"D",,"A",,"A",,"A",,"A",,"A",,"A",,"A",,"A",,"A"
"20131",2515605,19,0,"1","1","D","190","D","10","D",91,"D",,"A",,"A",,"A",,"A",,"A",,"A",,"A",,"A",,"A"
"20131",2515605,20,0,"1","1","D","190","D","12","D",91,"D",,"A",,"A",,"A",,"A",,"A",,"A",,"A",,"A",,"A"
"20131",2516475,17,0,"1","2","D","200","D","10","D",20,"D",,"A",,"A",,"A",,"A",,"A",,"A",,"A",,"A",,"A"
"20131",2516495,25,0,"1","1","D","110","D","10","D",37,"D",,"A",,"A",,"A",,"A",,"A",,"A",,"A",,"A",,"A"
"20131",2516495,26,0,"1","1","D","110","D","11","D",37,"D",,"A",,"A",,"A",,"A",,"A",,"A",,"A",,"A",,"A"
"20131",2516495,27,0,"1","1","D","110","D","12","D",55,"D",,"A",,"A",,"A",,"A",,"A",,"A",,"A",,"A",,"A"
"20131",2516655,21,0,"1","1","D","130","D","10","D",300,"D",,"A",,"A",,"A",,"A",,"A",,"A",,"A",,"A",,"A"
"20131",2517075,30,0,"1","1","D","190","D","11","D",353,"D",,"A",,"A",,"A",,"A",,"A",,"A",,"A",,"A",,"A"
"20131",2517325,23,0,"1","1","D","130","D","12","D",54,"D",,"A",,"A",,"A",,"A",,"A",,"A",,"A",,"A",,"A"
"20131",2517525,17,0,"2","1","D","110","D","10","D",107,"D",,"A",,"A",,"A",,"A",,"A",,"A",,"A",,"A",,"A"
"20131",2517575,19,0,"1","1","D","110","D","12","D",175,"D",,"A",,"A",,"A",,"A",,"A",,"A",,"A",,"A",,"A"
"20131",2517585,34,0,"1","1","D","190","D","12","D",85,"D",,"A",,"A",,"A",,"A",,"A",,"A",,"A",,"A",,"A"
"20131",2517805,28,0,"1","1","D","110","D","12","D",100,"D",,"A",,"A",,"A",,"A",,"A",,"A",,"A",,"A",,"A"
"20131",2517915,23,0,"1","1","D","110","D","11","D",109,"D",,"A",,"A",,"A",,"A",,"A",,"A",,"A",,"A",,"A"
"20131",2517915,24,0,"1","2","D","220","D","11","D",99,"D",,"A",,"A",,"A",,"A",,"A",,"A",,"A",,"A",,"A"
"20131",2518135,27,0,"1","1","D","110","D","12","D",5,"D",,"A",,"A",,"A",,"A",,"A",,"A",,"A",,"A",,"A"
"20131",2518385,25,0,"1","2","D","200","D","12","D",212,"D",,"A",,"A",,"A",,"A",,"A",,"A",,"A",,"A",,"A"
"20131",2518805,22,0,"1","2","D","115","D","10","D",.,"H","100","D","110","D",,"A",,"A",,"A",,"A",,"A",,"A",,"A"
"20131",2518805,22,1,"1","2","D","100","D","10","D",121,"E",,"A",,"A",,"A",,"A",,"A",,"A",,"A",,"A",,"A"
"20131",2518805,22,2,"1","2","D","110","D","10","D",54,"E",,"A",,"A",,"A",,"A",,"A",,"A",,"A",,"A",,"A"
"20131",2518805,23,0,"1","2","D","115","D","11","D",.,"H","100","D","110","D",,"A",,"A",,"A",,"A",,"A",,"A",,"A"
"20131",2518805,23,1,"1","2","D","100","D","11","D",120,"E",,"A",,"A",,"A",,"A",,"A",,"A",,"A",,"A",,"A"
"20131",2518805,23,2,"1","2","D","110","D","11","D",55,"E",,"A",,"A",,"A",,"A",,"A",,"A",,"A",,"A",,"A"
"20131",2518805,24,0,"1","2","D","115","D","12","D",.,"H","100","D","110","D",,"A",,"A",,"A",,"A",,"A",,"A",,"A"
"20131",2518805,24,1,"1","2","D","100","D","12","D",121,"E",,"A",,"A",,"A",,"A",,"A",,"A",,"A",,"A",,"A"
"20131",2518805,24,2,"1","2","D","110","D","12","D",54,"E",,"A",,"A",,"A",,"A",,"A",,"A",,"A",,"A",,"A"
"20131",2518805,25,0,"2","2","D","110","D","10","D",54,"D",,"A",,"A",,"A",,"A",,"A",,"A",,"A",,"A",,"A"
"20131",2518835,23,0,"1","2","D","200","D","12","D",103,"D",,"A",,"A",,"A",,"A",,"A",,"A",,"A",,"A",,"A"
"20131",2519255,15,0,"1","1","D","220","D","12","D",80,"D",,"A",,"A",,"A",,"A",,"A",,"A",,"A",,"A",,"A"
"20131",2519375,18,0,"1","1","D","100","D","11","D",195,"D",,"A",,"A",,"A",,"A",,"A",,"A",,"A",,"A",,"A"
"20131",2519375,19,0,"2","1","D","110","D","10","D",193,"D",,"A",,"A",,"A",,"A",,"A",,"A",,"A",,"A",,"A"
"20131",2519505,25,0,"1","1","D","190","D","11","D",109,"D",,"A",,"A",,"A",,"A",,"A",,"A",,"A",,"A",,"A"
"20131",2519595,15,0,"1","1","D","190","D","10","D",80,"F",,"A",,"A",,"A",,"A",,"A",,"A",,"A",,"A",,"A"
"20131",2519595,16,0,"1","1","D","190","D","11","D",80,"F",,"A",,"A",,"A",,"A",,"A",,"A",,"A",,"A",,"A"
"20131",2519595,17,0,"1","1","D","190","D","12","D",80,"F",,"A",,"A",,"A",,"A",,"A",,"A",,"A",,"A",,"A"
"20131",2519875,22,0,"1","2","D","200","D","10","D",30,"D",,"A",,"A",,"A",,"A",,"A",,"A",,"A",,"A",,"A"
"20131",2519875,23,0,"1","2","D","200","D","11","D",30,"D",,"A",,"A",,"A",,"A",,"A",,"A",,"A",,"A",,"A"
"20131",2519875,24,0,"1","2","D","200","D","12","D",30,"D",,"A",,"A",,"A",,"A",,"A",,"A",,"A",,"A",,"A"
"20131",2520025,40,0,"1","1","D","190","D","10","D",28,"D",,"A",,"A",,"A",,"A",,"A",,"A",,"A",,"A",,"A"
"20131",2520025,41,0,"1","1","D","190","D","11","D",28,"D",,"A",,"A",,"A",,"A",,"A",,"A",,"A",,"A",,"A"
"20131",2520025,42,0,"1","1","D","190","D","12","D",28,"D",,"A",,"A",,"A",,"A",,"A",,"A",,"A",,"A",,"A"
"20131",2520025,43,0,"2","1","D","190","D","10","D",28,"D",,"A",,"A",,"A",,"A",,"A",,"A",,"A",,"A",,"A"
"20131",2520185,20,0,"1","1","D","190","D","10","D",75,"D",,"A",,"A",,"A",,"A",,"A",,"A",,"A",,"A",,"A"
"20131",2520425,57,0,"1","2","D","190","D","10","D",41,"D",,"A",,"A",,"A",,"A",,"A",,"A",,"A",,"A",,"A"
"20131",2520425,58,0,"1","2","D","190","D","11","D",41,"D",,"A",,"A",,"A",,"A",,"A",,"A",,"A",,"A",,"A"
"20131",2520425,59,0,"1","2","D","190","D","12","D",41,"D",,"A",,"A",,"A",,"A",,"A",,"A",,"A",,"A",,"A"
"20131",2520425,60,0,"1","2","D","190","D","12","D",69,"D",,"A",,"A",,"A",,"A",,"A",,"A",,"A",,"A",,"A"
"20131",2520425,61,0,"2","2","D","200","D","10","D",161,"D",,"A",,"A",,"A",,"A",,"A",,"A",,"A",,"A",,"A"
"20131",2520785,38,0,"1","1","D","130","D","11","D",80,"D",,"A",,"A",,"A",,"A",,"A",,"A",,"A",,"A",,"A"
"20131",2520785,39,0,"1","2","D","200","D","11","D",318,"D",,"A",,"A",,"A",,"A",,"A",,"A",,"A",,"A",,"A"
"20131",2521095,45,0,"1","1","D","220","D","12","D",47,"D",,"A",,"A",,"A",,"A",,"A",,"A",,"A",,"A",,"A"
"20131",2521125,25,0,"1","1","D","190","D","10","D",12,"D",,"A",,"A",,"A",,"A",,"A",,"A",,"A",,"A",,"A"
"20131",2521125,26,0,"1","1","D","190","D","12","D",12,"D",,"A",,"A",,"A",,"A",,"A",,"A",,"A",,"A",,"A"
"20131",2521125,27,0,"1","1","D","190","D","11","D",12,"D",,"A",,"A",,"A",,"A",,"A",,"A",,"A",,"A",,"A"
"20131",2521145,20,0,"1","2","D","210","D","10","D",.,"H","110","D","120","D","100","D",,"A",,"A",,"A",,"A",,"A",,"A"
"20131",2521145,20,1,"1","2","D","110","D","10","D",13,"E",,"A",,"A",,"A",,"A",,"A",,"A",,"A",,"A",,"A"
"20131",2521145,20,2,"1","2","D","120","D","10","D",17,"E",,"A",,"A",,"A",,"A",,"A",,"A",,"A",,"A",,"A"
"20131",2521145,20,3,"1","2","D","100","D","10","D",26,"E",,"A",,"A",,"A",,"A",,"A",,"A",,"A",,"A",,"A"
"20131",2521385,26,0,"1","1","D","210","D","12","D",.,"H","210","D","190","D",,"A",,"A",,"A",,"A",,"A",,"A",,"A"
"20131",2521385,26,1,"1","1","D","100","D","12","D",67,"E",,"A",,"A",,"A",,"A",,"A",,"A",,"A",,"A",,"A"
"20131",2521385,26,2,"1","1","D","110","D","12","D",99,"E",,"A",,"A",,"A",,"A",,"A",,"A",,"A",,"A",,"A"
"20131",2521385,26,3,"1","1","D","150","D","12","D",52,"E",,"A",,"A",,"A",,"A",,"A",,"A",,"A",,"A",,"A"
"20131",2521385,26,4,"1","1","D","170","D","12","D",38,"E",,"A",,"A",,"A",,"A",,"A",,"A",,"A",,"A",,"A"
"20131",2521385,26,5,"1","1","D","190","D","12","D",55,"E",,"A",,"A",,"A",,"A",,"A",,"A",,"A",,"A",,"A"
"20131",2521385,26,6,"1","1","D","220","D","12","D",96,"E",,"A",,"A",,"A",,"A",,"A",,"A",,"A",,"A",,"A"
"20131",2521465,21,0,"1","1","D","190","D","10","D",68,"D",,"A",,"A",,"A",,"A",,"A",,"A",,"A",,"A",,"A"
"20131",2521465,22,0,"1","1","D","190","D","12","D",74,"D",,"A",,"A",,"A",,"A",,"A",,"A",,"A",,"A",,"A"
"20131",2522045,48,0,"1","2","D","190","D","11","D",85,"D",,"A",,"A",,"A",,"A",,"A",,"A",,"A",,"A",,"A"
"20131",2522355,21,0,"1","1","D","190","D","11","D",39,"D",,"A",,"A",,"A",,"A",,"A",,"A",,"A",,"A",,"A"
"20131",2522565,52,0,"1","1","D","220","D","12","D",35,"D",,"A",,"A",,"A",,"A",,"A",,"A",,"A",,"A",,"A"
"20131",2522865,15,0,"1","1","D","110","D","01","D",300,"D",,"A",,"A",,"A",,"A",,"A",,"A",,"A",,"A",,"A"
"20131",2522895,14,0,"1","1","D","110","D","01","D",321,"D",,"A",,"A",,"A",,"A",,"A",,"A",,"A",,"A",,"A"
"20131",2522965,27,0,"2","2","D","110","D","11","D",15,"D",,"A",,"A",,"A",,"A",,"A",,"A",,"A",,"A",,"A"
"20131",2523175,22,0,"1","2","D","200","D","01","D",250,"D",,"A",,"A",,"A",,"A",,"A",,"A",,"A",,"A",,"A"
"20131",2523205,21,0,"1","2","D","110","D","12","D",100,"D",,"A",,"A",,"A",,"A",,"A",,"A",,"A",,"A",,"A"
"20131",2523245,28,0,"1","2","D","200","D","11","D",25,"D",,"A",,"A",,"A",,"A",,"A",,"A",,"A",,"A",,"A"
"20131",2523245,29,0,"1","2","D","200","D","12","D",25,"D",,"A",,"A",,"A",,"A",,"A",,"A",,"A",,"A",,"A"
"20131",2523245,30,0,"1","2","D","200","D","01","D",25,"D",,"A",,"A",,"A",,"A",,"A",,"A",,"A",,"A",,"A"
"20131",2523245,31,0,"2","2","D","200","D","11","D",25,"D",,"A",,"A",,"A",,"A",,"A",,"A",,"A",,"A",,"A"
"20131",2523305,23,0,"1","1","D","100","D","11","D",20,"D",,"A",,"A",,"A",,"A",,"A",,"A",,"A",,"A",,"A"
"20131",2523735,23,0,"1","2","D","120","D","01","D",109,"D",,"A",,"A",,"A",,"A",,"A",,"A",,"A",,"A",,"A"
"20131",2523795,67,0,"1","1","D","190","D","01","D",85,"D",,"A",,"A",,"A",,"A",,"A",,"A",,"A",,"A",,"A"
"20131",2523805,30,0,"1","1","D","190","D","01","D",112,"D",,"A",,"A",,"A",,"A",,"A",,"A",,"A",,"A",,"A"
"20131",2524045,16,0,"2","1","D","190","D","11","D",100,"D",,"A",,"A",,"A",,"A",,"A",,"A",,"A",,"A",,"A"
"20131",2524445,23,0,"1","1","D","190","D","12","D",100,"D",,"A",,"A",,"A",,"A",,"A",,"A",,"A",,"A",,"A"
"20131",2524515,19,0,"1","2","D","190","D","12","D",90,"D",,"A",,"A",,"A",,"A",,"A",,"A",,"A",,"A",,"A"
"20131",2524825,19,0,"1","1","D","110","D","01","D",40,"D",,"A",,"A",,"A",,"A",,"A",,"A",,"A",,"A",,"A"
"20131",2524915,27,0,"1","1","D","110","D","11","D",55,"D",,"A",,"A",,"A",,"A",,"A",,"A",,"A",,"A",,"A"
"20131",2525275,16,0,"1","1","D","120","D","01","D",100,"D",,"A",,"A",,"A",,"A",,"A",,"A",,"A",,"A",,"A"
"20131",2525835,44,0,"1","2","D","220","D","11","D",106,"D",,"A",,"A",,"A",,"A",,"A",,"A",,"A",,"A",,"A"
"20131",2525835,45,0,"1","2","D","220","D","11","D",53,"D",,"A",,"A",,"A",,"A",,"A",,"A",,"A",,"A",,"A"
"20131",2525855,15,0,"1","1","D","110","D","01","D",75,"D",,"A",,"A",,"A",,"A",,"A",,"A",,"A",,"A",,"A"
"20131",2526005,28,0,"1","1","D","190","D","11","D",38,"D",,"A",,"A",,"A",,"A",,"A",,"A",,"A",,"A",,"A"
"20131",2526005,29,0,"1","1","D","190","D","12","D",38,"D",,"A",,"A",,"A",,"A",,"A",,"A",,"A",,"A",,"A"
"20131",2526005,30,0,"1","1","D","190","D","01","D",38,"D",,"A",,"A",,"A",,"A",,"A",,"A",,"A",,"A",,"A"
"20131",2526055,18,0,"1","1","D","190","D","11","D",33,"D",,"A",,"A",,"A",,"A",,"A",,"A",,"A",,"A",,"A"
"20131",2526055,19,0,"1","1","D","190","D","12","D",33,"D",,"A",,"A",,"A",,"A",,"A",,"A",,"A",,"A",,"A"
"20131",2526055,20,0,"1","1","D","190","D","01","D",33,"D",,"A",,"A",,"A",,"A",,"A",,"A",,"A",,"A",,"A"
"20131",2526055,21,0,"2","1","D","190","D","11","D",33,"D",,"A",,"A",,"A",,"A",,"A",,"A",,"A",,"A",,"A"
"20131",2526895,19,0,"1","1","D","110","D","12","D",180,"D",,"A",,"A",,"A",,"A",,"A",,"A",,"A",,"A",,"A"
"20131",2527555,15,0,"1","2","D","190","D","01","D",110,"D",,"A",,"A",,"A",,"A",,"A",,"A",,"A",,"A",,"A"
"20131",2527685,25,0,"1","1","D","220","D","12","D",129,"D",,"A",,"A",,"A",,"A",,"A",,"A",,"A",,"A",,"A"
"20131",2527755,36,0,"1","1","D","220","D","11","D",70,"D",,"A",,"A",,"A",,"A",,"A",,"A",,"A",,"A",,"A"
"20131",2527985,32,0,"1","1","D","130","D","01","D",66,"D",,"A",,"A",,"A",,"A",,"A",,"A",,"A",,"A",,"A"
"20131",2528045,32,0,"1","2","D","120","D","12","D",15,"D",,"A",,"A",,"A",,"A",,"A",,"A",,"A",,"A",,"A"
"20131",2528045,33,0,"1","2","D","120","D","01","D",15,"D",,"A",,"A",,"A",,"A",,"A",,"A",,"A",,"A",,"A"
"20131",2528205,26,0,"1","1","D","110","D","01","D",105,"D",,"A",,"A",,"A",,"A",,"A",,"A",,"A",,"A",,"A"
"20131",2528305,21,0,"1","2","D","190","D","12","D",40,"D",,"A",,"A",,"A",,"A",,"A",,"A",,"A",,"A",,"A"
"20131",2528305,22,0,"1","2","D","190","D","11","D",40,"D",,"A",,"A",,"A",,"A",,"A",,"A",,"A",,"A",,"A"
"20131",2528305,23,0,"1","2","D","190","D","01","D",40,"D",,"A",,"A",,"A",,"A",,"A",,"A",,"A",,"A",,"A"
"20131",2528305,24,0,"2","1","D","190","D","11","D",40,"D",,"A",,"A",,"A",,"A",,"A",,"A",,"A",,"A",,"A"
"20131",2528485,28,0,"1","2","D","190","D","01","D",74,"D",,"A",,"A",,"A",,"A",,"A",,"A",,"A",,"A",,"A"
"20131",2528515,20,0,"1","1","D","110","D","11","D",80,"D",,"A",,"A",,"A",,"A",,"A",,"A",,"A",,"A",,"A"
"20131",2528515,21,0,"1","1","D","110","D","12","D",139,"D",,"A",,"A",,"A",,"A",,"A",,"A",,"A",,"A",,"A"
"20131",2529035,20,0,"1","1","D","190","D","01","D",66,"D",,"A",,"A",,"A",,"A",,"A",,"A",,"A",,"A",,"A"
"20131",2529035,21,0,"2","1","D","190","D","11","D",72,"D",,"A",,"A",,"A",,"A",,"A",,"A",,"A",,"A",,"A"
"20131",2529385,14,0,"1","2","D","200","D","11","D",200,"D",,"A",,"A",,"A",,"A",,"A",,"A",,"A",,"A",,"A"
"20131",2529515,20,0,"1","2","D","200","D","11","D",130,"D",,"A",,"A",,"A",,"A",,"A",,"A",,"A",,"A",,"A"
"20131",2529735,15,0,"1","1","D","220","D","11","D",206,"D",,"A",,"A",,"A",,"A",,"A",,"A",,"A",,"A",,"A"
"20131",2529775,15,0,"1","1","D","100","D","12","D",60,"D",,"A",,"A",,"A",,"A",,"A",,"A",,"A",,"A",,"A"
"20131",2529875,21,0,"1","1","D","190","D","12","D",75,"D",,"A",,"A",,"A",,"A",,"A",,"A",,"A",,"A",,"A"
"20131",2529875,22,0,"1","1","D","190","D","11","D",75,"D",,"A",,"A",,"A",,"A",,"A",,"A",,"A",,"A",,"A"
"20131",2529875,23,0,"1","1","D","190","D","01","D",75,"D",,"A",,"A",,"A",,"A",,"A",,"A",,"A",,"A",,"A"
"20131",2529875,24,0,"2","2","D","190","D","11","D",75,"D",,"A",,"A",,"A",,"A",,"A",,"A",,"A",,"A",,"A"
"20131",2529905,23,0,"1","1","D","190","D","01","D",30,"D",,"A",,"A",,"A",,"A",,"A",,"A",,"A",,"A",,"A"
"20131",2529945,23,0,"1","1","D","190","D","01","D",62,"D",,"A",,"A",,"A",,"A",,"A",,"A",,"A",,"A",,"A"
"20131",2530025,33,0,"1","2","D","170","D","12","D",104,"D",,"A",,"A",,"A",,"A",,"A",,"A",,"A",,"A",,"A"
"20131",2530185,23,0,"1","2","D","200","D","11","D",530,"D",,"A",,"A",,"A",,"A",,"A",,"A",,"A",,"A",,"A"
"20131",2530615,18,0,"1","1","D","220","D","12","D",150,"D",,"A",,"A",,"A",,"A",,"A",,"A",,"A",,"A",,"A"
"20131",2530615,19,0,"2","1","D","220","D","11","D",140,"D",,"A",,"A",,"A",,"A",,"A",,"A",,"A",,"A",,"A"
"20131",2530825,38,0,"1","1","D","190","D","12","D",75,"D",,"A",,"A",,"A",,"A",,"A",,"A",,"A",,"A",,"A"
"20131",2530825,39,0,"1","2","D","120","D","12","D",200,"D",,"A",,"A",,"A",,"A",,"A",,"A",,"A",,"A",,"A"
"20131",2530895,25,0,"1","1","D","130","D","11","D",100,"D",,"A",,"A",,"A",,"A",,"A",,"A",,"A",,"A",,"A"
"20131",2530955,21,0,"1","2","D","190","D","12","D",75,"D",,"A",,"A",,"A",,"A",,"A",,"A",,"A",,"A",,"A"
"20131",2531215,30,0,"1","1","D","220","D","12","D",41,"D",,"A",,"A",,"A",,"A",,"A",,"A",,"A",,"A",,"A"
"20131",2531475,23,0,"1","1","D","150","D","12","D",8,"D",,"A",,"A",,"A",,"A",,"A",,"A",,"A",,"A",,"A"
"20131",2532005,15,0,"1","2","D","200","D","01","D",58,"D",,"A",,"A",,"A",,"A",,"A",,"A",,"A",,"A",,"A"
"20131",2532005,16,0,"1","2","D","200","D","11","D",58,"D",,"A",,"A",,"A",,"A",,"A",,"A",,"A",,"A",,"A"
"20131",2532005,17,0,"1","2","D","200","D","12","D",58,"D",,"A",,"A",,"A",,"A",,"A",,"A",,"A",,"A",,"A"
"20131",2532005,18,0,"2","2","D","190","D","11","D",100,"D",,"A",,"A",,"A",,"A",,"A",,"A",,"A",,"A",,"A"
"20131",2532245,34,0,"1","1","D","190","D","01","D",85,"D",,"A",,"A",,"A",,"A",,"A",,"A",,"A",,"A",,"A"
"20131",2532495,20,0,"1","1","D","190","D","01","D",92,"D",,"A",,"A",,"A",,"A",,"A",,"A",,"A",,"A",,"A"
"20131",2532595,30,0,"1","2","D","110","D","01","D",99,"D",,"A",,"A",,"A",,"A",,"A",,"A",,"A",,"A",,"A"
"20131",2532785,26,0,"1","2","D","220","D","12","D",147,"D",,"A",,"A",,"A",,"A",,"A",,"A",,"A",,"A",,"A"
"20131",2532905,39,0,"1","2","D","190","D","01","D",13,"D",,"A",,"A",,"A",,"A",,"A",,"A",,"A",,"A",,"A"
"20131",2533145,16,0,"1","1","D","110","D","01","D",45,"D",,"A",,"A",,"A",,"A",,"A",,"A",,"A",,"A",,"A"
"20131",2533405,16,0,"1","1","D","220","D","01","D",50,"D",,"A",,"A",,"A",,"A",,"A",,"A",,"A",,"A",,"A"
"20131",2533525,16,0,"1","2","D","100","D","11","D",64,"D",,"A",,"A",,"A",,"A",,"A",,"A",,"A",,"A",,"A"
"20131",2533525,17,0,"1","2","D","220","D","12","D",64,"D",,"A",,"A",,"A",,"A",,"A",,"A",,"A",,"A",,"A"
"20131",2533525,18,0,"1","2","D","200","D","01","D",64,"D",,"A",,"A",,"A",,"A",,"A",,"A",,"A",,"A",,"A"
"20131",2533525,19,0,"2","2","D","200","D","11","D",64,"D",,"A",,"A",,"A",,"A",,"A",,"A",,"A",,"A",,"A"
"20131",2534265,30,0,"1","2","D","200","D","12","D",783,"D",,"A",,"A",,"A",,"A",,"A",,"A",,"A",,"A",,"A"
"20131",2534265,31,0,"2","2","D","120","D","12","D",157,"D",,"A",,"A",,"A",,"A",,"A",,"A",,"A",,"A",,"A"
"20131",2534445,16,0,"1","1","D","190","D","01","D",32,"D",,"A",,"A",,"A",,"A",,"A",,"A",,"A",,"A",,"A"
"20131",2534445,17,0,"1","1","D","190","D","02","D",32,"D",,"A",,"A",,"A",,"A",,"A",,"A",,"A",,"A",,"A"
"20131",2534445,18,0,"2","1","D","190","D","12","D",30,"D",,"A",,"A",,"A",,"A",,"A",,"A",,"A",,"A",,"A"
"20131",2534755,26,0,"1","1","D","190","D","02","D",119,"D",,"A",,"A",,"A",,"A",,"A",,"A",,"A",,"A",,"A"
"20131",2534805,27,0,"1","1","D","220","D","02","D",30,"D",,"A",,"A",,"A",,"A",,"A",,"A",,"A",,"A",,"A"
"20131",2534815,21,0,"1","2","D","190","D","12","D",130,"D",,"A",,"A",,"A",,"A",,"A",,"A",,"A",,"A",,"A"
"20131",2534815,22,0,"2","2","D","190","D","12","D",150,"D",,"A",,"A",,"A",,"A",,"A",,"A",,"A",,"A",,"A"
"20131",2534905,34,0,"1","1","D","130","D","12","D",170,"D",,"A",,"A",,"A",,"A",,"A",,"A",,"A",,"A",,"A"
"20131",2535215,27,0,"1","1","D","220","D","01","D",343,"D",,"A",,"A",,"A",,"A",,"A",,"A",,"A",,"A",,"A"
"20131",2535255,18,0,"1","2","D","200","D","12","D",300,"D",,"A",,"A",,"A",,"A",,"A",,"A",,"A",,"A",,"A"
"20131",2535385,21,0,"2","1","D","110","D","12","D",7,"D",,"A",,"A",,"A",,"A",,"A",,"A",,"A",,"A",,"A"
"20131",2535555,29,0,"1","1","D","110","D","02","D",199,"D",,"A",,"A",,"A",,"A",,"A",,"A",,"A",,"A",,"A"
"20131",2535595,14,0,"1","1","D","100","D","02","D",50,"D",,"A",,"A",,"A",,"A",,"A",,"A",,"A",,"A",,"A"
"20131",2535665,20,0,"1","1","D","190","D","12","D",20,"D",,"A",,"A",,"A",,"A",,"A",,"A",,"A",,"A",,"A"
"20131",2535955,25,0,"1","1","D","190","D","01","D",47,"D",,"A",,"A",,"A",,"A",,"A",,"A",,"A",,"A",,"A"
"20131",2536035,18,0,"1","2","D","200","D","01","D",13,"D",,"A",,"A",,"A",,"A",,"A",,"A",,"A",,"A",,"A"
"20131",2536035,19,0,"1","2","D","200","D","02","D",13,"D",,"A",,"A",,"A",,"A",,"A",,"A",,"A",,"A",,"A"
"20131",2536035,20,0,"1","2","D","200","D","12","D",13,"D",,"A",,"A",,"A",,"A",,"A",,"A",,"A",,"A",,"A"
"20131",2536215,26,0,"1","1","D","110","D","01","D",75,"D",,"A",,"A",,"A",,"A",,"A",,"A",,"A",,"A",,"A"
"20131",2536215,27,0,"1","2","D","110","D","02","D",110,"D",,"A",,"A",,"A",,"A",,"A",,"A",,"A",,"A",,"A"
"20131",2536425,23,0,"1","1","D","160","D","02","D",35,"D",,"A",,"A",,"A",,"A",,"A",,"A",,"A",,"A",,"A"
"20131",2536505,26,0,"1","1","D","100","D","02","D",280,"D",,"A",,"A",,"A",,"A",,"A",,"A",,"A",,"A",,"A"
"20131",2536505,27,0,"1","2","D","190","D","12","D",99,"D",,"A",,"A",,"A",,"A",,"A",,"A",,"A",,"A",,"A"
"20131",2536505,28,0,"1","2","D","190","D","02","D",99,"D",,"A",,"A",,"A",,"A",,"A",,"A",,"A",,"A",,"A"
"20131",2536725,23,0,"1","1","D","190","D","01","D",35,"D",,"A",,"A",,"A",,"A",,"A",,"A",,"A",,"A",,"A"
"20131",2536725,24,0,"1","1","D","190","D","02","D",35,"D",,"A",,"A",,"A",,"A",,"A",,"A",,"A",,"A",,"A"
"20131",2536725,25,0,"1","1","D","190","D","12","D",35,"D",,"A",,"A",,"A",,"A",,"A",,"A",,"A",,"A",,"A"
"20131",2536755,14,0,"1","1","D","110","D","01","D",80,"D",,"A",,"A",,"A",,"A",,"A",,"A",,"A",,"A",,"A"
"20131",2536755,15,0,"1","1","D","190","D","02","D",100,"D",,"A",,"A",,"A",,"A",,"A",,"A",,"A",,"A",,"A"
"20131",2537035,26,0,"1","2","D","190","D","01","D",90,"D",,"A",,"A",,"A",,"A",,"A",,"A",,"A",,"A",,"A"
"20131",2537465,28,0,"1","1","D","190","D","12","D",75,"D",,"A",,"A",,"A",,"A",,"A",,"A",,"A",,"A",,"A"
"20131",2537465,29,0,"1","1","D","190","D","01","D",75,"D",,"A",,"A",,"A",,"A",,"A",,"A",,"A",,"A",,"A"
"20131",2537465,30,0,"1","1","D","190","D","02","D",75,"D",,"A",,"A",,"A",,"A",,"A",,"A",,"A",,"A",,"A"
"20131",2537965,27,0,"2","2","D","110","D","12","D",119,"D",,"A",,"A",,"A",,"A",,"A",,"A",,"A",,"A",,"A"
"20131",2538175,26,0,"1","2","D","110","D","01","D",30,"D",,"A",,"A",,"A",,"A",,"A",,"A",,"A",,"A",,"A"
"20131",2538175,27,0,"1","2","D","110","D","02","D",30,"D",,"A",,"A",,"A",,"A",,"A",,"A",,"A",,"A",,"A"
"20131",2538175,28,0,"2","2","D","110","D","12","D",30,"D",,"A",,"A",,"A",,"A",,"A",,"A",,"A",,"A",,"A"
"20131",2538235,30,0,"2","2","D","220","D","12","D",253,"D",,"A",,"A",,"A",,"A",,"A",,"A",,"A",,"A",,"A"
"20131",2538515,16,0,"1","2","D","190","D","12","D",74,"D",,"A",,"A",,"A",,"A",,"A",,"A",,"A",,"A",,"A"
"20131",2538515,17,0,"1","2","D","190","D","02","D",37,"D",,"A",,"A",,"A",,"A",,"A",,"A",,"A",,"A",,"A"
"20131",2538515,18,0,"2","1","D","190","D","12","D",74,"D",,"A",,"A",,"A",,"A",,"A",,"A",,"A",,"A",,"A"
"20131",2538655,22,0,"1","1","D","190","D","02","D",85,"D",,"A",,"A",,"A",,"A",,"A",,"A",,"A",,"A",,"A"
"20131",2538895,23,0,"1","1","D","190","D","12","D",141,"D",,"A",,"A",,"A",,"A",,"A",,"A",,"A",,"A",,"A"
"20131",2539535,14,0,"1","1","D","120","D","12","D",350,"D",,"A",,"A",,"A",,"A",,"A",,"A",,"A",,"A",,"A"
"20131",2539755,40,0,"1","2","D","200","D","12","D",13,"D",,"A",,"A",,"A",,"A",,"A",,"A",,"A",,"A",,"A"
"20131",2539755,41,0,"1","2","D","200","D","01","D",13,"D",,"A",,"A",,"A",,"A",,"A",,"A",,"A",,"A",,"A"
"20131",2539755,42,0,"1","2","D","200","D","02","D",13,"D",,"A",,"A",,"A",,"A",,"A",,"A",,"A",,"A",,"A"
"20131",2540255,15,0,"1","1","D","110","D","01","D",237,"D",,"A",,"A",,"A",,"A",,"A",,"A",,"A",,"A",,"A"
"20131",2540255,16,0,"1","1","D","110","D","01","D",76,"D",,"A",,"A",,"A",,"A",,"A",,"A",,"A",,"A",,"A"
"20131",2540265,28,0,"1","2","D","110","D","12","D",78,"F",,"A",,"A",,"A",,"A",,"A",,"A",,"A",,"A",,"A"
"20131",2540395,20,0,"2","1","D","220","D","12","D",190,"D",,"A",,"A",,"A",,"A",,"A",,"A",,"A",,"A",,"A"
"20131",2540525,23,0,"1","1","D","190","D","12","D",33,"D",,"A",,"A",,"A",,"A",,"A",,"A",,"A",,"A",,"A"
"20131",2540525,24,0,"1","1","D","190","D","01","D",33,"D",,"A",,"A",,"A",,"A",,"A",,"A",,"A",,"A",,"A"
"20131",2540525,25,0,"1","1","D","190","D","02","D",33,"D",,"A",,"A",,"A",,"A",,"A",,"A",,"A",,"A",,"A"
"20131",2540525,26,0,"1","1","D","190","D","01","D",54,"D",,"A",,"A",,"A",,"A",,"A",,"A",,"A",,"A",,"A"
"20131",2540525,27,0,"1","1","D","190","D","12","D",33,"D",,"A",,"A",,"A",,"A",,"A",,"A",,"A",,"A",,"A"
"20131",2540525,28,0,"1","1","D","190","D","01","D",33,"D",,"A",,"A",,"A",,"A",,"A",,"A",,"A",,"A",,"A"
"20131",2540525,29,0,"1","1","D","190","D","02","D",33,"D",,"A",,"A",,"A",,"A",,"A",,"A",,"A",,"A",,"A"
"20131",2540755,21,0,"1","2","D","110","D","02","D",80,"D",,"A",,"A",,"A",,"A",,"A",,"A",,"A",,"A",,"A"
"20131",2540755,22,0,"1","2","D","110","D","02","D",80,"D",,"A",,"A",,"A",,"A",,"A",,"A",,"A",,"A",,"A"
"20131",2540845,18,0,"1","1","D","190","D","02","D",360,"D",,"A",,"A",,"A",,"A",,"A",,"A",,"A",,"A",,"A"
"20131",2540895,15,0,"2","1","D","190","D","12","D",81,"D",,"A",,"A",,"A",,"A",,"A",,"A",,"A",,"A",,"A"
"20131",2540945,21,0,"1","1","D","110","D","02","D",260,"D",,"A",,"A",,"A",,"A",,"A",,"A",,"A",,"A",,"A"
"20131",2540945,22,0,"1","1","D","110","D","02","D",340,"D",,"A",,"A",,"A",,"A",,"A",,"A",,"A",,"A",,"A"
"20131",2540945,23,0,"1","2","D","110","D","02","D",180,"D",,"A",,"A",,"A",,"A",,"A",,"A",,"A",,"A",,"A"
"20131",2540975,22,0,"1","2","D","200","D","12","D",40,"D",,"A",,"A",,"A",,"A",,"A",,"A",,"A",,"A",,"A"
"20131",2541005,19,0,"1","2","D","210","D","12","D",.,"H","110","D","200","D","100","D",,"A",,"A",,"A",,"A",,"A",,"A"
"20131",2541005,19,1,"1","2","D","110","D","12","D",5,"E",,"A",,"A",,"A",,"A",,"A",,"A",,"A",,"A",,"A"
"20131",2541005,19,2,"1","2","D","200","D","12","D",10,"E",,"A",,"A",,"A",,"A",,"A",,"A",,"A",,"A",,"A"
"20131",2541005,19,3,"1","2","D","100","D","12","D",15,"E",,"A",,"A",,"A",,"A",,"A",,"A",,"A",,"A",,"A"
"20131",2541005,20,0,"1","2","D","210","D","01","D",.,"H","110","D","200","D","100","D",,"A",,"A",,"A",,"A",,"A",,"A"
"20131",2541005,20,1,"1","2","D","110","D","01","D",7,"E",,"A",,"A",,"A",,"A",,"A",,"A",,"A",,"A",,"A"
"20131",2541005,20,2,"1","2","D","200","D","01","D",10,"E",,"A",,"A",,"A",,"A",,"A",,"A",,"A",,"A",,"A"
"20131",2541005,20,3,"1","2","D","100","D","01","D",13,"E",,"A",,"A",,"A",,"A",,"A",,"A",,"A",,"A",,"A"
"20131",2541005,21,0,"1","2","D","210","D","02","D",.,"H","110","D","200","D","100","D",,"A",,"A",,"A",,"A",,"A",,"A"
"20131",2541005,21,1,"1","2","D","110","D","02","D",7,"E",,"A",,"A",,"A",,"A",,"A",,"A",,"A",,"A",,"A"
"20131",2541005,21,2,"1","2","D","200","D","02","D",10,"E",,"A",,"A",,"A",,"A",,"A",,"A",,"A",,"A",,"A"
"20131",2541005,21,3,"1","2","D","100","D","02","D",13,"E",,"A",,"A",,"A",,"A",,"A",,"A",,"A",,"A",,"A"
"20131",2541005,22,0,"2","1","D","115","D","12","D",.,"H","110","D","100","D",,"A",,"A",,"A",,"A",,"A",,"A",,"A"
"20131",2541005,22,1,"2","1","D","110","D","12","D",18,"E",,"A",,"A",,"A",,"A",,"A",,"A",,"A",,"A",,"A"
"20131",2541005,22,2,"2","1","D","100","D","12","D",12,"E",,"A",,"A",,"A",,"A",,"A",,"A",,"A",,"A",,"A"
"20131",2541505,18,0,"1","1","D","110","D","02","D",60,"D",,"A",,"A",,"A",,"A",,"A",,"A",,"A",,"A",,"A"
"20131",2541855,24,0,"1","2","D","200","D","02","D",560,"D",,"A",,"A",,"A",,"A",,"A",,"A",,"A",,"A",,"A"
"20131",2541915,21,0,"1","2","D","120","D","01","D",250,"D",,"A",,"A",,"A",,"A",,"A",,"A",,"A",,"A",,"A"
"20131",2541925,37,0,"1","2","D","220","D","01","D",80,"D",,"A",,"A",,"A",,"A",,"A",,"A",,"A",,"A",,"A"
"20131",2541975,28,0,"1","1","D","110","D","01","D",150,"D",,"A",,"A",,"A",,"A",,"A",,"A",,"A",,"A",,"A"
"20131",2542225,25,0,"2","1","D","110","D","12","D",40,"D",,"A",,"A",,"A",,"A",,"A",,"A",,"A",,"A",,"A"
"20131",2542415,25,0,"1","2","D","110","D","12","D",58,"D",,"A",,"A",,"A",,"A",,"A",,"A",,"A",,"A",,"A"
"20131",2542415,26,0,"1","2","D","110","D","01","D",58,"D",,"A",,"A",,"A",,"A",,"A",,"A",,"A",,"A",,"A"
"20131",2542415,27,0,"1","2","D","110","D","02","D",58,"D",,"A",,"A",,"A",,"A",,"A",,"A",,"A",,"A",,"A"
"20131",2542545,17,0,"2","2","D","110","D","12","D",217,"D",,"A",,"A",,"A",,"A",,"A",,"A",,"A",,"A",,"A"
"20131",2543385,17,0,"2","1","D","210","D","12","D",.,"H","120","D","220","D",,"A",,"A",,"A",,"A",,"A",,"A",,"A"
"20131",2543385,17,1,"2","1","D","120","D","12","D",96,"E",,"A",,"A",,"A",,"A",,"A",,"A",,"A",,"A",,"A"
"20131",2543385,17,2,"2","1","D","220","D","12","D",54,"E",,"A",,"A",,"A",,"A",,"A",,"A",,"A",,"A",,"A"
"20131",2543385,18,0,"2","2","D","120","D","12","D",33,"D",,"A",,"A",,"A",,"A",,"A",,"A",,"A",,"A",,"A"
"20131",2543455,25,0,"1","1","D","110","D","12","D",7,"D",,"A",,"A",,"A",,"A",,"A",,"A",,"A",,"A",,"A"
"20131",2543455,26,0,"1","1","D","110","D","01","D",7,"D",,"A",,"A",,"A",,"A",,"A",,"A",,"A",,"A",,"A"
"20131",2543455,27,0,"1","1","D","110","D","02","D",7,"D",,"A",,"A",,"A",,"A",,"A",,"A",,"A",,"A",,"A"
"20131",2543805,16,0,"2","1","D","190","D","12","D",150,"D",,"A",,"A",,"A",,"A",,"A",,"A",,"A",,"A",,"A"
"20131",2543875,20,0,"1","2","D","190","D","01","D",177,"D",,"A",,"A",,"A",,"A",,"A",,"A",,"A",,"A",,"A"
"20131",2543875,21,0,"2","1","D","190","D","12","D",44,"D",,"A",,"A",,"A",,"A",,"A",,"A",,"A",,"A",,"A"
"20131",2543995,23,0,"1","1","D","190","D","01","D",65,"D",,"A",,"A",,"A",,"A",,"A",,"A",,"A",,"A",,"A"
"20131",2544435,23,0,"1","1","D","170","D","01","D",40,"D",,"A",,"A",,"A",,"A",,"A",,"A",,"A",,"A",,"A"
"20131",2544485,15,0,"1","1","D","110","D","02","D",375,"D",,"A",,"A",,"A",,"A",,"A",,"A",,"A",,"A",,"A"
"20131",2544625,21,0,"1","2","D","190","D","01","D",51,"D",,"A",,"A",,"A",,"A",,"A",,"A",,"A",,"A",,"A"
"20131",2544885,24,0,"1","1","D","190","D","12","D",39,"D",,"A",,"A",,"A",,"A",,"A",,"A",,"A",,"A",,"A"
"20131",2544885,25,0,"1","1","D","190","D","01","D",39,"D",,"A",,"A",,"A",,"A",,"A",,"A",,"A",,"A",,"A"
"20131",2544885,26,0,"1","1","D","190","D","02","D",39,"D",,"A",,"A",,"A",,"A",,"A",,"A",,"A",,"A",,"A"
"20131",2545304,44,0,"1","1","D","190","D","10","D",20,"D",,"A",,"A",,"A",,"A",,"A",,"A",,"A",,"A",,"A"
"20131",2545304,45,0,"1","1","D","190","D","11","D",20,"D",,"A",,"A",,"A",,"A",,"A",,"A",,"A",,"A",,"A"
"20131",2545304,46,0,"1","1","D","190","D","12","D",20,"D",,"A",,"A",,"A",,"A",,"A",,"A",,"A",,"A",,"A"
"20131",2545304,47,0,"2","1","D","190","D","10","D",125,"D",,"A",,"A",,"A",,"A",,"A",,"A",,"A",,"A",,"A"
"20131",2546074,28,0,"1","2","D","200","D","12","D",140,"D",,"A",,"A",,"A",,"A",,"A",,"A",,"A",,"A",,"A"
"20131",2546294,30,0,"1","2","D","110","D","10","D",43,"D",,"A",,"A",,"A",,"A",,"A",,"A",,"A",,"A",,"A"
"20131",2546294,31,0,"1","2","D","110","D","11","D",43,"D",,"A",,"A",,"A",,"A",,"A",,"A",,"A",,"A",,"A"
"20131",2546294,32,0,"1","2","D","110","D","12","D",43,"D",,"A",,"A",,"A",,"A",,"A",,"A",,"A",,"A",,"A"
"20131",2546434,18,0,"1","2","D","220","D","11","D",32,"D",,"A",,"A",,"A",,"A",,"A",,"A",,"A",,"A",,"A"
"20131",2546774,24,0,"1","1","D","120","D","11","D",690,"D",,"A",,"A",,"A",,"A",,"A",,"A",,"A",,"A",,"A"
"20131",2546774,25,0,"1","1","D","190","D","10","D",88,"D",,"A",,"A",,"A",,"A",,"A",,"A",,"A",,"A",,"A"
"20131",2547094,20,0,"2","1","D","110","D","10","D",160,"D",,"A",,"A",,"A",,"A",,"A",,"A",,"A",,"A",,"A"
"20131",2547924,34,0,"1","1","D","220","D","11","D",100,"D",,"A",,"A",,"A",,"A",,"A",,"A",,"A",,"A",,"A"
"20131",2547984,17,0,"1","2","D","120","D","11","D",1779,"D",,"A",,"A",,"A",,"A",,"A",,"A",,"A",,"A",,"A"
"20131",2548154,20,0,"1","1","D","220","D","12","D",109,"D",,"A",,"A",,"A",,"A",,"A",,"A",,"A",,"A",,"A"
"20131",2548154,21,0,"1","1","D","190","D","12","D",77,"D",,"A",,"A",,"A",,"A",,"A",,"A",,"A",,"A",,"A"
"20131",2548194,25,0,"1","1","D","190","D","12","D",60,"D",,"A",,"A",,"A",,"A",,"A",,"A",,"A",,"A",,"A"
"20131",2548244,22,0,"1","1","D","110","D","12","D",133,"D",,"A",,"A",,"A",,"A",,"A",,"A",,"A",,"A",,"A"
"20131",2548344,21,0,"1","2","D","120","D","12","D",120,"D",,"A",,"A",,"A",,"A",,"A",,"A",,"A",,"A",,"A"
"20131",2548344,22,0,"2","2","D","200","D","10","D",69,"D",,"A",,"A",,"A",,"A",,"A",,"A",,"A",,"A",,"A"
"20131",2548564,21,0,"1","1","D","190","D","10","D",24,"D",,"A",,"A",,"A",,"A",,"A",,"A",,"A",,"A",,"A"
"20131",2548564,22,0,"1","1","D","190","D","11","D",24,"D",,"A",,"A",,"A",,"A",,"A",,"A",,"A",,"A",,"A"
"20131",2548564,23,0,"1","1","D","190","D","12","D",24,"D",,"A",,"A",,"A",,"A",,"A",,"A",,"A",,"A",,"A"
"20131",2548564,24,0,"1","2","D","200","D","11","D",60,"D",,"A",,"A",,"A",,"A",,"A",,"A",,"A",,"A",,"A"
"20131",2548564,25,0,"2","1","D","190","D","10","D",24,"D",,"A",,"A",,"A",,"A",,"A",,"A",,"A",,"A",,"A"
"20131",2548674,23,0,"1","2","D","200","D","11","D",150,"D",,"A",,"A",,"A",,"A",,"A",,"A",,"A",,"A",,"A"
"20131",2548814,15,0,"1","1","D","190","D","11","D",102,"D",,"A",,"A",,"A",,"A",,"A",,"A",,"A",,"A",,"A"
"20131",2548834,35,0,"1","1","D","220","D","10","D",700,"D",,"A",,"A",,"A",,"A",,"A",,"A",,"A",,"A",,"A"
"20131",2549064,20,0,"1","2","D","200","D","12","D",18,"D",,"A",,"A",,"A",,"A",,"A",,"A",,"A",,"A",,"A"
"20131",2549064,21,0,"1","2","D","200","D","11","D",18,"D",,"A",,"A",,"A",,"A",,"A",,"A",,"A",,"A",,"A"
"20131",2549064,22,0,"1","2","D","200","D","10","D",18,"D",,"A",,"A",,"A",,"A",,"A",,"A",,"A",,"A",,"A"
"20131",2549064,23,0,"2","2","D","200","D","10","D",19,"D",,"A",,"A",,"A",,"A",,"A",,"A",,"A",,"A",,"A"
"20131",2549264,16,0,"1","1","D","110","D","12","D",1,"D",,"A",,"A",,"A",,"A",,"A",,"A",,"A",,"A",,"A"
"20131",2549344,24,0,"1","1","D","190","D","10","D",83,"D",,"A",,"A",,"A",,"A",,"A",,"A",,"A",,"A",,"A"
"20131",2549374,26,0,"1","1","D","110","D","12","D",54,"D",,"A",,"A",,"A",,"A",,"A",,"A",,"A",,"A",,"A"
"20131",2549374,27,0,"1","2","D","190","D","11","D",110,"D",,"A",,"A",,"A",,"A",,"A",,"A",,"A",,"A",,"A"
"20131",2549794,23,0,"1","1","D","110","D","11","D",100,"D",,"A",,"A",,"A",,"A",,"A",,"A",,"A",,"A",,"A"
"20131",2549894,31,0,"1","2","D","200","D","11","D",301,"D",,"A",,"A",,"A",,"A",,"A",,"A",,"A",,"A",,"A"
"20131",2549964,23,0,"1","1","D","120","D","12","D",120,"D",,"A",,"A",,"A",,"A",,"A",,"A",,"A",,"A",,"A"
"20131",2550194,30,0,"1","1","D","110","D","11","D",125,"D",,"A",,"A",,"A",,"A",,"A",,"A",,"A",,"A",,"A"
"20131",2550374,16,0,"1","1","D","190","D","11","D",78,"D",,"A",,"A",,"A",,"A",,"A",,"A",,"A",,"A",,"A"
"20131",2550374,17,0,"1","2","D","200","D","12","D",51,"D",,"A",,"A",,"A",,"A",,"A",,"A",,"A",,"A",,"A"
"20131",2550544,30,0,"1","1","D","110","D","12","D",249,"D",,"A",,"A",,"A",,"A",,"A",,"A",,"A",,"A",,"A"
"20131",2550874,24,0,"1","1","D","210","D","10","D",.,"H","210","D","110","D",,"A",,"A",,"A",,"A",,"A",,"A",,"A"
"20131",2550874,24,1,"1","1","D","100","D","10","D",68,"E",,"A",,"A",,"A",,"A",,"A",,"A",,"A",,"A",,"A"
"20131",2550874,24,2,"1","1","D","110","D","10","D",98,"E",,"A",,"A",,"A",,"A",,"A",,"A",,"A",,"A",,"A"
"20131",2550874,24,3,"1","1","D","140","D","10","D",80,"E",,"A",,"A",,"A",,"A",,"A",,"A",,"A",,"A",,"A"
"20131",2550874,24,4,"1","1","D","190","D","10","D",56,"E",,"A",,"A",,"A",,"A",,"A",,"A",,"A",,"A",,"A"
"20131",2550874,24,5,"1","1","D","220","D","10","D",98,"E",,"A",,"A",,"A",,"A",,"A",,"A",,"A",,"A",,"A"
"20131",2550924,22,0,"1","1","D","130","D","11","D",90,"D",,"A",,"A",,"A",,"A",,"A",,"A",,"A",,"A",,"A"
"20131",2551974,24,0,"2","2","D","200","D","10","D",135,"D",,"A",,"A",,"A",,"A",,"A",,"A",,"A",,"A",,"A"
"20131",2552354,18,0,"1","2","D","110","D","10","D",29,"D",,"A",,"A",,"A",,"A",,"A",,"A",,"A",,"A",,"A"
"20131",2552354,19,0,"1","2","D","110","D","11","D",29,"D",,"A",,"A",,"A",,"A",,"A",,"A",,"A",,"A",,"A"
"20131",2552354,20,0,"1","2","D","110","D","12","D",29,"D",,"A",,"A",,"A",,"A",,"A",,"A",,"A",,"A",,"A"
"20131",2552354,21,0,"1","2","D","190","D","10","D",34,"D",,"A",,"A",,"A",,"A",,"A",,"A",,"A",,"A",,"A"
"20131",2552354,22,0,"1","2","D","190","D","11","D",34,"D",,"A",,"A",,"A",,"A",,"A",,"A",,"A",,"A",,"A"
"20131",2552354,23,0,"1","2","D","190","D","12","D",34,"D",,"A",,"A",,"A",,"A",,"A",,"A",,"A",,"A",,"A"
"20131",2552354,24,0,"2","2","D","110","D","10","D",29,"D",,"A",,"A",,"A",,"A",,"A",,"A",,"A",,"A",,"A"
"20131",2552354,25,0,"2","2","D","190","D","10","D",34,"D",,"A",,"A",,"A",,"A",,"A",,"A",,"A",,"A",,"A"
"20131",2552444,24,0,"1","2","D","190","D","12","D",25,"D",,"A",,"A",,"A",,"A",,"A",,"A",,"A",,"A",,"A"
"20131",2552444,25,0,"2","2","D","190","D","10","D",25,"D",,"A",,"A",,"A",,"A",,"A",,"A",,"A",,"A",,"A"
"20131",2552454,17,0,"1","1","D","110","D","11","D",231,"D",,"A",,"A",,"A",,"A",,"A",,"A",,"A",,"A",,"A"
"20131",2553084,24,0,"1","2","D","110","D","12","D",398,"D",,"A",,"A",,"A",,"A",,"A",,"A",,"A",,"A",,"A"
"20131",2553214,15,0,"1","2","D","190","D","12","D",32,"D",,"A",,"A",,"A",,"A",,"A",,"A",,"A",,"A",,"A"
"20131",2553844,23,0,"1","1","D","190","D","11","D",33,"D",,"A",,"A",,"A",,"A",,"A",,"A",,"A",,"A",,"A"
"20131",2554034,24,0,"2","1","D","130","D","10","D",200,"D",,"A",,"A",,"A",,"A",,"A",,"A",,"A",,"A",,"A"
"20131",2554104,15,0,"1","2","D","190","D","11","D",40,"D",,"A",,"A",,"A",,"A",,"A",,"A",,"A",,"A",,"A"
"20131",2554384,24,0,"1","1","D","190","D","12","D",140,"D",,"A",,"A",,"A",,"A",,"A",,"A",,"A",,"A",,"A"
"20131",2554384,25,0,"1","2","D","100","D","10","D",100,"D",,"A",,"A",,"A",,"A",,"A",,"A",,"A",,"A",,"A"
"20131",2554624,36,0,"2","1","D","110","D","10","D",175,"D",,"A",,"A",,"A",,"A",,"A",,"A",,"A",,"A",,"A"
"20131",2554984,20,0,"1","1","D","190","D","10","D",161,"D",,"A",,"A",,"A",,"A",,"A",,"A",,"A",,"A",,"A"
"20131",2554994,15,0,"1","1","D","110","D","12","D",20,"D",,"A",,"A",,"A",,"A",,"A",,"A",,"A",,"A",,"A"
"20131",2556134,21,0,"2","1","D","100","D","10","D",45,"D",,"A",,"A",,"A",,"A",,"A",,"A",,"A",,"A",,"A"
"20131",2557134,20,0,"1","2","D","220","D","11","D",65,"D",,"A",,"A",,"A",,"A",,"A",,"A",,"A",,"A",,"A"
"20131",2557304,19,0,"1","1","D","110","D","01","D",120,"D",,"A",,"A",,"A",,"A",,"A",,"A",,"A",,"A",,"A"
"20131",2557414,16,0,"1","1","D","110","D","01","D",428,"D",,"A",,"A",,"A",,"A",,"A",,"A",,"A",,"A",,"A"
"20131",2557414,17,0,"1","2","D","200","D","01","D",214,"D",,"A",,"A",,"A",,"A",,"A",,"A",,"A",,"A",,"A"
"20131",2557594,16,0,"1","2","D","130","D","12","D",14,"D",,"A",,"A",,"A",,"A",,"A",,"A",,"A",,"A",,"A"
"20131",2557714,26,0,"1","1","D","190","D","12","D",76,"D",,"A",,"A",,"A",,"A",,"A",,"A",,"A",,"A",,"A"
"20131",2557734,22,0,"1","1","D","190","D","11","D",65,"D",,"A",,"A",,"A",,"A",,"A",,"A",,"A",,"A",,"A"
"20131",2557734,23,0,"1","1","D","190","D","12","D",65,"D",,"A",,"A",,"A",,"A",,"A",,"A",,"A",,"A",,"A"
"20131",2557734,24,0,"1","1","D","190","D","01","D",65,"D",,"A",,"A",,"A",,"A",,"A",,"A",,"A",,"A",,"A"
"20131",2557884,20,0,"1","1","D","190","D","12","D",120,"D",,"A",,"A",,"A",,"A",,"A",,"A",,"A",,"A",,"A"
"20131",2558934,33,0,"1","1","D","110","D","12","D",60,"D",,"A",,"A",,"A",,"A",,"A",,"A",,"A",,"A",,"A"
"20131",2559694,17,0,"1","1","D","110","D","11","D",90,"D",,"A",,"A",,"A",,"A",,"A",,"A",,"A",,"A",,"A"
"20131",2559774,27,0,"1","1","D","110","D","12","D",39,"D",,"A",,"A",,"A",,"A",,"A",,"A",,"A",,"A",,"A"
"20131",2559954,18,0,"1","1","D","110","D","11","D",90,"D",,"A",,"A",,"A",,"A",,"A",,"A",,"A",,"A",,"A"
"20131",2560044,22,0,"1","1","D","190","D","11","D",78,"D",,"A",,"A",,"A",,"A",,"A",,"A",,"A",,"A",,"A"
"20131",2560044,23,0,"1","1","D","190","D","12","D",78,"D",,"A",,"A",,"A",,"A",,"A",,"A",,"A",,"A",,"A"
"20131",2560044,24,0,"1","1","D","190","D","01","D",78,"D",,"A",,"A",,"A",,"A",,"A",,"A",,"A",,"A",,"A"
"20131",2560254,28,0,"1","1","D","110","D","01","D",2,"D",,"A",,"A",,"A",,"A",,"A",,"A",,"A",,"A",,"A"
"20131",2560264,30,0,"1","2","D","190","D","12","D",126,"D",,"A",,"A",,"A",,"A",,"A",,"A",,"A",,"A",,"A"
"20131",2560454,22,0,"1","1","D","190","D","11","D",35,"D",,"A",,"A",,"A",,"A",,"A",,"A",,"A",,"A",,"A"
"20131",2560454,23,0,"1","1","D","190","D","12","D",35,"D",,"A",,"A",,"A",,"A",,"A",,"A",,"A",,"A",,"A"
"20131",2560454,24,0,"1","1","D","190","D","01","D",35,"D",,"A",,"A",,"A",,"A",,"A",,"A",,"A",,"A",,"A"
"20131",2560604,15,0,"2","1","D","190","D","11","D",35,"D",,"A",,"A",,"A",,"A",,"A",,"A",,"A",,"A",,"A"
"20131",2561054,35,0,"1","1","D","220","D","12","D",11,"D",,"A",,"A",,"A",,"A",,"A",,"A",,"A",,"A",,"A"
"20131",2561434,28,0,"1","1","D","110","D","01","D",30,"D",,"A",,"A",,"A",,"A",,"A",,"A",,"A",,"A",,"A"
"20131",2561654,18,0,"1","1","D","110","D","01","D",110,"D",,"A",,"A",,"A",,"A",,"A",,"A",,"A",,"A",,"A"
"20131",2561754,23,0,"1","1","D","190","D","01","D",88,"D",,"A",,"A",,"A",,"A",,"A",,"A",,"A",,"A",,"A"
"20131",2561754,24,0,"1","1","D","190","D","11","D",88,"D",,"A",,"A",,"A",,"A",,"A",,"A",,"A",,"A",,"A"
"20131",2561754,25,0,"1","1","D","190","D","12","D",88,"D",,"A",,"A",,"A",,"A",,"A",,"A",,"A",,"A",,"A"
"20131",2561754,26,0,"2","1","D","190","D","11","D",88,"D",,"A",,"A",,"A",,"A",,"A",,"A",,"A",,"A",,"A"
"20131",2561754,27,0,"2","2","D","200","D","11","D",182,"F",,"A",,"A",,"A",,"A",,"A",,"A",,"A",,"A",,"A"
"20131",2561834,29,0,"1","2","D","200","D","11","D",189,"D",,"A",,"A",,"A",,"A",,"A",,"A",,"A",,"A",,"A"
"20131",2561874,27,0,"1","1","D","100","D","11","D",105,"D",,"A",,"A",,"A",,"A",,"A",,"A",,"A",,"A",,"A"
"20131",2562265,24,0,"1","1","D","110","D","01","D",20,"D",,"A",,"A",,"A",,"A",,"A",,"A",,"A",,"A",,"A"
"20131",2562334,31,0,"1","2","D","150","D","01","D",65,"D",,"A",,"A",,"A",,"A",,"A",,"A",,"A",,"A",,"A"
"20131",2562344,18,0,"1","1","D","110","D","11","D",43,"D",,"A",,"A",,"A",,"A",,"A",,"A",,"A",,"A",,"A"
"20131",2562444,22,0,"2","1","D","100","D","11","D",90,"D",,"A",,"A",,"A",,"A",,"A",,"A",,"A",,"A",,"A"
"20131",2562574,21,0,"1","2","D","190","D","11","D",109,"D",,"A",,"A",,"A",,"A",,"A",,"A",,"A",,"A",,"A"
"20131",2563184,24,0,"1","1","D","190","D","11","D",27,"D",,"A",,"A",,"A",,"A",,"A",,"A",,"A",,"A",,"A"
"20131",2563414,31,0,"1","1","D","220","D","11","D",300,"D",,"A",,"A",,"A",,"A",,"A",,"A",,"A",,"A",,"A"
"20131",2563444,20,0,"1","2","D","150","D","12","D",600,"D",,"A",,"A",,"A",,"A",,"A",,"A",,"A",,"A",,"A"
"20131",2563714,20,0,"1","2","D","200","D","01","D",60,"D",,"A",,"A",,"A",,"A",,"A",,"A",,"A",,"A",,"A"
"20131",2564464,16,0,"1","1","D","130","D","01","D",100,"D",,"A",,"A",,"A",,"A",,"A",,"A",,"A",,"A",,"A"
"20131",2564844,17,0,"2","2","D","120","D","11","D",33,"D",,"A",,"A",,"A",,"A",,"A",,"A",,"A",,"A",,"A"
"20131",2565224,18,0,"1","1","D","110","D","01","D",500,"D",,"A",,"A",,"A",,"A",,"A",,"A",,"A",,"A",,"A"
"20131",2565274,18,0,"2","2","D","190","D","11","D",32,"D",,"A",,"A",,"A",,"A",,"A",,"A",,"A",,"A",,"A"
"20131",2565294,34,0,"2","1","D","220","D","11","D",35,"D",,"A",,"A",,"A",,"A",,"A",,"A",,"A",,"A",,"A"
"20131",2565354,29,0,"1","1","D","190","D","11","D",39,"D",,"A",,"A",,"A",,"A",,"A",,"A",,"A",,"A",,"A"
"20131",2565354,30,0,"1","1","D","190","D","12","D",39,"D",,"A",,"A",,"A",,"A",,"A",,"A",,"A",,"A",,"A"
"20131",2565354,31,0,"1","1","D","190","D","01","D",39,"D",,"A",,"A",,"A",,"A",,"A",,"A",,"A",,"A",,"A"
"20131",2565504,19,0,"2","2","D","190","D","11","D",82,"D",,"A",,"A",,"A",,"A",,"A",,"A",,"A",,"A",,"A"
"20131",2565584,25,0,"1","1","D","110","D","01","D",15,"D",,"A",,"A",,"A",,"A",,"A",,"A",,"A",,"A",,"A"
"20131",2565634,17,0,"1","1","D","110","D","01","D",98,"D",,"A",,"A",,"A",,"A",,"A",,"A",,"A",,"A",,"A"
"20131",2565664,17,0,"1","2","D","110","D","11","D",22,"D",,"A",,"A",,"A",,"A",,"A",,"A",,"A",,"A",,"A"
"20131",2566094,20,0,"1","1","D","220","D","11","D",100,"D",,"A",,"A",,"A",,"A",,"A",,"A",,"A",,"A",,"A"
"20131",2566294,17,0,"2","1","D","160","D","11","D",80,"D",,"A",,"A",,"A",,"A",,"A",,"A",,"A",,"A",,"A"
"20131",2566374,30,0,"1","2","D","220","D","01","D",200,"D",,"A",,"A",,"A",,"A",,"A",,"A",,"A",,"A",,"A"
"20131",2566484,29,0,"1","1","D","190","D","01","D",80,"D",,"A",,"A",,"A",,"A",,"A",,"A",,"A",,"A",,"A"
"20131",2566484,30,0,"1","2","D","190","D","11","D",600,"D",,"A",,"A",,"A",,"A",,"A",,"A",,"A",,"A",,"A"
"20131",2566854,16,0,"1","1","D","190","D","01","D",50,"D",,"A",,"A",,"A",,"A",,"A",,"A",,"A",,"A",,"A"
"20131",2567094,51,0,"1","1","D","220","D","01","D",100,"D",,"A",,"A",,"A",,"A",,"A",,"A",,"A",,"A",,"A"
"20131",2567094,52,0,"1","1","D","190","D","12","D",50,"D",,"A",,"A",,"A",,"A",,"A",,"A",,"A",,"A",,"A"
"20131",2567094,53,0,"1","1","D","190","D","01","D",50,"D",,"A",,"A",,"A",,"A",,"A",,"A",,"A",,"A",,"A"
"20131",2567194,14,0,"1","1","D","190","D","12","D",36,"D",,"A",,"A",,"A",,"A",,"A",,"A",,"A",,"A",,"A"
"20131",2567194,15,0,"1","1","D","190","D","01","D",36,"D",,"A",,"A",,"A",,"A",,"A",,"A",,"A",,"A",,"A"
"20131",2567194,16,0,"2","1","D","190","D","11","D",36,"D",,"A",,"A",,"A",,"A",,"A",,"A",,"A",,"A",,"A"
"20131",2567424,26,0,"1","2","D","200","D","11","D",314,"D",,"A",,"A",,"A",,"A",,"A",,"A",,"A",,"A",,"A"
"20131",2567784,26,0,"1","2","D","200","D","12","D",260,"D",,"A",,"A",,"A",,"A",,"A",,"A",,"A",,"A",,"A"
"20131",2568354,30,0,"2","1","D","220","D","12","D",50,"D",,"A",,"A",,"A",,"A",,"A",,"A",,"A",,"A",,"A"
"20131",2568874,15,0,"1","1","D","190","D","01","D",25,"D",,"A",,"A",,"A",,"A",,"A",,"A",,"A",,"A",,"A"
"20131",2568874,16,0,"1","1","D","190","D","02","D",25,"D",,"A",,"A",,"A",,"A",,"A",,"A",,"A",,"A",,"A"
"20131",2568874,17,0,"2","1","D","190","D","12","D",27,"D",,"A",,"A",,"A",,"A",,"A",,"A",,"A",,"A",,"A"
"20131",2568915,17,0,"1","1","D","220","D","12","D",300,"D",,"A",,"A",,"A",,"A",,"A",,"A",,"A",,"A",,"A"
"20131",2569044,22,0,"1","1","D","110","D","12","D",125,"D",,"A",,"A",,"A",,"A",,"A",,"A",,"A",,"A",,"A"
"20131",2569044,23,0,"1","2","D","190","D","01","D",400,"D",,"A",,"A",,"A",,"A",,"A",,"A",,"A",,"A",,"A"
"20131",2569114,22,0,"1","1","D","190","D","02","D",50,"D",,"A",,"A",,"A",,"A",,"A",,"A",,"A",,"A",,"A"
"20131",2569814,26,0,"1","1","D","190","D","12","D",625,"D",,"A",,"A",,"A",,"A",,"A",,"A",,"A",,"A",,"A"
"20131",2569864,22,0,"1","1","D","190","D","01","D",71,"D",,"A",,"A",,"A",,"A",,"A",,"A",,"A",,"A",,"A"
"20131",2569974,15,0,"1","1","D","110","D","01","D",340,"D",,"A",,"A",,"A",,"A",,"A",,"A",,"A",,"A",,"A"
"20131",2570154,31,0,"1","1","D","110","D","01","D",150,"D",,"A",,"A",,"A",,"A",,"A",,"A",,"A",,"A",,"A"
"20131",2570594,23,0,"1","2","D","110","D","01","D",100,"D",,"A",,"A",,"A",,"A",,"A",,"A",,"A",,"A",,"A"
"20131",2571084,28,0,"1","1","D","110","D","01","D",47,"D",,"A",,"A",,"A",,"A",,"A",,"A",,"A",,"A",,"A"
"20131",2571084,29,0,"1","1","D","110","D","12","D",40,"D",,"A",,"A",,"A",,"A",,"A",,"A",,"A",,"A",,"A"
"20131",2571144,29,0,"1","1","D","110","D","12","D",200,"D",,"A",,"A",,"A",,"A",,"A",,"A",,"A",,"A",,"A"
"20131",2571274,29,0,"1","1","D","190","D","01","D",50,"D",,"A",,"A",,"A",,"A",,"A",,"A",,"A",,"A",,"A"
"20131",2571414,27,0,"1","1","D","190","D","01","D",85,"D",,"A",,"A",,"A",,"A",,"A",,"A",,"A",,"A",,"A"
"20131",2571444,25,0,"1","1","D","190","D","12","D",43,"D",,"A",,"A",,"A",,"A",,"A",,"A",,"A",,"A",,"A"
"20131",2571444,26,0,"1","1","D","190","D","01","D",43,"D",,"A",,"A",,"A",,"A",,"A",,"A",,"A",,"A",,"A"
"20131",2571444,27,0,"1","1","D","190","D","02","D",43,"D",,"A",,"A",,"A",,"A",,"A",,"A",,"A",,"A",,"A"
"20131",2571834,32,0,"1","2","D","120","D","01","D",68,"D",,"A",,"A",,"A",,"A",,"A",,"A",,"A",,"A",,"A"
"20131",2571854,18,0,"1","2","D","130","D","02","D",20,"D",,"A",,"A",,"A",,"A",,"A",,"A",,"A",,"A",,"A"
"20131",2571974,17,0,"1","1","D","190","D","01","D",352,"D",,"A",,"A",,"A",,"A",,"A",,"A",,"A",,"A",,"A"
"20131",2572164,17,0,"1","1","D","190","D","01","D",100,"D",,"A",,"A",,"A",,"A",,"A",,"A",,"A",,"A",,"A"
"20131",2572334,31,0,"1","1","D","110","D","12","D",46,"D",,"A",,"A",,"A",,"A",,"A",,"A",,"A",,"A",,"A"
"20131",2572334,32,0,"1","1","D","110","D","01","D",38,"D",,"A",,"A",,"A",,"A",,"A",,"A",,"A",,"A",,"A"
"20131",2572334,33,0,"1","1","D","110","D","02","D",22,"D",,"A",,"A",,"A",,"A",,"A",,"A",,"A",,"A",,"A"
"20131",2572774,25,0,"1","1","D","110","D","02","D",125,"D",,"A",,"A",,"A",,"A",,"A",,"A",,"A",,"A",,"A"
"20131",2572784,18,0,"1","1","D","190","D","02","D",78,"D",,"A",,"A",,"A",,"A",,"A",,"A",,"A",,"A",,"A"
"20131",2573024,24,0,"1","1","D","190","D","12","D",150,"D",,"A",,"A",,"A",,"A",,"A",,"A",,"A",,"A",,"A"
"20131",2573024,25,0,"2","1","D","190","D","12","D",150,"D",,"A",,"A",,"A",,"A",,"A",,"A",,"A",,"A",,"A"
"20131",2573514,22,0,"1","1","D","170","D","02","D",24,"D",,"A",,"A",,"A",,"A",,"A",,"A",,"A",,"A",,"A"
"20131",2573534,56,0,"1","1","D","220","D","01","D",150,"D",,"A",,"A",,"A",,"A",,"A",,"A",,"A",,"A",,"A"
"20131",2573534,57,0,"1","1","D","130","D","12","D",175,"D",,"A",,"A",,"A",,"A",,"A",,"A",,"A",,"A",,"A"
"20131",2573614,21,0,"1","2","D","110","D","01","D",58,"D",,"A",,"A",,"A",,"A",,"A",,"A",,"A",,"A",,"A"
"20131",2574104,30,0,"1","1","D","220","D","01","D",160,"D",,"A",,"A",,"A",,"A",,"A",,"A",,"A",,"A",,"A"
"20131",2574644,16,0,"1","2","D","110","D","12","D",126,"D",,"A",,"A",,"A",,"A",,"A",,"A",,"A",,"A",,"A"
"20131",2574674,24,0,"1","2","D","110","D","12","D",33,"D",,"A",,"A",,"A",,"A",,"A",,"A",,"A",,"A",,"A"
"20131",2574674,25,0,"1","2","D","110","D","01","D",33,"D",,"A",,"A",,"A",,"A",,"A",,"A",,"A",,"A",,"A"
"20131",2574674,26,0,"1","2","D","110","D","02","D",33,"D",,"A",,"A",,"A",,"A",,"A",,"A",,"A",,"A",,"A"
"20131",2574825,25,0,"1","1","D","120","D","12","D",270,"D",,"A",,"A",,"A",,"A",,"A",,"A",,"A",,"A",,"A"
"20131",2574964,19,0,"2","2","D","200","D","12","D",110,"D",,"A",,"A",,"A",,"A",,"A",,"A",,"A",,"A",,"A"
"20131",2575244,20,0,"1","1","D","190","D","01","D",425,"D",,"A",,"A",,"A",,"A",,"A",,"A",,"A",,"A",,"A"
"20131",2575244,21,0,"1","1","D","190","D","01","D",51,"D",,"A",,"A",,"A",,"A",,"A",,"A",,"A",,"A",,"A"
"20131",2575304,18,0,"1","2","D","200","D","12","D",95,"D",,"A",,"A",,"A",,"A",,"A",,"A",,"A",,"A",,"A"
"20131",2575494,30,0,"1","1","D","110","D","12","D",125,"D",,"A",,"A",,"A",,"A",,"A",,"A",,"A",,"A",,"A"
"20131",2575494,31,0,"1","1","D","110","D","02","D",185,"D",,"A",,"A",,"A",,"A",,"A",,"A",,"A",,"A",,"A"
"20131",2575574,18,0,"2","1","D","190","D","12","D",55,"D",,"A",,"A",,"A",,"A",,"A",,"A",,"A",,"A",,"A"
"20131",2575704,31,0,"1","1","D","220","D","02","D",20,"D",,"A",,"A",,"A",,"A",,"A",,"A",,"A",,"A",,"A"
"20131",2575804,25,0,"1","1","D","110","D","01","D",19,"D",,"A",,"A",,"A",,"A",,"A",,"A",,"A",,"A",,"A"
"20131",2576164,18,0,"1","1","D","110","D","01","D",207,"D",,"A",,"A",,"A",,"A",,"A",,"A",,"A",,"A",,"A"
"20131",2576174,22,0,"1","1","D","130","D","01","D",177,"D",,"A",,"A",,"A",,"A",,"A",,"A",,"A",,"A",,"A"
"20131",2576244,19,0,"1","1","D","190","D","02","D",80,"F",,"A",,"A",,"A",,"A",,"A",,"A",,"A",,"A",,"A"
"20131",2576324,18,0,"1","1","D","110","D","12","D",160,"D",,"A",,"A",,"A",,"A",,"A",,"A",,"A",,"A",,"A"
"20131",2576334,21,0,"1","1","D","190","D","01","D",93,"D",,"A",,"A",,"A",,"A",,"A",,"A",,"A",,"A",,"A"
"20131",2576484,54,0,"2","2","D","220","D","12","D",212,"D",,"A",,"A",,"A",,"A",,"A",,"A",,"A",,"A",,"A"
"20131",2577104,27,0,"1","1","D","190","D","01","D",60,"D",,"A",,"A",,"A",,"A",,"A",,"A",,"A",,"A",,"A"
"20131",2577104,28,0,"1","1","D","190","D","02","D",60,"D",,"A",,"A",,"A",,"A",,"A",,"A",,"A",,"A",,"A"
"20131",2577104,29,0,"2","1","D","190","D","12","D",60,"D",,"A",,"A",,"A",,"A",,"A",,"A",,"A",,"A",,"A"
"20131",2577234,32,0,"1","1","D","170","D","01","D",226,"D",,"A",,"A",,"A",,"A",,"A",,"A",,"A",,"A",,"A"
"20131",2577324,21,0,"1","1","D","190","D","01","D",231,"D",,"A",,"A",,"A",,"A",,"A",,"A",,"A",,"A",,"A"
"20131",2577514,18,0,"1","2","D","190","D","01","D",75,"D",,"A",,"A",,"A",,"A",,"A",,"A",,"A",,"A",,"A"
"20131",2578034,25,0,"1","2","D","110","D","01","D",128,"D",,"A",,"A",,"A",,"A",,"A",,"A",,"A",,"A",,"A"
"20131",2578174,20,0,"1","1","D","190","D","02","D",6,"D",,"A",,"A",,"A",,"A",,"A",,"A",,"A",,"A",,"A"
"20131",2578244,22,0,"1","2","D","200","D","01","D",125,"D",,"A",,"A",,"A",,"A",,"A",,"A",,"A",,"A",,"A"
"20131",2578534,23,0,"2","1","D","120","D","12","D",33,"D",,"A",,"A",,"A",,"A",,"A",,"A",,"A",,"A",,"A"
"20131",2578804,28,0,"1","1","D","110","D","01","D",170,"D",,"A",,"A",,"A",,"A",,"A",,"A",,"A",,"A",,"A"
"20131",2578873,19,0,"1","1","D","110","D","12","D",125,"D",,"A",,"A",,"A",,"A",,"A",,"A",,"A",,"A",,"A"
"20131",2579333,30,0,"1","2","D","190","D","10","D",67,"D",,"A",,"A",,"A",,"A",,"A",,"A",,"A",,"A",,"A"
"20131",2579333,31,0,"1","2","D","190","D","11","D",67,"D",,"A",,"A",,"A",,"A",,"A",,"A",,"A",,"A",,"A"
"20131",2579333,32,0,"1","2","D","190","D","12","D",67,"D",,"A",,"A",,"A",,"A",,"A",,"A",,"A",,"A",,"A"
"20131",2579403,18,0,"1","2","D","160","D","12","D",108,"D",,"A",,"A",,"A",,"A",,"A",,"A",,"A",,"A",,"A"
"20131",2579853,18,0,"1","1","D","190","D","10","D",48,"D",,"A",,"A",,"A",,"A",,"A",,"A",,"A",,"A",,"A"
"20131",2580253,27,0,"1","1","D","190","D","11","D",107,"D",,"A",,"A",,"A",,"A",,"A",,"A",,"A",,"A",,"A"
"20131",2580503,24,0,"1","2","D","200","D","12","D",239,"D",,"A",,"A",,"A",,"A",,"A",,"A",,"A",,"A",,"A"
"20131",2580543,24,0,"1","1","D","190","D","10","D",42,"D",,"A",,"A",,"A",,"A",,"A",,"A",,"A",,"A",,"A"
"20131",2580543,25,0,"1","1","D","190","D","11","D",42,"D",,"A",,"A",,"A",,"A",,"A",,"A",,"A",,"A",,"A"
"20131",2580543,26,0,"1","1","D","190","D","12","D",42,"D",,"A",,"A",,"A",,"A",,"A",,"A",,"A",,"A",,"A"
"20131",2580543,27,0,"2","1","D","190","D","10","D",38,"D",,"A",,"A",,"A",,"A",,"A",,"A",,"A",,"A",,"A"
"20131",2580593,37,0,"1","1","D","110","D","10","D",37,"D",,"A",,"A",,"A",,"A",,"A",,"A",,"A",,"A",,"A"
"20131",2580593,38,0,"1","1","D","110","D","10","D",27,"D",,"A",,"A",,"A",,"A",,"A",,"A",,"A",,"A",,"A"
"20131",2580593,39,0,"1","1","D","110","D","12","D",236,"D",,"A",,"A",,"A",,"A",,"A",,"A",,"A",,"A",,"A"
"20131",2580593,40,0,"2","1","D","110","D","10","D",74,"D",,"A",,"A",,"A",,"A",,"A",,"A",,"A",,"A",,"A"
"20131",2580593,41,0,"2","1","D","110","D","10","D",46,"D",,"A",,"A",,"A",,"A",,"A",,"A",,"A",,"A",,"A"
"20131",2580653,17,0,"1","1","D","190","D","11","D",125,"D",,"A",,"A",,"A",,"A",,"A",,"A",,"A",,"A",,"A"
"20131",2580723,33,0,"1","1","D","130","D","12","D",5,"D",,"A",,"A",,"A",,"A",,"A",,"A",,"A",,"A",,"A"
"20131",2580733,21,0,"1","1","D","110","D","10","D",35,"D",,"A",,"A",,"A",,"A",,"A",,"A",,"A",,"A",,"A"
"20131",2580883,25,0,"1","2","D","200","D","12","D",107,"D",,"A",,"A",,"A",,"A",,"A",,"A",,"A",,"A",,"A"
"20131",2581103,25,0,"1","1","D","120","D","11","D",55,"D",,"A",,"A",,"A",,"A",,"A",,"A",,"A",,"A",,"A"
"20131",2581193,21,0,"2","1","D","190","D","10","D",162,"D",,"A",,"A",,"A",,"A",,"A",,"A",,"A",,"A",,"A"
"20131",2581193,22,0,"2","1","D","130","D","10","D",100,"D",,"A",,"A",,"A",,"A",,"A",,"A",,"A",,"A",,"A"
"20131",2581313,34,0,"1","1","D","190","D","11","D",75,"D",,"A",,"A",,"A",,"A",,"A",,"A",,"A",,"A",,"A"
"20131",2581313,35,0,"1","1","D","220","D","12","D",268,"D",,"A",,"A",,"A",,"A",,"A",,"A",,"A",,"A",,"A"
"20131",2581543,20,0,"1","1","D","110","D","12","D",150,"D",,"A",,"A",,"A",,"A",,"A",,"A",,"A",,"A",,"A"
"20131",2581923,27,0,"1","1","D","220","D","11","D",150,"D",,"A",,"A",,"A",,"A",,"A",,"A",,"A",,"A",,"A"
"20131",2582143,48,0,"1","1","D","100","D","12","D",450,"D",,"A",,"A",,"A",,"A",,"A",,"A",,"A",,"A",,"A"
"20131",2582233,24,0,"1","1","D","190","D","12","D",32,"D",,"A",,"A",,"A",,"A",,"A",,"A",,"A",,"A",,"A"
"20131",2582233,25,0,"1","1","D","190","D","10","D",32,"D",,"A",,"A",,"A",,"A",,"A",,"A",,"A",,"A",,"A"
"20131",2582233,26,0,"1","1","D","190","D","11","D",32,"D",,"A",,"A",,"A",,"A",,"A",,"A",,"A",,"A",,"A"
"20131",2582373,17,0,"1","1","D","190","D","12","D",63,"D",,"A",,"A",,"A",,"A",,"A",,"A",,"A",,"A",,"A"
"20131",2582963,21,0,"2","1","D","130","D","10","D",100,"D",,"A",,"A",,"A",,"A",,"A",,"A",,"A",,"A",,"A"
"20131",2583133,21,0,"2","1","D","190","D","10","D",65,"D",,"A",,"A",,"A",,"A",,"A",,"A",,"A",,"A",,"A"
"20131",2583213,17,0,"1","2","D","170","D","11","D",21,"D",,"A",,"A",,"A",,"A",,"A",,"A",,"A",,"A",,"A"
"20131",2583213,18,0,"2","1","D","170","D","10","D",33,"D",,"A",,"A",,"A",,"A",,"A",,"A",,"A",,"A",,"A"
"20131",2583583,22,0,"1","2","D","190","D","10","D",145,"D",,"A",,"A",,"A",,"A",,"A",,"A",,"A",,"A",,"A"
"20131",2583593,22,0,"1","1","D","190","D","12","D",67,"D",,"A",,"A",,"A",,"A",,"A",,"A",,"A",,"A",,"A"
"20131",2583883,16,0,"1","2","D","200","D","11","D",200,"D",,"A",,"A",,"A",,"A",,"A",,"A",,"A",,"A",,"A"
"20131",2584663,20,0,"1","1","D","110","D","12","D",420,"D",,"A",,"A",,"A",,"A",,"A",,"A",,"A",,"A",,"A"
"20131",2585243,24,0,"1","1","D","110","D","10","D",80,"D",,"A",,"A",,"A",,"A",,"A",,"A",,"A",,"A",,"A"
"20131",2585573,19,0,"1","1","D","110","D","10","D",20,"D",,"A",,"A",,"A",,"A",,"A",,"A",,"A",,"A",,"A"
"20131",2585663,26,0,"1","1","D","110","D","11","D",135,"D",,"A",,"A",,"A",,"A",,"A",,"A",,"A",,"A",,"A"
"20131",2586073,19,0,"1","1","D","110","D","10","D",474,"D",,"A",,"A",,"A",,"A",,"A",,"A",,"A",,"A",,"A"
"20131",2586273,21,0,"1","1","D","100","D","12","D",65,"D",,"A",,"A",,"A",,"A",,"A",,"A",,"A",,"A",,"A"
"20131",2586363,18,0,"1","1","D","220","D","12","D",140,"D",,"A",,"A",,"A",,"A",,"A",,"A",,"A",,"A",,"A"
"20131",2586603,17,0,"1","2","D","200","D","11","D",86,"D",,"A",,"A",,"A",,"A",,"A",,"A",,"A",,"A",,"A"
"20131",2586653,25,0,"1","1","D","150","D","12","D",55,"D",,"A",,"A",,"A",,"A",,"A",,"A",,"A",,"A",,"A"
"20131",2586753,19,0,"1","2","D","200","D","12","D",42,"D",,"A",,"A",,"A",,"A",,"A",,"A",,"A",,"A",,"A"
"20131",2586784,22,0,"1","1","D","190","D","12","D",12,"D",,"A",,"A",,"A",,"A",,"A",,"A",,"A",,"A",,"A"
"20131",2587033,19,0,"1","1","D","110","D","11","D",119,"D",,"A",,"A",,"A",,"A",,"A",,"A",,"A",,"A",,"A"
"20131",2587073,16,0,"1","1","D","190","D","11","D",1093,"D",,"A",,"A",,"A",,"A",,"A",,"A",,"A",,"A",,"A"
"20131",2587073,17,0,"2","1","D","190","D","10","D",33,"D",,"A",,"A",,"A",,"A",,"A",,"A",,"A",,"A",,"A"
"20131",2587313,49,0,"1","1","D","220","D","12","D",42,"D",,"A",,"A",,"A",,"A",,"A",,"A",,"A",,"A",,"A"
"20131",2587663,19,0,"2","2","D","200","D","10","D",12,"D",,"A",,"A",,"A",,"A",,"A",,"A",,"A",,"A",,"A"
"20131",2587813,22,0,"1","1","D","220","D","11","D",11,"D",,"A",,"A",,"A",,"A",,"A",,"A",,"A",,"A",,"A"
"20131",2587813,23,0,"1","1","D","220","D","12","D",11,"D",,"A",,"A",,"A",,"A",,"A",,"A",,"A",,"A",,"A"
"20131",2587913,23,0,"1","2","D","110","D","10","D",28,"D",,"A",,"A",,"A",,"A",,"A",,"A",,"A",,"A",,"A"
"20131",2587913,24,0,"1","2","D","110","D","11","D",28,"D",,"A",,"A",,"A",,"A",,"A",,"A",,"A",,"A",,"A"
"20131",2587913,25,0,"1","2","D","110","D","11","D",28,"D",,"A",,"A",,"A",,"A",,"A",,"A",,"A",,"A",,"A"
"20131",2588133,25,0,"1","1","D","110","D","11","D",102,"D",,"A",,"A",,"A",,"A",,"A",,"A",,"A",,"A",,"A"
"20131",2588133,26,0,"1","1","D","130","D","10","D",65,"D",,"A",,"A",,"A",,"A",,"A",,"A",,"A",,"A",,"A"
"20131",2588133,27,0,"1","2","D","190","D","10","D",60,"D",,"A",,"A",,"A",,"A",,"A",,"A",,"A",,"A",,"A"
"20131",2588173,36,0,"1","1","D","220","D","11","D",164,"D",,"A",,"A",,"A",,"A",,"A",,"A",,"A",,"A",,"A"
"20131",2588173,37,0,"2","1","D","220","D","10","D",445,"D",,"A",,"A",,"A",,"A",,"A",,"A",,"A",,"A",,"A"
"20131",2588333,34,0,"1","1","D","190","D","10","D",113,"D",,"A",,"A",,"A",,"A",,"A",,"A",,"A",,"A",,"A"
"20131",2588413,18,0,"1","2","D","190","D","11","D",45,"D",,"A",,"A",,"A",,"A",,"A",,"A",,"A",,"A",,"A"
"20131",2588413,19,0,"2","1","D","190","D","10","D",45,"D",,"A",,"A",,"A",,"A",,"A",,"A",,"A",,"A",,"A"
"20131",2588613,20,0,"1","1","D","140","D","11","D",200,"D",,"A",,"A",,"A",,"A",,"A",,"A",,"A",,"A",,"A"
"20131",2588773,40,0,"2","1","D","140","D","10","D",80,"D",,"A",,"A",,"A",,"A",,"A",,"A",,"A",,"A",,"A"
"20131",2588843,24,0,"1","2","D","190","D","11","D",100,"D",,"A",,"A",,"A",,"A",,"A",,"A",,"A",,"A",,"A"
"20131",2588883,17,0,"2","1","D","190","D","10","D",80,"F",,"A",,"A",,"A",,"A",,"A",,"A",,"A",,"A",,"A"
"20131",2588903,22,0,"1","2","D","200","D","10","D",160,"D",,"A",,"A",,"A",,"A",,"A",,"A",,"A",,"A",,"A"
"20131",2589153,34,0,"1","1","D","190","D","11","D",642,"D",,"A",,"A",,"A",,"A",,"A",,"A",,"A",,"A",,"A"
"20131",2589153,35,0,"1","1","D","190","D","12","D",45,"D",,"A",,"A",,"A",,"A",,"A",,"A",,"A",,"A",,"A"
"20131",2589153,36,0,"2","1","D","190","D","10","D",42,"D",,"A",,"A",,"A",,"A",,"A",,"A",,"A",,"A",,"A"
"20131",2589153,37,0,"2","1","D","110","D","10","D",36,"D",,"A",,"A",,"A",,"A",,"A",,"A",,"A",,"A",,"A"
"20131",2589483,34,0,"1","1","D","110","D","10","D",75,"D",,"A",,"A",,"A",,"A",,"A",,"A",,"A",,"A",,"A"
"20131",2589693,32,0,"1","1","D","110","D","11","D",187,"D",,"A",,"A",,"A",,"A",,"A",,"A",,"A",,"A",,"A"
"20131",2589693,33,0,"1","1","D","190","D","10","D",59,"D",,"A",,"A",,"A",,"A",,"A",,"A",,"A",,"A",,"A"
"20131",2589693,34,0,"1","1","D","220","D","10","D",80,"D",,"A",,"A",,"A",,"A",,"A",,"A",,"A",,"A",,"A"
"20131",2589703,22,0,"1","1","D","110","D","12","D",225,"D",,"A",,"A",,"A",,"A",,"A",,"A",,"A",,"A",,"A"
"20131",2589883,15,0,"1","1","D","110","D","12","D",145,"D",,"A",,"A",,"A",,"A",,"A",,"A",,"A",,"A",,"A"
"20131",2590033,14,0,"2","1","D","190","D","10","D",45,"D",,"A",,"A",,"A",,"A",,"A",,"A",,"A",,"A",,"A"
"20131",2590813,27,0,"1","1","D","100","D","01","D",40,"D",,"A",,"A",,"A",,"A",,"A",,"A",,"A",,"A",,"A"
"20131",2590813,28,0,"1","1","D","170","D","01","D",40,"D",,"A",,"A",,"A",,"A",,"A",,"A",,"A",,"A",,"A"
"20131",2591483,22,0,"1","1","D","130","D","01","D",160,"D",,"A",,"A",,"A",,"A",,"A",,"A",,"A",,"A",,"A"
"20131",2592053,27,0,"1","2","D","190","D","12","D",99,"D",,"A",,"A",,"A",,"A",,"A",,"A",,"A",,"A",,"A"
"20131",2592253,35,0,"1","2","D","110","D","12","D",138,"D",,"A",,"A",,"A",,"A",,"A",,"A",,"A",,"A",,"A"
"20131",2592503,23,0,"1","1","D","110","D","11","D",150,"D",,"A",,"A",,"A",,"A",,"A",,"A",,"A",,"A",,"A"
"20131",2592903,26,0,"2","1","D","170","D","11","D",1300,"D",,"A",,"A",,"A",,"A",,"A",,"A",,"A",,"A",,"A"
"20131",2592923,19,0,"1","1","D","120","D","01","D",87,"D",,"A",,"A",,"A",,"A",,"A",,"A",,"A",,"A",,"A"
"20131",2592923,20,0,"1","2","D","110","D","01","D",185,"D",,"A",,"A",,"A",,"A",,"A",,"A",,"A",,"A",,"A"
"20131",2593093,18,0,"1","1","D","190","D","12","D",66,"D",,"A",,"A",,"A",,"A",,"A",,"A",,"A",,"A",,"A"
"20131",2593093,19,0,"2","1","D","190","D","11","D",66,"D",,"A",,"A",,"A",,"A",,"A",,"A",,"A",,"A",,"A"
"20131",2593203,24,0,"1","1","D","150","D","01","D",45,"D",,"A",,"A",,"A",,"A",,"A",,"A",,"A",,"A",,"A"
"20131",2593363,18,0,"1","1","D","190","D","01","D",102,"D",,"A",,"A",,"A",,"A",,"A",,"A",,"A",,"A",,"A"
"20131",2593443,20,0,"1","2","D","190","D","12","D",95,"D",,"A",,"A",,"A",,"A",,"A",,"A",,"A",,"A",,"A"
"20131",2593803,17,0,"1","1","D","190","D","01","D",35,"D",,"A",,"A",,"A",,"A",,"A",,"A",,"A",,"A",,"A"
"20131",2593803,18,0,"1","1","D","190","D","11","D",35,"D",,"A",,"A",,"A",,"A",,"A",,"A",,"A",,"A",,"A"
"20131",2593803,19,0,"1","1","D","190","D","12","D",35,"D",,"A",,"A",,"A",,"A",,"A",,"A",,"A",,"A",,"A"
"20131",2593803,20,0,"2","1","D","190","D","11","D",35,"D",,"A",,"A",,"A",,"A",,"A",,"A",,"A",,"A",,"A"
"20131",2594193,20,0,"1","2","D","190","D","11","D",85,"D",,"A",,"A",,"A",,"A",,"A",,"A",,"A",,"A",,"A"
"20131",2594283,21,0,"1","1","D","130","D","11","D",100,"D",,"A",,"A",,"A",,"A",,"A",,"A",,"A",,"A",,"A"
"20131",2594543,16,0,"1","1","D","110","D","01","D",50,"D",,"A",,"A",,"A",,"A",,"A",,"A",,"A",,"A",,"A"
"20131",2594603,18,0,"1","1","D","190","D","01","D",80,"D",,"A",,"A",,"A",,"A",,"A",,"A",,"A",,"A",,"A"
"20131",2594803,22,0,"1","2","D","200","D","01","D",100,"D",,"A",,"A",,"A",,"A",,"A",,"A",,"A",,"A",,"A"
"20131",2595303,18,0,"1","2","D","130","D","11","D",600,"D",,"A",,"A",,"A",,"A",,"A",,"A",,"A",,"A",,"A"
"20131",2595333,18,0,"1","1","D","110","D","11","D",85,"D",,"A",,"A",,"A",,"A",,"A",,"A",,"A",,"A",,"A"
"20131",2595543,17,0,"1","2","D","190","D","12","D",43,"D",,"A",,"A",,"A",,"A",,"A",,"A",,"A",,"A",,"A"
"20131",2595833,18,0,"1","1","D","190","D","11","D",35,"D",,"A",,"A",,"A",,"A",,"A",,"A",,"A",,"A",,"A"
"20131",2595833,19,0,"1","1","D","190","D","12","D",35,"D",,"A",,"A",,"A",,"A",,"A",,"A",,"A",,"A",,"A"
"20131",2595953,32,0,"1","1","D","190","D","11","D",92,"D",,"A",,"A",,"A",,"A",,"A",,"A",,"A",,"A",,"A"
"20131",2596333,17,0,"1","2","D","190","D","01","D",75,"D",,"A",,"A",,"A",,"A",,"A",,"A",,"A",,"A",,"A"
"20131",2596613,36,0,"1","1","D","190","D","12","D",359,"D",,"A",,"A",,"A",,"A",,"A",,"A",,"A",,"A",,"A"
"20131",2596903,20,0,"1","2","D","200","D","01","D",13,"D",,"A",,"A",,"A",,"A",,"A",,"A",,"A",,"A",,"A"
"20131",2596903,21,0,"2","2","D","200","D","11","D",13,"D",,"A",,"A",,"A",,"A",,"A",,"A",,"A",,"A",,"A"
"20131",2597083,26,0,"2","1","D","190","D","11","D",42,"D",,"A",,"A",,"A",,"A",,"A",,"A",,"A",,"A",,"A"
"20131",2597103,20,0,"1","2","D","200","D","11","D",120,"D",,"A",,"A",,"A",,"A",,"A",,"A",,"A",,"A",,"A"
"20131",2597153,17,0,"1","2","D","200","D","12","D",140,"D",,"A",,"A",,"A",,"A",,"A",,"A",,"A",,"A",,"A"
"20131",2597323,24,0,"1","1","D","110","D","11","D",63,"D",,"A",,"A",,"A",,"A",,"A",,"A",,"A",,"A",,"A"
"20131",2597603,17,0,"1","1","D","190","D","11","D",25,"D",,"A",,"A",,"A",,"A",,"A",,"A",,"A",,"A",,"A"
"20131",2597603,18,0,"1","1","D","190","D","12","D",25,"D",,"A",,"A",,"A",,"A",,"A",,"A",,"A",,"A",,"A"
"20131",2597603,19,0,"1","1","D","190","D","12","D",25,"D",,"A",,"A",,"A",,"A",,"A",,"A",,"A",,"A",,"A"
"20131",2597723,27,0,"1","2","D","160","D","01","D",140,"D",,"A",,"A",,"A",,"A",,"A",,"A",,"A",,"A",,"A"
"20131",2597913,26,0,"1","2","D","110","D","12","D",78,"F",,"A",,"A",,"A",,"A",,"A",,"A",,"A",,"A",,"A"
"20131",2598113,22,0,"1","1","D","110","D","12","D",54,"D",,"A",,"A",,"A",,"A",,"A",,"A",,"A",,"A",,"A"
"20131",2598163,16,0,"1","2","D","200","D","11","D",65,"D",,"A",,"A",,"A",,"A",,"A",,"A",,"A",,"A",,"A"
"20131",2598173,25,0,"1","2","D","200","D","12","D",60,"D",,"A",,"A",,"A",,"A",,"A",,"A",,"A",,"A",,"A"
"20131",2598523,18,0,"1","1","D","190","D","01","D",96,"D",,"A",,"A",,"A",,"A",,"A",,"A",,"A",,"A",,"A"
"20131",2598893,17,0,"1","1","D","100","D","01","D",289,"D",,"A",,"A",,"A",,"A",,"A",,"A",,"A",,"A",,"A"
"20131",2598913,22,0,"1","2","D","190","D","12","D",25,"D",,"A",,"A",,"A",,"A",,"A",,"A",,"A",,"A",,"A"
"20131",2599273,31,0,"1","1","D","190","D","01","D",190,"D",,"A",,"A",,"A",,"A",,"A",,"A",,"A",,"A",,"A"
"20131",2599563,18,0,"1","1","D","190","D","11","D",160,"D",,"A",,"A",,"A",,"A",,"A",,"A",,"A",,"A",,"A"
"20131",2599593,17,0,"1","1","D","110","D","12","D",60,"D",,"A",,"A",,"A",,"A",,"A",,"A",,"A",,"A",,"A"
"20131",2599603,20,0,"1","2","D","190","D","01","D",320,"D",,"A",,"A",,"A",,"A",,"A",,"A",,"A",,"A",,"A"
"20131",2599613,21,0,"1","1","D","120","D","12","D",40,"D",,"A",,"A",,"A",,"A",,"A",,"A",,"A",,"A",,"A"
"20131",2600243,22,0,"1","1","D","190","D","12","D",90,"D",,"A",,"A",,"A",,"A",,"A",,"A",,"A",,"A",,"A"
"20131",2600393,19,0,"1","1","D","190","D","11","D",60,"D",,"A",,"A",,"A",,"A",,"A",,"A",,"A",,"A",,"A"
"20131",2600693,30,0,"1","2","D","120","D","12","D",68,"D",,"A",,"A",,"A",,"A",,"A",,"A",,"A",,"A",,"A"
"20131",2600803,38,0,"1","2","D","200","D","01","D",81,"D",,"A",,"A",,"A",,"A",,"A",,"A",,"A",,"A",,"A"
"20131",2600943,23,0,"1","1","D","140","D","11","D",40,"D",,"A",,"A",,"A",,"A",,"A",,"A",,"A",,"A",,"A"
"20131",2601393,16,0,"1","1","D","190","D","01","D",128,"D",,"A",,"A",,"A",,"A",,"A",,"A",,"A",,"A",,"A"
"20131",2601393,17,0,"2","1","D","190","D","12","D",30,"D",,"A",,"A",,"A",,"A",,"A",,"A",,"A",,"A",,"A"
"20131",2601533,25,0,"2","1","D","190","D","12","D",89,"D",,"A",,"A",,"A",,"A",,"A",,"A",,"A",,"A",,"A"
"20131",2601533,26,0,"2","2","D","150","D","12","D",109,"D",,"A",,"A",,"A",,"A",,"A",,"A",,"A",,"A",,"A"
"20131",2601853,15,0,"1","1","D","190","D","01","D",20,"D",,"A",,"A",,"A",,"A",,"A",,"A",,"A",,"A",,"A"
"20131",2601853,16,0,"1","1","D","190","D","02","D",20,"D",,"A",,"A",,"A",,"A",,"A",,"A",,"A",,"A",,"A"
"20131",2601853,17,0,"2","1","D","190","D","12","D",20,"D",,"A",,"A",,"A",,"A",,"A",,"A",,"A",,"A",,"A"
"20131",2601863,19,0,"1","1","D","190","D","02","D",65,"D",,"A",,"A",,"A",,"A",,"A",,"A",,"A",,"A",,"A"
"20131",2601963,20,0,"1","1","D","130","D","01","D",99,"D",,"A",,"A",,"A",,"A",,"A",,"A",,"A",,"A",,"A"
"20131",2602073,27,0,"1","1","D","110","D","12","D",125,"D",,"A",,"A",,"A",,"A",,"A",,"A",,"A",,"A",,"A"
"20131",2602283,35,0,"1","2","D","200","D","12","D",12,"D",,"A",,"A",,"A",,"A",,"A",,"A",,"A",,"A",,"A"
"20131",2602283,36,0,"1","2","D","200","D","01","D",12,"D",,"A",,"A",,"A",,"A",,"A",,"A",,"A",,"A",,"A"
"20131",2602283,37,0,"1","2","D","200","D","02","D",12,"D",,"A",,"A",,"A",,"A",,"A",,"A",,"A",,"A",,"A"
"20131",2602303,49,0,"1","1","D","190","D","02","D",81,"D",,"A",,"A",,"A",,"A",,"A",,"A",,"A",,"A",,"A"
"20131",2602303,50,0,"2","2","D","200","D","12","D",158,"D",,"A",,"A",,"A",,"A",,"A",,"A",,"A",,"A",,"A"
"20131",2602703,24,0,"1","1","D","110","D","02","D",120,"D",,"A",,"A",,"A",,"A",,"A",,"A",,"A",,"A",,"A"
"20131",2602753,50,0,"1","2","D","200","D","01","D",249,"D",,"A",,"A",,"A",,"A",,"A",,"A",,"A",,"A",,"A"
"20131",2602873,21,0,"1","1","D","110","D","12","D",228,"D",,"A",,"A",,"A",,"A",,"A",,"A",,"A",,"A",,"A"
"20131",2603333,22,0,"2","2","D","200","D","12","D",300,"D",,"A",,"A",,"A",,"A",,"A",,"A",,"A",,"A",,"A"
"20131",2603603,23,0,"1","1","D","110","D","02","D",90,"D",,"A",,"A",,"A",,"A",,"A",,"A",,"A",,"A",,"A"
"20131",2603983,16,0,"1","1","D","110","D","02","D",30,"D",,"A",,"A",,"A",,"A",,"A",,"A",,"A",,"A",,"A"
"20131",2604033,17,0,"1","1","D","190","D","12","D",126,"D",,"A",,"A",,"A",,"A",,"A",,"A",,"A",,"A",,"A"
"20131",2604373,18,0,"1","1","D","190","D","12","D",95,"D",,"A",,"A",,"A",,"A",,"A",,"A",,"A",,"A",,"A"
"20131",2604503,27,0,"1","1","D","170","D","02","D",180,"D",,"A",,"A",,"A",,"A",,"A",,"A",,"A",,"A",,"A"
"20131",2604503,28,0,"1","1","D","170","D","02","D",30,"D",,"A",,"A",,"A",,"A",,"A",,"A",,"A",,"A",,"A"
"20131",2604513,16,0,"2","1","D","190","D","12","D",119,"D",,"A",,"A",,"A",,"A",,"A",,"A",,"A",,"A",,"A"
"20131",2605183,22,0,"1","1","D","220","D","01","D",250,"D",,"A",,"A",,"A",,"A",,"A",,"A",,"A",,"A",,"A"
"20131",2605283,22,0,"1","1","D","110","D","01","D",75,"D",,"A",,"A",,"A",,"A",,"A",,"A",,"A",,"A",,"A"
"20131",2605353,39,0,"1","2","D","210","D","12","D",.,"H","110","D","200","D",,"A",,"A",,"A",,"A",,"A",,"A",,"A"
"20131",2605353,39,1,"1","2","D","110","D","12","D",11,"E",,"A",,"A",,"A",,"A",,"A",,"A",,"A",,"A",,"A"
"20131",2605353,39,2,"1","2","D","200","D","12","D",19,"E",,"A",,"A",,"A",,"A",,"A",,"A",,"A",,"A",,"A"
"20131",2605353,40,0,"1","2","D","210","D","01","D",.,"H","110","D","200","D",,"A",,"A",,"A",,"A",,"A",,"A",,"A"
"20131",2605353,40,1,"1","2","D","110","D","01","D",11,"E",,"A",,"A",,"A",,"A",,"A",,"A",,"A",,"A",,"A"
"20131",2605353,40,2,"1","2","D","200","D","01","D",19,"E",,"A",,"A",,"A",,"A",,"A",,"A",,"A",,"A",,"A"
"20131",2605353,41,0,"1","2","D","210","D","02","D",.,"H","110","D","200","D",,"A",,"A",,"A",,"A",,"A",,"A",,"A"
"20131",2605353,41,1,"1","2","D","110","D","02","D",10,"E",,"A",,"A",,"A",,"A",,"A",,"A",,"A",,"A",,"A"
"20131",2605353,41,2,"1","2","D","200","D","02","D",20,"E",,"A",,"A",,"A",,"A",,"A",,"A",,"A",,"A",,"A"
"20131",2605533,16,0,"1","1","D","190","D","12","D",45,"D",,"A",,"A",,"A",,"A",,"A",,"A",,"A",,"A",,"A"
"20131",2605533,17,0,"1","1","D","190","D","01","D",45,"D",,"A",,"A",,"A",,"A",,"A",,"A",,"A",,"A",,"A"
"20131",2605533,18,0,"1","1","D","190","D","02","D",45,"D",,"A",,"A",,"A",,"A",,"A",,"A",,"A",,"A",,"A"
"20131",2605695,15,0,"1","2","D","190","D","12","D",85,"D",,"A",,"A",,"A",,"A",,"A",,"A",,"A",,"A",,"A"
"20131",2605713,20,0,"1","1","D","190","D","01","D",85,"D",,"A",,"A",,"A",,"A",,"A",,"A",,"A",,"A",,"A"
"20131",2606343,19,0,"1","1","D","190","D","02","D",20,"D",,"A",,"A",,"A",,"A",,"A",,"A",,"A",,"A",,"A"
"20131",2606343,20,0,"1","2","D","220","D","12","D",60,"D",,"A",,"A",,"A",,"A",,"A",,"A",,"A",,"A",,"A"
"20131",2606353,16,0,"1","1","D","110","D","01","D",250,"D",,"A",,"A",,"A",,"A",,"A",,"A",,"A",,"A",,"A"
"20131",2606473,25,0,"1","1","D","150","D","01","D",647,"D",,"A",,"A",,"A",,"A",,"A",,"A",,"A",,"A",,"A"
"20131",2606483,19,0,"1","1","D","110","D","02","D",160,"D",,"A",,"A",,"A",,"A",,"A",,"A",,"A",,"A",,"A"
"20131",2606513,17,0,"1","2","D","190","D","01","D",42,"D",,"A",,"A",,"A",,"A",,"A",,"A",,"A",,"A",,"A"
"20131",2606513,18,0,"1","2","D","190","D","02","D",42,"D",,"A",,"A",,"A",,"A",,"A",,"A",,"A",,"A",,"A"
"20131",2606513,19,0,"1","2","D","190","D","12","D",42,"D",,"A",,"A",,"A",,"A",,"A",,"A",,"A",,"A",,"A"
"20131",2606533,38,0,"1","1","D","190","D","02","D",82,"D",,"A",,"A",,"A",,"A",,"A",,"A",,"A",,"A",,"A"
"20131",2607303,24,0,"1","2","D","200","D","01","D",80,"D",,"A",,"A",,"A",,"A",,"A",,"A",,"A",,"A",,"A"
"20131",2607843,18,0,"1","1","D","190","D","02","D",204,"D",,"A",,"A",,"A",,"A",,"A",,"A",,"A",,"A",,"A"
"20131",2607893,21,0,"1","1","D","110","D","12","D",50,"D",,"A",,"A",,"A",,"A",,"A",,"A",,"A",,"A",,"A"
"20131",2608223,18,0,"1","1","D","190","D","02","D",49,"D",,"A",,"A",,"A",,"A",,"A",,"A",,"A",,"A",,"A"
"20131",2608393,36,0,"1","1","D","220","D","01","D",212,"D",,"A",,"A",,"A",,"A",,"A",,"A",,"A",,"A",,"A"
"20131",2609153,19,0,"1","1","D","220","D","02","D",600,"D",,"A",,"A",,"A",,"A",,"A",,"A",,"A",,"A",,"A"
"20131",2609643,15,0,"1","1","D","190","D","02","D",60,"D",,"A",,"A",,"A",,"A",,"A",,"A",,"A",,"A",,"A"
"20131",2609683,23,0,"1","1","D","120","D","02","D",1,"D",,"A",,"A",,"A",,"A",,"A",,"A",,"A",,"A",,"A"
"20131",2610033,17,0,"2","1","D","130","D","12","D",60,"D",,"A",,"A",,"A",,"A",,"A",,"A",,"A",,"A",,"A"
"20131",2610103,19,0,"1","2","D","210","D","01","D",.,"H","110","D","200","D","100","D",,"A",,"A",,"A",,"A",,"A",,"A"
"20131",2610103,19,1,"1","2","D","110","D","01","D",24,"E",,"A",,"A",,"A",,"A",,"A",,"A",,"A",,"A",,"A"
"20131",2610103,19,2,"1","2","D","200","D","01","D",43,"E",,"A",,"A",,"A",,"A",,"A",,"A",,"A",,"A",,"A"
"20131",2610103,19,3,"1","2","D","100","D","01","D",53,"E",,"A",,"A",,"A",,"A",,"A",,"A",,"A",,"A",,"A"
"20131",2610993,32,0,"1","1","D","100","D","12","D",70,"D",,"A",,"A",,"A",,"A",,"A",,"A",,"A",,"A",,"A"
"20131",2611063,48,0,"2","1","D","110","D","12","D",185,"D",,"A",,"A",,"A",,"A",,"A",,"A",,"A",,"A",,"A"
"20131",2611543,19,0,"1","1","D","190","D","12","D",48,"D",,"A",,"A",,"A",,"A",,"A",,"A",,"A",,"A",,"A"
"20131",2611543,20,0,"1","1","D","190","D","01","D",48,"D",,"A",,"A",,"A",,"A",,"A",,"A",,"A",,"A",,"A"
"20131",2611543,21,0,"1","1","D","190","D","02","D",48,"D",,"A",,"A",,"A",,"A",,"A",,"A",,"A",,"A",,"A"
"20131",2611623,27,0,"1","1","D","110","D","12","D",600,"D",,"A",,"A",,"A",,"A",,"A",,"A",,"A",,"A",,"A"
"20131",2611793,17,0,"1","1","D","190","D","02","D",82,"D",,"A",,"A",,"A",,"A",,"A",,"A",,"A",,"A",,"A"
"20131",2612263,20,0,"2","2","D","220","D","12","D",66,"D",,"A",,"A",,"A",,"A",,"A",,"A",,"A",,"A",,"A"
"20131",2612732,19,0,"1","1","D","100","D","11","D",118,"D",,"A",,"A",,"A",,"A",,"A",,"A",,"A",,"A",,"A"
"20131",2612972,24,0,"1","1","D","190","D","12","D",94,"D",,"A",,"A",,"A",,"A",,"A",,"A",,"A",,"A",,"A"
"20131",2613242,22,0,"1","1","D","110","D","12","D",55,"D",,"A",,"A",,"A",,"A",,"A",,"A",,"A",,"A",,"A"
"20131",2613432,17,0,"1","1","D","110","D","11","D",80,"D",,"A",,"A",,"A",,"A",,"A",,"A",,"A",,"A",,"A"
"20131",2613432,18,0,"2","2","D","200","D","10","D",85,"D",,"A",,"A",,"A",,"A",,"A",,"A",,"A",,"A",,"A"
"20131",2613442,22,0,"2","1","D","130","D","10","D",12,"D",,"A",,"A",,"A",,"A",,"A",,"A",,"A",,"A",,"A"
"20131",2613462,34,0,"1","1","D","190","D","12","D",74,"D",,"A",,"A",,"A",,"A",,"A",,"A",,"A",,"A",,"A"
"20131",2613492,18,0,"1","2","D","200","D","12","D",210,"D",,"A",,"A",,"A",,"A",,"A",,"A",,"A",,"A",,"A"
"20131",2613502,16,0,"1","1","D","110","D","11","D",43,"D",,"A",,"A",,"A",,"A",,"A",,"A",,"A",,"A",,"A"
"20131",2613692,14,0,"2","1","D","150","D","10","D",20,"D",,"A",,"A",,"A",,"A",,"A",,"A",,"A",,"A",,"A"
"20131",2614362,21,0,"1","1","D","220","D","12","D",60,"D",,"A",,"A",,"A",,"A",,"A",,"A",,"A",,"A",,"A"
"20131",2614422,89,0,"1","1","D","190","D","12","D",82,"D",,"A",,"A",,"A",,"A",,"A",,"A",,"A",,"A",,"A"
"20131",2614422,90,0,"2","1","D","110","D","10","D",66,"D",,"A",,"A",,"A",,"A",,"A",,"A",,"A",,"A",,"A"
"20131",2614442,34,0,"1","1","D","150","D","12","D",120,"D",,"A",,"A",,"A",,"A",,"A",,"A",,"A",,"A",,"A"
"20131",2614542,25,0,"1","1","D","210","D","10","D",.,"H","210","D","110","D",,"A",,"A",,"A",,"A",,"A",,"A",,"A"
"20131",2614542,25,1,"1","1","D","110","D","10","D",95,"E",,"A",,"A",,"A",,"A",,"A",,"A",,"A",,"A",,"A"
"20131",2614542,25,2,"1","1","D","190","D","10","D",55,"E",,"A",,"A",,"A",,"A",,"A",,"A",,"A",,"A",,"A"
"20131",2614542,26,0,"1","1","D","110","D","11","D",2,"D",,"A",,"A",,"A",,"A",,"A",,"A",,"A",,"A",,"A"
"20131",2614682,47,0,"1","1","D","190","D","11","D",102,"D",,"A",,"A",,"A",,"A",,"A",,"A",,"A",,"A",,"A"
"20131",2614712,26,0,"1","1","D","190","D","10","D",27,"D",,"A",,"A",,"A",,"A",,"A",,"A",,"A",,"A",,"A"
"20131",2614712,27,0,"1","1","D","120","D","10","D",964,"D",,"A",,"A",,"A",,"A",,"A",,"A",,"A",,"A",,"A"
"20131",2614712,28,0,"1","1","D","120","D","10","D",214,"D",,"A",,"A",,"A",,"A",,"A",,"A",,"A",,"A",,"A"
"20131",2614782,24,0,"1","1","D","110","D","12","D",212,"D",,"A",,"A",,"A",,"A",,"A",,"A",,"A",,"A",,"A"
"20131",2614902,36,0,"2","2","D","200","D","10","D",200,"D",,"A",,"A",,"A",,"A",,"A",,"A",,"A",,"A",,"A"
"20131",2614922,17,0,"1","1","D","110","D","12","D",80,"D",,"A",,"A",,"A",,"A",,"A",,"A",,"A",,"A",,"A"
"20131",2614972,40,0,"1","1","D","190","D","10","D",132,"D",,"A",,"A",,"A",,"A",,"A",,"A",,"A",,"A",,"A"
"20131",2614972,41,0,"2","1","D","190","D","10","D",132,"D",,"A",,"A",,"A",,"A",,"A",,"A",,"A",,"A",,"A"
"20131",2615422,15,0,"2","1","D","190","D","10","D",45,"D",,"A",,"A",,"A",,"A",,"A",,"A",,"A",,"A",,"A"
"20131",2616312,22,0,"1","1","D","190","D","11","D",40,"D",,"A",,"A",,"A",,"A",,"A",,"A",,"A",,"A",,"A"
"20131",2616372,35,0,"1","1","D","140","D","11","D",20,"D",,"A",,"A",,"A",,"A",,"A",,"A",,"A",,"A",,"A"
"20131",2616442,18,0,"1","1","D","150","D","11","D",55,"D",,"A",,"A",,"A",,"A",,"A",,"A",,"A",,"A",,"A"
"20131",2616702,20,0,"1","1","D","220","D","11","D",161,"D",,"A",,"A",,"A",,"A",,"A",,"A",,"A",,"A",,"A"
"20131",2617112,19,0,"1","1","D","190","D","12","D",80,"D",,"A",,"A",,"A",,"A",,"A",,"A",,"A",,"A",,"A"
"20131",2617132,17,0,"2","2","D","220","D","10","D",68,"D",,"A",,"A",,"A",,"A",,"A",,"A",,"A",,"A",,"A"
"20131",2617242,39,0,"1","2","D","200","D","10","D",16,"D",,"A",,"A",,"A",,"A",,"A",,"A",,"A",,"A",,"A"
"20131",2617242,40,0,"1","2","D","200","D","11","D",16,"D",,"A",,"A",,"A",,"A",,"A",,"A",,"A",,"A",,"A"
"20131",2617242,41,0,"1","2","D","200","D","12","D",16,"D",,"A",,"A",,"A",,"A",,"A",,"A",,"A",,"A",,"A"
"20131",2617242,42,0,"2","1","D","110","D","10","D",219,"D",,"A",,"A",,"A",,"A",,"A",,"A",,"A",,"A",,"A"
"20131",2617252,21,0,"1","1","D","110","D","12","D",100,"D",,"A",,"A",,"A",,"A",,"A",,"A",,"A",,"A",,"A"
"20131",2617382,27,0,"1","1","D","190","D","12","D",112,"D",,"A",,"A",,"A",,"A",,"A",,"A",,"A",,"A",,"A"
"20131",2617382,28,0,"1","2","D","110","D","10","D",49,"D",,"A",,"A",,"A",,"A",,"A",,"A",,"A",,"A",,"A"
"20131",2617382,29,0,"2","2","D","190","D","10","D",245,"D",,"A",,"A",,"A",,"A",,"A",,"A",,"A",,"A",,"A"
"20131",2617382,30,0,"2","2","D","190","D","10","D",109,"D",,"A",,"A",,"A",,"A",,"A",,"A",,"A",,"A",,"A"
"20131",2618122,18,0,"2","2","D","190","D","10","D",104,"D",,"A",,"A",,"A",,"A",,"A",,"A",,"A",,"A",,"A"
"20131",2618172,16,0,"1","2","D","200","D","11","D",195,"D",,"A",,"A",,"A",,"A",,"A",,"A",,"A",,"A",,"A"
"20131",2618642,27,0,"1","2","D","220","D","12","D",109,"D",,"A",,"A",,"A",,"A",,"A",,"A",,"A",,"A",,"A"
"20131",2619082,16,0,"1","1","D","220","D","12","D",50,"D",,"A",,"A",,"A",,"A",,"A",,"A",,"A",,"A",,"A"
"20131",2619762,22,0,"1","2","D","110","D","12","D",219,"D",,"A",,"A",,"A",,"A",,"A",,"A",,"A",,"A",,"A"
"20131",2619762,23,0,"2","2","D","110","D","10","D",7,"D",,"A",,"A",,"A",,"A",,"A",,"A",,"A",,"A",,"A"
"20131",2620142,15,0,"1","1","D","110","D","12","D",41,"D",,"A",,"A",,"A",,"A",,"A",,"A",,"A",,"A",,"A"
"20131",2620222,26,0,"1","2","D","110","D","12","D",39,"D",,"A",,"A",,"A",,"A",,"A",,"A",,"A",,"A",,"A"
"20131",2620292,24,0,"1","1","D","130","D","10","D",110,"D",,"A",,"A",,"A",,"A",,"A",,"A",,"A",,"A",,"A"
"20131",2620292,25,0,"2","1","D","130","D","10","D",30,"D",,"A",,"A",,"A",,"A",,"A",,"A",,"A",,"A",,"A"
"20131",2620422,17,0,"1","2","D","200","D","10","D",347,"D",,"A",,"A",,"A",,"A",,"A",,"A",,"A",,"A",,"A"
"20131",2620422,18,0,"1","2","D","200","D","12","D",95,"D",,"A",,"A",,"A",,"A",,"A",,"A",,"A",,"A",,"A"
"20131",2620442,28,0,"1","2","D","200","D","11","D",5,"D",,"A",,"A",,"A",,"A",,"A",,"A",,"A",,"A",,"A"
"20131",2620982,24,0,"1","1","D","190","D","10","D",64,"D",,"A",,"A",,"A",,"A",,"A",,"A",,"A",,"A",,"A"
"20131",2620982,25,0,"1","2","D","120","D","11","D",30,"D",,"A",,"A",,"A",,"A",,"A",,"A",,"A",,"A",,"A"
"20131",2621192,36,0,"1","1","D","190","D","10","D",175,"D",,"A",,"A",,"A",,"A",,"A",,"A",,"A",,"A",,"A"
"20131",2621192,37,0,"1","2","D","120","D","12","D",74,"D",,"A",,"A",,"A",,"A",,"A",,"A",,"A",,"A",,"A"
"20131",2621232,15,0,"2","2","D","200","D","10","D",151,"D",,"A",,"A",,"A",,"A",,"A",,"A",,"A",,"A",,"A"
"20131",2621432,19,0,"1","2","D","200","D","12","D",107,"D",,"A",,"A",,"A",,"A",,"A",,"A",,"A",,"A",,"A"
"20131",2621582,19,0,"1","1","D","190","D","12","D",104,"D",,"A",,"A",,"A",,"A",,"A",,"A",,"A",,"A",,"A"
"20131",2621732,16,0,"2","1","D","190","D","10","D",70,"D",,"A",,"A",,"A",,"A",,"A",,"A",,"A",,"A",,"A"
"20131",2622015,20,0,"1","1","D","190","D","11","D",96,"D",,"A",,"A",,"A",,"A",,"A",,"A",,"A",,"A",,"A"
"20131",2622242,35,0,"1","1","D","130","D","11","D",92,"D",,"A",,"A",,"A",,"A",,"A",,"A",,"A",,"A",,"A"
"20131",2622242,36,0,"1","1","D","190","D","10","D",48,"D",,"A",,"A",,"A",,"A",,"A",,"A",,"A",,"A",,"A"
"20131",2622242,37,0,"1","1","D","190","D","11","D",48,"D",,"A",,"A",,"A",,"A",,"A",,"A",,"A",,"A",,"A"
"20131",2622242,38,0,"1","1","D","190","D","12","D",48,"D",,"A",,"A",,"A",,"A",,"A",,"A",,"A",,"A",,"A"
"20131",2622432,18,0,"1","2","D","190","D","11","D",124,"D",,"A",,"A",,"A",,"A",,"A",,"A",,"A",,"A",,"A"
"20131",2622482,14,0,"1","1","D","190","D","10","D",30,"D",,"A",,"A",,"A",,"A",,"A",,"A",,"A",,"A",,"A"
"20131",2622482,15,0,"1","1","D","190","D","11","D",30,"D",,"A",,"A",,"A",,"A",,"A",,"A",,"A",,"A",,"A"
"20131",2622482,16,0,"1","1","D","190","D","12","D",30,"D",,"A",,"A",,"A",,"A",,"A",,"A",,"A",,"A",,"A"
"20131",2622492,23,0,"1","2","D","220","D","11","D",30,"D",,"A",,"A",,"A",,"A",,"A",,"A",,"A",,"A",,"A"
"20131",2622662,22,0,"1","2","D","190","D","10","D",32,"D",,"A",,"A",,"A",,"A",,"A",,"A",,"A",,"A",,"A"
"20131",2622662,23,0,"1","2","D","190","D","12","D",32,"D",,"A",,"A",,"A",,"A",,"A",,"A",,"A",,"A",,"A"
"20131",2622732,18,0,"1","1","D","190","D","11","D",20,"D",,"A",,"A",,"A",,"A",,"A",,"A",,"A",,"A",,"A"
"20131",2622732,19,0,"1","1","D","190","D","12","D",20,"D",,"A",,"A",,"A",,"A",,"A",,"A",,"A",,"A",,"A"
"20131",2622842,22,0,"1","1","D","190","D","10","D",50,"D",,"A",,"A",,"A",,"A",,"A",,"A",,"A",,"A",,"A"
"20131",2622902,21,0,"1","1","D","130","D","12","D",30,"D",,"A",,"A",,"A",,"A",,"A",,"A",,"A",,"A",,"A"
"20131",2622922,24,0,"1","2","D","200","D","12","D",146,"D",,"A",,"A",,"A",,"A",,"A",,"A",,"A",,"A",,"A"
"20131",2623132,19,0,"1","2","D","190","D","11","D",585,"D",,"A",,"A",,"A",,"A",,"A",,"A",,"A",,"A",,"A"
"20131",2623262,17,0,"1","1","D","110","D","10","D",44,"D",,"A",,"A",,"A",,"A",,"A",,"A",,"A",,"A",,"A"
"20131",2623322,24,0,"1","1","D","110","D","11","D",100,"D",,"A",,"A",,"A",,"A",,"A",,"A",,"A",,"A",,"A"
"20131",2623402,16,0,"1","1","D","190","D","12","D",65,"D",,"A",,"A",,"A",,"A",,"A",,"A",,"A",,"A",,"A"
"20131",2623412,25,0,"2","1","D","110","D","10","D",179,"D",,"A",,"A",,"A",,"A",,"A",,"A",,"A",,"A",,"A"
"20131",2623942,23,0,"2","1","D","110","D","10","D",266,"D",,"A",,"A",,"A",,"A",,"A",,"A",,"A",,"A",,"A"
"20131",2624032,19,0,"1","1","D","190","D","10","D",55,"D",,"A",,"A",,"A",,"A",,"A",,"A",,"A",,"A",,"A"
"20131",2624492,28,0,"1","1","D","190","D","12","D",80,"D",,"A",,"A",,"A",,"A",,"A",,"A",,"A",,"A",,"A"
"20131",2624492,29,0,"1","1","D","190","D","01","D",80,"D",,"A",,"A",,"A",,"A",,"A",,"A",,"A",,"A",,"A"
"20131",2624492,30,0,"1","1","D","110","D","01","D",100,"D",,"A",,"A",,"A",,"A",,"A",,"A",,"A",,"A",,"A"
"20131",2624492,31,0,"1","1","D","110","D","01","D",100,"D",,"A",,"A",,"A",,"A",,"A",,"A",,"A",,"A",,"A"
"20131",2624492,32,0,"1","1","D","110","D","01","D",100,"D",,"A",,"A",,"A",,"A",,"A",,"A",,"A",,"A",,"A"
"20131",2624492,33,0,"2","2","D","190","D","11","D",80,"D",,"A",,"A",,"A",,"A",,"A",,"A",,"A",,"A",,"A"
"20131",2624982,23,0,"1","1","D","190","D","12","D",58,"D",,"A",,"A",,"A",,"A",,"A",,"A",,"A",,"A",,"A"
"20131",2624982,24,0,"1","1","D","190","D","01","D",58,"D",,"A",,"A",,"A",,"A",,"A",,"A",,"A",,"A",,"A"
"20131",2624982,25,0,"2","1","D","190","D","11","D",58,"D",,"A",,"A",,"A",,"A",,"A",,"A",,"A",,"A",,"A"
"20131",2625072,17,0,"1","1","D","190","D","12","D",98,"D",,"A",,"A",,"A",,"A",,"A",,"A",,"A",,"A",,"A"
"20131",2625382,20,0,"1","1","D","190","D","12","D",55,"D",,"A",,"A",,"A",,"A",,"A",,"A",,"A",,"A",,"A"
"20131",2625382,21,0,"1","1","D","190","D","01","D",55,"D",,"A",,"A",,"A",,"A",,"A",,"A",,"A",,"A",,"A"
"20131",2625602,23,0,"1","1","D","190","D","01","D",27,"D",,"A",,"A",,"A",,"A",,"A",,"A",,"A",,"A",,"A"
"20131",2625602,24,0,"2","1","D","190","D","11","D",27,"D",,"A",,"A",,"A",,"A",,"A",,"A",,"A",,"A",,"A"
"20131",2625882,37,0,"1","2","D","110","D","01","D",109,"D",,"A",,"A",,"A",,"A",,"A",,"A",,"A",,"A",,"A"
"20131",2625892,20,0,"1","2","D","200","D","01","D",191,"D",,"A",,"A",,"A",,"A",,"A",,"A",,"A",,"A",,"A"
"20131",2625922,18,0,"1","2","D","190","D","01","D",300,"D",,"A",,"A",,"A",,"A",,"A",,"A",,"A",,"A",,"A"
"20131",2626312,37,0,"1","1","D","220","D","01","D",100,"D",,"A",,"A",,"A",,"A",,"A",,"A",,"A",,"A",,"A"
"20131",2626312,38,0,"1","1","D","220","D","01","D",50,"D",,"A",,"A",,"A",,"A",,"A",,"A",,"A",,"A",,"A"
"20131",2626332,15,0,"1","1","D","190","D","01","D",100,"D",,"A",,"A",,"A",,"A",,"A",,"A",,"A",,"A",,"A"
"20131",2626492,14,0,"1","1","D","110","D","01","D",75,"D",,"A",,"A",,"A",,"A",,"A",,"A",,"A",,"A",,"A"
"20131",2626552,15,0,"1","1","D","190","D","12","D",75,"D",,"A",,"A",,"A",,"A",,"A",,"A",,"A",,"A",,"A"
"20131",2626892,24,0,"1","2","D","110","D","01","D",115,"D",,"A",,"A",,"A",,"A",,"A",,"A",,"A",,"A",,"A"
"20131",2627242,23,0,"1","2","D","190","D","11","D",10,"D",,"A",,"A",,"A",,"A",,"A",,"A",,"A",,"A",,"A"
"20131",2627292,14,0,"1","2","D","200","D","12","D",298,"D",,"A",,"A",,"A",,"A",,"A",,"A",,"A",,"A",,"A"
"20131",2627362,19,0,"1","1","D","220","D","01","D",270,"D",,"A",,"A",,"A",,"A",,"A",,"A",,"A",,"A",,"A"
"20131",2627452,14,0,"1","2","D","190","D","01","D",10,"D",,"A",,"A",,"A",,"A",,"A",,"A",,"A",,"A",,"A"
"20131",2627532,21,0,"1","1","D","110","D","01","D",200,"D",,"A",,"A",,"A",,"A",,"A",,"A",,"A",,"A",,"A"
"20131",2627872,16,0,"2","1","D","220","D","11","D",125,"D",,"A",,"A",,"A",,"A",,"A",,"A",,"A",,"A",,"A"
"20131",2627922,19,0,"1","1","D","190","D","11","D",40,"D",,"A",,"A",,"A",,"A",,"A",,"A",,"A",,"A",,"A"
"20131",2627922,20,0,"1","1","D","190","D","12","D",40,"D",,"A",,"A",,"A",,"A",,"A",,"A",,"A",,"A",,"A"
"20131",2627922,21,0,"1","1","D","190","D","01","D",40,"D",,"A",,"A",,"A",,"A",,"A",,"A",,"A",,"A",,"A"
"20131",2628342,30,0,"1","1","D","190","D","12","D",80,"D",,"A",,"A",,"A",,"A",,"A",,"A",,"A",,"A",,"A"
"20131",2628452,19,0,"1","1","D","190","D","01","D",136,"D",,"A",,"A",,"A",,"A",,"A",,"A",,"A",,"A",,"A"
"20131",2628462,16,0,"1","1","D","110","D","11","D",90,"D",,"A",,"A",,"A",,"A",,"A",,"A",,"A",,"A",,"A"
"20131",2628632,16,0,"1","1","D","110","D","01","D",50,"D",,"A",,"A",,"A",,"A",,"A",,"A",,"A",,"A",,"A"
"20131",2628632,17,0,"1","1","D","110","D","01","D",100,"D",,"A",,"A",,"A",,"A",,"A",,"A",,"A",,"A",,"A"
"20131",2628632,18,0,"1","2","D","100","D","01","D",100,"D",,"A",,"A",,"A",,"A",,"A",,"A",,"A",,"A",,"A"
"20131",2628752,18,0,"1","1","D","110","D","01","D",50,"D",,"A",,"A",,"A",,"A",,"A",,"A",,"A",,"A",,"A"
"20131",2628772,28,0,"1","2","D","190","D","01","D",110,"D",,"A",,"A",,"A",,"A",,"A",,"A",,"A",,"A",,"A"
"20131",2629022,22,0,"1","1","D","110","D","11","D",500,"D",,"A",,"A",,"A",,"A",,"A",,"A",,"A",,"A",,"A"
"20131",2629662,26,0,"1","1","D","120","D","12","D",130,"D",,"A",,"A",,"A",,"A",,"A",,"A",,"A",,"A",,"A"
"20131",2629812,59,0,"1","1","D","110","D","01","D",152,"D",,"A",,"A",,"A",,"A",,"A",,"A",,"A",,"A",,"A"
"20131",2629982,32,0,"1","2","D","110","D","11","D",50,"D",,"A",,"A",,"A",,"A",,"A",,"A",,"A",,"A",,"A"
"20131",2629982,33,0,"1","2","D","110","D","12","D",50,"D",,"A",,"A",,"A",,"A",,"A",,"A",,"A",,"A",,"A"
"20131",2629982,34,0,"1","2","D","110","D","01","D",50,"D",,"A",,"A",,"A",,"A",,"A",,"A",,"A",,"A",,"A"
"20131",2630602,51,0,"1","1","D","110","D","01","D",50,"D",,"A",,"A",,"A",,"A",,"A",,"A",,"A",,"A",,"A"
"20131",2630652,17,0,"2","1","D","110","D","11","D",59,"D",,"A",,"A",,"A",,"A",,"A",,"A",,"A",,"A",,"A"
"20131",2631312,17,0,"1","1","D","190","D","01","D",90,"D",,"A",,"A",,"A",,"A",,"A",,"A",,"A",,"A",,"A"
"20131",2631962,24,0,"1","1","D","190","D","01","D",35,"D",,"A",,"A",,"A",,"A",,"A",,"A",,"A",,"A",,"A"
"20131",2631962,25,0,"1","1","D","190","D","11","D",35,"D",,"A",,"A",,"A",,"A",,"A",,"A",,"A",,"A",,"A"
"20131",2631962,26,0,"1","1","D","190","D","12","D",35,"D",,"A",,"A",,"A",,"A",,"A",,"A",,"A",,"A",,"A"
"20131",2632082,41,0,"1","1","D","190","D","12","D",136,"D",,"A",,"A",,"A",,"A",,"A",,"A",,"A",,"A",,"A"
"20131",2632122,15,0,"1","2","D","110","D","12","D",45,"D",,"A",,"A",,"A",,"A",,"A",,"A",,"A",,"A",,"A"
"20131",2632122,16,0,"1","2","D","110","D","01","D",45,"D",,"A",,"A",,"A",,"A",,"A",,"A",,"A",,"A",,"A"
"20131",2632122,17,0,"2","2","D","110","D","11","D",45,"D",,"A",,"A",,"A",,"A",,"A",,"A",,"A",,"A",,"A"
"20131",2632192,33,0,"1","1","D","160","D","12","D",59,"D",,"A",,"A",,"A",,"A",,"A",,"A",,"A",,"A",,"A"
"20131",2632312,28,0,"2","2","D","220","D","11","D",25,"D",,"A",,"A",,"A",,"A",,"A",,"A",,"A",,"A",,"A"
"20131",2632312,29,0,"2","2","D","220","D","11","D",25,"D",,"A",,"A",,"A",,"A",,"A",,"A",,"A",,"A",,"A"
"20131",2632312,30,0,"2","2","D","140","D","11","D",25,"D",,"A",,"A",,"A",,"A",,"A",,"A",,"A",,"A",,"A"
"20131",2632442,22,0,"1","1","D","190","D","01","D",26,"D",,"A",,"A",,"A",,"A",,"A",,"A",,"A",,"A",,"A"
"20131",2632492,44,0,"1","1","D","120","D","11","D",540,"D",,"A",,"A",,"A",,"A",,"A",,"A",,"A",,"A",,"A"
"20131",2632562,25,0,"1","1","D","100","D","11","D",230,"D",,"A",,"A",,"A",,"A",,"A",,"A",,"A",,"A",,"A"
"20131",2632802,17,0,"1","2","D","190","D","01","D",115,"D",,"A",,"A",,"A",,"A",,"A",,"A",,"A",,"A",,"A"
"20131",2632802,18,0,"2","1","D","190","D","11","D",105,"D",,"A",,"A",,"A",,"A",,"A",,"A",,"A",,"A",,"A"
"20131",2633082,15,0,"2","2","D","170","D","11","D",1,"D",,"A",,"A",,"A",,"A",,"A",,"A",,"A",,"A",,"A"
"20131",2633092,29,0,"1","1","D","110","D","12","D",220,"D",,"A",,"A",,"A",,"A",,"A",,"A",,"A",,"A",,"A"
"20131",2633192,24,0,"1","1","D","190","D","01","D",75,"D",,"A",,"A",,"A",,"A",,"A",,"A",,"A",,"A",,"A"
"20131",2633332,21,0,"1","2","D","120","D","12","D",140,"D",,"A",,"A",,"A",,"A",,"A",,"A",,"A",,"A",,"A"
"20131",2633502,28,0,"1","2","D","190","D","12","D",350,"D",,"A",,"A",,"A",,"A",,"A",,"A",,"A",,"A",,"A"
"20131",2633622,16,0,"1","2","D","200","D","01","D",200,"D",,"A",,"A",,"A",,"A",,"A",,"A",,"A",,"A",,"A"
"20131",2633652,16,0,"1","1","D","110","D","01","D",250,"D",,"A",,"A",,"A",,"A",,"A",,"A",,"A",,"A",,"A"
"20131",2633662,18,0,"1","2","D","190","D","12","D",100,"D",,"A",,"A",,"A",,"A",,"A",,"A",,"A",,"A",,"A"
"20131",2633812,17,0,"1","1","D","220","D","01","D",150,"D",,"A",,"A",,"A",,"A",,"A",,"A",,"A",,"A",,"A"
"20131",2633882,16,0,"1","1","D","190","D","12","D",61,"D",,"A",,"A",,"A",,"A",,"A",,"A",,"A",,"A",,"A"
"20131",2633912,20,0,"2","1","D","220","D","11","D",171,"D",,"A",,"A",,"A",,"A",,"A",,"A",,"A",,"A",,"A"
"20131",2634322,30,0,"1","1","D","190","D","01","D",250,"D",,"A",,"A",,"A",,"A",,"A",,"A",,"A",,"A",,"A"
"20131",2634342,27,0,"1","1","D","110","D","12","D",26,"D",,"A",,"A",,"A",,"A",,"A",,"A",,"A",,"A",,"A"
"20131",2634872,34,0,"1","2","D","200","D","01","D",100,"D",,"A",,"A",,"A",,"A",,"A",,"A",,"A",,"A",,"A"
"20131",2634912,16,0,"1","1","D","190","D","12","D",58,"D",,"A",,"A",,"A",,"A",,"A",,"A",,"A",,"A",,"A"
"20131",2635132,26,0,"1","1","D","220","D","12","D",433,"D",,"A",,"A",,"A",,"A",,"A",,"A",,"A",,"A",,"A"
"20131",2635932,19,0,"1","1","D","190","D","12","D",70,"D",,"A",,"A",,"A",,"A",,"A",,"A",,"A",,"A",,"A"
"20131",2636132,37,0,"1","1","D","110","D","12","D",250,"D",,"A",,"A",,"A",,"A",,"A",,"A",,"A",,"A",,"A"
"20131",2636132,38,0,"1","2","D","110","D","12","D",268,"D",,"A",,"A",,"A",,"A",,"A",,"A",,"A",,"A",,"A"
"20131",2637142,20,0,"1","1","D","190","D","02","D",79,"D",,"A",,"A",,"A",,"A",,"A",,"A",,"A",,"A",,"A"
"20131",2637443,20,0,"1","1","D","190","D","12","D",75,"D",,"A",,"A",,"A",,"A",,"A",,"A",,"A",,"A",,"A"
"20131",2637443,21,0,"1","1","D","190","D","02","D",75,"D",,"A",,"A",,"A",,"A",,"A",,"A",,"A",,"A",,"A"
"20131",2637532,56,0,"1","1","D","220","D","02","D",150,"D",,"A",,"A",,"A",,"A",,"A",,"A",,"A",,"A",,"A"
"20131",2637652,18,0,"1","2","D","200","D","01","D",400,"D",,"A",,"A",,"A",,"A",,"A",,"A",,"A",,"A",,"A"
"20131",2637832,25,0,"1","1","D","190","D","02","D",71,"D",,"A",,"A",,"A",,"A",,"A",,"A",,"A",,"A",,"A"
"20131",2637832,26,0,"1","1","D","140","D","01","D",119,"D",,"A",,"A",,"A",,"A",,"A",,"A",,"A",,"A",,"A"
"20131",2637912,20,0,"1","1","D","110","D","01","D",470,"D",,"A",,"A",,"A",,"A",,"A",,"A",,"A",,"A",,"A"
"20131",2638112,18,0,"1","1","D","120","D","12","D",22,"D",,"A",,"A",,"A",,"A",,"A",,"A",,"A",,"A",,"A"
"20131",2638602,22,0,"1","1","D","190","D","02","D",158,"D",,"A",,"A",,"A",,"A",,"A",,"A",,"A",,"A",,"A"
"20131",2639232,28,0,"1","2","D","190","D","12","D",118,"D",,"A",,"A",,"A",,"A",,"A",,"A",,"A",,"A",,"A"
"20131",2639232,29,0,"1","2","D","190","D","01","D",118,"D",,"A",,"A",,"A",,"A",,"A",,"A",,"A",,"A",,"A"
"20131",2639232,30,0,"1","2","D","190","D","02","D",118,"D",,"A",,"A",,"A",,"A",,"A",,"A",,"A",,"A",,"A"
"20131",2639232,31,0,"1","2","D","200","D","12","D",75,"D",,"A",,"A",,"A",,"A",,"A",,"A",,"A",,"A",,"A"
"20131",2639232,32,0,"1","2","D","200","D","01","D",75,"D",,"A",,"A",,"A",,"A",,"A",,"A",,"A",,"A",,"A"
"20131",2639232,33,0,"1","2","D","200","D","02","D",75,"D",,"A",,"A",,"A",,"A",,"A",,"A",,"A",,"A",,"A"
"20131",2639412,36,0,"1","1","D","190","D","12","D",217,"D",,"A",,"A",,"A",,"A",,"A",,"A",,"A",,"A",,"A"
"20131",2639692,16,0,"1","2","D","190","D","12","D",1,"D",,"A",,"A",,"A",,"A",,"A",,"A",,"A",,"A",,"A"
"20131",2639722,17,0,"1","2","D","150","D","12","D",225,"D",,"A",,"A",,"A",,"A",,"A",,"A",,"A",,"A",,"A"
"20131",2639752,18,0,"1","1","D","190","D","01","D",24,"D",,"A",,"A",,"A",,"A",,"A",,"A",,"A",,"A",,"A"
"20131",2639752,19,0,"1","1","D","190","D","01","D",24,"D",,"A",,"A",,"A",,"A",,"A",,"A",,"A",,"A",,"A"
"20131",2639752,20,0,"2","1","D","190","D","12","D",24,"D",,"A",,"A",,"A",,"A",,"A",,"A",,"A",,"A",,"A"
"20131",2639782,28,0,"1","1","D","190","D","12","D",69,"D",,"A",,"A",,"A",,"A",,"A",,"A",,"A",,"A",,"A"
"20131",2639782,29,0,"1","1","D","190","D","01","D",69,"D",,"A",,"A",,"A",,"A",,"A",,"A",,"A",,"A",,"A"
"20131",2639782,30,0,"1","1","D","190","D","02","D",69,"D",,"A",,"A",,"A",,"A",,"A",,"A",,"A",,"A",,"A"
"20131",2640242,20,0,"1","1","D","110","D","01","D",42,"D",,"A",,"A",,"A",,"A",,"A",,"A",,"A",,"A",,"A"
"20131",2640242,21,0,"1","1","D","110","D","02","D",85,"D",,"A",,"A",,"A",,"A",,"A",,"A",,"A",,"A",,"A"
"20131",2640482,18,0,"1","1","D","220","D","02","D",40,"D",,"A",,"A",,"A",,"A",,"A",,"A",,"A",,"A",,"A"
"20131",2640622,17,0,"1","1","D","110","D","01","D",106,"D",,"A",,"A",,"A",,"A",,"A",,"A",,"A",,"A",,"A"
"20131",2640712,17,0,"1","1","D","220","D","02","D",5,"D",,"A",,"A",,"A",,"A",,"A",,"A",,"A",,"A",,"A"
"20131",2640992,17,0,"1","1","D","220","D","02","D",200,"D",,"A",,"A",,"A",,"A",,"A",,"A",,"A",,"A",,"A"
"20131",2641072,40,0,"1","1","D","220","D","12","D",60,"D",,"A",,"A",,"A",,"A",,"A",,"A",,"A",,"A",,"A"
"20131",2641072,41,0,"1","1","D","130","D","02","D",30,"D",,"A",,"A",,"A",,"A",,"A",,"A",,"A",,"A",,"A"
"20131",2641282,18,0,"1","1","D","110","D","12","D",267,"D",,"A",,"A",,"A",,"A",,"A",,"A",,"A",,"A",,"A"
"20131",2641522,61,0,"2","2","D","110","D","12","D",8,"D",,"A",,"A",,"A",,"A",,"A",,"A",,"A",,"A",,"A"
"20131",2641632,30,0,"1","1","D","110","D","12","D",300,"D",,"A",,"A",,"A",,"A",,"A",,"A",,"A",,"A",,"A"
"20131",2641632,31,0,"1","1","D","110","D","12","D",75,"D",,"A",,"A",,"A",,"A",,"A",,"A",,"A",,"A",,"A"
"20131",2641642,14,0,"1","1","D","210","D","02","D",.,"H","210","D","220","D",,"A",,"A",,"A",,"A",,"A",,"A",,"A"
"20131",2641642,14,1,"1","1","D","160","D","02","D",27,"E",,"A",,"A",,"A",,"A",,"A",,"A",,"A",,"A",,"A"
"20131",2641642,14,2,"1","1","D","190","D","02","D",27,"E",,"A",,"A",,"A",,"A",,"A",,"A",,"A",,"A",,"A"
"20131",2641642,14,3,"1","1","D","220","D","02","D",46,"E",,"A",,"A",,"A",,"A",,"A",,"A",,"A",,"A",,"A"
"20131",2641882,18,0,"1","2","D","110","D","01","D",150,"D",,"A",,"A",,"A",,"A",,"A",,"A",,"A",,"A",,"A"
"20131",2642032,31,0,"1","2","D","200","D","01","D",275,"D",,"A",,"A",,"A",,"A",,"A",,"A",,"A",,"A",,"A"
"20131",2642032,32,0,"1","2","D","110","D","01","D",500,"D",,"A",,"A",,"A",,"A",,"A",,"A",,"A",,"A",,"A"
"20131",2642335,17,0,"1","1","D","220","D","02","D",25,"D",,"A",,"A",,"A",,"A",,"A",,"A",,"A",,"A",,"A"
"20131",2642742,24,0,"1","1","D","110","D","01","D",120,"D",,"A",,"A",,"A",,"A",,"A",,"A",,"A",,"A",,"A"
"20131",2642942,20,0,"1","1","D","190","D","02","D",279,"D",,"A",,"A",,"A",,"A",,"A",,"A",,"A",,"A",,"A"
"20131",2642962,17,0,"2","1","D","220","D","12","D",217,"D",,"A",,"A",,"A",,"A",,"A",,"A",,"A",,"A",,"A"
"20131",2642982,34,0,"1","1","D","140","D","02","D",80,"D",,"A",,"A",,"A",,"A",,"A",,"A",,"A",,"A",,"A"
"20131",2643162,30,0,"2","2","D","110","D","12","D",21,"D",,"A",,"A",,"A",,"A",,"A",,"A",,"A",,"A",,"A"
"20131",2643392,24,0,"1","1","D","190","D","02","D",75,"D",,"A",,"A",,"A",,"A",,"A",,"A",,"A",,"A",,"A"
"20131",2643672,19,0,"1","2","D","190","D","02","D",80,"D",,"A",,"A",,"A",,"A",,"A",,"A",,"A",,"A",,"A"
"20131",2644552,15,0,"1","1","D","190","D","01","D",86,"D",,"A",,"A",,"A",,"A",,"A",,"A",,"A",,"A",,"A"
"20131",2644862,17,0,"1","1","D","220","D","02","D",80,"D",,"A",,"A",,"A",,"A",,"A",,"A",,"A",,"A",,"A"
"20131",2644982,22,0,"1","1","D","190","D","01","D",88,"D",,"A",,"A",,"A",,"A",,"A",,"A",,"A",,"A",,"A"
"20131",2645102,18,0,"1","2","D","190","D","02","D",800,"D",,"A",,"A",,"A",,"A",,"A",,"A",,"A",,"A",,"A"
"20131",2645722,35,0,"1","1","D","110","D","12","D",40,"D",,"A",,"A",,"A",,"A",,"A",,"A",,"A",,"A",,"A"
"20131",2645722,36,0,"1","1","D","110","D","02","D",20,"D",,"A",,"A",,"A",,"A",,"A",,"A",,"A",,"A",,"A"
"20131",2645722,37,0,"1","2","D","140","D","12","D",200,"D",,"A",,"A",,"A",,"A",,"A",,"A",,"A",,"A",,"A"
"20131",2645732,20,0,"1","1","D","220","D","02","D",58,"D",,"A",,"A",,"A",,"A",,"A",,"A",,"A",,"A",,"A"
"20131",2645744,21,0,"1","1","D","110","D","02","D",60,"D",,"A",,"A",,"A",,"A",,"A",,"A",,"A",,"A",,"A"
"20131",2645744,22,0,"1","1","D","190","D","01","D",230,"D",,"A",,"A",,"A",,"A",,"A",,"A",,"A",,"A",,"A"
"20131",2645882,20,0,"2","1","D","190","D","12","D",103,"D",,"A",,"A",,"A",,"A",,"A",,"A",,"A",,"A",,"A"
"20131",2645982,33,0,"1","2","D","200","D","01","D",260,"D",,"A",,"A",,"A",,"A",,"A",,"A",,"A",,"A",,"A"
"20131",2646072,28,0,"1","2","D","120","D","12","D",22,"D",,"A",,"A",,"A",,"A",,"A",,"A",,"A",,"A",,"A"
"20131",2646372,35,0,"1","1","D","220","D","01","D",25,"D",,"A",,"A",,"A",,"A",,"A",,"A",,"A",,"A",,"A"
"20131",2646372,36,0,"1","2","D","200","D","12","D",20,"D",,"A",,"A",,"A",,"A",,"A",,"A",,"A",,"A",,"A"
"20131",2646512,19,0,"1","1","D","130","D","02","D",9,"D",,"A",,"A",,"A",,"A",,"A",,"A",,"A",,"A",,"A"
"20131",2646592,42,0,"1","2","D","200","D","01","D",17,"D",,"A",,"A",,"A",,"A",,"A",,"A",,"A",,"A",,"A"
"20131",2646592,43,0,"1","2","D","200","D","02","D",17,"D",,"A",,"A",,"A",,"A",,"A",,"A",,"A",,"A",,"A"
"20131",2646732,27,0,"1","1","D","110","D","02","D",220,"D",,"A",,"A",,"A",,"A",,"A",,"A",,"A",,"A",,"A"
"20131",2646732,28,0,"1","1","D","190","D","02","D",543,"D",,"A",,"A",,"A",,"A",,"A",,"A",,"A",,"A",,"A"
"20131",2646732,29,0,"1","1","D","190","D","01","D",326,"D",,"A",,"A",,"A",,"A",,"A",,"A",,"A",,"A",,"A"
"20131",2646882,17,0,"1","1","D","100","D","01","D",59,"D",,"A",,"A",,"A",,"A",,"A",,"A",,"A",,"A",,"A"
"20131",2646952,26,0,"1","1","D","190","D","12","D",38,"D",,"A",,"A",,"A",,"A",,"A",,"A",,"A",,"A",,"A"
"20131",2646952,27,0,"1","1","D","190","D","01","D",38,"D",,"A",,"A",,"A",,"A",,"A",,"A",,"A",,"A",,"A"
"20131",2646952,28,0,"1","1","D","190","D","02","D",27,"D",,"A",,"A",,"A",,"A",,"A",,"A",,"A",,"A",,"A"
"20131",2649254,21,0,"1","1","D","130","D","12","D",48,"D",,"A",,"A",,"A",,"A",,"A",,"A",,"A",,"A",,"A"
"20131",2663622,26,0,"1","1","D","190","D","11","D",54,"D",,"A",,"A",,"A",,"A",,"A",,"A",,"A",,"A",,"A"
"20131",2663622,27,0,"1","2","D","210","D","01","D",.,"H","100","D","110","D","200","D",,"A",,"A",,"A",,"A",,"A",,"A"
"20131",2663622,27,1,"1","2","D","100","D","01","D",255,"E",,"A",,"A",,"A",,"A",,"A",,"A",,"A",,"A",,"A"
"20131",2663622,27,2,"1","2","D","110","D","01","D",114,"E",,"A",,"A",,"A",,"A",,"A",,"A",,"A",,"A",,"A"
"20131",2663622,27,3,"1","2","D","200","D","01","D",206,"E",,"A",,"A",,"A",,"A",,"A",,"A",,"A",,"A",,"A"
"20131",2668815,20,0,"1","2","D","110","D","11","D",15,"D",,"A",,"A",,"A",,"A",,"A",,"A",,"A",,"A",,"A"
"20131",2668815,21,0,"1","2","D","110","D","12","D",15,"D",,"A",,"A",,"A",,"A",,"A",,"A",,"A",,"A",,"A"
"20131",2668815,22,0,"1","2","D","110","D","01","D",15,"D",,"A",,"A",,"A",,"A",,"A",,"A",,"A",,"A",,"A"
"20131",2668815,23,0,"1","2","D","200","D","11","D",1,"D",,"A",,"A",,"A",,"A",,"A",,"A",,"A",,"A",,"A"
"20131",2668815,24,0,"1","2","D","200","D","12","D",1,"D",,"A",,"A",,"A",,"A",,"A",,"A",,"A",,"A",,"A"
"20131",2668815,25,0,"1","2","D","200","D","01","D",1,"D",,"A",,"A",,"A",,"A",,"A",,"A",,"A",,"A",,"A"
"20132",2545235,6,0,"1",,"A","110","D","02","D",196,"D",,"A",,"A",,"A",,"A",,"A",,"A",,"A",,"A",,"A"
"20132",2545305,16,0,"1",,"A","190","D","02","D",23,"D",,"A",,"A",,"A",,"A",,"A",,"A",,"A",,"A",,"A"
"20132",2545305,17,0,"1",,"A","190","D","01","D",23,"D",,"A",,"A",,"A",,"A",,"A",,"A",,"A",,"A",,"A"
"20132",2545305,18,0,"1",,"A","190","D","03","D",23,"D",,"A",,"A",,"A",,"A",,"A",,"A",,"A",,"A",,"A"
"20132",2545305,19,0,"2",,"A","190","D","01","D",20,"D",,"A",,"A",,"A",,"A",,"A",,"A",,"A",,"A",,"A"
"20132",2545475,9,0,"1",,"A","130","D","03","D",172,"D",,"A",,"A",,"A",,"A",,"A",,"A",,"A",,"A",,"A"
"20132",2545475,10,0,"1",,"A","170","D","02","D",151,"D",,"A",,"A",,"A",,"A",,"A",,"A",,"A",,"A",,"A"
"20132",2545775,3,0,"1",,"A","110","D","01","D",23,"D",,"A",,"A",,"A",,"A",,"A",,"A",,"A",,"A",,"A"
"20132",2545775,4,0,"1",,"A","110","D","02","D",23,"D",,"A",,"A",,"A",,"A",,"A",,"A",,"A",,"A",,"A"
"20132",2545775,5,0,"1",,"A","110","D","03","D",23,"D",,"A",,"A",,"A",,"A",,"A",,"A",,"A",,"A",,"A"
"20132",2546295,23,0,"2",,"A","110","D","01","D",43,"D",,"A",,"A",,"A",,"A",,"A",,"A",,"A",,"A",,"A"
"20132",2547295,7,0,"1",,"A","190","D","02","D",114,"D",,"A",,"A",,"A",,"A",,"A",,"A",,"A",,"A",,"A"
"20132",2547355,3,0,"1",,"A","220","D","03","D",100,"D",,"A",,"A",,"A",,"A",,"A",,"A",,"A",,"A",,"A"
"20132",2547405,1,0,"1",,"A","170","D","03","D",50,"D",,"A",,"A",,"A",,"A",,"A",,"A",,"A",,"A",,"A"
"20132",2547485,2,0,"1",,"A","200","D","01","D",131,"F",,"A",,"A",,"A",,"A",,"A",,"A",,"A",,"A",,"A"
"20132",2548045,5,0,"1",,"A","220","D","02","D",140,"D",,"A",,"A",,"A",,"A",,"A",,"A",,"A",,"A",,"A"
"20132",2548155,4,0,"1",,"A","190","D","03","D",71,"D",,"A",,"A",,"A",,"A",,"A",,"A",,"A",,"A",,"A"
"20132",2548245,8,0,"1",,"A","110","D","02","D",242,"D",,"A",,"A",,"A",,"A",,"A",,"A",,"A",,"A",,"A"
"20132",2548945,5,0,"1",,"A","200","D","02","D",100,"D",,"A",,"A",,"A",,"A",,"A",,"A",,"A",,"A",,"A"
"20132",2549015,7,0,"1",,"A","200","D","03","D",127,"D",,"A",,"A",,"A",,"A",,"A",,"A",,"A",,"A",,"A"
"20132",2549065,8,0,"1",,"A","200","D","01","D",18,"D",,"A",,"A",,"A",,"A",,"A",,"A",,"A",,"A",,"A"
"20132",2549065,9,0,"1",,"A","200","D","02","D",18,"D",,"A",,"A",,"A",,"A",,"A",,"A",,"A",,"A",,"A"
"20132",2549065,10,0,"1",,"A","200","D","03","D",18,"D",,"A",,"A",,"A",,"A",,"A",,"A",,"A",,"A",,"A"
"20132",2549065,11,0,"2",,"A","200","D","01","D",18,"D",,"A",,"A",,"A",,"A",,"A",,"A",,"A",,"A",,"A"
"20132",2549345,4,0,"1",,"A","190","D","03","D",83,"D",,"A",,"A",,"A",,"A",,"A",,"A",,"A",,"A",,"A"
"20132",2550405,12,0,"1",,"A","110","D","02","D",180,"D",,"A",,"A",,"A",,"A",,"A",,"A",,"A",,"A",,"A"
"20132",2550875,7,0,"1",,"A","110","D","01","D",140,"D",,"A",,"A",,"A",,"A",,"A",,"A",,"A",,"A",,"A"
"20132",2550935,2,0,"1",,"A","110","D","03","D",180,"D",,"A",,"A",,"A",,"A",,"A",,"A",,"A",,"A",,"A"
"20132",2551175,3,0,"1",,"A","220","D","03","D",192,"D",,"A",,"A",,"A",,"A",,"A",,"A",,"A",,"A",,"A"
"20132",2551465,3,0,"1",,"A","220","D","02","D",750,"D",,"A",,"A",,"A",,"A",,"A",,"A",,"A",,"A",,"A"
"20132",2552355,3,0,"1",,"A","190","D","01","D",34,"D",,"A",,"A",,"A",,"A",,"A",,"A",,"A",,"A",,"A"
"20132",2552355,4,0,"1",,"A","190","D","02","D",34,"D",,"A",,"A",,"A",,"A",,"A",,"A",,"A",,"A",,"A"
"20132",2552355,5,0,"1",,"A","190","D","03","D",34,"D",,"A",,"A",,"A",,"A",,"A",,"A",,"A",,"A",,"A"
"20132",2552355,6,0,"1",,"A","110","D","01","D",29,"D",,"A",,"A",,"A",,"A",,"A",,"A",,"A",,"A",,"A"
"20132",2552355,7,0,"1",,"A","110","D","02","D",29,"D",,"A",,"A",,"A",,"A",,"A",,"A",,"A",,"A",,"A"
"20132",2552355,8,0,"1",,"A","110","D","03","D",29,"D",,"A",,"A",,"A",,"A",,"A",,"A",,"A",,"A",,"A"
"20132",2552635,3,0,"1",,"A","170","D","03","D",44,"D",,"A",,"A",,"A",,"A",,"A",,"A",,"A",,"A",,"A"
"20132",2553215,5,0,"1",,"A","190","D","03","D",65,"D",,"A",,"A",,"A",,"A",,"A",,"A",,"A",,"A",,"A"
"20132",2553555,10,0,"1",,"A","200","D","01","D",50,"D",,"A",,"A",,"A",,"A",,"A",,"A",,"A",,"A",,"A"
"20132",2553555,11,0,"1",,"A","200","D","02","D",50,"D",,"A",,"A",,"A",,"A",,"A",,"A",,"A",,"A",,"A"
"20132",2553555,12,0,"1",,"A","200","D","03","D",50,"D",,"A",,"A",,"A",,"A",,"A",,"A",,"A",,"A",,"A"
"20132",2553845,6,0,"2",,"A","190","D","01","D",33,"D",,"A",,"A",,"A",,"A",,"A",,"A",,"A",,"A",,"A"
"20132",2554105,2,0,"1",,"A","190","D","02","D",42,"D",,"A",,"A",,"A",,"A",,"A",,"A",,"A",,"A",,"A"
"20132",2554245,4,0,"1",,"A","170","D","03","D",50,"D",,"A",,"A",,"A",,"A",,"A",,"A",,"A",,"A",,"A"
"20132",2554355,5,0,"1",,"A","130","D","02","D",131,"D",,"A",,"A",,"A",,"A",,"A",,"A",,"A",,"A",,"A"
"20132",2554385,13,0,"1",,"A","190","D","02","D",46,"D",,"A",,"A",,"A",,"A",,"A",,"A",,"A",,"A",,"A"
"20132",2554505,12,0,"1",,"A","140","D","01","D",100,"D",,"A",,"A",,"A",,"A",,"A",,"A",,"A",,"A",,"A"
"20132",2554625,12,0,"1",,"A","190","D","02","D",199,"D",,"A",,"A",,"A",,"A",,"A",,"A",,"A",,"A",,"A"
"20132",2554985,3,0,"1",,"A","190","D","03","D",161,"D",,"A",,"A",,"A",,"A",,"A",,"A",,"A",,"A",,"A"
"20132",2555675,11,0,"1",,"A","210","D","03","D",.,"H","150","D","130","D",,"A",,"A",,"A",,"A",,"A",,"A",,"A"
"20132",2555675,11,1,"1",,"A","150","D","03","D",29,"E",,"A",,"A",,"A",,"A",,"A",,"A",,"A",,"A",,"A"
"20132",2555675,11,2,"1",,"A","130","D","03","D",41,"E",,"A",,"A",,"A",,"A",,"A",,"A",,"A",,"A",,"A"
"20132",2556335,6,0,"1",,"A","200","D","02","D",248,"D",,"A",,"A",,"A",,"A",,"A",,"A",,"A",,"A",,"A"
"20132",2557415,4,0,"1",,"A","130","D","04","D",75,"D",,"A",,"A",,"A",,"A",,"A",,"A",,"A",,"A",,"A"
"20132",2557475,9,0,"1",,"A","190","D","03","D",69,"D",,"A",,"A",,"A",,"A",,"A",,"A",,"A",,"A",,"A"
"20132",2557485,16,0,"1",,"A","130","D","03","D",143,"D",,"A",,"A",,"A",,"A",,"A",,"A",,"A",,"A",,"A"
"20132",2557485,17,0,"1",,"A","160","D","04","D",150,"D",,"A",,"A",,"A",,"A",,"A",,"A",,"A",,"A",,"A"
"20132",2557485,18,0,"2",,"A","220","D","02","D",110,"D",,"A",,"A",,"A",,"A",,"A",,"A",,"A",,"A",,"A"
"20132",2557585,3,0,"1",,"A","130","D","04","D",70,"D",,"A",,"A",,"A",,"A",,"A",,"A",,"A",,"A",,"A"
"20132",2557715,19,0,"1",,"A","190","D","04","D",76,"D",,"A",,"A",,"A",,"A",,"A",,"A",,"A",,"A",,"A"
"20132",2557885,2,0,"1",,"A","190","D","04","D",120,"D",,"A",,"A",,"A",,"A",,"A",,"A",,"A",,"A",,"A"
"20132",2557885,3,0,"1",,"A","200","D","04","D",85,"D",,"A",,"A",,"A",,"A",,"A",,"A",,"A",,"A",,"A"
"20132",2558255,9,0,"1",,"A","190","D","02","D",95,"D",,"A",,"A",,"A",,"A",,"A",,"A",,"A",,"A",,"A"
"20132",2558655,7,0,"1",,"A","200","D","04","D",195,"D",,"A",,"A",,"A",,"A",,"A",,"A",,"A",,"A",,"A"
"20132",2558795,15,0,"1",,"A","190","D","02","D",109,"D",,"A",,"A",,"A",,"A",,"A",,"A",,"A",,"A",,"A"
"20132",2558935,11,0,"1",,"A","110","D","04","D",45,"D",,"A",,"A",,"A",,"A",,"A",,"A",,"A",,"A",,"A"
"20132",2559085,8,0,"1",,"A","130","D","04","D",21,"D",,"A",,"A",,"A",,"A",,"A",,"A",,"A",,"A",,"A"
"20132",2559155,2,0,"2",,"A","100","D","02","D",92,"D",,"A",,"A",,"A",,"A",,"A",,"A",,"A",,"A",,"A"
"20132",2559255,2,0,"1",,"A","130","D","03","D",400,"D",,"A",,"A",,"A",,"A",,"A",,"A",,"A",,"A",,"A"
"20132",2559355,3,0,"1",,"A","220","D","04","D",141,"D",,"A",,"A",,"A",,"A",,"A",,"A",,"A",,"A",,"A"
"20132",2559575,1,0,"1",,"A","200","D","03","D",326,"D",,"A",,"A",,"A",,"A",,"A",,"A",,"A",,"A",,"A"
"20132",2559575,2,0,"1",,"A","130","D","03","D",131,"F",,"A",,"A",,"A",,"A",,"A",,"A",,"A",,"A",,"A"
"20132",2559775,10,0,"1",,"A","110","D","04","D",32,"D",,"A",,"A",,"A",,"A",,"A",,"A",,"A",,"A",,"A"
"20132",2559955,2,0,"1",,"A","110","D","04","D",135,"D",,"A",,"A",,"A",,"A",,"A",,"A",,"A",,"A",,"A"
"20132",2560025,10,0,"1",,"A","220","D","03","D",100,"D",,"A",,"A",,"A",,"A",,"A",,"A",,"A",,"A",,"A"
"20132",2560025,11,0,"1",,"A","220","D","04","D",200,"D",,"A",,"A",,"A",,"A",,"A",,"A",,"A",,"A",,"A"
"20132",2560135,14,0,"1",,"A","110","D","03","D",107,"D",,"A",,"A",,"A",,"A",,"A",,"A",,"A",,"A",,"A"
"20132",2560255,8,0,"1",,"A","110","D","03","D",30,"D",,"A",,"A",,"A",,"A",,"A",,"A",,"A",,"A",,"A"
"20132",2560445,5,0,"1",,"A","190","D","03","D",87,"D",,"A",,"A",,"A",,"A",,"A",,"A",,"A",,"A",,"A"
"20132",2560525,4,0,"1",,"A","220","D","03","D",75,"D",,"A",,"A",,"A",,"A",,"A",,"A",,"A",,"A",,"A"
"20132",2560605,3,0,"1",,"A","190","D","04","D",35,"D",,"A",,"A",,"A",,"A",,"A",,"A",,"A",,"A",,"A"
"20132",2560765,1,0,"1",,"A","110","D","03","D",112,"D",,"A",,"A",,"A",,"A",,"A",,"A",,"A",,"A",,"A"
"20132",2561755,8,0,"1",,"A","190","D","02","D",88,"D",,"A",,"A",,"A",,"A",,"A",,"A",,"A",,"A",,"A"
"20132",2561755,9,0,"1",,"A","190","D","03","D",88,"D",,"A",,"A",,"A",,"A",,"A",,"A",,"A",,"A",,"A"
"20132",2561755,10,0,"1",,"A","190","D","04","D",88,"D",,"A",,"A",,"A",,"A",,"A",,"A",,"A",,"A",,"A"
"20132",2561755,11,0,"1",,"A","190","D","03","D",88,"D",,"A",,"A",,"A",,"A",,"A",,"A",,"A",,"A",,"A"
"20132",2561755,12,0,"2",,"A","190","D","02","D",88,"D",,"A",,"A",,"A",,"A",,"A",,"A",,"A",,"A",,"A"
"20132",2562215,7,0,"1",,"A","110","D","04","D",25,"D",,"A",,"A",,"A",,"A",,"A",,"A",,"A",,"A",,"A"
"20132",2562325,12,0,"1",,"A","190","D","04","D",81,"D",,"A",,"A",,"A",,"A",,"A",,"A",,"A",,"A",,"A"
"20132",2562325,13,0,"1",,"A","130","D","04","D",65,"D",,"A",,"A",,"A",,"A",,"A",,"A",,"A",,"A",,"A"
"20132",2562345,3,0,"1",,"A","220","D","04","D",107,"D",,"A",,"A",,"A",,"A",,"A",,"A",,"A",,"A",,"A"
"20132",2562465,5,0,"1",,"A","130","D","04","D",20,"D",,"A",,"A",,"A",,"A",,"A",,"A",,"A",,"A",,"A"
"20132",2562615,7,0,"1",,"A","110","D","03","D",45,"D",,"A",,"A",,"A",,"A",,"A",,"A",,"A",,"A",,"A"
"20132",2563025,15,0,"1",,"A","160","D","03","D",32,"D",,"A",,"A",,"A",,"A",,"A",,"A",,"A",,"A",,"A"
"20132",2563185,4,0,"1",,"A","190","D","04","D",55,"D",,"A",,"A",,"A",,"A",,"A",,"A",,"A",,"A",,"A"
"20132",2563225,9,0,"1",,"A","110","D","03","D",66,"D",,"A",,"A",,"A",,"A",,"A",,"A",,"A",,"A",,"A"
"20132",2563225,10,0,"1",,"A","110","D","04","D",66,"D",,"A",,"A",,"A",,"A",,"A",,"A",,"A",,"A",,"A"
"20132",2563335,6,0,"2",,"A","200","D","02","D",48,"D",,"A",,"A",,"A",,"A",,"A",,"A",,"A",,"A",,"A"
"20132",2563425,8,0,"1",,"A","110","D","02","D",87,"D",,"A",,"A",,"A",,"A",,"A",,"A",,"A",,"A",,"A"
"20132",2563825,7,0,"1",,"A","190","D","02","D",85,"D",,"A",,"A",,"A",,"A",,"A",,"A",,"A",,"A",,"A"
"20132",2563825,8,0,"1",,"A","190","D","04","D",85,"D",,"A",,"A",,"A",,"A",,"A",,"A",,"A",,"A",,"A"
"20132",2563825,9,0,"1",,"A","190","D","03","D",80,"D",,"A",,"A",,"A",,"A",,"A",,"A",,"A",,"A",,"A"
"20132",2564045,3,0,"1",,"A","190","D","03","D",41,"D",,"A",,"A",,"A",,"A",,"A",,"A",,"A",,"A",,"A"
"20132",2564045,4,0,"1",,"A","190","D","04","D",41,"D",,"A",,"A",,"A",,"A",,"A",,"A",,"A",,"A",,"A"
"20132",2564115,15,0,"1",,"A","130","D","04","D",12,"D",,"A",,"A",,"A",,"A",,"A",,"A",,"A",,"A",,"A"
"20132",2564115,16,0,"1",,"A","130","D","04","D",25,"D",,"A",,"A",,"A",,"A",,"A",,"A",,"A",,"A",,"A"
"20132",2564565,4,0,"1",,"A","130","D","03","D",95,"D",,"A",,"A",,"A",,"A",,"A",,"A",,"A",,"A",,"A"
"20132",2564615,12,0,"1",,"A","220","D","03","D",68,"D",,"A",,"A",,"A",,"A",,"A",,"A",,"A",,"A",,"A"
"20132",2564615,13,0,"1",,"A","130","D","03","D",147,"D",,"A",,"A",,"A",,"A",,"A",,"A",,"A",,"A",,"A"
"20132",2564645,10,0,"1",,"A","200","D","03","D",480,"D",,"A",,"A",,"A",,"A",,"A",,"A",,"A",,"A",,"A"
"20132",2565225,2,0,"1",,"A","100","D","03","D",28,"D",,"A",,"A",,"A",,"A",,"A",,"A",,"A",,"A",,"A"
"20132",2565285,2,0,"1",,"A","190","D","03","D",136,"D",,"A",,"A",,"A",,"A",,"A",,"A",,"A",,"A",,"A"
"20132",2565295,20,0,"1",,"A","220","D","02","D",709,"D",,"A",,"A",,"A",,"A",,"A",,"A",,"A",,"A",,"A"
"20132",2565355,8,0,"1",,"A","190","D","02","D",39,"D",,"A",,"A",,"A",,"A",,"A",,"A",,"A",,"A",,"A"
"20132",2565355,9,0,"1",,"A","190","D","03","D",39,"D",,"A",,"A",,"A",,"A",,"A",,"A",,"A",,"A",,"A"
"20132",2565355,10,0,"1",,"A","190","D","04","D",39,"D",,"A",,"A",,"A",,"A",,"A",,"A",,"A",,"A",,"A"
"20132",2565505,8,0,"1",,"A","190","D","04","D",82,"D",,"A",,"A",,"A",,"A",,"A",,"A",,"A",,"A",,"A"
"20132",2565505,9,0,"2",,"A","190","D","02","D",82,"D",,"A",,"A",,"A",,"A",,"A",,"A",,"A",,"A",,"A"
"20132",2566085,5,0,"1",,"A","190","D","04","D",118,"D",,"A",,"A",,"A",,"A",,"A",,"A",,"A",,"A",,"A"
"20132",2566435,3,0,"1",,"A","130","D","03","D",110,"D",,"A",,"A",,"A",,"A",,"A",,"A",,"A",,"A",,"A"
"20132",2566455,7,0,"1",,"A","190","D","03","D",101,"D",,"A",,"A",,"A",,"A",,"A",,"A",,"A",,"A",,"A"
"20132",2566815,4,0,"1",,"A","190","D","03","D",268,"D",,"A",,"A",,"A",,"A",,"A",,"A",,"A",,"A",,"A"
"20132",2566815,5,0,"1",,"A","190","D","03","D",435,"D",,"A",,"A",,"A",,"A",,"A",,"A",,"A",,"A",,"A"
"20132",2567095,25,0,"1",,"A","190","D","03","D",80,"D",,"A",,"A",,"A",,"A",,"A",,"A",,"A",,"A",,"A"
"20132",2567095,26,0,"1",,"A","190","D","04","D",86,"D",,"A",,"A",,"A",,"A",,"A",,"A",,"A",,"A",,"A"
"20132",2567115,21,0,"1",,"A","190","D","03","D",12,"D",,"A",,"A",,"A",,"A",,"A",,"A",,"A",,"A",,"A"
"20132",2567135,4,0,"1",,"A","190","D","02","D",38,"D",,"A",,"A",,"A",,"A",,"A",,"A",,"A",,"A",,"A"
"20132",2567355,10,0,"1",,"A","190","D","04","D",110,"D",,"A",,"A",,"A",,"A",,"A",,"A",,"A",,"A",,"A"
"20132",2567425,12,0,"1",,"A","110","D","03","D",389,"D",,"A",,"A",,"A",,"A",,"A",,"A",,"A",,"A",,"A"
"20132",2568155,1,0,"1",,"A","200","D","05","D",135,"D",,"A",,"A",,"A",,"A",,"A",,"A",,"A",,"A",,"A"
"20132",2568655,5,0,"1",,"A","190","D","04","D",65,"D",,"A",,"A",,"A",,"A",,"A",,"A",,"A",,"A",,"A"
"20132",2568835,3,0,"1",,"A","200","D","05","D",50,"D",,"A",,"A",,"A",,"A",,"A",,"A",,"A",,"A",,"A"
"20132",2568875,2,0,"1",,"A","190","D","04","D",27,"D",,"A",,"A",,"A",,"A",,"A",,"A",,"A",,"A",,"A"
"20132",2568875,3,0,"1",,"A","190","D","05","D",27,"D",,"A",,"A",,"A",,"A",,"A",,"A",,"A",,"A",,"A"
"20132",2568875,4,0,"2",,"A","190","D","03","D",25,"D",,"A",,"A",,"A",,"A",,"A",,"A",,"A",,"A",,"A"
"20132",2569045,6,0,"1",,"A","190","D","03","D",856,"D",,"A",,"A",,"A",,"A",,"A",,"A",,"A",,"A",,"A"
"20132",2569165,4,0,"1",,"A","190","D","05","D",130,"D",,"A",,"A",,"A",,"A",,"A",,"A",,"A",,"A",,"A"
"20132",2569165,5,0,"1",,"A","200","D","05","D",30,"D",,"A",,"A",,"A",,"A",,"A",,"A",,"A",,"A",,"A"
"20132",2569165,6,0,"2",,"A","220","D","03","D",300,"D",,"A",,"A",,"A",,"A",,"A",,"A",,"A",,"A",,"A"
"20132",2569165,7,0,"2",,"A","190","D","03","D",133,"D",,"A",,"A",,"A",,"A",,"A",,"A",,"A",,"A",,"A"
"20132",2569165,8,0,"2",,"A","200","D","03","D",40,"D",,"A",,"A",,"A",,"A",,"A",,"A",,"A",,"A",,"A"
"20132",2569305,9,0,"1",,"A","130","D","05","D",23,"D",,"A",,"A",,"A",,"A",,"A",,"A",,"A",,"A",,"A"
"20132",2569695,16,0,"1",,"A","190","D","05","D",89,"D",,"A",,"A",,"A",,"A",,"A",,"A",,"A",,"A",,"A"
"20132",2569865,6,0,"1",,"A","190","D","05","D",71,"D",,"A",,"A",,"A",,"A",,"A",,"A",,"A",,"A",,"A"
"20132",2569935,7,0,"1",,"A","190","D","05","D",73,"D",,"A",,"A",,"A",,"A",,"A",,"A",,"A",,"A",,"A"
"20132",2570425,3,0,"2",,"A","110","D","03","D",80,"D",,"A",,"A",,"A",,"A",,"A",,"A",,"A",,"A",,"A"
"20132",2570755,11,0,"1",,"A","190","D","04","D",25,"D",,"A",,"A",,"A",,"A",,"A",,"A",,"A",,"A",,"A"
"20132",2571095,9,0,"1",,"A","130","D","04","D",158,"D",,"A",,"A",,"A",,"A",,"A",,"A",,"A",,"A",,"A"
"20132",2571275,10,0,"1",,"A","190","D","05","D",50,"D",,"A",,"A",,"A",,"A",,"A",,"A",,"A",,"A",,"A"
"20132",2571445,9,0,"1",,"A","190","D","04","D",40,"D",,"A",,"A",,"A",,"A",,"A",,"A",,"A",,"A",,"A"
"20132",2571975,2,0,"1",,"A","190","D","03","D",100,"D",,"A",,"A",,"A",,"A",,"A",,"A",,"A",,"A",,"A"
"20132",2572335,14,0,"1",,"A","100","D","04","D",240,"D",,"A",,"A",,"A",,"A",,"A",,"A",,"A",,"A",,"A"
"20132",2572545,15,0,"1",,"A","110","D","04","D",42,"D",,"A",,"A",,"A",,"A",,"A",,"A",,"A",,"A",,"A"
"20132",2572965,7,0,"1",,"A","190","D","03","D",79,"D",,"A",,"A",,"A",,"A",,"A",,"A",,"A",,"A",,"A"
"20132",2572965,8,0,"2",,"A","190","D","03","D",89,"D",,"A",,"A",,"A",,"A",,"A",,"A",,"A",,"A",,"A"
"20132",2573025,14,0,"1",,"A","190","D","05","D",150,"D",,"A",,"A",,"A",,"A",,"A",,"A",,"A",,"A",,"A"
"20132",2573535,39,0,"1",,"A","210","D","03","D",.,"H","200","D","110","D",,"A",,"A",,"A",,"A",,"A",,"A",,"A"
"20132",2573535,39,1,"1",,"A","200","D","03","D",4,"E",,"A",,"A",,"A",,"A",,"A",,"A",,"A",,"A",,"A"
"20132",2573535,39,2,"1",,"A","110","D","03","D",18,"E",,"A",,"A",,"A",,"A",,"A",,"A",,"A",,"A",,"A"
"20132",2574005,6,0,"1",,"A","110","D","05","D",102,"D",,"A",,"A",,"A",,"A",,"A",,"A",,"A",,"A",,"A"
"20132",2574225,11,0,"1",,"A","190","D","05","D",450,"D",,"A",,"A",,"A",,"A",,"A",,"A",,"A",,"A",,"A"
"20132",2574275,4,0,"1",,"A","120","D","03","D",160,"D",,"A",,"A",,"A",,"A",,"A",,"A",,"A",,"A",,"A"
"20132",2574275,5,0,"2",,"A","220","D","03","D",140,"D",,"A",,"A",,"A",,"A",,"A",,"A",,"A",,"A",,"A"
"20132",2574345,2,0,"1",,"A","190","D","05","D",57,"D",,"A",,"A",,"A",,"A",,"A",,"A",,"A",,"A",,"A"
"20132",2574675,13,0,"1",,"A","110","D","03","D",33,"D",,"A",,"A",,"A",,"A",,"A",,"A",,"A",,"A",,"A"
"20132",2574675,14,0,"1",,"A","110","D","04","D",33,"D",,"A",,"A",,"A",,"A",,"A",,"A",,"A",,"A",,"A"
"20132",2574675,15,0,"1",,"A","110","D","05","D",33,"D",,"A",,"A",,"A",,"A",,"A",,"A",,"A",,"A",,"A"
"20132",2574715,11,0,"1",,"A","200","D","04","D",150,"D",,"A",,"A",,"A",,"A",,"A",,"A",,"A",,"A",,"A"
"20132",2575225,5,0,"1",,"A","190","D","03","D",77,"D",,"A",,"A",,"A",,"A",,"A",,"A",,"A",,"A",,"A"
"20132",2575225,6,0,"1",,"A","190","D","04","D",77,"D",,"A",,"A",,"A",,"A",,"A",,"A",,"A",,"A",,"A"
"20132",2575225,7,0,"2",,"A","190","D","03","D",77,"D",,"A",,"A",,"A",,"A",,"A",,"A",,"A",,"A",,"A"
"20132",2575245,3,0,"1",,"A","190","D","03","D",60,"D",,"A",,"A",,"A",,"A",,"A",,"A",,"A",,"A",,"A"
"20132",2575495,16,0,"1",,"A","190","D","05","D",87,"D",,"A",,"A",,"A",,"A",,"A",,"A",,"A",,"A",,"A"
"20132",2575575,5,0,"1",,"A","190","D","04","D",55,"D",,"A",,"A",,"A",,"A",,"A",,"A",,"A",,"A",,"A"
"20132",2575635,5,0,"1",,"A","200","D","03","D",100,"D",,"A",,"A",,"A",,"A",,"A",,"A",,"A",,"A",,"A"
"20132",2576165,8,0,"1",,"A","220","D","04","D",150,"D",,"A",,"A",,"A",,"A",,"A",,"A",,"A",,"A",,"A"
"20132",2576175,10,0,"1",,"A","130","D","05","D",63,"D",,"A",,"A",,"A",,"A",,"A",,"A",,"A",,"A",,"A"
"20132",2576175,11,0,"1",,"A","130","D","04","D",37,"D",,"A",,"A",,"A",,"A",,"A",,"A",,"A",,"A",,"A"
"20132",2576175,12,0,"1",,"A","130","D","04","D",23,"D",,"A",,"A",,"A",,"A",,"A",,"A",,"A",,"A",,"A"
"20132",2576335,6,0,"1",,"A","190","D","04","D",93,"D",,"A",,"A",,"A",,"A",,"A",,"A",,"A",,"A",,"A"
"20132",2576335,7,0,"1",,"A","200","D","04","D",158,"D",,"A",,"A",,"A",,"A",,"A",,"A",,"A",,"A",,"A"
"20132",2576335,8,0,"1",,"A","200","D","04","D",725,"D",,"A",,"A",,"A",,"A",,"A",,"A",,"A",,"A",,"A"
"20132",2576485,14,0,"1",,"A","110","D","05","D",86,"D",,"A",,"A",,"A",,"A",,"A",,"A",,"A",,"A",,"A"
"20132",2576615,4,0,"1",,"A","220","D","05","D",100,"D",,"A",,"A",,"A",,"A",,"A",,"A",,"A",,"A",,"A"
"20132",2576985,8,0,"1",,"A","100","D","03","D",50,"D",,"A",,"A",,"A",,"A",,"A",,"A",,"A",,"A",,"A"
"20132",2577105,7,0,"1",,"A","190","D","03","D",49,"D",,"A",,"A",,"A",,"A",,"A",,"A",,"A",,"A",,"A"
"20132",2577105,8,0,"1",,"A","190","D","04","D",49,"D",,"A",,"A",,"A",,"A",,"A",,"A",,"A",,"A",,"A"
"20132",2577105,9,0,"1",,"A","190","D","05","D",49,"D",,"A",,"A",,"A",,"A",,"A",,"A",,"A",,"A",,"A"
"20132",2577235,14,0,"1",,"A","110","D","05","D",65,"D",,"A",,"A",,"A",,"A",,"A",,"A",,"A",,"A",,"A"
"20132",2577275,15,0,"1",,"A","110","D","05","D",300,"D",,"A",,"A",,"A",,"A",,"A",,"A",,"A",,"A",,"A"
"20132",2577365,7,0,"1",,"A","110","D","04","D",230,"D",,"A",,"A",,"A",,"A",,"A",,"A",,"A",,"A",,"A"
"20132",2577515,4,0,"1",,"A","190","D","03","D",75,"D",,"A",,"A",,"A",,"A",,"A",,"A",,"A",,"A",,"A"
"20132",2578275,6,0,"1",,"A","110","D","04","D",265,"D",,"A",,"A",,"A",,"A",,"A",,"A",,"A",,"A",,"A"
"20132",2578305,13,0,"2",,"A","190","D","03","D",107,"D",,"A",,"A",,"A",,"A",,"A",,"A",,"A",,"A",,"A"
"20132",2578595,15,0,"1",,"A","220","D","05","D",152,"D",,"A",,"A",,"A",,"A",,"A",,"A",,"A",,"A",,"A"
"20132",2578645,11,0,"1",,"A","190","D","05","D",115,"D",,"A",,"A",,"A",,"A",,"A",,"A",,"A",,"A",,"A"
"20132",2578805,15,0,"1",,"A","190","D","04","D",400,"D",,"A",,"A",,"A",,"A",,"A",,"A",,"A",,"A",,"A"
"20132",2578825,12,0,"1",,"A","110","D","05","D",249,"D",,"A",,"A",,"A",,"A",,"A",,"A",,"A",,"A",,"A"
"20132",2578854,24,0,"1",,"A","110","D","01","D",50,"D",,"A",,"A",,"A",,"A",,"A",,"A",,"A",,"A",,"A"
"20132",2579084,5,0,"1",,"A","110","D","01","D",50,"D",,"A",,"A",,"A",,"A",,"A",,"A",,"A",,"A",,"A"
"20132",2579084,6,0,"1",,"A","110","D","02","D",50,"D",,"A",,"A",,"A",,"A",,"A",,"A",,"A",,"A",,"A"
"20132",2579084,7,0,"1",,"A","110","D","03","D",50,"D",,"A",,"A",,"A",,"A",,"A",,"A",,"A",,"A",,"A"
"20132",2579334,14,0,"1",,"A","190","D","01","D",67,"D",,"A",,"A",,"A",,"A",,"A",,"A",,"A",,"A",,"A"
"20132",2579334,15,0,"1",,"A","190","D","02","D",67,"D",,"A",,"A",,"A",,"A",,"A",,"A",,"A",,"A",,"A"
"20132",2579334,16,0,"1",,"A","190","D","03","D",67,"D",,"A",,"A",,"A",,"A",,"A",,"A",,"A",,"A",,"A"
"20132",2579555,3,0,"1",,"A","200","D","03","D",590,"D",,"A",,"A",,"A",,"A",,"A",,"A",,"A",,"A",,"A"
"20132",2579854,2,0,"1",,"A","190","D","02","D",48,"D",,"A",,"A",,"A",,"A",,"A",,"A",,"A",,"A",,"A"
"20132",2580004,2,0,"2",,"A","110","D","01","D",100,"D",,"A",,"A",,"A",,"A",,"A",,"A",,"A",,"A",,"A"
"20132",2580214,28,0,"1",,"A","200","D","01","D",60,"D",,"A",,"A",,"A",,"A",,"A",,"A",,"A",,"A",,"A"
"20132",2580214,29,0,"1",,"A","200","D","02","D",60,"D",,"A",,"A",,"A",,"A",,"A",,"A",,"A",,"A",,"A"
"20132",2580214,30,0,"1",,"A","200","D","03","D",60,"D",,"A",,"A",,"A",,"A",,"A",,"A",,"A",,"A",,"A"
"20132",2580254,4,0,"1",,"A","190","D","02","D",97,"D",,"A",,"A",,"A",,"A",,"A",,"A",,"A",,"A",,"A"
"20132",2580544,10,0,"1",,"A","190","D","01","D",38,"D",,"A",,"A",,"A",,"A",,"A",,"A",,"A",,"A",,"A"
"20132",2580544,11,0,"1",,"A","190","D","02","D",38,"D",,"A",,"A",,"A",,"A",,"A",,"A",,"A",,"A",,"A"
"20132",2580544,12,0,"1",,"A","190","D","03","D",38,"D",,"A",,"A",,"A",,"A",,"A",,"A",,"A",,"A",,"A"
"20132",2580544,13,0,"2",,"A","190","D","01","D",41,"D",,"A",,"A",,"A",,"A",,"A",,"A",,"A",,"A",,"A"
"20132",2580594,9,0,"1",,"A","220","D","01","D",125,"D",,"A",,"A",,"A",,"A",,"A",,"A",,"A",,"A",,"A"
"20132",2580934,11,0,"1",,"A","190","D","01","D",38,"D",,"A",,"A",,"A",,"A",,"A",,"A",,"A",,"A",,"A"
"20132",2580934,12,0,"1",,"A","190","D","02","D",38,"D",,"A",,"A",,"A",,"A",,"A",,"A",,"A",,"A",,"A"
"20132",2580934,13,0,"1",,"A","190","D","03","D",38,"D",,"A",,"A",,"A",,"A",,"A",,"A",,"A",,"A",,"A"
"20132",2581144,2,0,"1",,"A","110","D","01","D",95,"D",,"A",,"A",,"A",,"A",,"A",,"A",,"A",,"A",,"A"
"20132",2581184,7,0,"2",,"A","110","D","01","D",75,"D",,"A",,"A",,"A",,"A",,"A",,"A",,"A",,"A",,"A"
"20132",2581324,4,0,"1",,"A","190","D","03","D",175,"D",,"A",,"A",,"A",,"A",,"A",,"A",,"A",,"A",,"A"
"20132",2581334,3,0,"1",,"A","130","D","02","D",75,"D",,"A",,"A",,"A",,"A",,"A",,"A",,"A",,"A",,"A"
"20132",2581554,4,0,"2",,"A","120","D","01","D",50,"D",,"A",,"A",,"A",,"A",,"A",,"A",,"A",,"A",,"A"
"20132",2581754,9,0,"1",,"A","220","D","02","D",30,"D",,"A",,"A",,"A",,"A",,"A",,"A",,"A",,"A",,"A"
"20132",2582234,5,0,"1",,"A","190","D","01","D",30,"D",,"A",,"A",,"A",,"A",,"A",,"A",,"A",,"A",,"A"
"20132",2582234,6,0,"1",,"A","190","D","02","D",30,"D",,"A",,"A",,"A",,"A",,"A",,"A",,"A",,"A",,"A"
"20132",2582234,7,0,"1",,"A","190","D","03","D",30,"D",,"A",,"A",,"A",,"A",,"A",,"A",,"A",,"A",,"A"
"20132",2582234,8,0,"2",,"A","190","D","01","D",32,"D",,"A",,"A",,"A",,"A",,"A",,"A",,"A",,"A",,"A"
"20132",2582374,5,0,"1",,"A","110","D","03","D",106,"D",,"A",,"A",,"A",,"A",,"A",,"A",,"A",,"A",,"A"
"20132",2582374,6,0,"1",,"A","190","D","03","D",65,"D",,"A",,"A",,"A",,"A",,"A",,"A",,"A",,"A",,"A"
"20132",2582444,4,0,"1",,"A","190","D","01","D",187,"D",,"A",,"A",,"A",,"A",,"A",,"A",,"A",,"A",,"A"
"20132",2582734,15,0,"1",,"A","200","D","02","D",70,"D",,"A",,"A",,"A",,"A",,"A",,"A",,"A",,"A",,"A"
"20132",2582794,4,0,"1",,"A","110","D","03","D",10,"D",,"A",,"A",,"A",,"A",,"A",,"A",,"A",,"A",,"A"
"20132",2583594,4,0,"1",,"A","190","D","03","D",68,"D",,"A",,"A",,"A",,"A",,"A",,"A",,"A",,"A",,"A"
"20132",2583704,8,0,"1",,"A","190","D","02","D",120,"D",,"A",,"A",,"A",,"A",,"A",,"A",,"A",,"A",,"A"
"20132",2584124,9,0,"1",,"A","110","D","03","D",22,"D",,"A",,"A",,"A",,"A",,"A",,"A",,"A",,"A",,"A"
"20132",2584244,6,0,"1",,"A","200","D","02","D",75,"D",,"A",,"A",,"A",,"A",,"A",,"A",,"A",,"A",,"A"
"20132",2584354,8,0,"1",,"A","110","D","03","D",610,"D",,"A",,"A",,"A",,"A",,"A",,"A",,"A",,"A",,"A"
"20132",2584354,9,0,"1",,"A","110","D","01","D",452,"D",,"A",,"A",,"A",,"A",,"A",,"A",,"A",,"A",,"A"
"20132",2584554,2,0,"1",,"A","200","D","02","D",400,"D",,"A",,"A",,"A",,"A",,"A",,"A",,"A",,"A",,"A"
"20132",2585304,6,0,"1",,"A","120","D","03","D",150,"D",,"A",,"A",,"A",,"A",,"A",,"A",,"A",,"A",,"A"
"20132",2586364,4,0,"1",,"A","190","D","03","D",70,"D",,"A",,"A",,"A",,"A",,"A",,"A",,"A",,"A",,"A"
"20132",2586724,3,0,"1",,"A","190","D","03","D",28,"D",,"A",,"A",,"A",,"A",,"A",,"A",,"A",,"A",,"A"
"20132",2587074,6,0,"1",,"A","190","D","01","D",33,"D",,"A",,"A",,"A",,"A",,"A",,"A",,"A",,"A",,"A"
"20132",2587074,7,0,"1",,"A","190","D","02","D",33,"D",,"A",,"A",,"A",,"A",,"A",,"A",,"A",,"A",,"A"
"20132",2587074,8,0,"1",,"A","190","D","03","D",33,"D",,"A",,"A",,"A",,"A",,"A",,"A",,"A",,"A",,"A"
"20132",2587174,13,0,"2",,"A","100","D","01","D",32,"D",,"A",,"A",,"A",,"A",,"A",,"A",,"A",,"A",,"A"
"20132",2587294,6,0,"1",,"A","200","D","01","D",120,"D",,"A",,"A",,"A",,"A",,"A",,"A",,"A",,"A",,"A"
"20132",2587744,16,0,"1",,"A","130","D","02","D",400,"D",,"A",,"A",,"A",,"A",,"A",,"A",,"A",,"A",,"A"
"20132",2587814,7,0,"1",,"A","220","D","01","D",10,"D",,"A",,"A",,"A",,"A",,"A",,"A",,"A",,"A",,"A"
"20132",2587814,8,0,"1",,"A","220","D","02","D",10,"D",,"A",,"A",,"A",,"A",,"A",,"A",,"A",,"A",,"A"
"20132",2587814,9,0,"1",,"A","220","D","03","D",10,"D",,"A",,"A",,"A",,"A",,"A",,"A",,"A",,"A",,"A"
"20132",2587814,10,0,"2",,"A","220","D","01","D",11,"D",,"A",,"A",,"A",,"A",,"A",,"A",,"A",,"A",,"A"
"20132",2587914,5,0,"1",,"A","210","D","01","D",.,"H","200","D","110","D",,"A",,"A",,"A",,"A",,"A",,"A",,"A"
"20132",2587914,5,1,"1",,"A","200","D","01","D",8,"E",,"A",,"A",,"A",,"A",,"A",,"A",,"A",,"A",,"A"
"20132",2587914,5,2,"1",,"A","110","D","01","D",36,"E",,"A",,"A",,"A",,"A",,"A",,"A",,"A",,"A",,"A"
"20132",2587914,6,0,"1",,"A","210","D","02","D",.,"H","200","D","110","D",,"A",,"A",,"A",,"A",,"A",,"A",,"A"
"20132",2587914,6,1,"1",,"A","200","D","02","D",8,"E",,"A",,"A",,"A",,"A",,"A",,"A",,"A",,"A",,"A"
"20132",2587914,6,2,"1",,"A","110","D","02","D",36,"E",,"A",,"A",,"A",,"A",,"A",,"A",,"A",,"A",,"A"
"20132",2587914,7,0,"1",,"A","210","D","03","D",.,"H","200","D","110","D",,"A",,"A",,"A",,"A",,"A",,"A",,"A"
"20132",2587914,7,1,"1",,"A","200","D","03","D",8,"E",,"A",,"A",,"A",,"A",,"A",,"A",,"A",,"A",,"A"
"20132",2587914,7,2,"1",,"A","110","D","03","D",36,"E",,"A",,"A",,"A",,"A",,"A",,"A",,"A",,"A",,"A"
"20132",2587914,8,0,"2",,"A","110","D","01","D",28,"D",,"A",,"A",,"A",,"A",,"A",,"A",,"A",,"A",,"A"
"20132",2588324,3,0,"1",,"A","220","D","01","D",8,"D",,"A",,"A",,"A",,"A",,"A",,"A",,"A",,"A",,"A"
"20132",2588324,4,0,"1",,"A","220","D","02","D",8,"D",,"A",,"A",,"A",,"A",,"A",,"A",,"A",,"A",,"A"
"20132",2588334,8,0,"1",,"A","190","D","02","D",113,"D",,"A",,"A",,"A",,"A",,"A",,"A",,"A",,"A",,"A"
"20132",2588504,7,0,"1",,"A","200","D","03","D",244,"D",,"A",,"A",,"A",,"A",,"A",,"A",,"A",,"A",,"A"
"20132",2588694,6,0,"1",,"A","190","D","03","D",78,"D",,"A",,"A",,"A",,"A",,"A",,"A",,"A",,"A",,"A"
"20132",2588844,6,0,"1",,"A","190","D","02","D",100,"D",,"A",,"A",,"A",,"A",,"A",,"A",,"A",,"A",,"A"
"20132",2589154,4,0,"1",,"A","190","D","01","D",42,"D",,"A",,"A",,"A",,"A",,"A",,"A",,"A",,"A",,"A"
"20132",2589154,5,0,"1",,"A","190","D","02","D",42,"D",,"A",,"A",,"A",,"A",,"A",,"A",,"A",,"A",,"A"
"20132",2589154,6,0,"1",,"A","190","D","03","D",42,"D",,"A",,"A",,"A",,"A",,"A",,"A",,"A",,"A",,"A"
"20132",2589154,7,0,"2",,"A","190","D","01","D",45,"D",,"A",,"A",,"A",,"A",,"A",,"A",,"A",,"A",,"A"
"20132",2589214,3,0,"2",,"A","110","D","01","D",50,"D",,"A",,"A",,"A",,"A",,"A",,"A",,"A",,"A",,"A"
"20132",2590034,1,0,"2",,"A","190","D","01","D",45,"D",,"A",,"A",,"A",,"A",,"A",,"A",,"A",,"A",,"A"
"20132",2590564,19,0,"1",,"A","140","D","04","D",30,"D",,"A",,"A",,"A",,"A",,"A",,"A",,"A",,"A",,"A"
"20132",2590574,8,0,"1",,"A","110","D","03","D",64,"D",,"A",,"A",,"A",,"A",,"A",,"A",,"A",,"A",,"A"
"20132",2591694,7,0,"1",,"A","110","D","03","D",149,"D",,"A",,"A",,"A",,"A",,"A",,"A",,"A",,"A",,"A"
"20132",2591974,5,0,"1",,"A","130","D","04","D",10,"D",,"A",,"A",,"A",,"A",,"A",,"A",,"A",,"A",,"A"
"20132",2591974,6,0,"1",,"A","110","D","02","D",250,"D",,"A",,"A",,"A",,"A",,"A",,"A",,"A",,"A",,"A"
"20132",2592054,6,0,"1",,"A","190","D","03","D",99,"D",,"A",,"A",,"A",,"A",,"A",,"A",,"A",,"A",,"A"
"20132",2592884,1,0,"1",,"A","110","D","03","D",206,"D",,"A",,"A",,"A",,"A",,"A",,"A",,"A",,"A",,"A"
"20132",2593094,4,0,"1",,"A","190","D","03","D",66,"D",,"A",,"A",,"A",,"A",,"A",,"A",,"A",,"A",,"A"
"20132",2593094,5,0,"1",,"A","190","D","04","D",66,"D",,"A",,"A",,"A",,"A",,"A",,"A",,"A",,"A",,"A"
"20132",2593804,5,0,"1",,"A","190","D","02","D",37,"D",,"A",,"A",,"A",,"A",,"A",,"A",,"A",,"A",,"A"
"20132",2593804,6,0,"1",,"A","190","D","03","D",37,"D",,"A",,"A",,"A",,"A",,"A",,"A",,"A",,"A",,"A"
"20132",2593804,7,0,"1",,"A","190","D","04","D",37,"D",,"A",,"A",,"A",,"A",,"A",,"A",,"A",,"A",,"A"
"20132",2593804,8,0,"2",,"A","190","D","02","D",35,"D",,"A",,"A",,"A",,"A",,"A",,"A",,"A",,"A",,"A"
"20132",2593924,8,0,"2",,"A","220","D","02","D",180,"D",,"A",,"A",,"A",,"A",,"A",,"A",,"A",,"A",,"A"
"20132",2594464,2,0,"1",,"A","190","D","02","D",330,"D",,"A",,"A",,"A",,"A",,"A",,"A",,"A",,"A",,"A"
"20132",2594614,12,0,"1",,"A","200","D","02","D",30,"D","100","D",,"A",,"A",,"A",,"A",,"A",,"A",,"A",,"A"
"20132",2594614,13,0,"1",,"A","130","D","04","D",150,"D",,"A",,"A",,"A",,"A",,"A",,"A",,"A",,"A",,"A"
"20132",2594844,8,0,"1",,"A","190","D","03","D",163,"D",,"A",,"A",,"A",,"A",,"A",,"A",,"A",,"A",,"A"
"20132",2595424,10,0,"1",,"A","170","D","04","D",36,"D",,"A",,"A",,"A",,"A",,"A",,"A",,"A",,"A",,"A"
"20132",2595434,5,0,"1",,"A","200","D","04","D",60,"D",,"A",,"A",,"A",,"A",,"A",,"A",,"A",,"A",,"A"
"20132",2595584,3,0,"1",,"A","190","D","02","D",240,"D",,"A",,"A",,"A",,"A",,"A",,"A",,"A",,"A",,"A"
"20132",2595594,3,0,"1",,"A","210","D","03","D",.,"H","210","D","150","D",,"A",,"A",,"A",,"A",,"A",,"A",,"A"
"20132",2595594,3,1,"1",,"A","110","D","03","D",19,"E",,"A",,"A",,"A",,"A",,"A",,"A",,"A",,"A",,"A"
"20132",2595594,3,2,"1",,"A","150","D","03","D",11,"E",,"A",,"A",,"A",,"A",,"A",,"A",,"A",,"A",,"A"
"20132",2595594,3,3,"1",,"A","190","D","03","D",15,"E",,"A",,"A",,"A",,"A",,"A",,"A",,"A",,"A",,"A"
"20132",2595834,7,0,"1",,"A","190","D","02","D",35,"D",,"A",,"A",,"A",,"A",,"A",,"A",,"A",,"A",,"A"
"20132",2595834,8,0,"1",,"A","190","D","03","D",35,"D",,"A",,"A",,"A",,"A",,"A",,"A",,"A",,"A",,"A"
"20132",2595834,9,0,"1",,"A","190","D","04","D",35,"D",,"A",,"A",,"A",,"A",,"A",,"A",,"A",,"A",,"A"
"20132",2595954,12,0,"1",,"A","190","D","04","D",92,"D",,"A",,"A",,"A",,"A",,"A",,"A",,"A",,"A",,"A"
"20132",2595994,11,0,"1",,"A","190","D","02","D",251,"D",,"A",,"A",,"A",,"A",,"A",,"A",,"A",,"A",,"A"
"20132",2596144,5,0,"1",,"A","220","D","04","D",239,"D",,"A",,"A",,"A",,"A",,"A",,"A",,"A",,"A",,"A"
"20132",2596334,4,0,"1",,"A","190","D","04","D",75,"D",,"A",,"A",,"A",,"A",,"A",,"A",,"A",,"A",,"A"
"20132",2596824,10,0,"1",,"A","110","D","04","D",133,"D",,"A",,"A",,"A",,"A",,"A",,"A",,"A",,"A",,"A"
"20132",2596824,11,0,"1",,"A","120","D","02","D",60,"D",,"A",,"A",,"A",,"A",,"A",,"A",,"A",,"A",,"A"
"20132",2596824,12,0,"1",,"A","220","D","03","D",35,"D",,"A",,"A",,"A",,"A",,"A",,"A",,"A",,"A",,"A"
"20132",2596904,5,0,"1",,"A","200","D","02","D",12,"D",,"A",,"A",,"A",,"A",,"A",,"A",,"A",,"A",,"A"
"20132",2596904,6,0,"1",,"A","200","D","03","D",450,"D",,"A",,"A",,"A",,"A",,"A",,"A",,"A",,"A",,"A"
"20132",2596904,7,0,"1",,"A","200","D","03","D",12,"D",,"A",,"A",,"A",,"A",,"A",,"A",,"A",,"A",,"A"
"20132",2596904,8,0,"1",,"A","200","D","04","D",12,"D",,"A",,"A",,"A",,"A",,"A",,"A",,"A",,"A",,"A"
"20132",2596904,9,0,"2",,"A","200","D","02","D",13,"D",,"A",,"A",,"A",,"A",,"A",,"A",,"A",,"A",,"A"
"20132",2597084,9,0,"1",,"A","190","D","03","D",45,"D",,"A",,"A",,"A",,"A",,"A",,"A",,"A",,"A",,"A"
"20132",2597154,8,0,"1",,"A","130","D","04","D",140,"D",,"A",,"A",,"A",,"A",,"A",,"A",,"A",,"A",,"A"
"20132",2597574,11,0,"1",,"A","200","D","04","D",200,"D",,"A",,"A",,"A",,"A",,"A",,"A",,"A",,"A",,"A"
"20132",2597604,2,0,"1",,"A","190","D","02","D",105,"D",,"A",,"A",,"A",,"A",,"A",,"A",,"A",,"A",,"A"
"20132",2598404,5,0,"1",,"A","220","D","03","D",115,"D",,"A",,"A",,"A",,"A",,"A",,"A",,"A",,"A",,"A"
"20132",2598504,11,0,"1",,"A","190","D","04","D",95,"D",,"A",,"A",,"A",,"A",,"A",,"A",,"A",,"A",,"A"
"20132",2598524,7,0,"1",,"A","190","D","04","D",96,"D",,"A",,"A",,"A",,"A",,"A",,"A",,"A",,"A",,"A"
"20132",2598594,9,0,"1",,"A","190","D","03","D",100,"D",,"A",,"A",,"A",,"A",,"A",,"A",,"A",,"A",,"A"
"20132",2598924,4,0,"1",,"A","110","D","03","D",65,"D",,"A",,"A",,"A",,"A",,"A",,"A",,"A",,"A",,"A"
"20132",2599214,2,0,"2",,"A","190","D","02","D",250,"D",,"A",,"A",,"A",,"A",,"A",,"A",,"A",,"A",,"A"
"20132",2599564,9,0,"1",,"A","190","D","02","D",199,"D",,"A",,"A",,"A",,"A",,"A",,"A",,"A",,"A",,"A"
"20132",2599664,13,0,"1",,"A","170","D","04","D",150,"D",,"A",,"A",,"A",,"A",,"A",,"A",,"A",,"A",,"A"
"20132",2599814,2,0,"2",,"A","120","D","02","D",200,"D",,"A",,"A",,"A",,"A",,"A",,"A",,"A",,"A",,"A"
"20132",2600474,2,0,"2",,"A","190","D","02","D",125,"D",,"A",,"A",,"A",,"A",,"A",,"A",,"A",,"A",,"A"
"20132",2600694,8,0,"1",,"A","190","D","03","D",10,"D",,"A",,"A",,"A",,"A",,"A",,"A",,"A",,"A",,"A"
"20132",2600694,9,0,"1",,"A","200","D","04","D",30,"D",,"A",,"A",,"A",,"A",,"A",,"A",,"A",,"A",,"A"
"20132",2601084,15,0,"1",,"A","110","D","04","D",190,"D",,"A",,"A",,"A",,"A",,"A",,"A",,"A",,"A",,"A"
"20132",2601354,10,0,"1",,"A","190","D","05","D",100,"D",,"A",,"A",,"A",,"A",,"A",,"A",,"A",,"A",,"A"
"20132",2601394,3,0,"1",,"A","190","D","04","D",30,"D",,"A",,"A",,"A",,"A",,"A",,"A",,"A",,"A",,"A"
"20132",2601854,4,0,"1",,"A","190","D","04","D",20,"D",,"A",,"A",,"A",,"A",,"A",,"A",,"A",,"A",,"A"
"20132",2601854,5,0,"1",,"A","190","D","05","D",20,"D",,"A",,"A",,"A",,"A",,"A",,"A",,"A",,"A",,"A"
"20132",2601854,6,0,"2",,"A","190","D","03","D",20,"D",,"A",,"A",,"A",,"A",,"A",,"A",,"A",,"A",,"A"
"20132",2601864,7,0,"1",,"A","190","D","05","D",62,"D",,"A",,"A",,"A",,"A",,"A",,"A",,"A",,"A",,"A"
"20132",2602304,27,0,"1",,"A","190","D","05","D",79,"D",,"A",,"A",,"A",,"A",,"A",,"A",,"A",,"A",,"A"
"20132",2602604,12,0,"1",,"A","160","D","05","D",400,"D",,"A",,"A",,"A",,"A",,"A",,"A",,"A",,"A",,"A"
"20132",2602664,4,0,"1",,"A","130","D","05","D",30,"D",,"A",,"A",,"A",,"A",,"A",,"A",,"A",,"A",,"A"
"20132",2602704,4,0,"1",,"A","190","D","03","D",33,"D",,"A",,"A",,"A",,"A",,"A",,"A",,"A",,"A",,"A"
"20132",2602704,5,0,"1",,"A","190","D","04","D",33,"D",,"A",,"A",,"A",,"A",,"A",,"A",,"A",,"A",,"A"
"20132",2602704,6,0,"1",,"A","190","D","05","D",33,"D",,"A",,"A",,"A",,"A",,"A",,"A",,"A",,"A",,"A"
"20132",2602704,7,0,"2",,"A","190","D","03","D",47,"D",,"A",,"A",,"A",,"A",,"A",,"A",,"A",,"A",,"A"
"20132",2602814,7,0,"2",,"A","110","D","03","D",4,"D",,"A",,"A",,"A",,"A",,"A",,"A",,"A",,"A",,"A"
"20132",2602874,4,0,"2",,"A","190","D","03","D",40,"D",,"A",,"A",,"A",,"A",,"A",,"A",,"A",,"A",,"A"
"20132",2603274,3,0,"1",,"A","110","D","03","D",44,"D",,"A",,"A",,"A",,"A",,"A",,"A",,"A",,"A",,"A"
"20132",2603274,4,0,"1",,"A","110","D","04","D",44,"D",,"A",,"A",,"A",,"A",,"A",,"A",,"A",,"A",,"A"
"20132",2603274,5,0,"1",,"A","110","D","05","D",44,"D",,"A",,"A",,"A",,"A",,"A",,"A",,"A",,"A",,"A"
"20132",2603274,6,0,"2",,"A","220","D","03","D",120,"D",,"A",,"A",,"A",,"A",,"A",,"A",,"A",,"A",,"A"
"20132",2603464,18,0,"1",,"A","110","D","03","D",500,"D",,"A",,"A",,"A",,"A",,"A",,"A",,"A",,"A",,"A"
"20132",2603584,4,0,"1",,"A","190","D","03","D",27,"D",,"A",,"A",,"A",,"A",,"A",,"A",,"A",,"A",,"A"
"20132",2603604,11,0,"2",,"A","130","D","03","D",40,"D",,"A",,"A",,"A",,"A",,"A",,"A",,"A",,"A",,"A"
"20132",2603714,14,0,"1",,"A","190","D","03","D",27,"D",,"A",,"A",,"A",,"A",,"A",,"A",,"A",,"A",,"A"
"20132",2603714,15,0,"1",,"A","190","D","04","D",27,"D",,"A",,"A",,"A",,"A",,"A",,"A",,"A",,"A",,"A"
"20132",2603714,16,0,"1",,"A","190","D","05","D",70,"D",,"A",,"A",,"A",,"A",,"A",,"A",,"A",,"A",,"A"
"20132",2604374,3,0,"1",,"A","200","D","04","D",219,"D",,"A",,"A",,"A",,"A",,"A",,"A",,"A",,"A",,"A"
"20132",2604474,10,0,"1",,"A","210","D","05","D",.,"H","210","D","190","D",,"A",,"A",,"A",,"A",,"A",,"A",,"A"
"20132",2604474,10,1,"1",,"A","110","D","05","D",74,"E",,"A",,"A",,"A",,"A",,"A",,"A",,"A",,"A",,"A"
"20132",2604474,10,2,"1",,"A","130","D","05","D",72,"E",,"A",,"A",,"A",,"A",,"A",,"A",,"A",,"A",,"A"
"20132",2604474,10,3,"1",,"A","160","D","05","D",139,"E",,"A",,"A",,"A",,"A",,"A",,"A",,"A",,"A",,"A"
"20132",2604474,10,4,"1",,"A","190","D","05","D",64,"E",,"A",,"A",,"A",,"A",,"A",,"A",,"A",,"A",,"A"
"20132",2604474,10,5,"1",,"A","200","D","05","D",16,"E",,"A",,"A",,"A",,"A",,"A",,"A",,"A",,"A",,"A"
"20132",2604474,10,6,"1",,"A","220","D","05","D",92,"E",,"A",,"A",,"A",,"A",,"A",,"A",,"A",,"A",,"A"
"20132",2604514,2,0,"1",,"A","190","D","04","D",108,"D",,"A",,"A",,"A",,"A",,"A",,"A",,"A",,"A",,"A"
"20132",2604514,3,0,"2",,"A","190","D","03","D",69,"D",,"A",,"A",,"A",,"A",,"A",,"A",,"A",,"A",,"A"
"20132",2604704,9,0,"1",,"A","110","D","04","D",325,"D",,"A",,"A",,"A",,"A",,"A",,"A",,"A",,"A",,"A"
"20132",2604704,10,0,"1",,"A","190","D","03","D",60,"D",,"A",,"A",,"A",,"A",,"A",,"A",,"A",,"A",,"A"
"20132",2604824,10,0,"1",,"A","200","D","04","D",238,"D",,"A",,"A",,"A",,"A",,"A",,"A",,"A",,"A",,"A"
"20132",2604834,6,0,"1",,"A","130","D","04","D",108,"D",,"A",,"A",,"A",,"A",,"A",,"A",,"A",,"A",,"A"
"20132",2604984,18,0,"1",,"A","130","D","04","D",22,"D",,"A",,"A",,"A",,"A",,"A",,"A",,"A",,"A",,"A"
"20132",2605074,18,0,"2",,"A","110","D","03","D",163,"D",,"A",,"A",,"A",,"A",,"A",,"A",,"A",,"A",,"A"
"20132",2605354,31,0,"1",,"A","200","D","03","D",28,"D",,"A",,"A",,"A",,"A",,"A",,"A",,"A",,"A",,"A"
"20132",2605354,32,0,"1",,"A","200","D","04","D",28,"D",,"A",,"A",,"A",,"A",,"A",,"A",,"A",,"A",,"A"
"20132",2605354,33,0,"1",,"A","200","D","05","D",28,"D",,"A",,"A",,"A",,"A",,"A",,"A",,"A",,"A",,"A"
"20132",2605534,1,0,"2",,"A","190","D","03","D",45,"D",,"A",,"A",,"A",,"A",,"A",,"A",,"A",,"A",,"A"
"20132",2605934,8,0,"1",,"A","110","D","04","D",140,"D",,"A",,"A",,"A",,"A",,"A",,"A",,"A",,"A",,"A"
"20132",2606334,7,0,"1",,"A","130","D","05","D",120,"D",,"A",,"A",,"A",,"A",,"A",,"A",,"A",,"A",,"A"
"20132",2606344,4,0,"1",,"A","130","D","05","D",20,"D",,"A",,"A",,"A",,"A",,"A",,"A",,"A",,"A",,"A"
"20132",2606514,7,0,"1",,"A","190","D","04","D",42,"D",,"A",,"A",,"A",,"A",,"A",,"A",,"A",,"A",,"A"
"20132",2606514,8,0,"1",,"A","190","D","05","D",42,"D",,"A",,"A",,"A",,"A",,"A",,"A",,"A",,"A",,"A"
"20132",2606514,9,0,"1",,"A","190","D","03","D",42,"D",,"A",,"A",,"A",,"A",,"A",,"A",,"A",,"A",,"A"
"20132",2606514,10,0,"2",,"A","190","D","03","D",42,"D",,"A",,"A",,"A",,"A",,"A",,"A",,"A",,"A",,"A"
"20132",2606534,15,0,"1",,"A","190","D","05","D",81,"D",,"A",,"A",,"A",,"A",,"A",,"A",,"A",,"A",,"A"
"20132",2607094,9,0,"1",,"A","130","D","04","D",140,"D",,"A",,"A",,"A",,"A",,"A",,"A",,"A",,"A",,"A"
"20132",2607154,6,0,"1",,"A","190","D","03","D",81,"D",,"A",,"A",,"A",,"A",,"A",,"A",,"A",,"A",,"A"
"20132",2607304,10,0,"1",,"A","110","D","05","D",800,"D",,"A",,"A",,"A",,"A",,"A",,"A",,"A",,"A",,"A"
"20132",2607534,11,0,"2",,"A","110","D","03","D",45,"D",,"A",,"A",,"A",,"A",,"A",,"A",,"A",,"A",,"A"
"20132",2607534,12,0,"2",,"A","190","D","03","D",221,"D",,"A",,"A",,"A",,"A",,"A",,"A",,"A",,"A",,"A"
"20132",2607544,3,0,"1",,"A","200","D","04","D",40,"D",,"A",,"A",,"A",,"A",,"A",,"A",,"A",,"A",,"A"
"20132",2607774,5,0,"1",,"A","110","D","03","D",54,"D",,"A",,"A",,"A",,"A",,"A",,"A",,"A",,"A",,"A"
"20132",2607844,8,0,"1",,"A","200","D","04","D",219,"D",,"A",,"A",,"A",,"A",,"A",,"A",,"A",,"A",,"A"
"20132",2607924,12,0,"1",,"A","130","D","05","D",60,"D",,"A",,"A",,"A",,"A",,"A",,"A",,"A",,"A",,"A"
"20132",2608204,4,0,"1",,"A","110","D","04","D",160,"D",,"A",,"A",,"A",,"A",,"A",,"A",,"A",,"A",,"A"
"20132",2608224,4,0,"1",,"A","190","D","05","D",49,"D",,"A",,"A",,"A",,"A",,"A",,"A",,"A",,"A",,"A"
"20132",2609034,4,0,"1",,"A","130","D","04","D",200,"D",,"A",,"A",,"A",,"A",,"A",,"A",,"A",,"A",,"A"
"20132",2609644,1,0,"1",,"A","190","D","05","D",20,"D",,"A",,"A",,"A",,"A",,"A",,"A",,"A",,"A",,"A"
"20132",2610304,2,0,"1",,"A","110","D","03","D",150,"D",,"A",,"A",,"A",,"A",,"A",,"A",,"A",,"A",,"A"
"20132",2610664,7,0,"1",,"A","190","D","05","D",107,"D",,"A",,"A",,"A",,"A",,"A",,"A",,"A",,"A",,"A"
"20132",2610724,3,0,"1",,"A","200","D","05","D",100,"D",,"A",,"A",,"A",,"A",,"A",,"A",,"A",,"A",,"A"
"20132",2610774,12,0,"1",,"A","130","D","04","D",300,"D",,"A",,"A",,"A",,"A",,"A",,"A",,"A",,"A",,"A"
"20132",2610864,8,0,"1",,"A","200","D","04","D",80,"D",,"A",,"A",,"A",,"A",,"A",,"A",,"A",,"A",,"A"
"20132",2610954,13,0,"1",,"A","170","D","04","D",204,"D",,"A",,"A",,"A",,"A",,"A",,"A",,"A",,"A",,"A"
"20132",2610954,14,0,"1",,"A","170","D","05","D",38,"D",,"A",,"A",,"A",,"A",,"A",,"A",,"A",,"A",,"A"
"20132",2610954,15,0,"1",,"A","190","D","05","D",50,"D",,"A",,"A",,"A",,"A",,"A",,"A",,"A",,"A",,"A"
"20132",2611544,6,0,"1",,"A","190","D","03","D",45,"D",,"A",,"A",,"A",,"A",,"A",,"A",,"A",,"A",,"A"
"20132",2611544,7,0,"1",,"A","190","D","04","D",45,"D",,"A",,"A",,"A",,"A",,"A",,"A",,"A",,"A",,"A"
"20132",2611544,8,0,"1",,"A","190","D","05","D",45,"D",,"A",,"A",,"A",,"A",,"A",,"A",,"A",,"A",,"A"
"20132",2611704,4,0,"1",,"A","190","D","03","D",25,"D",,"A",,"A",,"A",,"A",,"A",,"A",,"A",,"A",,"A"
"20132",2611704,5,0,"1",,"A","190","D","04","D",25,"D",,"A",,"A",,"A",,"A",,"A",,"A",,"A",,"A",,"A"
"20132",2611704,6,0,"1",,"A","190","D","05","D",25,"D",,"A",,"A",,"A",,"A",,"A",,"A",,"A",,"A",,"A"
"20132",2611794,4,0,"1",,"A","190","D","05","D",84,"D",,"A",,"A",,"A",,"A",,"A",,"A",,"A",,"A",,"A"
"20132",2612164,16,0,"1",,"A","220","D","04","D",64,"D",,"A",,"A",,"A",,"A",,"A",,"A",,"A",,"A",,"A"
"20132",2612424,6,0,"1",,"A","190","D","05","D",150,"D",,"A",,"A",,"A",,"A",,"A",,"A",,"A",,"A",,"A"
"20132",2612474,4,0,"1",,"A","110","D","05","D",107,"D",,"A",,"A",,"A",,"A",,"A",,"A",,"A",,"A",,"A"
"20132",2613293,7,0,"1",,"A","190","D","03","D",300,"D",,"A",,"A",,"A",,"A",,"A",,"A",,"A",,"A",,"A"
"20132",2613293,8,0,"1",,"A","130","D","01","D",50,"D",,"A",,"A",,"A",,"A",,"A",,"A",,"A",,"A",,"A"
"20132",2613433,5,0,"1",,"A","110","D","03","D",80,"D",,"A",,"A",,"A",,"A",,"A",,"A",,"A",,"A",,"A"
"20132",2613463,10,0,"1",,"A","190","D","01","D",68,"D",,"A",,"A",,"A",,"A",,"A",,"A",,"A",,"A",,"A"
"20132",2613623,7,0,"1",,"A","130","D","02","D",60,"D",,"A",,"A",,"A",,"A",,"A",,"A",,"A",,"A",,"A"
"20132",2613623,8,0,"1",,"A","110","D","03","D",36,"D",,"A",,"A",,"A",,"A",,"A",,"A",,"A",,"A",,"A"
"20132",2613703,3,0,"1",,"A","110","D","02","D",1100,"D",,"A",,"A",,"A",,"A",,"A",,"A",,"A",,"A",,"A"
"20132",2613983,12,0,"1",,"A","200","D","02","D",99,"D",,"A",,"A",,"A",,"A",,"A",,"A",,"A",,"A",,"A"
"20132",2614423,3,0,"1",,"A","190","D","03","D",75,"D",,"A",,"A",,"A",,"A",,"A",,"A",,"A",,"A",,"A"
"20132",2614563,6,0,"1",,"A","200","D","03","D",179,"D",,"A",,"A",,"A",,"A",,"A",,"A",,"A",,"A",,"A"
"20132",2614683,18,0,"1",,"A","190","D","02","D",102,"D",,"A",,"A",,"A",,"A",,"A",,"A",,"A",,"A",,"A"
"20132",2614713,9,0,"1",,"A","110","D","03","D",54,"D",,"A",,"A",,"A",,"A",,"A",,"A",,"A",,"A",,"A"
"20132",2614723,3,0,"1",,"A","220","D","01","D",107,"D",,"A",,"A",,"A",,"A",,"A",,"A",,"A",,"A",,"A"
"20132",2614783,4,0,"1",,"A","110","D","01","D",222,"D",,"A",,"A",,"A",,"A",,"A",,"A",,"A",,"A",,"A"
"20132",2614893,9,0,"1",,"A","190","D","02","D",73,"D",,"A",,"A",,"A",,"A",,"A",,"A",,"A",,"A",,"A"
"20132",2614903,10,0,"1",,"A","130","D","03","D",21,"D",,"A",,"A",,"A",,"A",,"A",,"A",,"A",,"A",,"A"
"20132",2614903,11,0,"1",,"A","200","D","01","D",18,"D",,"A",,"A",,"A",,"A",,"A",,"A",,"A",,"A",,"A"
"20132",2614903,12,0,"1",,"A","200","D","02","D",18,"D",,"A",,"A",,"A",,"A",,"A",,"A",,"A",,"A",,"A"
"20132",2614903,13,0,"1",,"A","200","D","03","D",18,"D",,"A",,"A",,"A",,"A",,"A",,"A",,"A",,"A",,"A"
"20132",2614923,4,0,"2",,"A","190","D","01","D",139,"D",,"A",,"A",,"A",,"A",,"A",,"A",,"A",,"A",,"A"
"20132",2614973,23,0,"1",,"A","110","D","02","D",124,"D",,"A",,"A",,"A",,"A",,"A",,"A",,"A",,"A",,"A"
"20132",2614973,24,0,"1",,"A","160","D","02","D",150,"D",,"A",,"A",,"A",,"A",,"A",,"A",,"A",,"A",,"A"
"20132",2614973,25,0,"1",,"A","190","D","01","D",132,"D",,"A",,"A",,"A",,"A",,"A",,"A",,"A",,"A",,"A"
"20132",2614973,26,0,"1",,"A","200","D","01","D",294,"D",,"A",,"A",,"A",,"A",,"A",,"A",,"A",,"A",,"A"
"20132",2615963,6,0,"1",,"A","190","D","03","D",70,"D",,"A",,"A",,"A",,"A",,"A",,"A",,"A",,"A",,"A"
"20132",2616063,12,0,"2",,"A","170","D","01","D",500,"D",,"A",,"A",,"A",,"A",,"A",,"A",,"A",,"A",,"A"
"20132",2616123,8,0,"1",,"A","220","D","03","D",356,"D",,"A",,"A",,"A",,"A",,"A",,"A",,"A",,"A",,"A"
"20132",2616483,6,0,"1",,"A","110","D","03","D",170,"D",,"A",,"A",,"A",,"A",,"A",,"A",,"A",,"A",,"A"
"20132",2616483,7,0,"1",,"A","110","D","03","D",81,"D",,"A",,"A",,"A",,"A",,"A",,"A",,"A",,"A",,"A"
"20132",2616483,8,0,"1",,"A","110","D","03","D",54,"D",,"A",,"A",,"A",,"A",,"A",,"A",,"A",,"A",,"A"
"20132",2616483,9,0,"1",,"A","110","D","03","D",220,"D",,"A",,"A",,"A",,"A",,"A",,"A",,"A",,"A",,"A"
"20132",2616833,4,0,"1",,"A","190","D","01","D",83,"D",,"A",,"A",,"A",,"A",,"A",,"A",,"A",,"A",,"A"
"20132",2616923,8,0,"1",,"A","190","D","02","D",65,"D",,"A",,"A",,"A",,"A",,"A",,"A",,"A",,"A",,"A"
"20132",2617113,8,0,"1",,"A","190","D","03","D",85,"D",,"A",,"A",,"A",,"A",,"A",,"A",,"A",,"A",,"A"
"20132",2617243,16,0,"1",,"A","110","D","03","D",505,"D",,"A",,"A",,"A",,"A",,"A",,"A",,"A",,"A",,"A"
"20132",2617243,17,0,"1",,"A","200","D","01","D",16,"D",,"A",,"A",,"A",,"A",,"A",,"A",,"A",,"A",,"A"
"20132",2617243,18,0,"1",,"A","200","D","02","D",16,"D",,"A",,"A",,"A",,"A",,"A",,"A",,"A",,"A",,"A"
"20132",2617243,19,0,"1",,"A","200","D","03","D",16,"D",,"A",,"A",,"A",,"A",,"A",,"A",,"A",,"A",,"A"
"20132",2617243,20,0,"2",,"A","200","D","01","D",16,"D",,"A",,"A",,"A",,"A",,"A",,"A",,"A",,"A",,"A"
"20132",2617383,13,0,"1",,"A","190","D","01","D",120,"D",,"A",,"A",,"A",,"A",,"A",,"A",,"A",,"A",,"A"
"20132",2618133,12,0,"1",,"A","110","D","02","D",27,"D",,"A",,"A",,"A",,"A",,"A",,"A",,"A",,"A",,"A"
"20132",2618133,13,0,"1",,"A","130","D","02","D",350,"D",,"A",,"A",,"A",,"A",,"A",,"A",,"A",,"A",,"A"
"20132",2618283,1,0,"1",,"A","100","D","03","D",120,"D",,"A",,"A",,"A",,"A",,"A",,"A",,"A",,"A",,"A"
"20132",2618523,5,0,"1",,"A","130","D","03","D",154,"D",,"A",,"A",,"A",,"A",,"A",,"A",,"A",,"A",,"A"
"20132",2618623,10,0,"2",,"A","120","D","01","D",80,"D",,"A",,"A",,"A",,"A",,"A",,"A",,"A",,"A",,"A"
"20132",2618873,8,0,"1",,"A","220","D","02","D",150,"D",,"A",,"A",,"A",,"A",,"A",,"A",,"A",,"A",,"A"
"20132",2618893,4,0,"2",,"A","220","D","01","D",25,"D",,"A",,"A",,"A",,"A",,"A",,"A",,"A",,"A",,"A"
"20132",2619433,5,0,"1",,"A","190","D","01","D",100,"D",,"A",,"A",,"A",,"A",,"A",,"A",,"A",,"A",,"A"
"20132",2619573,10,0,"1",,"A","120","D","03","D",169,"D",,"A",,"A",,"A",,"A",,"A",,"A",,"A",,"A",,"A"
"20132",2619693,20,0,"1",,"A","130","D","02","D",50,"D",,"A",,"A",,"A",,"A",,"A",,"A",,"A",,"A",,"A"
"20132",2619813,4,0,"1",,"A","110","D","03","D",100,"D",,"A",,"A",,"A",,"A",,"A",,"A",,"A",,"A",,"A"
"20132",2620443,10,0,"1",,"A","110","D","03","D",60,"D",,"A",,"A",,"A",,"A",,"A",,"A",,"A",,"A",,"A"
"20132",2620563,11,0,"1",,"A","200","D","02","D",60,"D",,"A",,"A",,"A",,"A",,"A",,"A",,"A",,"A",,"A"
"20132",2620563,12,0,"2",,"A","220","D","01","D",128,"D",,"A",,"A",,"A",,"A",,"A",,"A",,"A",,"A",,"A"
"20132",2621153,1,0,"1",,"A","110","D","01","D",67,"D",,"A",,"A",,"A",,"A",,"A",,"A",,"A",,"A",,"A"
"20132",2621323,7,0,"1",,"A","220","D","01","D",318,"D",,"A",,"A",,"A",,"A",,"A",,"A",,"A",,"A",,"A"
"20132",2621813,3,0,"1",,"A","150","D","03","D",53,"D",,"A",,"A",,"A",,"A",,"A",,"A",,"A",,"A",,"A"
"20132",2622083,7,0,"1",,"A","200","D","03","D",160,"D",,"A",,"A",,"A",,"A",,"A",,"A",,"A",,"A",,"A"
"20132",2622243,14,0,"1",,"A","110","D","01","D",70,"D",,"A",,"A",,"A",,"A",,"A",,"A",,"A",,"A",,"A"
"20132",2622363,6,0,"1",,"A","200","D","01","D",40,"D",,"A",,"A",,"A",,"A",,"A",,"A",,"A",,"A",,"A"
"20132",2622363,7,0,"1",,"A","200","D","02","D",40,"D",,"A",,"A",,"A",,"A",,"A",,"A",,"A",,"A",,"A"
"20132",2622363,8,0,"1",,"A","200","D","03","D",40,"D",,"A",,"A",,"A",,"A",,"A",,"A",,"A",,"A",,"A"
"20132",2622363,9,0,"1",,"A","190","D","02","D",100,"D",,"A",,"A",,"A",,"A",,"A",,"A",,"A",,"A",,"A"
"20132",2622483,1,0,"1",,"A","190","D","02","D",30,"D",,"A",,"A",,"A",,"A",,"A",,"A",,"A",,"A",,"A"
"20132",2622483,2,0,"1",,"A","190","D","03","D",30,"D",,"A",,"A",,"A",,"A",,"A",,"A",,"A",,"A",,"A"
"20132",2622483,3,0,"2",,"A","190","D","01","D",30,"D",,"A",,"A",,"A",,"A",,"A",,"A",,"A",,"A",,"A"
"20132",2622843,10,0,"1",,"A","130","D","01","D",105,"D",,"A",,"A",,"A",,"A",,"A",,"A",,"A",,"A",,"A"
"20132",2622843,11,0,"1",,"A","130","D","02","D",105,"D",,"A",,"A",,"A",,"A",,"A",,"A",,"A",,"A",,"A"
"20132",2622863,7,0,"1",,"A","190","D","01","D",77,"D",,"A",,"A",,"A",,"A",,"A",,"A",,"A",,"A",,"A"
"20132",2622993,3,0,"2",,"A","190","D","01","D",80,"D",,"A",,"A",,"A",,"A",,"A",,"A",,"A",,"A",,"A"
"20132",2623133,4,0,"1",,"A","190","D","03","D",355,"D",,"A",,"A",,"A",,"A",,"A",,"A",,"A",,"A",,"A"
"20132",2623203,11,0,"1",,"A","130","D","03","D",86,"D",,"A",,"A",,"A",,"A",,"A",,"A",,"A",,"A",,"A"
"20132",2623263,5,0,"1",,"A","190","D","03","D",7,"D",,"A",,"A",,"A",,"A",,"A",,"A",,"A",,"A",,"A"
"20132",2623353,3,0,"1",,"A","200","D","02","D",300,"D",,"A",,"A",,"A",,"A",,"A",,"A",,"A",,"A",,"A"
"20132",2623403,3,0,"1",,"A","220","D","03","D",86,"D",,"A",,"A",,"A",,"A",,"A",,"A",,"A",,"A",,"A"
"20132",2623723,5,0,"1",,"A","110","D","03","D",18,"D",,"A",,"A",,"A",,"A",,"A",,"A",,"A",,"A",,"A"
"20132",2624135,25,0,"1",,"A","220","D","04","D",75,"D",,"A",,"A",,"A",,"A",,"A",,"A",,"A",,"A",,"A"
"20132",2624233,25,0,"1",,"A","160","D","02","D",58,"D",,"A",,"A",,"A",,"A",,"A",,"A",,"A",,"A",,"A"
"20132",2624313,9,0,"1",,"A","100","D","03","D",60,"D",,"A",,"A",,"A",,"A",,"A",,"A",,"A",,"A",,"A"
"20132",2624493,8,0,"1",,"A","110","D","02","D",100,"D",,"A",,"A",,"A",,"A",,"A",,"A",,"A",,"A",,"A"
"20132",2624493,9,0,"1",,"A","110","D","03","D",100,"D",,"A",,"A",,"A",,"A",,"A",,"A",,"A",,"A",,"A"
"20132",2624493,10,0,"1",,"A","110","D","04","D",100,"D",,"A",,"A",,"A",,"A",,"A",,"A",,"A",,"A",,"A"
"20132",2624493,11,0,"1",,"A","190","D","02","D",80,"D",,"A",,"A",,"A",,"A",,"A",,"A",,"A",,"A",,"A"
"20132",2624493,12,0,"1",,"A","190","D","03","D",80,"D",,"A",,"A",,"A",,"A",,"A",,"A",,"A",,"A",,"A"
"20132",2624493,13,0,"1",,"A","190","D","04","D",80,"D",,"A",,"A",,"A",,"A",,"A",,"A",,"A",,"A",,"A"
"20132",2624733,11,0,"1",,"A","130","D","04","D",397,"D",,"A",,"A",,"A",,"A",,"A",,"A",,"A",,"A",,"A"
"20132",2624983,18,0,"1",,"A","190","D","02","D",58,"D",,"A",,"A",,"A",,"A",,"A",,"A",,"A",,"A",,"A"
"20132",2624983,19,0,"1",,"A","190","D","03","D",58,"D",,"A",,"A",,"A",,"A",,"A",,"A",,"A",,"A",,"A"
"20132",2624983,20,0,"1",,"A","190","D","04","D",58,"D",,"A",,"A",,"A",,"A",,"A",,"A",,"A",,"A",,"A"
"20132",2624983,21,0,"2",,"A","190","D","02","D",58,"D",,"A",,"A",,"A",,"A",,"A",,"A",,"A",,"A",,"A"
"20132",2625083,13,0,"1",,"A","150","D","04","D",12,"D",,"A",,"A",,"A",,"A",,"A",,"A",,"A",,"A",,"A"
"20132",2625383,4,0,"1",,"A","190","D","03","D",55,"D",,"A",,"A",,"A",,"A",,"A",,"A",,"A",,"A",,"A"
"20132",2625383,5,0,"1",,"A","190","D","04","D",55,"D",,"A",,"A",,"A",,"A",,"A",,"A",,"A",,"A",,"A"
"20132",2625383,6,0,"2",,"A","190","D","02","D",55,"D",,"A",,"A",,"A",,"A",,"A",,"A",,"A",,"A",,"A"
"20132",2625524,2,0,"1",,"A","220","D","04","D",340,"D",,"A",,"A",,"A",,"A",,"A",,"A",,"A",,"A",,"A"
"20132",2625603,11,0,"1",,"A","110","D","03","D",217,"D",,"A",,"A",,"A",,"A",,"A",,"A",,"A",,"A",,"A"
"20132",2625603,12,0,"1",,"A","190","D","03","D",27,"D",,"A",,"A",,"A",,"A",,"A",,"A",,"A",,"A",,"A"
"20132",2625643,23,0,"1",,"A","200","D","04","D",126,"D",,"A",,"A",,"A",,"A",,"A",,"A",,"A",,"A",,"A"
"20132",2625683,6,0,"1",,"A","110","D","02","D",60,"D",,"A",,"A",,"A",,"A",,"A",,"A",,"A",,"A",,"A"
"20132",2626333,2,0,"1",,"A","190","D","04","D",100,"D",,"A",,"A",,"A",,"A",,"A",,"A",,"A",,"A",,"A"
"20132",2626463,11,0,"1",,"A","130","D","03","D",45,"D",,"A",,"A",,"A",,"A",,"A",,"A",,"A",,"A",,"A"
"20132",2626843,17,0,"1",,"A","110","D","02","D",353,"D",,"A",,"A",,"A",,"A",,"A",,"A",,"A",,"A",,"A"
"20132",2626973,20,0,"2",,"A","100","D","02","D",150,"D",,"A",,"A",,"A",,"A",,"A",,"A",,"A",,"A",,"A"
"20132",2627223,9,0,"1",,"A","190","D","04","D",62,"D",,"A",,"A",,"A",,"A",,"A",,"A",,"A",,"A",,"A"
"20132",2627243,14,0,"1",,"A","190","D","03","D",33,"D",,"A",,"A",,"A",,"A",,"A",,"A",,"A",,"A",,"A"
"20132",2627243,15,0,"1",,"A","190","D","04","D",33,"D",,"A",,"A",,"A",,"A",,"A",,"A",,"A",,"A",,"A"
"20132",2627823,3,0,"1",,"A","130","D","04","D",110,"D",,"A",,"A",,"A",,"A",,"A",,"A",,"A",,"A",,"A"
"20132",2628013,5,0,"1",,"A","200","D","04","D",75,"D",,"A",,"A",,"A",,"A",,"A",,"A",,"A",,"A",,"A"
"20132",2628193,7,0,"1",,"A","220","D","03","D",600,"D",,"A",,"A",,"A",,"A",,"A",,"A",,"A",,"A",,"A"
"20132",2628343,10,0,"1",,"A","110","D","04","D",200,"D",,"A",,"A",,"A",,"A",,"A",,"A",,"A",,"A",,"A"
"20132",2628343,11,0,"1",,"A","190","D","03","D",85,"D",,"A",,"A",,"A",,"A",,"A",,"A",,"A",,"A",,"A"
"20132",2628393,9,0,"1",,"A","170","D","04","D",180,"D",,"A",,"A",,"A",,"A",,"A",,"A",,"A",,"A",,"A"
"20132",2628523,16,0,"1",,"A","130","D","04","D",65,"D",,"A",,"A",,"A",,"A",,"A",,"A",,"A",,"A",,"A"
"20132",2628753,5,0,"1",,"A","110","D","02","D",150,"D",,"A",,"A",,"A",,"A",,"A",,"A",,"A",,"A",,"A"
"20132",2628803,14,0,"1",,"A","110","D","03","D",80,"D",,"A",,"A",,"A",,"A",,"A",,"A",,"A",,"A",,"A"
"20132",2628913,4,0,"1",,"A","110","D","04","D",344,"D",,"A",,"A",,"A",,"A",,"A",,"A",,"A",,"A",,"A"
"20132",2629175,2,0,"2",,"A","110","D","02","D",10,"D",,"A",,"A",,"A",,"A",,"A",,"A",,"A",,"A",,"A"
"20132",2629673,11,0,"1",,"A","190","D","04","D",13,"D",,"A",,"A",,"A",,"A",,"A",,"A",,"A",,"A",,"A"
"20132",2629723,4,0,"1",,"A","110","D","04","D",120,"D",,"A",,"A",,"A",,"A",,"A",,"A",,"A",,"A",,"A"
"20132",2629813,17,0,"1",,"A","130","D","04","D",600,"D",,"A",,"A",,"A",,"A",,"A",,"A",,"A",,"A",,"A"
"20132",2629813,18,0,"1",,"A","190","D","03","D",75,"D",,"A",,"A",,"A",,"A",,"A",,"A",,"A",,"A",,"A"
"20132",2629983,7,0,"2",,"A","110","D","02","D",50,"D",,"A",,"A",,"A",,"A",,"A",,"A",,"A",,"A",,"A"
"20132",2630003,7,0,"1",,"A","120","D","02","D",135,"D",,"A",,"A",,"A",,"A",,"A",,"A",,"A",,"A",,"A"
"20132",2630313,4,0,"1",,"A","190","D","02","D",80,"D",,"A",,"A",,"A",,"A",,"A",,"A",,"A",,"A",,"A"
"20132",2630313,5,0,"1",,"A","190","D","04","D",80,"D",,"A",,"A",,"A",,"A",,"A",,"A",,"A",,"A",,"A"
"20132",2630313,6,0,"2",,"A","190","D","02","D",85,"D",,"A",,"A",,"A",,"A",,"A",,"A",,"A",,"A",,"A"
"20132",2630783,12,0,"1",,"A","110","D","04","D",169,"D",,"A",,"A",,"A",,"A",,"A",,"A",,"A",,"A",,"A"
"20132",2631313,4,0,"1",,"A","190","D","04","D",86,"D",,"A",,"A",,"A",,"A",,"A",,"A",,"A",,"A",,"A"
"20132",2631313,5,0,"1",,"A","190","D","04","D",75,"D",,"A",,"A",,"A",,"A",,"A",,"A",,"A",,"A",,"A"
"20132",2631373,4,0,"1",,"A","190","D","02","D",130,"D",,"A",,"A",,"A",,"A",,"A",,"A",,"A",,"A",,"A"
"20132",2631373,5,0,"1",,"A","190","D","03","D",130,"D",,"A",,"A",,"A",,"A",,"A",,"A",,"A",,"A",,"A"
"20132",2631373,6,0,"1",,"A","190","D","04","D",130,"D",,"A",,"A",,"A",,"A",,"A",,"A",,"A",,"A",,"A"
"20132",2631703,4,0,"1",,"A","130","D","04","D",20,"D",,"A",,"A",,"A",,"A",,"A",,"A",,"A",,"A",,"A"
"20132",2631763,6,0,"2",,"A","190","D","02","D",109,"D",,"A",,"A",,"A",,"A",,"A",,"A",,"A",,"A",,"A"
"20132",2632113,4,0,"2",,"A","220","D","02","D",150,"D",,"A",,"A",,"A",,"A",,"A",,"A",,"A",,"A",,"A"
"20132",2632333,13,0,"1",,"A","140","D","02","D",61,"D",,"A",,"A",,"A",,"A",,"A",,"A",,"A",,"A",,"A"
"20132",2632483,10,0,"1",,"A","220","D","03","D",200,"D",,"A",,"A",,"A",,"A",,"A",,"A",,"A",,"A",,"A"
"20132",2632523,4,0,"1",,"A","190","D","03","D",65,"D",,"A",,"A",,"A",,"A",,"A",,"A",,"A",,"A",,"A"
"20132",2632573,5,0,"2",,"A","110","D","02","D",500,"D",,"A",,"A",,"A",,"A",,"A",,"A",,"A",,"A",,"A"
"20132",2632603,5,0,"1",,"A","130","D","02","D",60,"D",,"A",,"A",,"A",,"A",,"A",,"A",,"A",,"A",,"A"
"20132",2632603,6,0,"1",,"A","130","D","03","D",60,"D",,"A",,"A",,"A",,"A",,"A",,"A",,"A",,"A",,"A"
"20132",2632603,7,0,"1",,"A","130","D","04","D",60,"D",,"A",,"A",,"A",,"A",,"A",,"A",,"A",,"A",,"A"
"20132",2632633,4,0,"1",,"A","190","D","02","D",110,"D",,"A",,"A",,"A",,"A",,"A",,"A",,"A",,"A",,"A"
"20132",2633193,10,0,"1",,"A","190","D","04","D",75,"D",,"A",,"A",,"A",,"A",,"A",,"A",,"A",,"A",,"A"
"20132",2633193,11,0,"1",,"A","130","D","04","D",43,"D",,"A",,"A",,"A",,"A",,"A",,"A",,"A",,"A",,"A"
"20132",2633484,14,0,"1",,"A","220","D","02","D",7,"D",,"A",,"A",,"A",,"A",,"A",,"A",,"A",,"A",,"A"
"20132",2633484,15,0,"1",,"A","220","D","03","D",7,"D",,"A",,"A",,"A",,"A",,"A",,"A",,"A",,"A",,"A"
"20132",2633484,16,0,"1",,"A","220","D","04","D",7,"D",,"A",,"A",,"A",,"A",,"A",,"A",,"A",,"A",,"A"
"20132",2633663,6,0,"1",,"A","190","D","04","D",64,"D",,"A",,"A",,"A",,"A",,"A",,"A",,"A",,"A",,"A"
"20132",2633663,7,0,"2",,"A","190","D","02","D",100,"D",,"A",,"A",,"A",,"A",,"A",,"A",,"A",,"A",,"A"
"20132",2633883,7,0,"1",,"A","190","D","03","D",63,"D",,"A",,"A",,"A",,"A",,"A",,"A",,"A",,"A",,"A"
"20132",2634063,12,0,"2",,"A","110","D","02","D",214,"D",,"A",,"A",,"A",,"A",,"A",,"A",,"A",,"A",,"A"
"20132",2634133,3,0,"2",,"A","110","D","02","D",250,"D",,"A",,"A",,"A",,"A",,"A",,"A",,"A",,"A",,"A"
"20132",2634183,6,0,"1",,"A","130","D","04","D",650,"D",,"A",,"A",,"A",,"A",,"A",,"A",,"A",,"A",,"A"
"20132",2634343,7,0,"1",,"A","110","D","03","D",11,"D",,"A",,"A",,"A",,"A",,"A",,"A",,"A",,"A",,"A"
"20132",2634343,8,0,"1",,"A","110","D","04","D",11,"D",,"A",,"A",,"A",,"A",,"A",,"A",,"A",,"A",,"A"
"20132",2634503,2,0,"1",,"A","190","D","03","D",1700,"D",,"A",,"A",,"A",,"A",,"A",,"A",,"A",,"A",,"A"
"20132",2634823,4,0,"1",,"A","120","D","03","D",65,"D",,"A",,"A",,"A",,"A",,"A",,"A",,"A",,"A",,"A"
"20132",2634943,4,0,"1",,"A","200","D","03","D",200,"D",,"A",,"A",,"A",,"A",,"A",,"A",,"A",,"A",,"A"
"20132",2634953,18,0,"1",,"A","190","D","04","D",212,"D",,"A",,"A",,"A",,"A",,"A",,"A",,"A",,"A",,"A"
"20132",2635603,7,0,"1",,"A","110","D","03","D",90,"D",,"A",,"A",,"A",,"A",,"A",,"A",,"A",,"A",,"A"
"20132",2635913,2,0,"1",,"A","130","D","04","D",278,"D",,"A",,"A",,"A",,"A",,"A",,"A",,"A",,"A",,"A"
"20132",2636133,16,0,"1",,"A","110","D","03","D",260,"D",,"A",,"A",,"A",,"A",,"A",,"A",,"A",,"A",,"A"
"20132",2636353,8,0,"1",,"A","110","D","04","D",60,"D",,"A",,"A",,"A",,"A",,"A",,"A",,"A",,"A",,"A"
"20132",2636483,5,0,"1",,"A","140","D","04","D",29,"D",,"A",,"A",,"A",,"A",,"A",,"A",,"A",,"A",,"A"
"20132",2636793,2,0,"1",,"A","130","D","04","D",275,"D",,"A",,"A",,"A",,"A",,"A",,"A",,"A",,"A",,"A"
"20132",2637143,9,0,"1",,"A","190","D","05","D",79,"D",,"A",,"A",,"A",,"A",,"A",,"A",,"A",,"A",,"A"
"20132",2637563,4,0,"1",,"A","190","D","03","D",125,"D",,"A",,"A",,"A",,"A",,"A",,"A",,"A",,"A",,"A"
"20132",2637563,5,0,"1",,"A","190","D","05","D",271,"D",,"A",,"A",,"A",,"A",,"A",,"A",,"A",,"A",,"A"
"20132",2637803,9,0,"1",,"A","200","D","03","D",12,"D",,"A",,"A",,"A",,"A",,"A",,"A",,"A",,"A",,"A"
"20132",2637803,10,0,"1",,"A","200","D","04","D",12,"D",,"A",,"A",,"A",,"A",,"A",,"A",,"A",,"A",,"A"
"20132",2637803,11,0,"1",,"A","200","D","05","D",12,"D",,"A",,"A",,"A",,"A",,"A",,"A",,"A",,"A",,"A"
"20132",2637953,22,0,"2",,"A","110","D","03","D",460,"D",,"A",,"A",,"A",,"A",,"A",,"A",,"A",,"A",,"A"
"20132",2638493,36,0,"1",,"A","220","D","05","D",68,"D",,"A",,"A",,"A",,"A",,"A",,"A",,"A",,"A",,"A"
"20132",2638493,37,0,"1",,"A","190","D","04","D",164,"D",,"A",,"A",,"A",,"A",,"A",,"A",,"A",,"A",,"A"
"20132",2638823,3,0,"2",,"A","100","D","03","D",100,"D",,"A",,"A",,"A",,"A",,"A",,"A",,"A",,"A",,"A"
"20132",2638853,12,0,"1",,"A","110","D","04","D",59,"D",,"A",,"A",,"A",,"A",,"A",,"A",,"A",,"A",,"A"
"20132",2638893,7,0,"1",,"A","190","D","05","D",120,"D",,"A",,"A",,"A",,"A",,"A",,"A",,"A",,"A",,"A"
"20132",2639193,18,0,"1",,"A","220","D","03","D",291,"D",,"A",,"A",,"A",,"A",,"A",,"A",,"A",,"A",,"A"
"20132",2639233,7,0,"1",,"A","190","D","03","D",35,"D",,"A",,"A",,"A",,"A",,"A",,"A",,"A",,"A",,"A"
"20132",2639233,8,0,"1",,"A","190","D","04","D",35,"D",,"A",,"A",,"A",,"A",,"A",,"A",,"A",,"A",,"A"
"20132",2639233,9,0,"1",,"A","190","D","05","D",35,"D",,"A",,"A",,"A",,"A",,"A",,"A",,"A",,"A",,"A"
"20132",2639233,10,0,"1",,"A","200","D","03","D",75,"D",,"A",,"A",,"A",,"A",,"A",,"A",,"A",,"A",,"A"
"20132",2639233,11,0,"1",,"A","200","D","04","D",75,"D",,"A",,"A",,"A",,"A",,"A",,"A",,"A",,"A",,"A"
"20132",2639233,12,0,"1",,"A","200","D","05","D",75,"D",,"A",,"A",,"A",,"A",,"A",,"A",,"A",,"A",,"A"
"20132",2639783,13,0,"1",,"A","190","D","03","D",69,"D",,"A",,"A",,"A",,"A",,"A",,"A",,"A",,"A",,"A"
"20132",2639783,14,0,"1",,"A","190","D","04","D",69,"D",,"A",,"A",,"A",,"A",,"A",,"A",,"A",,"A",,"A"
"20132",2639783,15,0,"1",,"A","190","D","05","D",69,"D",,"A",,"A",,"A",,"A",,"A",,"A",,"A",,"A",,"A"
"20132",2639853,6,0,"1",,"A","130","D","03","D",900,"D",,"A",,"A",,"A",,"A",,"A",,"A",,"A",,"A",,"A"
"20132",2639983,14,0,"1",,"A","190","D","04","D",89,"D",,"A",,"A",,"A",,"A",,"A",,"A",,"A",,"A",,"A"
"20132",2640013,6,0,"2",,"A","100","D","03","D",29,"D",,"A",,"A",,"A",,"A",,"A",,"A",,"A",,"A",,"A"
"20132",2640053,14,0,"1",,"A","220","D","04","D",170,"D",,"A",,"A",,"A",,"A",,"A",,"A",,"A",,"A",,"A"
"20132",2640233,3,0,"1",,"A","130","D","04","D",500,"D",,"A",,"A",,"A",,"A",,"A",,"A",,"A",,"A",,"A"
"20132",2640314,6,0,"1",,"A","220","D","04","D",42,"D",,"A",,"A",,"A",,"A",,"A",,"A",,"A",,"A",,"A"
"20132",2640713,4,0,"2",,"A","220","D","03","D",5,"D",,"A",,"A",,"A",,"A",,"A",,"A",,"A",,"A",,"A"
"20132",2640803,2,0,"1",,"A","190","D","03","D",700,"D",,"A",,"A",,"A",,"A",,"A",,"A",,"A",,"A",,"A"
"20132",2641193,17,0,"1",,"A","190","D","04","D",135,"D",,"A",,"A",,"A",,"A",,"A",,"A",,"A",,"A",,"A"
"20132",2641283,7,0,"1",,"A","110","D","05","D",80,"D",,"A",,"A",,"A",,"A",,"A",,"A",,"A",,"A",,"A"
"20132",2641283,8,0,"1",,"A","110","D","03","D",10,"D",,"A",,"A",,"A",,"A",,"A",,"A",,"A",,"A",,"A"
"20132",2641283,9,0,"1",,"A","110","D","04","D",10,"D",,"A",,"A",,"A",,"A",,"A",,"A",,"A",,"A",,"A"
"20132",2641283,10,0,"1",,"A","110","D","05","D",10,"D",,"A",,"A",,"A",,"A",,"A",,"A",,"A",,"A",,"A"
"20132",2641543,14,0,"1",,"A","190","D","04","D",150,"D",,"A",,"A",,"A",,"A",,"A",,"A",,"A",,"A",,"A"
"20132",2641633,14,0,"1",,"A","110","D","03","D",100,"D",,"A",,"A",,"A",,"A",,"A",,"A",,"A",,"A",,"A"
"20132",2641883,3,0,"1",,"A","190","D","05","D",140,"D",,"A",,"A",,"A",,"A",,"A",,"A",,"A",,"A",,"A"
"20132",2641883,4,0,"1",,"A","110","D","05","D",135,"D",,"A",,"A",,"A",,"A",,"A",,"A",,"A",,"A",,"A"
"20132",2642033,11,0,"1",,"A","220","D","03","D",320,"D",,"A",,"A",,"A",,"A",,"A",,"A",,"A",,"A",,"A"
"20132",2642783,3,0,"1",,"A","110","D","05","D",100,"D",,"A",,"A",,"A",,"A",,"A",,"A",,"A",,"A",,"A"
"20132",2642973,10,0,"2",,"A","110","D","03","D",150,"D",,"A",,"A",,"A",,"A",,"A",,"A",,"A",,"A",,"A"
"20132",2642973,11,0,"2",,"A","110","D","03","D",134,"D",,"A",,"A",,"A",,"A",,"A",,"A",,"A",,"A",,"A"
"20132",2642973,12,0,"2",,"A","110","D","03","D",280,"D",,"A",,"A",,"A",,"A",,"A",,"A",,"A",,"A",,"A"
"20132",2642983,16,0,"1",,"A","110","D","04","D",275,"D",,"A",,"A",,"A",,"A",,"A",,"A",,"A",,"A",,"A"
"20132",2643123,12,0,"2",,"A","190","D","03","D",20,"D",,"A",,"A",,"A",,"A",,"A",,"A",,"A",,"A",,"A"
"20132",2643163,10,0,"1",,"A","110","D","03","D",21,"D",,"A",,"A",,"A",,"A",,"A",,"A",,"A",,"A",,"A"
"20132",2643163,11,0,"1",,"A","110","D","04","D",21,"D",,"A",,"A",,"A",,"A",,"A",,"A",,"A",,"A",,"A"
"20132",2643163,12,0,"1",,"A","110","D","05","D",21,"D",,"A",,"A",,"A",,"A",,"A",,"A",,"A",,"A",,"A"
"20132",2643203,19,0,"1",,"A","190","D","05","D",140,"D",,"A",,"A",,"A",,"A",,"A",,"A",,"A",,"A",,"A"
"20132",2643393,9,0,"1",,"A","190","D","05","D",75,"D",,"A",,"A",,"A",,"A",,"A",,"A",,"A",,"A",,"A"
"20132",2643513,12,0,"2",,"A","120","D","03","D",50,"D",,"A",,"A",,"A",,"A",,"A",,"A",,"A",,"A",,"A"
"20132",2643513,13,0,"2",,"A","220","D","03","D",300,"D",,"A",,"A",,"A",,"A",,"A",,"A",,"A",,"A",,"A"
"20132",2643713,2,0,"2",,"A","110","D","03","D",105,"D",,"A",,"A",,"A",,"A",,"A",,"A",,"A",,"A",,"A"
"20132",2644263,6,0,"1",,"A","110","D","03","D",185,"D",,"A",,"A",,"A",,"A",,"A",,"A",,"A",,"A",,"A"
"20132",2644263,7,0,"2",,"A","110","D","03","D",247,"D",,"A",,"A",,"A",,"A",,"A",,"A",,"A",,"A",,"A"
"20132",2644533,7,0,"1",,"A","190","D","04","D",36,"D",,"A",,"A",,"A",,"A",,"A",,"A",,"A",,"A",,"A"
"20132",2644533,8,0,"1",,"A","190","D","05","D",36,"D",,"A",,"A",,"A",,"A",,"A",,"A",,"A",,"A",,"A"
"20132",2644553,2,0,"1",,"A","190","D","03","D",86,"D",,"A",,"A",,"A",,"A",,"A",,"A",,"A",,"A",,"A"
"20132",2645043,8,0,"2",,"A","110","D","03","D",96,"D",,"A",,"A",,"A",,"A",,"A",,"A",,"A",,"A",,"A"
"20132",2645103,12,0,"1",,"A","110","D","04","D",200,"D",,"A",,"A",,"A",,"A",,"A",,"A",,"A",,"A",,"A"
"20132",2645723,13,0,"1",,"A","100","D","04","D",270,"D",,"A",,"A",,"A",,"A",,"A",,"A",,"A",,"A",,"A"
"20132",2645723,14,0,"1",,"A","190","D","04","D",1000,"D",,"A",,"A",,"A",,"A",,"A",,"A",,"A",,"A",,"A"
"20132",2645745,2,0,"1",,"A","190","D","04","D",113,"D",,"A",,"A",,"A",,"A",,"A",,"A",,"A",,"A",,"A"
"20132",2645963,13,0,"1",,"A","110","D","05","D",65,"D",,"A",,"A",,"A",,"A",,"A",,"A",,"A",,"A",,"A"
"20132",2646023,3,0,"1",,"A","110","D","05","D",65,"D",,"A",,"A",,"A",,"A",,"A",,"A",,"A",,"A",,"A"
"20132",2646343,6,0,"2",,"A","110","D","03","D",21,"D",,"A",,"A",,"A",,"A",,"A",,"A",,"A",,"A",,"A"
"20132",2646433,4,0,"1",,"A","190","D","05","D",19,"D",,"A",,"A",,"A",,"A",,"A",,"A",,"A",,"A",,"A"
"20132",2646563,8,0,"1",,"A","190","D","04","D",15,"D",,"A",,"A",,"A",,"A",,"A",,"A",,"A",,"A",,"A"
"20132",2646593,28,0,"1",,"A","200","D","04","D",17,"D",,"A",,"A",,"A",,"A",,"A",,"A",,"A",,"A",,"A"
"20132",2646593,29,0,"1",,"A","200","D","05","D",17,"D",,"A",,"A",,"A",,"A",,"A",,"A",,"A",,"A",,"A"
"20132",2646593,30,0,"2",,"A","200","D","03","D",17,"D",,"A",,"A",,"A",,"A",,"A",,"A",,"A",,"A",,"A"
"20132",2646673,5,0,"1",,"A","190","D","03","D",175,"D",,"A",,"A",,"A",,"A",,"A",,"A",,"A",,"A",,"A"
"20132",2646733,9,0,"1",,"A","190","D","03","D",72,"D",,"A",,"A",,"A",,"A",,"A",,"A",,"A",,"A",,"A"
"20132",2646733,10,0,"1",,"A","190","D","05","D",54,"D",,"A",,"A",,"A",,"A",,"A",,"A",,"A",,"A",,"A"
"20132",2646953,5,0,"1",,"A","120","D","03","D",38,"D",,"A",,"A",,"A",,"A",,"A",,"A",,"A",,"A",,"A"
"20132",2647432,5,0,"1",,"A","110","D","03","D",300,"D",,"A",,"A",,"A",,"A",,"A",,"A",,"A",,"A",,"A"
"20132",2647432,6,0,"1",,"A","190","D","03","D",75,"D",,"A",,"A",,"A",,"A",,"A",,"A",,"A",,"A",,"A"
"20132",2647692,6,0,"1",,"A","200","D","03","D",85,"D",,"A",,"A",,"A",,"A",,"A",,"A",,"A",,"A",,"A"
"20132",2647742,30,0,"1",,"A","130","D","02","D",285,"D",,"A",,"A",,"A",,"A",,"A",,"A",,"A",,"A",,"A"
"20132",2647782,2,0,"2",,"A","120","D","01","D",43,"D",,"A",,"A",,"A",,"A",,"A",,"A",,"A",,"A",,"A"
"20132",2647792,8,0,"1",,"A","190","D","02","D",25,"D",,"A",,"A",,"A",,"A",,"A",,"A",,"A",,"A",,"A"
"20132",2648452,12,0,"1",,"A","190","D","03","D",80,"D",,"A",,"A",,"A",,"A",,"A",,"A",,"A",,"A",,"A"
"20132",2648452,13,0,"1",,"A","200","D","01","D",850,"D",,"A",,"A",,"A",,"A",,"A",,"A",,"A",,"A",,"A"
"20132",2648502,10,0,"1",,"A","140","D","01","D",5,"D",,"A",,"A",,"A",,"A",,"A",,"A",,"A",,"A",,"A"
"20132",2648502,11,0,"1",,"A","140","D","02","D",5,"D",,"A",,"A",,"A",,"A",,"A",,"A",,"A",,"A",,"A"
"20132",2648502,12,0,"1",,"A","140","D","03","D",5,"D",,"A",,"A",,"A",,"A",,"A",,"A",,"A",,"A",,"A"
"20132",2648522,14,0,"1",,"A","130","D","03","D",77,"D",,"A",,"A",,"A",,"A",,"A",,"A",,"A",,"A",,"A"
"20132",2649232,22,0,"1",,"A","120","D","03","D",50,"D",,"A",,"A",,"A",,"A",,"A",,"A",,"A",,"A",,"A"
"20132",2649392,8,0,"1",,"A","220","D","02","D",115,"D",,"A",,"A",,"A",,"A",,"A",,"A",,"A",,"A",,"A"
"20132",2649392,9,0,"1",,"A","140","D","03","D",137,"D",,"A",,"A",,"A",,"A",,"A",,"A",,"A",,"A",,"A"
"20132",2649652,13,0,"1",,"A","190","D","01","D",120,"D",,"A",,"A",,"A",,"A",,"A",,"A",,"A",,"A",,"A"
"20132",2649652,14,0,"1",,"A","190","D","03","D",120,"D",,"A",,"A",,"A",,"A",,"A",,"A",,"A",,"A",,"A"
"20132",2649722,4,0,"1",,"A","190","D","02","D",260,"D",,"A",,"A",,"A",,"A",,"A",,"A",,"A",,"A",,"A"
"20132",2650032,3,0,"1",,"A","210","D","01","D",.,"H","100","D","200","D","110","D",,"A",,"A",,"A",,"A",,"A",,"A"
"20132",2650032,3,1,"1",,"A","100","D","01","D",10,"E",,"A",,"A",,"A",,"A",,"A",,"A",,"A",,"A",,"A"
"20132",2650032,3,2,"1",,"A","200","D","01","D",3,"E",,"A",,"A",,"A",,"A",,"A",,"A",,"A",,"A",,"A"
"20132",2650032,3,3,"1",,"A","110","D","01","D",8,"E",,"A",,"A",,"A",,"A",,"A",,"A",,"A",,"A",,"A"
"20132",2650032,4,0,"1",,"A","110","D","02","D",21,"D",,"A",,"A",,"A",,"A",,"A",,"A",,"A",,"A",,"A"
"20132",2650032,5,0,"1",,"A","110","D","03","D",21,"D",,"A",,"A",,"A",,"A",,"A",,"A",,"A",,"A",,"A"
"20132",2650232,1,0,"1",,"A","190","D","02","D",15,"D",,"A",,"A",,"A",,"A",,"A",,"A",,"A",,"A",,"A"
"20132",2650232,2,0,"1",,"A","120","D","03","D",15,"D",,"A",,"A",,"A",,"A",,"A",,"A",,"A",,"A",,"A"
"20132",2650232,3,0,"2",,"A","190","D","01","D",15,"D",,"A",,"A",,"A",,"A",,"A",,"A",,"A",,"A",,"A"
"20132",2650572,16,0,"1",,"A","220","D","01","D",158,"D",,"A",,"A",,"A",,"A",,"A",,"A",,"A",,"A",,"A"
"20132",2651102,3,0,"1",,"A","120","D","02","D",53,"D",,"A",,"A",,"A",,"A",,"A",,"A",,"A",,"A",,"A"
"20132",2651162,6,0,"1",,"A","150","D","03","D",16,"D",,"A",,"A",,"A",,"A",,"A",,"A",,"A",,"A",,"A"
"20132",2651222,6,0,"1",,"A","130","D","01","D",110,"D",,"A",,"A",,"A",,"A",,"A",,"A",,"A",,"A",,"A"
"20132",2651442,5,0,"1",,"A","110","D","02","D",428,"D",,"A",,"A",,"A",,"A",,"A",,"A",,"A",,"A",,"A"
"20132",2652262,15,0,"1",,"A","220","D","02","D",168,"D",,"A",,"A",,"A",,"A",,"A",,"A",,"A",,"A",,"A"
"20132",2652322,7,0,"1",,"A","120","D","03","D",178,"D",,"A",,"A",,"A",,"A",,"A",,"A",,"A",,"A",,"A"
"20132",2652442,4,0,"1",,"A","190","D","02","D",60,"D",,"A",,"A",,"A",,"A",,"A",,"A",,"A",,"A",,"A"
"20132",2652442,5,0,"1",,"A","190","D","03","D",60,"D",,"A",,"A",,"A",,"A",,"A",,"A",,"A",,"A",,"A"
"20132",2652442,6,0,"2",,"A","190","D","01","D",60,"D",,"A",,"A",,"A",,"A",,"A",,"A",,"A",,"A",,"A"
"20132",2652462,3,0,"2",,"A","210","D","01","D",.,"H","200","D","110","D",,"A",,"A",,"A",,"A",,"A",,"A",,"A"
"20132",2652462,3,1,"2",,"A","200","D","01","D",8,"E",,"A",,"A",,"A",,"A",,"A",,"A",,"A",,"A",,"A"
"20132",2652462,3,2,"2",,"A","110","D","01","D",35,"E",,"A",,"A",,"A",,"A",,"A",,"A",,"A",,"A",,"A"
"20132",2652522,6,0,"1",,"A","220","D","01","D",90,"D",,"A",,"A",,"A",,"A",,"A",,"A",,"A",,"A",,"A"
"20132",2652522,7,0,"1",,"A","200","D","03","D",146,"D",,"A",,"A",,"A",,"A",,"A",,"A",,"A",,"A",,"A"
"20132",2652562,12,0,"1",,"A","190","D","01","D",46,"D",,"A",,"A",,"A",,"A",,"A",,"A",,"A",,"A",,"A"
"20132",2652612,1,0,"1",,"A","200","D","02","D",873,"D",,"A",,"A",,"A",,"A",,"A",,"A",,"A",,"A",,"A"
"20132",2652622,5,0,"2",,"A","110","D","01","D",156,"D",,"A",,"A",,"A",,"A",,"A",,"A",,"A",,"A",,"A"
"20132",2652722,16,0,"1",,"A","110","D","01","D",70,"D",,"A",,"A",,"A",,"A",,"A",,"A",,"A",,"A",,"A"
"20132",2652862,4,0,"1",,"A","100","D","02","D",148,"D",,"A",,"A",,"A",,"A",,"A",,"A",,"A",,"A",,"A"
"20132",2652992,18,0,"1",,"A","190","D","01","D",60,"D",,"A",,"A",,"A",,"A",,"A",,"A",,"A",,"A",,"A"
"20132",2652992,19,0,"1",,"A","190","D","03","D",60,"D",,"A",,"A",,"A",,"A",,"A",,"A",,"A",,"A",,"A"
"20132",2653072,17,0,"1",,"A","110","D","01","D",213,"D",,"A",,"A",,"A",,"A",,"A",,"A",,"A",,"A",,"A"
"20132",2653072,18,0,"1",,"A","130","D","02","D",115,"D",,"A",,"A",,"A",,"A",,"A",,"A",,"A",,"A",,"A"
"20132",2653392,11,0,"1",,"A","220","D","02","D",95,"D",,"A",,"A",,"A",,"A",,"A",,"A",,"A",,"A",,"A"
"20132",2653682,13,0,"1",,"A","190","D","01","D",332,"D",,"A",,"A",,"A",,"A",,"A",,"A",,"A",,"A",,"A"
"20132",2653732,7,0,"1",,"A","110","D","01","D",35,"D",,"A",,"A",,"A",,"A",,"A",,"A",,"A",,"A",,"A"
"20132",2653732,8,0,"1",,"A","110","D","02","D",35,"D",,"A",,"A",,"A",,"A",,"A",,"A",,"A",,"A",,"A"
"20132",2653732,9,0,"1",,"A","110","D","03","D",35,"D",,"A",,"A",,"A",,"A",,"A",,"A",,"A",,"A",,"A"
"20132",2654592,4,0,"1",,"A","100","D","03","D",37,"D",,"A",,"A",,"A",,"A",,"A",,"A",,"A",,"A",,"A"
"20132",2654592,5,0,"1",,"A","200","D","03","D",235,"D",,"A",,"A",,"A",,"A",,"A",,"A",,"A",,"A",,"A"
"20132",2654682,5,0,"1",,"A","130","D","02","D",21,"D",,"A",,"A",,"A",,"A",,"A",,"A",,"A",,"A",,"A"
"20132",2654842,7,0,"1",,"A","110","D","02","D",95,"D",,"A",,"A",,"A",,"A",,"A",,"A",,"A",,"A",,"A"
"20132",2654992,1,0,"1",,"A","190","D","01","D",48,"D",,"A",,"A",,"A",,"A",,"A",,"A",,"A",,"A",,"A"
"20132",2654992,2,0,"1",,"A","190","D","03","D",48,"D",,"A",,"A",,"A",,"A",,"A",,"A",,"A",,"A",,"A"
"20132",2655092,2,0,"1",,"A","190","D","03","D",93,"D",,"A",,"A",,"A",,"A",,"A",,"A",,"A",,"A",,"A"
"20132",2655242,4,0,"1",,"A","110","D","03","D",69,"D",,"A",,"A",,"A",,"A",,"A",,"A",,"A",,"A",,"A"
"20132",2655572,20,0,"2",,"A","220","D","01","D",80,"D",,"A",,"A",,"A",,"A",,"A",,"A",,"A",,"A",,"A"
"20132",2655822,18,0,"2",,"A","190","D","01","D",94,"D",,"A",,"A",,"A",,"A",,"A",,"A",,"A",,"A",,"A"
"20132",2655942,11,0,"1",,"A","110","D","01","D",120,"D",,"A",,"A",,"A",,"A",,"A",,"A",,"A",,"A",,"A"
"20132",2656042,3,0,"1",,"A","110","D","03","D",60,"D",,"A",,"A",,"A",,"A",,"A",,"A",,"A",,"A",,"A"
"20132",2656162,15,0,"1",,"A","190","D","01","D",35,"D",,"A",,"A",,"A",,"A",,"A",,"A",,"A",,"A",,"A"
"20132",2656162,16,0,"1",,"A","190","D","02","D",35,"D",,"A",,"A",,"A",,"A",,"A",,"A",,"A",,"A",,"A"
"20132",2656162,17,0,"1",,"A","190","D","03","D",35,"D",,"A",,"A",,"A",,"A",,"A",,"A",,"A",,"A",,"A"
"20132",2656162,18,0,"1",,"A","200","D","01","D",310,"D",,"A",,"A",,"A",,"A",,"A",,"A",,"A",,"A",,"A"
"20132",2656372,7,0,"2",,"A","200","D","01","D",600,"D",,"A",,"A",,"A",,"A",,"A",,"A",,"A",,"A",,"A"
"20132",2656552,17,0,"1",,"A","110","D","01","D",200,"D",,"A",,"A",,"A",,"A",,"A",,"A",,"A",,"A",,"A"
"20132",2656612,5,0,"1",,"A","110","D","03","D",48,"D",,"A",,"A",,"A",,"A",,"A",,"A",,"A",,"A",,"A"
"20132",2657092,7,0,"2",,"A","220","D","01","D",51,"D",,"A",,"A",,"A",,"A",,"A",,"A",,"A",,"A",,"A"
"20132",2657262,6,0,"1",,"A","130","D","03","D",45,"D",,"A",,"A",,"A",,"A",,"A",,"A",,"A",,"A",,"A"
"20132",2657262,7,0,"1",,"A","190","D","02","D",40,"D",,"A",,"A",,"A",,"A",,"A",,"A",,"A",,"A",,"A"
"20132",2658272,14,0,"1",,"A","190","D","02","D",75,"D",,"A",,"A",,"A",,"A",,"A",,"A",,"A",,"A",,"A"
"20132",2658272,15,0,"1",,"A","200","D","04","D",127,"D",,"A",,"A",,"A",,"A",,"A",,"A",,"A",,"A",,"A"
"20132",2658292,7,0,"1",,"A","190","D","04","D",87,"D",,"A",,"A",,"A",,"A",,"A",,"A",,"A",,"A",,"A"
"20132",2658412,13,0,"1",,"A","130","D","04","D",15,"D",,"A",,"A",,"A",,"A",,"A",,"A",,"A",,"A",,"A"
"20132",2658582,5,0,"1",,"A","130","D","04","D",40,"D",,"A",,"A",,"A",,"A",,"A",,"A",,"A",,"A",,"A"
"20132",2658712,2,0,"1",,"A","220","D","03","D",28,"D",,"A",,"A",,"A",,"A",,"A",,"A",,"A",,"A",,"A"
"20132",2658822,4,0,"1",,"A","190","D","02","D",97,"F",,"A",,"A",,"A",,"A",,"A",,"A",,"A",,"A",,"A"
"20132",2659342,3,0,"1",,"A","200","D","04","D",25,"D",,"A",,"A",,"A",,"A",,"A",,"A",,"A",,"A",,"A"
"20132",2659552,18,0,"1",,"A","190","D","04","D",503,"D",,"A",,"A",,"A",,"A",,"A",,"A",,"A",,"A",,"A"
"20132",2659552,19,0,"1",,"A","200","D","03","D",100,"D",,"A",,"A",,"A",,"A",,"A",,"A",,"A",,"A",,"A"
"20132",2659582,5,0,"1",,"A","110","D","02","D",300,"D",,"A",,"A",,"A",,"A",,"A",,"A",,"A",,"A",,"A"
"20132",2659672,23,0,"1",,"A","190","D","04","D",50,"D",,"A",,"A",,"A",,"A",,"A",,"A",,"A",,"A",,"A"
"20132",2659742,10,0,"1",,"A","190","D","04","D",115,"D",,"A",,"A",,"A",,"A",,"A",,"A",,"A",,"A",,"A"
"20132",2659742,11,0,"1",,"A","190","D","02","D",305,"D",,"A",,"A",,"A",,"A",,"A",,"A",,"A",,"A",,"A"
"20132",2659892,4,0,"1",,"A","200","D","03","D",25,"D","200","D",,"A",,"A",,"A",,"A",,"A",,"A",,"A",,"A"
"20132",2660632,10,0,"1",,"A","130","D","02","D",97,"D",,"A",,"A",,"A",,"A",,"A",,"A",,"A",,"A",,"A"
"20132",2660692,4,0,"1",,"A","190","D","02","D",65,"D",,"A",,"A",,"A",,"A",,"A",,"A",,"A",,"A",,"A"
"20132",2660722,3,0,"1",,"A","200","D","02","D",27,"D",,"A",,"A",,"A",,"A",,"A",,"A",,"A",,"A",,"A"
"20132",2660722,4,0,"1",,"A","200","D","03","D",27,"D",,"A",,"A",,"A",,"A",,"A",,"A",,"A",,"A",,"A"
"20132",2660722,5,0,"1",,"A","200","D","04","D",27,"D",,"A",,"A",,"A",,"A",,"A",,"A",,"A",,"A",,"A"
"20132",2661052,7,0,"1",,"A","130","D","04","D",58,"D",,"A",,"A",,"A",,"A",,"A",,"A",,"A",,"A",,"A"
"20132",2661182,7,0,"1",,"A","100","D","04","D",50,"D",,"A",,"A",,"A",,"A",,"A",,"A",,"A",,"A",,"A"
"20132",2661532,5,0,"1",,"A","220","D","03","D",70,"D",,"A",,"A",,"A",,"A",,"A",,"A",,"A",,"A",,"A"
"20132",2661572,9,0,"1",,"A","130","D","04","D",200,"D",,"A",,"A",,"A",,"A",,"A",,"A",,"A",,"A",,"A"
"20132",2661582,2,0,"1",,"A","190","D","02","D",32,"D",,"A",,"A",,"A",,"A",,"A",,"A",,"A",,"A",,"A"
"20132",2661582,3,0,"1",,"A","190","D","03","D",32,"D",,"A",,"A",,"A",,"A",,"A",,"A",,"A",,"A",,"A"
"20132",2661582,4,0,"1",,"A","190","D","04","D",32,"D",,"A",,"A",,"A",,"A",,"A",,"A",,"A",,"A",,"A"
"20132",2661782,2,0,"1",,"A","190","D","03","D",295,"D",,"A",,"A",,"A",,"A",,"A",,"A",,"A",,"A",,"A"
"20132",2661962,13,0,"1",,"A","190","D","02","D",106,"D",,"A",,"A",,"A",,"A",,"A",,"A",,"A",,"A",,"A"
"20132",2662182,10,0,"1",,"A","190","D","02","D",111,"D",,"A",,"A",,"A",,"A",,"A",,"A",,"A",,"A",,"A"
"20132",2662422,10,0,"1",,"A","110","D","04","D",425,"D",,"A",,"A",,"A",,"A",,"A",,"A",,"A",,"A",,"A"
"20132",2662422,11,0,"1",,"A","190","D","02","D",25,"D",,"A",,"A",,"A",,"A",,"A",,"A",,"A",,"A",,"A"
"20132",2662422,12,0,"1",,"A","190","D","03","D",25,"D",,"A",,"A",,"A",,"A",,"A",,"A",,"A",,"A",,"A"
"20132",2662422,13,0,"1",,"A","190","D","04","D",25,"D",,"A",,"A",,"A",,"A",,"A",,"A",,"A",,"A",,"A"
"20132",2662762,18,0,"2",,"A","190","D","02","D",45,"D",,"A",,"A",,"A",,"A",,"A",,"A",,"A",,"A",,"A"
"20132",2662782,5,0,"1",,"A","130","D","04","D",48,"D",,"A",,"A",,"A",,"A",,"A",,"A",,"A",,"A",,"A"
"20132",2663202,10,0,"1",,"A","190","D","02","D",250,"D",,"A",,"A",,"A",,"A",,"A",,"A",,"A",,"A",,"A"
"20132",2663512,10,0,"1",,"A","200","D","04","D",65,"D",,"A",,"A",,"A",,"A",,"A",,"A",,"A",,"A",,"A"
"20132",2663602,7,0,"1",,"A","170","D","04","D",100,"D",,"A",,"A",,"A",,"A",,"A",,"A",,"A",,"A",,"A"
"20132",2663623,14,0,"1",,"A","190","D","02","D",54,"D",,"A",,"A",,"A",,"A",,"A",,"A",,"A",,"A",,"A"
"20132",2663642,13,0,"1",,"A","190","D","04","D",95,"D",,"A",,"A",,"A",,"A",,"A",,"A",,"A",,"A",,"A"
"20132",2663672,3,0,"1",,"A","130","D","04","D",192,"D",,"A",,"A",,"A",,"A",,"A",,"A",,"A",,"A",,"A"
"20132",2663702,3,0,"1",,"A","190","D","04","D",91,"D",,"A",,"A",,"A",,"A",,"A",,"A",,"A",,"A",,"A"
"20132",2664142,24,0,"1",,"A","130","D","04","D",30,"D",,"A",,"A",,"A",,"A",,"A",,"A",,"A",,"A",,"A"
"20132",2664392,12,0,"1",,"A","190","D","02","D",75,"D",,"A",,"A",,"A",,"A",,"A",,"A",,"A",,"A",,"A"
"20132",2664472,11,0,"2",,"A","190","D","02","D",214,"D",,"A",,"A",,"A",,"A",,"A",,"A",,"A",,"A",,"A"
"20132",2664762,14,0,"1",,"A","190","D","03","D",800,"D",,"A",,"A",,"A",,"A",,"A",,"A",,"A",,"A",,"A"
"20132",2664812,4,0,"2",,"A","190","D","02","D",50,"D",,"A",,"A",,"A",,"A",,"A",,"A",,"A",,"A",,"A"
"20132",2664942,8,0,"2",,"A","190","D","02","D",120,"D",,"A",,"A",,"A",,"A",,"A",,"A",,"A",,"A",,"A"
"20132",2665132,13,0,"1",,"A","110","D","03","D",91,"D",,"A",,"A",,"A",,"A",,"A",,"A",,"A",,"A",,"A"
"20132",2665362,6,0,"1",,"A","170","D","04","D",71,"D",,"A",,"A",,"A",,"A",,"A",,"A",,"A",,"A",,"A"
"20132",2665442,8,0,"1",,"A","200","D","04","D",131,"F",,"A",,"A",,"A",,"A",,"A",,"A",,"A",,"A",,"A"
"20132",2665442,9,0,"1",,"A","190","D","02","D",97,"F",,"A",,"A",,"A",,"A",,"A",,"A",,"A",,"A",,"A"
"20132",2665522,3,0,"1",,"A","220","D","02","D",25,"D",,"A",,"A",,"A",,"A",,"A",,"A",,"A",,"A",,"A"
"20132",2665762,4,0,"1",,"A","190","D","04","D",300,"D",,"A",,"A",,"A",,"A",,"A",,"A",,"A",,"A",,"A"
"20132",2666542,2,0,"1",,"A","190","D","02","D",100,"D",,"A",,"A",,"A",,"A",,"A",,"A",,"A",,"A",,"A"
"20132",2666552,11,0,"1",,"A","200","D","04","D",72,"D",,"A",,"A",,"A",,"A",,"A",,"A",,"A",,"A",,"A"
"20132",2667232,6,0,"1",,"A","120","D","04","D",543,"D",,"A",,"A",,"A",,"A",,"A",,"A",,"A",,"A",,"A"
"20132",2667522,6,0,"1",,"A","110","D","04","D",76,"D",,"A",,"A",,"A",,"A",,"A",,"A",,"A",,"A",,"A"
"20132",2667542,14,0,"1",,"A","200","D","03","D",30,"D",,"A",,"A",,"A",,"A",,"A",,"A",,"A",,"A",,"A"
"20132",2667982,7,0,"1",,"A","200","D","04","D",160,"D",,"A",,"A",,"A",,"A",,"A",,"A",,"A",,"A",,"A"
"20132",2667982,8,0,"1",,"A","200","D","04","D",180,"D",,"A",,"A",,"A",,"A",,"A",,"A",,"A",,"A",,"A"
"20132",2668082,3,0,"1",,"A","110","D","04","D",250,"D",,"A",,"A",,"A",,"A",,"A",,"A",,"A",,"A",,"A"
"20132",2668132,12,0,"1",,"A","190","D","02","D",100,"D",,"A",,"A",,"A",,"A",,"A",,"A",,"A",,"A",,"A"
"20132",2668292,14,0,"1",,"A","110","D","04","D",95,"D",,"A",,"A",,"A",,"A",,"A",,"A",,"A",,"A",,"A"
"20132",2668372,9,0,"2",,"A","130","D","02","D",398,"D",,"A",,"A",,"A",,"A",,"A",,"A",,"A",,"A",,"A"
"20132",2668422,4,0,"1",,"A","130","D","04","D",96,"D",,"A",,"A",,"A",,"A",,"A",,"A",,"A",,"A",,"A"
"20132",2668552,15,0,"1",,"A","170","D","04","D",109,"D",,"A",,"A",,"A",,"A",,"A",,"A",,"A",,"A",,"A"
"20132",2668582,12,0,"1",,"A","110","D","02","D",32,"D",,"A",,"A",,"A",,"A",,"A",,"A",,"A",,"A",,"A"
"20132",2668582,13,0,"1",,"A","110","D","03","D",32,"D",,"A",,"A",,"A",,"A",,"A",,"A",,"A",,"A",,"A"
"20132",2668582,14,0,"1",,"A","110","D","04","D",32,"D",,"A",,"A",,"A",,"A",,"A",,"A",,"A",,"A",,"A"
"20132",2668592,3,0,"2",,"A","220","D","02","D",280,"D",,"A",,"A",,"A",,"A",,"A",,"A",,"A",,"A",,"A"
"20132",2668672,48,0,"1",,"A","190","D","04","D",20,"D",,"A",,"A",,"A",,"A",,"A",,"A",,"A",,"A",,"A"
"20132",2668752,2,0,"1",,"A","150","D","03","D",500,"D",,"A",,"A",,"A",,"A",,"A",,"A",,"A",,"A",,"A"
"20132",2669082,8,0,"1",,"A","110","D","05","D",832,"D",,"A",,"A",,"A",,"A",,"A",,"A",,"A",,"A",,"A"
"20132",2669082,9,0,"1",,"A","190","D","03","D",70,"D",,"A",,"A",,"A",,"A",,"A",,"A",,"A",,"A",,"A"
"20132",2669082,10,0,"1",,"A","190","D","05","D",180,"D",,"A",,"A",,"A",,"A",,"A",,"A",,"A",,"A",,"A"
"20132",2669212,9,0,"1",,"A","190","D","03","D",75,"D",,"A",,"A",,"A",,"A",,"A",,"A",,"A",,"A",,"A"
"20132",2669262,3,0,"1",,"A","200","D","05","D",650,"D",,"A",,"A",,"A",,"A",,"A",,"A",,"A",,"A",,"A"
"20132",2669352,6,0,"1",,"A","190","D","03","D",118,"D",,"A",,"A",,"A",,"A",,"A",,"A",,"A",,"A",,"A"
"20132",2669502,8,0,"2",,"A","130","D","03","D",20,"D",,"A",,"A",,"A",,"A",,"A",,"A",,"A",,"A",,"A"
"20132",2669512,9,0,"1",,"A","190","D","04","D",146,"D",,"A",,"A",,"A",,"A",,"A",,"A",,"A",,"A",,"A"
"20132",2669842,10,0,"1",,"A","110","D","03","D",29,"D",,"A",,"A",,"A",,"A",,"A",,"A",,"A",,"A",,"A"
"20132",2669842,11,0,"1",,"A","110","D","04","D",29,"D",,"A",,"A",,"A",,"A",,"A",,"A",,"A",,"A",,"A"
"20132",2669842,12,0,"1",,"A","130","D","05","D",29,"D",,"A",,"A",,"A",,"A",,"A",,"A",,"A",,"A",,"A"
"20132",2670062,2,0,"1",,"A","190","D","05","D",97,"F",,"A",,"A",,"A",,"A",,"A",,"A",,"A",,"A",,"A"
"20132",2670562,5,0,"2",,"A","190","D","03","D",77,"D",,"A",,"A",,"A",,"A",,"A",,"A",,"A",,"A",,"A"
"20132",2670662,8,0,"1",,"A","190","D","03","D",499,"D",,"A",,"A",,"A",,"A",,"A",,"A",,"A",,"A",,"A"
"20132",2670662,9,0,"1",,"A","130","D","03","D",305,"D",,"A",,"A",,"A",,"A",,"A",,"A",,"A",,"A",,"A"
"20132",2670752,7,0,"1",,"A","190","D","04","D",85,"D",,"A",,"A",,"A",,"A",,"A",,"A",,"A",,"A",,"A"
"20132",2670752,8,0,"1",,"A","110","D","04","D",125,"D",,"A",,"A",,"A",,"A",,"A",,"A",,"A",,"A",,"A"
"20132",2670812,9,0,"1",,"A","110","D","04","D",90,"D",,"A",,"A",,"A",,"A",,"A",,"A",,"A",,"A",,"A"
"20132",2670832,10,0,"1",,"A","200","D","05","D",350,"D",,"A",,"A",,"A",,"A",,"A",,"A",,"A",,"A",,"A"
"20132",2670912,7,0,"1",,"A","110","D","04","D",139,"D",,"A",,"A",,"A",,"A",,"A",,"A",,"A",,"A",,"A"
"20132",2671202,3,0,"2",,"A","110","D","03","D",150,"D",,"A",,"A",,"A",,"A",,"A",,"A",,"A",,"A",,"A"
"20132",2671252,3,0,"1",,"A","110","D","03","D",250,"D",,"A",,"A",,"A",,"A",,"A",,"A",,"A",,"A",,"A"
"20132",2671252,4,0,"1",,"A","190","D","03","D",180,"D",,"A",,"A",,"A",,"A",,"A",,"A",,"A",,"A",,"A"
"20132",2671382,12,0,"1",,"A","190","D","05","D",54,"D",,"A",,"A",,"A",,"A",,"A",,"A",,"A",,"A",,"A"
"20132",2671482,7,0,"1",,"A","110","D","04","D",20,"D",,"A",,"A",,"A",,"A",,"A",,"A",,"A",,"A",,"A"
"20132",2671632,23,0,"1",,"A","110","D","04","D",112,"D",,"A",,"A",,"A",,"A",,"A",,"A",,"A",,"A",,"A"
"20132",2671632,24,0,"1",,"A","210","D","05","D",.,"H","110","D","200","D","100","D",,"A",,"A",,"A",,"A",,"A",,"A"
"20132",2671632,24,1,"1",,"A","110","D","05","D",19,"E",,"A",,"A",,"A",,"A",,"A",,"A",,"A",,"A",,"A"
"20132",2671632,24,2,"1",,"A","200","D","05","D",3,"E",,"A",,"A",,"A",,"A",,"A",,"A",,"A",,"A",,"A"
"20132",2671632,24,3,"1",,"A","100","D","05","D",20,"E",,"A",,"A",,"A",,"A",,"A",,"A",,"A",,"A",,"A"
"20132",2671632,25,0,"1",,"A","210","D","03","D",.,"H","200","D","110","D",,"A",,"A",,"A",,"A",,"A",,"A",,"A"
"20132",2671632,25,1,"1",,"A","200","D","03","D",7,"E",,"A",,"A",,"A",,"A",,"A",,"A",,"A",,"A",,"A"
"20132",2671632,25,2,"1",,"A","110","D","03","D",30,"E",,"A",,"A",,"A",,"A",,"A",,"A",,"A",,"A",,"A"
"20132",2672422,25,0,"1",,"A","130","D","04","D",40,"D",,"A",,"A",,"A",,"A",,"A",,"A",,"A",,"A",,"A"
"20132",2672712,5,0,"1",,"A","130","D","05","D",76,"D",,"A",,"A",,"A",,"A",,"A",,"A",,"A",,"A",,"A"
"20132",2672782,19,0,"1",,"A","200","D","05","D",175,"D",,"A",,"A",,"A",,"A",,"A",,"A",,"A",,"A",,"A"
"20132",2672802,10,0,"1",,"A","190","D","05","D",35,"D",,"A",,"A",,"A",,"A",,"A",,"A",,"A",,"A",,"A"
"20132",2672922,21,0,"1",,"A","190","D","04","D",406,"D",,"A",,"A",,"A",,"A",,"A",,"A",,"A",,"A",,"A"
"20132",2672952,7,0,"1",,"A","110","D","04","D",55,"D",,"A",,"A",,"A",,"A",,"A",,"A",,"A",,"A",,"A"
"20132",2672992,3,0,"1",,"A","110","D","04","D",100,"D",,"A",,"A",,"A",,"A",,"A",,"A",,"A",,"A",,"A"
"20132",2673372,8,0,"1",,"A","130","D","05","D",17,"D",,"A",,"A",,"A",,"A",,"A",,"A",,"A",,"A",,"A"
"20132",2673382,1,0,"1",,"A","200","D","03","D",139,"D",,"A",,"A",,"A",,"A",,"A",,"A",,"A",,"A",,"A"
"20132",2673522,21,0,"1",,"A","190","D","04","D",106,"D",,"A",,"A",,"A",,"A",,"A",,"A",,"A",,"A",,"A"
"20132",2673832,3,0,"1",,"A","190","D","03","D",165,"D",,"A",,"A",,"A",,"A",,"A",,"A",,"A",,"A",,"A"
"20132",2673872,7,0,"1",,"A","130","D","05","D",107,"D",,"A",,"A",,"A",,"A",,"A",,"A",,"A",,"A",,"A"
"20132",2674092,16,0,"1",,"A","220","D","04","D",100,"D",,"A",,"A",,"A",,"A",,"A",,"A",,"A",,"A",,"A"
"20132",2674152,7,0,"1",,"A","190","D","04","D",93,"D",,"A",,"A",,"A",,"A",,"A",,"A",,"A",,"A",,"A"
"20132",2674292,7,0,"1",,"A","110","D","04","D",434,"D",,"A",,"A",,"A",,"A",,"A",,"A",,"A",,"A",,"A"
"20132",2674592,2,0,"1",,"A","190","D","04","D",76,"D",,"A",,"A",,"A",,"A",,"A",,"A",,"A",,"A",,"A"
"20132",2674742,8,0,"1",,"A","110","D","03","D",4,"D",,"A",,"A",,"A",,"A",,"A",,"A",,"A",,"A",,"A"
"20132",2674742,9,0,"1",,"A","110","D","04","D",4,"D",,"A",,"A",,"A",,"A",,"A",,"A",,"A",,"A",,"A"
"20132",2674742,10,0,"1",,"A","110","D","05","D",4,"D",,"A",,"A",,"A",,"A",,"A",,"A",,"A",,"A",,"A"
"20132",2674742,11,0,"1",,"A","200","D","03","D",50,"D",,"A",,"A",,"A",,"A",,"A",,"A",,"A",,"A",,"A"
"20132",2674742,12,0,"1",,"A","200","D","04","D",50,"D",,"A",,"A",,"A",,"A",,"A",,"A",,"A",,"A",,"A"
"20132",2674812,5,0,"1",,"A","150","D","05","D",250,"D",,"A",,"A",,"A",,"A",,"A",,"A",,"A",,"A",,"A"
"20132",2674852,14,0,"2",,"A","130","D","03","D",90,"D",,"A",,"A",,"A",,"A",,"A",,"A",,"A",,"A",,"A"
"20132",2675132,7,0,"1",,"A","190","D","05","D",90,"D",,"A",,"A",,"A",,"A",,"A",,"A",,"A",,"A",,"A"
"20132",2676472,20,0,"1",,"A","140","D","05","D",103,"D",,"A",,"A",,"A",,"A",,"A",,"A",,"A",,"A",,"A"
"20132",2676472,21,0,"1",,"A","190","D","03","D",152,"D",,"A",,"A",,"A",,"A",,"A",,"A",,"A",,"A",,"A"
"20132",2676472,22,0,"1",,"A","190","D","05","D",152,"D",,"A",,"A",,"A",,"A",,"A",,"A",,"A",,"A",,"A"
"20132",2677282,1,0,"1",,"A","190","D","05","D",48,"D",,"A",,"A",,"A",,"A",,"A",,"A",,"A",,"A",,"A"
"20132",2677472,11,0,"1",,"A","190","D","03","D",96,"D",,"A",,"A",,"A",,"A",,"A",,"A",,"A",,"A",,"A"
"20132",2678142,5,0,"1",,"A","190","D","05","D",130,"D",,"A",,"A",,"A",,"A",,"A",,"A",,"A",,"A",,"A"
"20132",2678352,11,0,"1",,"A","190","D","04","D",65,"D",,"A",,"A",,"A",,"A",,"A",,"A",,"A",,"A",,"A"
"20132",2678352,12,0,"2",,"A","200","D","03","D",40,"D",,"A",,"A",,"A",,"A",,"A",,"A",,"A",,"A",,"A"
"20132",2678512,8,0,"1",,"A","190","D","04","D",51,"D",,"A",,"A",,"A",,"A",,"A",,"A",,"A",,"A",,"A"
"20132",2678512,9,0,"1",,"A","190","D","05","D",51,"D",,"A",,"A",,"A",,"A",,"A",,"A",,"A",,"A",,"A"
"20132",2678612,9,0,"1",,"A","110","D","04","D",315,"D",,"A",,"A",,"A",,"A",,"A",,"A",,"A",,"A",,"A"
"20132",2678612,10,0,"1",,"A","190","D","05","D",97,"D",,"A",,"A",,"A",,"A",,"A",,"A",,"A",,"A",,"A"
"20132",2678622,11,0,"1",,"A","130","D","05","D",40,"D",,"A",,"A",,"A",,"A",,"A",,"A",,"A",,"A",,"A"
"20132",2678652,6,0,"1",,"A","190","D","05","D",45,"D",,"A",,"A",,"A",,"A",,"A",,"A",,"A",,"A",,"A"
"20132",2678652,7,0,"2",,"A","190","D","03","D",48,"D",,"A",,"A",,"A",,"A",,"A",,"A",,"A",,"A",,"A"
"20132",2679232,7,0,"1",,"A","200","D","05","D",150,"D",,"A",,"A",,"A",,"A",,"A",,"A",,"A",,"A",,"A"
"20132",2679332,7,0,"1",,"A","190","D","05","D",76,"D",,"A",,"A",,"A",,"A",,"A",,"A",,"A",,"A",,"A"
"20132",2679442,9,0,"1",,"A","220","D","05","D",243,"D",,"A",,"A",,"A",,"A",,"A",,"A",,"A",,"A",,"A"
"20132",2679722,7,0,"1",,"A","220","D","04","D",85,"D",,"A",,"A",,"A",,"A",,"A",,"A",,"A",,"A",,"A"
"20132",2680192,11,0,"2",,"A","100","D","03","D",131,"D",,"A",,"A",,"A",,"A",,"A",,"A",,"A",,"A",,"A"
"20132",2693533,2,0,"1",,"A","110","D","04","D",214,"D",,"A",,"A",,"A",,"A",,"A",,"A",,"A",,"A",,"A"
"20132",2699844,8,0,"1",,"A","110","D","02","D",18,"D",,"A",,"A",,"A",,"A",,"A",,"A",,"A",,"A",,"A"
"20132",2699844,9,0,"1",,"A","110","D","03","D",18,"D",,"A",,"A",,"A",,"A",,"A",,"A",,"A",,"A",,"A"
"20132",2699844,10,0,"1",,"A","110","D","04","D",18,"D",,"A",,"A",,"A",,"A",,"A",,"A",,"A",,"A",,"A"
"20132",2703775,5,0,"1",,"A","120","D","04","D",300,"D",,"A",,"A",,"A",,"A",,"A",,"A",,"A",,"A",,"A"
"20132",2705775,10,0,"1",,"A","110","D","05","D",95,"D",,"A",,"A",,"A",,"A",,"A",,"A",,"A",,"A",,"A"
"20133",2578965,21,0,"1",,"A","200","D","04","D",190,"D",,"A",,"A",,"A",,"A",,"A",,"A",,"A",,"A",,"A"
"20133",2579005,6,0,"1",,"A","200","D","05","D",138,"D",,"A",,"A",,"A",,"A",,"A",,"A",,"A",,"A",,"A"
"20133",2579335,9,0,"1",,"A","190","D","04","D",67,"D",,"A",,"A",,"A",,"A",,"A",,"A",,"A",,"A",,"A"
"20133",2579335,10,0,"1",,"A","190","D","05","D",67,"D",,"A",,"A",,"A",,"A",,"A",,"A",,"A",,"A",,"A"
"20133",2579335,11,0,"1",,"A","190","D","06","D",67,"D",,"A",,"A",,"A",,"A",,"A",,"A",,"A",,"A",,"A"
"20133",2579405,5,0,"1",,"A","130","D","05","D",810,"D",,"A",,"A",,"A",,"A",,"A",,"A",,"A",,"A",,"A"
"20133",2579785,12,0,"1",,"A","130","D","05","D",38,"D",,"A",,"A",,"A",,"A",,"A",,"A",,"A",,"A",,"A"
"20133",2579855,4,0,"1",,"A","190","D","04","D",48,"D",,"A",,"A",,"A",,"A",,"A",,"A",,"A",,"A",,"A"
"20133",2579855,5,0,"1",,"A","190","D","06","D",48,"D",,"A",,"A",,"A",,"A",,"A",,"A",,"A",,"A",,"A"
"20133",2580005,3,0,"1",,"A","110","D","05","D",187,"D",,"A",,"A",,"A",,"A",,"A",,"A",,"A",,"A",,"A"
"20133",2580235,2,0,"1",,"A","190","D","06","D",145,"D",,"A",,"A",,"A",,"A",,"A",,"A",,"A",,"A",,"A"
"20133",2580545,12,0,"1",,"A","190","D","04","D",38,"D",,"A",,"A",,"A",,"A",,"A",,"A",,"A",,"A",,"A"
"20133",2580545,13,0,"1",,"A","190","D","05","D",38,"D",,"A",,"A",,"A",,"A",,"A",,"A",,"A",,"A",,"A"
"20133",2580545,14,0,"1",,"A","190","D","06","D",38,"D",,"A",,"A",,"A",,"A",,"A",,"A",,"A",,"A",,"A"
"20133",2580545,15,0,"2",,"A","190","D","04","D",38,"D",,"A",,"A",,"A",,"A",,"A",,"A",,"A",,"A",,"A"
"20133",2580595,12,0,"1",,"A","110","D","04","D",80,"D",,"A",,"A",,"A",,"A",,"A",,"A",,"A",,"A",,"A"
"20133",2580835,9,0,"1",,"A","110","D","06","D",199,"D",,"A",,"A",,"A",,"A",,"A",,"A",,"A",,"A",,"A"
"20133",2580835,10,0,"1",,"A","190","D","05","D",175,"D",,"A",,"A",,"A",,"A",,"A",,"A",,"A",,"A",,"A"
"20133",2580885,7,0,"1",,"A","110","D","04","D",275,"D",,"A",,"A",,"A",,"A",,"A",,"A",,"A",,"A",,"A"
"20133",2580885,8,0,"2",,"A","110","D","04","D",85,"D",,"A",,"A",,"A",,"A",,"A",,"A",,"A",,"A",,"A"
"20133",2581085,3,0,"1",,"A","200","D","06","D",852,"D",,"A",,"A",,"A",,"A",,"A",,"A",,"A",,"A",,"A"
"20133",2581195,6,0,"1",,"A","190","D","04","D",160,"D",,"A",,"A",,"A",,"A",,"A",,"A",,"A",,"A",,"A"
"20133",2581285,13,0,"1",,"A","120","D","04","D",100,"D",,"A",,"A",,"A",,"A",,"A",,"A",,"A",,"A",,"A"
"20133",2581315,6,0,"1",,"A","190","D","05","D",70,"D",,"A",,"A",,"A",,"A",,"A",,"A",,"A",,"A",,"A"
"20133",2581585,5,0,"1",,"A","110","D","05","D",135,"D",,"A",,"A",,"A",,"A",,"A",,"A",,"A",,"A",,"A"
"20133",2581925,16,0,"1",,"A","220","D","06","D",200,"D",,"A",,"A",,"A",,"A",,"A",,"A",,"A",,"A",,"A"
"20133",2582235,1,0,"1",,"A","190","D","04","D",30,"D",,"A",,"A",,"A",,"A",,"A",,"A",,"A",,"A",,"A"
"20133",2582235,2,0,"1",,"A","190","D","05","D",30,"D",,"A",,"A",,"A",,"A",,"A",,"A",,"A",,"A",,"A"
"20133",2582235,3,0,"1",,"A","190","D","06","D",30,"D",,"A",,"A",,"A",,"A",,"A",,"A",,"A",,"A",,"A"
"20133",2582235,4,0,"2",,"A","190","D","04","D",40,"D",,"A",,"A",,"A",,"A",,"A",,"A",,"A",,"A",,"A"
"20133",2582285,11,0,"1",,"A","100","D","06","D",530,"D",,"A",,"A",,"A",,"A",,"A",,"A",,"A",,"A",,"A"
"20133",2582375,6,0,"1",,"A","190","D","05","D",76,"D",,"A",,"A",,"A",,"A",,"A",,"A",,"A",,"A",,"A"
"20133",2582375,7,0,"1",,"A","190","D","06","D",63,"D",,"A",,"A",,"A",,"A",,"A",,"A",,"A",,"A",,"A"
"20133",2582485,8,0,"1",,"A","220","D","06","D",161,"D",,"A",,"A",,"A",,"A",,"A",,"A",,"A",,"A",,"A"
"20133",2582595,16,0,"1",,"A","130","D","05","D",270,"D",,"A",,"A",,"A",,"A",,"A",,"A",,"A",,"A",,"A"
"20133",2582615,8,0,"1",,"A","100","D","05","D",60,"D",,"A",,"A",,"A",,"A",,"A",,"A",,"A",,"A",,"A"
"20133",2582735,26,0,"1",,"A","170","D","06","D",25,"D",,"A",,"A",,"A",,"A",,"A",,"A",,"A",,"A",,"A"
"20133",2583135,12,0,"1",,"A","190","D","05","D",82,"D",,"A",,"A",,"A",,"A",,"A",,"A",,"A",,"A",,"A"
"20133",2583135,13,0,"2",,"A","190","D","04","D",65,"D",,"A",,"A",,"A",,"A",,"A",,"A",,"A",,"A",,"A"
"20133",2583145,5,0,"1",,"A","130","D","05","D",250,"D",,"A",,"A",,"A",,"A",,"A",,"A",,"A",,"A",,"A"
"20133",2583585,15,0,"1",,"A","190","D","05","D",150,"D",,"A",,"A",,"A",,"A",,"A",,"A",,"A",,"A",,"A"
"20133",2583585,16,0,"1",,"A","190","D","05","D",100,"D",,"A",,"A",,"A",,"A",,"A",,"A",,"A",,"A",,"A"
"20133",2583585,17,0,"1",,"A","200","D","06","D",159,"D",,"A",,"A",,"A",,"A",,"A",,"A",,"A",,"A",,"A"
"20133",2583595,10,0,"1",,"A","190","D","06","D",67,"D",,"A",,"A",,"A",,"A",,"A",,"A",,"A",,"A",,"A"
"20133",2583835,34,0,"1",,"A","130","D","04","D",445,"D",,"A",,"A",,"A",,"A",,"A",,"A",,"A",,"A",,"A"
"20133",2583845,7,0,"1",,"A","190","D","06","D",280,"D",,"A",,"A",,"A",,"A",,"A",,"A",,"A",,"A",,"A"
"20133",2584185,18,0,"1",,"A","220","D","04","D",70,"D",,"A",,"A",,"A",,"A",,"A",,"A",,"A",,"A",,"A"
"20133",2584355,16,0,"1",,"A","110","D","04","D",613,"D",,"A",,"A",,"A",,"A",,"A",,"A",,"A",,"A",,"A"
"20133",2584525,2,0,"1",,"A","190","D","04","D",11,"D",,"A",,"A",,"A",,"A",,"A",,"A",,"A",,"A",,"A"
"20133",2585575,3,0,"1",,"A","110","D","06","D",150,"D",,"A",,"A",,"A",,"A",,"A",,"A",,"A",,"A",,"A"
"20133",2585605,12,0,"1",,"A","190","D","06","D",125,"D",,"A",,"A",,"A",,"A",,"A",,"A",,"A",,"A",,"A"
"20133",2585665,20,0,"1",,"A","170","D","06","D",248,"D",,"A",,"A",,"A",,"A",,"A",,"A",,"A",,"A",,"A"
"20133",2586115,5,0,"1",,"A","110","D","06","D",98,"D",,"A",,"A",,"A",,"A",,"A",,"A",,"A",,"A",,"A"
"20133",2586365,9,0,"1",,"A","190","D","06","D",83,"D",,"A",,"A",,"A",,"A",,"A",,"A",,"A",,"A",,"A"
"20133",2587035,9,0,"1",,"A","200","D","05","D",100,"D",,"A",,"A",,"A",,"A",,"A",,"A",,"A",,"A",,"A"
"20133",2587075,6,0,"1",,"A","190","D","04","D",30,"D",,"A",,"A",,"A",,"A",,"A",,"A",,"A",,"A",,"A"
"20133",2587075,7,0,"1",,"A","190","D","05","D",30,"D",,"A",,"A",,"A",,"A",,"A",,"A",,"A",,"A",,"A"
"20133",2587075,8,0,"1",,"A","190","D","06","D",30,"D",,"A",,"A",,"A",,"A",,"A",,"A",,"A",,"A",,"A"
"20133",2587075,9,0,"2",,"A","190","D","04","D",33,"D",,"A",,"A",,"A",,"A",,"A",,"A",,"A",,"A",,"A"
"20133",2587115,3,0,"1",,"A","130","D","04","D",100,"D",,"A",,"A",,"A",,"A",,"A",,"A",,"A",,"A",,"A"
"20133",2587675,14,0,"1",,"A","110","D","06","D",102,"D",,"A",,"A",,"A",,"A",,"A",,"A",,"A",,"A",,"A"
"20133",2587815,14,0,"1",,"A","220","D","04","D",11,"D",,"A",,"A",,"A",,"A",,"A",,"A",,"A",,"A",,"A"
"20133",2587815,15,0,"1",,"A","220","D","05","D",11,"D",,"A",,"A",,"A",,"A",,"A",,"A",,"A",,"A",,"A"
"20133",2587815,16,0,"1",,"A","220","D","06","D",11,"D",,"A",,"A",,"A",,"A",,"A",,"A",,"A",,"A",,"A"
"20133",2587915,6,0,"1",,"A","200","D","04","D",45,"D",,"A",,"A",,"A",,"A",,"A",,"A",,"A",,"A",,"A"
"20133",2587915,7,0,"1",,"A","200","D","05","D",45,"D",,"A",,"A",,"A",,"A",,"A",,"A",,"A",,"A",,"A"
"20133",2587915,8,0,"1",,"A","200","D","06","D",45,"D",,"A",,"A",,"A",,"A",,"A",,"A",,"A",,"A",,"A"
"20133",2587975,8,0,"1",,"A","200","D","06","D",75,"D",,"A",,"A",,"A",,"A",,"A",,"A",,"A",,"A",,"A"
"20133",2588065,2,0,"1",,"A","190","D","04","D",17,"D",,"A",,"A",,"A",,"A",,"A",,"A",,"A",,"A",,"A"
"20133",2588065,3,0,"1",,"A","190","D","05","D",17,"D",,"A",,"A",,"A",,"A",,"A",,"A",,"A",,"A",,"A"
"20133",2588065,4,0,"1",,"A","190","D","06","D",17,"D",,"A",,"A",,"A",,"A",,"A",,"A",,"A",,"A",,"A"
"20133",2588135,11,0,"1",,"A","190","D","06","D",60,"D",,"A",,"A",,"A",,"A",,"A",,"A",,"A",,"A",,"A"
"20133",2588155,4,0,"1",,"A","200","D","05","D",350,"D",,"A",,"A",,"A",,"A",,"A",,"A",,"A",,"A",,"A"
"20133",2588175,10,0,"1",,"A","130","D","04","D",141,"D",,"A",,"A",,"A",,"A",,"A",,"A",,"A",,"A",,"A"
"20133",2588455,4,0,"1",,"A","110","D","04","D",49,"D",,"A",,"A",,"A",,"A",,"A",,"A",,"A",,"A",,"A"
"20133",2588455,5,0,"1",,"A","110","D","05","D",49,"D",,"A",,"A",,"A",,"A",,"A",,"A",,"A",,"A",,"A"
"20133",2588455,6,0,"1",,"A","110","D","06","D",49,"D",,"A",,"A",,"A",,"A",,"A",,"A",,"A",,"A",,"A"
"20133",2588585,25,0,"1",,"A","110","D","05","D",189,"D",,"A",,"A",,"A",,"A",,"A",,"A",,"A",,"A",,"A"
"20133",2588695,6,0,"1",,"A","190","D","06","D",72,"D",,"A",,"A",,"A",,"A",,"A",,"A",,"A",,"A",,"A"
"20133",2588775,27,0,"1",,"A","100","D","05","D",115,"D",,"A",,"A",,"A",,"A",,"A",,"A",,"A",,"A",,"A"
"20133",2588845,7,0,"1",,"A","110","D","05","D",300,"D",,"A",,"A",,"A",,"A",,"A",,"A",,"A",,"A",,"A"
"20133",2588845,8,0,"1",,"A","190","D","05","D",100,"D",,"A",,"A",,"A",,"A",,"A",,"A",,"A",,"A",,"A"
"20133",2588885,9,0,"1",,"A","110","D","06","D",230,"D",,"A",,"A",,"A",,"A",,"A",,"A",,"A",,"A",,"A"
"20133",2589155,5,0,"1",,"A","190","D","06","D",42,"D",,"A",,"A",,"A",,"A",,"A",,"A",,"A",,"A",,"A"
"20133",2589195,11,0,"1",,"A","110","D","05","D",49,"D",,"A",,"A",,"A",,"A",,"A",,"A",,"A",,"A",,"A"
"20133",2590035,1,0,"2",,"A","190","D","04","D",45,"D",,"A",,"A",,"A",,"A",,"A",,"A",,"A",,"A",,"A"
"20133",2590265,7,0,"1",,"A","190","D","04","D",27,"D",,"A",,"A",,"A",,"A",,"A",,"A",,"A",,"A",,"A"
"20133",2590265,8,0,"1",,"A","190","D","05","D",27,"D",,"A",,"A",,"A",,"A",,"A",,"A",,"A",,"A",,"A"
"20133",2590265,9,0,"1",,"A","190","D","06","D",27,"D",,"A",,"A",,"A",,"A",,"A",,"A",,"A",,"A",,"A"
"20133",2590385,4,0,"1",,"A","110","D","05","D",17,"D",,"A",,"A",,"A",,"A",,"A",,"A",,"A",,"A",,"A"
"20133",2590385,5,0,"1",,"A","110","D","06","D",17,"D",,"A",,"A",,"A",,"A",,"A",,"A",,"A",,"A",,"A"
"20133",2590385,6,0,"1",,"A","110","D","07","D",17,"D",,"A",,"A",,"A",,"A",,"A",,"A",,"A",,"A",,"A"
"20133",2590465,3,0,"1",,"A","190","D","06","D",80,"D",,"A",,"A",,"A",,"A",,"A",,"A",,"A",,"A",,"A"
"20133",2590815,24,0,"1",,"A","190","D","06","D",125,"D",,"A",,"A",,"A",,"A",,"A",,"A",,"A",,"A",,"A"
"20133",2590815,25,0,"1",,"A","190","D","07","D",110,"D",,"A",,"A",,"A",,"A",,"A",,"A",,"A",,"A",,"A"
"20133",2591075,10,0,"1",,"A","110","D","07","D",43,"D",,"A",,"A",,"A",,"A",,"A",,"A",,"A",,"A",,"A"
"20133",2591225,5,0,"1",,"A","110","D","07","D",122,"D",,"A",,"A",,"A",,"A",,"A",,"A",,"A",,"A",,"A"
"20133",2591515,3,0,"1",,"A","130","D","07","D",50,"D",,"A",,"A",,"A",,"A",,"A",,"A",,"A",,"A",,"A"
"20133",2592055,10,0,"1",,"A","190","D","06","D",99,"D",,"A",,"A",,"A",,"A",,"A",,"A",,"A",,"A",,"A"
"20133",2592065,13,0,"1",,"A","190","D","06","D",109,"D",,"A",,"A",,"A",,"A",,"A",,"A",,"A",,"A",,"A"
"20133",2592095,5,0,"1",,"A","120","D","06","D",17,"D",,"A",,"A",,"A",,"A",,"A",,"A",,"A",,"A",,"A"
"20133",2592575,15,0,"1",,"A","130","D","05","D",374,"D",,"A",,"A",,"A",,"A",,"A",,"A",,"A",,"A",,"A"
"20133",2592705,3,0,"1",,"A","190","D","06","D",238,"D",,"A",,"A",,"A",,"A",,"A",,"A",,"A",,"A",,"A"
"20133",2592745,4,0,"1",,"A","190","D","06","D",85,"D",,"A",,"A",,"A",,"A",,"A",,"A",,"A",,"A",,"A"
"20133",2593095,7,0,"1",,"A","190","D","06","D",66,"D",,"A",,"A",,"A",,"A",,"A",,"A",,"A",,"A",,"A"
"20133",2593095,8,0,"1",,"A","190","D","07","D",66,"D",,"A",,"A",,"A",,"A",,"A",,"A",,"A",,"A",,"A"
"20133",2593255,1,0,"1",,"A","110","D","07","D",173,"D",,"A",,"A",,"A",,"A",,"A",,"A",,"A",,"A",,"A"
"20133",2593365,6,0,"1",,"A","190","D","05","D",115,"D",,"A",,"A",,"A",,"A",,"A",,"A",,"A",,"A",,"A"
"20133",2593445,8,0,"1",,"A","190","D","07","D",145,"D",,"A",,"A",,"A",,"A",,"A",,"A",,"A",,"A",,"A"
"20133",2593445,9,0,"2",,"A","130","D","05","D",505,"D",,"A",,"A",,"A",,"A",,"A",,"A",,"A",,"A",,"A"
"20133",2593555,11,0,"2",,"A","130","D","05","D",22,"D",,"A",,"A",,"A",,"A",,"A",,"A",,"A",,"A",,"A"
"20133",2593595,3,0,"1",,"A","110","D","06","D",100,"D",,"A",,"A",,"A",,"A",,"A",,"A",,"A",,"A",,"A"
"20133",2593595,4,0,"1",,"A","110","D","06","D",200,"D",,"A",,"A",,"A",,"A",,"A",,"A",,"A",,"A",,"A"
"20133",2593645,15,0,"1",,"A","130","D","05","D",40,"D",,"A",,"A",,"A",,"A",,"A",,"A",,"A",,"A",,"A"
"20133",2593645,16,0,"1",,"A","200","D","07","D",20,"D",,"A",,"A",,"A",,"A",,"A",,"A",,"A",,"A",,"A"
"20133",2593645,17,0,"1",,"A","200","D","07","D",205,"D",,"A",,"A",,"A",,"A",,"A",,"A",,"A",,"A",,"A"
"20133",2593825,3,0,"1",,"A","170","D","07","D",40,"D",,"A",,"A",,"A",,"A",,"A",,"A",,"A",,"A",,"A"
"20133",2594065,10,0,"1",,"A","130","D","06","D",130,"D",,"A",,"A",,"A",,"A",,"A",,"A",,"A",,"A",,"A"
"20133",2594605,12,0,"1",,"A","190","D","06","D",120,"D",,"A",,"A",,"A",,"A",,"A",,"A",,"A",,"A",,"A"
"20133",2594615,9,0,"1",,"A","210","D","06","D",.,"H","110","D","200","D","100","D",,"A",,"A",,"A",,"A",,"A",,"A"
"20133",2594615,9,1,"1",,"A","110","D","06","D",19,"E",,"A",,"A",,"A",,"A",,"A",,"A",,"A",,"A",,"A"
"20133",2594615,9,2,"1",,"A","100","D","06","D",21,"E",,"A",,"A",,"A",,"A",,"A",,"A",,"A",,"A",,"A"
"20133",2594635,7,0,"1",,"A","120","D","06","D",60,"D",,"A",,"A",,"A",,"A",,"A",,"A",,"A",,"A",,"A"
"20133",2594845,8,0,"1",,"A","190","D","06","D",150,"D",,"A",,"A",,"A",,"A",,"A",,"A",,"A",,"A",,"A"
"20133",2595275,7,0,"1",,"A","200","D","07","D",296,"D",,"A",,"A",,"A",,"A",,"A",,"A",,"A",,"A",,"A"
"20133",2595355,9,0,"1",,"A","210","D","05","D",.,"H","100","D","200","D","110","D",,"A",,"A",,"A",,"A",,"A",,"A"
"20133",2595355,9,1,"1",,"A","100","D","05","D",41,"E",,"A",,"A",,"A",,"A",,"A",,"A",,"A",,"A",,"A"
"20133",2595355,9,2,"1",,"A","110","D","05","D",38,"E",,"A",,"A",,"A",,"A",,"A",,"A",,"A",,"A",,"A"
"20133",2595355,10,0,"1",,"A","210","D","06","D",.,"H","100","D","200","D","110","D",,"A",,"A",,"A",,"A",,"A",,"A"
"20133",2595355,10,1,"1",,"A","100","D","06","D",41,"E",,"A",,"A",,"A",,"A",,"A",,"A",,"A",,"A",,"A"
"20133",2595355,10,2,"1",,"A","110","D","06","D",38,"E",,"A",,"A",,"A",,"A",,"A",,"A",,"A",,"A",,"A"
"20133",2595355,11,0,"1",,"A","210","D","07","D",.,"H","100","D","200","D","110","D",,"A",,"A",,"A",,"A",,"A",,"A"
"20133",2595355,11,1,"1",,"A","100","D","07","D",41,"E",,"A",,"A",,"A",,"A",,"A",,"A",,"A",,"A",,"A"
"20133",2595355,11,2,"1",,"A","110","D","07","D",38,"E",,"A",,"A",,"A",,"A",,"A",,"A",,"A",,"A",,"A"
"20133",2595545,2,0,"2",,"A","190","D","05","D",40,"D",,"A",,"A",,"A",,"A",,"A",,"A",,"A",,"A",,"A"
"20133",2595735,5,0,"1",,"A","190","D","07","D",200,"D",,"A",,"A",,"A",,"A",,"A",,"A",,"A",,"A",,"A"
"20133",2595835,10,0,"1",,"A","190","D","05","D",35,"D",,"A",,"A",,"A",,"A",,"A",,"A",,"A",,"A",,"A"
"20133",2595835,11,0,"1",,"A","190","D","06","D",35,"D",,"A",,"A",,"A",,"A",,"A",,"A",,"A",,"A",,"A"
"20133",2595835,12,0,"1",,"A","190","D","07","D",35,"D",,"A",,"A",,"A",,"A",,"A",,"A",,"A",,"A",,"A"
"20133",2595835,13,0,"2",,"A","190","D","05","D",35,"D",,"A",,"A",,"A",,"A",,"A",,"A",,"A",,"A",,"A"
"20133",2595865,6,0,"1",,"A","110","D","06","D",46,"D",,"A",,"A",,"A",,"A",,"A",,"A",,"A",,"A",,"A"
"20133",2595865,7,0,"1",,"A","190","D","06","D",165,"D",,"A",,"A",,"A",,"A",,"A",,"A",,"A",,"A",,"A"
"20133",2595865,8,0,"2",,"A","190","D","05","D",145,"D",,"A",,"A",,"A",,"A",,"A",,"A",,"A",,"A",,"A"
"20133",2595955,11,0,"1",,"A","190","D","07","D",103,"D",,"A",,"A",,"A",,"A",,"A",,"A",,"A",,"A",,"A"
"20133",2595995,17,0,"1",,"A","190","D","07","D",75,"D",,"A",,"A",,"A",,"A",,"A",,"A",,"A",,"A",,"A"
"20133",2596205,8,0,"1",,"A","190","D","05","D",305,"D",,"A",,"A",,"A",,"A",,"A",,"A",,"A",,"A",,"A"
"20133",2596235,16,0,"2",,"A","130","D","05","D",100,"D",,"A",,"A",,"A",,"A",,"A",,"A",,"A",,"A",,"A"
"20133",2596335,4,0,"1",,"A","190","D","07","D",75,"D",,"A",,"A",,"A",,"A",,"A",,"A",,"A",,"A",,"A"
"20133",2596905,8,0,"2",,"A","200","D","05","D",12,"D",,"A",,"A",,"A",,"A",,"A",,"A",,"A",,"A",,"A"
"20133",2596915,9,0,"1",,"A","190","D","07","D",70,"D",,"A",,"A",,"A",,"A",,"A",,"A",,"A",,"A",,"A"
"20133",2597085,16,0,"1",,"A","190","D","07","D",845,"D",,"A",,"A",,"A",,"A",,"A",,"A",,"A",,"A",,"A"
"20133",2597095,33,0,"1",,"A","200","D","06","D",200,"D",,"A",,"A",,"A",,"A",,"A",,"A",,"A",,"A",,"A"
"20133",2597165,33,0,"1",,"A","100","D","07","D",114,"D",,"A",,"A",,"A",,"A",,"A",,"A",,"A",,"A",,"A"
"20133",2597605,4,0,"1",,"A","190","D","06","D",105,"D",,"A",,"A",,"A",,"A",,"A",,"A",,"A",,"A",,"A"
"20133",2598005,4,0,"1",,"A","220","D","07","D",80,"D",,"A",,"A",,"A",,"A",,"A",,"A",,"A",,"A",,"A"
"20133",2598155,6,0,"1",,"A","190","D","07","D",4000,"D",,"A",,"A",,"A",,"A",,"A",,"A",,"A",,"A",,"A"
"20133",2598175,10,0,"1",,"A","200","D","05","D",19,"D",,"A",,"A",,"A",,"A",,"A",,"A",,"A",,"A",,"A"
"20133",2598175,11,0,"1",,"A","200","D","06","D",19,"D",,"A",,"A",,"A",,"A",,"A",,"A",,"A",,"A",,"A"
"20133",2598175,12,0,"1",,"A","200","D","07","D",19,"D",,"A",,"A",,"A",,"A",,"A",,"A",,"A",,"A",,"A"
"20133",2598275,7,0,"1",,"A","190","D","07","D",80,"D",,"A",,"A",,"A",,"A",,"A",,"A",,"A",,"A",,"A"
"20133",2598595,7,0,"1",,"A","190","D","05","D",80,"D",,"A",,"A",,"A",,"A",,"A",,"A",,"A",,"A",,"A"
"20133",2598665,5,0,"1",,"A","170","D","05","D",40,"D",,"A",,"A",,"A",,"A",,"A",,"A",,"A",,"A",,"A"
"20133",2598915,7,0,"1",,"A","170","D","07","D",350,"D",,"A",,"A",,"A",,"A",,"A",,"A",,"A",,"A",,"A"
"20133",2598925,4,0,"1",,"A","110","D","05","D",50,"D",,"A",,"A",,"A",,"A",,"A",,"A",,"A",,"A",,"A"
"20133",2598965,4,0,"2",,"A","110","D","05","D",55,"D",,"A",,"A",,"A",,"A",,"A",,"A",,"A",,"A",,"A"
"20133",2599025,6,0,"1",,"A","220","D","06","D",120,"D",,"A",,"A",,"A",,"A",,"A",,"A",,"A",,"A",,"A"
"20133",2599275,8,0,"1",,"A","190","D","05","D",40,"D",,"A",,"A",,"A",,"A",,"A",,"A",,"A",,"A",,"A"
"20133",2599275,9,0,"1",,"A","190","D","06","D",40,"D",,"A",,"A",,"A",,"A",,"A",,"A",,"A",,"A",,"A"
"20133",2599275,10,0,"1",,"A","190","D","07","D",40,"D",,"A",,"A",,"A",,"A",,"A",,"A",,"A",,"A",,"A"
"20133",2599565,14,0,"1",,"A","190","D","05","D",100,"D",,"A",,"A",,"A",,"A",,"A",,"A",,"A",,"A",,"A"
"20133",2599605,5,0,"1",,"A","190","D","07","D",70,"D",,"A",,"A",,"A",,"A",,"A",,"A",,"A",,"A",,"A"
"20133",2599915,6,0,"2",,"A","110","D","05","D",570,"D",,"A",,"A",,"A",,"A",,"A",,"A",,"A",,"A",,"A"
"20133",2600075,22,0,"1",,"A","110","D","06","D",128,"D",,"A",,"A",,"A",,"A",,"A",,"A",,"A",,"A",,"A"
"20133",2600205,11,0,"1",,"A","110","D","07","D",140,"D",,"A",,"A",,"A",,"A",,"A",,"A",,"A",,"A",,"A"
"20133",2600245,7,0,"1",,"A","190","D","07","D",100,"D",,"A",,"A",,"A",,"A",,"A",,"A",,"A",,"A",,"A"
"20133",2600735,8,0,"1",,"A","200","D","07","D",525,"D",,"A",,"A",,"A",,"A",,"A",,"A",,"A",,"A",,"A"
"20133",2600945,7,0,"1",,"A","130","D","05","D",207,"D",,"A",,"A",,"A",,"A",,"A",,"A",,"A",,"A",,"A"
"20133",2600945,8,0,"1",,"A","130","D","07","D",207,"D",,"A",,"A",,"A",,"A",,"A",,"A",,"A",,"A",,"A"
"20133",2600965,1,0,"1",,"A","190","D","07","D",185,"D",,"A",,"A",,"A",,"A",,"A",,"A",,"A",,"A",,"A"
"20133",2601025,4,0,"1",,"A","190","D","07","D",65,"D",,"A",,"A",,"A",,"A",,"A",,"A",,"A",,"A",,"A"
"20133",2601025,5,0,"1",,"A","110","D","06","D",515,"D",,"A",,"A",,"A",,"A",,"A",,"A",,"A",,"A",,"A"
"20133",2601025,6,0,"1",,"A","110","D","07","D",515,"D",,"A",,"A",,"A",,"A",,"A",,"A",,"A",,"A",,"A"
"20133",2601355,15,0,"1",,"A","190","D","08","D",101,"D",,"A",,"A",,"A",,"A",,"A",,"A",,"A",,"A",,"A"
"20133",2601575,3,0,"1",,"A","110","D","07","D",180,"D",,"A",,"A",,"A",,"A",,"A",,"A",,"A",,"A",,"A"
"20133",2601715,17,0,"1",,"A","190","D","08","D",187,"D",,"A",,"A",,"A",,"A",,"A",,"A",,"A",,"A",,"A"
"20133",2601855,5,0,"1",,"A","190","D","06","D",20,"D",,"A",,"A",,"A",,"A",,"A",,"A",,"A",,"A",,"A"
"20133",2601855,6,0,"2",,"A","190","D","06","D",20,"D",,"A",,"A",,"A",,"A",,"A",,"A",,"A",,"A",,"A"
"20133",2601865,11,0,"1",,"A","190","D","08","D",62,"D",,"A",,"A",,"A",,"A",,"A",,"A",,"A",,"A",,"A"
"20133",2601995,6,0,"1",,"A","190","D","08","D",103,"D",,"A",,"A",,"A",,"A",,"A",,"A",,"A",,"A",,"A"
"20133",2602075,8,0,"1",,"A","110","D","06","D",34,"D",,"A",,"A",,"A",,"A",,"A",,"A",,"A",,"A",,"A"
"20133",2602075,9,0,"1",,"A","110","D","07","D",34,"D",,"A",,"A",,"A",,"A",,"A",,"A",,"A",,"A",,"A"
"20133",2602075,10,0,"1",,"A","110","D","08","D",34,"D",,"A",,"A",,"A",,"A",,"A",,"A",,"A",,"A",,"A"
"20133",2602285,27,0,"1",,"A","110","D","06","D",21,"D",,"A",,"A",,"A",,"A",,"A",,"A",,"A",,"A",,"A"
"20133",2602285,28,0,"1",,"A","110","D","07","D",21,"D",,"A",,"A",,"A",,"A",,"A",,"A",,"A",,"A",,"A"
"20133",2602285,29,0,"1",,"A","110","D","08","D",21,"D",,"A",,"A",,"A",,"A",,"A",,"A",,"A",,"A",,"A"
"20133",2602705,6,0,"1",,"A","190","D","06","D",43,"D",,"A",,"A",,"A",,"A",,"A",,"A",,"A",,"A",,"A"
"20133",2602945,6,0,"2",,"A","220","D","06","D",300,"D",,"A",,"A",,"A",,"A",,"A",,"A",,"A",,"A",,"A"
"20133",2603275,8,0,"1",,"A","110","D","06","D",80,"D",,"A",,"A",,"A",,"A",,"A",,"A",,"A",,"A",,"A"
"20133",2603465,21,0,"1",,"A","190","D","08","D",300,"D",,"A",,"A",,"A",,"A",,"A",,"A",,"A",,"A",,"A"
"20133",2603715,16,0,"1",,"A","190","D","06","D",27,"D",,"A",,"A",,"A",,"A",,"A",,"A",,"A",,"A",,"A"
"20133",2603715,17,0,"2",,"A","190","D","06","D",27,"D",,"A",,"A",,"A",,"A",,"A",,"A",,"A",,"A",,"A"
"20133",2604045,5,0,"1",,"A","200","D","06","D",189,"D",,"A",,"A",,"A",,"A",,"A",,"A",,"A",,"A",,"A"
"20133",2604055,2,0,"1",,"A","200","D","08","D",698,"D",,"A",,"A",,"A",,"A",,"A",,"A",,"A",,"A",,"A"
"20133",2604135,5,0,"1",,"A","220","D","08","D",125,"D",,"A",,"A",,"A",,"A",,"A",,"A",,"A",,"A",,"A"
"20133",2604335,4,0,"1",,"A","200","D","06","D",519,"D",,"A",,"A",,"A",,"A",,"A",,"A",,"A",,"A",,"A"
"20133",2604375,3,0,"2",,"A","190","D","06","D",107,"D",,"A",,"A",,"A",,"A",,"A",,"A",,"A",,"A",,"A"
"20133",2604785,5,0,"1",,"A","200","D","08","D",183,"D",,"A",,"A",,"A",,"A",,"A",,"A",,"A",,"A",,"A"
"20133",2604835,7,0,"1",,"A","110","D","07","D",85,"D",,"A",,"A",,"A",,"A",,"A",,"A",,"A",,"A",,"A"
"20133",2604835,8,0,"1",,"A","130","D","08","D",92,"D",,"A",,"A",,"A",,"A",,"A",,"A",,"A",,"A",,"A"
"20133",2604985,13,0,"1",,"A","130","D","07","D",64,"D",,"A",,"A",,"A",,"A",,"A",,"A",,"A",,"A",,"A"
"20133",2605115,9,0,"1",,"A","110","D","06","D",322,"D",,"A",,"A",,"A",,"A",,"A",,"A",,"A",,"A",,"A"
"20133",2605335,8,0,"1",,"A","160","D","08","D",30,"D",,"A",,"A",,"A",,"A",,"A",,"A",,"A",,"A",,"A"
"20133",2605355,16,0,"1",,"A","210","D","06","D",.,"H","200","D","110","D",,"A",,"A",,"A",,"A",,"A",,"A",,"A"
"20133",2605355,16,1,"1",,"A","110","D","06","D",30,"E",,"A",,"A",,"A",,"A",,"A",,"A",,"A",,"A",,"A"
"20133",2605355,17,0,"1",,"A","210","D","07","D",.,"H","200","D","110","D",,"A",,"A",,"A",,"A",,"A",,"A",,"A"
"20133",2605355,17,1,"1",,"A","110","D","07","D",30,"E",,"A",,"A",,"A",,"A",,"A",,"A",,"A",,"A",,"A"
"20133",2605355,18,0,"1",,"A","210","D","08","D",.,"H","200","D","110","D",,"A",,"A",,"A",,"A",,"A",,"A",,"A"
"20133",2605355,18,1,"1",,"A","110","D","08","D",30,"E",,"A",,"A",,"A",,"A",,"A",,"A",,"A",,"A",,"A"
"20133",2605515,4,0,"1",,"A","200","D","08","D",700,"D","120","D",,"A",,"A",,"A",,"A",,"A",,"A",,"A",,"A"
"20133",2605515,5,0,"2",,"A","200","D","06","D",75,"D",,"A",,"A",,"A",,"A",,"A",,"A",,"A",,"A",,"A"
"20133",2605575,4,0,"1",,"A","130","D","07","D",136,"D",,"A",,"A",,"A",,"A",,"A",,"A",,"A",,"A",,"A"
"20133",2606295,6,0,"1",,"A","190","D","06","D",65,"D",,"A",,"A",,"A",,"A",,"A",,"A",,"A",,"A",,"A"
"20133",2606315,1,0,"1",,"A","190","D","08","D",20,"D",,"A",,"A",,"A",,"A",,"A",,"A",,"A",,"A",,"A"
"20133",2606335,10,0,"1",,"A","110","D","07","D",220,"D",,"A",,"A",,"A",,"A",,"A",,"A",,"A",,"A",,"A"
"20133",2606515,6,0,"1",,"A","190","D","06","D",42,"D",,"A",,"A",,"A",,"A",,"A",,"A",,"A",,"A",,"A"
"20133",2606515,7,0,"1",,"A","190","D","07","D",42,"D",,"A",,"A",,"A",,"A",,"A",,"A",,"A",,"A",,"A"
"20133",2606515,8,0,"1",,"A","190","D","08","D",42,"D",,"A",,"A",,"A",,"A",,"A",,"A",,"A",,"A",,"A"
"20133",2606515,9,0,"1",,"A","190","D","08","D",38,"D",,"A",,"A",,"A",,"A",,"A",,"A",,"A",,"A",,"A"
"20133",2606515,10,0,"1",,"A","190","D","08","D",765,"D",,"A",,"A",,"A",,"A",,"A",,"A",,"A",,"A",,"A"
"20133",2606515,11,0,"1",,"A","190","D","08","D",219,"D",,"A",,"A",,"A",,"A",,"A",,"A",,"A",,"A",,"A"
"20133",2606515,12,0,"2",,"A","190","D","06","D",42,"D",,"A",,"A",,"A",,"A",,"A",,"A",,"A",,"A",,"A"
"20133",2606535,8,0,"1",,"A","190","D","08","D",81,"D",,"A",,"A",,"A",,"A",,"A",,"A",,"A",,"A",,"A"
"20133",2607095,15,0,"1",,"A","130","D","07","D",47,"D",,"A",,"A",,"A",,"A",,"A",,"A",,"A",,"A",,"A"
"20133",2607605,5,0,"1",,"A","130","D","06","D",147,"D",,"A",,"A",,"A",,"A",,"A",,"A",,"A",,"A",,"A"
"20133",2607655,13,0,"1",,"A","130","D","07","D",99,"D",,"A",,"A",,"A",,"A",,"A",,"A",,"A",,"A",,"A"
"20133",2607845,5,0,"1",,"A","190","D","08","D",99,"D",,"A",,"A",,"A",,"A",,"A",,"A",,"A",,"A",,"A"
"20133",2608225,3,0,"1",,"A","190","D","08","D",49,"D",,"A",,"A",,"A",,"A",,"A",,"A",,"A",,"A",,"A"
"20133",2608245,8,0,"1",,"A","110","D","06","D",500,"D",,"A",,"A",,"A",,"A",,"A",,"A",,"A",,"A",,"A"
"20133",2608535,1,0,"1",,"A","130","D","08","D",150,"F",,"A",,"A",,"A",,"A",,"A",,"A",,"A",,"A",,"A"
"20133",2609115,11,0,"1",,"A","120","D","07","D",165,"D",,"A",,"A",,"A",,"A",,"A",,"A",,"A",,"A",,"A"
"20133",2609195,11,0,"1",,"A","190","D","06","D",175,"D",,"A",,"A",,"A",,"A",,"A",,"A",,"A",,"A",,"A"
"20133",2609685,14,0,"1",,"A","130","D","07","D",60,"D",,"A",,"A",,"A",,"A",,"A",,"A",,"A",,"A",,"A"
"20133",2609945,5,0,"1",,"A","110","D","07","D",117,"D",,"A",,"A",,"A",,"A",,"A",,"A",,"A",,"A",,"A"
"20133",2610485,8,0,"1",,"A","200","D","07","D",600,"D",,"A",,"A",,"A",,"A",,"A",,"A",,"A",,"A",,"A"
"20133",2611065,17,0,"1",,"A","200","D","08","D",200,"D",,"A",,"A",,"A",,"A",,"A",,"A",,"A",,"A",,"A"
"20133",2611125,18,0,"1",,"A","200","D","07","D",445,"D",,"A",,"A",,"A",,"A",,"A",,"A",,"A",,"A",,"A"
"20133",2611215,16,0,"2",,"A","190","D","06","D",30,"D",,"A",,"A",,"A",,"A",,"A",,"A",,"A",,"A",,"A"
"20133",2611475,18,0,"1",,"A","130","D","08","D",26,"D",,"A",,"A",,"A",,"A",,"A",,"A",,"A",,"A",,"A"
"20133",2611475,19,0,"1",,"A","130","D","07","D",3,"D",,"A",,"A",,"A",,"A",,"A",,"A",,"A",,"A",,"A"
"20133",2611475,20,0,"1",,"A","130","D","07","D",19,"D",,"A",,"A",,"A",,"A",,"A",,"A",,"A",,"A",,"A"
"20133",2611545,10,0,"1",,"A","190","D","08","D",75,"D",,"A",,"A",,"A",,"A",,"A",,"A",,"A",,"A",,"A"
"20133",2611545,11,0,"1",,"A","130","D","06","D",200,"D",,"A",,"A",,"A",,"A",,"A",,"A",,"A",,"A",,"A"
"20133",2611545,12,0,"1",,"A","130","D","07","D",200,"D",,"A",,"A",,"A",,"A",,"A",,"A",,"A",,"A",,"A"
"20133",2611545,13,0,"1",,"A","130","D","08","D",300,"D",,"A",,"A",,"A",,"A",,"A",,"A",,"A",,"A",,"A"
"20133",2611705,2,0,"1",,"A","190","D","06","D",25,"D",,"A",,"A",,"A",,"A",,"A",,"A",,"A",,"A",,"A"
"20133",2611705,3,0,"1",,"A","190","D","07","D",25,"D",,"A",,"A",,"A",,"A",,"A",,"A",,"A",,"A",,"A"
"20133",2611705,4,0,"1",,"A","190","D","08","D",25,"D",,"A",,"A",,"A",,"A",,"A",,"A",,"A",,"A",,"A"
"20133",2611705,5,0,"2",,"A","190","D","06","D",25,"D",,"A",,"A",,"A",,"A",,"A",,"A",,"A",,"A",,"A"
"20133",2611795,3,0,"1",,"A","190","D","07","D",84,"D",,"A",,"A",,"A",,"A",,"A",,"A",,"A",,"A",,"A"
"20133",2612445,10,0,"1",,"A","200","D","08","D",800,"D",,"A",,"A",,"A",,"A",,"A",,"A",,"A",,"A",,"A"
"20133",2612595,5,0,"1",,"A","100","D","07","D",105,"D",,"A",,"A",,"A",,"A",,"A",,"A",,"A",,"A",,"A"
"20133",2612655,2,0,"1",,"A","200","D","06","D",184,"D",,"A",,"A",,"A",,"A",,"A",,"A",,"A",,"A",,"A"
"20133",2612675,24,0,"1",,"A","190","D","08","D",120,"D",,"A",,"A",,"A",,"A",,"A",,"A",,"A",,"A",,"A"
"20133",2612685,9,0,"1",,"A","130","D","06","D",271,"D",,"A",,"A",,"A",,"A",,"A",,"A",,"A",,"A",,"A"
"20133",2612774,25,0,"1",,"A","120","D","06","D",75,"D",,"A",,"A",,"A",,"A",,"A",,"A",,"A",,"A",,"A"
"20133",2612904,5,0,"1",,"A","210","D","04","D",.,"H","110","D","200","D","100","D",,"A",,"A",,"A",,"A",,"A",,"A"
"20133",2612904,5,1,"1",,"A","110","D","04","D",21,"E",,"A",,"A",,"A",,"A",,"A",,"A",,"A",,"A",,"A"
"20133",2612904,5,2,"1",,"A","100","D","04","D",22,"E",,"A",,"A",,"A",,"A",,"A",,"A",,"A",,"A",,"A"
"20133",2612924,8,0,"1",,"A","190","D","06","D",90,"D",,"A",,"A",,"A",,"A",,"A",,"A",,"A",,"A",,"A"
"20133",2612974,5,0,"1",,"A","190","D","06","D",98,"D",,"A",,"A",,"A",,"A",,"A",,"A",,"A",,"A",,"A"
"20133",2612974,6,0,"2",,"A","190","D","04","D",75,"D",,"A",,"A",,"A",,"A",,"A",,"A",,"A",,"A",,"A"
"20133",2613294,7,0,"1",,"A","190","D","04","D",330,"D",,"A",,"A",,"A",,"A",,"A",,"A",,"A",,"A",,"A"
"20133",2613734,9,0,"1",,"A","170","D","04","D",121,"D",,"A",,"A",,"A",,"A",,"A",,"A",,"A",,"A",,"A"
"20133",2613834,7,0,"2",,"A","100","D","04","D",106,"D",,"A",,"A",,"A",,"A",,"A",,"A",,"A",,"A",,"A"
"20133",2614395,4,0,"1",,"A","220","D","04","D",54,"D",,"A",,"A",,"A",,"A",,"A",,"A",,"A",,"A",,"A"
"20133",2614424,13,0,"1",,"A","110","D","04","D",45,"D",,"A",,"A",,"A",,"A",,"A",,"A",,"A",,"A",,"A"
"20133",2614424,14,0,"1",,"A","110","D","05","D",45,"D",,"A",,"A",,"A",,"A",,"A",,"A",,"A",,"A",,"A"
"20133",2614424,15,0,"1",,"A","110","D","06","D",45,"D",,"A",,"A",,"A",,"A",,"A",,"A",,"A",,"A",,"A"
"20133",2614584,17,0,"1",,"A","190","D","06","D",40,"D",,"A",,"A",,"A",,"A",,"A",,"A",,"A",,"A",,"A"
"20133",2614714,14,0,"1",,"A","190","D","04","D",27,"D",,"A",,"A",,"A",,"A",,"A",,"A",,"A",,"A",,"A"
"20133",2614714,15,0,"1",,"A","190","D","05","D",27,"D",,"A",,"A",,"A",,"A",,"A",,"A",,"A",,"A",,"A"
"20133",2614714,16,0,"1",,"A","190","D","06","D",27,"D",,"A",,"A",,"A",,"A",,"A",,"A",,"A",,"A",,"A"
"20133",2614894,8,0,"1",,"A","190","D","06","D",72,"D",,"A",,"A",,"A",,"A",,"A",,"A",,"A",,"A",,"A"
"20133",2614904,5,0,"2",,"A","200","D","04","D",18,"D",,"A",,"A",,"A",,"A",,"A",,"A",,"A",,"A",,"A"
"20133",2614924,2,0,"2",,"A","190","D","04","D",130,"D",,"A",,"A",,"A",,"A",,"A",,"A",,"A",,"A",,"A"
"20133",2614974,23,0,"1",,"A","110","D","04","D",177,"D",,"A",,"A",,"A",,"A",,"A",,"A",,"A",,"A",,"A"
"20133",2614974,24,0,"1",,"A","220","D","04","D",96,"D",,"A",,"A",,"A",,"A",,"A",,"A",,"A",,"A",,"A"
"20133",2614974,25,0,"1",,"A","190","D","04","D",191,"D",,"A",,"A",,"A",,"A",,"A",,"A",,"A",,"A",,"A"
"20133",2614974,26,0,"2",,"A","190","D","04","D",132,"D",,"A",,"A",,"A",,"A",,"A",,"A",,"A",,"A",,"A"
"20133",2614974,27,0,"2",,"A","190","D","04","D",158,"D",,"A",,"A",,"A",,"A",,"A",,"A",,"A",,"A",,"A"
"20133",2615664,7,0,"2",,"A","130","D","04","D",287,"D",,"A",,"A",,"A",,"A",,"A",,"A",,"A",,"A",,"A"
"20133",2616064,13,0,"1",,"A","200","D","06","D",50,"D",,"A",,"A",,"A",,"A",,"A",,"A",,"A",,"A",,"A"
"20133",2616124,8,0,"1",,"A","110","D","06","D",212,"D",,"A",,"A",,"A",,"A",,"A",,"A",,"A",,"A",,"A"
"20133",2616444,4,0,"1",,"A","150","D","06","D",106,"D",,"A",,"A",,"A",,"A",,"A",,"A",,"A",,"A",,"A"
"20133",2616464,6,0,"1",,"A","110","D","05","D",20,"D",,"A",,"A",,"A",,"A",,"A",,"A",,"A",,"A",,"A"
"20133",2616694,5,0,"1",,"A","110","D","04","D",95,"D",,"A",,"A",,"A",,"A",,"A",,"A",,"A",,"A",,"A"
"20133",2617004,4,0,"2",,"A","190","D","04","D",350,"D",,"A",,"A",,"A",,"A",,"A",,"A",,"A",,"A",,"A"
"20133",2617244,21,0,"1",,"A","130","D","04","D",77,"D",,"A",,"A",,"A",,"A",,"A",,"A",,"A",,"A",,"A"
"20133",2617244,22,0,"1",,"A","130","D","05","D",77,"D",,"A",,"A",,"A",,"A",,"A",,"A",,"A",,"A",,"A"
"20133",2617244,23,0,"1",,"A","130","D","06","D",77,"D",,"A",,"A",,"A",,"A",,"A",,"A",,"A",,"A",,"A"
"20133",2617244,24,0,"1",,"A","200","D","05","D",16,"D",,"A",,"A",,"A",,"A",,"A",,"A",,"A",,"A",,"A"
"20133",2617244,25,0,"1",,"A","200","D","06","D",16,"D",,"A",,"A",,"A",,"A",,"A",,"A",,"A",,"A",,"A"
"20133",2617244,26,0,"2",,"A","200","D","04","D",16,"D",,"A",,"A",,"A",,"A",,"A",,"A",,"A",,"A",,"A"
"20133",2617304,6,0,"2",,"A","110","D","04","D",139,"D",,"A",,"A",,"A",,"A",,"A",,"A",,"A",,"A",,"A"
"20133",2617384,14,0,"1",,"A","200","D","04","D",112,"D",,"A",,"A",,"A",,"A",,"A",,"A",,"A",,"A",,"A"
"20133",2617664,7,0,"1",,"A","100","D","05","D",50,"D",,"A",,"A",,"A",,"A",,"A",,"A",,"A",,"A",,"A"
"20133",2617894,11,0,"1",,"A","220","D","06","D",85,"D",,"A",,"A",,"A",,"A",,"A",,"A",,"A",,"A",,"A"
"20133",2617894,12,0,"1",,"A","200","D","05","D",517,"D",,"A",,"A",,"A",,"A",,"A",,"A",,"A",,"A",,"A"
"20133",2618524,4,0,"1",,"A","130","D","05","D",43,"D",,"A",,"A",,"A",,"A",,"A",,"A",,"A",,"A",,"A"
"20133",2618624,10,0,"1",,"A","220","D","05","D",95,"D",,"A",,"A",,"A",,"A",,"A",,"A",,"A",,"A",,"A"
"20133",2618794,10,0,"1",,"A","220","D","04","D",30,"D",,"A",,"A",,"A",,"A",,"A",,"A",,"A",,"A",,"A"
"20133",2618874,9,0,"1",,"A","220","D","06","D",87,"D",,"A",,"A",,"A",,"A",,"A",,"A",,"A",,"A",,"A"
"20133",2619044,4,0,"1",,"A","130","D","06","D",220,"D",,"A",,"A",,"A",,"A",,"A",,"A",,"A",,"A",,"A"
"20133",2619114,2,0,"1",,"A","130","D","05","D",110,"D",,"A",,"A",,"A",,"A",,"A",,"A",,"A",,"A",,"A"
"20133",2619544,3,0,"1",,"A","220","D","04","D",125,"D",,"A",,"A",,"A",,"A",,"A",,"A",,"A",,"A",,"A"
"20133",2619684,1,0,"1",,"A","110","D","05","D",300,"D",,"A",,"A",,"A",,"A",,"A",,"A",,"A",,"A",,"A"
"20133",2621014,5,0,"1",,"A","190","D","05","D",147,"D",,"A",,"A",,"A",,"A",,"A",,"A",,"A",,"A",,"A"
"20133",2621064,9,0,"1",,"A","110","D","05","D",106,"D",,"A",,"A",,"A",,"A",,"A",,"A",,"A",,"A",,"A"
"20133",2621194,19,0,"2",,"A","100","D","04","D",212,"D",,"A",,"A",,"A",,"A",,"A",,"A",,"A",,"A",,"A"
"20133",2622244,18,0,"1",,"A","110","D","06","D",99,"D",,"A",,"A",,"A",,"A",,"A",,"A",,"A",,"A",,"A"
"20133",2622364,5,0,"1",,"A","200","D","05","D",40,"D",,"A",,"A",,"A",,"A",,"A",,"A",,"A",,"A",,"A"
"20133",2622364,6,0,"1",,"A","200","D","06","D",40,"D",,"A",,"A",,"A",,"A",,"A",,"A",,"A",,"A",,"A"
"20133",2622364,7,0,"2",,"A","200","D","04","D",40,"D",,"A",,"A",,"A",,"A",,"A",,"A",,"A",,"A",,"A"
"20133",2622474,7,0,"2",,"A","190","D","04","D",187,"D",,"A",,"A",,"A",,"A",,"A",,"A",,"A",,"A",,"A"
"20133",2622484,2,0,"1",,"A","190","D","05","D",30,"D",,"A",,"A",,"A",,"A",,"A",,"A",,"A",,"A",,"A"
"20133",2622484,3,0,"1",,"A","190","D","06","D",30,"D",,"A",,"A",,"A",,"A",,"A",,"A",,"A",,"A",,"A"
"20133",2622484,4,0,"2",,"A","190","D","04","D",30,"D",,"A",,"A",,"A",,"A",,"A",,"A",,"A",,"A",,"A"
"20133",2622544,6,0,"2",,"A","110","D","04","D",107,"D",,"A",,"A",,"A",,"A",,"A",,"A",,"A",,"A",,"A"
"20133",2622574,13,0,"1",,"A","190","D","04","D",64,"D",,"A",,"A",,"A",,"A",,"A",,"A",,"A",,"A",,"A"
"20133",2622574,14,0,"1",,"A","190","D","05","D",64,"D",,"A",,"A",,"A",,"A",,"A",,"A",,"A",,"A",,"A"
"20133",2622574,15,0,"1",,"A","190","D","06","D",64,"D",,"A",,"A",,"A",,"A",,"A",,"A",,"A",,"A",,"A"
"20133",2622844,13,0,"2",,"A","130","D","04","D",105,"D",,"A",,"A",,"A",,"A",,"A",,"A",,"A",,"A",,"A"
"20133",2622844,14,0,"2",,"A","130","D","04","D",105,"D",,"A",,"A",,"A",,"A",,"A",,"A",,"A",,"A",,"A"
"20133",2622994,6,0,"1",,"A","190","D","06","D",80,"D",,"A",,"A",,"A",,"A",,"A",,"A",,"A",,"A",,"A"
"20133",2622994,7,0,"2",,"A","190","D","04","D",95,"D",,"A",,"A",,"A",,"A",,"A",,"A",,"A",,"A",,"A"
"20133",2623134,5,0,"1",,"A","190","D","05","D",551,"D",,"A",,"A",,"A",,"A",,"A",,"A",,"A",,"A",,"A"
"20133",2623324,10,0,"1",,"A","190","D","06","D",130,"D",,"A",,"A",,"A",,"A",,"A",,"A",,"A",,"A",,"A"
"20133",2623524,6,0,"1",,"A","110","D","06","D",100,"D",,"A",,"A",,"A",,"A",,"A",,"A",,"A",,"A",,"A"
"20133",2623634,4,0,"1",,"A","190","D","04","D",200,"D",,"A",,"A",,"A",,"A",,"A",,"A",,"A",,"A",,"A"
"20133",2623724,7,0,"1",,"A","110","D","04","D",27,"D",,"A",,"A",,"A",,"A",,"A",,"A",,"A",,"A",,"A"
"20133",2623994,10,0,"1",,"A","190","D","04","D",41,"D",,"A",,"A",,"A",,"A",,"A",,"A",,"A",,"A",,"A"
"20133",2623994,11,0,"1",,"A","190","D","05","D",41,"D",,"A",,"A",,"A",,"A",,"A",,"A",,"A",,"A",,"A"
"20133",2623994,12,0,"1",,"A","190","D","06","D",41,"D",,"A",,"A",,"A",,"A",,"A",,"A",,"A",,"A",,"A"
"20133",2624234,23,0,"1",,"A","200","D","06","D",700,"D",,"A",,"A",,"A",,"A",,"A",,"A",,"A",,"A",,"A"
"20133",2624494,12,0,"1",,"A","115","D","06","D",.,"H","110","D","100","D",,"A",,"A",,"A",,"A",,"A",,"A",,"A"
"20133",2624494,12,1,"1",,"A","110","D","06","D",48,"E",,"A",,"A",,"A",,"A",,"A",,"A",,"A",,"A",,"A"
"20133",2624494,12,2,"1",,"A","100","D","06","D",52,"E",,"A",,"A",,"A",,"A",,"A",,"A",,"A",,"A",,"A"
"20133",2624494,13,0,"1",,"A","115","D","07","D",.,"H","110","D","100","D",,"A",,"A",,"A",,"A",,"A",,"A",,"A"
"20133",2624494,13,1,"1",,"A","110","D","07","D",48,"E",,"A",,"A",,"A",,"A",,"A",,"A",,"A",,"A",,"A"
"20133",2624494,13,2,"1",,"A","100","D","07","D",52,"E",,"A",,"A",,"A",,"A",,"A",,"A",,"A",,"A",,"A"
"20133",2624494,14,0,"1",,"A","190","D","06","D",80,"D",,"A",,"A",,"A",,"A",,"A",,"A",,"A",,"A",,"A"
"20133",2624494,15,0,"1",,"A","190","D","07","D",80,"D",,"A",,"A",,"A",,"A",,"A",,"A",,"A",,"A",,"A"
"20133",2624494,16,0,"2",,"A","110","D","05","D",100,"D",,"A",,"A",,"A",,"A",,"A",,"A",,"A",,"A",,"A"
"20133",2624494,17,0,"2",,"A","190","D","05","D",80,"D",,"A",,"A",,"A",,"A",,"A",,"A",,"A",,"A",,"A"
"20133",2624764,11,0,"1",,"A","220","D","05","D",16,"D",,"A",,"A",,"A",,"A",,"A",,"A",,"A",,"A",,"A"
"20133",2624764,12,0,"1",,"A","220","D","06","D",16,"D",,"A",,"A",,"A",,"A",,"A",,"A",,"A",,"A",,"A"
"20133",2624764,13,0,"1",,"A","220","D","07","D",16,"D",,"A",,"A",,"A",,"A",,"A",,"A",,"A",,"A",,"A"
"20133",2624944,3,0,"1",,"A","190","D","07","D",400,"D",,"A",,"A",,"A",,"A",,"A",,"A",,"A",,"A",,"A"
"20133",2624984,7,0,"1",,"A","190","D","05","D",58,"D",,"A",,"A",,"A",,"A",,"A",,"A",,"A",,"A",,"A"
"20133",2624984,8,0,"1",,"A","190","D","06","D",58,"D",,"A",,"A",,"A",,"A",,"A",,"A",,"A",,"A",,"A"
"20133",2624984,9,0,"1",,"A","190","D","07","D",58,"D",,"A",,"A",,"A",,"A",,"A",,"A",,"A",,"A",,"A"
"20133",2624984,10,0,"2",,"A","110","D","05","D",150,"D",,"A",,"A",,"A",,"A",,"A",,"A",,"A",,"A",,"A"
"20133",2625084,17,0,"1",,"A","130","D","06","D",20,"D",,"A",,"A",,"A",,"A",,"A",,"A",,"A",,"A",,"A"
"20133",2625294,4,0,"2",,"A","190","D","05","D",271,"D",,"A",,"A",,"A",,"A",,"A",,"A",,"A",,"A",,"A"
"20133",2625384,4,0,"1",,"A","190","D","05","D",55,"D",,"A",,"A",,"A",,"A",,"A",,"A",,"A",,"A",,"A"
"20133",2625384,5,0,"1",,"A","190","D","06","D",55,"D",,"A",,"A",,"A",,"A",,"A",,"A",,"A",,"A",,"A"
"20133",2625384,6,0,"1",,"A","190","D","07","D",55,"D",,"A",,"A",,"A",,"A",,"A",,"A",,"A",,"A",,"A"
"20133",2625384,7,0,"2",,"A","190","D","05","D",55,"D",,"A",,"A",,"A",,"A",,"A",,"A",,"A",,"A",,"A"
"20133",2625604,8,0,"1",,"A","190","D","06","D",27,"D",,"A",,"A",,"A",,"A",,"A",,"A",,"A",,"A",,"A"
"20133",2625604,9,0,"2",,"A","190","D","05","D",27,"D",,"A",,"A",,"A",,"A",,"A",,"A",,"A",,"A",,"A"
"20133",2625804,2,0,"1",,"A","200","D","06","D",124,"D",,"A",,"A",,"A",,"A",,"A",,"A",,"A",,"A",,"A"
"20133",2625924,7,0,"1",,"A","190","D","07","D",478,"D",,"A",,"A",,"A",,"A",,"A",,"A",,"A",,"A",,"A"
"20133",2625984,5,0,"1",,"A","220","D","07","D",40,"D",,"A",,"A",,"A",,"A",,"A",,"A",,"A",,"A",,"A"
"20133",2626954,8,0,"1",,"A","220","D","07","D",40,"D",,"A",,"A",,"A",,"A",,"A",,"A",,"A",,"A",,"A"
"20133",2627224,10,0,"1",,"A","190","D","07","D",62,"D",,"A",,"A",,"A",,"A",,"A",,"A",,"A",,"A",,"A"
"20133",2627244,19,0,"1",,"A","130","D","05","D",300,"D",,"A",,"A",,"A",,"A",,"A",,"A",,"A",,"A",,"A"
"20133",2627244,20,0,"1",,"A","190","D","05","D",33,"D",,"A",,"A",,"A",,"A",,"A",,"A",,"A",,"A",,"A"
"20133",2627244,21,0,"1",,"A","190","D","06","D",33,"D",,"A",,"A",,"A",,"A",,"A",,"A",,"A",,"A",,"A"
"20133",2627244,22,0,"1",,"A","190","D","07","D",33,"D",,"A",,"A",,"A",,"A",,"A",,"A",,"A",,"A",,"A"
"20133",2627244,23,0,"2",,"A","190","D","05","D",33,"D",,"A",,"A",,"A",,"A",,"A",,"A",,"A",,"A",,"A"
"20133",2627294,7,0,"1",,"A","100","D","07","D",67,"D",,"A",,"A",,"A",,"A",,"A",,"A",,"A",,"A",,"A"
"20133",2627454,1,0,"1",,"A","190","D","07","D",9,"D",,"A",,"A",,"A",,"A",,"A",,"A",,"A",,"A",,"A"
"20133",2627454,2,0,"2",,"A","190","D","05","D",9,"D",,"A",,"A",,"A",,"A",,"A",,"A",,"A",,"A",,"A"
"20133",2627534,2,0,"1",,"A","190","D","06","D",125,"D",,"A",,"A",,"A",,"A",,"A",,"A",,"A",,"A",,"A"
"20133",2627584,6,0,"1",,"A","190","D","06","D",225,"D",,"A",,"A",,"A",,"A",,"A",,"A",,"A",,"A",,"A"
"20133",2627584,7,0,"1",,"A","190","D","05","D",195,"D",,"A",,"A",,"A",,"A",,"A",,"A",,"A",,"A",,"A"
"20133",2627804,6,0,"1",,"A","190","D","07","D",90,"D",,"A",,"A",,"A",,"A",,"A",,"A",,"A",,"A",,"A"
"20133",2627804,7,0,"2",,"A","190","D","05","D",90,"D",,"A",,"A",,"A",,"A",,"A",,"A",,"A",,"A",,"A"
"20133",2628344,17,0,"1",,"A","190","D","07","D",81,"D",,"A",,"A",,"A",,"A",,"A",,"A",,"A",,"A",,"A"
"20133",2628464,13,0,"1",,"A","200","D","06","D",400,"D",,"A",,"A",,"A",,"A",,"A",,"A",,"A",,"A",,"A"
"20133",2628524,9,0,"1",,"A","130","D","07","D",40,"D",,"A",,"A",,"A",,"A",,"A",,"A",,"A",,"A",,"A"
"20133",2628524,10,0,"1",,"A","130","D","07","D",330,"D",,"A",,"A",,"A",,"A",,"A",,"A",,"A",,"A",,"A"
"20133",2628634,5,0,"2",,"A","100","D","05","D",150,"D",,"A",,"A",,"A",,"A",,"A",,"A",,"A",,"A",,"A"
"20133",2628804,10,0,"1",,"A","190","D","06","D",52,"D",,"A",,"A",,"A",,"A",,"A",,"A",,"A",,"A",,"A"
"20133",2628804,11,0,"1",,"A","190","D","07","D",75,"D",,"A",,"A",,"A",,"A",,"A",,"A",,"A",,"A",,"A"
"20133",2628824,13,0,"1",,"A","110","D","07","D",358,"D",,"A",,"A",,"A",,"A",,"A",,"A",,"A",,"A",,"A"
"20133",2628914,2,0,"1",,"A","200","D","06","D",425,"D",,"A",,"A",,"A",,"A",,"A",,"A",,"A",,"A",,"A"
"20133",2628934,17,0,"1",,"A","170","D","06","D",15,"D",,"A",,"A",,"A",,"A",,"A",,"A",,"A",,"A",,"A"
"20133",2629064,6,0,"1",,"A","120","D","05","D",30,"D",,"A",,"A",,"A",,"A",,"A",,"A",,"A",,"A",,"A"
"20133",2629144,6,0,"1",,"A","200","D","06","D",200,"D",,"A",,"A",,"A",,"A",,"A",,"A",,"A",,"A",,"A"
"20133",2629814,18,0,"1",,"A","170","D","07","D",45,"D",,"A",,"A",,"A",,"A",,"A",,"A",,"A",,"A",,"A"
"20133",2629814,19,0,"1",,"A","190","D","07","D",75,"D",,"A",,"A",,"A",,"A",,"A",,"A",,"A",,"A",,"A"
"20133",2629814,20,0,"2",,"A","130","D","05","D",35,"D",,"A",,"A",,"A",,"A",,"A",,"A",,"A",,"A",,"A"
"20133",2629984,2,0,"1",,"A","190","D","07","D",350,"D",,"A",,"A",,"A",,"A",,"A",,"A",,"A",,"A",,"A"
"20133",2630104,1,0,"1",,"A","110","D","07","D",85,"D",,"A",,"A",,"A",,"A",,"A",,"A",,"A",,"A",,"A"
"20133",2630224,5,0,"1",,"A","110","D","07","D",350,"D",,"A",,"A",,"A",,"A",,"A",,"A",,"A",,"A",,"A"
"20133",2630284,10,0,"1",,"A","130","D","06","D",40,"D",,"A",,"A",,"A",,"A",,"A",,"A",,"A",,"A",,"A"
"20133",2630324,1,0,"1",,"A","190","D","07","D",110,"D",,"A",,"A",,"A",,"A",,"A",,"A",,"A",,"A",,"A"
"20133",2631064,8,0,"1",,"A","110","D","07","D",38,"D",,"A",,"A",,"A",,"A",,"A",,"A",,"A",,"A",,"A"
"20133",2631064,9,0,"1",,"A","110","D","07","D",21,"D",,"A",,"A",,"A",,"A",,"A",,"A",,"A",,"A",,"A"
"20133",2631084,8,0,"2",,"A","200","D","05","D",174,"D",,"A",,"A",,"A",,"A",,"A",,"A",,"A",,"A",,"A"
"20133",2631314,7,0,"1",,"A","190","D","06","D",84,"D",,"A",,"A",,"A",,"A",,"A",,"A",,"A",,"A",,"A"
"20133",2631374,1,0,"1",,"A","190","D","06","D",130,"D",,"A",,"A",,"A",,"A",,"A",,"A",,"A",,"A",,"A"
"20133",2631374,2,0,"1",,"A","190","D","07","D",130,"D",,"A",,"A",,"A",,"A",,"A",,"A",,"A",,"A",,"A"
"20133",2631374,3,0,"2",,"A","190","D","05","D",130,"D",,"A",,"A",,"A",,"A",,"A",,"A",,"A",,"A",,"A"
"20133",2631494,8,0,"1",,"A","110","D","06","D",160,"D",,"A",,"A",,"A",,"A",,"A",,"A",,"A",,"A",,"A"
"20133",2631764,8,0,"2",,"A","190","D","05","D",109,"D",,"A",,"A",,"A",,"A",,"A",,"A",,"A",,"A",,"A"
"20133",2631844,13,0,"1",,"A","110","D","06","D",150,"D",,"A",,"A",,"A",,"A",,"A",,"A",,"A",,"A",,"A"
"20133",2631994,4,0,"1",,"A","110","D","05","D",200,"D",,"A",,"A",,"A",,"A",,"A",,"A",,"A",,"A",,"A"
"20133",2631994,5,0,"1",,"A","110","D","06","D",200,"D",,"A",,"A",,"A",,"A",,"A",,"A",,"A",,"A",,"A"
"20133",2632524,4,0,"1",,"A","190","D","06","D",65,"D",,"A",,"A",,"A",,"A",,"A",,"A",,"A",,"A",,"A"
"20133",2632604,2,0,"1",,"A","110","D","06","D",59,"D",,"A",,"A",,"A",,"A",,"A",,"A",,"A",,"A",,"A"
"20133",2632604,3,0,"2",,"A","130","D","05","D",60,"D",,"A",,"A",,"A",,"A",,"A",,"A",,"A",,"A",,"A"
"20133",2633194,17,0,"1",,"A","190","D","06","D",75,"D",,"A",,"A",,"A",,"A",,"A",,"A",,"A",,"A",,"A"
"20133",2633264,48,0,"1",,"A","110","D","07","D",260,"D",,"A",,"A",,"A",,"A",,"A",,"A",,"A",,"A",,"A"
"20133",2633264,49,0,"1",,"A","130","D","05","D",25,"D",,"A",,"A",,"A",,"A",,"A",,"A",,"A",,"A",,"A"
"20133",2633485,12,0,"2",,"A","220","D","05","D",7,"D",,"A",,"A",,"A",,"A",,"A",,"A",,"A",,"A",,"A"
"20133",2633644,4,0,"1",,"A","110","D","06","D",482,"D",,"A",,"A",,"A",,"A",,"A",,"A",,"A",,"A",,"A"
"20133",2633884,1,0,"1",,"A","190","D","06","D",62,"D",,"A",,"A",,"A",,"A",,"A",,"A",,"A",,"A",,"A"
"20133",2634464,10,0,"1",,"A","130","D","05","D",56,"D",,"A",,"A",,"A",,"A",,"A",,"A",,"A",,"A",,"A"
"20133",2634504,4,0,"1",,"A","190","D","05","D",30,"D",,"A",,"A",,"A",,"A",,"A",,"A",,"A",,"A",,"A"
"20133",2634504,5,0,"1",,"A","190","D","06","D",30,"D",,"A",,"A",,"A",,"A",,"A",,"A",,"A",,"A",,"A"
"20133",2634504,6,0,"1",,"A","190","D","07","D",30,"D",,"A",,"A",,"A",,"A",,"A",,"A",,"A",,"A",,"A"
"20133",2635624,5,0,"1",,"A","200","D","07","D",116,"D",,"A",,"A",,"A",,"A",,"A",,"A",,"A",,"A",,"A"
"20133",2635624,6,0,"1",,"A","110","D","07","D",31,"D",,"A",,"A",,"A",,"A",,"A",,"A",,"A",,"A",,"A"
"20133",2635934,4,0,"1",,"A","190","D","06","D",70,"D",,"A",,"A",,"A",,"A",,"A",,"A",,"A",,"A",,"A"
"20133",2635934,5,0,"2",,"A","200","D","06","D",210,"D",,"A",,"A",,"A",,"A",,"A",,"A",,"A",,"A",,"A"
"20133",2635934,6,0,"2",,"A","130","D","06","D",200,"D",,"A",,"A",,"A",,"A",,"A",,"A",,"A",,"A",,"A"
"20133",2636394,2,0,"1",,"A","110","D","08","D",500,"D",,"A",,"A",,"A",,"A",,"A",,"A",,"A",,"A",,"A"
"20133",2636574,5,0,"1",,"A","130","D","08","D",85,"D",,"A",,"A",,"A",,"A",,"A",,"A",,"A",,"A",,"A"
"20133",2636624,8,0,"1",,"A","190","D","08","D",200,"D",,"A",,"A",,"A",,"A",,"A",,"A",,"A",,"A",,"A"
"20133",2636774,11,0,"1",,"A","190","D","08","D",81,"D",,"A",,"A",,"A",,"A",,"A",,"A",,"A",,"A",,"A"
"20133",2637144,8,0,"1",,"A","190","D","08","D",81,"D",,"A",,"A",,"A",,"A",,"A",,"A",,"A",,"A",,"A"
"20133",2637464,13,0,"1",,"A","110","D","07","D",35,"D",,"A",,"A",,"A",,"A",,"A",,"A",,"A",,"A",,"A"
"20133",2637464,14,0,"1",,"A","190","D","07","D",60,"D",,"A",,"A",,"A",,"A",,"A",,"A",,"A",,"A",,"A"
"20133",2637464,15,0,"1",,"A","130","D","07","D",75,"D",,"A",,"A",,"A",,"A",,"A",,"A",,"A",,"A",,"A"
"20133",2637804,15,0,"1",,"A","200","D","06","D",11,"D",,"A",,"A",,"A",,"A",,"A",,"A",,"A",,"A",,"A"
"20133",2637804,16,0,"1",,"A","200","D","07","D",11,"D",,"A",,"A",,"A",,"A",,"A",,"A",,"A",,"A",,"A"
"20133",2637804,17,0,"1",,"A","200","D","08","D",11,"D",,"A",,"A",,"A",,"A",,"A",,"A",,"A",,"A",,"A"
"20133",2637934,2,0,"1",,"A","150","D","08","D",43,"D",,"A",,"A",,"A",,"A",,"A",,"A",,"A",,"A",,"A"
"20133",2637974,4,0,"1",,"A","110","D","08","D",75,"D",,"A",,"A",,"A",,"A",,"A",,"A",,"A",,"A",,"A"
"20133",2638244,15,0,"1",,"A","110","D","08","D",33,"D",,"A",,"A",,"A",,"A",,"A",,"A",,"A",,"A",,"A"
"20133",2638494,19,0,"1",,"A","190","D","08","D",165,"D",,"A",,"A",,"A",,"A",,"A",,"A",,"A",,"A",,"A"
"20133",2638494,20,0,"1",,"A","220","D","08","D",99,"F",,"A",,"A",,"A",,"A",,"A",,"A",,"A",,"A",,"A"
"20133",2638544,2,0,"1",,"A","200","D","08","D",100,"D",,"A",,"A",,"A",,"A",,"A",,"A",,"A",,"A",,"A"
"20133",2638604,15,0,"1",,"A","190","D","08","D",158,"D",,"A",,"A",,"A",,"A",,"A",,"A",,"A",,"A",,"A"
"20133",2638734,5,0,"1",,"A","190","D","06","D",102,"D",,"A",,"A",,"A",,"A",,"A",,"A",,"A",,"A",,"A"
"20133",2638784,9,0,"2",,"A","110","D","06","D",215,"D",,"A",,"A",,"A",,"A",,"A",,"A",,"A",,"A",,"A"
"20133",2638854,2,0,"2",,"A","220","D","06","D",250,"D",,"A",,"A",,"A",,"A",,"A",,"A",,"A",,"A",,"A"
"20133",2639234,3,0,"1",,"A","190","D","06","D",35,"D",,"A",,"A",,"A",,"A",,"A",,"A",,"A",,"A",,"A"
"20133",2639234,4,0,"1",,"A","190","D","07","D",35,"D",,"A",,"A",,"A",,"A",,"A",,"A",,"A",,"A",,"A"
"20133",2639234,5,0,"1",,"A","190","D","08","D",35,"D",,"A",,"A",,"A",,"A",,"A",,"A",,"A",,"A",,"A"
"20133",2639234,6,0,"1",,"A","200","D","06","D",75,"D",,"A",,"A",,"A",,"A",,"A",,"A",,"A",,"A",,"A"
"20133",2639234,7,0,"1",,"A","200","D","07","D",75,"D",,"A",,"A",,"A",,"A",,"A",,"A",,"A",,"A",,"A"
"20133",2639234,8,0,"1",,"A","200","D","08","D",75,"D",,"A",,"A",,"A",,"A",,"A",,"A",,"A",,"A",,"A"
"20133",2639244,19,0,"1",,"A","130","D","08","D",170,"D",,"A",,"A",,"A",,"A",,"A",,"A",,"A",,"A",,"A"
"20133",2639754,3,0,"1",,"A","190","D","06","D",25,"D",,"A",,"A",,"A",,"A",,"A",,"A",,"A",,"A",,"A"
"20133",2639754,4,0,"1",,"A","190","D","07","D",275,"D",,"A",,"A",,"A",,"A",,"A",,"A",,"A",,"A",,"A"
"20133",2640014,3,0,"2",,"A","110","D","06","D",40,"D",,"A",,"A",,"A",,"A",,"A",,"A",,"A",,"A",,"A"
"20133",2640244,7,0,"1",,"A","130","D","08","D",32,"D",,"A",,"A",,"A",,"A",,"A",,"A",,"A",,"A",,"A"
"20133",2641094,3,0,"1",,"A","190","D","08","D",75,"D",,"A",,"A",,"A",,"A",,"A",,"A",,"A",,"A",,"A"
"20133",2641194,14,0,"1",,"A","190","D","08","D",97,"D",,"A",,"A",,"A",,"A",,"A",,"A",,"A",,"A",,"A"
"20133",2641194,15,0,"2",,"A","190","D","06","D",90,"D",,"A",,"A",,"A",,"A",,"A",,"A",,"A",,"A",,"A"
"20133",2641284,5,0,"2",,"A","110","D","06","D",10,"D",,"A",,"A",,"A",,"A",,"A",,"A",,"A",,"A",,"A"
"20133",2641414,16,0,"1",,"A","110","D","07","D",71,"D",,"A",,"A",,"A",,"A",,"A",,"A",,"A",,"A",,"A"
"20133",2641454,8,0,"1",,"A","200","D","08","D",212,"D",,"A",,"A",,"A",,"A",,"A",,"A",,"A",,"A",,"A"
"20133",2642144,3,0,"1",,"A","110","D","07","D",250,"D",,"A",,"A",,"A",,"A",,"A",,"A",,"A",,"A",,"A"
"20133",2642174,7,0,"1",,"A","140","D","07","D",70,"D",,"A",,"A",,"A",,"A",,"A",,"A",,"A",,"A",,"A"
"20133",2642804,3,0,"1",,"A","110","D","08","D",144,"D",,"A",,"A",,"A",,"A",,"A",,"A",,"A",,"A",,"A"
"20133",2642804,4,0,"2",,"A","200","D","06","D",117,"D",,"A",,"A",,"A",,"A",,"A",,"A",,"A",,"A",,"A"
"20133",2642984,9,0,"1",,"A","190","D","07","D",50,"D",,"A",,"A",,"A",,"A",,"A",,"A",,"A",,"A",,"A"
"20133",2643094,5,0,"1",,"A","200","D","06","D",40,"D",,"A",,"A",,"A",,"A",,"A",,"A",,"A",,"A",,"A"
"20133",2643094,6,0,"1",,"A","200","D","07","D",40,"D",,"A",,"A",,"A",,"A",,"A",,"A",,"A",,"A",,"A"
"20133",2643094,7,0,"1",,"A","200","D","08","D",40,"D",,"A",,"A",,"A",,"A",,"A",,"A",,"A",,"A",,"A"
"20133",2643164,17,0,"1",,"A","200","D","06","D",20,"D",,"A",,"A",,"A",,"A",,"A",,"A",,"A",,"A",,"A"
"20133",2643164,18,0,"1",,"A","200","D","07","D",20,"D",,"A",,"A",,"A",,"A",,"A",,"A",,"A",,"A",,"A"
"20133",2643164,19,0,"1",,"A","200","D","08","D",20,"D",,"A",,"A",,"A",,"A",,"A",,"A",,"A",,"A",,"A"
"20133",2643164,20,0,"2",,"A","110","D","06","D",21,"D",,"A",,"A",,"A",,"A",,"A",,"A",,"A",,"A",,"A"
"20133",2643204,14,0,"1",,"A","110","D","07","D",85,"D",,"A",,"A",,"A",,"A",,"A",,"A",,"A",,"A",,"A"
"20133",2643404,6,0,"2",,"A","200","D","06","D",15,"D",,"A",,"A",,"A",,"A",,"A",,"A",,"A",,"A",,"A"
"20133",2644094,8,0,"1",,"A","190","D","07","D",70,"D",,"A",,"A",,"A",,"A",,"A",,"A",,"A",,"A",,"A"
"20133",2644504,6,0,"1",,"A","100","D","08","D",296,"D",,"A",,"A",,"A",,"A",,"A",,"A",,"A",,"A",,"A"
"20133",2644534,1,0,"1",,"A","190","D","06","D",36,"D",,"A",,"A",,"A",,"A",,"A",,"A",,"A",,"A",,"A"
"20133",2644534,2,0,"1",,"A","190","D","07","D",36,"D",,"A",,"A",,"A",,"A",,"A",,"A",,"A",,"A",,"A"
"20133",2644534,3,0,"1",,"A","190","D","08","D",36,"D",,"A",,"A",,"A",,"A",,"A",,"A",,"A",,"A",,"A"
"20133",2644534,4,0,"2",,"A","190","D","06","D",36,"D",,"A",,"A",,"A",,"A",,"A",,"A",,"A",,"A",,"A"
"20133",2644554,3,0,"1",,"A","190","D","08","D",80,"D",,"A",,"A",,"A",,"A",,"A",,"A",,"A",,"A",,"A"
"20133",2644714,15,0,"1",,"A","110","D","07","D",50,"D",,"A",,"A",,"A",,"A",,"A",,"A",,"A",,"A",,"A"
"20133",2644984,3,0,"1",,"A","190","D","06","D",88,"D",,"A",,"A",,"A",,"A",,"A",,"A",,"A",,"A",,"A"
"20133",2645044,9,0,"1",,"A","170","D","08","D",91,"D",,"A",,"A",,"A",,"A",,"A",,"A",,"A",,"A",,"A"
"20133",2645104,11,0,"1",,"A","200","D","08","D",135,"D",,"A",,"A",,"A",,"A",,"A",,"A",,"A",,"A",,"A"
"20133",2645204,4,0,"1",,"A","130","D","06","D",17,"D",,"A",,"A",,"A",,"A",,"A",,"A",,"A",,"A",,"A"
"20133",2645204,5,0,"1",,"A","190","D","08","D",64,"D",,"A",,"A",,"A",,"A",,"A",,"A",,"A",,"A",,"A"
"20133",2645524,4,0,"1",,"A","190","D","08","D",180,"D",,"A",,"A",,"A",,"A",,"A",,"A",,"A",,"A",,"A"
"20133",2645884,7,0,"1",,"A","220","D","06","D",150,"D",,"A",,"A",,"A",,"A",,"A",,"A",,"A",,"A",,"A"
"20133",2645884,8,0,"1",,"A","190","D","06","D",103,"D",,"A",,"A",,"A",,"A",,"A",,"A",,"A",,"A",,"A"
"20133",2645884,9,0,"2",,"A","190","D","06","D",103,"D",,"A",,"A",,"A",,"A",,"A",,"A",,"A",,"A",,"A"
"20133",2646024,10,0,"2",,"A","130","D","06","D",13,"D",,"A",,"A",,"A",,"A",,"A",,"A",,"A",,"A",,"A"
"20133",2646434,1,0,"1",,"A","130","D","07","D",19,"D",,"A",,"A",,"A",,"A",,"A",,"A",,"A",,"A",,"A"
"20133",2646594,12,0,"1",,"A","200","D","06","D",17,"D",,"A",,"A",,"A",,"A",,"A",,"A",,"A",,"A",,"A"
"20133",2646594,13,0,"1",,"A","200","D","07","D",17,"D",,"A",,"A",,"A",,"A",,"A",,"A",,"A",,"A",,"A"
"20133",2646594,14,0,"1",,"A","200","D","08","D",17,"D",,"A",,"A",,"A",,"A",,"A",,"A",,"A",,"A",,"A"
"20133",2646734,11,0,"1",,"A","190","D","07","D",197,"D",,"A",,"A",,"A",,"A",,"A",,"A",,"A",,"A",,"A"
"20133",2646734,12,0,"1",,"A","190","D","06","D",72,"D",,"A",,"A",,"A",,"A",,"A",,"A",,"A",,"A",,"A"
"20133",2646954,6,0,"1",,"A","190","D","06","D",38,"D",,"A",,"A",,"A",,"A",,"A",,"A",,"A",,"A",,"A"
"20133",2646954,7,0,"1",,"A","190","D","07","D",38,"D",,"A",,"A",,"A",,"A",,"A",,"A",,"A",,"A",,"A"
"20133",2646954,8,0,"1",,"A","190","D","08","D",38,"D",,"A",,"A",,"A",,"A",,"A",,"A",,"A",,"A",,"A"
"20133",2647503,5,0,"1",,"A","220","D","06","D",65,"D",,"A",,"A",,"A",,"A",,"A",,"A",,"A",,"A",,"A"
"20133",2648073,6,0,"1",,"A","190","D","05","D",285,"D",,"A",,"A",,"A",,"A",,"A",,"A",,"A",,"A",,"A"
"20133",2648253,8,0,"1",,"A","110","D","06","D",165,"D",,"A",,"A",,"A",,"A",,"A",,"A",,"A",,"A",,"A"
"20133",2648453,9,0,"1",,"A","190","D","05","D",80,"D",,"A",,"A",,"A",,"A",,"A",,"A",,"A",,"A",,"A"
"20133",2648503,13,0,"1",,"A","140","D","04","D",5,"D",,"A",,"A",,"A",,"A",,"A",,"A",,"A",,"A",,"A"
"20133",2648503,14,0,"1",,"A","140","D","05","D",5,"D",,"A",,"A",,"A",,"A",,"A",,"A",,"A",,"A",,"A"
"20133",2648503,15,0,"1",,"A","140","D","06","D",5,"D",,"A",,"A",,"A",,"A",,"A",,"A",,"A",,"A",,"A"
"20133",2649123,8,0,"1",,"A","110","D","06","D",81,"D",,"A",,"A",,"A",,"A",,"A",,"A",,"A",,"A",,"A"
"20133",2649273,3,0,"1",,"A","110","D","06","D",50,"D",,"A",,"A",,"A",,"A",,"A",,"A",,"A",,"A",,"A"
"20133",2649313,7,0,"1",,"A","190","D","04","D",106,"D",,"A",,"A",,"A",,"A",,"A",,"A",,"A",,"A",,"A"
"20133",2649313,8,0,"1",,"A","190","D","05","D",106,"D",,"A",,"A",,"A",,"A",,"A",,"A",,"A",,"A",,"A"
"20133",2649313,9,0,"1",,"A","170","D","04","D",13,"D",,"A",,"A",,"A",,"A",,"A",,"A",,"A",,"A",,"A"
"20133",2649313,10,0,"1",,"A","170","D","05","D",48,"D",,"A",,"A",,"A",,"A",,"A",,"A",,"A",,"A",,"A"
"20133",2649313,11,0,"1",,"A","170","D","06","D",6,"D",,"A",,"A",,"A",,"A",,"A",,"A",,"A",,"A",,"A"
"20133",2649313,12,0,"1",,"A","170","D","04","D",72,"D",,"A",,"A",,"A",,"A",,"A",,"A",,"A",,"A",,"A"
"20133",2649313,13,0,"1",,"A","170","D","05","D",97,"D",,"A",,"A",,"A",,"A",,"A",,"A",,"A",,"A",,"A"
"20133",2649473,9,0,"1",,"A","190","D","05","D",21,"D",,"A",,"A",,"A",,"A",,"A",,"A",,"A",,"A",,"A"
"20133",2649633,9,0,"1",,"A","190","D","06","D",75,"D",,"A",,"A",,"A",,"A",,"A",,"A",,"A",,"A",,"A"
"20133",2649633,10,0,"2",,"A","190","D","04","D",80,"D",,"A",,"A",,"A",,"A",,"A",,"A",,"A",,"A",,"A"
"20133",2650033,5,0,"1",,"A","110","D","04","D",21,"D",,"A",,"A",,"A",,"A",,"A",,"A",,"A",,"A",,"A"
"20133",2650033,6,0,"1",,"A","110","D","05","D",21,"D",,"A",,"A",,"A",,"A",,"A",,"A",,"A",,"A",,"A"
"20133",2650033,7,0,"1",,"A","110","D","06","D",21,"D",,"A",,"A",,"A",,"A",,"A",,"A",,"A",,"A",,"A"
"20133",2650033,8,0,"1",,"A","220","D","05","D",117,"D",,"A",,"A",,"A",,"A",,"A",,"A",,"A",,"A",,"A"
"20133",2650033,9,0,"1",,"A","130","D","06","D",77,"D",,"A",,"A",,"A",,"A",,"A",,"A",,"A",,"A",,"A"
"20133",2650113,6,0,"1",,"A","190","D","05","D",60,"D",,"A",,"A",,"A",,"A",,"A",,"A",,"A",,"A",,"A"
"20133",2650233,1,0,"1",,"A","190","D","04","D",15,"D",,"A",,"A",,"A",,"A",,"A",,"A",,"A",,"A",,"A"
"20133",2650233,2,0,"1",,"A","190","D","05","D",15,"D",,"A",,"A",,"A",,"A",,"A",,"A",,"A",,"A",,"A"
"20133",2650233,3,0,"1",,"A","190","D","06","D",15,"D",,"A",,"A",,"A",,"A",,"A",,"A",,"A",,"A",,"A"
"20133",2650483,3,0,"1",,"A","200","D","05","D",75,"D",,"A",,"A",,"A",,"A",,"A",,"A",,"A",,"A",,"A"
"20133",2650823,11,0,"1",,"A","110","D","06","D",125,"D",,"A",,"A",,"A",,"A",,"A",,"A",,"A",,"A",,"A"
"20133",2651413,11,0,"2",,"A","220","D","04","D",85,"D",,"A",,"A",,"A",,"A",,"A",,"A",,"A",,"A",,"A"
"20133",2651703,6,0,"1",,"A","110","D","05","D",78,"D",,"A",,"A",,"A",,"A",,"A",,"A",,"A",,"A",,"A"
"20133",2651833,4,0,"2",,"A","130","D","04","D",9,"D",,"A",,"A",,"A",,"A",,"A",,"A",,"A",,"A",,"A"
"20133",2651843,6,0,"1",,"A","200","D","05","D",80,"D",,"A",,"A",,"A",,"A",,"A",,"A",,"A",,"A",,"A"
"20133",2652183,20,0,"1",,"A","190","D","06","D",90,"D",,"A",,"A",,"A",,"A",,"A",,"A",,"A",,"A",,"A"
"20133",2652443,1,0,"1",,"A","190","D","05","D",60,"D",,"A",,"A",,"A",,"A",,"A",,"A",,"A",,"A",,"A"
"20133",2652443,2,0,"1",,"A","190","D","06","D",60,"D",,"A",,"A",,"A",,"A",,"A",,"A",,"A",,"A",,"A"
"20133",2652443,3,0,"2",,"A","190","D","04","D",60,"D",,"A",,"A",,"A",,"A",,"A",,"A",,"A",,"A",,"A"
"20133",2652563,7,0,"1",,"A","190","D","05","D",46,"D",,"A",,"A",,"A",,"A",,"A",,"A",,"A",,"A",,"A"
"20133",2652803,3,0,"1",,"A","110","D","06","D",5,"D",,"A",,"A",,"A",,"A",,"A",,"A",,"A",,"A",,"A"
"20133",2653063,15,0,"1",,"A","200","D","06","D",120,"D",,"A",,"A",,"A",,"A",,"A",,"A",,"A",,"A",,"A"
"20133",2653073,7,0,"1",,"A","130","D","05","D",175,"D",,"A",,"A",,"A",,"A",,"A",,"A",,"A",,"A",,"A"
"20133",2653103,3,0,"1",,"A","190","D","04","D",700,"D",,"A",,"A",,"A",,"A",,"A",,"A",,"A",,"A",,"A"
"20133",2653223,8,0,"1",,"A","190","D","06","D",439,"D",,"A",,"A",,"A",,"A",,"A",,"A",,"A",,"A",,"A"
"20133",2653543,3,0,"1",,"A","130","D","06","D",5,"D",,"A",,"A",,"A",,"A",,"A",,"A",,"A",,"A",,"A"
"20133",2653553,20,0,"1",,"A","110","D","04","D",69,"D",,"A",,"A",,"A",,"A",,"A",,"A",,"A",,"A",,"A"
"20133",2653553,21,0,"1",,"A","110","D","05","D",69,"D",,"A",,"A",,"A",,"A",,"A",,"A",,"A",,"A",,"A"
"20133",2653553,22,0,"1",,"A","110","D","06","D",69,"D",,"A",,"A",,"A",,"A",,"A",,"A",,"A",,"A",,"A"
"20133",2653553,23,0,"1",,"A","130","D","05","D",104,"D",,"A",,"A",,"A",,"A",,"A",,"A",,"A",,"A",,"A"
"20133",2653733,10,0,"1",,"A","110","D","04","D",36,"D",,"A",,"A",,"A",,"A",,"A",,"A",,"A",,"A",,"A"
"20133",2653733,11,0,"1",,"A","110","D","05","D",36,"D",,"A",,"A",,"A",,"A",,"A",,"A",,"A",,"A",,"A"
"20133",2653733,12,0,"1",,"A","110","D","06","D",36,"D",,"A",,"A",,"A",,"A",,"A",,"A",,"A",,"A",,"A"
"20133",2654393,3,0,"1",,"A","130","D","06","D",100,"D",,"A",,"A",,"A",,"A",,"A",,"A",,"A",,"A",,"A"
"20133",2654993,3,0,"1",,"A","190","D","05","D",38,"D",,"A",,"A",,"A",,"A",,"A",,"A",,"A",,"A",,"A"
"20133",2655093,9,0,"1",,"A","190","D","06","D",93,"D",,"A",,"A",,"A",,"A",,"A",,"A",,"A",,"A",,"A"
"20133",2655133,10,0,"1",,"A","190","D","05","D",58,"D",,"A",,"A",,"A",,"A",,"A",,"A",,"A",,"A",,"A"
"20133",2655193,9,0,"1",,"A","110","D","05","D",200,"D",,"A",,"A",,"A",,"A",,"A",,"A",,"A",,"A",,"A"
"20133",2655193,10,0,"2",,"A","190","D","04","D",75,"D",,"A",,"A",,"A",,"A",,"A",,"A",,"A",,"A",,"A"
"20133",2655423,6,0,"1",,"A","110","D","05","D",43,"D",,"A",,"A",,"A",,"A",,"A",,"A",,"A",,"A",,"A"
"20133",2655823,10,0,"1",,"A","190","D","06","D",97,"D",,"A",,"A",,"A",,"A",,"A",,"A",,"A",,"A",,"A"
"20133",2655823,11,0,"2",,"A","190","D","04","D",94,"D",,"A",,"A",,"A",,"A",,"A",,"A",,"A",,"A",,"A"
"20133",2656133,6,0,"1",,"A","160","D","06","D",21,"D",,"A",,"A",,"A",,"A",,"A",,"A",,"A",,"A",,"A"
"20133",2656163,18,0,"1",,"A","190","D","04","D",35,"D",,"A",,"A",,"A",,"A",,"A",,"A",,"A",,"A",,"A"
"20133",2656163,19,0,"1",,"A","190","D","05","D",35,"D",,"A",,"A",,"A",,"A",,"A",,"A",,"A",,"A",,"A"
"20133",2656163,20,0,"1",,"A","190","D","06","D",489,"D",,"A",,"A",,"A",,"A",,"A",,"A",,"A",,"A",,"A"
"20133",2656163,21,0,"2",,"A","190","D","04","D",35,"D",,"A",,"A",,"A",,"A",,"A",,"A",,"A",,"A",,"A"
"20133",2656383,10,0,"1",,"A","190","D","04","D",75,"D",,"A",,"A",,"A",,"A",,"A",,"A",,"A",,"A",,"A"
"20133",2656383,11,0,"1",,"A","190","D","06","D",75,"D",,"A",,"A",,"A",,"A",,"A",,"A",,"A",,"A",,"A"
"20133",2656433,17,0,"1",,"A","170","D","05","D",11,"D",,"A",,"A",,"A",,"A",,"A",,"A",,"A",,"A",,"A"
"20133",2656443,6,0,"1",,"A","110","D","06","D",31,"D",,"A",,"A",,"A",,"A",,"A",,"A",,"A",,"A",,"A"
"20133",2656613,11,0,"1",,"A","220","D","04","D",21,"D",,"A",,"A",,"A",,"A",,"A",,"A",,"A",,"A",,"A"
"20133",2656613,12,0,"1",,"A","220","D","04","D",112,"D",,"A",,"A",,"A",,"A",,"A",,"A",,"A",,"A",,"A"
"20133",2656923,16,0,"1",,"A","190","D","04","D",13,"D",,"A",,"A",,"A",,"A",,"A",,"A",,"A",,"A",,"A"
"20133",2656993,14,0,"2",,"A","130","D","04","D",6,"D",,"A",,"A",,"A",,"A",,"A",,"A",,"A",,"A",,"A"
"20133",2657403,11,0,"1",,"A","200","D","05","D",408,"D",,"A",,"A",,"A",,"A",,"A",,"A",,"A",,"A",,"A"
"20133",2657493,6,0,"1",,"A","190","D","05","D",167,"D",,"A",,"A",,"A",,"A",,"A",,"A",,"A",,"A",,"A"
"20133",2657803,8,0,"1",,"A","110","D","04","D",150,"D",,"A",,"A",,"A",,"A",,"A",,"A",,"A",,"A",,"A"
"20133",2658173,14,0,"1",,"A","220","D","05","D",200,"D",,"A",,"A",,"A",,"A",,"A",,"A",,"A",,"A",,"A"
"20133",2658293,8,0,"1",,"A","190","D","07","D",70,"D",,"A",,"A",,"A",,"A",,"A",,"A",,"A",,"A",,"A"
"20133",2658643,3,0,"2",,"A","110","D","05","D",450,"D",,"A",,"A",,"A",,"A",,"A",,"A",,"A",,"A",,"A"
"20133",2659613,5,0,"1",,"A","170","D","07","D",500,"D",,"A",,"A",,"A",,"A",,"A",,"A",,"A",,"A",,"A"
"20133",2659733,17,0,"2",,"A","200","D","05","D",160,"D",,"A",,"A",,"A",,"A",,"A",,"A",,"A",,"A",,"A"
"20133",2659843,6,0,"1",,"A","100","D","06","D",53,"D",,"A",,"A",,"A",,"A",,"A",,"A",,"A",,"A",,"A"
"20133",2659843,7,0,"1",,"A","110","D","06","D",240,"D",,"A",,"A",,"A",,"A",,"A",,"A",,"A",,"A",,"A"
"20133",2659843,8,0,"1",,"A","170","D","07","D",233,"D",,"A",,"A",,"A",,"A",,"A",,"A",,"A",,"A",,"A"
"20133",2659883,3,0,"1",,"A","110","D","07","D",200,"D",,"A",,"A",,"A",,"A",,"A",,"A",,"A",,"A",,"A"
"20133",2659883,4,0,"1",,"A","190","D","07","D",89,"D",,"A",,"A",,"A",,"A",,"A",,"A",,"A",,"A",,"A"
"20133",2659893,2,0,"1",,"A","190","D","06","D",162,"D",,"A",,"A",,"A",,"A",,"A",,"A",,"A",,"A",,"A"
"20133",2659903,5,0,"1",,"A","190","D","07","D",171,"D",,"A",,"A",,"A",,"A",,"A",,"A",,"A",,"A",,"A"
"20133",2660023,4,0,"1",,"A","200","D","06","D",136,"D",,"A",,"A",,"A",,"A",,"A",,"A",,"A",,"A",,"A"
"20133",2660313,10,0,"1",,"A","220","D","06","D",10,"D",,"A",,"A",,"A",,"A",,"A",,"A",,"A",,"A",,"A"
"20133",2660313,11,0,"1",,"A","190","D","06","D",216,"D",,"A",,"A",,"A",,"A",,"A",,"A",,"A",,"A",,"A"
"20133",2660323,4,0,"1",,"A","190","D","06","D",100,"D",,"A",,"A",,"A",,"A",,"A",,"A",,"A",,"A",,"A"
"20133",2660573,1,0,"2",,"A","130","D","05","D",98,"D",,"A",,"A",,"A",,"A",,"A",,"A",,"A",,"A",,"A"
"20133",2660693,5,0,"1",,"A","190","D","05","D",85,"D",,"A",,"A",,"A",,"A",,"A",,"A",,"A",,"A",,"A"
"20133",2660723,7,0,"2",,"A","200","D","05","D",27,"D",,"A",,"A",,"A",,"A",,"A",,"A",,"A",,"A",,"A"
"20133",2661243,1,0,"1",,"A","190","D","05","D",350,"D",,"A",,"A",,"A",,"A",,"A",,"A",,"A",,"A",,"A"
"20133",2661583,2,0,"1",,"A","190","D","05","D",32,"D",,"A",,"A",,"A",,"A",,"A",,"A",,"A",,"A",,"A"
"20133",2661583,3,0,"1",,"A","190","D","06","D",32,"D",,"A",,"A",,"A",,"A",,"A",,"A",,"A",,"A",,"A"
"20133",2661583,4,0,"1",,"A","190","D","07","D",32,"D",,"A",,"A",,"A",,"A",,"A",,"A",,"A",,"A",,"A"
"20133",2661763,8,0,"2",,"A","200","D","05","D",350,"D",,"A",,"A",,"A",,"A",,"A",,"A",,"A",,"A",,"A"
"20133",2661793,6,0,"1",,"A","190","D","05","D",75,"D",,"A",,"A",,"A",,"A",,"A",,"A",,"A",,"A",,"A"
"20133",2661793,7,0,"1",,"A","190","D","07","D",75,"D",,"A",,"A",,"A",,"A",,"A",,"A",,"A",,"A",,"A"
"20133",2662183,8,0,"1",,"A","190","D","05","D",111,"D",,"A",,"A",,"A",,"A",,"A",,"A",,"A",,"A",,"A"
"20133",2662413,9,0,"1",,"A","190","D","06","D",1730,"D",,"A",,"A",,"A",,"A",,"A",,"A",,"A",,"A",,"A"
"20133",2662423,11,0,"1",,"A","110","D","06","D",460,"D",,"A",,"A",,"A",,"A",,"A",,"A",,"A",,"A",,"A"
"20133",2662423,12,0,"1",,"A","190","D","05","D",25,"D",,"A",,"A",,"A",,"A",,"A",,"A",,"A",,"A",,"A"
"20133",2662423,13,0,"1",,"A","190","D","06","D",25,"D",,"A",,"A",,"A",,"A",,"A",,"A",,"A",,"A",,"A"
"20133",2662423,14,0,"1",,"A","190","D","07","D",25,"D",,"A",,"A",,"A",,"A",,"A",,"A",,"A",,"A",,"A"
"20133",2662423,15,0,"2",,"A","190","D","05","D",25,"D",,"A",,"A",,"A",,"A",,"A",,"A",,"A",,"A",,"A"
"20133",2662493,6,0,"1",,"A","190","D","07","D",65,"D",,"A",,"A",,"A",,"A",,"A",,"A",,"A",,"A",,"A"
"20133",2662633,5,0,"1",,"A","200","D","06","D",20,"D",,"A",,"A",,"A",,"A",,"A",,"A",,"A",,"A",,"A"
"20133",2662633,6,0,"1",,"A","190","D","07","D",8,"D",,"A",,"A",,"A",,"A",,"A",,"A",,"A",,"A",,"A"
"20133",2663383,8,0,"2",,"A","190","D","05","D",65,"D",,"A",,"A",,"A",,"A",,"A",,"A",,"A",,"A",,"A"
"20133",2663624,12,0,"1",,"A","190","D","05","D",54,"D",,"A",,"A",,"A",,"A",,"A",,"A",,"A",,"A",,"A"
"20133",2663653,2,0,"1",,"A","110","D","06","D",180,"D",,"A",,"A",,"A",,"A",,"A",,"A",,"A",,"A",,"A"
"20133",2663703,3,0,"1",,"A","190","D","07","D",90,"D",,"A",,"A",,"A",,"A",,"A",,"A",,"A",,"A",,"A"
"20133",2663763,6,0,"1",,"A","190","D","05","D",80,"D",,"A",,"A",,"A",,"A",,"A",,"A",,"A",,"A",,"A"
"20133",2663763,7,0,"1",,"A","190","D","07","D",80,"D",,"A",,"A",,"A",,"A",,"A",,"A",,"A",,"A",,"A"
"20133",2663763,8,0,"2",,"A","130","D","05","D",34,"D",,"A",,"A",,"A",,"A",,"A",,"A",,"A",,"A",,"A"
"20133",2664143,16,0,"1",,"A","130","D","06","D",100,"D",,"A",,"A",,"A",,"A",,"A",,"A",,"A",,"A",,"A"
"20133",2664143,17,0,"1",,"A","190","D","06","D",150,"D",,"A",,"A",,"A",,"A",,"A",,"A",,"A",,"A",,"A"
"20133",2664143,18,0,"2",,"A","150","D","05","D",100,"D",,"A",,"A",,"A",,"A",,"A",,"A",,"A",,"A",,"A"
"20133",2664233,3,0,"1",,"A","130","D","07","D",68,"D",,"A",,"A",,"A",,"A",,"A",,"A",,"A",,"A",,"A"
"20133",2664393,10,0,"1",,"A","190","D","05","D",75,"D",,"A",,"A",,"A",,"A",,"A",,"A",,"A",,"A",,"A"
"20133",2664423,4,0,"1",,"A","110","D","06","D",20,"D",,"A",,"A",,"A",,"A",,"A",,"A",,"A",,"A",,"A"
"20133",2664643,4,0,"1",,"A","190","D","05","D",150,"D",,"A",,"A",,"A",,"A",,"A",,"A",,"A",,"A",,"A"
"20133",2665363,4,0,"1",,"A","190","D","07","D",2,"D",,"A",,"A",,"A",,"A",,"A",,"A",,"A",,"A",,"A"
"20133",2665563,10,0,"2",,"A","200","D","05","D",50,"D",,"A",,"A",,"A",,"A",,"A",,"A",,"A",,"A",,"A"
"20133",2665983,10,0,"1",,"A","190","D","06","D",108,"D",,"A",,"A",,"A",,"A",,"A",,"A",,"A",,"A",,"A"
"20133",2666113,19,0,"1",,"A","110","D","06","D",475,"D",,"A",,"A",,"A",,"A",,"A",,"A",,"A",,"A",,"A"
"20133",2666113,20,0,"1",,"A","110","D","05","D",400,"D",,"A",,"A",,"A",,"A",,"A",,"A",,"A",,"A",,"A"
"20133",2667323,9,0,"1",,"A","100","D","05","D",500,"D",,"A",,"A",,"A",,"A",,"A",,"A",,"A",,"A",,"A"
"20133",2667323,10,0,"1",,"A","110","D","07","D",670,"D",,"A",,"A",,"A",,"A",,"A",,"A",,"A",,"A",,"A"
"20133",2667473,5,0,"1",,"A","130","D","05","D",71,"D",,"A",,"A",,"A",,"A",,"A",,"A",,"A",,"A",,"A"
"20133",2667473,6,0,"1",,"A","170","D","07","D",1250,"D",,"A",,"A",,"A",,"A",,"A",,"A",,"A",,"A",,"A"
"20133",2668133,4,0,"1",,"A","190","D","05","D",75,"D",,"A",,"A",,"A",,"A",,"A",,"A",,"A",,"A",,"A"
"20133",2668293,9,0,"1",,"A","110","D","07","D",40,"D",,"A",,"A",,"A",,"A",,"A",,"A",,"A",,"A",,"A"
"20133",2668353,10,0,"1",,"A","110","D","06","D",60,"D",,"A",,"A",,"A",,"A",,"A",,"A",,"A",,"A",,"A"
"20133",2668583,10,0,"1",,"A","200","D","05","D",39,"D",,"A",,"A",,"A",,"A",,"A",,"A",,"A",,"A",,"A"
"20133",2668583,11,0,"1",,"A","200","D","06","D",39,"D",,"A",,"A",,"A",,"A",,"A",,"A",,"A",,"A",,"A"
"20133",2668583,12,0,"1",,"A","200","D","07","D",39,"D",,"A",,"A",,"A",,"A",,"A",,"A",,"A",,"A",,"A"
"20133",2668763,6,0,"1",,"A","190","D","07","D",109,"D",,"A",,"A",,"A",,"A",,"A",,"A",,"A",,"A",,"A"
"20133",2669083,5,0,"1",,"A","190","D","07","D",70,"D",,"A",,"A",,"A",,"A",,"A",,"A",,"A",,"A",,"A"
"20133",2669213,5,0,"1",,"A","200","D","06","D",10,"D",,"A",,"A",,"A",,"A",,"A",,"A",,"A",,"A",,"A"
"20133",2669213,6,0,"1",,"A","200","D","07","D",10,"D",,"A",,"A",,"A",,"A",,"A",,"A",,"A",,"A",,"A"
"20133",2669213,7,0,"1",,"A","200","D","08","D",10,"D",,"A",,"A",,"A",,"A",,"A",,"A",,"A",,"A",,"A"
"20133",2669273,12,0,"1",,"A","130","D","06","D",159,"D",,"A",,"A",,"A",,"A",,"A",,"A",,"A",,"A",,"A"
"20133",2669453,8,0,"1",,"A","150","D","08","D",80,"D",,"A",,"A",,"A",,"A",,"A",,"A",,"A",,"A",,"A"
"20133",2669513,9,0,"1",,"A","190","D","08","D",146,"D",,"A",,"A",,"A",,"A",,"A",,"A",,"A",,"A",,"A"
"20133",2669753,10,0,"1",,"A","190","D","06","D",600,"D",,"A",,"A",,"A",,"A",,"A",,"A",,"A",,"A",,"A"
"20133",2669843,8,0,"1",,"A","110","D","06","D",31,"D",,"A",,"A",,"A",,"A",,"A",,"A",,"A",,"A",,"A"
"20133",2669843,9,0,"1",,"A","110","D","07","D",31,"D",,"A",,"A",,"A",,"A",,"A",,"A",,"A",,"A",,"A"
"20133",2669843,10,0,"1",,"A","110","D","08","D",31,"D",,"A",,"A",,"A",,"A",,"A",,"A",,"A",,"A",,"A"
"20133",2670063,3,0,"1",,"A","190","D","08","D",230,"D",,"A",,"A",,"A",,"A",,"A",,"A",,"A",,"A",,"A"
"20133",2670103,18,0,"1",,"A","110","D","06","D",300,"D",,"A",,"A",,"A",,"A",,"A",,"A",,"A",,"A",,"A"
"20133",2670403,16,0,"1",,"A","200","D","06","D",55,"D",,"A",,"A",,"A",,"A",,"A",,"A",,"A",,"A",,"A"
"20133",2670403,17,0,"1",,"A","200","D","07","D",55,"D",,"A",,"A",,"A",,"A",,"A",,"A",,"A",,"A",,"A"
"20133",2670403,18,0,"1",,"A","200","D","08","D",55,"D",,"A",,"A",,"A",,"A",,"A",,"A",,"A",,"A",,"A"
"20133",2670403,19,0,"1",,"A","190","D","07","D",45,"D",,"A",,"A",,"A",,"A",,"A",,"A",,"A",,"A",,"A"
"20133",2670753,5,0,"2",,"A","130","D","06","D",2799,"D",,"A",,"A",,"A",,"A",,"A",,"A",,"A",,"A",,"A"
"20133",2670773,5,0,"1",,"A","170","D","06","D",11,"D",,"A",,"A",,"A",,"A",,"A",,"A",,"A",,"A",,"A"
"20133",2670913,7,0,"1",,"A","190","D","08","D",214,"D",,"A",,"A",,"A",,"A",,"A",,"A",,"A",,"A",,"A"
"20133",2671123,7,0,"1",,"A","190","D","06","D",45,"D",,"A",,"A",,"A",,"A",,"A",,"A",,"A",,"A",,"A"
"20133",2671123,8,0,"1",,"A","190","D","08","D",45,"D",,"A",,"A",,"A",,"A",,"A",,"A",,"A",,"A",,"A"
"20133",2671253,7,0,"1",,"A","190","D","07","D",225,"D",,"A",,"A",,"A",,"A",,"A",,"A",,"A",,"A",,"A"
"20133",2671483,8,0,"1",,"A","200","D","07","D",227,"D",,"A",,"A",,"A",,"A",,"A",,"A",,"A",,"A",,"A"
"20133",2671483,9,0,"1",,"A","200","D","07","D",30,"D",,"A",,"A",,"A",,"A",,"A",,"A",,"A",,"A",,"A"
"20133",2671833,6,0,"1",,"A","130","D","08","D",37,"D",,"A",,"A",,"A",,"A",,"A",,"A",,"A",,"A",,"A"
"20133",2672173,7,0,"1",,"A","190","D","06","D",80,"D",,"A",,"A",,"A",,"A",,"A",,"A",,"A",,"A",,"A"
"20133",2672233,15,0,"2",,"A","110","D","06","D",34,"D",,"A",,"A",,"A",,"A",,"A",,"A",,"A",,"A",,"A"
"20133",2672323,10,0,"1",,"A","130","D","06","D",151,"D",,"A",,"A",,"A",,"A",,"A",,"A",,"A",,"A",,"A"
"20133",2672423,17,0,"1",,"A","100","D","06","D",180,"D",,"A",,"A",,"A",,"A",,"A",,"A",,"A",,"A",,"A"
"20133",2672523,12,0,"1",,"A","130","D","08","D",13,"D",,"A",,"A",,"A",,"A",,"A",,"A",,"A",,"A",,"A"
"20133",2672833,6,0,"1",,"A","190","D","08","D",55,"D",,"A",,"A",,"A",,"A",,"A",,"A",,"A",,"A",,"A"
"20133",2672923,15,0,"1",,"A","190","D","07","D",108,"D",,"A",,"A",,"A",,"A",,"A",,"A",,"A",,"A",,"A"
"20133",2672923,16,0,"1",,"A","200","D","07","D",107,"D",,"A",,"A",,"A",,"A",,"A",,"A",,"A",,"A",,"A"
"20133",2672923,17,0,"2",,"A","200","D","06","D",161,"D",,"A",,"A",,"A",,"A",,"A",,"A",,"A",,"A",,"A"
"20133",2673373,10,0,"1",,"A","130","D","07","D",30,"D",,"A",,"A",,"A",,"A",,"A",,"A",,"A",,"A",,"A"
"20133",2673523,13,0,"1",,"A","190","D","07","D",190,"D",,"A",,"A",,"A",,"A",,"A",,"A",,"A",,"A",,"A"
"20133",2673733,8,0,"1",,"A","200","D","06","D",300,"D",,"A",,"A",,"A",,"A",,"A",,"A",,"A",,"A",,"A"
"20133",2673773,6,0,"1",,"A","120","D","08","D",40,"D",,"A",,"A",,"A",,"A",,"A",,"A",,"A",,"A",,"A"
"20133",2673893,7,0,"1",,"A","200","D","06","D",100,"D",,"A",,"A",,"A",,"A",,"A",,"A",,"A",,"A",,"A"
"20133",2673983,4,0,"1",,"A","190","D","08","D",90,"D",,"A",,"A",,"A",,"A",,"A",,"A",,"A",,"A",,"A"
"20133",2674153,10,0,"1",,"A","190","D","07","D",93,"D",,"A",,"A",,"A",,"A",,"A",,"A",,"A",,"A",,"A"
"20133",2674173,5,0,"1",,"A","130","D","06","D",80,"D",,"A",,"A",,"A",,"A",,"A",,"A",,"A",,"A",,"A"
"20133",2674583,3,0,"2",,"A","190","D","06","D",50,"D",,"A",,"A",,"A",,"A",,"A",,"A",,"A",,"A",,"A"
"20133",2674593,8,0,"1",,"A","190","D","07","D",76,"D",,"A",,"A",,"A",,"A",,"A",,"A",,"A",,"A",,"A"
"20133",2674593,9,0,"1",,"A","150","D","07","D",33,"D",,"A",,"A",,"A",,"A",,"A",,"A",,"A",,"A",,"A"
"20133",2674753,8,0,"1",,"A","200","D","07","D",150,"D","210","D",,"A",,"A",,"A",,"A",,"A",,"A",,"A",,"A"
"20133",2674963,2,0,"1",,"A","190","D","07","D",30,"D",,"A",,"A",,"A",,"A",,"A",,"A",,"A",,"A",,"A"
"20133",2675133,10,0,"1",,"A","190","D","08","D",90,"D",,"A",,"A",,"A",,"A",,"A",,"A",,"A",,"A",,"A"
"20133",2675633,4,0,"1",,"A","110","D","06","D",18,"D",,"A",,"A",,"A",,"A",,"A",,"A",,"A",,"A",,"A"
"20133",2675633,5,0,"1",,"A","110","D","07","D",18,"D",,"A",,"A",,"A",,"A",,"A",,"A",,"A",,"A",,"A"
"20133",2675633,6,0,"1",,"A","110","D","08","D",18,"D",,"A",,"A",,"A",,"A",,"A",,"A",,"A",,"A",,"A"
"20133",2676023,12,0,"1",,"A","130","D","06","D",8,"D",,"A",,"A",,"A",,"A",,"A",,"A",,"A",,"A",,"A"
"20133",2676023,13,0,"1",,"A","130","D","08","D",22,"D",,"A",,"A",,"A",,"A",,"A",,"A",,"A",,"A",,"A"
"20133",2676753,7,0,"1",,"A","110","D","07","D",215,"D",,"A",,"A",,"A",,"A",,"A",,"A",,"A",,"A",,"A"
"20133",2677283,3,0,"1",,"A","190","D","06","D",45,"D",,"A",,"A",,"A",,"A",,"A",,"A",,"A",,"A",,"A"
"20133",2677473,15,0,"1",,"A","190","D","06","D",90,"D",,"A",,"A",,"A",,"A",,"A",,"A",,"A",,"A",,"A"
"20133",2677483,6,0,"1",,"A","190","D","07","D",85,"D",,"A",,"A",,"A",,"A",,"A",,"A",,"A",,"A",,"A"
"20133",2677903,5,0,"1",,"A","110","D","06","D",35,"D",,"A",,"A",,"A",,"A",,"A",,"A",,"A",,"A",,"A"
"20133",2677973,15,0,"1",,"A","130","D","08","D",80,"D",,"A",,"A",,"A",,"A",,"A",,"A",,"A",,"A",,"A"
"20133",2677973,16,0,"1",,"A","170","D","08","D",100,"D",,"A",,"A",,"A",,"A",,"A",,"A",,"A",,"A",,"A"
"20133",2678343,1,0,"1",,"A","200","D","06","D",12,"D",,"A",,"A",,"A",,"A",,"A",,"A",,"A",,"A",,"A"
"20133",2678343,2,0,"1",,"A","200","D","07","D",12,"D",,"A",,"A",,"A",,"A",,"A",,"A",,"A",,"A",,"A"
"20133",2678343,3,0,"1",,"A","200","D","08","D",12,"D",,"A",,"A",,"A",,"A",,"A",,"A",,"A",,"A",,"A"
"20133",2678343,4,0,"1",,"A","200","D","08","D",748,"D",,"A",,"A",,"A",,"A",,"A",,"A",,"A",,"A",,"A"
"20133",2678433,2,0,"1",,"A","110","D","07","D",130,"D",,"A",,"A",,"A",,"A",,"A",,"A",,"A",,"A",,"A"
"20133",2678433,3,0,"1",,"A","190","D","07","D",95,"D",,"A",,"A",,"A",,"A",,"A",,"A",,"A",,"A",,"A"
"20133",2678513,3,0,"1",,"A","190","D","06","D",54,"D",,"A",,"A",,"A",,"A",,"A",,"A",,"A",,"A",,"A"
"20133",2678513,4,0,"1",,"A","190","D","07","D",54,"D",,"A",,"A",,"A",,"A",,"A",,"A",,"A",,"A",,"A"
"20133",2678513,5,0,"1",,"A","190","D","08","D",54,"D",,"A",,"A",,"A",,"A",,"A",,"A",,"A",,"A",,"A"
"20133",2678513,6,0,"2",,"A","190","D","06","D",51,"D",,"A",,"A",,"A",,"A",,"A",,"A",,"A",,"A",,"A"
"20133",2678603,13,0,"1",,"A","110","D","06","D",141,"F",,"A",,"A",,"A",,"A",,"A",,"A",,"A",,"A",,"A"
"20133",2678603,14,0,"1",,"A","110","D","07","D",141,"F",,"A",,"A",,"A",,"A",,"A",,"A",,"A",,"A",,"A"
"20133",2678603,15,0,"1",,"A","110","D","08","D",141,"F",,"A",,"A",,"A",,"A",,"A",,"A",,"A",,"A",,"A"
"20133",2678623,6,0,"1",,"A","110","D","08","D",200,"D",,"A",,"A",,"A",,"A",,"A",,"A",,"A",,"A",,"A"
"20133",2678903,15,0,"1",,"A","190","D","06","D",85,"D",,"A",,"A",,"A",,"A",,"A",,"A",,"A",,"A",,"A"
"20133",2678903,16,0,"2",,"A","190","D","06","D",90,"D",,"A",,"A",,"A",,"A",,"A",,"A",,"A",,"A",,"A"
"20133",2679153,10,0,"1",,"A","210","D","07","D",.,"H","210","D","110","D",,"A",,"A",,"A",,"A",,"A",,"A",,"A"
"20133",2679153,10,1,"1",,"A","110","D","07","D",50,"E",,"A",,"A",,"A",,"A",,"A",,"A",,"A",,"A",,"A"
"20133",2679153,10,2,"1",,"A","130","D","07","D",45,"E",,"A",,"A",,"A",,"A",,"A",,"A",,"A",,"A",,"A"
"20133",2679153,10,3,"1",,"A","140","D","07","D",25,"E",,"A",,"A",,"A",,"A",,"A",,"A",,"A",,"A",,"A"
"20133",2679273,11,0,"1",,"A","110","D","07","D",135,"D",,"A",,"A",,"A",,"A",,"A",,"A",,"A",,"A",,"A"
"20133",2679383,25,0,"1",,"A","130","D","08","D",60,"D",,"A",,"A",,"A",,"A",,"A",,"A",,"A",,"A",,"A"
"20133",2679565,10,0,"1",,"A","190","D","07","D",1100,"D",,"A",,"A",,"A",,"A",,"A",,"A",,"A",,"A",,"A"
"20133",2679583,4,0,"1",,"A","200","D","08","D",90,"D",,"A",,"A",,"A",,"A",,"A",,"A",,"A",,"A",,"A"
"20133",2679723,23,0,"1",,"A","220","D","07","D",84,"D",,"A",,"A",,"A",,"A",,"A",,"A",,"A",,"A",,"A"
"20133",2679723,24,0,"1",,"A","190","D","08","D",127,"D",,"A",,"A",,"A",,"A",,"A",,"A",,"A",,"A",,"A"
"20133",2679723,25,0,"2",,"A","170","D","06","D",820,"D",,"A",,"A",,"A",,"A",,"A",,"A",,"A",,"A",,"A"
"20133",2679723,26,0,"2",,"A","220","D","06","D",85,"D",,"A",,"A",,"A",,"A",,"A",,"A",,"A",,"A",,"A"
"20133",2679873,7,0,"1",,"A","190","D","08","D",135,"D",,"A",,"A",,"A",,"A",,"A",,"A",,"A",,"A",,"A"
"20133",2680033,7,0,"1",,"A","130","D","08","D",45,"D",,"A",,"A",,"A",,"A",,"A",,"A",,"A",,"A",,"A"
"20133",2680093,22,0,"1",,"A","190","D","07","D",1100,"D",,"A",,"A",,"A",,"A",,"A",,"A",,"A",,"A",,"A"
"20133",2680213,3,0,"1",,"A","200","D","07","D",120,"D",,"A",,"A",,"A",,"A",,"A",,"A",,"A",,"A",,"A"
"20133",2680282,10,0,"1",,"A","190","D","05","D",135,"D",,"A",,"A",,"A",,"A",,"A",,"A",,"A",,"A",,"A"
"20133",2680842,7,0,"1",,"A","190","D","06","D",53,"D",,"A",,"A",,"A",,"A",,"A",,"A",,"A",,"A",,"A"
"20133",2681122,4,0,"1",,"A","130","D","06","D",16,"D",,"A",,"A",,"A",,"A",,"A",,"A",,"A",,"A",,"A"
"20133",2681502,10,0,"1",,"A","130","D","06","D",65,"D",,"A",,"A",,"A",,"A",,"A",,"A",,"A",,"A",,"A"
"20133",2682292,9,0,"1",,"A","190","D","05","D",75,"D",,"A",,"A",,"A",,"A",,"A",,"A",,"A",,"A",,"A"
"20133",2682502,2,0,"1",,"A","130","D","04","D",30,"D",,"A",,"A",,"A",,"A",,"A",,"A",,"A",,"A",,"A"
"20133",2682502,3,0,"1",,"A","130","D","05","D",30,"D",,"A",,"A",,"A",,"A",,"A",,"A",,"A",,"A",,"A"
"20133",2682502,4,0,"1",,"A","130","D","06","D",30,"D",,"A",,"A",,"A",,"A",,"A",,"A",,"A",,"A",,"A"
"20133",2682502,5,0,"1",,"A","190","D","05","D",70,"D",,"A",,"A",,"A",,"A",,"A",,"A",,"A",,"A",,"A"
"20133",2683222,4,0,"1",,"A","190","D","04","D",30,"D",,"A",,"A",,"A",,"A",,"A",,"A",,"A",,"A",,"A"
"20133",2683262,7,0,"1",,"A","200","D","04","D",220,"D",,"A",,"A",,"A",,"A",,"A",,"A",,"A",,"A",,"A"
"20133",2683312,18,0,"1",,"A","190","D","05","D",150,"D",,"A",,"A",,"A",,"A",,"A",,"A",,"A",,"A",,"A"
"20133",2683852,18,0,"1",,"A","110","D","06","D",40,"D",,"A",,"A",,"A",,"A",,"A",,"A",,"A",,"A",,"A"
"20133",2683972,3,0,"1",,"A","190","D","06","D",103,"D",,"A",,"A",,"A",,"A",,"A",,"A",,"A",,"A",,"A"
"20133",2684022,3,0,"1",,"A","190","D","04","D",92,"D",,"A",,"A",,"A",,"A",,"A",,"A",,"A",,"A",,"A"
"20133",2684062,17,0,"1",,"A","130","D","06","D",50,"D",,"A",,"A",,"A",,"A",,"A",,"A",,"A",,"A",,"A"
"20133",2684222,4,0,"1",,"A","190","D","05","D",900,"D",,"A",,"A",,"A",,"A",,"A",,"A",,"A",,"A",,"A"
"20133",2684342,7,0,"1",,"A","110","D","04","D",244,"D",,"A",,"A",,"A",,"A",,"A",,"A",,"A",,"A",,"A"
"20133",2684472,4,0,"1",,"A","110","D","05","D",148,"D",,"A",,"A",,"A",,"A",,"A",,"A",,"A",,"A",,"A"
"20133",2684492,9,0,"2",,"A","110","D","04","D",40,"D",,"A",,"A",,"A",,"A",,"A",,"A",,"A",,"A",,"A"
"20133",2685042,9,0,"1",,"A","190","D","06","D",230,"D",,"A",,"A",,"A",,"A",,"A",,"A",,"A",,"A",,"A"
"20133",2685142,15,0,"1",,"A","200","D","05","D",100,"D",,"A",,"A",,"A",,"A",,"A",,"A",,"A",,"A",,"A"
"20133",2685182,5,0,"1",,"A","190","D","04","D",80,"D",,"A",,"A",,"A",,"A",,"A",,"A",,"A",,"A",,"A"
"20133",2685232,18,0,"1",,"A","190","D","06","D",214,"D",,"A",,"A",,"A",,"A",,"A",,"A",,"A",,"A",,"A"
"20133",2685322,25,0,"1",,"A","220","D","04","D",99,"D",,"A",,"A",,"A",,"A",,"A",,"A",,"A",,"A",,"A"
"20133",2685482,16,0,"1",,"A","190","D","05","D",53,"D",,"A",,"A",,"A",,"A",,"A",,"A",,"A",,"A",,"A"
"20133",2685482,17,0,"1",,"A","190","D","06","D",106,"D",,"A",,"A",,"A",,"A",,"A",,"A",,"A",,"A",,"A"
"20133",2685932,4,0,"1",,"A","190","D","05","D",119,"D",,"A",,"A",,"A",,"A",,"A",,"A",,"A",,"A",,"A"
"20133",2686022,1,0,"1",,"A","190","D","06","D",135,"D",,"A",,"A",,"A",,"A",,"A",,"A",,"A",,"A",,"A"
"20133",2686232,4,0,"1",,"A","110","D","04","D",230,"D",,"A",,"A",,"A",,"A",,"A",,"A",,"A",,"A",,"A"
"20133",2686382,6,0,"1",,"A","190","D","05","D",20,"D",,"A",,"A",,"A",,"A",,"A",,"A",,"A",,"A",,"A"
"20133",2686522,3,0,"1",,"A","190","D","04","D",19,"D",,"A",,"A",,"A",,"A",,"A",,"A",,"A",,"A",,"A"
"20133",2686642,6,0,"1",,"A","200","D","05","D",48,"D",,"A",,"A",,"A",,"A",,"A",,"A",,"A",,"A",,"A"
"20133",2686792,6,0,"1",,"A","110","D","05","D",100,"D",,"A",,"A",,"A",,"A",,"A",,"A",,"A",,"A",,"A"
"20133",2687072,3,0,"1",,"A","190","D","05","D",106,"D",,"A",,"A",,"A",,"A",,"A",,"A",,"A",,"A",,"A"
"20133",2687092,6,0,"1",,"A","110","D","06","D",54,"D",,"A",,"A",,"A",,"A",,"A",,"A",,"A",,"A",,"A"
"20133",2687092,7,0,"2",,"A","110","D","04","D",43,"D",,"A",,"A",,"A",,"A",,"A",,"A",,"A",,"A",,"A"
"20133",2687152,6,0,"1",,"A","200","D","06","D",158,"F",,"A",,"A",,"A",,"A",,"A",,"A",,"A",,"A",,"A"
"20133",2687382,7,0,"1",,"A","190","D","04","D",75,"D",,"A",,"A",,"A",,"A",,"A",,"A",,"A",,"A",,"A"
"20133",2687462,13,0,"1",,"A","190","D","05","D",95,"D",,"A",,"A",,"A",,"A",,"A",,"A",,"A",,"A",,"A"
"20133",2687462,14,0,"1",,"A","200","D","05","D",494,"D",,"A",,"A",,"A",,"A",,"A",,"A",,"A",,"A",,"A"
"20133",2687472,5,0,"1",,"A","130","D","06","D",370,"D",,"A",,"A",,"A",,"A",,"A",,"A",,"A",,"A",,"A"
"20133",2687612,8,0,"1",,"A","220","D","06","D",42,"D",,"A",,"A",,"A",,"A",,"A",,"A",,"A",,"A",,"A"
"20133",2687682,4,0,"1",,"A","110","D","06","D",61,"D",,"A",,"A",,"A",,"A",,"A",,"A",,"A",,"A",,"A"
"20133",2687742,4,0,"1",,"A","120","D","06","D",75,"D",,"A",,"A",,"A",,"A",,"A",,"A",,"A",,"A",,"A"
"20133",2687742,5,0,"1",,"A","120","D","06","D",75,"D",,"A",,"A",,"A",,"A",,"A",,"A",,"A",,"A",,"A"
"20133",2687822,17,0,"1",,"A","200","D","06","D",150,"D",,"A",,"A",,"A",,"A",,"A",,"A",,"A",,"A",,"A"
"20133",2687892,2,0,"1",,"A","170","D","04","D",424,"D",,"A",,"A",,"A",,"A",,"A",,"A",,"A",,"A",,"A"
"20133",2688112,6,0,"2",,"A","220","D","04","D",100,"D",,"A",,"A",,"A",,"A",,"A",,"A",,"A",,"A",,"A"
"20133",2688522,7,0,"1",,"A","190","D","05","D",35,"D",,"A",,"A",,"A",,"A",,"A",,"A",,"A",,"A",,"A"
"20133",2688522,8,0,"1",,"A","190","D","06","D",35,"D",,"A",,"A",,"A",,"A",,"A",,"A",,"A",,"A",,"A"
"20133",2688522,9,0,"1",,"A","190","D","04","D",35,"D",,"A",,"A",,"A",,"A",,"A",,"A",,"A",,"A",,"A"
"20133",2688522,10,0,"2",,"A","200","D","04","D",108,"D",,"A",,"A",,"A",,"A",,"A",,"A",,"A",,"A",,"A"
"20133",2688522,11,0,"2",,"A","110","D","04","D",79,"D",,"A",,"A",,"A",,"A",,"A",,"A",,"A",,"A",,"A"
"20133",2688522,12,0,"2",,"A","190","D","04","D",35,"D",,"A",,"A",,"A",,"A",,"A",,"A",,"A",,"A",,"A"
"20133",2688612,8,0,"1",,"A","190","D","06","D",160,"D",,"A",,"A",,"A",,"A",,"A",,"A",,"A",,"A",,"A"
"20133",2689052,6,0,"1",,"A","140","D","06","D",200,"D",,"A",,"A",,"A",,"A",,"A",,"A",,"A",,"A",,"A"
"20133",2689162,15,0,"1",,"A","220","D","05","D",65,"D",,"A",,"A",,"A",,"A",,"A",,"A",,"A",,"A",,"A"
"20133",2689162,16,0,"2",,"A","220","D","04","D",65,"D",,"A",,"A",,"A",,"A",,"A",,"A",,"A",,"A",,"A"
"20133",2689492,3,0,"1",,"A","190","D","05","D",19,"D",,"A",,"A",,"A",,"A",,"A",,"A",,"A",,"A",,"A"
"20133",2689492,4,0,"1",,"A","190","D","06","D",19,"D",,"A",,"A",,"A",,"A",,"A",,"A",,"A",,"A",,"A"
"20133",2689892,6,0,"1",,"A","190","D","06","D",64,"D",,"A",,"A",,"A",,"A",,"A",,"A",,"A",,"A",,"A"
"20133",2690072,19,0,"1",,"A","190","D","04","D",65,"D",,"A",,"A",,"A",,"A",,"A",,"A",,"A",,"A",,"A"
"20133",2690072,20,0,"2",,"A","190","D","04","D",80,"D",,"A",,"A",,"A",,"A",,"A",,"A",,"A",,"A",,"A"
"20133",2690272,11,0,"1",,"A","190","D","05","D",95,"D",,"A",,"A",,"A",,"A",,"A",,"A",,"A",,"A",,"A"
"20133",2690542,13,0,"2",,"A","130","D","04","D",286,"D",,"A",,"A",,"A",,"A",,"A",,"A",,"A",,"A",,"A"
"20133",2690672,7,0,"2",,"A","200","D","04","D",217,"D",,"A",,"A",,"A",,"A",,"A",,"A",,"A",,"A",,"A"
"20133",2690702,21,0,"1",,"A","110","D","06","D",130,"D",,"A",,"A",,"A",,"A",,"A",,"A",,"A",,"A",,"A"
"20133",2690823,9,0,"1",,"A","110","D","06","D",265,"D",,"A",,"A",,"A",,"A",,"A",,"A",,"A",,"A",,"A"
"20133",2690942,3,0,"1",,"A","130","D","05","D",60,"D",,"A",,"A",,"A",,"A",,"A",,"A",,"A",,"A",,"A"
"20133",2691522,5,0,"2",,"A","110","D","05","D",250,"D",,"A",,"A",,"A",,"A",,"A",,"A",,"A",,"A",,"A"
"20133",2691562,10,0,"1",,"A","190","D","07","D",59,"D",,"A",,"A",,"A",,"A",,"A",,"A",,"A",,"A",,"A"
"20133",2691562,11,0,"2",,"A","200","D","05","D",225,"D",,"A",,"A",,"A",,"A",,"A",,"A",,"A",,"A",,"A"
"20133",2691562,12,0,"2",,"A","190","D","05","D",108,"D",,"A",,"A",,"A",,"A",,"A",,"A",,"A",,"A",,"A"
"20133",2691672,18,0,"1",,"A","110","D","07","D",40,"D",,"A",,"A",,"A",,"A",,"A",,"A",,"A",,"A",,"A"
"20133",2691672,19,0,"1",,"A","200","D","06","D",280,"D",,"A",,"A",,"A",,"A",,"A",,"A",,"A",,"A",,"A"
"20133",2691722,29,0,"1",,"A","140","D","07","D",53,"D",,"A",,"A",,"A",,"A",,"A",,"A",,"A",,"A",,"A"
"20133",2691772,11,0,"1",,"A","130","D","05","D",139,"D",,"A",,"A",,"A",,"A",,"A",,"A",,"A",,"A",,"A"
"20133",2691772,12,0,"1",,"A","130","D","06","D",139,"D",,"A",,"A",,"A",,"A",,"A",,"A",,"A",,"A",,"A"
"20133",2691772,13,0,"1",,"A","130","D","07","D",139,"D",,"A",,"A",,"A",,"A",,"A",,"A",,"A",,"A",,"A"
"20133",2691772,14,0,"2",,"A","130","D","05","D",139,"D",,"A",,"A",,"A",,"A",,"A",,"A",,"A",,"A",,"A"
"20133",2692262,5,0,"1",,"A","110","D","07","D",300,"D",,"A",,"A",,"A",,"A",,"A",,"A",,"A",,"A",,"A"
"20133",2692372,5,0,"2",,"A","190","D","05","D",90,"D",,"A",,"A",,"A",,"A",,"A",,"A",,"A",,"A",,"A"
"20133",2692422,3,0,"1",,"A","130","D","06","D",150,"D",,"A",,"A",,"A",,"A",,"A",,"A",,"A",,"A",,"A"
"20133",2692462,6,0,"1",,"A","200","D","05","D",10,"D",,"A",,"A",,"A",,"A",,"A",,"A",,"A",,"A",,"A"
"20133",2692462,7,0,"1",,"A","200","D","06","D",10,"D",,"A",,"A",,"A",,"A",,"A",,"A",,"A",,"A",,"A"
"20133",2692462,8,0,"1",,"A","200","D","07","D",10,"D",,"A",,"A",,"A",,"A",,"A",,"A",,"A",,"A",,"A"
"20133",2692892,13,0,"1",,"A","210","D","07","D",.,"H","210","D","190","D",,"A",,"A",,"A",,"A",,"A",,"A",,"A"
"20133",2692892,13,1,"1",,"A","100","D","07","D",85,"E",,"A",,"A",,"A",,"A",,"A",,"A",,"A",,"A",,"A"
"20133",2692892,13,2,"1",,"A","110","D","07","D",80,"E",,"A",,"A",,"A",,"A",,"A",,"A",,"A",,"A",,"A"
"20133",2692892,13,3,"1",,"A","190","D","07","D",60,"E",,"A",,"A",,"A",,"A",,"A",,"A",,"A",,"A",,"A"
"20133",2693102,15,0,"2",,"A","120","D","05","D",70,"D",,"A",,"A",,"A",,"A",,"A",,"A",,"A",,"A",,"A"
"20133",2693392,11,0,"1",,"A","100","D","05","D",30,"D",,"A",,"A",,"A",,"A",,"A",,"A",,"A",,"A",,"A"
"20133",2693392,12,0,"1",,"A","100","D","06","D",30,"D",,"A",,"A",,"A",,"A",,"A",,"A",,"A",,"A",,"A"
"20133",2693392,13,0,"1",,"A","100","D","07","D",30,"D",,"A",,"A",,"A",,"A",,"A",,"A",,"A",,"A",,"A"
"20133",2693422,4,0,"1",,"A","110","D","06","D",36,"D",,"A",,"A",,"A",,"A",,"A",,"A",,"A",,"A",,"A"
"20133",2693672,10,0,"2",,"A","200","D","05","D",264,"D",,"A",,"A",,"A",,"A",,"A",,"A",,"A",,"A",,"A"
"20133",2693942,11,0,"1",,"A","120","D","07","D",61,"D",,"A",,"A",,"A",,"A",,"A",,"A",,"A",,"A",,"A"
"20133",2693942,12,0,"1",,"A","220","D","07","D",292,"D",,"A",,"A",,"A",,"A",,"A",,"A",,"A",,"A",,"A"
"20133",2693942,13,0,"1",,"A","200","D","06","D",205,"D",,"A",,"A",,"A",,"A",,"A",,"A",,"A",,"A",,"A"
"20133",2694112,17,0,"1",,"A","120","D","05","D",36,"D",,"A",,"A",,"A",,"A",,"A",,"A",,"A",,"A",,"A"
"20133",2694212,40,0,"2",,"A","110","D","05","D",81,"D",,"A",,"A",,"A",,"A",,"A",,"A",,"A",,"A",,"A"
"20133",2695102,2,0,"1",,"A","130","D","06","D",72,"D",,"A",,"A",,"A",,"A",,"A",,"A",,"A",,"A",,"A"
"20133",2695272,18,0,"1",,"A","170","D","06","D",150,"D",,"A",,"A",,"A",,"A",,"A",,"A",,"A",,"A",,"A"
"20133",2695302,10,0,"1",,"A","190","D","05","D",104,"D",,"A",,"A",,"A",,"A",,"A",,"A",,"A",,"A",,"A"
"20133",2695302,11,0,"1",,"A","190","D","07","D",104,"D",,"A",,"A",,"A",,"A",,"A",,"A",,"A",,"A",,"A"
"20133",2695422,12,0,"1",,"A","110","D","07","D",250,"D",,"A",,"A",,"A",,"A",,"A",,"A",,"A",,"A",,"A"
"20133",2695582,8,0,"1",,"A","160","D","07","D",1000,"D",,"A",,"A",,"A",,"A",,"A",,"A",,"A",,"A",,"A"
"20133",2695622,8,0,"1",,"A","110","D","05","D",21,"D",,"A",,"A",,"A",,"A",,"A",,"A",,"A",,"A",,"A"
"20133",2695722,11,0,"1",,"A","200","D","05","D",350,"D",,"A",,"A",,"A",,"A",,"A",,"A",,"A",,"A",,"A"
"20133",2695722,12,0,"1",,"A","110","D","07","D",412,"D",,"A",,"A",,"A",,"A",,"A",,"A",,"A",,"A",,"A"
"20133",2696022,7,0,"1",,"A","200","D","05","D",170,"D",,"A",,"A",,"A",,"A",,"A",,"A",,"A",,"A",,"A"
"20133",2696022,8,0,"1",,"A","110","D","07","D",37,"D",,"A",,"A",,"A",,"A",,"A",,"A",,"A",,"A",,"A"
"20133",2696022,9,0,"2",,"A","200","D","05","D",150,"D",,"A",,"A",,"A",,"A",,"A",,"A",,"A",,"A",,"A"
"20133",2696042,7,0,"1",,"A","130","D","07","D",90,"D",,"A",,"A",,"A",,"A",,"A",,"A",,"A",,"A",,"A"
"20133",2696142,10,0,"1",,"A","130","D","07","D",5,"D",,"A",,"A",,"A",,"A",,"A",,"A",,"A",,"A",,"A"
"20133",2696142,11,0,"1",,"A","170","D","07","D",115,"D",,"A",,"A",,"A",,"A",,"A",,"A",,"A",,"A",,"A"
"20133",2696562,8,0,"1",,"A","110","D","07","D",180,"D",,"A",,"A",,"A",,"A",,"A",,"A",,"A",,"A",,"A"
"20133",2696622,5,0,"1",,"A","200","D","07","D",60,"D",,"A",,"A",,"A",,"A",,"A",,"A",,"A",,"A",,"A"
"20133",2696652,1,0,"1",,"A","130","D","07","D",332,"D",,"A",,"A",,"A",,"A",,"A",,"A",,"A",,"A",,"A"
"20133",2696662,5,0,"1",,"A","190","D","07","D",159,"D",,"A",,"A",,"A",,"A",,"A",,"A",,"A",,"A",,"A"
"20133",2696662,6,0,"1",,"A","200","D","06","D",169,"D",,"A",,"A",,"A",,"A",,"A",,"A",,"A",,"A",,"A"
"20133",2696872,7,0,"1",,"A","190","D","07","D",7,"D",,"A",,"A",,"A",,"A",,"A",,"A",,"A",,"A",,"A"
"20133",2697042,4,0,"1",,"A","110","D","06","D",99,"D",,"A",,"A",,"A",,"A",,"A",,"A",,"A",,"A",,"A"
"20133",2697162,5,0,"2",,"A","190","D","05","D",165,"D",,"A",,"A",,"A",,"A",,"A",,"A",,"A",,"A",,"A"
"20133",2697592,4,0,"1",,"A","190","D","07","D",88,"D",,"A",,"A",,"A",,"A",,"A",,"A",,"A",,"A",,"A"
"20133",2697592,5,0,"2",,"A","190","D","05","D",87,"D",,"A",,"A",,"A",,"A",,"A",,"A",,"A",,"A",,"A"
"20133",2697772,11,0,"1",,"A","100","D","05","D",33,"D",,"A",,"A",,"A",,"A",,"A",,"A",,"A",,"A",,"A"
"20133",2697802,10,0,"1",,"A","200","D","05","D",10,"D",,"A",,"A",,"A",,"A",,"A",,"A",,"A",,"A",,"A"
"20133",2697802,11,0,"1",,"A","200","D","06","D",10,"D",,"A",,"A",,"A",,"A",,"A",,"A",,"A",,"A",,"A"
"20133",2697802,12,0,"1",,"A","200","D","07","D",10,"D",,"A",,"A",,"A",,"A",,"A",,"A",,"A",,"A",,"A"
"20133",2697822,8,0,"1",,"A","220","D","06","D",100,"D",,"A",,"A",,"A",,"A",,"A",,"A",,"A",,"A",,"A"
"20133",2697952,11,0,"1",,"A","200","D","07","D",85,"D",,"A",,"A",,"A",,"A",,"A",,"A",,"A",,"A",,"A"
"20133",2697982,10,0,"1",,"A","190","D","06","D",95,"D",,"A",,"A",,"A",,"A",,"A",,"A",,"A",,"A",,"A"
"20133",2697982,11,0,"1",,"A","200","D","06","D",12,"D",,"A",,"A",,"A",,"A",,"A",,"A",,"A",,"A",,"A"
"20133",2697982,12,0,"1",,"A","200","D","07","D",12,"D",,"A",,"A",,"A",,"A",,"A",,"A",,"A",,"A",,"A"
"20133",2697982,13,0,"1",,"A","200","D","05","D",12,"D",,"A",,"A",,"A",,"A",,"A",,"A",,"A",,"A",,"A"
"20133",2697982,14,0,"2",,"A","200","D","05","D",12,"D",,"A",,"A",,"A",,"A",,"A",,"A",,"A",,"A",,"A"
"20133",2698392,20,0,"1",,"A","190","D","05","D",47,"D",,"A",,"A",,"A",,"A",,"A",,"A",,"A",,"A",,"A"
"20133",2698392,21,0,"1",,"A","190","D","06","D",47,"D",,"A",,"A",,"A",,"A",,"A",,"A",,"A",,"A",,"A"
"20133",2698392,22,0,"1",,"A","190","D","07","D",47,"D",,"A",,"A",,"A",,"A",,"A",,"A",,"A",,"A",,"A"
"20133",2698392,23,0,"1",,"A","130","D","05","D",170,"D",,"A",,"A",,"A",,"A",,"A",,"A",,"A",,"A",,"A"
"20133",2698392,24,0,"1",,"A","130","D","06","D",170,"D",,"A",,"A",,"A",,"A",,"A",,"A",,"A",,"A",,"A"
"20133",2698392,25,0,"1",,"A","130","D","07","D",170,"D",,"A",,"A",,"A",,"A",,"A",,"A",,"A",,"A",,"A"
"20133",2698392,26,0,"2",,"A","190","D","05","D",44,"D",,"A",,"A",,"A",,"A",,"A",,"A",,"A",,"A",,"A"
"20133",2698552,2,0,"2",,"A","130","D","05","D",20,"D",,"A",,"A",,"A",,"A",,"A",,"A",,"A",,"A",,"A"
"20133",2698682,6,0,"1",,"A","130","D","06","D",80,"D",,"A",,"A",,"A",,"A",,"A",,"A",,"A",,"A",,"A"
"20133",2698782,2,0,"1",,"A","110","D","06","D",100,"D",,"A",,"A",,"A",,"A",,"A",,"A",,"A",,"A",,"A"
"20133",2699032,15,0,"1",,"A","190","D","05","D",90,"D",,"A",,"A",,"A",,"A",,"A",,"A",,"A",,"A",,"A"
"20133",2699272,2,0,"1",,"A","190","D","06","D",81,"D",,"A",,"A",,"A",,"A",,"A",,"A",,"A",,"A",,"A"
"20133",2699282,6,0,"1",,"A","220","D","05","D",212,"D",,"A",,"A",,"A",,"A",,"A",,"A",,"A",,"A",,"A"
"20133",2699452,6,0,"1",,"A","190","D","06","D",287,"D",,"A",,"A",,"A",,"A",,"A",,"A",,"A",,"A",,"A"
"20133",2699452,7,0,"2",,"A","110","D","05","D",119,"D",,"A",,"A",,"A",,"A",,"A",,"A",,"A",,"A",,"A"
"20133",2699562,4,0,"1",,"A","110","D","06","D",180,"D",,"A",,"A",,"A",,"A",,"A",,"A",,"A",,"A",,"A"
"20133",2699622,22,0,"1",,"A","170","D","07","D",55,"D",,"A",,"A",,"A",,"A",,"A",,"A",,"A",,"A",,"A"
"20133",2699672,8,0,"1",,"A","110","D","05","D",249,"D",,"A",,"A",,"A",,"A",,"A",,"A",,"A",,"A",,"A"
"20133",2699845,10,0,"1",,"A","210","D","05","D",.,"H","200","D","110","D",,"A",,"A",,"A",,"A",,"A",,"A",,"A"
"20133",2699845,10,1,"1",,"A","110","D","05","D",57,"E",,"A",,"A",,"A",,"A",,"A",,"A",,"A",,"A",,"A"
"20133",2699852,4,0,"1",,"A","190","D","07","D",98,"D",,"A",,"A",,"A",,"A",,"A",,"A",,"A",,"A",,"A"
"20133",2699852,5,0,"2",,"A","220","D","05","D",50,"D",,"A",,"A",,"A",,"A",,"A",,"A",,"A",,"A",,"A"
"20133",2699952,4,0,"1",,"A","110","D","07","D",85,"D",,"A",,"A",,"A",,"A",,"A",,"A",,"A",,"A",,"A"
"20133",2699952,5,0,"1",,"A","110","D","07","D",22,"D",,"A",,"A",,"A",,"A",,"A",,"A",,"A",,"A",,"A"
"20133",2699982,4,0,"1",,"A","110","D","06","D",148,"D",,"A",,"A",,"A",,"A",,"A",,"A",,"A",,"A",,"A"
"20133",2700342,5,0,"1",,"A","220","D","07","D",280,"D",,"A",,"A",,"A",,"A",,"A",,"A",,"A",,"A",,"A"
"20133",2700352,17,0,"1",,"A","220","D","06","D",100,"D",,"A",,"A",,"A",,"A",,"A",,"A",,"A",,"A",,"A"
"20133",2700682,1,0,"1",,"A","130","D","07","D",35,"D",,"A",,"A",,"A",,"A",,"A",,"A",,"A",,"A",,"A"
"20133",2701002,13,0,"1",,"A","190","D","07","D",109,"D",,"A",,"A",,"A",,"A",,"A",,"A",,"A",,"A",,"A"
"20133",2701302,9,0,"1",,"A","130","D","05","D",200,"D",,"A",,"A",,"A",,"A",,"A",,"A",,"A",,"A",,"A"
"20133",2701612,33,0,"1",,"A","220","D","06","D",56,"D",,"A",,"A",,"A",,"A",,"A",,"A",,"A",,"A",,"A"
"20133",2701712,3,0,"1",,"A","190","D","05","D",37,"D",,"A",,"A",,"A",,"A",,"A",,"A",,"A",,"A",,"A"
"20133",2701712,4,0,"1",,"A","190","D","06","D",37,"D",,"A",,"A",,"A",,"A",,"A",,"A",,"A",,"A",,"A"
"20133",2701712,5,0,"1",,"A","190","D","07","D",37,"D",,"A",,"A",,"A",,"A",,"A",,"A",,"A",,"A",,"A"
"20133",2701782,3,0,"1",,"A","190","D","07","D",75,"D",,"A",,"A",,"A",,"A",,"A",,"A",,"A",,"A",,"A"
"20133",2702002,4,0,"1",,"A","200","D","05","D",160,"D",,"A",,"A",,"A",,"A",,"A",,"A",,"A",,"A",,"A"
"20133",2702002,5,0,"1",,"A","190","D","05","D",140,"D",,"A",,"A",,"A",,"A",,"A",,"A",,"A",,"A",,"A"
"20133",2702052,12,0,"1",,"A","130","D","07","D",118,"D",,"A",,"A",,"A",,"A",,"A",,"A",,"A",,"A",,"A"
"20133",2702312,17,0,"1",,"A","220","D","07","D",50,"D",,"A",,"A",,"A",,"A",,"A",,"A",,"A",,"A",,"A"
"20133",2702312,18,0,"1",,"A","160","D","08","D",30,"D",,"A",,"A",,"A",,"A",,"A",,"A",,"A",,"A",,"A"
"20133",2702532,6,0,"1",,"A","100","D","06","D",400,"D",,"A",,"A",,"A",,"A",,"A",,"A",,"A",,"A",,"A"
"20133",2702942,6,0,"1",,"A","190","D","08","D",140,"D",,"A",,"A",,"A",,"A",,"A",,"A",,"A",,"A",,"A"
"20133",2702982,11,0,"1",,"A","130","D","07","D",32,"D",,"A",,"A",,"A",,"A",,"A",,"A",,"A",,"A",,"A"
"20133",2703112,5,0,"2",,"A","190","D","06","D",80,"D",,"A",,"A",,"A",,"A",,"A",,"A",,"A",,"A",,"A"
"20133",2703292,4,0,"1",,"A","200","D","07","D",120,"D",,"A",,"A",,"A",,"A",,"A",,"A",,"A",,"A",,"A"
"20133",2703692,9,0,"1",,"A","110","D","07","D",100,"D",,"A",,"A",,"A",,"A",,"A",,"A",,"A",,"A",,"A"
"20133",2704232,15,0,"2",,"A","110","D","06","D",262,"D",,"A",,"A",,"A",,"A",,"A",,"A",,"A",,"A",,"A"
"20133",2704612,11,0,"1",,"A","190","D","06","D",120,"D",,"A",,"A",,"A",,"A",,"A",,"A",,"A",,"A",,"A"
"20133",2704782,10,0,"1",,"A","190","D","08","D",83,"D",,"A",,"A",,"A",,"A",,"A",,"A",,"A",,"A",,"A"
"20133",2704802,1,0,"1",,"A","130","D","06","D",47,"D",,"A",,"A",,"A",,"A",,"A",,"A",,"A",,"A",,"A"
"20133",2704982,1,0,"1",,"A","200","D","08","D",45,"D",,"A",,"A",,"A",,"A",,"A",,"A",,"A",,"A",,"A"
"20133",2705002,5,0,"2",,"A","110","D","06","D",200,"D",,"A",,"A",,"A",,"A",,"A",,"A",,"A",,"A",,"A"
"20133",2705092,15,0,"1",,"A","190","D","07","D",70,"D",,"A",,"A",,"A",,"A",,"A",,"A",,"A",,"A",,"A"
"20133",2705362,7,0,"2",,"A","220","D","06","D",42,"D",,"A",,"A",,"A",,"A",,"A",,"A",,"A",,"A",,"A"
"20133",2705452,27,0,"1",,"A","190","D","07","D",74,"D",,"A",,"A",,"A",,"A",,"A",,"A",,"A",,"A",,"A"
"20133",2705452,28,0,"1",,"A","190","D","08","D",74,"D",,"A",,"A",,"A",,"A",,"A",,"A",,"A",,"A",,"A"
"20133",2705452,29,0,"2",,"A","190","D","06","D",74,"D",,"A",,"A",,"A",,"A",,"A",,"A",,"A",,"A",,"A"
"20133",2705482,7,0,"1",,"A","110","D","07","D",400,"D",,"A",,"A",,"A",,"A",,"A",,"A",,"A",,"A",,"A"
"20133",2705482,8,0,"1",,"A","120","D","06","D",350,"D",,"A",,"A",,"A",,"A",,"A",,"A",,"A",,"A",,"A"
"20133",2705502,3,0,"1",,"A","110","D","07","D",130,"D",,"A",,"A",,"A",,"A",,"A",,"A",,"A",,"A",,"A"
"20133",2705582,12,0,"1",,"A","220","D","07","D",15,"D",,"A",,"A",,"A",,"A",,"A",,"A",,"A",,"A",,"A"
"20133",2705582,13,0,"1",,"A","220","D","08","D",15,"D",,"A",,"A",,"A",,"A",,"A",,"A",,"A",,"A",,"A"
"20133",2705802,9,0,"1",,"A","190","D","07","D",66,"D",,"A",,"A",,"A",,"A",,"A",,"A",,"A",,"A",,"A"
"20133",2705912,12,0,"1",,"A","190","D","08","D",30,"D",,"A",,"A",,"A",,"A",,"A",,"A",,"A",,"A",,"A"
"20133",2706042,8,0,"1",,"A","120","D","07","D",50,"D",,"A",,"A",,"A",,"A",,"A",,"A",,"A",,"A",,"A"
"20133",2706042,9,0,"1",,"A","220","D","07","D",150,"D",,"A",,"A",,"A",,"A",,"A",,"A",,"A",,"A",,"A"
"20133",2706042,10,0,"2",,"A","200","D","06","D",195,"D",,"A",,"A",,"A",,"A",,"A",,"A",,"A",,"A",,"A"
"20133",2706072,7,0,"1",,"A","120","D","08","D",100,"D",,"A",,"A",,"A",,"A",,"A",,"A",,"A",,"A",,"A"
"20133",2706282,7,0,"1",,"A","190","D","08","D",59,"D",,"A",,"A",,"A",,"A",,"A",,"A",,"A",,"A",,"A"
"20133",2706322,15,0,"1",,"A","200","D","06","D",2300,"D",,"A",,"A",,"A",,"A",,"A",,"A",,"A",,"A",,"A"
"20133",2706542,2,0,"2",,"A","130","D","06","D",116,"D",,"A",,"A",,"A",,"A",,"A",,"A",,"A",,"A",,"A"
"20133",2706542,3,0,"2",,"A","190","D","06","D",60,"D",,"A",,"A",,"A",,"A",,"A",,"A",,"A",,"A",,"A"
"20133",2706742,4,0,"2",,"A","170","D","06","D",60,"D",,"A",,"A",,"A",,"A",,"A",,"A",,"A",,"A",,"A"
"20133",2706882,8,0,"1",,"A","200","D","06","D",187,"D",,"A",,"A",,"A",,"A",,"A",,"A",,"A",,"A",,"A"
"20133",2706952,7,0,"1",,"A","190","D","08","D",88,"D",,"A",,"A",,"A",,"A",,"A",,"A",,"A",,"A",,"A"
"20133",2707152,2,0,"1",,"A","190","D","08","D",200,"D",,"A",,"A",,"A",,"A",,"A",,"A",,"A",,"A",,"A"
"20133",2707282,11,0,"1",,"A","200","D","07","D",265,"D",,"A",,"A",,"A",,"A",,"A",,"A",,"A",,"A",,"A"
"20133",2707302,8,0,"1",,"A","200","D","06","D",200,"D",,"A",,"A",,"A",,"A",,"A",,"A",,"A",,"A",,"A"
"20133",2708232,11,0,"1",,"A","220","D","08","D",150,"D",,"A",,"A",,"A",,"A",,"A",,"A",,"A",,"A",,"A"
"20133",2708232,12,0,"1",,"A","190","D","07","D",187,"D",,"A",,"A",,"A",,"A",,"A",,"A",,"A",,"A",,"A"
"20133",2708232,13,0,"1",,"A","190","D","06","D",29,"D",,"A",,"A",,"A",,"A",,"A",,"A",,"A",,"A",,"A"
"20133",2708232,14,0,"1",,"A","190","D","07","D",29,"D",,"A",,"A",,"A",,"A",,"A",,"A",,"A",,"A",,"A"
"20133",2708232,15,0,"1",,"A","190","D","08","D",29,"D",,"A",,"A",,"A",,"A",,"A",,"A",,"A",,"A",,"A"
"20133",2708492,17,0,"2",,"A","100","D","06","D",200,"D",,"A",,"A",,"A",,"A",,"A",,"A",,"A",,"A",,"A"
"20133",2708782,9,0,"1",,"A","130","D","06","D",200,"D",,"A",,"A",,"A",,"A",,"A",,"A",,"A",,"A",,"A"
"20133",2709252,9,0,"1",,"A","200","D","06","D",22,"D",,"A",,"A",,"A",,"A",,"A",,"A",,"A",,"A",,"A"
"20133",2709252,10,0,"1",,"A","200","D","07","D",22,"D",,"A",,"A",,"A",,"A",,"A",,"A",,"A",,"A",,"A"
"20133",2709252,11,0,"1",,"A","200","D","08","D",22,"D",,"A",,"A",,"A",,"A",,"A",,"A",,"A",,"A",,"A"
"20133",2709582,9,0,"1",,"A","130","D","06","D",108,"D",,"A",,"A",,"A",,"A",,"A",,"A",,"A",,"A",,"A"
"20133",2709582,10,0,"1",,"A","130","D","07","D",108,"D",,"A",,"A",,"A",,"A",,"A",,"A",,"A",,"A",,"A"
"20133",2709582,11,0,"1",,"A","130","D","08","D",108,"D",,"A",,"A",,"A",,"A",,"A",,"A",,"A",,"A",,"A"
"20133",2710222,6,0,"1",,"A","190","D","06","D",35,"D",,"A",,"A",,"A",,"A",,"A",,"A",,"A",,"A",,"A"
"20133",2710222,7,0,"1",,"A","190","D","07","D",35,"D",,"A",,"A",,"A",,"A",,"A",,"A",,"A",,"A",,"A"
"20133",2710222,8,0,"1",,"A","190","D","08","D",35,"D",,"A",,"A",,"A",,"A",,"A",,"A",,"A",,"A",,"A"
"20133",2710592,11,0,"1",,"A","200","D","06","D",20,"D",,"A",,"A",,"A",,"A",,"A",,"A",,"A",,"A",,"A"
"20133",2710592,12,0,"2",,"A","200","D","06","D",20,"D",,"A",,"A",,"A",,"A",,"A",,"A",,"A",,"A",,"A"
"20133",2710612,14,0,"1",,"A","110","D","08","D",75,"D",,"A",,"A",,"A",,"A",,"A",,"A",,"A",,"A",,"A"
"20133",2710612,15,0,"1",,"A","190","D","06","D",52,"D",,"A",,"A",,"A",,"A",,"A",,"A",,"A",,"A",,"A"
"20133",2710612,16,0,"1",,"A","220","D","07","D",52,"D",,"A",,"A",,"A",,"A",,"A",,"A",,"A",,"A",,"A"
"20133",2710612,17,0,"1",,"A","190","D","08","D",52,"D",,"A",,"A",,"A",,"A",,"A",,"A",,"A",,"A",,"A"
"20133",2710842,6,0,"2",,"A","200","D","06","D",69,"D",,"A",,"A",,"A",,"A",,"A",,"A",,"A",,"A",,"A"
"20133",2710864,9,0,"2",,"A","220","D","06","D",80,"D",,"A",,"A",,"A",,"A",,"A",,"A",,"A",,"A",,"A"
"20133",2711012,17,0,"1",,"A","200","D","08","D",200,"D",,"A",,"A",,"A",,"A",,"A",,"A",,"A",,"A",,"A"
"20133",2711042,4,0,"1",,"A","200","D","07","D",257,"D",,"A",,"A",,"A",,"A",,"A",,"A",,"A",,"A",,"A"
"20133",2711052,3,0,"2",,"A","190","D","06","D",20,"D",,"A",,"A",,"A",,"A",,"A",,"A",,"A",,"A",,"A"
"20133",2711062,12,0,"1",,"A","110","D","07","D",169,"D",,"A",,"A",,"A",,"A",,"A",,"A",,"A",,"A",,"A"
"20133",2711182,14,0,"1",,"A","200","D","08","D",79,"D",,"A",,"A",,"A",,"A",,"A",,"A",,"A",,"A",,"A"
"20133",2712382,2,0,"2",,"A","190","D","06","D",80,"D",,"A",,"A",,"A",,"A",,"A",,"A",,"A",,"A",,"A"
"20133",2712442,7,0,"1",,"A","190","D","06","D",38,"D",,"A",,"A",,"A",,"A",,"A",,"A",,"A",,"A",,"A"
"20133",2712442,8,0,"1",,"A","190","D","07","D",38,"D",,"A",,"A",,"A",,"A",,"A",,"A",,"A",,"A",,"A"
"20133",2712442,9,0,"1",,"A","190","D","08","D",38,"D",,"A",,"A",,"A",,"A",,"A",,"A",,"A",,"A",,"A"
"20133",2712742,3,0,"2",,"A","190","D","06","D",138,"D",,"A",,"A",,"A",,"A",,"A",,"A",,"A",,"A",,"A"
"20133",2712802,2,0,"1",,"A","100","D","06","D",150,"D",,"A",,"A",,"A",,"A",,"A",,"A",,"A",,"A",,"A"
"20133",2712872,15,0,"1",,"A","190","D","07","D",300,"D",,"A",,"A",,"A",,"A",,"A",,"A",,"A",,"A",,"A"
"20133",2713032,9,0,"1",,"A","190","D","08","D",4000,"D",,"A",,"A",,"A",,"A",,"A",,"A",,"A",,"A",,"A"
"20133",2713202,17,0,"1",,"A","110","D","06","D",85,"D",,"A",,"A",,"A",,"A",,"A",,"A",,"A",,"A",,"A"
"20133",2713282,9,0,"1",,"A","130","D","08","D",350,"D",,"A",,"A",,"A",,"A",,"A",,"A",,"A",,"A",,"A"
"20133",2718263,10,0,"1",,"A","220","D","06","D",30,"D",,"A",,"A",,"A",,"A",,"A",,"A",,"A",,"A",,"A"
"20133",2718323,10,0,"1",,"A","110","D","05","D",320,"D",,"A",,"A",,"A",,"A",,"A",,"A",,"A",,"A",,"A"
"20133",2718553,17,0,"1",,"A","190","D","04","D",25,"D",,"A",,"A",,"A",,"A",,"A",,"A",,"A",,"A",,"A"
"20133",2718553,18,0,"1",,"A","190","D","05","D",25,"D",,"A",,"A",,"A",,"A",,"A",,"A",,"A",,"A",,"A"
"20133",2724074,10,0,"1",,"A","190","D","06","D",90,"D",,"A",,"A",,"A",,"A",,"A",,"A",,"A",,"A",,"A"
"20133",2724654,3,0,"1",,"A","110","D","05","D",159,"D",,"A",,"A",,"A",,"A",,"A",,"A",,"A",,"A",,"A"
"20133",2726994,3,0,"1",,"A","190","D","07","D",65,"D",,"A",,"A",,"A",,"A",,"A",,"A",,"A",,"A",,"A"
"20133",2743083,3,0,"1",,"A","220","D","06","D",216,"D",,"A",,"A",,"A",,"A",,"A",,"A",,"A",,"A",,"A"
"20134",2612905,4,0,"1",,"A","110","D","07","D",30,"D",,"A",,"A",,"A",,"A",,"A",,"A",,"A",,"A",,"A"
"20134",2612905,5,0,"1",,"A","110","D","08","D",30,"D",,"A",,"A",,"A",,"A",,"A",,"A",,"A",,"A",,"A"
"20134",2612905,6,0,"1",,"A","110","D","09","D",30,"D",,"A",,"A",,"A",,"A",,"A",,"A",,"A",,"A",,"A"
"20134",2612925,10,0,"1",,"A","190","D","08","D",90,"D",,"A",,"A",,"A",,"A",,"A",,"A",,"A",,"A",,"A"
"20134",2612975,10,0,"1",,"A","190","D","07","D",70,"D",,"A",,"A",,"A",,"A",,"A",,"A",,"A",,"A",,"A"
"20134",2613065,25,0,"2",,"A","190","D","07","D",95,"D",,"A",,"A",,"A",,"A",,"A",,"A",,"A",,"A",,"A"
"20134",2613245,5,0,"1",,"A","110","D","09","D",60,"D",,"A",,"A",,"A",,"A",,"A",,"A",,"A",,"A",,"A"
"20134",2613275,7,0,"2",,"A","110","D","07","D",55,"D",,"A",,"A",,"A",,"A",,"A",,"A",,"A",,"A",,"A"
"20134",2613285,7,0,"1",,"A","190","D","09","D",55,"D",,"A",,"A",,"A",,"A",,"A",,"A",,"A",,"A",,"A"
"20134",2614425,16,0,"1",,"A","110","D","07","D",65,"D",,"A",,"A",,"A",,"A",,"A",,"A",,"A",,"A",,"A"
"20134",2614425,17,0,"1",,"A","110","D","08","D",65,"D",,"A",,"A",,"A",,"A",,"A",,"A",,"A",,"A",,"A"
"20134",2614425,18,0,"1",,"A","110","D","09","D",65,"D",,"A",,"A",,"A",,"A",,"A",,"A",,"A",,"A",,"A"
"20134",2614585,9,0,"1",,"A","190","D","09","D",40,"D",,"A",,"A",,"A",,"A",,"A",,"A",,"A",,"A",,"A"
"20134",2614685,12,0,"1",,"A","190","D","07","D",120,"D",,"A",,"A",,"A",,"A",,"A",,"A",,"A",,"A",,"A"
"20134",2614715,11,0,"1",,"A","190","D","07","D",28,"D",,"A",,"A",,"A",,"A",,"A",,"A",,"A",,"A",,"A"
"20134",2614715,12,0,"1",,"A","190","D","08","D",28,"D",,"A",,"A",,"A",,"A",,"A",,"A",,"A",,"A",,"A"
"20134",2614715,13,0,"1",,"A","190","D","09","D",28,"D",,"A",,"A",,"A",,"A",,"A",,"A",,"A",,"A",,"A"
"20134",2614895,5,0,"1",,"A","190","D","09","D",73,"D",,"A",,"A",,"A",,"A",,"A",,"A",,"A",,"A",,"A"
"20134",2614975,19,0,"1",,"A","190","D","07","D",132,"D",,"A",,"A",,"A",,"A",,"A",,"A",,"A",,"A",,"A"
"20134",2614975,20,0,"2",,"A","190","D","07","D",132,"D",,"A",,"A",,"A",,"A",,"A",,"A",,"A",,"A",,"A"
"20134",2615105,3,0,"1",,"A","200","D","07","D",140,"D",,"A",,"A",,"A",,"A",,"A",,"A",,"A",,"A",,"A"
"20134",2616015,10,0,"1",,"A","110","D","07","D",109,"D",,"A",,"A",,"A",,"A",,"A",,"A",,"A",,"A",,"A"
"20134",2616125,8,0,"1",,"A","200","D","08","D",120,"D",,"A",,"A",,"A",,"A",,"A",,"A",,"A",,"A",,"A"
"20134",2616665,12,0,"1",,"A","220","D","08","D",65,"D",,"A",,"A",,"A",,"A",,"A",,"A",,"A",,"A",,"A"
"20134",2617105,9,0,"1",,"A","190","D","09","D",758,"D",,"A",,"A",,"A",,"A",,"A",,"A",,"A",,"A",,"A"
"20134",2617115,9,0,"1",,"A","110","D","09","D",65,"D",,"A",,"A",,"A",,"A",,"A",,"A",,"A",,"A",,"A"
"20134",2617245,22,0,"1",,"A","130","D","07","D",77,"D",,"A",,"A",,"A",,"A",,"A",,"A",,"A",,"A",,"A"
"20134",2617245,23,0,"1",,"A","130","D","08","D",77,"D",,"A",,"A",,"A",,"A",,"A",,"A",,"A",,"A",,"A"
"20134",2617245,24,0,"1",,"A","130","D","09","D",77,"D",,"A",,"A",,"A",,"A",,"A",,"A",,"A",,"A",,"A"
"20134",2617245,25,0,"1",,"A","200","D","07","D",16,"D",,"A",,"A",,"A",,"A",,"A",,"A",,"A",,"A",,"A"
"20134",2617245,26,0,"1",,"A","200","D","08","D",16,"D",,"A",,"A",,"A",,"A",,"A",,"A",,"A",,"A",,"A"
"20134",2617245,27,0,"1",,"A","200","D","09","D",16,"D",,"A",,"A",,"A",,"A",,"A",,"A",,"A",,"A",,"A"
"20134",2617245,28,0,"2",,"A","200","D","07","D",16,"D",,"A",,"A",,"A",,"A",,"A",,"A",,"A",,"A",,"A"
"20134",2617385,13,0,"1",,"A","190","D","07","D",212,"D",,"A",,"A",,"A",,"A",,"A",,"A",,"A",,"A",,"A"
"20134",2617785,12,0,"1",,"A","200","D","09","D",100,"D",,"A",,"A",,"A",,"A",,"A",,"A",,"A",,"A",,"A"
"20134",2617815,5,0,"1",,"A","120","D","09","D",60,"D",,"A",,"A",,"A",,"A",,"A",,"A",,"A",,"A",,"A"
"20134",2618015,8,0,"1",,"A","200","D","08","D",110,"D",,"A",,"A",,"A",,"A",,"A",,"A",,"A",,"A",,"A"
"20134",2618455,4,0,"1",,"A","150","D","09","D",70,"D",,"A",,"A",,"A",,"A",,"A",,"A",,"A",,"A",,"A"
"20134",2618455,5,0,"2",,"A","130","D","07","D",11,"D",,"A",,"A",,"A",,"A",,"A",,"A",,"A",,"A",,"A"
"20134",2619815,6,0,"1",,"A","200","D","08","D",174,"D",,"A",,"A",,"A",,"A",,"A",,"A",,"A",,"A",,"A"
"20134",2619925,7,0,"1",,"A","220","D","09","D",75,"D",,"A",,"A",,"A",,"A",,"A",,"A",,"A",,"A",,"A"
"20134",2619995,9,0,"1",,"A","190","D","09","D",30,"D",,"A",,"A",,"A",,"A",,"A",,"A",,"A",,"A",,"A"
"20134",2621195,31,0,"1",,"A","190","D","07","D",89,"F",,"A",,"A",,"A",,"A",,"A",,"A",,"A",,"A",,"A"
"20134",2621435,14,0,"1",,"A","110","D","09","D",30,"D",,"A",,"A",,"A",,"A",,"A",,"A",,"A",,"A",,"A"
"20134",2622365,1,0,"1",,"A","200","D","08","D",40,"D",,"A",,"A",,"A",,"A",,"A",,"A",,"A",,"A",,"A"
"20134",2622365,2,0,"1",,"A","200","D","09","D",40,"D",,"A",,"A",,"A",,"A",,"A",,"A",,"A",,"A",,"A"
"20134",2622365,3,0,"2",,"A","190","D","07","D",90,"D",,"A",,"A",,"A",,"A",,"A",,"A",,"A",,"A",,"A"
"20134",2622365,4,0,"2",,"A","200","D","07","D",40,"D",,"A",,"A",,"A",,"A",,"A",,"A",,"A",,"A",,"A"
"20134",2622575,20,0,"1",,"A","190","D","07","D",69,"D",,"A",,"A",,"A",,"A",,"A",,"A",,"A",,"A",,"A"
"20134",2622575,21,0,"1",,"A","190","D","08","D",69,"D",,"A",,"A",,"A",,"A",,"A",,"A",,"A",,"A",,"A"
"20134",2622575,22,0,"1",,"A","190","D","09","D",69,"D",,"A",,"A",,"A",,"A",,"A",,"A",,"A",,"A",,"A"
"20134",2622575,23,0,"2",,"A","190","D","07","D",64,"D",,"A",,"A",,"A",,"A",,"A",,"A",,"A",,"A",,"A"
"20134",2622675,7,0,"1",,"A","170","D","09","D",11,"D",,"A",,"A",,"A",,"A",,"A",,"A",,"A",,"A",,"A"
"20134",2622845,11,0,"1",,"A","130","D","07","D",130,"D",,"A",,"A",,"A",,"A",,"A",,"A",,"A",,"A",,"A"
"20134",2622845,12,0,"1",,"A","130","D","08","D",130,"D",,"A",,"A",,"A",,"A",,"A",,"A",,"A",,"A",,"A"
"20134",2622845,13,0,"1",,"A","130","D","09","D",130,"D",,"A",,"A",,"A",,"A",,"A",,"A",,"A",,"A",,"A"
"20134",2622995,4,0,"1",,"A","190","D","09","D",50,"D",,"A",,"A",,"A",,"A",,"A",,"A",,"A",,"A",,"A"
"20134",2623135,4,0,"1",,"A","110","D","09","D",105,"F",,"A",,"A",,"A",,"A",,"A",,"A",,"A",,"A",,"A"
"20134",2623635,2,0,"1",,"A","190","D","08","D",1100,"D",,"A",,"A",,"A",,"A",,"A",,"A",,"A",,"A",,"A"
"20134",2623635,3,0,"1",,"A","190","D","07","D",67,"D",,"A",,"A",,"A",,"A",,"A",,"A",,"A",,"A",,"A"
"20134",2623945,8,0,"1",,"A","200","D","07","D",24,"D",,"A",,"A",,"A",,"A",,"A",,"A",,"A",,"A",,"A"
"20134",2623945,9,0,"1",,"A","200","D","08","D",24,"D",,"A",,"A",,"A",,"A",,"A",,"A",,"A",,"A",,"A"
"20134",2623945,10,0,"1",,"A","200","D","09","D",24,"D",,"A",,"A",,"A",,"A",,"A",,"A",,"A",,"A",,"A"
"20134",2623945,11,0,"1",,"A","110","D","07","D",105,"D",,"A",,"A",,"A",,"A",,"A",,"A",,"A",,"A",,"A"
"20134",2623995,3,0,"1",,"A","190","D","07","D",41,"D",,"A",,"A",,"A",,"A",,"A",,"A",,"A",,"A",,"A"
"20134",2623995,4,0,"1",,"A","190","D","08","D",41,"D",,"A",,"A",,"A",,"A",,"A",,"A",,"A",,"A",,"A"
"20134",2623995,5,0,"1",,"A","190","D","09","D",41,"D",,"A",,"A",,"A",,"A",,"A",,"A",,"A",,"A",,"A"
"20134",2623995,6,0,"2",,"A","190","D","07","D",41,"D",,"A",,"A",,"A",,"A",,"A",,"A",,"A",,"A",,"A"
"20134",2624235,22,0,"1",,"A","220","D","10","D",665,"D",,"A",,"A",,"A",,"A",,"A",,"A",,"A",,"A",,"A"
"20134",2624495,13,0,"1",,"A","115","D","09","D",.,"H","110","D","100","D",,"A",,"A",,"A",,"A",,"A",,"A",,"A"
"20134",2624495,13,1,"1",,"A","110","D","09","D",19,"E",,"A",,"A",,"A",,"A",,"A",,"A",,"A",,"A",,"A"
"20134",2624495,13,2,"1",,"A","100","D","09","D",81,"E",,"A",,"A",,"A",,"A",,"A",,"A",,"A",,"A",,"A"
"20134",2624495,14,0,"1",,"A","115","D","10","D",.,"H","110","D","100","D",,"A",,"A",,"A",,"A",,"A",,"A",,"A"
"20134",2624495,14,1,"1",,"A","110","D","10","D",20,"E",,"A",,"A",,"A",,"A",,"A",,"A",,"A",,"A",,"A"
"20134",2624495,14,2,"1",,"A","100","D","10","D",80,"E",,"A",,"A",,"A",,"A",,"A",,"A",,"A",,"A",,"A"
"20134",2624495,15,0,"1",,"A","190","D","08","D",80,"D",,"A",,"A",,"A",,"A",,"A",,"A",,"A",,"A",,"A"
"20134",2624495,16,0,"1",,"A","190","D","09","D",80,"D",,"A",,"A",,"A",,"A",,"A",,"A",,"A",,"A",,"A"
"20134",2624495,17,0,"1",,"A","190","D","10","D",80,"D",,"A",,"A",,"A",,"A",,"A",,"A",,"A",,"A",,"A"
"20134",2624495,18,0,"2",,"A","115","D","08","D",.,"H","110","D","100","D",,"A",,"A",,"A",,"A",,"A",,"A",,"A"
"20134",2624495,18,1,"2",,"A","110","D","08","D",20,"E",,"A",,"A",,"A",,"A",,"A",,"A",,"A",,"A",,"A"
"20134",2624495,18,2,"2",,"A","100","D","08","D",80,"E",,"A",,"A",,"A",,"A",,"A",,"A",,"A",,"A",,"A"
"20134",2624575,8,0,"1",,"A","120","D","08","D",18,"D",,"A",,"A",,"A",,"A",,"A",,"A",,"A",,"A",,"A"
"20134",2624575,9,0,"1",,"A","120","D","09","D",18,"D",,"A",,"A",,"A",,"A",,"A",,"A",,"A",,"A",,"A"
"20134",2624575,10,0,"1",,"A","120","D","10","D",18,"D",,"A",,"A",,"A",,"A",,"A",,"A",,"A",,"A",,"A"
"20134",2624765,9,0,"1",,"A","220","D","09","D",15,"D",,"A",,"A",,"A",,"A",,"A",,"A",,"A",,"A",,"A"
"20134",2624765,10,0,"1",,"A","220","D","10","D",15,"D",,"A",,"A",,"A",,"A",,"A",,"A",,"A",,"A",,"A"
"20134",2624765,11,0,"2",,"A","220","D","08","D",16,"D",,"A",,"A",,"A",,"A",,"A",,"A",,"A",,"A",,"A"
"20134",2624945,10,0,"1",,"A","110","D","10","D",60,"D",,"A",,"A",,"A",,"A",,"A",,"A",,"A",,"A",,"A"
"20134",2624985,14,0,"1",,"A","190","D","08","D",62,"D",,"A",,"A",,"A",,"A",,"A",,"A",,"A",,"A",,"A"
"20134",2624985,15,0,"1",,"A","190","D","09","D",62,"D",,"A",,"A",,"A",,"A",,"A",,"A",,"A",,"A",,"A"
"20134",2624985,16,0,"1",,"A","190","D","10","D",62,"D",,"A",,"A",,"A",,"A",,"A",,"A",,"A",,"A",,"A"
"20134",2625085,9,0,"1",,"A","130","D","10","D",140,"D",,"A",,"A",,"A",,"A",,"A",,"A",,"A",,"A",,"A"
"20134",2625085,10,0,"1",,"A","130","D","09","D",100,"D",,"A",,"A",,"A",,"A",,"A",,"A",,"A",,"A",,"A"
"20134",2625295,11,0,"1",,"A","190","D","09","D",62,"D",,"A",,"A",,"A",,"A",,"A",,"A",,"A",,"A",,"A"
"20134",2625385,8,0,"1",,"A","190","D","09","D",55,"D",,"A",,"A",,"A",,"A",,"A",,"A",,"A",,"A",,"A"
"20134",2625385,9,0,"1",,"A","190","D","10","D",55,"D",,"A",,"A",,"A",,"A",,"A",,"A",,"A",,"A",,"A"
"20134",2625385,10,0,"2",,"A","190","D","08","D",55,"D",,"A",,"A",,"A",,"A",,"A",,"A",,"A",,"A",,"A"
"20134",2625605,8,0,"1",,"A","190","D","09","D",25,"D",,"A",,"A",,"A",,"A",,"A",,"A",,"A",,"A",,"A"
"20134",2625605,9,0,"2",,"A","190","D","08","D",27,"D",,"A",,"A",,"A",,"A",,"A",,"A",,"A",,"A",,"A"
"20134",2625885,10,0,"1",,"A","220","D","10","D",150,"D",,"A",,"A",,"A",,"A",,"A",,"A",,"A",,"A",,"A"
"20134",2625885,11,0,"1",,"A","170","D","08","D",275,"D",,"A",,"A",,"A",,"A",,"A",,"A",,"A",,"A",,"A"
"20134",2625895,3,0,"1",,"A","190","D","08","D",45,"D",,"A",,"A",,"A",,"A",,"A",,"A",,"A",,"A",,"A"
"20134",2625895,4,0,"1",,"A","190","D","09","D",45,"D",,"A",,"A",,"A",,"A",,"A",,"A",,"A",,"A",,"A"
"20134",2625895,5,0,"1",,"A","190","D","10","D",45,"D",,"A",,"A",,"A",,"A",,"A",,"A",,"A",,"A",,"A"
"20134",2625945,7,0,"1",,"A","200","D","10","D",100,"D",,"A",,"A",,"A",,"A",,"A",,"A",,"A",,"A",,"A"
"20134",2625995,5,0,"1",,"A","110","D","09","D",190,"D",,"A",,"A",,"A",,"A",,"A",,"A",,"A",,"A",,"A"
"20134",2626525,30,0,"1",,"A","110","D","10","D",404,"D",,"A",,"A",,"A",,"A",,"A",,"A",,"A",,"A",,"A"
"20134",2626525,31,0,"2",,"A","200","D","08","D",800,"D",,"A",,"A",,"A",,"A",,"A",,"A",,"A",,"A",,"A"
"20134",2626915,3,0,"2",,"A","120","D","08","D",20,"D",,"A",,"A",,"A",,"A",,"A",,"A",,"A",,"A",,"A"
"20134",2627245,21,0,"2",,"A","190","D","08","D",33,"D",,"A",,"A",,"A",,"A",,"A",,"A",,"A",,"A",,"A"
"20134",2627455,4,0,"1",,"A","190","D","09","D",9,"D",,"A",,"A",,"A",,"A",,"A",,"A",,"A",,"A",,"A"
"20134",2627615,1,0,"1",,"A","200","D","10","D",150,"D",,"A",,"A",,"A",,"A",,"A",,"A",,"A",,"A",,"A"
"20134",2627785,6,0,"1",,"A","200","D","08","D",150,"D",,"A",,"A",,"A",,"A",,"A",,"A",,"A",,"A",,"A"
"20134",2628285,17,0,"1",,"A","200","D","08","D",95,"D",,"A",,"A",,"A",,"A",,"A",,"A",,"A",,"A",,"A"
"20134",2628305,9,0,"1",,"A","190","D","09","D",321,"D",,"A",,"A",,"A",,"A",,"A",,"A",,"A",,"A",,"A"
"20134",2628345,20,0,"1",,"A","190","D","10","D",84,"D",,"A",,"A",,"A",,"A",,"A",,"A",,"A",,"A",,"A"
"20134",2628465,5,0,"1",,"A","190","D","09","D",23,"D",,"A",,"A",,"A",,"A",,"A",,"A",,"A",,"A",,"A"
"20134",2628635,5,0,"1",,"A","130","D","09","D",105,"D",,"A",,"A",,"A",,"A",,"A",,"A",,"A",,"A",,"A"
"20134",2628635,6,0,"2",,"A","110","D","08","D",285,"D",,"A",,"A",,"A",,"A",,"A",,"A",,"A",,"A",,"A"
"20134",2628755,6,0,"2",,"A","110","D","08","D",159,"D",,"A",,"A",,"A",,"A",,"A",,"A",,"A",,"A",,"A"
"20134",2628805,9,0,"1",,"A","190","D","10","D",60,"D",,"A",,"A",,"A",,"A",,"A",,"A",,"A",,"A",,"A"
"20134",2628875,4,0,"1",,"A","220","D","08","D",18,"D",,"A",,"A",,"A",,"A",,"A",,"A",,"A",,"A",,"A"
"20134",2628875,5,0,"1",,"A","220","D","09","D",18,"D",,"A",,"A",,"A",,"A",,"A",,"A",,"A",,"A",,"A"
"20134",2628875,6,0,"1",,"A","220","D","10","D",18,"D",,"A",,"A",,"A",,"A",,"A",,"A",,"A",,"A",,"A"
"20134",2629145,5,0,"1",,"A","200","D","10","D",145,"D",,"A",,"A",,"A",,"A",,"A",,"A",,"A",,"A",,"A"
"20134",2629245,4,0,"1",,"A","190","D","09","D",40,"D",,"A",,"A",,"A",,"A",,"A",,"A",,"A",,"A",,"A"
"20134",2629395,4,0,"1",,"A","200","D","10","D",140,"D",,"A",,"A",,"A",,"A",,"A",,"A",,"A",,"A",,"A"
"20134",2629815,18,0,"1",,"A","190","D","10","D",81,"D",,"A",,"A",,"A",,"A",,"A",,"A",,"A",,"A",,"A"
"20134",2629815,19,0,"2",,"A","170","D","08","D",120,"D",,"A",,"A",,"A",,"A",,"A",,"A",,"A",,"A",,"A"
"20134",2629985,8,0,"1",,"A","190","D","10","D",370,"D",,"A",,"A",,"A",,"A",,"A",,"A",,"A",,"A",,"A"
"20134",2630055,8,0,"1",,"A","140","D","10","D",60,"D",,"A",,"A",,"A",,"A",,"A",,"A",,"A",,"A",,"A"
"20134",2630245,16,0,"1",,"A","130","D","08","D",86,"D",,"A",,"A",,"A",,"A",,"A",,"A",,"A",,"A",,"A"
"20134",2630315,12,0,"2",,"A","190","D","08","D",80,"D",,"A",,"A",,"A",,"A",,"A",,"A",,"A",,"A",,"A"
"20134",2630635,6,0,"1",,"A","190","D","08","D",60,"D",,"A",,"A",,"A",,"A",,"A",,"A",,"A",,"A",,"A"
"20134",2630635,7,0,"1",,"A","190","D","09","D",45,"D",,"A",,"A",,"A",,"A",,"A",,"A",,"A",,"A",,"A"
"20134",2630635,8,0,"1",,"A","190","D","10","D",35,"D",,"A",,"A",,"A",,"A",,"A",,"A",,"A",,"A",,"A"
"20134",2630895,12,0,"1",,"A","100","D","08","D",292,"D",,"A",,"A",,"A",,"A",,"A",,"A",,"A",,"A",,"A"
"20134",2630975,9,0,"1",,"A","130","D","09","D",51,"D",,"A",,"A",,"A",,"A",,"A",,"A",,"A",,"A",,"A"
"20134",2630975,10,0,"1",,"A","200","D","10","D",223,"D",,"A",,"A",,"A",,"A",,"A",,"A",,"A",,"A",,"A"
"20134",2631315,5,0,"1",,"A","190","D","08","D",84,"D",,"A",,"A",,"A",,"A",,"A",,"A",,"A",,"A",,"A"
"20134",2631375,1,0,"1",,"A","190","D","08","D",130,"D",,"A",,"A",,"A",,"A",,"A",,"A",,"A",,"A",,"A"
"20134",2631375,2,0,"1",,"A","190","D","09","D",130,"D",,"A",,"A",,"A",,"A",,"A",,"A",,"A",,"A",,"A"
"20134",2631375,3,0,"1",,"A","190","D","10","D",130,"D",,"A",,"A",,"A",,"A",,"A",,"A",,"A",,"A",,"A"
"20134",2631375,4,0,"2",,"A","190","D","08","D",130,"D",,"A",,"A",,"A",,"A",,"A",,"A",,"A",,"A",,"A"
"20134",2631705,2,0,"2",,"A","190","D","08","D",89,"F",,"A",,"A",,"A",,"A",,"A",,"A",,"A",,"A",,"A"
"20134",2631765,10,0,"1",,"A","190","D","10","D",109,"D",,"A",,"A",,"A",,"A",,"A",,"A",,"A",,"A",,"A"
"20134",2631965,5,0,"1",,"A","110","D","10","D",51,"D",,"A",,"A",,"A",,"A",,"A",,"A",,"A",,"A",,"A"
"20134",2632095,3,0,"1",,"A","220","D","08","D",30,"D",,"A",,"A",,"A",,"A",,"A",,"A",,"A",,"A",,"A"
"20134",2632095,4,0,"1",,"A","220","D","09","D",30,"D",,"A",,"A",,"A",,"A",,"A",,"A",,"A",,"A",,"A"
"20134",2632525,3,0,"1",,"A","190","D","10","D",65,"D",,"A",,"A",,"A",,"A",,"A",,"A",,"A",,"A",,"A"
"20134",2632685,6,0,"1",,"A","110","D","10","D",150,"D",,"A",,"A",,"A",,"A",,"A",,"A",,"A",,"A",,"A"
"20134",2632935,12,0,"1",,"A","110","D","10","D",48,"D",,"A",,"A",,"A",,"A",,"A",,"A",,"A",,"A",,"A"
"20134",2633195,16,0,"1",,"A","190","D","09","D",187,"D",,"A",,"A",,"A",,"A",,"A",,"A",,"A",,"A",,"A"
"20134",2633195,17,0,"1",,"A","190","D","10","D",285,"D",,"A",,"A",,"A",,"A",,"A",,"A",,"A",,"A",,"A"
"20134",2633505,9,0,"1",,"A","190","D","08","D",65,"D",,"A",,"A",,"A",,"A",,"A",,"A",,"A",,"A",,"A"
"20134",2634065,9,0,"1",,"A","130","D","10","D",125,"D",,"A",,"A",,"A",,"A",,"A",,"A",,"A",,"A",,"A"
"20134",2634135,4,0,"1",,"A","200","D","10","D",190,"D",,"A",,"A",,"A",,"A",,"A",,"A",,"A",,"A",,"A"
"20134",2634145,11,0,"1",,"A","120","D","10","D",60,"D",,"A",,"A",,"A",,"A",,"A",,"A",,"A",,"A",,"A"
"20134",2634505,6,0,"1",,"A","190","D","08","D",30,"D",,"A",,"A",,"A",,"A",,"A",,"A",,"A",,"A",,"A"
"20134",2634505,7,0,"1",,"A","190","D","09","D",30,"D",,"A",,"A",,"A",,"A",,"A",,"A",,"A",,"A",,"A"
"20134",2634505,8,0,"1",,"A","190","D","10","D",30,"D",,"A",,"A",,"A",,"A",,"A",,"A",,"A",,"A",,"A"
"20134",2634615,1,0,"1",,"A","190","D","09","D",85,"D",,"A",,"A",,"A",,"A",,"A",,"A",,"A",,"A",,"A"
"20134",2635345,6,0,"1",,"A","110","D","08","D",400,"D",,"A",,"A",,"A",,"A",,"A",,"A",,"A",,"A",,"A"
"20134",2635625,7,0,"1",,"A","220","D","09","D",500,"D",,"A",,"A",,"A",,"A",,"A",,"A",,"A",,"A",,"A"
"20134",2635735,6,0,"1",,"A","130","D","08","D",16,"D",,"A",,"A",,"A",,"A",,"A",,"A",,"A",,"A",,"A"
"20134",2635735,7,0,"1",,"A","130","D","09","D",16,"D",,"A",,"A",,"A",,"A",,"A",,"A",,"A",,"A",,"A"
"20134",2635735,8,0,"1",,"A","130","D","10","D",16,"D",,"A",,"A",,"A",,"A",,"A",,"A",,"A",,"A",,"A"
"20134",2635915,1,0,"1",,"A","130","D","11","D",246,"D",,"A",,"A",,"A",,"A",,"A",,"A",,"A",,"A",,"A"
"20134",2636135,20,0,"1",,"A","200","D","10","D",30,"D",,"A",,"A",,"A",,"A",,"A",,"A",,"A",,"A",,"A"
"20134",2636395,6,0,"2",,"A","130","D","09","D",160,"D",,"A",,"A",,"A",,"A",,"A",,"A",,"A",,"A",,"A"
"20134",2636485,5,0,"1",,"A","100","D","11","D",224,"D",,"A",,"A",,"A",,"A",,"A",,"A",,"A",,"A",,"A"
"20134",2636485,6,0,"1",,"A","200","D","10","D",113,"D",,"A",,"A",,"A",,"A",,"A",,"A",,"A",,"A",,"A"
"20134",2636875,11,0,"1",,"A","220","D","11","D",100,"D",,"A",,"A",,"A",,"A",,"A",,"A",,"A",,"A",,"A"
"20134",2637145,14,0,"1",,"A","190","D","11","D",81,"D",,"A",,"A",,"A",,"A",,"A",,"A",,"A",,"A",,"A"
"20134",2637565,11,0,"1",,"A","190","D","10","D",410,"D",,"A",,"A",,"A",,"A",,"A",,"A",,"A",,"A",,"A"
"20134",2637805,17,0,"1",,"A","200","D","09","D",11,"D",,"A",,"A",,"A",,"A",,"A",,"A",,"A",,"A",,"A"
"20134",2637805,18,0,"1",,"A","200","D","10","D",11,"D",,"A",,"A",,"A",,"A",,"A",,"A",,"A",,"A",,"A"
"20134",2637805,19,0,"1",,"A","200","D","11","D",11,"D",,"A",,"A",,"A",,"A",,"A",,"A",,"A",,"A",,"A"
"20134",2638245,13,0,"1",,"A","110","D","10","D",60,"D",,"A",,"A",,"A",,"A",,"A",,"A",,"A",,"A",,"A"
"20134",2638245,14,0,"1",,"A","220","D","11","D",220,"D",,"A",,"A",,"A",,"A",,"A",,"A",,"A",,"A",,"A"
"20134",2638245,15,0,"2",,"A","220","D","09","D",81,"D",,"A",,"A",,"A",,"A",,"A",,"A",,"A",,"A",,"A"
"20134",2638495,20,0,"1",,"A","190","D","11","D",164,"D",,"A",,"A",,"A",,"A",,"A",,"A",,"A",,"A",,"A"
"20134",2638495,21,0,"1",,"A","220","D","11","D",40,"D",,"A",,"A",,"A",,"A",,"A",,"A",,"A",,"A",,"A"
"20134",2639085,3,0,"1",,"A","210","D","09","D",.,"H","110","D","130","D",,"A",,"A",,"A",,"A",,"A",,"A",,"A"
"20134",2639085,3,1,"1",,"A","110","D","09","D",52,"E",,"A",,"A",,"A",,"A",,"A",,"A",,"A",,"A",,"A"
"20134",2639085,3,2,"1",,"A","130","D","09","D",109,"E",,"A",,"A",,"A",,"A",,"A",,"A",,"A",,"A",,"A"
"20134",2639235,8,0,"1",,"A","190","D","09","D",35,"D",,"A",,"A",,"A",,"A",,"A",,"A",,"A",,"A",,"A"
"20134",2639235,9,0,"1",,"A","190","D","10","D",35,"D",,"A",,"A",,"A",,"A",,"A",,"A",,"A",,"A",,"A"
"20134",2639235,10,0,"1",,"A","190","D","11","D",35,"D",,"A",,"A",,"A",,"A",,"A",,"A",,"A",,"A",,"A"
"20134",2639235,11,0,"1",,"A","200","D","09","D",75,"D",,"A",,"A",,"A",,"A",,"A",,"A",,"A",,"A",,"A"
"20134",2639235,12,0,"1",,"A","200","D","10","D",75,"D",,"A",,"A",,"A",,"A",,"A",,"A",,"A",,"A",,"A"
"20134",2639235,13,0,"1",,"A","200","D","11","D",75,"D",,"A",,"A",,"A",,"A",,"A",,"A",,"A",,"A",,"A"
"20134",2639395,8,0,"1",,"A","120","D","11","D",89,"D",,"A",,"A",,"A",,"A",,"A",,"A",,"A",,"A",,"A"
"20134",2639535,13,0,"1",,"A","200","D","10","D",159,"D",,"A",,"A",,"A",,"A",,"A",,"A",,"A",,"A",,"A"
"20134",2639785,11,0,"1",,"A","190","D","09","D",69,"D",,"A",,"A",,"A",,"A",,"A",,"A",,"A",,"A",,"A"
"20134",2639785,12,0,"1",,"A","190","D","11","D",69,"D",,"A",,"A",,"A",,"A",,"A",,"A",,"A",,"A",,"A"
"20134",2639895,5,0,"2",,"A","170","D","09","D",34,"D",,"A",,"A",,"A",,"A",,"A",,"A",,"A",,"A",,"A"
"20134",2640735,4,0,"1",,"A","110","D","09","D",400,"D",,"A",,"A",,"A",,"A",,"A",,"A",,"A",,"A",,"A"
"20134",2640895,4,0,"1",,"A","190","D","09","D",89,"F",,"A",,"A",,"A",,"A",,"A",,"A",,"A",,"A",,"A"
"20134",2640975,3,0,"1",,"A","200","D","11","D",90,"D",,"A",,"A",,"A",,"A",,"A",,"A",,"A",,"A",,"A"
"20134",2641345,8,0,"1",,"A","220","D","11","D",300,"D",,"A",,"A",,"A",,"A",,"A",,"A",,"A",,"A",,"A"
"20134",2641885,4,0,"1",,"A","110","D","11","D",135,"D",,"A",,"A",,"A",,"A",,"A",,"A",,"A",,"A",,"A"
"20134",2641885,5,0,"2",,"A","110","D","09","D",135,"D",,"A",,"A",,"A",,"A",,"A",,"A",,"A",,"A",,"A"
"20134",2642035,7,0,"1",,"A","200","D","10","D",150,"D",,"A",,"A",,"A",,"A",,"A",,"A",,"A",,"A",,"A"
"20134",2642805,7,0,"1",,"A","110","D","09","D",145,"D",,"A",,"A",,"A",,"A",,"A",,"A",,"A",,"A",,"A"
"20134",2643095,5,0,"1",,"A","200","D","09","D",40,"D",,"A",,"A",,"A",,"A",,"A",,"A",,"A",,"A",,"A"
"20134",2643095,6,0,"1",,"A","200","D","10","D",40,"D",,"A",,"A",,"A",,"A",,"A",,"A",,"A",,"A",,"A"
"20134",2643095,7,0,"1",,"A","200","D","11","D",40,"D",,"A",,"A",,"A",,"A",,"A",,"A",,"A",,"A",,"A"
"20134",2643095,8,0,"2",,"A","200","D","09","D",40,"D",,"A",,"A",,"A",,"A",,"A",,"A",,"A",,"A",,"A"
"20134",2643165,9,0,"1",,"A","110","D","09","D",20,"D",,"A",,"A",,"A",,"A",,"A",,"A",,"A",,"A",,"A"
"20134",2643165,10,0,"1",,"A","110","D","10","D",20,"D",,"A",,"A",,"A",,"A",,"A",,"A",,"A",,"A",,"A"
"20134",2643165,11,0,"1",,"A","110","D","11","D",20,"D",,"A",,"A",,"A",,"A",,"A",,"A",,"A",,"A",,"A"
"20134",2643165,12,0,"2",,"A","200","D","09","D",20,"D",,"A",,"A",,"A",,"A",,"A",,"A",,"A",,"A",,"A"
"20134",2643405,5,0,"1",,"A","200","D","11","D",48,"D",,"A",,"A",,"A",,"A",,"A",,"A",,"A",,"A",,"A"
"20134",2643405,6,0,"2",,"A","200","D","09","D",64,"D",,"A",,"A",,"A",,"A",,"A",,"A",,"A",,"A",,"A"
"20134",2643525,5,0,"1",,"A","190","D","11","D",45,"D",,"A",,"A",,"A",,"A",,"A",,"A",,"A",,"A",,"A"
"20134",2644255,5,0,"1",,"A","190","D","10","D",65,"D",,"A",,"A",,"A",,"A",,"A",,"A",,"A",,"A",,"A"
"20134",2644265,6,0,"1",,"A","110","D","11","D",116,"D",,"A",,"A",,"A",,"A",,"A",,"A",,"A",,"A",,"A"
"20134",2644415,22,0,"1",,"A","110","D","11","D",127,"D",,"A",,"A",,"A",,"A",,"A",,"A",,"A",,"A",,"A"
"20134",2644505,6,0,"1",,"A","110","D","11","D",49,"D",,"A",,"A",,"A",,"A",,"A",,"A",,"A",,"A",,"A"
"20134",2644505,7,0,"2",,"A","100","D","09","D",1600,"D",,"A",,"A",,"A",,"A",,"A",,"A",,"A",,"A",,"A"
"20134",2644555,2,0,"1",,"A","190","D","11","D",80,"D",,"A",,"A",,"A",,"A",,"A",,"A",,"A",,"A",,"A"
"20134",2644715,11,0,"1",,"A","110","D","11","D",300,"D",,"A",,"A",,"A",,"A",,"A",,"A",,"A",,"A",,"A"
"20134",2644985,5,0,"1",,"A","190","D","11","D",88,"D",,"A",,"A",,"A",,"A",,"A",,"A",,"A",,"A",,"A"
"20134",2645045,14,0,"1",,"A","200","D","09","D",60,"D",,"A",,"A",,"A",,"A",,"A",,"A",,"A",,"A",,"A"
"20134",2645115,4,0,"1",,"A","190","D","10","D",85,"D",,"A",,"A",,"A",,"A",,"A",,"A",,"A",,"A",,"A"
"20134",2645215,11,0,"1",,"A","220","D","11","D",159,"D",,"A",,"A",,"A",,"A",,"A",,"A",,"A",,"A",,"A"
"20134",2645415,3,0,"1",,"A","190","D","09","D",43,"D",,"A",,"A",,"A",,"A",,"A",,"A",,"A",,"A",,"A"
"20134",2645415,4,0,"1",,"A","190","D","10","D",43,"D",,"A",,"A",,"A",,"A",,"A",,"A",,"A",,"A",,"A"
"20134",2645415,5,0,"1",,"A","190","D","11","D",43,"D",,"A",,"A",,"A",,"A",,"A",,"A",,"A",,"A",,"A"
"20134",2645525,7,0,"1",,"A","130","D","10","D",22,"D",,"A",,"A",,"A",,"A",,"A",,"A",,"A",,"A",,"A"
"20134",2645725,7,0,"2",,"A","190","D","09","D",110,"D",,"A",,"A",,"A",,"A",,"A",,"A",,"A",,"A",,"A"
"20134",2645885,4,0,"1",,"A","190","D","11","D",50,"D",,"A",,"A",,"A",,"A",,"A",,"A",,"A",,"A",,"A"
"20134",2646585,5,0,"1",,"A","190","D","11","D",100,"D",,"A",,"A",,"A",,"A",,"A",,"A",,"A",,"A",,"A"
"20134",2646595,18,0,"1",,"A","200","D","09","D",18,"D",,"A",,"A",,"A",,"A",,"A",,"A",,"A",,"A",,"A"
"20134",2646595,19,0,"1",,"A","200","D","10","D",18,"D",,"A",,"A",,"A",,"A",,"A",,"A",,"A",,"A",,"A"
"20134",2646595,20,0,"1",,"A","200","D","11","D",18,"D",,"A",,"A",,"A",,"A",,"A",,"A",,"A",,"A",,"A"
"20134",2646955,7,0,"1",,"A","190","D","10","D",35,"D",,"A",,"A",,"A",,"A",,"A",,"A",,"A",,"A",,"A"
"20134",2646955,8,0,"2",,"A","190","D","09","D",38,"D",,"A",,"A",,"A",,"A",,"A",,"A",,"A",,"A",,"A"
"20134",2647064,3,0,"1",,"A","220","D","07","D",90,"D",,"A",,"A",,"A",,"A",,"A",,"A",,"A",,"A",,"A"
"20134",2647184,18,0,"1",,"A","220","D","08","D",340,"D",,"A",,"A",,"A",,"A",,"A",,"A",,"A",,"A",,"A"
"20134",2647354,5,0,"1",,"A","130","D","08","D",90,"D",,"A",,"A",,"A",,"A",,"A",,"A",,"A",,"A",,"A"
"20134",2647434,7,0,"1",,"A","190","D","09","D",75,"D",,"A",,"A",,"A",,"A",,"A",,"A",,"A",,"A",,"A"
"20134",2647574,3,0,"1",,"A","110","D","08","D",20,"D",,"A",,"A",,"A",,"A",,"A",,"A",,"A",,"A",,"A"
"20134",2647774,8,0,"1",,"A","220","D","08","D",80,"D",,"A",,"A",,"A",,"A",,"A",,"A",,"A",,"A",,"A"
"20134",2647774,9,0,"1",,"A","220","D","09","D",60,"D",,"A",,"A",,"A",,"A",,"A",,"A",,"A",,"A",,"A"
"20134",2648034,8,0,"1",,"A","190","D","08","D",70,"D",,"A",,"A",,"A",,"A",,"A",,"A",,"A",,"A",,"A"
"20134",2648074,5,0,"1",,"A","190","D","09","D",225,"D",,"A",,"A",,"A",,"A",,"A",,"A",,"A",,"A",,"A"
"20134",2648454,12,0,"1",,"A","190","D","07","D",80,"D",,"A",,"A",,"A",,"A",,"A",,"A",,"A",,"A",,"A"
"20134",2648584,4,0,"1",,"A","110","D","08","D",307,"D",,"A",,"A",,"A",,"A",,"A",,"A",,"A",,"A",,"A"
"20134",2649024,6,0,"1",,"A","110","D","07","D",125,"D",,"A",,"A",,"A",,"A",,"A",,"A",,"A",,"A",,"A"
"20134",2649104,8,0,"2",,"A","220","D","07","D",665,"D",,"A",,"A",,"A",,"A",,"A",,"A",,"A",,"A",,"A"
"20134",2649204,4,0,"1",,"A","220","D","08","D",53,"D",,"A",,"A",,"A",,"A",,"A",,"A",,"A",,"A",,"A"
"20134",2649274,3,0,"1",,"A","110","D","07","D",200,"D",,"A",,"A",,"A",,"A",,"A",,"A",,"A",,"A",,"A"
"20134",2649634,7,0,"1",,"A","190","D","09","D",75,"D",,"A",,"A",,"A",,"A",,"A",,"A",,"A",,"A",,"A"
"20134",2649654,15,0,"1",,"A","130","D","09","D",42,"D",,"A",,"A",,"A",,"A",,"A",,"A",,"A",,"A",,"A"
"20134",2649654,16,0,"1",,"A","190","D","07","D",136,"D",,"A",,"A",,"A",,"A",,"A",,"A",,"A",,"A",,"A"
"20134",2649654,17,0,"1",,"A","190","D","09","D",136,"D",,"A",,"A",,"A",,"A",,"A",,"A",,"A",,"A",,"A"
"20134",2650034,8,0,"1",,"A","110","D","07","D",21,"D",,"A",,"A",,"A",,"A",,"A",,"A",,"A",,"A",,"A"
"20134",2650034,9,0,"1",,"A","110","D","08","D",21,"D",,"A",,"A",,"A",,"A",,"A",,"A",,"A",,"A",,"A"
"20134",2650034,10,0,"1",,"A","110","D","09","D",21,"D",,"A",,"A",,"A",,"A",,"A",,"A",,"A",,"A",,"A"
"20134",2650034,11,0,"2",,"A","110","D","07","D",21,"D",,"A",,"A",,"A",,"A",,"A",,"A",,"A",,"A",,"A"
"20134",2650034,12,0,"2",,"A","130","D","07","D",77,"D",,"A",,"A",,"A",,"A",,"A",,"A",,"A",,"A",,"A"
"20134",2650114,4,0,"1",,"A","190","D","09","D",60,"D",,"A",,"A",,"A",,"A",,"A",,"A",,"A",,"A",,"A"
"20134",2650234,5,0,"1",,"A","190","D","07","D",15,"D",,"A",,"A",,"A",,"A",,"A",,"A",,"A",,"A",,"A"
"20134",2650234,6,0,"1",,"A","190","D","08","D",15,"D",,"A",,"A",,"A",,"A",,"A",,"A",,"A",,"A",,"A"
"20134",2650234,7,0,"1",,"A","190","D","09","D",15,"D",,"A",,"A",,"A",,"A",,"A",,"A",,"A",,"A",,"A"
"20134",2650274,10,0,"1",,"A","110","D","07","D",15,"D",,"A",,"A",,"A",,"A",,"A",,"A",,"A",,"A",,"A"
"20134",2650274,11,0,"1",,"A","110","D","08","D",15,"D",,"A",,"A",,"A",,"A",,"A",,"A",,"A",,"A",,"A"
"20134",2650274,12,0,"1",,"A","110","D","09","D",15,"D",,"A",,"A",,"A",,"A",,"A",,"A",,"A",,"A",,"A"
"20134",2650804,5,0,"1",,"A","190","D","07","D",61,"D",,"A",,"A",,"A",,"A",,"A",,"A",,"A",,"A",,"A"
"20134",2650804,6,0,"1",,"A","190","D","08","D",61,"D",,"A",,"A",,"A",,"A",,"A",,"A",,"A",,"A",,"A"
"20134",2650804,7,0,"1",,"A","190","D","09","D",61,"D",,"A",,"A",,"A",,"A",,"A",,"A",,"A",,"A",,"A"
"20134",2650864,6,0,"1",,"A","200","D","09","D",65,"D",,"A",,"A",,"A",,"A",,"A",,"A",,"A",,"A",,"A"
"20134",2651224,10,0,"1",,"A","150","D","08","D",10,"D",,"A",,"A",,"A",,"A",,"A",,"A",,"A",,"A",,"A"
"20134",2652124,11,0,"1",,"A","110","D","07","D",550,"D",,"A",,"A",,"A",,"A",,"A",,"A",,"A",,"A",,"A"
"20134",2652444,4,0,"1",,"A","190","D","08","D",60,"D",,"A",,"A",,"A",,"A",,"A",,"A",,"A",,"A",,"A"
"20134",2652444,5,0,"1",,"A","190","D","09","D",40,"D",,"A",,"A",,"A",,"A",,"A",,"A",,"A",,"A",,"A"
"20134",2652444,6,0,"2",,"A","190","D","07","D",60,"D",,"A",,"A",,"A",,"A",,"A",,"A",,"A",,"A",,"A"
"20134",2652564,4,0,"1",,"A","190","D","07","D",46,"D",,"A",,"A",,"A",,"A",,"A",,"A",,"A",,"A",,"A"
"20134",2652564,5,0,"2",,"A","190","D","07","D",46,"D",,"A",,"A",,"A",,"A",,"A",,"A",,"A",,"A",,"A"
"20134",2652994,4,0,"1",,"A","190","D","09","D",125,"D",,"A",,"A",,"A",,"A",,"A",,"A",,"A",,"A",,"A"
"20134",2652994,5,0,"2",,"A","190","D","07","D",75,"D",,"A",,"A",,"A",,"A",,"A",,"A",,"A",,"A",,"A"
"20134",2653734,5,0,"1",,"A","200","D","07","D",33,"D",,"A",,"A",,"A",,"A",,"A",,"A",,"A",,"A",,"A"
"20134",2653734,6,0,"1",,"A","200","D","08","D",33,"D",,"A",,"A",,"A",,"A",,"A",,"A",,"A",,"A",,"A"
"20134",2653734,7,0,"1",,"A","200","D","09","D",33,"D",,"A",,"A",,"A",,"A",,"A",,"A",,"A",,"A",,"A"
"20134",2653824,6,0,"1",,"A","110","D","07","D",90,"D",,"A",,"A",,"A",,"A",,"A",,"A",,"A",,"A",,"A"
"20134",2654214,6,0,"1",,"A","110","D","09","D",155,"D",,"A",,"A",,"A",,"A",,"A",,"A",,"A",,"A",,"A"
"20134",2654554,4,0,"1",,"A","190","D","07","D",150,"D",,"A",,"A",,"A",,"A",,"A",,"A",,"A",,"A",,"A"
"20134",2655094,4,0,"1",,"A","190","D","07","D",86,"D",,"A",,"A",,"A",,"A",,"A",,"A",,"A",,"A",,"A"
"20134",2655194,7,0,"1",,"A","190","D","09","D",90,"D",,"A",,"A",,"A",,"A",,"A",,"A",,"A",,"A",,"A"
"20134",2655194,8,0,"2",,"A","190","D","07","D",96,"D",,"A",,"A",,"A",,"A",,"A",,"A",,"A",,"A",,"A"
"20134",2655574,12,0,"1",,"A","130","D","08","D",475,"D",,"A",,"A",,"A",,"A",,"A",,"A",,"A",,"A",,"A"
"20134",2655574,13,0,"2",,"A","130","D","07","D",123,"D",,"A",,"A",,"A",,"A",,"A",,"A",,"A",,"A",,"A"
"20134",2655684,4,0,"1",,"A","110","D","09","D",45,"D",,"A",,"A",,"A",,"A",,"A",,"A",,"A",,"A",,"A"
"20134",2655684,5,0,"1",,"A","130","D","09","D",107,"D",,"A",,"A",,"A",,"A",,"A",,"A",,"A",,"A",,"A"
"20134",2655824,6,0,"1",,"A","190","D","08","D",97,"D",,"A",,"A",,"A",,"A",,"A",,"A",,"A",,"A",,"A"
"20134",2656164,13,0,"1",,"A","190","D","07","D",89,"D",,"A",,"A",,"A",,"A",,"A",,"A",,"A",,"A",,"A"
"20134",2656164,14,0,"1",,"A","190","D","08","D",89,"D",,"A",,"A",,"A",,"A",,"A",,"A",,"A",,"A",,"A"
"20134",2656164,15,0,"1",,"A","190","D","09","D",89,"D",,"A",,"A",,"A",,"A",,"A",,"A",,"A",,"A",,"A"
"20134",2656164,16,0,"2",,"A","190","D","07","D",89,"D",,"A",,"A",,"A",,"A",,"A",,"A",,"A",,"A",,"A"
"20134",2656544,2,0,"1",,"A","220","D","09","D",48,"D",,"A",,"A",,"A",,"A",,"A",,"A",,"A",,"A",,"A"
"20134",2656644,3,0,"1",,"A","170","D","07","D",80,"D",,"A",,"A",,"A",,"A",,"A",,"A",,"A",,"A",,"A"
"20134",2656644,4,0,"1",,"A","170","D","08","D",80,"D",,"A",,"A",,"A",,"A",,"A",,"A",,"A",,"A",,"A"
"20134",2656644,5,0,"1",,"A","170","D","09","D",80,"D",,"A",,"A",,"A",,"A",,"A",,"A",,"A",,"A",,"A"
"20134",2657644,21,0,"1",,"A","170","D","08","D",400,"D",,"A",,"A",,"A",,"A",,"A",,"A",,"A",,"A",,"A"
"20134",2657644,22,0,"1",,"A","220","D","08","D",250,"D",,"A",,"A",,"A",,"A",,"A",,"A",,"A",,"A",,"A"
"20134",2657644,23,0,"1",,"A","170","D","07","D",92,"D",,"A",,"A",,"A",,"A",,"A",,"A",,"A",,"A",,"A"
"20134",2658294,11,0,"1",,"A","190","D","10","D",76,"D",,"A",,"A",,"A",,"A",,"A",,"A",,"A",,"A",,"A"
"20134",2658714,8,0,"1",,"A","220","D","10","D",78,"D",,"A",,"A",,"A",,"A",,"A",,"A",,"A",,"A",,"A"
"20134",2659184,5,0,"1",,"A","100","D","10","D",105,"D",,"A",,"A",,"A",,"A",,"A",,"A",,"A",,"A",,"A"
"20134",2659344,14,0,"2",,"A","200","D","08","D",20,"D",,"A",,"A",,"A",,"A",,"A",,"A",,"A",,"A",,"A"
"20134",2659344,15,0,"2",,"A","190","D","08","D",95,"D",,"A",,"A",,"A",,"A",,"A",,"A",,"A",,"A",,"A"
"20134",2659464,5,0,"1",,"A","130","D","10","D",100,"D",,"A",,"A",,"A",,"A",,"A",,"A",,"A",,"A",,"A"
"20134",2659554,17,0,"1",,"A","110","D","10","D",210,"D",,"A",,"A",,"A",,"A",,"A",,"A",,"A",,"A",,"A"
"20134",2659744,16,0,"1",,"A","190","D","09","D",120,"D",,"A",,"A",,"A",,"A",,"A",,"A",,"A",,"A",,"A"
"20134",2659754,7,0,"1",,"A","220","D","10","D",101,"D",,"A",,"A",,"A",,"A",,"A",,"A",,"A",,"A",,"A"
"20134",2659844,7,0,"1",,"A","130","D","09","D",790,"D",,"A",,"A",,"A",,"A",,"A",,"A",,"A",,"A",,"A"
"20134",2659844,8,0,"2",,"A","170","D","08","D",74,"D",,"A",,"A",,"A",,"A",,"A",,"A",,"A",,"A",,"A"
"20134",2659884,6,0,"1",,"A","190","D","09","D",69,"D",,"A",,"A",,"A",,"A",,"A",,"A",,"A",,"A",,"A"
"20134",2659894,5,0,"1",,"A","200","D","10","D",210,"D","200","D",,"A",,"A",,"A",,"A",,"A",,"A",,"A",,"A"
"20134",2659894,6,0,"2",,"A","200","D","08","D",130,"D","200","D",,"A",,"A",,"A",,"A",,"A",,"A",,"A",,"A"
"20134",2660014,4,0,"1",,"A","110","D","09","D",300,"D",,"A",,"A",,"A",,"A",,"A",,"A",,"A",,"A",,"A"
"20134",2660274,11,0,"1",,"A","200","D","08","D",126,"D",,"A",,"A",,"A",,"A",,"A",,"A",,"A",,"A",,"A"
"20134",2660314,9,0,"1",,"A","190","D","09","D",162,"D",,"A",,"A",,"A",,"A",,"A",,"A",,"A",,"A",,"A"
"20134",2660634,6,0,"1",,"A","220","D","10","D",90,"D",,"A",,"A",,"A",,"A",,"A",,"A",,"A",,"A",,"A"
"20134",2660884,15,0,"2",,"A","110","D","08","D",140,"D",,"A",,"A",,"A",,"A",,"A",,"A",,"A",,"A",,"A"
"20134",2661584,2,0,"1",,"A","190","D","08","D",32,"D",,"A",,"A",,"A",,"A",,"A",,"A",,"A",,"A",,"A"
"20134",2661584,3,0,"1",,"A","190","D","09","D",32,"D",,"A",,"A",,"A",,"A",,"A",,"A",,"A",,"A",,"A"
"20134",2661584,4,0,"1",,"A","190","D","10","D",32,"D",,"A",,"A",,"A",,"A",,"A",,"A",,"A",,"A",,"A"
"20134",2661594,33,0,"1",,"A","100","D","10","D",300,"D",,"A",,"A",,"A",,"A",,"A",,"A",,"A",,"A",,"A"
"20134",2661764,11,0,"1",,"A","200","D","08","D",425,"D",,"A",,"A",,"A",,"A",,"A",,"A",,"A",,"A",,"A"
"20134",2661794,6,0,"1",,"A","130","D","10","D",40,"D",,"A",,"A",,"A",,"A",,"A",,"A",,"A",,"A",,"A"
"20134",2661794,7,0,"1",,"A","190","D","09","D",75,"D",,"A",,"A",,"A",,"A",,"A",,"A",,"A",,"A",,"A"
"20134",2662184,19,0,"1",,"A","190","D","09","D",111,"D",,"A",,"A",,"A",,"A",,"A",,"A",,"A",,"A",,"A"
"20134",2662414,18,0,"1",,"A","110","D","10","D",177,"D",,"A",,"A",,"A",,"A",,"A",,"A",,"A",,"A",,"A"
"20134",2662424,5,0,"1",,"A","190","D","08","D",27,"D",,"A",,"A",,"A",,"A",,"A",,"A",,"A",,"A",,"A"
"20134",2662424,6,0,"1",,"A","190","D","09","D",27,"D",,"A",,"A",,"A",,"A",,"A",,"A",,"A",,"A",,"A"
"20134",2662424,7,0,"1",,"A","190","D","10","D",27,"D",,"A",,"A",,"A",,"A",,"A",,"A",,"A",,"A",,"A"
"20134",2662424,8,0,"2",,"A","190","D","08","D",25,"D",,"A",,"A",,"A",,"A",,"A",,"A",,"A",,"A",,"A"
"20134",2662634,4,0,"1",,"A","220","D","09","D",20,"D",,"A",,"A",,"A",,"A",,"A",,"A",,"A",,"A",,"A"
"20134",2663214,10,0,"1",,"A","130","D","10","D",125,"D",,"A",,"A",,"A",,"A",,"A",,"A",,"A",,"A",,"A"
"20134",2663214,11,0,"1",,"A","170","D","08","D",191,"D",,"A",,"A",,"A",,"A",,"A",,"A",,"A",,"A",,"A"
"20134",2663214,12,0,"2",,"A","130","D","08","D",80,"D",,"A",,"A",,"A",,"A",,"A",,"A",,"A",,"A",,"A"
"20134",2663625,17,0,"1",,"A","190","D","08","D",54,"D",,"A",,"A",,"A",,"A",,"A",,"A",,"A",,"A",,"A"
"20134",2663764,13,0,"1",,"A","190","D","10","D",87,"D",,"A",,"A",,"A",,"A",,"A",,"A",,"A",,"A",,"A"
"20134",2663764,14,0,"1",,"A","190","D","08","D",87,"D",,"A",,"A",,"A",,"A",,"A",,"A",,"A",,"A",,"A"
"20134",2664144,17,0,"1",,"A","110","D","08","D",30,"D",,"A",,"A",,"A",,"A",,"A",,"A",,"A",,"A",,"A"
"20134",2664144,18,0,"1",,"A","110","D","09","D",30,"D",,"A",,"A",,"A",,"A",,"A",,"A",,"A",,"A",,"A"
"20134",2664144,19,0,"1",,"A","110","D","10","D",30,"D",,"A",,"A",,"A",,"A",,"A",,"A",,"A",,"A",,"A"
"20134",2664144,20,0,"1",,"A","130","D","08","D",50,"D",,"A",,"A",,"A",,"A",,"A",,"A",,"A",,"A",,"A"
"20134",2664214,1,0,"1",,"A","220","D","10","D",400,"D",,"A",,"A",,"A",,"A",,"A",,"A",,"A",,"A",,"A"
"20134",2664234,5,0,"1",,"A","130","D","10","D",125,"D",,"A",,"A",,"A",,"A",,"A",,"A",,"A",,"A",,"A"
"20134",2664394,17,0,"1",,"A","190","D","08","D",75,"D",,"A",,"A",,"A",,"A",,"A",,"A",,"A",,"A",,"A"
"20134",2664394,18,0,"2",,"A","190","D","08","D",75,"D",,"A",,"A",,"A",,"A",,"A",,"A",,"A",,"A",,"A"
"20134",2664544,5,0,"1",,"A","110","D","09","D",42,"D",,"A",,"A",,"A",,"A",,"A",,"A",,"A",,"A",,"A"
"20134",2664604,5,0,"1",,"A","220","D","08","D",200,"D",,"A",,"A",,"A",,"A",,"A",,"A",,"A",,"A",,"A"
"20134",2664764,14,0,"1",,"A","140","D","10","D",100,"D",,"A",,"A",,"A",,"A",,"A",,"A",,"A",,"A",,"A"
"20134",2665034,7,0,"1",,"A","200","D","08","D",100,"D",,"A",,"A",,"A",,"A",,"A",,"A",,"A",,"A",,"A"
"20134",2665194,6,0,"1",,"A","110","D","08","D",42,"D",,"A",,"A",,"A",,"A",,"A",,"A",,"A",,"A",,"A"
"20134",2665194,7,0,"1",,"A","110","D","09","D",42,"D",,"A",,"A",,"A",,"A",,"A",,"A",,"A",,"A",,"A"
"20134",2665194,8,0,"1",,"A","110","D","10","D",42,"D",,"A",,"A",,"A",,"A",,"A",,"A",,"A",,"A",,"A"
"20134",2665444,10,0,"1",,"A","190","D","08","D",168,"D",,"A",,"A",,"A",,"A",,"A",,"A",,"A",,"A",,"A"
"20134",2665574,4,0,"2",,"A","130","D","08","D",42,"D",,"A",,"A",,"A",,"A",,"A",,"A",,"A",,"A",,"A"
"20134",2665584,3,0,"1",,"A","110","D","09","D",18,"D",,"A",,"A",,"A",,"A",,"A",,"A",,"A",,"A",,"A"
"20134",2665764,7,0,"1",,"A","190","D","08","D",300,"D",,"A",,"A",,"A",,"A",,"A",,"A",,"A",,"A",,"A"
"20134",2665774,4,0,"1",,"A","190","D","09","D",90,"D",,"A",,"A",,"A",,"A",,"A",,"A",,"A",,"A",,"A"
"20134",2665844,3,0,"1",,"A","110","D","10","D",22,"D",,"A",,"A",,"A",,"A",,"A",,"A",,"A",,"A",,"A"
"20134",2666524,9,0,"1",,"A","210","D","10","D",.,"H","210","D","110","D",,"A",,"A",,"A",,"A",,"A",,"A",,"A"
"20134",2666524,9,1,"1",,"A","100","D","10","D",127,"E",,"A",,"A",,"A",,"A",,"A",,"A",,"A",,"A",,"A"
"20134",2666524,9,2,"1",,"A","110","D","10","D",30,"E",,"A",,"A",,"A",,"A",,"A",,"A",,"A",,"A",,"A"
"20134",2666524,9,3,"1",,"A","130","D","10","D",64,"E",,"A",,"A",,"A",,"A",,"A",,"A",,"A",,"A",,"A"
"20134",2666524,9,4,"1",,"A","190","D","10","D",39,"E",,"A",,"A",,"A",,"A",,"A",,"A",,"A",,"A",,"A"
"20134",2666554,16,0,"1",,"A","200","D","08","D",290,"D",,"A",,"A",,"A",,"A",,"A",,"A",,"A",,"A",,"A"
"20134",2666554,17,0,"1",,"A","200","D","09","D",112,"D",,"A",,"A",,"A",,"A",,"A",,"A",,"A",,"A",,"A"
"20134",2668584,10,0,"1",,"A","190","D","08","D",50,"D",,"A",,"A",,"A",,"A",,"A",,"A",,"A",,"A",,"A"
"20134",2668584,11,0,"1",,"A","190","D","09","D",50,"D",,"A",,"A",,"A",,"A",,"A",,"A",,"A",,"A",,"A"
"20134",2668584,12,0,"1",,"A","190","D","10","D",50,"D",,"A",,"A",,"A",,"A",,"A",,"A",,"A",,"A",,"A"
"20134",2668624,10,0,"1",,"A","200","D","10","D",120,"D",,"A",,"A",,"A",,"A",,"A",,"A",,"A",,"A",,"A"
"20134",2668674,18,0,"2",,"A","170","D","08","D",55,"D",,"A",,"A",,"A",,"A",,"A",,"A",,"A",,"A",,"A"
"20134",2668764,12,0,"1",,"A","190","D","10","D",109,"D",,"A",,"A",,"A",,"A",,"A",,"A",,"A",,"A",,"A"
"20134",2668764,13,0,"1",,"A","190","D","10","D",650,"D",,"A",,"A",,"A",,"A",,"A",,"A",,"A",,"A",,"A"
"20134",2668764,14,0,"1",,"A","220","D","10","D",117,"D",,"A",,"A",,"A",,"A",,"A",,"A",,"A",,"A",,"A"
"20134",2669214,4,0,"1",,"A","200","D","10","D",10,"D",,"A",,"A",,"A",,"A",,"A",,"A",,"A",,"A",,"A"
"20134",2669214,5,0,"1",,"A","200","D","11","D",10,"D",,"A",,"A",,"A",,"A",,"A",,"A",,"A",,"A",,"A"
"20134",2669214,6,0,"2",,"A","200","D","09","D",10,"D",,"A",,"A",,"A",,"A",,"A",,"A",,"A",,"A",,"A"
"20134",2669514,13,0,"1",,"A","190","D","11","D",151,"D",,"A",,"A",,"A",,"A",,"A",,"A",,"A",,"A",,"A"
"20134",2669694,6,0,"1",,"A","110","D","10","D",20,"D",,"A",,"A",,"A",,"A",,"A",,"A",,"A",,"A",,"A"
"20134",2669814,9,0,"1",,"A","190","D","09","D",500,"D",,"A",,"A",,"A",,"A",,"A",,"A",,"A",,"A",,"A"
"20134",2670014,8,0,"1",,"A","220","D","10","D",74,"D",,"A",,"A",,"A",,"A",,"A",,"A",,"A",,"A",,"A"
"20134",2670124,13,0,"1",,"A","190","D","09","D",225,"D",,"A",,"A",,"A",,"A",,"A",,"A",,"A",,"A",,"A"
"20134",2670354,5,0,"1",,"A","110","D","11","D",127,"D",,"A",,"A",,"A",,"A",,"A",,"A",,"A",,"A",,"A"
"20134",2670404,3,0,"1",,"A","190","D","10","D",70,"D",,"A",,"A",,"A",,"A",,"A",,"A",,"A",,"A",,"A"
"20134",2670564,11,0,"1",,"A","190","D","11","D",85,"D",,"A",,"A",,"A",,"A",,"A",,"A",,"A",,"A",,"A"
"20134",2670914,6,0,"1",,"A","190","D","09","D",64,"D",,"A",,"A",,"A",,"A",,"A",,"A",,"A",,"A",,"A"
"20134",2670914,7,0,"1",,"A","190","D","10","D",64,"D",,"A",,"A",,"A",,"A",,"A",,"A",,"A",,"A",,"A"
"20134",2670914,8,0,"1",,"A","190","D","11","D",75,"D",,"A",,"A",,"A",,"A",,"A",,"A",,"A",,"A",,"A"
"20134",2671254,5,0,"1",,"A","190","D","11","D",70,"D",,"A",,"A",,"A",,"A",,"A",,"A",,"A",,"A",,"A"
"20134",2671734,3,0,"1",,"A","110","D","11","D",60,"D",,"A",,"A",,"A",,"A",,"A",,"A",,"A",,"A",,"A"
"20134",2671864,4,0,"1",,"A","200","D","09","D",50,"D",,"A",,"A",,"A",,"A",,"A",,"A",,"A",,"A",,"A"
"20134",2671864,5,0,"1",,"A","200","D","10","D",50,"D",,"A",,"A",,"A",,"A",,"A",,"A",,"A",,"A",,"A"
"20134",2671864,6,0,"1",,"A","200","D","11","D",50,"D",,"A",,"A",,"A",,"A",,"A",,"A",,"A",,"A",,"A"
"20134",2672164,4,0,"1",,"A","190","D","09","D",28,"D",,"A",,"A",,"A",,"A",,"A",,"A",,"A",,"A",,"A"
"20134",2672164,5,0,"1",,"A","190","D","10","D",28,"D",,"A",,"A",,"A",,"A",,"A",,"A",,"A",,"A",,"A"
"20134",2672174,7,0,"1",,"A","190","D","10","D",75,"D",,"A",,"A",,"A",,"A",,"A",,"A",,"A",,"A",,"A"
"20134",2672534,10,0,"1",,"A","130","D","09","D",46,"D",,"A",,"A",,"A",,"A",,"A",,"A",,"A",,"A",,"A"
"20134",2672534,11,0,"1",,"A","190","D","09","D",72,"D",,"A",,"A",,"A",,"A",,"A",,"A",,"A",,"A",,"A"
"20134",2672714,3,0,"1",,"A","200","D","11","D",427,"D",,"A",,"A",,"A",,"A",,"A",,"A",,"A",,"A",,"A"
"20134",2672784,12,0,"1",,"A","110","D","11","D",40,"D",,"A",,"A",,"A",,"A",,"A",,"A",,"A",,"A",,"A"
"20134",2672924,13,0,"1",,"A","190","D","11","D",106,"D",,"A",,"A",,"A",,"A",,"A",,"A",,"A",,"A",,"A"
"20134",2673374,5,0,"1",,"A","130","D","11","D",178,"D",,"A",,"A",,"A",,"A",,"A",,"A",,"A",,"A",,"A"
"20134",2673834,2,0,"1",,"A","190","D","11","D",165,"D",,"A",,"A",,"A",,"A",,"A",,"A",,"A",,"A",,"A"
"20134",2673874,5,0,"1",,"A","110","D","10","D",128,"D",,"A",,"A",,"A",,"A",,"A",,"A",,"A",,"A",,"A"
"20134",2673894,12,0,"1",,"A","200","D","09","D",26,"D",,"A",,"A",,"A",,"A",,"A",,"A",,"A",,"A",,"A"
"20134",2673894,13,0,"1",,"A","200","D","10","D",26,"D",,"A",,"A",,"A",,"A",,"A",,"A",,"A",,"A",,"A"
"20134",2673894,14,0,"1",,"A","200","D","11","D",26,"D",,"A",,"A",,"A",,"A",,"A",,"A",,"A",,"A",,"A"
"20134",2673984,4,0,"1",,"A","190","D","10","D",35,"D",,"A",,"A",,"A",,"A",,"A",,"A",,"A",,"A",,"A"
"20134",2673984,5,0,"1",,"A","190","D","11","D",35,"D",,"A",,"A",,"A",,"A",,"A",,"A",,"A",,"A",,"A"
"20134",2673984,6,0,"2",,"A","190","D","09","D",35,"D",,"A",,"A",,"A",,"A",,"A",,"A",,"A",,"A",,"A"
"20134",2674294,10,0,"1",,"A","220","D","11","D",54,"D",,"A",,"A",,"A",,"A",,"A",,"A",,"A",,"A",,"A"
"20134",2674594,18,0,"1",,"A","110","D","09","D",856,"D",,"A",,"A",,"A",,"A",,"A",,"A",,"A",,"A",,"A"
"20134",2674594,19,0,"1",,"A","190","D","10","D",76,"D",,"A",,"A",,"A",,"A",,"A",,"A",,"A",,"A",,"A"
"20134",2674634,4,0,"1",,"A","110","D","09","D",150,"D",,"A",,"A",,"A",,"A",,"A",,"A",,"A",,"A",,"A"
"20134",2675134,5,0,"1",,"A","190","D","11","D",90,"D",,"A",,"A",,"A",,"A",,"A",,"A",,"A",,"A",,"A"
"20134",2675634,6,0,"1",,"A","200","D","09","D",17,"D",,"A",,"A",,"A",,"A",,"A",,"A",,"A",,"A",,"A"
"20134",2675634,7,0,"1",,"A","200","D","10","D",17,"D",,"A",,"A",,"A",,"A",,"A",,"A",,"A",,"A",,"A"
"20134",2675634,8,0,"1",,"A","200","D","11","D",17,"D",,"A",,"A",,"A",,"A",,"A",,"A",,"A",,"A",,"A"
"20134",2675644,11,0,"1",,"A","200","D","11","D",266,"D",,"A",,"A",,"A",,"A",,"A",,"A",,"A",,"A",,"A"
"20134",2675954,5,0,"1",,"A","140","D","10","D",130,"D",,"A",,"A",,"A",,"A",,"A",,"A",,"A",,"A",,"A"
"20134",2675954,6,0,"1",,"A","140","D","09","D",90,"D",,"A",,"A",,"A",,"A",,"A",,"A",,"A",,"A",,"A"
"20134",2676024,21,0,"1",,"A","200","D","11","D",184,"D",,"A",,"A",,"A",,"A",,"A",,"A",,"A",,"A",,"A"
"20134",2676554,5,0,"1",,"A","130","D","11","D",380,"D",,"A",,"A",,"A",,"A",,"A",,"A",,"A",,"A",,"A"
"20134",2676724,1,0,"1",,"A","200","D","09","D",20,"D",,"A",,"A",,"A",,"A",,"A",,"A",,"A",,"A",,"A"
"20134",2677194,22,0,"1",,"A","150","D","10","D",50,"D",,"A",,"A",,"A",,"A",,"A",,"A",,"A",,"A",,"A"
"20134",2677194,23,0,"1",,"A","150","D","10","D",10,"D",,"A",,"A",,"A",,"A",,"A",,"A",,"A",,"A",,"A"
"20134",2677194,24,0,"1",,"A","150","D","10","D",106,"D",,"A",,"A",,"A",,"A",,"A",,"A",,"A",,"A",,"A"
"20134",2677304,4,0,"1",,"A","130","D","10","D",27,"D",,"A",,"A",,"A",,"A",,"A",,"A",,"A",,"A",,"A"
"20134",2677304,5,0,"1",,"A","130","D","11","D",27,"D",,"A",,"A",,"A",,"A",,"A",,"A",,"A",,"A",,"A"
"20134",2677334,5,0,"1",,"A","110","D","11","D",109,"D",,"A",,"A",,"A",,"A",,"A",,"A",,"A",,"A",,"A"
"20134",2677354,17,0,"1",,"A","200","D","10","D",160,"D",,"A",,"A",,"A",,"A",,"A",,"A",,"A",,"A",,"A"
"20134",2677754,25,0,"1",,"A","200","D","10","D",109,"D",,"A",,"A",,"A",,"A",,"A",,"A",,"A",,"A",,"A"
"20134",2677754,26,0,"1",,"A","200","D","11","D",81,"D",,"A",,"A",,"A",,"A",,"A",,"A",,"A",,"A",,"A"
"20134",2677904,14,0,"1",,"A","190","D","10","D",95,"D",,"A",,"A",,"A",,"A",,"A",,"A",,"A",,"A",,"A"
"20134",2678244,10,0,"1",,"A","200","D","11","D",122,"D",,"A",,"A",,"A",,"A",,"A",,"A",,"A",,"A",,"A"
"20134",2678344,3,0,"1",,"A","200","D","09","D",12,"D",,"A",,"A",,"A",,"A",,"A",,"A",,"A",,"A",,"A"
"20134",2678344,4,0,"1",,"A","200","D","10","D",12,"D",,"A",,"A",,"A",,"A",,"A",,"A",,"A",,"A",,"A"
"20134",2678344,5,0,"1",,"A","200","D","11","D",12,"D",,"A",,"A",,"A",,"A",,"A",,"A",,"A",,"A",,"A"
"20134",2678344,6,0,"2",,"A","200","D","09","D",12,"D",,"A",,"A",,"A",,"A",,"A",,"A",,"A",,"A",,"A"
"20134",2678354,16,0,"1",,"A","190","D","10","D",60,"D",,"A",,"A",,"A",,"A",,"A",,"A",,"A",,"A",,"A"
"20134",2678434,5,0,"1",,"A","200","D","10","D",245,"D",,"A",,"A",,"A",,"A",,"A",,"A",,"A",,"A",,"A"
"20134",2678514,3,0,"1",,"A","190","D","09","D",54,"D",,"A",,"A",,"A",,"A",,"A",,"A",,"A",,"A",,"A"
"20134",2678604,10,0,"2",,"A","110","D","09","D",105,"F",,"A",,"A",,"A",,"A",,"A",,"A",,"A",,"A",,"A"
"20134",2678614,11,0,"1",,"A","110","D","11","D",283,"D",,"A",,"A",,"A",,"A",,"A",,"A",,"A",,"A",,"A"
"20134",2678614,12,0,"1",,"A","190","D","11","D",109,"D",,"A",,"A",,"A",,"A",,"A",,"A",,"A",,"A",,"A"
"20134",2678654,5,0,"1",,"A","190","D","11","D",45,"D",,"A",,"A",,"A",,"A",,"A",,"A",,"A",,"A",,"A"
"20134",2678784,4,0,"1",,"A","110","D","09","D",180,"D",,"A",,"A",,"A",,"A",,"A",,"A",,"A",,"A",,"A"
"20134",2678904,7,0,"1",,"A","190","D","09","D",100,"D",,"A",,"A",,"A",,"A",,"A",,"A",,"A",,"A",,"A"
"20134",2679134,2,0,"1",,"A","120","D","09","D",122,"F",,"A",,"A",,"A",,"A",,"A",,"A",,"A",,"A",,"A"
"20134",2679194,7,0,"2",,"A","120","D","09","D",297,"D",,"A",,"A",,"A",,"A",,"A",,"A",,"A",,"A",,"A"
"20134",2679444,9,0,"1",,"A","120","D","11","D",10,"D",,"A",,"A",,"A",,"A",,"A",,"A",,"A",,"A",,"A"
"20134",2680094,22,0,"1",,"A","200","D","11","D",204,"D",,"A",,"A",,"A",,"A",,"A",,"A",,"A",,"A",,"A"
"20134",2680663,6,0,"1",,"A","190","D","09","D",235,"D",,"A",,"A",,"A",,"A",,"A",,"A",,"A",,"A",,"A"
"20134",2680763,7,0,"1",,"A","200","D","08","D",50,"D",,"A",,"A",,"A",,"A",,"A",,"A",,"A",,"A",,"A"
"20134",2681123,3,0,"1",,"A","170","D","08","D",93,"D",,"A",,"A",,"A",,"A",,"A",,"A",,"A",,"A",,"A"
"20134",2681503,12,0,"2",,"A","130","D","07","D",29,"D",,"A",,"A",,"A",,"A",,"A",,"A",,"A",,"A",,"A"
"20134",2681563,3,0,"1",,"A","200","D","08","D",250,"D",,"A",,"A",,"A",,"A",,"A",,"A",,"A",,"A",,"A"
"20134",2681783,7,0,"1",,"A","170","D","08","D",100,"D",,"A",,"A",,"A",,"A",,"A",,"A",,"A",,"A",,"A"
"20134",2682043,11,0,"1",,"A","110","D","07","D",41,"D",,"A",,"A",,"A",,"A",,"A",,"A",,"A",,"A",,"A"
"20134",2682043,12,0,"1",,"A","110","D","08","D",41,"D",,"A",,"A",,"A",,"A",,"A",,"A",,"A",,"A",,"A"
"20134",2682043,13,0,"1",,"A","110","D","09","D",41,"D",,"A",,"A",,"A",,"A",,"A",,"A",,"A",,"A",,"A"
"20134",2682293,9,0,"1",,"A","190","D","09","D",75,"D",,"A",,"A",,"A",,"A",,"A",,"A",,"A",,"A",,"A"
"20134",2682403,4,0,"1",,"A","200","D","09","D",100,"D",,"A",,"A",,"A",,"A",,"A",,"A",,"A",,"A",,"A"
"20134",2682503,1,0,"1",,"A","130","D","07","D",30,"D",,"A",,"A",,"A",,"A",,"A",,"A",,"A",,"A",,"A"
"20134",2682503,2,0,"1",,"A","130","D","08","D",30,"D",,"A",,"A",,"A",,"A",,"A",,"A",,"A",,"A",,"A"
"20134",2682503,3,0,"1",,"A","130","D","09","D",30,"D",,"A",,"A",,"A",,"A",,"A",,"A",,"A",,"A",,"A"
"20134",2683223,5,0,"1",,"A","190","D","07","D",30,"D",,"A",,"A",,"A",,"A",,"A",,"A",,"A",,"A",,"A"
"20134",2683343,3,0,"1",,"A","190","D","07","D",50,"D",,"A",,"A",,"A",,"A",,"A",,"A",,"A",,"A",,"A"
"20134",2684063,12,0,"1",,"A","130","D","08","D",150,"D",,"A",,"A",,"A",,"A",,"A",,"A",,"A",,"A",,"A"
"20134",2684173,4,0,"1",,"A","200","D","09","D",200,"D",,"A",,"A",,"A",,"A",,"A",,"A",,"A",,"A",,"A"
"20134",2684763,2,0,"1",,"A","190","D","07","D",34,"D",,"A",,"A",,"A",,"A",,"A",,"A",,"A",,"A",,"A"
"20134",2684763,3,0,"1",,"A","190","D","08","D",37,"D",,"A",,"A",,"A",,"A",,"A",,"A",,"A",,"A",,"A"
"20134",2684763,4,0,"1",,"A","190","D","09","D",37,"D",,"A",,"A",,"A",,"A",,"A",,"A",,"A",,"A",,"A"
"20134",2685483,1,0,"1",,"A","190","D","09","D",106,"D",,"A",,"A",,"A",,"A",,"A",,"A",,"A",,"A",,"A"
"20134",2685873,4,0,"1",,"A","100","D","07","D",106,"D",,"A",,"A",,"A",,"A",,"A",,"A",,"A",,"A",,"A"
"20134",2685943,12,0,"1",,"A","130","D","09","D",350,"D",,"A",,"A",,"A",,"A",,"A",,"A",,"A",,"A",,"A"
"20134",2686023,4,0,"1",,"A","190","D","09","D",165,"D",,"A",,"A",,"A",,"A",,"A",,"A",,"A",,"A",,"A"
"20134",2686383,1,0,"1",,"A","190","D","09","D",15,"D",,"A",,"A",,"A",,"A",,"A",,"A",,"A",,"A",,"A"
"20134",2686493,8,0,"2",,"A","190","D","07","D",70,"D",,"A",,"A",,"A",,"A",,"A",,"A",,"A",,"A",,"A"
"20134",2686823,20,0,"1",,"A","200","D","08","D",750,"D",,"A",,"A",,"A",,"A",,"A",,"A",,"A",,"A",,"A"
"20134",2687043,3,0,"1",,"A","190","D","07","D",109,"D",,"A",,"A",,"A",,"A",,"A",,"A",,"A",,"A",,"A"
"20134",2687063,13,0,"1",,"A","110","D","09","D",90,"D",,"A",,"A",,"A",,"A",,"A",,"A",,"A",,"A",,"A"
"20134",2687423,5,0,"1",,"A","190","D","08","D",70,"D",,"A",,"A",,"A",,"A",,"A",,"A",,"A",,"A",,"A"
"20134",2687463,6,0,"2",,"A","130","D","07","D",50,"D",,"A",,"A",,"A",,"A",,"A",,"A",,"A",,"A",,"A"
"20134",2687473,4,0,"1",,"A","130","D","07","D",370,"D",,"A",,"A",,"A",,"A",,"A",,"A",,"A",,"A",,"A"
"20134",2687483,7,0,"1",,"A","190","D","08","D",120,"D",,"A",,"A",,"A",,"A",,"A",,"A",,"A",,"A",,"A"
"20134",2687503,12,0,"1",,"A","150","D","08","D",53,"D",,"A",,"A",,"A",,"A",,"A",,"A",,"A",,"A",,"A"
"20134",2687883,8,0,"1",,"A","190","D","07","D",50,"D",,"A",,"A",,"A",,"A",,"A",,"A",,"A",,"A",,"A"
"20134",2688463,10,0,"1",,"A","110","D","07","D",43,"D",,"A",,"A",,"A",,"A",,"A",,"A",,"A",,"A",,"A"
"20134",2688573,7,0,"1",,"A","120","D","09","D",4,"D",,"A",,"A",,"A",,"A",,"A",,"A",,"A",,"A",,"A"
"20134",2688813,3,0,"1",,"A","120","D","07","D",250,"D",,"A",,"A",,"A",,"A",,"A",,"A",,"A",,"A",,"A"
"20134",2688813,4,0,"2",,"A","110","D","07","D",21,"D",,"A",,"A",,"A",,"A",,"A",,"A",,"A",,"A",,"A"
"20134",2688913,1,0,"1",,"A","190","D","09","D",50,"D",,"A",,"A",,"A",,"A",,"A",,"A",,"A",,"A",,"A"
"20134",2688913,2,0,"2",,"A","190","D","07","D",50,"D",,"A",,"A",,"A",,"A",,"A",,"A",,"A",,"A",,"A"
"20134",2689493,4,0,"1",,"A","190","D","07","D",19,"D",,"A",,"A",,"A",,"A",,"A",,"A",,"A",,"A",,"A"
"20134",2689493,5,0,"1",,"A","190","D","08","D",19,"D",,"A",,"A",,"A",,"A",,"A",,"A",,"A",,"A",,"A"
"20134",2689493,6,0,"1",,"A","190","D","09","D",19,"D",,"A",,"A",,"A",,"A",,"A",,"A",,"A",,"A",,"A"
"20134",2689493,7,0,"2",,"A","190","D","07","D",19,"D",,"A",,"A",,"A",,"A",,"A",,"A",,"A",,"A",,"A"
"20134",2689883,12,0,"1",,"A","130","D","09","D",75,"D",,"A",,"A",,"A",,"A",,"A",,"A",,"A",,"A",,"A"
"20134",2690163,3,0,"1",,"A","200","D","08","D",250,"D",,"A",,"A",,"A",,"A",,"A",,"A",,"A",,"A",,"A"
"20134",2690543,9,0,"1",,"A","130","D","08","D",242,"D",,"A",,"A",,"A",,"A",,"A",,"A",,"A",,"A",,"A"
"20134",2690843,7,0,"1",,"A","110","D","07","D",30,"D",,"A",,"A",,"A",,"A",,"A",,"A",,"A",,"A",,"A"
"20134",2690843,8,0,"2",,"A","110","D","07","D",25,"D",,"A",,"A",,"A",,"A",,"A",,"A",,"A",,"A",,"A"
"20134",2690903,15,0,"1",,"A","190","D","07","D",71,"D",,"A",,"A",,"A",,"A",,"A",,"A",,"A",,"A",,"A"
"20134",2690903,16,0,"1",,"A","190","D","08","D",71,"D",,"A",,"A",,"A",,"A",,"A",,"A",,"A",,"A",,"A"
"20134",2691563,10,0,"1",,"A","190","D","10","D",59,"D",,"A",,"A",,"A",,"A",,"A",,"A",,"A",,"A",,"A"
"20134",2691563,11,0,"1",,"A","200","D","10","D",70,"D",,"A",,"A",,"A",,"A",,"A",,"A",,"A",,"A",,"A"
"20134",2691773,9,0,"1",,"A","130","D","08","D",139,"D",,"A",,"A",,"A",,"A",,"A",,"A",,"A",,"A",,"A"
"20134",2691773,10,0,"1",,"A","130","D","09","D",139,"D",,"A",,"A",,"A",,"A",,"A",,"A",,"A",,"A",,"A"
"20134",2691773,11,0,"1",,"A","130","D","10","D",139,"D",,"A",,"A",,"A",,"A",,"A",,"A",,"A",,"A",,"A"
"20134",2691773,12,0,"2",,"A","130","D","08","D",139,"D",,"A",,"A",,"A",,"A",,"A",,"A",,"A",,"A",,"A"
"20134",2691783,3,0,"1",,"A","190","D","08","D",159,"D",,"A",,"A",,"A",,"A",,"A",,"A",,"A",,"A",,"A"
"20134",2692373,7,0,"1",,"A","190","D","10","D",90,"D",,"A",,"A",,"A",,"A",,"A",,"A",,"A",,"A",,"A"
"20134",2692373,8,0,"2",,"A","190","D","08","D",99,"D",,"A",,"A",,"A",,"A",,"A",,"A",,"A",,"A",,"A"
"20134",2692743,4,0,"1",,"A","100","D","10","D",1,"D",,"A",,"A",,"A",,"A",,"A",,"A",,"A",,"A",,"A"
"20134",2693013,13,0,"1",,"A","130","D","09","D",268,"D",,"A",,"A",,"A",,"A",,"A",,"A",,"A",,"A",,"A"
"20134",2693093,28,0,"1",,"A","220","D","08","D",120,"D",,"A",,"A",,"A",,"A",,"A",,"A",,"A",,"A",,"A"
"20134",2693103,24,0,"2",,"A","100","D","08","D",9,"D",,"A",,"A",,"A",,"A",,"A",,"A",,"A",,"A",,"A"
"20134",2693333,11,0,"1",,"A","190","D","08","D",146,"D",,"A",,"A",,"A",,"A",,"A",,"A",,"A",,"A",,"A"
"20134",2693393,5,0,"1",,"A","110","D","08","D",30,"D",,"A",,"A",,"A",,"A",,"A",,"A",,"A",,"A",,"A"
"20134",2693393,6,0,"1",,"A","110","D","09","D",30,"D",,"A",,"A",,"A",,"A",,"A",,"A",,"A",,"A",,"A"
"20134",2693393,7,0,"1",,"A","110","D","10","D",30,"D",,"A",,"A",,"A",,"A",,"A",,"A",,"A",,"A",,"A"
"20134",2693393,8,0,"1",,"A","120","D","08","D",30,"D",,"A",,"A",,"A",,"A",,"A",,"A",,"A",,"A",,"A"
"20134",2693393,9,0,"1",,"A","120","D","09","D",30,"D",,"A",,"A",,"A",,"A",,"A",,"A",,"A",,"A",,"A"
"20134",2693393,10,0,"1",,"A","120","D","10","D",30,"D",,"A",,"A",,"A",,"A",,"A",,"A",,"A",,"A",,"A"
"20134",2693393,11,0,"2",,"A","100","D","08","D",30,"D",,"A",,"A",,"A",,"A",,"A",,"A",,"A",,"A",,"A"
"20134",2693423,5,0,"2",,"A","220","D","08","D",279,"D",,"A",,"A",,"A",,"A",,"A",,"A",,"A",,"A",,"A"
"20134",2694263,1,0,"2",,"A","190","D","08","D",86,"D",,"A",,"A",,"A",,"A",,"A",,"A",,"A",,"A",,"A"
"20134",2694533,7,0,"1",,"A","220","D","10","D",40,"D",,"A",,"A",,"A",,"A",,"A",,"A",,"A",,"A",,"A"
"20134",2694603,4,0,"1",,"A","110","D","10","D",300,"D",,"A",,"A",,"A",,"A",,"A",,"A",,"A",,"A",,"A"
"20134",2694653,19,0,"1",,"A","200","D","08","D",127,"D",,"A",,"A",,"A",,"A",,"A",,"A",,"A",,"A",,"A"
"20134",2695303,9,0,"1",,"A","190","D","09","D",104,"D",,"A",,"A",,"A",,"A",,"A",,"A",,"A",,"A",,"A"
"20134",2695623,10,0,"1",,"A","110","D","08","D",96,"D",,"A",,"A",,"A",,"A",,"A",,"A",,"A",,"A",,"A"
"20134",2695743,25,0,"1",,"A","130","D","08","D",20,"D",,"A",,"A",,"A",,"A",,"A",,"A",,"A",,"A",,"A"
"20134",2695903,10,0,"1",,"A","190","D","08","D",85,"D",,"A",,"A",,"A",,"A",,"A",,"A",,"A",,"A",,"A"
"20134",2696563,9,0,"1",,"A","110","D","10","D",168,"D",,"A",,"A",,"A",,"A",,"A",,"A",,"A",,"A",,"A"
"20134",2697043,5,0,"1",,"A","160","D","10","D",194,"D",,"A",,"A",,"A",,"A",,"A",,"A",,"A",,"A",,"A"
"20134",2697593,8,0,"1",,"A","190","D","10","D",88,"D",,"A",,"A",,"A",,"A",,"A",,"A",,"A",,"A",,"A"
"20134",2697803,16,0,"1",,"A","200","D","08","D",10,"D",,"A",,"A",,"A",,"A",,"A",,"A",,"A",,"A",,"A"
"20134",2697803,17,0,"1",,"A","200","D","09","D",10,"D",,"A",,"A",,"A",,"A",,"A",,"A",,"A",,"A",,"A"
"20134",2697803,18,0,"1",,"A","200","D","10","D",10,"D",,"A",,"A",,"A",,"A",,"A",,"A",,"A",,"A",,"A"
"20134",2698193,3,0,"1",,"A","190","D","09","D",125,"D",,"A",,"A",,"A",,"A",,"A",,"A",,"A",,"A",,"A"
"20134",2698193,4,0,"1",,"A","220","D","10","D",259,"D",,"A",,"A",,"A",,"A",,"A",,"A",,"A",,"A",,"A"
"20134",2698393,18,0,"1",,"A","190","D","08","D",47,"D",,"A",,"A",,"A",,"A",,"A",,"A",,"A",,"A",,"A"
"20134",2698393,19,0,"1",,"A","190","D","09","D",47,"D",,"A",,"A",,"A",,"A",,"A",,"A",,"A",,"A",,"A"
"20134",2698393,20,0,"1",,"A","190","D","10","D",47,"D",,"A",,"A",,"A",,"A",,"A",,"A",,"A",,"A",,"A"
"20134",2698393,21,0,"2",,"A","190","D","08","D",47,"D",,"A",,"A",,"A",,"A",,"A",,"A",,"A",,"A",,"A"
"20134",2698393,22,0,"2",,"A","130","D","08","D",170,"D",,"A",,"A",,"A",,"A",,"A",,"A",,"A",,"A",,"A"
"20134",2698493,15,0,"1",,"A","190","D","08","D",52,"D",,"A",,"A",,"A",,"A",,"A",,"A",,"A",,"A",,"A"
"20134",2698493,16,0,"1",,"A","190","D","10","D",52,"D",,"A",,"A",,"A",,"A",,"A",,"A",,"A",,"A",,"A"
"20134",2699033,10,0,"1",,"A","190","D","08","D",99,"D",,"A",,"A",,"A",,"A",,"A",,"A",,"A",,"A",,"A"
"20134",2699033,11,0,"1",,"A","220","D","09","D",150,"D",,"A",,"A",,"A",,"A",,"A",,"A",,"A",,"A",,"A"
"20134",2699273,5,0,"1",,"A","190","D","10","D",81,"D",,"A",,"A",,"A",,"A",,"A",,"A",,"A",,"A",,"A"
"20134",2699303,38,0,"1",,"A","130","D","10","D",30,"D",,"A",,"A",,"A",,"A",,"A",,"A",,"A",,"A",,"A"
"20134",2699813,31,0,"2",,"A","120","D","08","D",103,"D",,"A",,"A",,"A",,"A",,"A",,"A",,"A",,"A",,"A"
"20134",2700533,11,0,"1",,"A","190","D","09","D",100,"D",,"A",,"A",,"A",,"A",,"A",,"A",,"A",,"A",,"A"
"20134",2700893,10,0,"1",,"A","190","D","09","D",33,"D",,"A",,"A",,"A",,"A",,"A",,"A",,"A",,"A",,"A"
"20134",2700893,11,0,"1",,"A","190","D","10","D",33,"D",,"A",,"A",,"A",,"A",,"A",,"A",,"A",,"A",,"A"
"20134",2701203,8,0,"1",,"A","130","D","10","D",40,"D",,"A",,"A",,"A",,"A",,"A",,"A",,"A",,"A",,"A"
"20134",2701713,7,0,"1",,"A","190","D","08","D",37,"D",,"A",,"A",,"A",,"A",,"A",,"A",,"A",,"A",,"A"
"20134",2701713,8,0,"1",,"A","190","D","09","D",37,"D",,"A",,"A",,"A",,"A",,"A",,"A",,"A",,"A",,"A"
"20134",2701713,9,0,"1",,"A","190","D","10","D",37,"D",,"A",,"A",,"A",,"A",,"A",,"A",,"A",,"A",,"A"
"20134",2701713,10,0,"2",,"A","190","D","08","D",37,"D",,"A",,"A",,"A",,"A",,"A",,"A",,"A",,"A",,"A"
"20134",2701733,5,0,"1",,"A","220","D","10","D",100,"D",,"A",,"A",,"A",,"A",,"A",,"A",,"A",,"A",,"A"
"20134",2701813,8,0,"1",,"A","190","D","10","D",50,"D",,"A",,"A",,"A",,"A",,"A",,"A",,"A",,"A",,"A"
"20134",2702003,4,0,"1",,"A","190","D","10","D",97,"D",,"A",,"A",,"A",,"A",,"A",,"A",,"A",,"A",,"A"
"20134",2702003,5,0,"1",,"A","200","D","08","D",120,"D",,"A",,"A",,"A",,"A",,"A",,"A",,"A",,"A",,"A"
"20134",2702053,10,0,"1",,"A","190","D","08","D",6,"D",,"A",,"A",,"A",,"A",,"A",,"A",,"A",,"A",,"A"
"20134",2702663,27,0,"1",,"A","200","D","11","D",206,"D",,"A",,"A",,"A",,"A",,"A",,"A",,"A",,"A",,"A"
"20134",2703033,20,0,"1",,"A","200","D","09","D",86,"D",,"A",,"A",,"A",,"A",,"A",,"A",,"A",,"A",,"A"
"20134",2703073,3,0,"1",,"A","220","D","11","D",146,"D",,"A",,"A",,"A",,"A",,"A",,"A",,"A",,"A",,"A"
"20134",2703113,2,0,"2",,"A","190","D","09","D",40,"D",,"A",,"A",,"A",,"A",,"A",,"A",,"A",,"A",,"A"
"20134",2703403,10,0,"1",,"A","110","D","11","D",10,"D",,"A",,"A",,"A",,"A",,"A",,"A",,"A",,"A",,"A"
"20134",2704523,2,0,"1",,"A","190","D","10","D",100,"D",,"A",,"A",,"A",,"A",,"A",,"A",,"A",,"A",,"A"
"20134",2704613,11,0,"1",,"A","190","D","09","D",120,"D",,"A",,"A",,"A",,"A",,"A",,"A",,"A",,"A",,"A"
"20134",2704783,7,0,"1",,"A","190","D","10","D",244,"D",,"A",,"A",,"A",,"A",,"A",,"A",,"A",,"A",,"A"
"20134",2705043,8,0,"2",,"A","190","D","09","D",104,"D",,"A",,"A",,"A",,"A",,"A",,"A",,"A",,"A",,"A"
"20134",2705093,17,0,"1",,"A","190","D","10","D",80,"D",,"A",,"A",,"A",,"A",,"A",,"A",,"A",,"A",,"A"
"20134",2705293,10,0,"1",,"A","110","D","10","D",300,"D",,"A",,"A",,"A",,"A",,"A",,"A",,"A",,"A",,"A"
"20134",2705453,11,0,"1",,"A","190","D","10","D",74,"D",,"A",,"A",,"A",,"A",,"A",,"A",,"A",,"A",,"A"
"20134",2705453,12,0,"1",,"A","190","D","11","D",74,"D",,"A",,"A",,"A",,"A",,"A",,"A",,"A",,"A",,"A"
"20134",2705453,13,0,"2",,"A","190","D","09","D",74,"D",,"A",,"A",,"A",,"A",,"A",,"A",,"A",,"A",,"A"
"20134",2705483,3,0,"1",,"A","120","D","11","D",300,"D",,"A",,"A",,"A",,"A",,"A",,"A",,"A",,"A",,"A"
"20134",2705543,7,0,"1",,"A","190","D","09","D",102,"D",,"A",,"A",,"A",,"A",,"A",,"A",,"A",,"A",,"A"
"20134",2705543,8,0,"2",,"A","115","D","09","D",.,"H","110","D","100","D",,"A",,"A",,"A",,"A",,"A",,"A",,"A"
"20134",2705543,8,1,"2",,"A","110","D","09","D",79,"E",,"A",,"A",,"A",,"A",,"A",,"A",,"A",,"A",,"A"
"20134",2705543,8,2,"2",,"A","100","D","09","D",321,"E",,"A",,"A",,"A",,"A",,"A",,"A",,"A",,"A",,"A"
"20134",2705803,3,0,"1",,"A","190","D","10","D",66,"D",,"A",,"A",,"A",,"A",,"A",,"A",,"A",,"A",,"A"
"20134",2706043,14,0,"1",,"A","200","D","10","D",209,"D",,"A",,"A",,"A",,"A",,"A",,"A",,"A",,"A",,"A"
"20134",2706053,3,0,"1",,"A","200","D","10","D",90,"D",,"A",,"A",,"A",,"A",,"A",,"A",,"A",,"A",,"A"
"20134",2706273,3,0,"1",,"A","200","D","10","D",200,"D",,"A",,"A",,"A",,"A",,"A",,"A",,"A",,"A",,"A"
"20134",2706283,12,0,"1",,"A","190","D","09","D",30,"D",,"A",,"A",,"A",,"A",,"A",,"A",,"A",,"A",,"A"
"20134",2706283,13,0,"1",,"A","190","D","10","D",30,"D",,"A",,"A",,"A",,"A",,"A",,"A",,"A",,"A",,"A"
"20134",2706283,14,0,"1",,"A","190","D","11","D",30,"D",,"A",,"A",,"A",,"A",,"A",,"A",,"A",,"A",,"A"
"20134",2706543,5,0,"1",,"A","190","D","09","D",60,"D",,"A",,"A",,"A",,"A",,"A",,"A",,"A",,"A",,"A"
"20134",2706543,6,0,"1",,"A","190","D","10","D",60,"D",,"A",,"A",,"A",,"A",,"A",,"A",,"A",,"A",,"A"
"20134",2706543,7,0,"1",,"A","190","D","11","D",60,"D",,"A",,"A",,"A",,"A",,"A",,"A",,"A",,"A",,"A"
"20134",2706743,6,0,"1",,"A","190","D","10","D",104,"D",,"A",,"A",,"A",,"A",,"A",,"A",,"A",,"A",,"A"
"20134",2706883,6,0,"1",,"A","130","D","11","D",287,"D",,"A",,"A",,"A",,"A",,"A",,"A",,"A",,"A",,"A"
"20134",2706953,2,0,"1",,"A","190","D","11","D",88,"D",,"A",,"A",,"A",,"A",,"A",,"A",,"A",,"A",,"A"
"20134",2707283,11,0,"1",,"A","220","D","09","D",225,"D",,"A",,"A",,"A",,"A",,"A",,"A",,"A",,"A",,"A"
"20134",2707493,6,0,"1",,"A","190","D","10","D",150,"D",,"A",,"A",,"A",,"A",,"A",,"A",,"A",,"A",,"A"
"20134",2707763,12,0,"1",,"A","190","D","11","D",298,"D",,"A",,"A",,"A",,"A",,"A",,"A",,"A",,"A",,"A"
"20134",2708233,9,0,"1",,"A","190","D","09","D",27,"D",,"A",,"A",,"A",,"A",,"A",,"A",,"A",,"A",,"A"
"20134",2708233,10,0,"1",,"A","190","D","10","D",27,"D",,"A",,"A",,"A",,"A",,"A",,"A",,"A",,"A",,"A"
"20134",2708233,11,0,"1",,"A","190","D","11","D",27,"D",,"A",,"A",,"A",,"A",,"A",,"A",,"A",,"A",,"A"
"20134",2708343,11,0,"1",,"A","190","D","09","D",33,"D",,"A",,"A",,"A",,"A",,"A",,"A",,"A",,"A",,"A"
"20134",2708343,12,0,"1",,"A","190","D","10","D",33,"D",,"A",,"A",,"A",,"A",,"A",,"A",,"A",,"A",,"A"
"20134",2708343,13,0,"1",,"A","190","D","11","D",33,"D",,"A",,"A",,"A",,"A",,"A",,"A",,"A",,"A",,"A"
"20134",2708713,8,0,"1",,"A","110","D","11","D",100,"D",,"A",,"A",,"A",,"A",,"A",,"A",,"A",,"A",,"A"
"20134",2709143,1,0,"1",,"A","190","D","10","D",81,"D",,"A",,"A",,"A",,"A",,"A",,"A",,"A",,"A",,"A"
"20134",2709153,3,0,"1",,"A","130","D","11","D",75,"D",,"A",,"A",,"A",,"A",,"A",,"A",,"A",,"A",,"A"
"20134",2709403,6,0,"1",,"A","220","D","10","D",400,"D",,"A",,"A",,"A",,"A",,"A",,"A",,"A",,"A",,"A"
"20134",2709683,12,0,"1",,"A","110","D","11","D",80,"D",,"A",,"A",,"A",,"A",,"A",,"A",,"A",,"A",,"A"
"20134",2709733,2,0,"1",,"A","190","D","11","D",30,"D",,"A",,"A",,"A",,"A",,"A",,"A",,"A",,"A",,"A"
"20134",2709773,11,0,"1",,"A","130","D","11","D",148,"D",,"A",,"A",,"A",,"A",,"A",,"A",,"A",,"A",,"A"
"20134",2710023,8,0,"2",,"A","200","D","09","D",85,"D",,"A",,"A",,"A",,"A",,"A",,"A",,"A",,"A",,"A"
"20134",2710223,1,0,"1",,"A","190","D","09","D",35,"D",,"A",,"A",,"A",,"A",,"A",,"A",,"A",,"A",,"A"
"20134",2710223,2,0,"1",,"A","190","D","10","D",35,"D",,"A",,"A",,"A",,"A",,"A",,"A",,"A",,"A",,"A"
"20134",2710223,3,0,"1",,"A","190","D","11","D",35,"D",,"A",,"A",,"A",,"A",,"A",,"A",,"A",,"A",,"A"
"20134",2710223,4,0,"2",,"A","190","D","09","D",35,"D",,"A",,"A",,"A",,"A",,"A",,"A",,"A",,"A",,"A"
"20134",2710303,6,0,"2",,"A","110","D","09","D",80,"D",,"A",,"A",,"A",,"A",,"A",,"A",,"A",,"A",,"A"
"20134",2710363,4,0,"1",,"A","190","D","10","D",900,"D",,"A",,"A",,"A",,"A",,"A",,"A",,"A",,"A",,"A"
"20134",2710593,2,0,"1",,"A","200","D","09","D",20,"D",,"A",,"A",,"A",,"A",,"A",,"A",,"A",,"A",,"A"
"20134",2710593,3,0,"1",,"A","200","D","10","D",20,"D",,"A",,"A",,"A",,"A",,"A",,"A",,"A",,"A",,"A"
"20134",2710593,4,0,"1",,"A","200","D","11","D",20,"D",,"A",,"A",,"A",,"A",,"A",,"A",,"A",,"A",,"A"
"20134",2710833,8,0,"2",,"A","190","D","09","D",35,"D",,"A",,"A",,"A",,"A",,"A",,"A",,"A",,"A",,"A"
"20134",2710843,4,0,"1",,"A","200","D","11","D",66,"D",,"A",,"A",,"A",,"A",,"A",,"A",,"A",,"A",,"A"
"20134",2710873,9,0,"1",,"A","120","D","10","D",600,"D",,"A",,"A",,"A",,"A",,"A",,"A",,"A",,"A",,"A"
"20134",2710893,7,0,"1",,"A","110","D","10","D",321,"D",,"A",,"A",,"A",,"A",,"A",,"A",,"A",,"A",,"A"
"20134",2711053,1,0,"1",,"A","190","D","09","D",20,"D",,"A",,"A",,"A",,"A",,"A",,"A",,"A",,"A",,"A"
"20134",2711053,2,0,"1",,"A","190","D","10","D",20,"D",,"A",,"A",,"A",,"A",,"A",,"A",,"A",,"A",,"A"
"20134",2711053,3,0,"1",,"A","190","D","11","D",20,"D",,"A",,"A",,"A",,"A",,"A",,"A",,"A",,"A",,"A"
"20134",2711403,3,0,"2",,"A","110","D","09","D",300,"D",,"A",,"A",,"A",,"A",,"A",,"A",,"A",,"A",,"A"
"20134",2711843,5,0,"1",,"A","200","D","10","D",233,"D",,"A",,"A",,"A",,"A",,"A",,"A",,"A",,"A",,"A"
"20134",2711893,22,0,"1",,"A","110","D","09","D",150,"D",,"A",,"A",,"A",,"A",,"A",,"A",,"A",,"A",,"A"
"20134",2712743,2,0,"2",,"A","190","D","09","D",129,"D",,"A",,"A",,"A",,"A",,"A",,"A",,"A",,"A",,"A"
"20134",2712763,2,0,"1",,"A","200","D","10","D",80,"D",,"A",,"A",,"A",,"A",,"A",,"A",,"A",,"A",,"A"
"20134",2712803,6,0,"1",,"A","110","D","09","D",147,"D",,"A",,"A",,"A",,"A",,"A",,"A",,"A",,"A",,"A"
"20134",2713203,16,0,"1",,"A","110","D","11","D",68,"D",,"A",,"A",,"A",,"A",,"A",,"A",,"A",,"A",,"A"
"20134",2713283,2,0,"1",,"A","220","D","09","D",53,"D",,"A",,"A",,"A",,"A",,"A",,"A",,"A",,"A",,"A"
"20134",2713842,8,0,"1",,"A","190","D","09","D",100,"D",,"A",,"A",,"A",,"A",,"A",,"A",,"A",,"A",,"A"
"20134",2714062,5,0,"1",,"A","120","D","09","D",29,"D",,"A",,"A",,"A",,"A",,"A",,"A",,"A",,"A",,"A"
"20134",2714402,6,0,"1",,"A","110","D","09","D",260,"D",,"A",,"A",,"A",,"A",,"A",,"A",,"A",,"A",,"A"
"20134",2714462,15,0,"1",,"A","220","D","08","D",1,"D",,"A",,"A",,"A",,"A",,"A",,"A",,"A",,"A",,"A"
"20134",2714982,6,0,"1",,"A","110","D","08","D",33,"D",,"A",,"A",,"A",,"A",,"A",,"A",,"A",,"A",,"A"
"20134",2715322,12,0,"2",,"A","190","D","07","D",40,"D",,"A",,"A",,"A",,"A",,"A",,"A",,"A",,"A",,"A"
"20134",2715442,11,0,"1",,"A","110","D","07","D",42,"D",,"A",,"A",,"A",,"A",,"A",,"A",,"A",,"A",,"A"
"20134",2715442,12,0,"1",,"A","110","D","08","D",42,"D",,"A",,"A",,"A",,"A",,"A",,"A",,"A",,"A",,"A"
"20134",2715442,13,0,"1",,"A","110","D","09","D",42,"D",,"A",,"A",,"A",,"A",,"A",,"A",,"A",,"A",,"A"
"20134",2715572,11,0,"1",,"A","220","D","07","D",217,"D",,"A",,"A",,"A",,"A",,"A",,"A",,"A",,"A",,"A"
"20134",2715572,12,0,"1",,"A","190","D","07","D",47,"D",,"A",,"A",,"A",,"A",,"A",,"A",,"A",,"A",,"A"
"20134",2716162,12,0,"1",,"A","200","D","08","D",1300,"D","200","D",,"A",,"A",,"A",,"A",,"A",,"A",,"A",,"A"
"20134",2716182,4,0,"1",,"A","110","D","09","D",98,"D",,"A",,"A",,"A",,"A",,"A",,"A",,"A",,"A",,"A"
"20134",2716462,4,0,"1",,"A","190","D","08","D",64,"D",,"A",,"A",,"A",,"A",,"A",,"A",,"A",,"A",,"A"
"20134",2716572,7,0,"2",,"A","200","D","07","D",175,"D",,"A",,"A",,"A",,"A",,"A",,"A",,"A",,"A",,"A"
"20134",2716572,8,0,"2",,"A","190","D","07","D",50,"D",,"A",,"A",,"A",,"A",,"A",,"A",,"A",,"A",,"A"
"20134",2716762,9,0,"1",,"A","190","D","09","D",92,"D",,"A",,"A",,"A",,"A",,"A",,"A",,"A",,"A",,"A"
"20134",2717152,5,0,"1",,"A","190","D","09","D",39,"D",,"A",,"A",,"A",,"A",,"A",,"A",,"A",,"A",,"A"
"20134",2717383,17,0,"1",,"A","120","D","08","D",50,"D",,"A",,"A",,"A",,"A",,"A",,"A",,"A",,"A",,"A"
"20134",2717402,5,0,"1",,"A","190","D","09","D",65,"D",,"A",,"A",,"A",,"A",,"A",,"A",,"A",,"A",,"A"
"20134",2717672,3,0,"1",,"A","190","D","09","D",67,"D",,"A",,"A",,"A",,"A",,"A",,"A",,"A",,"A",,"A"
"20134",2717832,9,0,"1",,"A","190","D","09","D",90,"D",,"A",,"A",,"A",,"A",,"A",,"A",,"A",,"A",,"A"
"20134",2718002,16,0,"1",,"A","110","D","07","D",300,"D",,"A",,"A",,"A",,"A",,"A",,"A",,"A",,"A",,"A"
"20134",2718082,9,0,"1",,"A","220","D","07","D",200,"D",,"A",,"A",,"A",,"A",,"A",,"A",,"A",,"A",,"A"
"20134",2718302,14,0,"1",,"A","130","D","08","D",30,"D",,"A",,"A",,"A",,"A",,"A",,"A",,"A",,"A",,"A"
"20134",2718982,8,0,"1",,"A","190","D","09","D",950,"D",,"A",,"A",,"A",,"A",,"A",,"A",,"A",,"A",,"A"
"20134",2719322,14,0,"2",,"A","200","D","07","D",8,"D",,"A",,"A",,"A",,"A",,"A",,"A",,"A",,"A",,"A"
"20134",2719492,8,0,"1",,"A","200","D","07","D",250,"D",,"A",,"A",,"A",,"A",,"A",,"A",,"A",,"A",,"A"
"20134",2719872,24,0,"1",,"A","220","D","09","D",500,"D",,"A",,"A",,"A",,"A",,"A",,"A",,"A",,"A",,"A"
"20134",2719872,25,0,"2",,"A","190","D","07","D",65,"D",,"A",,"A",,"A",,"A",,"A",,"A",,"A",,"A",,"A"
"20134",2720102,8,0,"1",,"A","130","D","07","D",43,"D",,"A",,"A",,"A",,"A",,"A",,"A",,"A",,"A",,"A"
"20134",2720212,10,0,"1",,"A","200","D","08","D",175,"D",,"A",,"A",,"A",,"A",,"A",,"A",,"A",,"A",,"A"
"20134",2720212,11,0,"1",,"A","200","D","09","D",165,"D",,"A",,"A",,"A",,"A",,"A",,"A",,"A",,"A",,"A"
"20134",2720332,2,0,"1",,"A","190","D","09","D",75,"D",,"A",,"A",,"A",,"A",,"A",,"A",,"A",,"A",,"A"
"20134",2720362,2,0,"1",,"A","110","D","07","D",60,"D",,"A",,"A",,"A",,"A",,"A",,"A",,"A",,"A",,"A"
"20134",2720372,8,0,"1",,"A","200","D","07","D",29,"D",,"A",,"A",,"A",,"A",,"A",,"A",,"A",,"A",,"A"
"20134",2720372,9,0,"1",,"A","200","D","08","D",29,"D",,"A",,"A",,"A",,"A",,"A",,"A",,"A",,"A",,"A"
"20134",2720372,10,0,"1",,"A","200","D","09","D",29,"D",,"A",,"A",,"A",,"A",,"A",,"A",,"A",,"A",,"A"
"20134",2720862,11,0,"1",,"A","110","D","08","D",150,"D",,"A",,"A",,"A",,"A",,"A",,"A",,"A",,"A",,"A"
"20134",2720912,4,0,"1",,"A","190","D","07","D",250,"D",,"A",,"A",,"A",,"A",,"A",,"A",,"A",,"A",,"A"
"20134",2721272,7,0,"1",,"A","130","D","07","D",67,"D",,"A",,"A",,"A",,"A",,"A",,"A",,"A",,"A",,"A"
"20134",2721362,12,0,"1",,"A","200","D","08","D",216,"D",,"A",,"A",,"A",,"A",,"A",,"A",,"A",,"A",,"A"
"20134",2721612,3,0,"2",,"A","200","D","07","D",200,"D",,"A",,"A",,"A",,"A",,"A",,"A",,"A",,"A",,"A"
"20134",2722042,11,0,"1",,"A","220","D","07","D",25,"D",,"A",,"A",,"A",,"A",,"A",,"A",,"A",,"A",,"A"
"20134",2723782,1,0,"1",,"A","190","D","09","D",62,"D",,"A",,"A",,"A",,"A",,"A",,"A",,"A",,"A",,"A"
"20134",2723842,8,0,"1",,"A","130","D","07","D",100,"D",,"A",,"A",,"A",,"A",,"A",,"A",,"A",,"A",,"A"
"20134",2723842,9,0,"1",,"A","190","D","07","D",90,"D",,"A",,"A",,"A",,"A",,"A",,"A",,"A",,"A",,"A"
"20134",2723892,11,0,"1",,"A","130","D","07","D",77,"D",,"A",,"A",,"A",,"A",,"A",,"A",,"A",,"A",,"A"
"20134",2724012,1,0,"1",,"A","190","D","09","D",60,"D",,"A",,"A",,"A",,"A",,"A",,"A",,"A",,"A",,"A"
"20134",2724302,4,0,"1",,"A","200","D","07","D",300,"D",,"A",,"A",,"A",,"A",,"A",,"A",,"A",,"A",,"A"
"20134",2724352,8,0,"1",,"A","200","D","07","D",25,"D",,"A",,"A",,"A",,"A",,"A",,"A",,"A",,"A",,"A"
"20134",2724352,9,0,"1",,"A","200","D","08","D",25,"D",,"A",,"A",,"A",,"A",,"A",,"A",,"A",,"A",,"A"
"20134",2724352,10,0,"1",,"A","200","D","09","D",25,"D",,"A",,"A",,"A",,"A",,"A",,"A",,"A",,"A",,"A"
"20134",2724732,16,0,"1",,"A","220","D","08","D",189,"D",,"A",,"A",,"A",,"A",,"A",,"A",,"A",,"A",,"A"
"20134",2724732,17,0,"1",,"A","110","D","07","D",20,"D",,"A",,"A",,"A",,"A",,"A",,"A",,"A",,"A",,"A"
"20134",2724732,18,0,"1",,"A","220","D","07","D",49,"D",,"A",,"A",,"A",,"A",,"A",,"A",,"A",,"A",,"A"
"20134",2724732,19,0,"1",,"A","110","D","08","D",30,"D",,"A",,"A",,"A",,"A",,"A",,"A",,"A",,"A",,"A"
"20134",2725062,4,0,"1",,"A","190","D","08","D",135,"D",,"A",,"A",,"A",,"A",,"A",,"A",,"A",,"A",,"A"
"20134",2725092,9,0,"1",,"A","120","D","09","D",275,"D",,"A",,"A",,"A",,"A",,"A",,"A",,"A",,"A",,"A"
"20134",2725412,14,0,"1",,"A","110","D","10","D",25,"D",,"A",,"A",,"A",,"A",,"A",,"A",,"A",,"A",,"A"
"20134",2725622,3,0,"1",,"A","200","D","09","D",500,"D","110","D",,"A",,"A",,"A",,"A",,"A",,"A",,"A",,"A"
"20134",2725852,3,0,"1",,"A","190","D","08","D",30,"D",,"A",,"A",,"A",,"A",,"A",,"A",,"A",,"A",,"A"
"20134",2725992,4,0,"1",,"A","200","D","08","D",24,"D",,"A",,"A",,"A",,"A",,"A",,"A",,"A",,"A",,"A"
"20134",2725992,5,0,"1",,"A","200","D","09","D",24,"D",,"A",,"A",,"A",,"A",,"A",,"A",,"A",,"A",,"A"
"20134",2725992,6,0,"1",,"A","200","D","10","D",24,"D",,"A",,"A",,"A",,"A",,"A",,"A",,"A",,"A",,"A"
"20134",2725992,7,0,"1",,"A","190","D","09","D",27,"D",,"A",,"A",,"A",,"A",,"A",,"A",,"A",,"A",,"A"
"20134",2725992,8,0,"2",,"A","200","D","08","D",39,"D",,"A",,"A",,"A",,"A",,"A",,"A",,"A",,"A",,"A"
"20134",2725992,9,0,"2",,"A","190","D","08","D",32,"D",,"A",,"A",,"A",,"A",,"A",,"A",,"A",,"A",,"A"
"20134",2726132,26,0,"1",,"A","140","D","08","D",43,"D",,"A",,"A",,"A",,"A",,"A",,"A",,"A",,"A",,"A"
"20134",2726132,27,0,"1",,"A","110","D","08","D",10,"D",,"A",,"A",,"A",,"A",,"A",,"A",,"A",,"A",,"A"
"20134",2726342,11,0,"2",,"A","190","D","08","D",37,"D",,"A",,"A",,"A",,"A",,"A",,"A",,"A",,"A",,"A"
"20134",2726652,6,0,"1",,"A","120","D","10","D",122,"F",,"A",,"A",,"A",,"A",,"A",,"A",,"A",,"A",,"A"
"20134",2726682,5,0,"1",,"A","200","D","09","D",260,"D",,"A",,"A",,"A",,"A",,"A",,"A",,"A",,"A",,"A"
"20134",2727322,7,0,"1",,"A","190","D","09","D",80,"D",,"A",,"A",,"A",,"A",,"A",,"A",,"A",,"A",,"A"
"20134",2727972,5,0,"1",,"A","100","D","09","D",55,"D",,"A",,"A",,"A",,"A",,"A",,"A",,"A",,"A",,"A"
"20134",2728092,6,0,"1",,"A","100","D","09","D",251,"D",,"A",,"A",,"A",,"A",,"A",,"A",,"A",,"A",,"A"
"20134",2728172,8,0,"1",,"A","100","D","09","D",636,"D",,"A",,"A",,"A",,"A",,"A",,"A",,"A",,"A",,"A"
"20134",2728172,9,0,"1",,"A","190","D","08","D",83,"D",,"A",,"A",,"A",,"A",,"A",,"A",,"A",,"A",,"A"
"20134",2728172,10,0,"1",,"A","190","D","10","D",83,"D",,"A",,"A",,"A",,"A",,"A",,"A",,"A",,"A",,"A"
"20134",2728182,6,0,"1",,"A","190","D","08","D",30,"D",,"A",,"A",,"A",,"A",,"A",,"A",,"A",,"A",,"A"
"20134",2728182,7,0,"1",,"A","190","D","09","D",30,"D",,"A",,"A",,"A",,"A",,"A",,"A",,"A",,"A",,"A"
"20134",2728182,8,0,"1",,"A","190","D","10","D",30,"D",,"A",,"A",,"A",,"A",,"A",,"A",,"A",,"A",,"A"
"20134",2728352,4,0,"1",,"A","130","D","08","D",59,"D",,"A",,"A",,"A",,"A",,"A",,"A",,"A",,"A",,"A"
"20134",2728502,6,0,"1",,"A","190","D","08","D",100,"D",,"A",,"A",,"A",,"A",,"A",,"A",,"A",,"A",,"A"
"20134",2728792,8,0,"1",,"A","100","D","09","D",209,"D",,"A",,"A",,"A",,"A",,"A",,"A",,"A",,"A",,"A"
"20134",2728822,8,0,"1",,"A","190","D","09","D",135,"D",,"A",,"A",,"A",,"A",,"A",,"A",,"A",,"A",,"A"
"20134",2728962,11,0,"2",,"A","110","D","08","D",1400,"D",,"A",,"A",,"A",,"A",,"A",,"A",,"A",,"A",,"A"
"20134",2729122,4,0,"1",,"A","120","D","10","D",100,"D",,"A",,"A",,"A",,"A",,"A",,"A",,"A",,"A",,"A"
"20134",2729282,8,0,"1",,"A","220","D","09","D",200,"D",,"A",,"A",,"A",,"A",,"A",,"A",,"A",,"A",,"A"
"20134",2729402,5,0,"2",,"A","200","D","08","D",24,"D",,"A",,"A",,"A",,"A",,"A",,"A",,"A",,"A",,"A"
"20134",2729502,1,0,"1",,"A","190","D","09","D",125,"D",,"A",,"A",,"A",,"A",,"A",,"A",,"A",,"A",,"A"
"20134",2729682,13,0,"1",,"A","110","D","10","D",85,"D",,"A",,"A",,"A",,"A",,"A",,"A",,"A",,"A",,"A"
"20134",2729682,14,0,"1",,"A","200","D","10","D",600,"D",,"A",,"A",,"A",,"A",,"A",,"A",,"A",,"A",,"A"
"20134",2729952,15,0,"1",,"A","220","D","10","D",10,"D",,"A",,"A",,"A",,"A",,"A",,"A",,"A",,"A",,"A"
"20134",2730422,4,0,"1",,"A","190","D","10","D",85,"D",,"A",,"A",,"A",,"A",,"A",,"A",,"A",,"A",,"A"
"20134",2730882,16,0,"1",,"A","110","D","10","D",150,"D",,"A",,"A",,"A",,"A",,"A",,"A",,"A",,"A",,"A"
"20134",2730912,5,0,"1",,"A","190","D","10","D",79,"D",,"A",,"A",,"A",,"A",,"A",,"A",,"A",,"A",,"A"
"20134",2731442,3,0,"1",,"A","200","D","10","D",70,"D",,"A",,"A",,"A",,"A",,"A",,"A",,"A",,"A",,"A"
"20134",2731472,2,0,"1",,"A","110","D","08","D",3,"D",,"A",,"A",,"A",,"A",,"A",,"A",,"A",,"A",,"A"
"20134",2731472,3,0,"1",,"A","110","D","09","D",3,"D",,"A",,"A",,"A",,"A",,"A",,"A",,"A",,"A",,"A"
"20134",2731472,4,0,"1",,"A","110","D","10","D",3,"D",,"A",,"A",,"A",,"A",,"A",,"A",,"A",,"A",,"A"
"20134",2731472,5,0,"2",,"A","110","D","08","D",3,"D",,"A",,"A",,"A",,"A",,"A",,"A",,"A",,"A",,"A"
"20134",2731752,12,0,"1",,"A","110","D","10","D",268,"D",,"A",,"A",,"A",,"A",,"A",,"A",,"A",,"A",,"A"
"20134",2731852,6,0,"2",,"A","190","D","08","D",268,"D",,"A",,"A",,"A",,"A",,"A",,"A",,"A",,"A",,"A"
"20134",2732402,4,0,"1",,"A","190","D","10","D",30,"D",,"A",,"A",,"A",,"A",,"A",,"A",,"A",,"A",,"A"
"20134",2732402,5,0,"1",,"A","110","D","09","D",130,"D",,"A",,"A",,"A",,"A",,"A",,"A",,"A",,"A",,"A"
"20134",2732592,2,0,"1",,"A","190","D","10","D",118,"D",,"A",,"A",,"A",,"A",,"A",,"A",,"A",,"A",,"A"
"20134",2733052,3,0,"1",,"A","190","D","10","D",65,"D",,"A",,"A",,"A",,"A",,"A",,"A",,"A",,"A",,"A"
"20134",2733292,7,0,"1",,"A","190","D","09","D",200,"D",,"A",,"A",,"A",,"A",,"A",,"A",,"A",,"A",,"A"
"20134",2733292,8,0,"2",,"A","190","D","08","D",108,"D",,"A",,"A",,"A",,"A",,"A",,"A",,"A",,"A",,"A"
"20134",2733572,17,0,"1",,"A","130","D","08","D",107,"D",,"A",,"A",,"A",,"A",,"A",,"A",,"A",,"A",,"A"
"20134",2733572,18,0,"1",,"A","130","D","09","D",107,"D",,"A",,"A",,"A",,"A",,"A",,"A",,"A",,"A",,"A"
"20134",2733572,19,0,"1",,"A","130","D","10","D",107,"D",,"A",,"A",,"A",,"A",,"A",,"A",,"A",,"A",,"A"
"20134",2733572,20,0,"1",,"A","190","D","09","D",43,"D",,"A",,"A",,"A",,"A",,"A",,"A",,"A",,"A",,"A"
"20134",2733622,8,0,"1",,"A","190","D","09","D",90,"D",,"A",,"A",,"A",,"A",,"A",,"A",,"A",,"A",,"A"
"20134",2733622,9,0,"1",,"A","190","D","10","D",90,"D",,"A",,"A",,"A",,"A",,"A",,"A",,"A",,"A",,"A"
"20134",2733622,10,0,"2",,"A","190","D","08","D",90,"D",,"A",,"A",,"A",,"A",,"A",,"A",,"A",,"A",,"A"
"20134",2733742,4,0,"1",,"A","190","D","10","D",105,"D",,"A",,"A",,"A",,"A",,"A",,"A",,"A",,"A",,"A"
"20134",2733892,5,0,"1",,"A","220","D","08","D",21,"D",,"A",,"A",,"A",,"A",,"A",,"A",,"A",,"A",,"A"
"20134",2733892,6,0,"1",,"A","220","D","09","D",20,"D",,"A",,"A",,"A",,"A",,"A",,"A",,"A",,"A",,"A"
"20134",2733892,7,0,"1",,"A","220","D","10","D",20,"D",,"A",,"A",,"A",,"A",,"A",,"A",,"A",,"A",,"A"
"20134",2734672,6,0,"1",,"A","190","D","08","D",140,"D",,"A",,"A",,"A",,"A",,"A",,"A",,"A",,"A",,"A"
"20134",2734862,8,0,"1",,"A","190","D","09","D",100,"D",,"A",,"A",,"A",,"A",,"A",,"A",,"A",,"A",,"A"
"20134",2735912,1,0,"1",,"A","190","D","10","D",60,"D",,"A",,"A",,"A",,"A",,"A",,"A",,"A",,"A",,"A"
"20134",2736512,6,0,"1",,"A","110","D","11","D",50,"D",,"A",,"A",,"A",,"A",,"A",,"A",,"A",,"A",,"A"
"20134",2736762,19,0,"1",,"A","120","D","09","D",10,"D",,"A",,"A",,"A",,"A",,"A",,"A",,"A",,"A",,"A"
"20134",2737292,39,0,"1",,"A","220","D","10","D",150,"D",,"A",,"A",,"A",,"A",,"A",,"A",,"A",,"A",,"A"
"20134",2737292,40,0,"1",,"A","190","D","11","D",288,"D",,"A",,"A",,"A",,"A",,"A",,"A",,"A",,"A",,"A"
"20134",2737292,41,0,"1",,"A","130","D","09","D",42,"D",,"A",,"A",,"A",,"A",,"A",,"A",,"A",,"A",,"A"
"20134",2737292,42,0,"1",,"A","130","D","10","D",42,"D",,"A",,"A",,"A",,"A",,"A",,"A",,"A",,"A",,"A"
"20134",2737292,43,0,"1",,"A","130","D","11","D",29,"D",,"A",,"A",,"A",,"A",,"A",,"A",,"A",,"A",,"A"
"20134",2737752,5,0,"1",,"A","140","D","11","D",20,"D",,"A",,"A",,"A",,"A",,"A",,"A",,"A",,"A",,"A"
"20134",2737892,3,0,"1",,"A","210","D","09","D",.,"H","200","D","110","D",,"A",,"A",,"A",,"A",,"A",,"A",,"A"
"20134",2737892,3,1,"1",,"A","200","D","09","D",16,"E",,"A",,"A",,"A",,"A",,"A",,"A",,"A",,"A",,"A"
"20134",2737892,3,2,"1",,"A","110","D","09","D",17,"E",,"A",,"A",,"A",,"A",,"A",,"A",,"A",,"A",,"A"
"20134",2737892,4,0,"1",,"A","210","D","10","D",.,"H","200","D","110","D",,"A",,"A",,"A",,"A",,"A",,"A",,"A"
"20134",2737892,4,1,"1",,"A","200","D","10","D",17,"E",,"A",,"A",,"A",,"A",,"A",,"A",,"A",,"A",,"A"
"20134",2737892,4,2,"1",,"A","110","D","10","D",16,"E",,"A",,"A",,"A",,"A",,"A",,"A",,"A",,"A",,"A"
"20134",2737892,5,0,"1",,"A","210","D","11","D",.,"H","200","D","110","D",,"A",,"A",,"A",,"A",,"A",,"A",,"A"
"20134",2737892,5,1,"1",,"A","200","D","11","D",17,"E",,"A",,"A",,"A",,"A",,"A",,"A",,"A",,"A",,"A"
"20134",2737892,5,2,"1",,"A","110","D","11","D",16,"E",,"A",,"A",,"A",,"A",,"A",,"A",,"A",,"A",,"A"
"20134",2737892,6,0,"1",,"A","220","D","10","D",53,"D",,"A",,"A",,"A",,"A",,"A",,"A",,"A",,"A",,"A"
"20134",2737892,7,0,"2",,"A","110","D","09","D",27,"D",,"A",,"A",,"A",,"A",,"A",,"A",,"A",,"A",,"A"
"20134",2737932,8,0,"1",,"A","190","D","11","D",82,"D",,"A",,"A",,"A",,"A",,"A",,"A",,"A",,"A",,"A"
"20134",2737932,9,0,"2",,"A","190","D","09","D",38,"D",,"A",,"A",,"A",,"A",,"A",,"A",,"A",,"A",,"A"
"20134",2738452,10,0,"1",,"A","130","D","09","D",27,"D",,"A",,"A",,"A",,"A",,"A",,"A",,"A",,"A",,"A"
"20134",2738452,11,0,"1",,"A","110","D","10","D",35,"D",,"A",,"A",,"A",,"A",,"A",,"A",,"A",,"A",,"A"
"20134",2738622,2,0,"1",,"A","100","D","09","D",212,"D",,"A",,"A",,"A",,"A",,"A",,"A",,"A",,"A",,"A"
"20134",2738832,4,0,"2",,"A","200","D","09","D",329,"D",,"A",,"A",,"A",,"A",,"A",,"A",,"A",,"A",,"A"
"20134",2738882,2,0,"1",,"A","200","D","11","D",300,"D",,"A",,"A",,"A",,"A",,"A",,"A",,"A",,"A",,"A"
"20134",2739102,7,0,"2",,"A","110","D","09","D",70,"D",,"A",,"A",,"A",,"A",,"A",,"A",,"A",,"A",,"A"
"20134",2739552,6,0,"1",,"A","190","D","11","D",75,"D",,"A",,"A",,"A",,"A",,"A",,"A",,"A",,"A",,"A"
"20134",2739982,13,0,"2",,"A","190","D","09","D",108,"D",,"A",,"A",,"A",,"A",,"A",,"A",,"A",,"A",,"A"
"20134",2739992,15,0,"1",,"A","190","D","11","D",85,"D",,"A",,"A",,"A",,"A",,"A",,"A",,"A",,"A",,"A"
"20134",2740142,8,0,"1",,"A","190","D","11","D",78,"D",,"A",,"A",,"A",,"A",,"A",,"A",,"A",,"A",,"A"
"20134",2740182,6,0,"1",,"A","190","D","09","D",24,"D",,"A",,"A",,"A",,"A",,"A",,"A",,"A",,"A",,"A"
"20134",2740182,7,0,"1",,"A","190","D","10","D",24,"D",,"A",,"A",,"A",,"A",,"A",,"A",,"A",,"A",,"A"
"20134",2740182,8,0,"1",,"A","190","D","11","D",24,"D",,"A",,"A",,"A",,"A",,"A",,"A",,"A",,"A",,"A"
"20134",2740292,12,0,"1",,"A","190","D","09","D",400,"D",,"A",,"A",,"A",,"A",,"A",,"A",,"A",,"A",,"A"
"20134",2740292,13,0,"2",,"A","190","D","09","D",450,"D",,"A",,"A",,"A",,"A",,"A",,"A",,"A",,"A",,"A"
"20134",2740322,10,0,"1",,"A","110","D","10","D",80,"D",,"A",,"A",,"A",,"A",,"A",,"A",,"A",,"A",,"A"
"20134",2740992,4,0,"1",,"A","150","D","11","D",24,"D",,"A",,"A",,"A",,"A",,"A",,"A",,"A",,"A",,"A"
"20134",2740992,5,0,"1",,"A","150","D","11","D",50,"D",,"A",,"A",,"A",,"A",,"A",,"A",,"A",,"A",,"A"
"20134",2741202,8,0,"1",,"A","190","D","10","D",183,"D",,"A",,"A",,"A",,"A",,"A",,"A",,"A",,"A",,"A"
"20134",2741202,9,0,"1",,"A","200","D","09","D",155,"D",,"A",,"A",,"A",,"A",,"A",,"A",,"A",,"A",,"A"
"20134",2741262,10,0,"1",,"A","200","D","10","D",108,"D",,"A",,"A",,"A",,"A",,"A",,"A",,"A",,"A",,"A"
"20134",2741642,3,0,"1",,"A","190","D","09","D",38,"D",,"A",,"A",,"A",,"A",,"A",,"A",,"A",,"A",,"A"
"20134",2741642,4,0,"1",,"A","190","D","10","D",38,"D",,"A",,"A",,"A",,"A",,"A",,"A",,"A",,"A",,"A"
"20134",2741642,5,0,"1",,"A","190","D","11","D",38,"D",,"A",,"A",,"A",,"A",,"A",,"A",,"A",,"A",,"A"
"20134",2741652,2,0,"1",,"A","200","D","09","D",57,"D",,"A",,"A",,"A",,"A",,"A",,"A",,"A",,"A",,"A"
"20134",2741882,4,0,"1",,"A","190","D","09","D",45,"D",,"A",,"A",,"A",,"A",,"A",,"A",,"A",,"A",,"A"
"20134",2741882,5,0,"1",,"A","190","D","10","D",45,"D",,"A",,"A",,"A",,"A",,"A",,"A",,"A",,"A",,"A"
"20134",2741882,6,0,"1",,"A","190","D","11","D",45,"D",,"A",,"A",,"A",,"A",,"A",,"A",,"A",,"A",,"A"
"20134",2742262,2,0,"1",,"A","220","D","11","D",199,"D",,"A",,"A",,"A",,"A",,"A",,"A",,"A",,"A",,"A"
"20134",2742402,9,0,"1",,"A","170","D","11","D",25,"D",,"A",,"A",,"A",,"A",,"A",,"A",,"A",,"A",,"A"
"20134",2742652,10,0,"1",,"A","110","D","09","D",31,"D",,"A",,"A",,"A",,"A",,"A",,"A",,"A",,"A",,"A"
"20134",2742652,11,0,"1",,"A","110","D","10","D",31,"D",,"A",,"A",,"A",,"A",,"A",,"A",,"A",,"A",,"A"
"20134",2742652,12,0,"1",,"A","110","D","11","D",31,"D",,"A",,"A",,"A",,"A",,"A",,"A",,"A",,"A",,"A"
"20134",2742652,13,0,"1",,"A","110","D","09","D",48,"D",,"A",,"A",,"A",,"A",,"A",,"A",,"A",,"A",,"A"
"20134",2742652,14,0,"1",,"A","110","D","10","D",48,"D",,"A",,"A",,"A",,"A",,"A",,"A",,"A",,"A",,"A"
"20134",2742652,15,0,"1",,"A","110","D","11","D",48,"D",,"A",,"A",,"A",,"A",,"A",,"A",,"A",,"A",,"A"
"20134",2742652,16,0,"2",,"A","110","D","09","D",26,"D",,"A",,"A",,"A",,"A",,"A",,"A",,"A",,"A",,"A"
"20134",2742912,5,0,"1",,"A","220","D","11","D",160,"D",,"A",,"A",,"A",,"A",,"A",,"A",,"A",,"A",,"A"
"20134",2744052,9,0,"1",,"A","190","D","10","D",40,"D",,"A",,"A",,"A",,"A",,"A",,"A",,"A",,"A",,"A"
"20134",2744202,13,0,"1",,"A","130","D","10","D",35,"D",,"A",,"A",,"A",,"A",,"A",,"A",,"A",,"A",,"A"
"20134",2744202,14,0,"1",,"A","130","D","09","D",163,"D",,"A",,"A",,"A",,"A",,"A",,"A",,"A",,"A",,"A"
"20134",2744202,15,0,"1",,"A","130","D","10","D",163,"D",,"A",,"A",,"A",,"A",,"A",,"A",,"A",,"A",,"A"
"20134",2744202,16,0,"1",,"A","130","D","11","D",163,"D",,"A",,"A",,"A",,"A",,"A",,"A",,"A",,"A",,"A"
"20134",2744902,6,0,"1",,"A","220","D","11","D",53,"D",,"A",,"A",,"A",,"A",,"A",,"A",,"A",,"A",,"A"
"20134",2745232,17,0,"1",,"A","110","D","09","D",33,"D",,"A",,"A",,"A",,"A",,"A",,"A",,"A",,"A",,"A"
"20134",2745232,18,0,"1",,"A","110","D","10","D",33,"D",,"A",,"A",,"A",,"A",,"A",,"A",,"A",,"A",,"A"
"20134",2745232,19,0,"1",,"A","110","D","11","D",33,"D",,"A",,"A",,"A",,"A",,"A",,"A",,"A",,"A",,"A"
"20134",2745482,20,0,"1",,"A","200","D","09","D",188,"D",,"A",,"A",,"A",,"A",,"A",,"A",,"A",,"A",,"A"
"20134",2745482,21,0,"2",,"A","200","D","09","D",204,"D",,"A",,"A",,"A",,"A",,"A",,"A",,"A",,"A",,"A"
"20134",2745622,4,0,"1",,"A","220","D","09","D",123,"D",,"A",,"A",,"A",,"A",,"A",,"A",,"A",,"A",,"A"
"20134",2746072,11,0,"1",,"A","190","D","11","D",190,"D",,"A",,"A",,"A",,"A",,"A",,"A",,"A",,"A",,"A"
"20134",2746602,12,0,"1",,"A","190","D","10","D",96,"D",,"A",,"A",,"A",,"A",,"A",,"A",,"A",,"A",,"A"
"20134",2746622,10,0,"1",,"A","190","D","09","D",83,"D",,"A",,"A",,"A",,"A",,"A",,"A",,"A",,"A",,"A"
"20134",2746652,9,0,"1",,"A","200","D","10","D",400,"D",,"A",,"A",,"A",,"A",,"A",,"A",,"A",,"A",,"A"
"20134",2746902,6,0,"1",,"A","200","D","11","D",31,"D",,"A",,"A",,"A",,"A",,"A",,"A",,"A",,"A",,"A"
"20134",2750275,2,0,"1",,"A","130","D","07","D",500,"D",,"A",,"A",,"A",,"A",,"A",,"A",,"A",,"A",,"A"
"20134",2755645,6,0,"1",,"A","220","D","08","D",326,"D",,"A",,"A",,"A",,"A",,"A",,"A",,"A",,"A",,"A"
"20134",2759622,11,0,"1",,"A","110","D","10","D",64,"D",,"A",,"A",,"A",,"A",,"A",,"A",,"A",,"A",,"A"
"20134",2760462,11,0,"1",,"A","170","D","10","D",115,"D",,"A",,"A",,"A",,"A",,"A",,"A",,"A",,"A",,"A"
"20134",2761714,5,0,"1",,"A","130","D","10","D",77,"D",,"A",,"A",,"A",,"A",,"A",,"A",,"A",,"A",,"A"
"20134",2765622,15,0,"1",,"A","170","D","09","D",200,"D",,"A",,"A",,"A",,"A",,"A",,"A",,"A",,"A",,"A"
"20134",2766965,3,0,"1",,"A","200","D","10","D",60,"D",,"A",,"A",,"A",,"A",,"A",,"A",,"A",,"A",,"A"
"20134",2767903,3,0,"1",,"A","220","D","09","D",100,"D",,"A",,"A",,"A",,"A",,"A",,"A",,"A",,"A",,"A"
"20134",2768903,6,0,"1",,"A","170","D","08","D",69,"D",,"A",,"A",,"A",,"A",,"A",,"A",,"A",,"A",,"A"
"20134",2771662,1,0,"1",,"A","220","D","11","D",189,"D",,"A",,"A",,"A",,"A",,"A",,"A",,"A",,"A",,"A"
"20134",2771973,24,0,"1",,"A","220","D","10","D",49,"D",,"A",,"A",,"A",,"A",,"A",,"A",,"A",,"A",,"A"
"20141",2647295,10,0,"1",,"A","120","D","12","D",125,"D",,"A",,"A",,"A",,"A",,"A",,"A",,"A",,"A",,"A"
"20141",2647295,11,0,"1",,"A","190","D","11","D",80,"D",,"A",,"A",,"A",,"A",,"A",,"A",,"A",,"A",,"A"
"20141",2647435,5,0,"1",,"A","190","D","12","D",75,"D",,"A",,"A",,"A",,"A",,"A",,"A",,"A",,"A",,"A"
"20141",2647505,4,0,"1",,"A","200","D","10","D",290,"D",,"A",,"A",,"A",,"A",,"A",,"A",,"A",,"A",,"A"
"20141",2647775,14,0,"2",,"A","220","D","10","D",120,"D",,"A",,"A",,"A",,"A",,"A",,"A",,"A",,"A",,"A"
"20141",2647985,12,0,"1",,"A","130","D","12","D",75,"D",,"A",,"A",,"A",,"A",,"A",,"A",,"A",,"A",,"A"
"20141",2648455,12,0,"1",,"A","200","D","12","D",300,"D",,"A",,"A",,"A",,"A",,"A",,"A",,"A",,"A",,"A"
"20141",2648455,13,0,"2",,"A","190","D","10","D",80,"D",,"A",,"A",,"A",,"A",,"A",,"A",,"A",,"A",,"A"
"20141",2648585,9,0,"1",,"A","150","D","12","D",238,"D",,"A",,"A",,"A",,"A",,"A",,"A",,"A",,"A",,"A"
"20141",2648755,12,0,"1",,"A","200","D","12","D",189,"D",,"A",,"A",,"A",,"A",,"A",,"A",,"A",,"A",,"A"
"20141",2649155,9,0,"1",,"A","110","D","12","D",1000,"D",,"A",,"A",,"A",,"A",,"A",,"A",,"A",,"A",,"A"
"20141",2649155,10,0,"1",,"A","190","D","11","D",50,"D",,"A",,"A",,"A",,"A",,"A",,"A",,"A",,"A",,"A"
"20141",2649205,18,0,"1",,"A","100","D","10","D",212,"D",,"A",,"A",,"A",,"A",,"A",,"A",,"A",,"A",,"A"
"20141",2649315,14,0,"1",,"A","200","D","12","D",240,"D",,"A",,"A",,"A",,"A",,"A",,"A",,"A",,"A",,"A"
"20141",2649535,23,0,"1",,"A","200","D","12","D",536,"D",,"A",,"A",,"A",,"A",,"A",,"A",,"A",,"A",,"A"
"20141",2649635,10,0,"1",,"A","190","D","12","D",75,"D",,"A",,"A",,"A",,"A",,"A",,"A",,"A",,"A",,"A"
"20141",2650035,8,0,"1",,"A","110","D","12","D",21,"D",,"A",,"A",,"A",,"A",,"A",,"A",,"A",,"A",,"A"
"20141",2650035,9,0,"2",,"A","110","D","10","D",21,"D",,"A",,"A",,"A",,"A",,"A",,"A",,"A",,"A",,"A"
"20141",2650115,3,0,"1",,"A","190","D","11","D",65,"D",,"A",,"A",,"A",,"A",,"A",,"A",,"A",,"A",,"A"
"20141",2650275,16,0,"1",,"A","200","D","12","D",15,"D",,"A",,"A",,"A",,"A",,"A",,"A",,"A",,"A",,"A"
"20141",2650275,17,0,"1",,"A","200","D","11","D",15,"D",,"A",,"A",,"A",,"A",,"A",,"A",,"A",,"A",,"A"
"20141",2650275,18,0,"1",,"A","200","D","10","D",15,"D",,"A",,"A",,"A",,"A",,"A",,"A",,"A",,"A",,"A"
"20141",2650275,19,0,"2",,"A","110","D","10","D",15,"D",,"A",,"A",,"A",,"A",,"A",,"A",,"A",,"A",,"A"
"20141",2650515,5,0,"1",,"A","190","D","10","D",65,"D",,"A",,"A",,"A",,"A",,"A",,"A",,"A",,"A",,"A"
"20141",2650605,2,0,"2",,"A","110","D","10","D",137,"D",,"A",,"A",,"A",,"A",,"A",,"A",,"A",,"A",,"A"
"20141",2650685,3,0,"1",,"A","150","D","12","D",64,"D",,"A",,"A",,"A",,"A",,"A",,"A",,"A",,"A",,"A"
"20141",2650865,6,0,"1",,"A","200","D","11","D",5,"D",,"A",,"A",,"A",,"A",,"A",,"A",,"A",,"A",,"A"
"20141",2650865,7,0,"1",,"A","200","D","12","D",5,"D",,"A",,"A",,"A",,"A",,"A",,"A",,"A",,"A",,"A"
"20141",2651555,14,0,"1",,"A","190","D","10","D",154,"D",,"A",,"A",,"A",,"A",,"A",,"A",,"A",,"A",,"A"
"20141",2652445,3,0,"1",,"A","190","D","11","D",45,"D",,"A",,"A",,"A",,"A",,"A",,"A",,"A",,"A",,"A"
"20141",2652445,4,0,"1",,"A","190","D","12","D",45,"D",,"A",,"A",,"A",,"A",,"A",,"A",,"A",,"A",,"A"
"20141",2652445,5,0,"2",,"A","190","D","10","D",40,"D",,"A",,"A",,"A",,"A",,"A",,"A",,"A",,"A",,"A"
"20141",2652565,11,0,"1",,"A","190","D","10","D",46,"D",,"A",,"A",,"A",,"A",,"A",,"A",,"A",,"A",,"A"
"20141",2652565,12,0,"1",,"A","190","D","12","D",46,"D",,"A",,"A",,"A",,"A",,"A",,"A",,"A",,"A",,"A"
"20141",2652705,3,0,"2",,"A","110","D","10","D",50,"D",,"A",,"A",,"A",,"A",,"A",,"A",,"A",,"A",,"A"
"20141",2652995,15,0,"1",,"A","190","D","12","D",65,"D",,"A",,"A",,"A",,"A",,"A",,"A",,"A",,"A",,"A"
"20141",2652995,16,0,"1",,"A","190","D","10","D",65,"D",,"A",,"A",,"A",,"A",,"A",,"A",,"A",,"A",,"A"
"20141",2653075,12,0,"1",,"A","130","D","10","D",243,"D",,"A",,"A",,"A",,"A",,"A",,"A",,"A",,"A",,"A"
"20141",2653075,13,0,"1",,"A","130","D","12","D",68,"D",,"A",,"A",,"A",,"A",,"A",,"A",,"A",,"A",,"A"
"20141",2653285,7,0,"1",,"A","130","D","10","D",85,"D",,"A",,"A",,"A",,"A",,"A",,"A",,"A",,"A",,"A"
"20141",2653525,9,0,"1",,"A","110","D","11","D",82,"D",,"A",,"A",,"A",,"A",,"A",,"A",,"A",,"A",,"A"
"20141",2653555,13,0,"1",,"A","110","D","12","D",159,"D",,"A",,"A",,"A",,"A",,"A",,"A",,"A",,"A",,"A"
"20141",2653685,14,0,"1",,"A","190","D","12","D",333,"D",,"A",,"A",,"A",,"A",,"A",,"A",,"A",,"A",,"A"
"20141",2653695,6,0,"1",,"A","190","D","11","D",45,"D",,"A",,"A",,"A",,"A",,"A",,"A",,"A",,"A",,"A"
"20141",2653735,7,0,"1",,"A","110","D","10","D",36,"D",,"A",,"A",,"A",,"A",,"A",,"A",,"A",,"A",,"A"
"20141",2653735,8,0,"1",,"A","110","D","11","D",36,"D",,"A",,"A",,"A",,"A",,"A",,"A",,"A",,"A",,"A"
"20141",2653735,9,0,"1",,"A","110","D","12","D",36,"D",,"A",,"A",,"A",,"A",,"A",,"A",,"A",,"A",,"A"
"20141",2653735,10,0,"2",,"A","200","D","10","D",33,"D",,"A",,"A",,"A",,"A",,"A",,"A",,"A",,"A",,"A"
"20141",2653825,4,0,"1",,"A","190","D","12","D",39,"D",,"A",,"A",,"A",,"A",,"A",,"A",,"A",,"A",,"A"
"20141",2654315,4,0,"2",,"A","100","D","10","D",295,"D",,"A",,"A",,"A",,"A",,"A",,"A",,"A",,"A",,"A"
"20141",2654995,1,0,"1",,"A","190","D","11","D",48,"D",,"A",,"A",,"A",,"A",,"A",,"A",,"A",,"A",,"A"
"20141",2655095,11,0,"1",,"A","190","D","10","D",86,"D",,"A",,"A",,"A",,"A",,"A",,"A",,"A",,"A",,"A"
"20141",2655195,10,0,"2",,"A","200","D","10","D",259,"D",,"A",,"A",,"A",,"A",,"A",,"A",,"A",,"A",,"A"
"20141",2655245,8,0,"2",,"A","130","D","10","D",43,"D",,"A",,"A",,"A",,"A",,"A",,"A",,"A",,"A",,"A"
"20141",2655585,3,0,"1",,"A","110","D","12","D",180,"D",,"A",,"A",,"A",,"A",,"A",,"A",,"A",,"A",,"A"
"20141",2655945,9,0,"1",,"A","190","D","10","D",300,"D",,"A",,"A",,"A",,"A",,"A",,"A",,"A",,"A",,"A"
"20141",2655945,10,0,"1",,"A","200","D","10","D",900,"D",,"A",,"A",,"A",,"A",,"A",,"A",,"A",,"A",,"A"
"20141",2656165,17,0,"1",,"A","190","D","10","D",89,"D",,"A",,"A",,"A",,"A",,"A",,"A",,"A",,"A",,"A"
"20141",2656165,18,0,"1",,"A","190","D","11","D",89,"D",,"A",,"A",,"A",,"A",,"A",,"A",,"A",,"A",,"A"
"20141",2656165,19,0,"1",,"A","190","D","12","D",89,"D",,"A",,"A",,"A",,"A",,"A",,"A",,"A",,"A",,"A"
"20141",2656225,11,0,"1",,"A","200","D","10","D",240,"D",,"A",,"A",,"A",,"A",,"A",,"A",,"A",,"A",,"A"
"20141",2656365,19,0,"1",,"A","200","D","12","D",213,"D",,"A",,"A",,"A",,"A",,"A",,"A",,"A",,"A",,"A"
"20141",2656385,11,0,"1",,"A","190","D","10","D",75,"D",,"A",,"A",,"A",,"A",,"A",,"A",,"A",,"A",,"A"
"20141",2656645,6,0,"1",,"A","100","D","11","D",140,"D",,"A",,"A",,"A",,"A",,"A",,"A",,"A",,"A",,"A"
"20141",2656645,7,0,"1",,"A","200","D","12","D",260,"D",,"A",,"A",,"A",,"A",,"A",,"A",,"A",,"A",,"A"
"20141",2656645,8,0,"1",,"A","190","D","10","D",109,"D",,"A",,"A",,"A",,"A",,"A",,"A",,"A",,"A",,"A"
"20141",2656645,9,0,"2",,"A","170","D","10","D",80,"D",,"A",,"A",,"A",,"A",,"A",,"A",,"A",,"A",,"A"
"20141",2656925,21,0,"1",,"A","200","D","12","D",770,"D",,"A",,"A",,"A",,"A",,"A",,"A",,"A",,"A",,"A"
"20141",2656995,18,0,"1",,"A","110","D","12","D",56,"D",,"A",,"A",,"A",,"A",,"A",,"A",,"A",,"A",,"A"
"20141",2656995,19,0,"1",,"A","110","D","11","D",56,"D",,"A",,"A",,"A",,"A",,"A",,"A",,"A",,"A",,"A"
"20141",2656995,20,0,"1",,"A","110","D","10","D",56,"D",,"A",,"A",,"A",,"A",,"A",,"A",,"A",,"A",,"A"
"20141",2656995,21,0,"1",,"A","220","D","12","D",100,"D",,"A",,"A",,"A",,"A",,"A",,"A",,"A",,"A",,"A"
"20141",2657185,12,0,"1",,"A","190","D","10","D",45,"D",,"A",,"A",,"A",,"A",,"A",,"A",,"A",,"A",,"A"
"20141",2657185,13,0,"1",,"A","190","D","11","D",45,"D",,"A",,"A",,"A",,"A",,"A",,"A",,"A",,"A",,"A"
"20141",2657185,14,0,"1",,"A","190","D","12","D",45,"D",,"A",,"A",,"A",,"A",,"A",,"A",,"A",,"A",,"A"
"20141",2657185,15,0,"1",,"A","200","D","12","D",112,"D",,"A",,"A",,"A",,"A",,"A",,"A",,"A",,"A",,"A"
"20141",2657905,6,0,"1",,"A","220","D","12","D",96,"D",,"A",,"A",,"A",,"A",,"A",,"A",,"A",,"A",,"A"
"20141",2658235,7,0,"1",,"A","110","D","12","D",212,"D",,"A",,"A",,"A",,"A",,"A",,"A",,"A",,"A",,"A"
"20141",2658295,10,0,"1",,"A","190","D","01","D",70,"D",,"A",,"A",,"A",,"A",,"A",,"A",,"A",,"A",,"A"
"20141",2658365,21,0,"2",,"A","110","D","11","D",83,"D",,"A",,"A",,"A",,"A",,"A",,"A",,"A",,"A",,"A"
"20141",2658885,11,0,"1",,"A","200","D","01","D",310,"D",,"A",,"A",,"A",,"A",,"A",,"A",,"A",,"A",,"A"
"20141",2659185,7,0,"1",,"A","100","D","12","D",100,"D",,"A",,"A",,"A",,"A",,"A",,"A",,"A",,"A",,"A"
"20141",2659345,11,0,"2",,"A","200","D","11","D",25,"D",,"A",,"A",,"A",,"A",,"A",,"A",,"A",,"A",,"A"
"20141",2659745,31,0,"1",,"A","190","D","12","D",305,"D",,"A",,"A",,"A",,"A",,"A",,"A",,"A",,"A",,"A"
"20141",2659745,32,0,"1",,"A","190","D","11","D",120,"D",,"A",,"A",,"A",,"A",,"A",,"A",,"A",,"A",,"A"
"20141",2659745,33,0,"1",,"A","190","D","12","D",120,"D",,"A",,"A",,"A",,"A",,"A",,"A",,"A",,"A",,"A"
"20141",2659755,13,0,"1",,"A","220","D","11","D",100,"D",,"A",,"A",,"A",,"A",,"A",,"A",,"A",,"A",,"A"
"20141",2659885,4,0,"1",,"A","190","D","11","D",69,"D",,"A",,"A",,"A",,"A",,"A",,"A",,"A",,"A",,"A"
"20141",2659885,5,0,"1",,"A","190","D","01","D",69,"D",,"A",,"A",,"A",,"A",,"A",,"A",,"A",,"A",,"A"
"20141",2659885,6,0,"2",,"A","190","D","11","D",69,"D",,"A",,"A",,"A",,"A",,"A",,"A",,"A",,"A",,"A"
"20141",2660015,9,0,"1",,"A","130","D","01","D",125,"D",,"A",,"A",,"A",,"A",,"A",,"A",,"A",,"A",,"A"
"20141",2660025,2,0,"1",,"A","200","D","01","D",272,"D",,"A",,"A",,"A",,"A",,"A",,"A",,"A",,"A",,"A"
"20141",2661165,15,0,"1",,"A","200","D","01","D",120,"D",,"A",,"A",,"A",,"A",,"A",,"A",,"A",,"A",,"A"
"20141",2661395,4,0,"2",,"A","120","D","11","D",260,"D",,"A",,"A",,"A",,"A",,"A",,"A",,"A",,"A",,"A"
"20141",2661585,2,0,"1",,"A","190","D","11","D",32,"D",,"A",,"A",,"A",,"A",,"A",,"A",,"A",,"A",,"A"
"20141",2661585,3,0,"1",,"A","190","D","12","D",32,"D",,"A",,"A",,"A",,"A",,"A",,"A",,"A",,"A",,"A"
"20141",2661585,4,0,"1",,"A","190","D","01","D",32,"D",,"A",,"A",,"A",,"A",,"A",,"A",,"A",,"A",,"A"
"20141",2661765,6,0,"1",,"A","200","D","11","D",133,"D",,"A",,"A",,"A",,"A",,"A",,"A",,"A",,"A",,"A"
"20141",2661765,7,0,"1",,"A","200","D","01","D",170,"D",,"A",,"A",,"A",,"A",,"A",,"A",,"A",,"A",,"A"
"20141",2661795,4,0,"1",,"A","200","D","12","D",200,"D",,"A",,"A",,"A",,"A",,"A",,"A",,"A",,"A",,"A"
"20141",2661815,2,0,"1",,"A","190","D","01","D",50,"D",,"A",,"A",,"A",,"A",,"A",,"A",,"A",,"A",,"A"
"20141",2662185,9,0,"1",,"A","120","D","11","D",12,"D",,"A",,"A",,"A",,"A",,"A",,"A",,"A",,"A",,"A"
"20141",2662345,17,0,"1",,"A","220","D","01","D",219,"D",,"A",,"A",,"A",,"A",,"A",,"A",,"A",,"A",,"A"
"20141",2662425,10,0,"1",,"A","190","D","12","D",27,"D",,"A",,"A",,"A",,"A",,"A",,"A",,"A",,"A",,"A"
"20141",2662425,11,0,"1",,"A","190","D","11","D",27,"D",,"A",,"A",,"A",,"A",,"A",,"A",,"A",,"A",,"A"
"20141",2662425,12,0,"1",,"A","190","D","01","D",27,"D",,"A",,"A",,"A",,"A",,"A",,"A",,"A",,"A",,"A"
"20141",2662425,13,0,"2",,"A","190","D","11","D",27,"D",,"A",,"A",,"A",,"A",,"A",,"A",,"A",,"A",,"A"
"20141",2662745,6,0,"1",,"A","200","D","11","D",130,"D",,"A",,"A",,"A",,"A",,"A",,"A",,"A",,"A",,"A"
"20141",2663455,3,0,"2",,"A","110","D","11","D",200,"D",,"A",,"A",,"A",,"A",,"A",,"A",,"A",,"A",,"A"
"20141",2663705,3,0,"1",,"A","190","D","12","D",30,"D",,"A",,"A",,"A",,"A",,"A",,"A",,"A",,"A",,"A"
"20141",2663705,4,0,"1",,"A","190","D","01","D",30,"D",,"A",,"A",,"A",,"A",,"A",,"A",,"A",,"A",,"A"
"20141",2663705,5,0,"1",,"A","190","D","11","D",30,"D",,"A",,"A",,"A",,"A",,"A",,"A",,"A",,"A",,"A"
"20141",2663705,6,0,"2",,"A","190","D","11","D",70,"D",,"A",,"A",,"A",,"A",,"A",,"A",,"A",,"A",,"A"
"20141",2663735,6,0,"1",,"A","100","D","12","D",260,"D",,"A",,"A",,"A",,"A",,"A",,"A",,"A",,"A",,"A"
"20141",2663765,18,0,"1",,"A","190","D","12","D",87,"D",,"A",,"A",,"A",,"A",,"A",,"A",,"A",,"A",,"A"
"20141",2663945,14,0,"1",,"A","200","D","12","D",49,"D",,"A",,"A",,"A",,"A",,"A",,"A",,"A",,"A",,"A"
"20141",2664145,14,0,"2",,"A","110","D","11","D",30,"D",,"A",,"A",,"A",,"A",,"A",,"A",,"A",,"A",,"A"
"20141",2664395,9,0,"1",,"A","190","D","11","D",75,"D",,"A",,"A",,"A",,"A",,"A",,"A",,"A",,"A",,"A"
"20141",2664945,5,0,"1",,"A","190","D","12","D",110,"D",,"A",,"A",,"A",,"A",,"A",,"A",,"A",,"A",,"A"
"20141",2665035,12,0,"1",,"A","200","D","01","D",100,"D",,"A",,"A",,"A",,"A",,"A",,"A",,"A",,"A",,"A"
"20141",2665065,7,0,"1",,"A","110","D","01","D",293,"D",,"A",,"A",,"A",,"A",,"A",,"A",,"A",,"A",,"A"
"20141",2665275,13,0,"1",,"A","190","D","11","D",160,"D",,"A",,"A",,"A",,"A",,"A",,"A",,"A",,"A",,"A"
"20141",2665275,14,0,"2",,"A","110","D","11","D",165,"D",,"A",,"A",,"A",,"A",,"A",,"A",,"A",,"A",,"A"
"20141",2665405,9,0,"1",,"A","190","D","01","D",55,"D",,"A",,"A",,"A",,"A",,"A",,"A",,"A",,"A",,"A"
"20141",2665405,10,0,"2",,"A","190","D","11","D",55,"D",,"A",,"A",,"A",,"A",,"A",,"A",,"A",,"A",,"A"
"20141",2665445,12,0,"1",,"A","190","D","12","D",89,"D",,"A",,"A",,"A",,"A",,"A",,"A",,"A",,"A",,"A"
"20141",2665445,13,0,"2",,"A","190","D","11","D",86,"D",,"A",,"A",,"A",,"A",,"A",,"A",,"A",,"A",,"A"
"20141",2665575,5,0,"1",,"A","200","D","12","D",101,"D",,"A",,"A",,"A",,"A",,"A",,"A",,"A",,"A",,"A"
"20141",2665775,9,0,"1",,"A","190","D","01","D",30,"D",,"A",,"A",,"A",,"A",,"A",,"A",,"A",,"A",,"A"
"20141",2665985,7,0,"1",,"A","190","D","12","D",117,"D",,"A",,"A",,"A",,"A",,"A",,"A",,"A",,"A",,"A"
"20141",2666555,13,0,"1",,"A","220","D","11","D",238,"D",,"A",,"A",,"A",,"A",,"A",,"A",,"A",,"A",,"A"
"20141",2666655,4,0,"1",,"A","200","D","01","D",160,"D",,"A",,"A",,"A",,"A",,"A",,"A",,"A",,"A",,"A"
"20141",2666655,5,0,"1",,"A","190","D","01","D",200,"D",,"A",,"A",,"A",,"A",,"A",,"A",,"A",,"A",,"A"
"20141",2666805,33,0,"1",,"A","110","D","12","D",289,"D",,"A",,"A",,"A",,"A",,"A",,"A",,"A",,"A",,"A"
"20141",2666905,5,0,"1",,"A","110","D","12","D",600,"D",,"A",,"A",,"A",,"A",,"A",,"A",,"A",,"A",,"A"
"20141",2667125,7,0,"1",,"A","200","D","01","D",259,"D",,"A",,"A",,"A",,"A",,"A",,"A",,"A",,"A",,"A"
"20141",2667475,12,0,"1",,"A","120","D","12","D",407,"D",,"A",,"A",,"A",,"A",,"A",,"A",,"A",,"A",,"A"
"20141",2667985,20,0,"1",,"A","110","D","12","D",249,"D",,"A",,"A",,"A",,"A",,"A",,"A",,"A",,"A",,"A"
"20141",2668295,18,0,"1",,"A","110","D","12","D",90,"D",,"A",,"A",,"A",,"A",,"A",,"A",,"A",,"A",,"A"
"20141",2668295,19,0,"2",,"A","130","D","11","D",250,"D",,"A",,"A",,"A",,"A",,"A",,"A",,"A",,"A",,"A"
"20141",2668585,15,0,"1",,"A","190","D","01","D",54,"D",,"A",,"A",,"A",,"A",,"A",,"A",,"A",,"A",,"A"
"20141",2668585,16,0,"1",,"A","190","D","11","D",54,"D",,"A",,"A",,"A",,"A",,"A",,"A",,"A",,"A",,"A"
"20141",2668585,17,0,"1",,"A","190","D","12","D",54,"D",,"A",,"A",,"A",,"A",,"A",,"A",,"A",,"A",,"A"
"20141",2668765,15,0,"1",,"A","130","D","12","D",60,"D",,"A",,"A",,"A",,"A",,"A",,"A",,"A",,"A",,"A"
"20141",2668765,16,0,"1",,"A","190","D","01","D",109,"D",,"A",,"A",,"A",,"A",,"A",,"A",,"A",,"A",,"A"
"20141",2669055,6,0,"1",,"A","190","D","01","D",800,"D",,"A",,"A",,"A",,"A",,"A",,"A",,"A",,"A",,"A"
"20141",2669085,3,0,"1",,"A","190","D","01","D",70,"D",,"A",,"A",,"A",,"A",,"A",,"A",,"A",,"A",,"A"
"20141",2669215,7,0,"1",,"A","200","D","12","D",10,"D",,"A",,"A",,"A",,"A",,"A",,"A",,"A",,"A",,"A"
"20141",2669215,8,0,"1",,"A","200","D","01","D",10,"D",,"A",,"A",,"A",,"A",,"A",,"A",,"A",,"A",,"A"
"20141",2669215,9,0,"1",,"A","200","D","02","D",10,"D",,"A",,"A",,"A",,"A",,"A",,"A",,"A",,"A",,"A"
"20141",2669215,10,0,"2",,"A","200","D","12","D",10,"D",,"A",,"A",,"A",,"A",,"A",,"A",,"A",,"A",,"A"
"20141",2669815,7,0,"1",,"A","190","D","01","D",100,"D",,"A",,"A",,"A",,"A",,"A",,"A",,"A",,"A",,"A"
"20141",2669815,8,0,"1",,"A","190","D","02","D",100,"D",,"A",,"A",,"A",,"A",,"A",,"A",,"A",,"A",,"A"
"20141",2669815,9,0,"1",,"A","190","D","12","D",100,"D",,"A",,"A",,"A",,"A",,"A",,"A",,"A",,"A",,"A"
"20141",2669845,10,0,"1",,"A","200","D","12","D",30,"D",,"A",,"A",,"A",,"A",,"A",,"A",,"A",,"A",,"A"
"20141",2669845,11,0,"1",,"A","200","D","01","D",30,"D",,"A",,"A",,"A",,"A",,"A",,"A",,"A",,"A",,"A"
"20141",2669845,12,0,"1",,"A","200","D","02","D",30,"D",,"A",,"A",,"A",,"A",,"A",,"A",,"A",,"A",,"A"
"20141",2670065,5,0,"1",,"A","200","D","01","D",250,"D",,"A",,"A",,"A",,"A",,"A",,"A",,"A",,"A",,"A"
"20141",2670845,5,0,"1",,"A","200","D","12","D",154,"D",,"A",,"A",,"A",,"A",,"A",,"A",,"A",,"A",,"A"
"20141",2670915,8,0,"1",,"A","190","D","01","D",64,"D",,"A",,"A",,"A",,"A",,"A",,"A",,"A",,"A",,"A"
"20141",2670915,9,0,"1",,"A","190","D","02","D",64,"D",,"A",,"A",,"A",,"A",,"A",,"A",,"A",,"A",,"A"
"20141",2670915,10,0,"1",,"A","110","D","01","D",80,"D",,"A",,"A",,"A",,"A",,"A",,"A",,"A",,"A",,"A"
"20141",2670915,11,0,"2",,"A","190","D","12","D",64,"D",,"A",,"A",,"A",,"A",,"A",,"A",,"A",,"A",,"A"
"20141",2671195,3,0,"1",,"A","110","D","12","D",150,"D",,"A",,"A",,"A",,"A",,"A",,"A",,"A",,"A",,"A"
"20141",2671235,13,0,"1",,"A","120","D","12","D",110,"D",,"A",,"A",,"A",,"A",,"A",,"A",,"A",,"A",,"A"
"20141",2671255,3,0,"1",,"A","190","D","01","D",75,"D",,"A",,"A",,"A",,"A",,"A",,"A",,"A",,"A",,"A"
"20141",2671355,11,0,"2",,"A","110","D","12","D",5,"D",,"A",,"A",,"A",,"A",,"A",,"A",,"A",,"A",,"A"
"20141",2671485,6,0,"1",,"A","110","D","01","D",100,"D",,"A",,"A",,"A",,"A",,"A",,"A",,"A",,"A",,"A"
"20141",2671635,9,0,"1",,"A","130","D","02","D",90,"D",,"A",,"A",,"A",,"A",,"A",,"A",,"A",,"A",,"A"
"20141",2671705,7,0,"1",,"A","130","D","12","D",173,"D",,"A",,"A",,"A",,"A",,"A",,"A",,"A",,"A",,"A"
"20141",2671935,2,0,"1",,"A","190","D","01","D",135,"D",,"A",,"A",,"A",,"A",,"A",,"A",,"A",,"A",,"A"
"20141",2671985,5,0,"1",,"A","220","D","02","D",39,"D",,"A",,"A",,"A",,"A",,"A",,"A",,"A",,"A",,"A"
"20141",2672175,5,0,"1",,"A","130","D","01","D",45,"D",,"A",,"A",,"A",,"A",,"A",,"A",,"A",,"A",,"A"
"20141",2672175,6,0,"1",,"A","190","D","02","D",75,"D",,"A",,"A",,"A",,"A",,"A",,"A",,"A",,"A",,"A"
"20141",2672295,2,0,"1",,"A","200","D","01","D",215,"D",,"A",,"A",,"A",,"A",,"A",,"A",,"A",,"A",,"A"
"20141",2672385,2,0,"1",,"A","200","D","12","D",355,"D",,"A",,"A",,"A",,"A",,"A",,"A",,"A",,"A",,"A"
"20141",2672835,3,0,"1",,"A","190","D","01","D",55,"D",,"A",,"A",,"A",,"A",,"A",,"A",,"A",,"A",,"A"
"20141",2672835,4,0,"2",,"A","190","D","12","D",58,"D",,"A",,"A",,"A",,"A",,"A",,"A",,"A",,"A",,"A"
"20141",2672925,9,0,"1",,"A","190","D","02","D",105,"D",,"A",,"A",,"A",,"A",,"A",,"A",,"A",,"A",,"A"
"20141",2672995,4,0,"1",,"A","110","D","01","D",160,"D",,"A",,"A",,"A",,"A",,"A",,"A",,"A",,"A",,"A"
"20141",2672995,5,0,"1",,"A","220","D","01","D",140,"D",,"A",,"A",,"A",,"A",,"A",,"A",,"A",,"A",,"A"
"20141",2672995,6,0,"2",,"A","110","D","12","D",107,"D",,"A",,"A",,"A",,"A",,"A",,"A",,"A",,"A",,"A"
"20141",2673375,9,0,"1",,"A","110","D","02","D",50,"D",,"A",,"A",,"A",,"A",,"A",,"A",,"A",,"A",,"A"
"20141",2673835,7,0,"1",,"A","190","D","02","D",165,"D",,"A",,"A",,"A",,"A",,"A",,"A",,"A",,"A",,"A"
"20141",2673875,6,0,"1",,"A","220","D","01","D",107,"D",,"A",,"A",,"A",,"A",,"A",,"A",,"A",,"A",,"A"
"20141",2673895,21,0,"1",,"A","200","D","01","D",26,"D",,"A",,"A",,"A",,"A",,"A",,"A",,"A",,"A",,"A"
"20141",2673895,22,0,"1",,"A","200","D","02","D",26,"D",,"A",,"A",,"A",,"A",,"A",,"A",,"A",,"A",,"A"
"20141",2673895,23,0,"2",,"A","200","D","12","D",26,"D",,"A",,"A",,"A",,"A",,"A",,"A",,"A",,"A",,"A"
"20141",2673985,5,0,"1",,"A","190","D","01","D",90,"D",,"A",,"A",,"A",,"A",,"A",,"A",,"A",,"A",,"A"
"20141",2673985,6,0,"2",,"A","190","D","12","D",35,"D",,"A",,"A",,"A",,"A",,"A",,"A",,"A",,"A",,"A"
"20141",2674595,28,0,"1",,"A","220","D","02","D",26,"D",,"A",,"A",,"A",,"A",,"A",,"A",,"A",,"A",,"A"
"20141",2674755,7,0,"1",,"A","200","D","02","D",150,"D",,"A",,"A",,"A",,"A",,"A",,"A",,"A",,"A",,"A"
"20141",2675135,4,0,"1",,"A","190","D","01","D",90,"D",,"A",,"A",,"A",,"A",,"A",,"A",,"A",,"A",,"A"
"20141",2675365,8,0,"1",,"A","190","D","01","D",30,"D",,"A",,"A",,"A",,"A",,"A",,"A",,"A",,"A",,"A"
"20141",2675365,9,0,"1",,"A","190","D","02","D",30,"D",,"A",,"A",,"A",,"A",,"A",,"A",,"A",,"A",,"A"
"20141",2675365,10,0,"1",,"A","190","D","12","D",30,"D",,"A",,"A",,"A",,"A",,"A",,"A",,"A",,"A",,"A"
"20141",2676475,29,0,"1",,"A","110","D","01","D",50,"D",,"A",,"A",,"A",,"A",,"A",,"A",,"A",,"A",,"A"
"20141",2676795,14,0,"1",,"A","110","D","01","D",450,"D",,"A",,"A",,"A",,"A",,"A",,"A",,"A",,"A",,"A"
"20141",2677285,3,0,"1",,"A","190","D","01","D",48,"D",,"A",,"A",,"A",,"A",,"A",,"A",,"A",,"A",,"A"
"20141",2677305,6,0,"1",,"A","190","D","01","D",100,"D",,"A",,"A",,"A",,"A",,"A",,"A",,"A",,"A",,"A"
"20141",2677485,9,0,"1",,"A","200","D","12","D",108,"D",,"A",,"A",,"A",,"A",,"A",,"A",,"A",,"A",,"A"
"20141",2677755,15,0,"1",,"A","190","D","02","D",76,"D",,"A",,"A",,"A",,"A",,"A",,"A",,"A",,"A",,"A"
"20141",2677975,18,0,"1",,"A","200","D","02","D",90,"D",,"A",,"A",,"A",,"A",,"A",,"A",,"A",,"A",,"A"
"20141",2678185,4,0,"1",,"A","110","D","01","D",128,"D",,"A",,"A",,"A",,"A",,"A",,"A",,"A",,"A",,"A"
"20141",2678345,3,0,"1",,"A","200","D","01","D",12,"D",,"A",,"A",,"A",,"A",,"A",,"A",,"A",,"A",,"A"
"20141",2678345,4,0,"1",,"A","200","D","02","D",12,"D",,"A",,"A",,"A",,"A",,"A",,"A",,"A",,"A",,"A"
"20141",2678345,5,0,"1",,"A","200","D","12","D",12,"D",,"A",,"A",,"A",,"A",,"A",,"A",,"A",,"A",,"A"
"20141",2678345,6,0,"1",,"A","120","D","12","D",184,"D",,"A",,"A",,"A",,"A",,"A",,"A",,"A",,"A",,"A"
"20141",2678345,7,0,"2",,"A","200","D","12","D",12,"D",,"A",,"A",,"A",,"A",,"A",,"A",,"A",,"A",,"A"
"20141",2678355,26,0,"1",,"A","190","D","01","D",60,"D",,"A",,"A",,"A",,"A",,"A",,"A",,"A",,"A",,"A"
"20141",2678355,27,0,"1",,"A","190","D","02","D",60,"D",,"A",,"A",,"A",,"A",,"A",,"A",,"A",,"A",,"A"
"20141",2678615,11,0,"1",,"A","190","D","02","D",100,"D",,"A",,"A",,"A",,"A",,"A",,"A",,"A",,"A",,"A"
"20141",2678655,9,0,"1",,"A","190","D","01","D",45,"D",,"A",,"A",,"A",,"A",,"A",,"A",,"A",,"A",,"A"
"20141",2679195,6,0,"1",,"A","115","D","02","D",.,"H","110","D","100","D",,"A",,"A",,"A",,"A",,"A",,"A",,"A"
"20141",2679195,6,1,"1",,"A","110","D","02","D",203,"E",,"A",,"A",,"A",,"A",,"A",,"A",,"A",,"A",,"A"
"20141",2679195,6,2,"1",,"A","100","D","02","D",221,"E",,"A",,"A",,"A",,"A",,"A",,"A",,"A",,"A",,"A"
"20141",2679235,9,0,"2",,"A","200","D","12","D",477,"D",,"A",,"A",,"A",,"A",,"A",,"A",,"A",,"A",,"A"
"20141",2679275,3,0,"1",,"A","110","D","01","D",225,"D",,"A",,"A",,"A",,"A",,"A",,"A",,"A",,"A",,"A"
"20141",2679615,4,0,"1",,"A","110","D","01","D",48,"D",,"A",,"A",,"A",,"A",,"A",,"A",,"A",,"A",,"A"
"20141",2679615,5,0,"1",,"A","110","D","02","D",48,"D",,"A",,"A",,"A",,"A",,"A",,"A",,"A",,"A",,"A"
"20141",2679615,6,0,"1",,"A","110","D","12","D",48,"D",,"A",,"A",,"A",,"A",,"A",,"A",,"A",,"A",,"A"
"20141",2679805,11,0,"1",,"A","190","D","01","D",152,"D",,"A",,"A",,"A",,"A",,"A",,"A",,"A",,"A",,"A"
"20141",2679805,12,0,"1",,"A","110","D","01","D",71,"D",,"A",,"A",,"A",,"A",,"A",,"A",,"A",,"A",,"A"
"20141",2680035,4,0,"1",,"A","150","D","12","D",89,"D",,"A",,"A",,"A",,"A",,"A",,"A",,"A",,"A",,"A"
"20141",2680235,8,0,"1",,"A","160","D","01","D",400,"D",,"A",,"A",,"A",,"A",,"A",,"A",,"A",,"A",,"A"
"20141",2680664,7,0,"1",,"A","190","D","12","D",59,"D",,"A",,"A",,"A",,"A",,"A",,"A",,"A",,"A",,"A"
"20141",2681124,11,0,"2",,"A","130","D","10","D",65,"D",,"A",,"A",,"A",,"A",,"A",,"A",,"A",,"A",,"A"
"20141",2681154,7,0,"1",,"A","190","D","12","D",155,"D",,"A",,"A",,"A",,"A",,"A",,"A",,"A",,"A",,"A"
"20141",2681154,8,0,"1",,"A","190","D","12","D",125,"D",,"A",,"A",,"A",,"A",,"A",,"A",,"A",,"A",,"A"
"20141",2681554,17,0,"1",,"A","110","D","10","D",110,"D",,"A",,"A",,"A",,"A",,"A",,"A",,"A",,"A",,"A"
"20141",2682044,10,0,"2",,"A","110","D","10","D",41,"D",,"A",,"A",,"A",,"A",,"A",,"A",,"A",,"A",,"A"
"20141",2682054,10,0,"1",,"A","220","D","12","D",100,"D",,"A",,"A",,"A",,"A",,"A",,"A",,"A",,"A",,"A"
"20141",2682054,11,0,"1",,"A","160","D","12","D",34,"D",,"A",,"A",,"A",,"A",,"A",,"A",,"A",,"A",,"A"
"20141",2682164,16,0,"1",,"A","220","D","12","D",30,"D",,"A",,"A",,"A",,"A",,"A",,"A",,"A",,"A",,"A"
"20141",2682294,12,0,"1",,"A","190","D","10","D",75,"D",,"A",,"A",,"A",,"A",,"A",,"A",,"A",,"A",,"A"
"20141",2682294,13,0,"1",,"A","200","D","11","D",50,"D",,"A",,"A",,"A",,"A",,"A",,"A",,"A",,"A",,"A"
"20141",2682434,25,0,"1",,"A","110","D","11","D",103,"D",,"A",,"A",,"A",,"A",,"A",,"A",,"A",,"A",,"A"
"20141",2682674,7,0,"2",,"A","130","D","10","D",46,"D",,"A",,"A",,"A",,"A",,"A",,"A",,"A",,"A",,"A"
"20141",2683124,12,0,"2",,"A","110","D","10","D",249,"D",,"A",,"A",,"A",,"A",,"A",,"A",,"A",,"A",,"A"
"20141",2683164,10,0,"1",,"A","200","D","12","D",20,"D",,"A",,"A",,"A",,"A",,"A",,"A",,"A",,"A",,"A"
"20141",2683164,11,0,"1",,"A","200","D","11","D",20,"D",,"A",,"A",,"A",,"A",,"A",,"A",,"A",,"A",,"A"
"20141",2683164,12,0,"1",,"A","200","D","10","D",20,"D",,"A",,"A",,"A",,"A",,"A",,"A",,"A",,"A",,"A"
"20141",2683224,5,0,"1",,"A","190","D","12","D",30,"D",,"A",,"A",,"A",,"A",,"A",,"A",,"A",,"A",,"A"
"20141",2683224,6,0,"1",,"A","190","D","11","D",30,"D",,"A",,"A",,"A",,"A",,"A",,"A",,"A",,"A",,"A"
"20141",2683224,7,0,"1",,"A","190","D","10","D",30,"D",,"A",,"A",,"A",,"A",,"A",,"A",,"A",,"A",,"A"
"20141",2683264,3,0,"1",,"A","200","D","11","D",225,"D",,"A",,"A",,"A",,"A",,"A",,"A",,"A",,"A",,"A"
"20141",2683314,20,0,"1",,"A","190","D","11","D",150,"D",,"A",,"A",,"A",,"A",,"A",,"A",,"A",,"A",,"A"
"20141",2683854,21,0,"2",,"A","150","D","10","D",10,"D",,"A",,"A",,"A",,"A",,"A",,"A",,"A",,"A",,"A"
"20141",2684024,12,0,"1",,"A","200","D","10","D",190,"D",,"A",,"A",,"A",,"A",,"A",,"A",,"A",,"A",,"A"
"20141",2684114,10,0,"1",,"A","190","D","12","D",83,"D",,"A",,"A",,"A",,"A",,"A",,"A",,"A",,"A",,"A"
"20141",2684194,9,0,"1",,"A","190","D","10","D",129,"D",,"A",,"A",,"A",,"A",,"A",,"A",,"A",,"A",,"A"
"20141",2684194,10,0,"2",,"A","190","D","10","D",162,"D",,"A",,"A",,"A",,"A",,"A",,"A",,"A",,"A",,"A"
"20141",2684344,12,0,"1",,"A","110","D","11","D",615,"D",,"A",,"A",,"A",,"A",,"A",,"A",,"A",,"A",,"A"
"20141",2685484,5,0,"1",,"A","190","D","10","D",99,"D",,"A",,"A",,"A",,"A",,"A",,"A",,"A",,"A",,"A"
"20141",2685484,6,0,"1",,"A","190","D","12","D",99,"D",,"A",,"A",,"A",,"A",,"A",,"A",,"A",,"A",,"A"
"20141",2685644,6,0,"1",,"A","190","D","10","D",30,"D",,"A",,"A",,"A",,"A",,"A",,"A",,"A",,"A",,"A"
"20141",2686044,7,0,"1",,"A","130","D","10","D",275,"D",,"A",,"A",,"A",,"A",,"A",,"A",,"A",,"A",,"A"
"20141",2686294,11,0,"1",,"A","190","D","12","D",300,"D",,"A",,"A",,"A",,"A",,"A",,"A",,"A",,"A",,"A"
"20141",2686814,7,0,"1",,"A","140","D","11","D",33,"D",,"A",,"A",,"A",,"A",,"A",,"A",,"A",,"A",,"A"
"20141",2686894,7,0,"2",,"A","190","D","10","D",450,"D",,"A",,"A",,"A",,"A",,"A",,"A",,"A",,"A",,"A"
"20141",2687044,6,0,"1",,"A","190","D","11","D",108,"D",,"A",,"A",,"A",,"A",,"A",,"A",,"A",,"A",,"A"
"20141",2687424,5,0,"1",,"A","190","D","12","D",173,"D",,"A",,"A",,"A",,"A",,"A",,"A",,"A",,"A",,"A"
"20141",2687464,14,0,"1",,"A","190","D","11","D",93,"D",,"A",,"A",,"A",,"A",,"A",,"A",,"A",,"A",,"A"
"20141",2687474,13,0,"1",,"A","120","D","12","D",86,"D",,"A",,"A",,"A",,"A",,"A",,"A",,"A",,"A",,"A"
"20141",2687484,7,0,"1",,"A","190","D","10","D",125,"D",,"A",,"A",,"A",,"A",,"A",,"A",,"A",,"A",,"A"
"20141",2687524,6,0,"2",,"A","190","D","10","D",111,"D",,"A",,"A",,"A",,"A",,"A",,"A",,"A",,"A",,"A"
"20141",2687574,60,0,"1",,"A","130","D","10","D",217,"D",,"A",,"A",,"A",,"A",,"A",,"A",,"A",,"A",,"A"
"20141",2687634,6,0,"1",,"A","200","D","10","D",110,"D",,"A",,"A",,"A",,"A",,"A",,"A",,"A",,"A",,"A"
"20141",2688464,18,0,"1",,"A","170","D","12","D",278,"D",,"A",,"A",,"A",,"A",,"A",,"A",,"A",,"A",,"A"
"20141",2688634,3,0,"1",,"A","190","D","11","D",266,"D",,"A",,"A",,"A",,"A",,"A",,"A",,"A",,"A",,"A"
"20141",2689214,12,0,"1",,"A","140","D","11","D",55,"D",,"A",,"A",,"A",,"A",,"A",,"A",,"A",,"A",,"A"
"20141",2689214,13,0,"1",,"A","200","D","11","D",280,"D",,"A",,"A",,"A",,"A",,"A",,"A",,"A",,"A",,"A"
"20141",2690074,8,0,"1",,"A","110","D","12","D",400,"D",,"A",,"A",,"A",,"A",,"A",,"A",,"A",,"A",,"A"
"20141",2690544,5,0,"1",,"A","130","D","12","D",610,"D",,"A",,"A",,"A",,"A",,"A",,"A",,"A",,"A",,"A"
"20141",2690814,4,0,"1",,"A","200","D","11","D",130,"D",,"A",,"A",,"A",,"A",,"A",,"A",,"A",,"A",,"A"
"20141",2690934,9,0,"1",,"A","110","D","10","D",60,"D",,"A",,"A",,"A",,"A",,"A",,"A",,"A",,"A",,"A"
"20141",2691174,5,0,"1",,"A","220","D","12","D",150,"D",,"A",,"A",,"A",,"A",,"A",,"A",,"A",,"A",,"A"
"20141",2691404,5,0,"2",,"A","130","D","11","D",225,"D",,"A",,"A",,"A",,"A",,"A",,"A",,"A",,"A",,"A"
"20141",2691564,15,0,"1",,"A","190","D","01","D",59,"D",,"A",,"A",,"A",,"A",,"A",,"A",,"A",,"A",,"A"
"20141",2691754,9,0,"1",,"A","220","D","11","D",48,"D",,"A",,"A",,"A",,"A",,"A",,"A",,"A",,"A",,"A"
"20141",2691774,9,0,"1",,"A","130","D","11","D",139,"D",,"A",,"A",,"A",,"A",,"A",,"A",,"A",,"A",,"A"
"20141",2691774,10,0,"1",,"A","130","D","12","D",139,"D",,"A",,"A",,"A",,"A",,"A",,"A",,"A",,"A",,"A"
"20141",2691774,11,0,"1",,"A","130","D","01","D",139,"D",,"A",,"A",,"A",,"A",,"A",,"A",,"A",,"A",,"A"
"20141",2692114,4,0,"1",,"A","190","D","12","D",233,"D",,"A",,"A",,"A",,"A",,"A",,"A",,"A",,"A",,"A"
"20141",2692374,13,0,"1",,"A","190","D","12","D",99,"D",,"A",,"A",,"A",,"A",,"A",,"A",,"A",,"A",,"A"
"20141",2692464,10,0,"1",,"A","120","D","12","D",153,"F",,"A",,"A",,"A",,"A",,"A",,"A",,"A",,"A",,"A"
"20141",2692464,11,0,"1",,"A","220","D","12","D",128,"F",,"A",,"A",,"A",,"A",,"A",,"A",,"A",,"A",,"A"
"20141",2692684,7,0,"1",,"A","220","D","01","D",100,"D",,"A",,"A",,"A",,"A",,"A",,"A",,"A",,"A",,"A"
"20141",2692734,5,0,"1",,"A","190","D","11","D",250,"D",,"A",,"A",,"A",,"A",,"A",,"A",,"A",,"A",,"A"
"20141",2692734,6,0,"1",,"A","200","D","11","D",500,"D",,"A",,"A",,"A",,"A",,"A",,"A",,"A",,"A",,"A"
"20141",2692894,24,0,"1",,"A","100","D","01","D",139,"D",,"A",,"A",,"A",,"A",,"A",,"A",,"A",,"A",,"A"
"20141",2693104,30,0,"1",,"A","200","D","01","D",13,"D",,"A",,"A",,"A",,"A",,"A",,"A",,"A",,"A",,"A"
"20141",2693104,31,0,"2",,"A","200","D","11","D",12,"D",,"A",,"A",,"A",,"A",,"A",,"A",,"A",,"A",,"A"
"20141",2693394,1,0,"1",,"A","110","D","11","D",30,"D",,"A",,"A",,"A",,"A",,"A",,"A",,"A",,"A",,"A"
"20141",2693574,4,0,"1",,"A","200","D","12","D",175,"D",,"A",,"A",,"A",,"A",,"A",,"A",,"A",,"A",,"A"
"20141",2693974,7,0,"1",,"A","190","D","12","D",362,"D",,"A",,"A",,"A",,"A",,"A",,"A",,"A",,"A",,"A"
"20141",2693974,8,0,"1",,"A","190","D","12","D",90,"D",,"A",,"A",,"A",,"A",,"A",,"A",,"A",,"A",,"A"
"20141",2694104,8,0,"1",,"A","200","D","12","D",40,"D",,"A",,"A",,"A",,"A",,"A",,"A",,"A",,"A",,"A"
"20141",2694104,9,0,"2",,"A","200","D","11","D",150,"D",,"A",,"A",,"A",,"A",,"A",,"A",,"A",,"A",,"A"
"20141",2694114,11,0,"1",,"A","160","D","12","D",80,"D",,"A",,"A",,"A",,"A",,"A",,"A",,"A",,"A",,"A"
"20141",2694264,5,0,"1",,"A","190","D","01","D",86,"D",,"A",,"A",,"A",,"A",,"A",,"A",,"A",,"A",,"A"
"20141",2694604,2,0,"1",,"A","220","D","12","D",300,"D",,"A",,"A",,"A",,"A",,"A",,"A",,"A",,"A",,"A"
"20141",2695304,9,0,"1",,"A","190","D","01","D",104,"D",,"A",,"A",,"A",,"A",,"A",,"A",,"A",,"A",,"A"
"20141",2695304,10,0,"2",,"A","190","D","11","D",104,"D",,"A",,"A",,"A",,"A",,"A",,"A",,"A",,"A",,"A"
"20141",2695904,13,0,"1",,"A","190","D","11","D",89,"D",,"A",,"A",,"A",,"A",,"A",,"A",,"A",,"A",,"A"
"20141",2695994,7,0,"1",,"A","140","D","12","D",15,"D",,"A",,"A",,"A",,"A",,"A",,"A",,"A",,"A",,"A"
"20141",2696224,15,0,"2",,"A","200","D","11","D",44,"D",,"A",,"A",,"A",,"A",,"A",,"A",,"A",,"A",,"A"
"20141",2696484,15,0,"1",,"A","110","D","12","D",150,"D",,"A",,"A",,"A",,"A",,"A",,"A",,"A",,"A",,"A"
"20141",2696564,8,0,"1",,"A","110","D","11","D",58,"D",,"A",,"A",,"A",,"A",,"A",,"A",,"A",,"A",,"A"
"20141",2696564,9,0,"1",,"A","110","D","12","D",58,"D",,"A",,"A",,"A",,"A",,"A",,"A",,"A",,"A",,"A"
"20141",2696564,10,0,"1",,"A","110","D","01","D",58,"D",,"A",,"A",,"A",,"A",,"A",,"A",,"A",,"A",,"A"
"20141",2696664,4,0,"1",,"A","190","D","12","D",162,"D",,"A",,"A",,"A",,"A",,"A",,"A",,"A",,"A",,"A"
"20141",2697454,15,0,"2",,"A","110","D","11","D",330,"D",,"A",,"A",,"A",,"A",,"A",,"A",,"A",,"A",,"A"
"20141",2697524,3,0,"1",,"A","190","D","11","D",30,"D",,"A",,"A",,"A",,"A",,"A",,"A",,"A",,"A",,"A"
"20141",2697524,4,0,"1",,"A","190","D","12","D",30,"D",,"A",,"A",,"A",,"A",,"A",,"A",,"A",,"A",,"A"
"20141",2697524,5,0,"1",,"A","190","D","01","D",30,"D",,"A",,"A",,"A",,"A",,"A",,"A",,"A",,"A",,"A"
"20141",2697594,4,0,"1",,"A","190","D","01","D",88,"D",,"A",,"A",,"A",,"A",,"A",,"A",,"A",,"A",,"A"
"20141",2697604,7,0,"1",,"A","130","D","11","D",21,"D",,"A",,"A",,"A",,"A",,"A",,"A",,"A",,"A",,"A"
"20141",2697804,18,0,"1",,"A","200","D","11","D",10,"D",,"A",,"A",,"A",,"A",,"A",,"A",,"A",,"A",,"A"
"20141",2697804,19,0,"1",,"A","200","D","12","D",10,"D",,"A",,"A",,"A",,"A",,"A",,"A",,"A",,"A",,"A"
"20141",2697804,20,0,"1",,"A","200","D","01","D",10,"D",,"A",,"A",,"A",,"A",,"A",,"A",,"A",,"A",,"A"
"20141",2697974,2,0,"1",,"A","190","D","11","D",10,"D",,"A",,"A",,"A",,"A",,"A",,"A",,"A",,"A",,"A"
"20141",2697974,3,0,"1",,"A","190","D","12","D",10,"D",,"A",,"A",,"A",,"A",,"A",,"A",,"A",,"A",,"A"
"20141",2697984,10,0,"1",,"A","200","D","12","D",13,"D",,"A",,"A",,"A",,"A",,"A",,"A",,"A",,"A",,"A"
"20141",2698604,12,0,"1",,"A","110","D","01","D",21,"D",,"A",,"A",,"A",,"A",,"A",,"A",,"A",,"A",,"A"
"20141",2698994,11,0,"1",,"A","130","D","01","D",333,"D",,"A",,"A",,"A",,"A",,"A",,"A",,"A",,"A",,"A"
"20141",2699094,3,0,"1",,"A","110","D","01","D",35,"D",,"A",,"A",,"A",,"A",,"A",,"A",,"A",,"A",,"A"
"20141",2699274,2,0,"1",,"A","190","D","01","D",81,"D",,"A",,"A",,"A",,"A",,"A",,"A",,"A",,"A",,"A"
"20141",2699394,8,0,"1",,"A","120","D","12","D",89,"D",,"A",,"A",,"A",,"A",,"A",,"A",,"A",,"A",,"A"
"20141",2699604,2,0,"1",,"A","190","D","12","D",54,"D",,"A",,"A",,"A",,"A",,"A",,"A",,"A",,"A",,"A"
"20141",2699614,4,0,"1",,"A","100","D","11","D",159,"D",,"A",,"A",,"A",,"A",,"A",,"A",,"A",,"A",,"A"
"20141",2699854,8,0,"2",,"A","190","D","11","D",108,"D",,"A",,"A",,"A",,"A",,"A",,"A",,"A",,"A",,"A"
"20141",2700064,10,0,"1",,"A","120","D","12","D",40,"D",,"A",,"A",,"A",,"A",,"A",,"A",,"A",,"A",,"A"
"20141",2700354,15,0,"1",,"A","100","D","01","D",50,"D",,"A",,"A",,"A",,"A",,"A",,"A",,"A",,"A",,"A"
"20141",2700354,16,0,"1",,"A","110","D","01","D",100,"D",,"A",,"A",,"A",,"A",,"A",,"A",,"A",,"A",,"A"
"20141",2700774,5,0,"1",,"A","110","D","01","D",135,"D",,"A",,"A",,"A",,"A",,"A",,"A",,"A",,"A",,"A"
"20141",2701294,3,0,"1",,"A","190","D","01","D",108,"D",,"A",,"A",,"A",,"A",,"A",,"A",,"A",,"A",,"A"
"20141",2701304,9,0,"2",,"A","170","D","11","D",50,"D",,"A",,"A",,"A",,"A",,"A",,"A",,"A",,"A",,"A"
"20141",2701334,15,0,"2",,"A","200","D","11","D",1,"D",,"A",,"A",,"A",,"A",,"A",,"A",,"A",,"A",,"A"
"20141",2701354,12,0,"1",,"A","110","D","12","D",159,"D",,"A",,"A",,"A",,"A",,"A",,"A",,"A",,"A",,"A"
"20141",2701514,6,0,"2",,"A","110","D","11","D",30,"D",,"A",,"A",,"A",,"A",,"A",,"A",,"A",,"A",,"A"
"20141",2701614,16,0,"2",,"A","220","D","11","D",104,"D",,"A",,"A",,"A",,"A",,"A",,"A",,"A",,"A",,"A"
"20141",2701624,2,0,"1",,"A","220","D","12","D",42,"D",,"A",,"A",,"A",,"A",,"A",,"A",,"A",,"A",,"A"
"20141",2701634,10,0,"1",,"A","110","D","01","D",46,"D",,"A",,"A",,"A",,"A",,"A",,"A",,"A",,"A",,"A"
"20141",2701644,12,0,"1",,"A","120","D","01","D",819,"D",,"A",,"A",,"A",,"A",,"A",,"A",,"A",,"A",,"A"
"20141",2701664,4,0,"1",,"A","190","D","12","D",40,"D",,"A",,"A",,"A",,"A",,"A",,"A",,"A",,"A",,"A"
"20141",2701664,5,0,"1",,"A","190","D","01","D",40,"D",,"A",,"A",,"A",,"A",,"A",,"A",,"A",,"A",,"A"
"20141",2701714,3,0,"2",,"A","190","D","11","D",37,"D",,"A",,"A",,"A",,"A",,"A",,"A",,"A",,"A",,"A"
"20141",2702004,6,0,"1",,"A","190","D","01","D",97,"D",,"A",,"A",,"A",,"A",,"A",,"A",,"A",,"A",,"A"
"20141",2702054,7,0,"1",,"A","100","D","12","D",32,"D",,"A",,"A",,"A",,"A",,"A",,"A",,"A",,"A",,"A"
"20141",2702724,29,0,"2",,"A","170","D","12","D",60,"D",,"A",,"A",,"A",,"A",,"A",,"A",,"A",,"A",,"A"
"20141",2703114,3,0,"1",,"A","190","D","01","D",40,"D",,"A",,"A",,"A",,"A",,"A",,"A",,"A",,"A",,"A"
"20141",2704234,3,0,"1",,"A","190","D","01","D",41,"D",,"A",,"A",,"A",,"A",,"A",,"A",,"A",,"A",,"A"
"20141",2704234,4,0,"1",,"A","190","D","02","D",41,"D",,"A",,"A",,"A",,"A",,"A",,"A",,"A",,"A",,"A"
"20141",2704234,5,0,"1",,"A","190","D","12","D",41,"D",,"A",,"A",,"A",,"A",,"A",,"A",,"A",,"A",,"A"
"20141",2704524,3,0,"1",,"A","190","D","01","D",120,"D",,"A",,"A",,"A",,"A",,"A",,"A",,"A",,"A",,"A"
"20141",2704784,6,0,"1",,"A","190","D","02","D",83,"D",,"A",,"A",,"A",,"A",,"A",,"A",,"A",,"A",,"A"
"20141",2704944,4,0,"1",,"A","190","D","12","D",179,"D",,"A",,"A",,"A",,"A",,"A",,"A",,"A",,"A",,"A"
"20141",2705044,7,0,"1",,"A","160","D","12","D",400,"D",,"A",,"A",,"A",,"A",,"A",,"A",,"A",,"A",,"A"
"20141",2705044,8,0,"2",,"A","190","D","12","D",113,"D",,"A",,"A",,"A",,"A",,"A",,"A",,"A",,"A",,"A"
"20141",2705174,3,0,"1",,"A","200","D","02","D",485,"D",,"A",,"A",,"A",,"A",,"A",,"A",,"A",,"A",,"A"
"20141",2705454,23,0,"1",,"A","190","D","01","D",74,"D",,"A",,"A",,"A",,"A",,"A",,"A",,"A",,"A",,"A"
"20141",2705454,24,0,"1",,"A","190","D","02","D",74,"D",,"A",,"A",,"A",,"A",,"A",,"A",,"A",,"A",,"A"
"20141",2705454,25,0,"2",,"A","190","D","12","D",74,"D",,"A",,"A",,"A",,"A",,"A",,"A",,"A",,"A",,"A"
"20141",2705544,8,0,"1",,"A","190","D","01","D",112,"D",,"A",,"A",,"A",,"A",,"A",,"A",,"A",,"A",,"A"
"20141",2705564,6,0,"1",,"A","130","D","12","D",302,"D",,"A",,"A",,"A",,"A",,"A",,"A",,"A",,"A",,"A"
"20141",2705824,4,0,"2",,"A","190","D","12","D",33,"D",,"A",,"A",,"A",,"A",,"A",,"A",,"A",,"A",,"A"
"20141",2706284,9,0,"1",,"A","190","D","12","D",30,"D",,"A",,"A",,"A",,"A",,"A",,"A",,"A",,"A",,"A"
"20141",2706284,10,0,"1",,"A","190","D","01","D",30,"D",,"A",,"A",,"A",,"A",,"A",,"A",,"A",,"A",,"A"
"20141",2706284,11,0,"1",,"A","190","D","02","D",30,"D",,"A",,"A",,"A",,"A",,"A",,"A",,"A",,"A",,"A"
"20141",2706284,12,0,"2",,"A","190","D","12","D",30,"D",,"A",,"A",,"A",,"A",,"A",,"A",,"A",,"A",,"A"
"20141",2706414,11,0,"1",,"A","200","D","12","D",200,"D",,"A",,"A",,"A",,"A",,"A",,"A",,"A",,"A",,"A"
"20141",2706544,2,0,"1",,"A","190","D","12","D",60,"D",,"A",,"A",,"A",,"A",,"A",,"A",,"A",,"A",,"A"
"20141",2706544,3,0,"1",,"A","190","D","01","D",60,"D",,"A",,"A",,"A",,"A",,"A",,"A",,"A",,"A",,"A"
"20141",2706544,4,0,"1",,"A","190","D","02","D",60,"D",,"A",,"A",,"A",,"A",,"A",,"A",,"A",,"A",,"A"
"20141",2706704,23,0,"1",,"A","100","D","02","D",78,"D",,"A",,"A",,"A",,"A",,"A",,"A",,"A",,"A",,"A"
"20141",2706744,9,0,"1",,"A","190","D","12","D",104,"D",,"A",,"A",,"A",,"A",,"A",,"A",,"A",,"A",,"A"
"20141",2706874,52,0,"1",,"A","110","D","02","D",66,"D",,"A",,"A",,"A",,"A",,"A",,"A",,"A",,"A",,"A"
"20141",2706934,6,0,"1",,"A","200","D","02","D",394,"D",,"A",,"A",,"A",,"A",,"A",,"A",,"A",,"A",,"A"
"20141",2707724,3,0,"1",,"A","110","D","01","D",125,"D",,"A",,"A",,"A",,"A",,"A",,"A",,"A",,"A",,"A"
"20141",2708234,8,0,"1",,"A","190","D","12","D",27,"D",,"A",,"A",,"A",,"A",,"A",,"A",,"A",,"A",,"A"
"20141",2708234,9,0,"1",,"A","190","D","01","D",27,"D",,"A",,"A",,"A",,"A",,"A",,"A",,"A",,"A",,"A"
"20141",2708234,10,0,"1",,"A","190","D","02","D",27,"D",,"A",,"A",,"A",,"A",,"A",,"A",,"A",,"A",,"A"
"20141",2708234,11,0,"1",,"A","130","D","02","D",55,"D",,"A",,"A",,"A",,"A",,"A",,"A",,"A",,"A",,"A"
"20141",2708344,9,0,"1",,"A","190","D","12","D",33,"D",,"A",,"A",,"A",,"A",,"A",,"A",,"A",,"A",,"A"
"20141",2708344,10,0,"1",,"A","190","D","01","D",33,"D",,"A",,"A",,"A",,"A",,"A",,"A",,"A",,"A",,"A"
"20141",2708344,11,0,"1",,"A","190","D","02","D",33,"D",,"A",,"A",,"A",,"A",,"A",,"A",,"A",,"A",,"A"
"20141",2708344,12,0,"2",,"A","190","D","12","D",33,"D",,"A",,"A",,"A",,"A",,"A",,"A",,"A",,"A",,"A"
"20141",2708494,15,0,"1",,"A","200","D","02","D",295,"D",,"A",,"A",,"A",,"A",,"A",,"A",,"A",,"A",,"A"
"20141",2708624,9,0,"1",,"A","100","D","02","D",75,"D",,"A",,"A",,"A",,"A",,"A",,"A",,"A",,"A",,"A"
"20141",2709014,3,0,"1",,"A","110","D","01","D",109,"D",,"A",,"A",,"A",,"A",,"A",,"A",,"A",,"A",,"A"
"20141",2709254,12,0,"1",,"A","130","D","12","D",80,"D",,"A",,"A",,"A",,"A",,"A",,"A",,"A",,"A",,"A"
"20141",2709814,8,0,"1",,"A","220","D","02","D",42,"D",,"A",,"A",,"A",,"A",,"A",,"A",,"A",,"A",,"A"
"20141",2710224,7,0,"1",,"A","190","D","12","D",38,"D",,"A",,"A",,"A",,"A",,"A",,"A",,"A",,"A",,"A"
"20141",2710224,8,0,"1",,"A","190","D","01","D",38,"D",,"A",,"A",,"A",,"A",,"A",,"A",,"A",,"A",,"A"
"20141",2710224,9,0,"1",,"A","190","D","02","D",38,"D",,"A",,"A",,"A",,"A",,"A",,"A",,"A",,"A",,"A"
"20141",2710224,10,0,"2",,"A","190","D","12","D",35,"D",,"A",,"A",,"A",,"A",,"A",,"A",,"A",,"A",,"A"
"20141",2710314,3,0,"1",,"A","110","D","01","D",107,"D",,"A",,"A",,"A",,"A",,"A",,"A",,"A",,"A",,"A"
"20141",2710594,20,0,"1",,"A","200","D","01","D",20,"D",,"A",,"A",,"A",,"A",,"A",,"A",,"A",,"A",,"A"
"20141",2710594,21,0,"1",,"A","200","D","12","D",20,"D",,"A",,"A",,"A",,"A",,"A",,"A",,"A",,"A",,"A"
"20141",2710594,22,0,"1",,"A","200","D","02","D",20,"D",,"A",,"A",,"A",,"A",,"A",,"A",,"A",,"A",,"A"
"20141",2710594,23,0,"2",,"A","200","D","12","D",20,"D",,"A",,"A",,"A",,"A",,"A",,"A",,"A",,"A",,"A"
"20141",2710794,4,0,"1",,"A","190","D","01","D",347,"D",,"A",,"A",,"A",,"A",,"A",,"A",,"A",,"A",,"A"
"20141",2710824,9,0,"1",,"A","200","D","02","D",158,"D",,"A",,"A",,"A",,"A",,"A",,"A",,"A",,"A",,"A"
"20141",2711014,14,0,"1",,"A","190","D","02","D",99,"D",,"A",,"A",,"A",,"A",,"A",,"A",,"A",,"A",,"A"
"20141",2711054,1,0,"1",,"A","190","D","12","D",20,"D",,"A",,"A",,"A",,"A",,"A",,"A",,"A",,"A",,"A"
"20141",2711054,2,0,"1",,"A","190","D","01","D",20,"D",,"A",,"A",,"A",,"A",,"A",,"A",,"A",,"A",,"A"
"20141",2711054,3,0,"1",,"A","190","D","02","D",20,"D",,"A",,"A",,"A",,"A",,"A",,"A",,"A",,"A",,"A"
"20141",2711054,4,0,"2",,"A","190","D","12","D",20,"D",,"A",,"A",,"A",,"A",,"A",,"A",,"A",,"A",,"A"
"20141",2711704,2,0,"1",,"A","190","D","02","D",90,"D",,"A",,"A",,"A",,"A",,"A",,"A",,"A",,"A",,"A"
"20141",2711774,4,0,"1",,"A","100","D","01","D",96,"D",,"A",,"A",,"A",,"A",,"A",,"A",,"A",,"A",,"A"
"20141",2711774,5,0,"1",,"A","190","D","12","D",49,"D",,"A",,"A",,"A",,"A",,"A",,"A",,"A",,"A",,"A"
"20141",2711804,3,0,"1",,"A","110","D","01","D",25,"D",,"A",,"A",,"A",,"A",,"A",,"A",,"A",,"A",,"A"
"20141",2712074,7,0,"1",,"A","190","D","01","D",190,"D",,"A",,"A",,"A",,"A",,"A",,"A",,"A",,"A",,"A"
"20141",2712224,8,0,"1",,"A","130","D","01","D",100,"D",,"A",,"A",,"A",,"A",,"A",,"A",,"A",,"A",,"A"
"20141",2712414,10,0,"2",,"A","140","D","12","D",225,"D",,"A",,"A",,"A",,"A",,"A",,"A",,"A",,"A",,"A"
"20141",2712444,10,0,"1",,"A","190","D","01","D",38,"D",,"A",,"A",,"A",,"A",,"A",,"A",,"A",,"A",,"A"
"20141",2712444,11,0,"1",,"A","190","D","02","D",38,"D",,"A",,"A",,"A",,"A",,"A",,"A",,"A",,"A",,"A"
"20141",2712654,8,0,"1",,"A","190","D","01","D",100,"D",,"A",,"A",,"A",,"A",,"A",,"A",,"A",,"A",,"A"
"20141",2712744,3,0,"2",,"A","190","D","12","D",138,"D",,"A",,"A",,"A",,"A",,"A",,"A",,"A",,"A",,"A"
"20141",2713284,3,0,"1",,"A","130","D","02","D",138,"D",,"A",,"A",,"A",,"A",,"A",,"A",,"A",,"A",,"A"
"20141",2713404,5,0,"1",,"A","220","D","02","D",135,"D",,"A",,"A",,"A",,"A",,"A",,"A",,"A",,"A",,"A"
"20141",2713553,5,0,"1",,"A","220","D","12","D",125,"D",,"A",,"A",,"A",,"A",,"A",,"A",,"A",,"A",,"A"
"20141",2713563,5,0,"1",,"A","160","D","12","D",54,"D",,"A",,"A",,"A",,"A",,"A",,"A",,"A",,"A",,"A"
"20141",2713583,2,0,"1",,"A","190","D","11","D",33,"D",,"A",,"A",,"A",,"A",,"A",,"A",,"A",,"A",,"A"
"20141",2714053,10,0,"1",,"A","130","D","12","D",422,"D",,"A",,"A",,"A",,"A",,"A",,"A",,"A",,"A",,"A"
"20141",2714483,10,0,"1",,"A","220","D","12","D",265,"D",,"A",,"A",,"A",,"A",,"A",,"A",,"A",,"A",,"A"
"20141",2714813,8,0,"1",,"A","190","D","11","D",75,"D",,"A",,"A",,"A",,"A",,"A",,"A",,"A",,"A",,"A"
"20141",2715093,8,0,"1",,"A","220","D","11","D",120,"D",,"A",,"A",,"A",,"A",,"A",,"A",,"A",,"A",,"A"
"20141",2715323,5,0,"1",,"A","130","D","12","D",150,"D",,"A",,"A",,"A",,"A",,"A",,"A",,"A",,"A",,"A"
"20141",2715323,6,0,"1",,"A","130","D","11","D",150,"D",,"A",,"A",,"A",,"A",,"A",,"A",,"A",,"A",,"A"
"20141",2715323,7,0,"1",,"A","130","D","10","D",150,"D",,"A",,"A",,"A",,"A",,"A",,"A",,"A",,"A",,"A"
"20141",2715443,7,0,"1",,"A","110","D","10","D",42,"D",,"A",,"A",,"A",,"A",,"A",,"A",,"A",,"A",,"A"
"20141",2715443,8,0,"1",,"A","110","D","11","D",42,"D",,"A",,"A",,"A",,"A",,"A",,"A",,"A",,"A",,"A"
"20141",2715443,9,0,"1",,"A","110","D","12","D",42,"D",,"A",,"A",,"A",,"A",,"A",,"A",,"A",,"A",,"A"
"20141",2715643,19,0,"1",,"A","140","D","12","D",50,"D",,"A",,"A",,"A",,"A",,"A",,"A",,"A",,"A",,"A"
"20141",2715973,4,0,"2",,"A","220","D","10","D",150,"D",,"A",,"A",,"A",,"A",,"A",,"A",,"A",,"A",,"A"
"20141",2716163,5,0,"1",,"A","200","D","12","D",100,"D",,"A",,"A",,"A",,"A",,"A",,"A",,"A",,"A",,"A"
"20141",2716183,4,0,"1",,"A","110","D","11","D",199,"D",,"A",,"A",,"A",,"A",,"A",,"A",,"A",,"A",,"A"
"20141",2716223,1,0,"1",,"A","150","D","11","D",470,"D",,"A",,"A",,"A",,"A",,"A",,"A",,"A",,"A",,"A"
"20141",2716223,2,0,"1",,"A","200","D","12","D",900,"D",,"A",,"A",,"A",,"A",,"A",,"A",,"A",,"A",,"A"
"20141",2716253,5,0,"1",,"A","190","D","12","D",12,"D",,"A",,"A",,"A",,"A",,"A",,"A",,"A",,"A",,"A"
"20141",2716463,5,0,"1",,"A","200","D","12","D",75,"D",,"A",,"A",,"A",,"A",,"A",,"A",,"A",,"A",,"A"
"20141",2716783,6,0,"1",,"A","190","D","12","D",70,"D",,"A",,"A",,"A",,"A",,"A",,"A",,"A",,"A",,"A"
"20141",2717403,11,0,"1",,"A","190","D","10","D",65,"D",,"A",,"A",,"A",,"A",,"A",,"A",,"A",,"A",,"A"
"20141",2717673,8,0,"1",,"A","190","D","10","D",68,"D",,"A",,"A",,"A",,"A",,"A",,"A",,"A",,"A",,"A"
"20141",2717943,18,0,"1",,"A","220","D","11","D",100,"D",,"A",,"A",,"A",,"A",,"A",,"A",,"A",,"A",,"A"
"20141",2717943,19,0,"1",,"A","130","D","12","D",181,"F",,"A",,"A",,"A",,"A",,"A",,"A",,"A",,"A",,"A"
"20141",2717973,8,0,"2",,"A","120","D","10","D",161,"D",,"A",,"A",,"A",,"A",,"A",,"A",,"A",,"A",,"A"
"20141",2718325,7,0,"1",,"A","200","D","10","D",1250,"D",,"A",,"A",,"A",,"A",,"A",,"A",,"A",,"A",,"A"
"20141",2718703,15,0,"1",,"A","120","D","12","D",44,"D",,"A",,"A",,"A",,"A",,"A",,"A",,"A",,"A",,"A"
"20141",2719323,17,0,"2",,"A","110","D","10","D",178,"D",,"A",,"A",,"A",,"A",,"A",,"A",,"A",,"A",,"A"
"20141",2719413,31,0,"1",,"A","200","D","11","D",300,"D",,"A",,"A",,"A",,"A",,"A",,"A",,"A",,"A",,"A"
"20141",2719413,32,0,"1",,"A","200","D","11","D",38,"D",,"A",,"A",,"A",,"A",,"A",,"A",,"A",,"A",,"A"
"20141",2719623,9,0,"1",,"A","100","D","12","D",27,"D",,"A",,"A",,"A",,"A",,"A",,"A",,"A",,"A",,"A"
"20141",2719623,10,0,"1",,"A","110","D","12","D",22,"D",,"A",,"A",,"A",,"A",,"A",,"A",,"A",,"A",,"A"
"20141",2719644,21,0,"1",,"A","190","D","12","D",106,"D",,"A",,"A",,"A",,"A",,"A",,"A",,"A",,"A",,"A"
"20141",2719873,24,0,"1",,"A","190","D","10","D",65,"D",,"A",,"A",,"A",,"A",,"A",,"A",,"A",,"A",,"A"
"20141",2719933,5,0,"1",,"A","220","D","12","D",75,"D",,"A",,"A",,"A",,"A",,"A",,"A",,"A",,"A",,"A"
"20141",2720063,9,0,"1",,"A","120","D","12","D",16,"D",,"A",,"A",,"A",,"A",,"A",,"A",,"A",,"A",,"A"
"20141",2720103,23,0,"1",,"A","190","D","12","D",60,"D",,"A",,"A",,"A",,"A",,"A",,"A",,"A",,"A",,"A"
"20141",2720333,1,0,"1",,"A","190","D","11","D",75,"D",,"A",,"A",,"A",,"A",,"A",,"A",,"A",,"A",,"A"
"20141",2720373,6,0,"1",,"A","200","D","11","D",31,"D",,"A",,"A",,"A",,"A",,"A",,"A",,"A",,"A",,"A"
"20141",2720373,7,0,"1",,"A","200","D","12","D",31,"D",,"A",,"A",,"A",,"A",,"A",,"A",,"A",,"A",,"A"
"20141",2720373,8,0,"2",,"A","200","D","10","D",29,"D",,"A",,"A",,"A",,"A",,"A",,"A",,"A",,"A",,"A"
"20141",2720553,10,0,"2",,"A","200","D","10","D",195,"D",,"A",,"A",,"A",,"A",,"A",,"A",,"A",,"A",,"A"
"20141",2721043,8,0,"1",,"A","170","D","10","D",21,"D",,"A",,"A",,"A",,"A",,"A",,"A",,"A",,"A",,"A"
"20141",2721073,9,0,"2",,"A","110","D","10","D",50,"D",,"A",,"A",,"A",,"A",,"A",,"A",,"A",,"A",,"A"
"20141",2721273,9,0,"1",,"A","200","D","12","D",185,"D",,"A",,"A",,"A",,"A",,"A",,"A",,"A",,"A",,"A"
"20141",2721363,13,0,"1",,"A","160","D","10","D",169,"D",,"A",,"A",,"A",,"A",,"A",,"A",,"A",,"A",,"A"
"20141",2721603,5,0,"1",,"A","110","D","12","D",120,"D",,"A",,"A",,"A",,"A",,"A",,"A",,"A",,"A",,"A"
"20141",2721613,2,0,"1",,"A","100","D","10","D",150,"D",,"A",,"A",,"A",,"A",,"A",,"A",,"A",,"A",,"A"
"20141",2722193,4,0,"1",,"A","190","D","12","D",75,"D",,"A",,"A",,"A",,"A",,"A",,"A",,"A",,"A",,"A"
"20141",2722193,5,0,"2",,"A","190","D","10","D",70,"D",,"A",,"A",,"A",,"A",,"A",,"A",,"A",,"A",,"A"
"20141",2722413,10,0,"1",,"A","190","D","10","D",130,"D",,"A",,"A",,"A",,"A",,"A",,"A",,"A",,"A",,"A"
"20141",2722823,14,0,"1",,"A","200","D","12","D",310,"D",,"A",,"A",,"A",,"A",,"A",,"A",,"A",,"A",,"A"
"20141",2723103,7,0,"1",,"A","190","D","11","D",75,"D",,"A",,"A",,"A",,"A",,"A",,"A",,"A",,"A",,"A"
"20141",2723103,8,0,"2",,"A","190","D","10","D",75,"D",,"A",,"A",,"A",,"A",,"A",,"A",,"A",,"A",,"A"
"20141",2723293,7,0,"1",,"A","190","D","12","D",606,"D",,"A",,"A",,"A",,"A",,"A",,"A",,"A",,"A",,"A"
"20141",2723293,8,0,"1",,"A","200","D","10","D",390,"D",,"A",,"A",,"A",,"A",,"A",,"A",,"A",,"A",,"A"
"20141",2723603,12,0,"1",,"A","190","D","12","D",79,"D",,"A",,"A",,"A",,"A",,"A",,"A",,"A",,"A",,"A"
"20141",2723823,5,0,"1",,"A","200","D","11","D",80,"D",,"A",,"A",,"A",,"A",,"A",,"A",,"A",,"A",,"A"
"20141",2724203,11,0,"1",,"A","200","D","10","D",75,"D",,"A",,"A",,"A",,"A",,"A",,"A",,"A",,"A",,"A"
"20141",2724273,3,0,"1",,"A","110","D","11","D",820,"D",,"A",,"A",,"A",,"A",,"A",,"A",,"A",,"A",,"A"
"20141",2724353,12,0,"2",,"A","200","D","10","D",25,"D",,"A",,"A",,"A",,"A",,"A",,"A",,"A",,"A",,"A"
"20141",2724803,12,0,"1",,"A","200","D","01","D",350,"D",,"A",,"A",,"A",,"A",,"A",,"A",,"A",,"A",,"A"
"20141",2724903,20,0,"1",,"A","200","D","11","D",130,"D",,"A",,"A",,"A",,"A",,"A",,"A",,"A",,"A",,"A"
"20141",2725413,26,0,"2",,"A","110","D","11","D",80,"D",,"A",,"A",,"A",,"A",,"A",,"A",,"A",,"A",,"A"
"20141",2725483,5,0,"2",,"A","190","D","11","D",120,"D",,"A",,"A",,"A",,"A",,"A",,"A",,"A",,"A",,"A"
"20141",2725663,8,0,"1",,"A","120","D","11","D",26,"D",,"A",,"A",,"A",,"A",,"A",,"A",,"A",,"A",,"A"
"20141",2725853,3,0,"1",,"A","190","D","11","D",30,"D",,"A",,"A",,"A",,"A",,"A",,"A",,"A",,"A",,"A"
"20141",2726133,17,0,"1",,"A","110","D","01","D",55,"D",,"A",,"A",,"A",,"A",,"A",,"A",,"A",,"A",,"A"
"20141",2726133,18,0,"2",,"A","170","D","11","D",171,"D",,"A",,"A",,"A",,"A",,"A",,"A",,"A",,"A",,"A"
"20141",2726343,11,0,"1",,"A","190","D","12","D",21,"D",,"A",,"A",,"A",,"A",,"A",,"A",,"A",,"A",,"A"
"20141",2727173,11,0,"1",,"A","190","D","12","D",87,"D",,"A",,"A",,"A",,"A",,"A",,"A",,"A",,"A",,"A"
"20141",2727193,8,0,"1",,"A","200","D","11","D",61,"D",,"A",,"A",,"A",,"A",,"A",,"A",,"A",,"A",,"A"
"20141",2727403,11,0,"1",,"A","190","D","12","D",150,"D",,"A",,"A",,"A",,"A",,"A",,"A",,"A",,"A",,"A"
"20141",2727403,12,0,"1",,"A","190","D","11","D",150,"D",,"A",,"A",,"A",,"A",,"A",,"A",,"A",,"A",,"A"
"20141",2727403,13,0,"1",,"A","190","D","01","D",150,"D",,"A",,"A",,"A",,"A",,"A",,"A",,"A",,"A",,"A"
"20141",2728173,20,0,"1",,"A","190","D","01","D",83,"D",,"A",,"A",,"A",,"A",,"A",,"A",,"A",,"A",,"A"
"20141",2728173,21,0,"1",,"A","200","D","11","D",256,"D",,"A",,"A",,"A",,"A",,"A",,"A",,"A",,"A",,"A"
"20141",2728183,13,0,"1",,"A","190","D","12","D",30,"D",,"A",,"A",,"A",,"A",,"A",,"A",,"A",,"A",,"A"
"20141",2728183,14,0,"1",,"A","190","D","11","D",30,"D",,"A",,"A",,"A",,"A",,"A",,"A",,"A",,"A",,"A"
"20141",2728183,15,0,"1",,"A","190","D","01","D",30,"D",,"A",,"A",,"A",,"A",,"A",,"A",,"A",,"A",,"A"
"20141",2728873,14,0,"1",,"A","110","D","12","D",209,"D",,"A",,"A",,"A",,"A",,"A",,"A",,"A",,"A",,"A"
"20141",2729283,4,0,"1",,"A","220","D","11","D",50,"D",,"A",,"A",,"A",,"A",,"A",,"A",,"A",,"A",,"A"
"20141",2729573,8,0,"1",,"A","220","D","12","D",814,"D",,"A",,"A",,"A",,"A",,"A",,"A",,"A",,"A",,"A"
"20141",2729683,15,0,"1",,"A","110","D","11","D",89,"D",,"A",,"A",,"A",,"A",,"A",,"A",,"A",,"A",,"A"
"20141",2729683,16,0,"1",,"A","110","D","12","D",89,"D",,"A",,"A",,"A",,"A",,"A",,"A",,"A",,"A",,"A"
"20141",2729683,17,0,"1",,"A","110","D","01","D",89,"D",,"A",,"A",,"A",,"A",,"A",,"A",,"A",,"A",,"A"
"20141",2729885,8,0,"1",,"A","220","D","01","D",300,"D",,"A",,"A",,"A",,"A",,"A",,"A",,"A",,"A",,"A"
"20141",2730523,16,0,"1",,"A","190","D","11","D",90,"D",,"A",,"A",,"A",,"A",,"A",,"A",,"A",,"A",,"A"
"20141",2730613,5,0,"1",,"A","200","D","11","D",160,"D",,"A",,"A",,"A",,"A",,"A",,"A",,"A",,"A",,"A"
"20141",2730613,6,0,"1",,"A","190","D","12","D",72,"D",,"A",,"A",,"A",,"A",,"A",,"A",,"A",,"A",,"A"
"20141",2731463,3,0,"1",,"A","120","D","01","D",183,"D",,"A",,"A",,"A",,"A",,"A",,"A",,"A",,"A",,"A"
"20141",2731473,1,0,"1",,"A","110","D","11","D",3,"D",,"A",,"A",,"A",,"A",,"A",,"A",,"A",,"A",,"A"
"20141",2731473,2,0,"1",,"A","110","D","12","D",3,"D",,"A",,"A",,"A",,"A",,"A",,"A",,"A",,"A",,"A"
"20141",2731473,3,0,"1",,"A","110","D","01","D",3,"D",,"A",,"A",,"A",,"A",,"A",,"A",,"A",,"A",,"A"
"20141",2731633,6,0,"1",,"A","220","D","01","D",158,"D",,"A",,"A",,"A",,"A",,"A",,"A",,"A",,"A",,"A"
"20141",2731853,13,0,"1",,"A","140","D","12","D",214,"D",,"A",,"A",,"A",,"A",,"A",,"A",,"A",,"A",,"A"
"20141",2731913,6,0,"1",,"A","190","D","11","D",45,"D",,"A",,"A",,"A",,"A",,"A",,"A",,"A",,"A",,"A"
"20141",2732153,15,0,"1",,"A","200","D","12","D",14,"D",,"A",,"A",,"A",,"A",,"A",,"A",,"A",,"A",,"A"
"20141",2732303,6,0,"1",,"A","220","D","01","D",50,"D",,"A",,"A",,"A",,"A",,"A",,"A",,"A",,"A",,"A"
"20141",2732353,15,0,"1",,"A","170","D","12","D",30,"D",,"A",,"A",,"A",,"A",,"A",,"A",,"A",,"A",,"A"
"20141",2732353,16,0,"1",,"A","110","D","01","D",90,"D",,"A",,"A",,"A",,"A",,"A",,"A",,"A",,"A",,"A"
"20141",2732593,8,0,"1",,"A","190","D","01","D",118,"D",,"A",,"A",,"A",,"A",,"A",,"A",,"A",,"A",,"A"
"20141",2732823,3,0,"2",,"A","190","D","11","D",48,"D",,"A",,"A",,"A",,"A",,"A",,"A",,"A",,"A",,"A"
"20141",2732863,4,0,"1",,"A","130","D","12","D",106,"D",,"A",,"A",,"A",,"A",,"A",,"A",,"A",,"A",,"A"
"20141",2732873,11,0,"2",,"A","190","D","11","D",270,"D",,"A",,"A",,"A",,"A",,"A",,"A",,"A",,"A",,"A"
"20141",2733293,3,0,"1",,"A","190","D","01","D",214,"D",,"A",,"A",,"A",,"A",,"A",,"A",,"A",,"A",,"A"
"20141",2733293,4,0,"2",,"A","190","D","11","D",214,"D",,"A",,"A",,"A",,"A",,"A",,"A",,"A",,"A",,"A"
"20141",2733353,6,0,"1",,"A","120","D","11","D",99,"D",,"A",,"A",,"A",,"A",,"A",,"A",,"A",,"A",,"A"
"20141",2733623,4,0,"1",,"A","190","D","12","D",90,"D",,"A",,"A",,"A",,"A",,"A",,"A",,"A",,"A",,"A"
"20141",2733623,5,0,"1",,"A","190","D","01","D",90,"D",,"A",,"A",,"A",,"A",,"A",,"A",,"A",,"A",,"A"
"20141",2733623,6,0,"2",,"A","190","D","11","D",90,"D",,"A",,"A",,"A",,"A",,"A",,"A",,"A",,"A",,"A"
"20141",2733803,14,0,"1",,"A","190","D","12","D",65,"D",,"A",,"A",,"A",,"A",,"A",,"A",,"A",,"A",,"A"
"20141",2733893,4,0,"1",,"A","220","D","11","D",20,"D",,"A",,"A",,"A",,"A",,"A",,"A",,"A",,"A",,"A"
"20141",2733893,5,0,"1",,"A","220","D","12","D",20,"D",,"A",,"A",,"A",,"A",,"A",,"A",,"A",,"A",,"A"
"20141",2733893,6,0,"1",,"A","220","D","01","D",20,"D",,"A",,"A",,"A",,"A",,"A",,"A",,"A",,"A",,"A"
"20141",2733893,7,0,"1",,"A","190","D","01","D",130,"D",,"A",,"A",,"A",,"A",,"A",,"A",,"A",,"A",,"A"
"20141",2734153,14,0,"1",,"A","220","D","11","D",211,"D",,"A",,"A",,"A",,"A",,"A",,"A",,"A",,"A",,"A"
"20141",2734183,13,0,"1",,"A","190","D","01","D",138,"D",,"A",,"A",,"A",,"A",,"A",,"A",,"A",,"A",,"A"
"20141",2734363,5,0,"2",,"A","200","D","11","D",200,"D",,"A",,"A",,"A",,"A",,"A",,"A",,"A",,"A",,"A"
"20141",2734673,6,0,"1",,"A","190","D","11","D",140,"D",,"A",,"A",,"A",,"A",,"A",,"A",,"A",,"A",,"A"
"20141",2734863,9,0,"1",,"A","190","D","11","D",50,"D",,"A",,"A",,"A",,"A",,"A",,"A",,"A",,"A",,"A"
"20141",2734863,10,0,"1",,"A","190","D","01","D",50,"D",,"A",,"A",,"A",,"A",,"A",,"A",,"A",,"A",,"A"
"20141",2735103,2,0,"1",,"A","100","D","11","D",18,"D",,"A",,"A",,"A",,"A",,"A",,"A",,"A",,"A",,"A"
"20141",2735513,7,0,"1",,"A","130","D","01","D",90,"D",,"A",,"A",,"A",,"A",,"A",,"A",,"A",,"A",,"A"
"20141",2735913,6,0,"1",,"A","190","D","01","D",60,"D",,"A",,"A",,"A",,"A",,"A",,"A",,"A",,"A",,"A"
"20141",2736453,11,0,"1",,"A","190","D","02","D",16,"D",,"A",,"A",,"A",,"A",,"A",,"A",,"A",,"A",,"A"
"20141",2736513,19,0,"1",,"A","110","D","12","D",165,"D",,"A",,"A",,"A",,"A",,"A",,"A",,"A",,"A",,"A"
"20141",2736733,16,0,"1",,"A","200","D","02","D",58,"D",,"A",,"A",,"A",,"A",,"A",,"A",,"A",,"A",,"A"
"20141",2737293,7,0,"1",,"A","200","D","01","D",250,"D",,"A",,"A",,"A",,"A",,"A",,"A",,"A",,"A",,"A"
"20141",2737393,2,0,"1",,"A","220","D","01","D",120,"D",,"A",,"A",,"A",,"A",,"A",,"A",,"A",,"A",,"A"
"20141",2737463,12,0,"1",,"A","100","D","01","D",1,"D",,"A",,"A",,"A",,"A",,"A",,"A",,"A",,"A",,"A"
"20141",2737463,13,0,"1",,"A","110","D","02","D",201,"D",,"A",,"A",,"A",,"A",,"A",,"A",,"A",,"A",,"A"
"20141",2737893,9,0,"1",,"A","210","D","12","D",.,"H","110","D","200","D","100","D",,"A",,"A",,"A",,"A",,"A",,"A"
"20141",2737893,9,1,"1",,"A","110","D","12","D",9,"E",,"A",,"A",,"A",,"A",,"A",,"A",,"A",,"A",,"A"
"20141",2737893,9,2,"1",,"A","200","D","12","D",12,"E",,"A",,"A",,"A",,"A",,"A",,"A",,"A",,"A",,"A"
"20141",2737893,9,3,"1",,"A","100","D","12","D",10,"E",,"A",,"A",,"A",,"A",,"A",,"A",,"A",,"A",,"A"
"20141",2737933,17,0,"1",,"A","110","D","02","D",164,"D",,"A",,"A",,"A",,"A",,"A",,"A",,"A",,"A",,"A"
"20141",2737933,18,0,"1",,"A","190","D","01","D",42,"D",,"A",,"A",,"A",,"A",,"A",,"A",,"A",,"A",,"A"
"20141",2737993,12,0,"1",,"A","220","D","02","D",292,"D",,"A",,"A",,"A",,"A",,"A",,"A",,"A",,"A",,"A"
"20141",2738043,5,0,"1",,"A","200","D","01","D",85,"D",,"A",,"A",,"A",,"A",,"A",,"A",,"A",,"A",,"A"
"20141",2738113,4,0,"1",,"A","220","D","01","D",60,"D",,"A",,"A",,"A",,"A",,"A",,"A",,"A",,"A",,"A"
"20141",2738113,5,0,"1",,"A","130","D","12","D",400,"D",,"A",,"A",,"A",,"A",,"A",,"A",,"A",,"A",,"A"
"20141",2738253,11,0,"1",,"A","220","D","12","D",30,"D",,"A",,"A",,"A",,"A",,"A",,"A",,"A",,"A",,"A"
"20141",2738333,8,0,"1",,"A","100","D","02","D",120,"D",,"A",,"A",,"A",,"A",,"A",,"A",,"A",,"A",,"A"
"20141",2738343,10,0,"1",,"A","110","D","01","D",315,"D",,"A",,"A",,"A",,"A",,"A",,"A",,"A",,"A",,"A"
"20141",2738773,6,0,"1",,"A","220","D","01","D",113,"D",,"A",,"A",,"A",,"A",,"A",,"A",,"A",,"A",,"A"
"20141",2739265,4,0,"1",,"A","190","D","12","D",126,"D",,"A",,"A",,"A",,"A",,"A",,"A",,"A",,"A",,"A"
"20141",2739283,8,0,"1",,"A","190","D","02","D",272,"D",,"A",,"A",,"A",,"A",,"A",,"A",,"A",,"A",,"A"
"20141",2739303,4,0,"1",,"A","190","D","02","D",259,"D",,"A",,"A",,"A",,"A",,"A",,"A",,"A",,"A",,"A"
"20141",2739373,5,0,"1",,"A","110","D","12","D",175,"D",,"A",,"A",,"A",,"A",,"A",,"A",,"A",,"A",,"A"
"20141",2739823,38,0,"1",,"A","150","D","02","D",10,"D",,"A",,"A",,"A",,"A",,"A",,"A",,"A",,"A",,"A"
"20141",2740093,18,0,"1",,"A","190","D","12","D",192,"D",,"A",,"A",,"A",,"A",,"A",,"A",,"A",,"A",,"A"
"20141",2740143,26,0,"1",,"A","190","D","12","D",66,"D",,"A",,"A",,"A",,"A",,"A",,"A",,"A",,"A",,"A"
"20141",2740143,27,0,"1",,"A","190","D","01","D",66,"D",,"A",,"A",,"A",,"A",,"A",,"A",,"A",,"A",,"A"
"20141",2740143,28,0,"1",,"A","190","D","02","D",66,"D",,"A",,"A",,"A",,"A",,"A",,"A",,"A",,"A",,"A"
"20141",2740183,10,0,"1",,"A","190","D","01","D",24,"D",,"A",,"A",,"A",,"A",,"A",,"A",,"A",,"A",,"A"
"20141",2740183,11,0,"1",,"A","190","D","02","D",24,"D",,"A",,"A",,"A",,"A",,"A",,"A",,"A",,"A",,"A"
"20141",2740183,12,0,"1",,"A","190","D","12","D",24,"D",,"A",,"A",,"A",,"A",,"A",,"A",,"A",,"A",,"A"
"20141",2741043,5,0,"1",,"A","220","D","12","D",300,"D",,"A",,"A",,"A",,"A",,"A",,"A",,"A",,"A",,"A"
"20141",2741153,5,0,"2",,"A","130","D","12","D",300,"D",,"A",,"A",,"A",,"A",,"A",,"A",,"A",,"A",,"A"
"20141",2741643,6,0,"1",,"A","190","D","12","D",38,"D",,"A",,"A",,"A",,"A",,"A",,"A",,"A",,"A",,"A"
"20141",2741663,8,0,"1",,"A","190","D","02","D",82,"D",,"A",,"A",,"A",,"A",,"A",,"A",,"A",,"A",,"A"
"20141",2741883,5,0,"1",,"A","190","D","01","D",45,"D",,"A",,"A",,"A",,"A",,"A",,"A",,"A",,"A",,"A"
"20141",2741883,6,0,"1",,"A","190","D","02","D",45,"D",,"A",,"A",,"A",,"A",,"A",,"A",,"A",,"A",,"A"
"20141",2741883,7,0,"2",,"A","190","D","12","D",45,"D",,"A",,"A",,"A",,"A",,"A",,"A",,"A",,"A",,"A"
"20141",2742213,5,0,"1",,"A","130","D","01","D",42,"D",,"A",,"A",,"A",,"A",,"A",,"A",,"A",,"A",,"A"
"20141",2742213,6,0,"1",,"A","200","D","01","D",50,"D",,"A",,"A",,"A",,"A",,"A",,"A",,"A",,"A",,"A"
"20141",2742343,7,0,"1",,"A","220","D","01","D",200,"D",,"A",,"A",,"A",,"A",,"A",,"A",,"A",,"A",,"A"
"20141",2742393,3,0,"1",,"A","190","D","01","D",22,"D",,"A",,"A",,"A",,"A",,"A",,"A",,"A",,"A",,"A"
"20141",2742393,4,0,"1",,"A","190","D","02","D",22,"D",,"A",,"A",,"A",,"A",,"A",,"A",,"A",,"A",,"A"
"20141",2742393,5,0,"1",,"A","190","D","12","D",22,"D",,"A",,"A",,"A",,"A",,"A",,"A",,"A",,"A",,"A"
"20141",2742653,16,0,"2",,"A","110","D","12","D",31,"D",,"A",,"A",,"A",,"A",,"A",,"A",,"A",,"A",,"A"
"20141",2742653,17,0,"2",,"A","110","D","12","D",48,"D",,"A",,"A",,"A",,"A",,"A",,"A",,"A",,"A",,"A"
"20141",2742673,5,0,"1",,"A","200","D","12","D",300,"D",,"A",,"A",,"A",,"A",,"A",,"A",,"A",,"A",,"A"
"20141",2742693,10,0,"1",,"A","110","D","01","D",60,"D",,"A",,"A",,"A",,"A",,"A",,"A",,"A",,"A",,"A"
"20141",2742803,8,0,"1",,"A","220","D","02","D",60,"D",,"A",,"A",,"A",,"A",,"A",,"A",,"A",,"A",,"A"
"20141",2743465,2,0,"1",,"A","100","D","01","D",340,"D",,"A",,"A",,"A",,"A",,"A",,"A",,"A",,"A",,"A"
"20141",2743693,10,0,"1",,"A","110","D","12","D",150,"D",,"A",,"A",,"A",,"A",,"A",,"A",,"A",,"A",,"A"
"20141",2744273,6,0,"1",,"A","220","D","01","D",73,"D",,"A",,"A",,"A",,"A",,"A",,"A",,"A",,"A",,"A"
"20141",2744323,15,0,"1",,"A","170","D","12","D",200,"D",,"A",,"A",,"A",,"A",,"A",,"A",,"A",,"A",,"A"
"20141",2744433,4,0,"1",,"A","220","D","12","D",300,"D",,"A",,"A",,"A",,"A",,"A",,"A",,"A",,"A",,"A"
"20141",2744743,8,0,"1",,"A","110","D","01","D",50,"D",,"A",,"A",,"A",,"A",,"A",,"A",,"A",,"A",,"A"
"20141",2744783,15,0,"1",,"A","220","D","02","D",190,"D",,"A",,"A",,"A",,"A",,"A",,"A",,"A",,"A",,"A"
"20141",2745233,7,0,"1",,"A","110","D","12","D",31,"D",,"A",,"A",,"A",,"A",,"A",,"A",,"A",,"A",,"A"
"20141",2745233,8,0,"1",,"A","110","D","01","D",31,"D",,"A",,"A",,"A",,"A",,"A",,"A",,"A",,"A",,"A"
"20141",2745233,9,0,"1",,"A","110","D","02","D",31,"D",,"A",,"A",,"A",,"A",,"A",,"A",,"A",,"A",,"A"
"20141",2745383,3,0,"1",,"A","190","D","12","D",27,"D",,"A",,"A",,"A",,"A",,"A",,"A",,"A",,"A",,"A"
"20141",2745483,24,0,"1",,"A","200","D","01","D",223,"D",,"A",,"A",,"A",,"A",,"A",,"A",,"A",,"A",,"A"
"20141",2745903,4,0,"2",,"A","110","D","12","D",500,"D",,"A",,"A",,"A",,"A",,"A",,"A",,"A",,"A",,"A"
"20141",2746163,8,0,"1",,"A","130","D","01","D",86,"D",,"A",,"A",,"A",,"A",,"A",,"A",,"A",,"A",,"A"
"20141",2746603,16,0,"1",,"A","190","D","01","D",90,"D",,"A",,"A",,"A",,"A",,"A",,"A",,"A",,"A",,"A"
"20141",2746623,21,0,"1",,"A","190","D","12","D",83,"D",,"A",,"A",,"A",,"A",,"A",,"A",,"A",,"A",,"A"
"20141",2746623,22,0,"1",,"A","190","D","01","D",83,"D",,"A",,"A",,"A",,"A",,"A",,"A",,"A",,"A",,"A"
"20141",2746623,23,0,"1",,"A","190","D","02","D",83,"D",,"A",,"A",,"A",,"A",,"A",,"A",,"A",,"A",,"A"
"20141",2746993,13,0,"1",,"A","100","D","02","D",87,"D",,"A",,"A",,"A",,"A",,"A",,"A",,"A",,"A",,"A"
"20141",2747123,6,0,"1",,"A","190","D","01","D",217,"D",,"A",,"A",,"A",,"A",,"A",,"A",,"A",,"A",,"A"
"20141",2747512,8,0,"1",,"A","190","D","10","D",33,"D",,"A",,"A",,"A",,"A",,"A",,"A",,"A",,"A",,"A"
"20141",2747512,9,0,"1",,"A","190","D","11","D",33,"D",,"A",,"A",,"A",,"A",,"A",,"A",,"A",,"A",,"A"
"20141",2747512,10,0,"1",,"A","190","D","12","D",33,"D",,"A",,"A",,"A",,"A",,"A",,"A",,"A",,"A",,"A"
"20141",2748112,3,0,"1",,"A","190","D","12","D",35,"D",,"A",,"A",,"A",,"A",,"A",,"A",,"A",,"A",,"A"
"20141",2748112,4,0,"1",,"A","190","D","11","D",35,"D",,"A",,"A",,"A",,"A",,"A",,"A",,"A",,"A",,"A"
"20141",2748112,5,0,"1",,"A","190","D","10","D",35,"D",,"A",,"A",,"A",,"A",,"A",,"A",,"A",,"A",,"A"
"20141",2748112,6,0,"2",,"A","190","D","10","D",85,"D",,"A",,"A",,"A",,"A",,"A",,"A",,"A",,"A",,"A"
"20141",2748132,6,0,"1",,"A","200","D","12","D",140,"D",,"A",,"A",,"A",,"A",,"A",,"A",,"A",,"A",,"A"
"20141",2748142,16,0,"1",,"A","200","D","12","D",322,"D",,"A",,"A",,"A",,"A",,"A",,"A",,"A",,"A",,"A"
"20141",2748152,16,0,"1",,"A","190","D","11","D",85,"D",,"A",,"A",,"A",,"A",,"A",,"A",,"A",,"A",,"A"
"20141",2748152,17,0,"1",,"A","200","D","11","D",295,"D",,"A",,"A",,"A",,"A",,"A",,"A",,"A",,"A",,"A"
"20141",2748282,25,0,"1",,"A","130","D","10","D",510,"D",,"A",,"A",,"A",,"A",,"A",,"A",,"A",,"A",,"A"
"20141",2748552,7,0,"1",,"A","110","D","11","D",10,"D",,"A",,"A",,"A",,"A",,"A",,"A",,"A",,"A",,"A"
"20141",2748602,11,0,"1",,"A","200","D","11","D",120,"D",,"A",,"A",,"A",,"A",,"A",,"A",,"A",,"A",,"A"
"20141",2748682,16,0,"1",,"A","220","D","10","D",75,"D",,"A",,"A",,"A",,"A",,"A",,"A",,"A",,"A",,"A"
"20141",2749212,25,0,"1",,"A","200","D","10","D",64,"D",,"A",,"A",,"A",,"A",,"A",,"A",,"A",,"A",,"A"
"20141",2749212,26,0,"1",,"A","200","D","11","D",64,"D",,"A",,"A",,"A",,"A",,"A",,"A",,"A",,"A",,"A"
"20141",2749212,27,0,"1",,"A","200","D","12","D",64,"D",,"A",,"A",,"A",,"A",,"A",,"A",,"A",,"A",,"A"
"20141",2749212,28,0,"2",,"A","200","D","10","D",19,"D",,"A",,"A",,"A",,"A",,"A",,"A",,"A",,"A",,"A"
"20141",2749482,14,0,"1",,"A","190","D","11","D",119,"D",,"A",,"A",,"A",,"A",,"A",,"A",,"A",,"A",,"A"
"20141",2749742,3,0,"1",,"A","110","D","11","D",400,"D",,"A",,"A",,"A",,"A",,"A",,"A",,"A",,"A",,"A"
"20141",2749782,7,0,"1",,"A","190","D","11","D",70,"D",,"A",,"A",,"A",,"A",,"A",,"A",,"A",,"A",,"A"
"20141",2750072,12,0,"1",,"A","190","D","10","D",25,"D",,"A",,"A",,"A",,"A",,"A",,"A",,"A",,"A",,"A"
"20141",2750232,7,0,"1",,"A","220","D","12","D",39,"D",,"A",,"A",,"A",,"A",,"A",,"A",,"A",,"A",,"A"
"20141",2750522,20,0,"2",,"A","190","D","10","D",70,"D",,"A",,"A",,"A",,"A",,"A",,"A",,"A",,"A",,"A"
"20141",2750742,3,0,"1",,"A","120","D","10","D",200,"D",,"A",,"A",,"A",,"A",,"A",,"A",,"A",,"A",,"A"
"20141",2751202,32,0,"1",,"A","120","D","12","D",95,"D",,"A",,"A",,"A",,"A",,"A",,"A",,"A",,"A",,"A"
"20141",2751332,6,0,"1",,"A","200","D","11","D",193,"D",,"A",,"A",,"A",,"A",,"A",,"A",,"A",,"A",,"A"
"20141",2751662,7,0,"1",,"A","110","D","12","D",286,"D",,"A",,"A",,"A",,"A",,"A",,"A",,"A",,"A",,"A"
"20141",2751822,5,0,"1",,"A","100","D","10","D",150,"D",,"A",,"A",,"A",,"A",,"A",,"A",,"A",,"A",,"A"
"20141",2751842,17,0,"1",,"A","160","D","12","D",64,"D",,"A",,"A",,"A",,"A",,"A",,"A",,"A",,"A",,"A"
"20141",2751872,3,0,"1",,"A","200","D","10","D",240,"D",,"A",,"A",,"A",,"A",,"A",,"A",,"A",,"A",,"A"
"20141",2752162,9,0,"1",,"A","190","D","12","D",80,"D",,"A",,"A",,"A",,"A",,"A",,"A",,"A",,"A",,"A"
"20141",2752272,10,0,"1",,"A","190","D","11","D",100,"D",,"A",,"A",,"A",,"A",,"A",,"A",,"A",,"A",,"A"
"20141",2752522,4,0,"1",,"A","120","D","12","D",70,"D",,"A",,"A",,"A",,"A",,"A",,"A",,"A",,"A",,"A"
"20141",2752612,23,0,"1",,"A","200","D","10","D",200,"D",,"A",,"A",,"A",,"A",,"A",,"A",,"A",,"A",,"A"
"20141",2752692,18,0,"1",,"A","200","D","12","D",85,"D",,"A",,"A",,"A",,"A",,"A",,"A",,"A",,"A",,"A"
"20141",2753072,11,0,"1",,"A","110","D","10","D",100,"D",,"A",,"A",,"A",,"A",,"A",,"A",,"A",,"A",,"A"
"20141",2753102,18,0,"1",,"A","220","D","10","D",107,"D",,"A",,"A",,"A",,"A",,"A",,"A",,"A",,"A",,"A"
"20141",2753242,26,0,"1",,"A","110","D","12","D",72,"D",,"A",,"A",,"A",,"A",,"A",,"A",,"A",,"A",,"A"
"20141",2753242,27,0,"2",,"A","130","D","10","D",181,"F",,"A",,"A",,"A",,"A",,"A",,"A",,"A",,"A",,"A"
"20141",2753242,28,0,"2",,"A","190","D","10","D",11,"D",,"A",,"A",,"A",,"A",,"A",,"A",,"A",,"A",,"A"
"20141",2753462,11,0,"1",,"A","100","D","12","D",75,"D",,"A",,"A",,"A",,"A",,"A",,"A",,"A",,"A",,"A"
"20141",2753822,9,0,"1",,"A","190","D","10","D",85,"D",,"A",,"A",,"A",,"A",,"A",,"A",,"A",,"A",,"A"
"20141",2753822,10,0,"2",,"A","190","D","10","D",85,"D",,"A",,"A",,"A",,"A",,"A",,"A",,"A",,"A",,"A"
"20141",2753852,5,0,"1",,"A","130","D","12","D",108,"D",,"A",,"A",,"A",,"A",,"A",,"A",,"A",,"A",,"A"
"20141",2753962,9,0,"1",,"A","220","D","11","D",90,"D",,"A",,"A",,"A",,"A",,"A",,"A",,"A",,"A",,"A"
"20141",2754122,10,0,"2",,"A","200","D","10","D",90,"D",,"A",,"A",,"A",,"A",,"A",,"A",,"A",,"A",,"A"
"20141",2754302,8,0,"2",,"A","190","D","10","D",33,"D",,"A",,"A",,"A",,"A",,"A",,"A",,"A",,"A",,"A"
"20141",2754432,1,0,"1",,"A","100","D","10","D",96,"D",,"A",,"A",,"A",,"A",,"A",,"A",,"A",,"A",,"A"
"20141",2754582,19,0,"1",,"A","100","D","10","D",115,"D",,"A",,"A",,"A",,"A",,"A",,"A",,"A",,"A",,"A"
"20141",2754652,14,0,"1",,"A","200","D","12","D",175,"D",,"A",,"A",,"A",,"A",,"A",,"A",,"A",,"A",,"A"
"20141",2756042,11,0,"2",,"A","140","D","10","D",3,"D",,"A",,"A",,"A",,"A",,"A",,"A",,"A",,"A",,"A"
"20141",2756442,6,0,"2",,"A","200","D","10","D",225,"D",,"A",,"A",,"A",,"A",,"A",,"A",,"A",,"A",,"A"
"20141",2756722,3,0,"1",,"A","190","D","10","D",70,"D",,"A",,"A",,"A",,"A",,"A",,"A",,"A",,"A",,"A"
"20141",2756832,12,0,"1",,"A","190","D","11","D",85,"D",,"A",,"A",,"A",,"A",,"A",,"A",,"A",,"A",,"A"
"20141",2756942,9,0,"1",,"A","110","D","10","D",88,"D",,"A",,"A",,"A",,"A",,"A",,"A",,"A",,"A",,"A"
"20141",2757342,5,0,"1",,"A","200","D","10","D",64,"D",,"A",,"A",,"A",,"A",,"A",,"A",,"A",,"A",,"A"
"20141",2757342,6,0,"1",,"A","200","D","11","D",64,"D",,"A",,"A",,"A",,"A",,"A",,"A",,"A",,"A",,"A"
"20141",2757342,7,0,"1",,"A","200","D","12","D",64,"D",,"A",,"A",,"A",,"A",,"A",,"A",,"A",,"A",,"A"
"20141",2757412,4,0,"1",,"A","190","D","10","D",80,"D",,"A",,"A",,"A",,"A",,"A",,"A",,"A",,"A",,"A"
"20141",2757412,5,0,"1",,"A","190","D","11","D",80,"D",,"A",,"A",,"A",,"A",,"A",,"A",,"A",,"A",,"A"
"20141",2757412,6,0,"1",,"A","190","D","12","D",80,"D",,"A",,"A",,"A",,"A",,"A",,"A",,"A",,"A",,"A"
"20141",2757502,11,0,"1",,"A","190","D","10","D",81,"D",,"A",,"A",,"A",,"A",,"A",,"A",,"A",,"A",,"A"
"20141",2757792,12,0,"2",,"A","200","D","10","D",363,"D",,"A",,"A",,"A",,"A",,"A",,"A",,"A",,"A",,"A"
"20141",2758252,9,0,"1",,"A","190","D","12","D",102,"D",,"A",,"A",,"A",,"A",,"A",,"A",,"A",,"A",,"A"
"20141",2758282,6,0,"1",,"A","220","D","01","D",220,"D",,"A",,"A",,"A",,"A",,"A",,"A",,"A",,"A",,"A"
"20141",2758282,7,0,"2",,"A","110","D","11","D",17,"D",,"A",,"A",,"A",,"A",,"A",,"A",,"A",,"A",,"A"
"20141",2758684,11,0,"1",,"A","140","D","12","D",16,"D",,"A",,"A",,"A",,"A",,"A",,"A",,"A",,"A",,"A"
"20141",2758832,11,0,"1",,"A","140","D","01","D",150,"D",,"A",,"A",,"A",,"A",,"A",,"A",,"A",,"A",,"A"
"20141",2759022,12,0,"1",,"A","190","D","01","D",80,"D",,"A",,"A",,"A",,"A",,"A",,"A",,"A",,"A",,"A"
"20141",2759022,13,0,"2",,"A","190","D","11","D",70,"D",,"A",,"A",,"A",,"A",,"A",,"A",,"A",,"A",,"A"
"20141",2759582,20,0,"1",,"A","170","D","11","D",160,"D",,"A",,"A",,"A",,"A",,"A",,"A",,"A",,"A",,"A"
"20141",2760032,14,0,"1",,"A","130","D","01","D",371,"D",,"A",,"A",,"A",,"A",,"A",,"A",,"A",,"A",,"A"
"20141",2760102,15,0,"1",,"A","200","D","11","D",150,"D",,"A",,"A",,"A",,"A",,"A",,"A",,"A",,"A",,"A"
"20141",2760142,5,0,"1",,"A","200","D","11","D",150,"D",,"A",,"A",,"A",,"A",,"A",,"A",,"A",,"A",,"A"
"20141",2760733,8,0,"1",,"A","220","D","12","D",65,"D",,"A",,"A",,"A",,"A",,"A",,"A",,"A",,"A",,"A"
"20141",2761062,5,0,"1",,"A","190","D","11","D",50,"D",,"A",,"A",,"A",,"A",,"A",,"A",,"A",,"A",,"A"
"20141",2761202,3,0,"2",,"A","200","D","11","D",100,"D",,"A",,"A",,"A",,"A",,"A",,"A",,"A",,"A",,"A"
"20141",2761232,9,0,"1",,"A","100","D","12","D",80,"D",,"A",,"A",,"A",,"A",,"A",,"A",,"A",,"A",,"A"
"20141",2761372,16,0,"1",,"A","200","D","01","D",175,"D",,"A",,"A",,"A",,"A",,"A",,"A",,"A",,"A",,"A"
"20141",2761402,12,0,"1",,"A","110","D","01","D",50,"D",,"A",,"A",,"A",,"A",,"A",,"A",,"A",,"A",,"A"
"20141",2761472,6,0,"1",,"A","220","D","11","D",125,"D",,"A",,"A",,"A",,"A",,"A",,"A",,"A",,"A",,"A"
"20141",2761502,16,0,"1",,"A","200","D","11","D",200,"D",,"A",,"A",,"A",,"A",,"A",,"A",,"A",,"A",,"A"
"20141",2761702,4,0,"1",,"A","190","D","12","D",107,"D",,"A",,"A",,"A",,"A",,"A",,"A",,"A",,"A",,"A"
"20141",2761812,22,0,"2",,"A","140","D","11","D",120,"D",,"A",,"A",,"A",,"A",,"A",,"A",,"A",,"A",,"A"
"20141",2762042,8,0,"1",,"A","200","D","12","D",110,"D",,"A",,"A",,"A",,"A",,"A",,"A",,"A",,"A",,"A"
"20141",2762422,13,0,"1",,"A","120","D","01","D",212,"D",,"A",,"A",,"A",,"A",,"A",,"A",,"A",,"A",,"A"
"20141",2762612,1,0,"1",,"A","120","D","01","D",80,"D",,"A",,"A",,"A",,"A",,"A",,"A",,"A",,"A",,"A"
"20141",2762892,31,0,"1",,"A","200","D","11","D",75,"D",,"A",,"A",,"A",,"A",,"A",,"A",,"A",,"A",,"A"
"20141",2762985,10,0,"1",,"A","190","D","12","D",80,"D",,"A",,"A",,"A",,"A",,"A",,"A",,"A",,"A",,"A"
"20141",2763622,14,0,"2",,"A","220","D","11","D",4,"D",,"A",,"A",,"A",,"A",,"A",,"A",,"A",,"A",,"A"
"20141",2763632,14,0,"1",,"A","190","D","01","D",40,"D",,"A",,"A",,"A",,"A",,"A",,"A",,"A",,"A",,"A"
"20141",2763632,15,0,"1",,"A","190","D","12","D",40,"D",,"A",,"A",,"A",,"A",,"A",,"A",,"A",,"A",,"A"
"20141",2763632,16,0,"1",,"A","190","D","11","D",40,"D",,"A",,"A",,"A",,"A",,"A",,"A",,"A",,"A",,"A"
"20141",2763842,6,0,"1",,"A","190","D","12","D",132,"D",,"A",,"A",,"A",,"A",,"A",,"A",,"A",,"A",,"A"
"20141",2763842,7,0,"2",,"A","190","D","11","D",61,"D",,"A",,"A",,"A",,"A",,"A",,"A",,"A",,"A",,"A"
"20141",2764212,7,0,"2",,"A","170","D","11","D",860,"D",,"A",,"A",,"A",,"A",,"A",,"A",,"A",,"A",,"A"
"20141",2764452,14,0,"1",,"A","200","D","01","D",75,"D",,"A",,"A",,"A",,"A",,"A",,"A",,"A",,"A",,"A"
"20141",2764512,10,0,"2",,"A","110","D","11","D",642,"D",,"A",,"A",,"A",,"A",,"A",,"A",,"A",,"A",,"A"
"20141",2764662,5,0,"1",,"A","220","D","12","D",79,"D",,"A",,"A",,"A",,"A",,"A",,"A",,"A",,"A",,"A"
"20141",2764752,6,0,"1",,"A","190","D","01","D",43,"D",,"A",,"A",,"A",,"A",,"A",,"A",,"A",,"A",,"A"
"20141",2765652,6,0,"1",,"A","190","D","12","D",65,"D",,"A",,"A",,"A",,"A",,"A",,"A",,"A",,"A",,"A"
"20141",2765672,6,0,"1",,"A","200","D","11","D",211,"D",,"A",,"A",,"A",,"A",,"A",,"A",,"A",,"A",,"A"
"20141",2765952,9,0,"1",,"A","220","D","12","D",40,"D",,"A",,"A",,"A",,"A",,"A",,"A",,"A",,"A",,"A"
"20141",2766352,7,0,"2",,"A","200","D","11","D",25,"D",,"A",,"A",,"A",,"A",,"A",,"A",,"A",,"A",,"A"
"20141",2766512,10,0,"1",,"A","190","D","11","D",48,"D",,"A",,"A",,"A",,"A",,"A",,"A",,"A",,"A",,"A"
"20141",2766512,11,0,"1",,"A","190","D","01","D",48,"D",,"A",,"A",,"A",,"A",,"A",,"A",,"A",,"A",,"A"
"20141",2766722,2,0,"1",,"A","110","D","01","D",21,"D",,"A",,"A",,"A",,"A",,"A",,"A",,"A",,"A",,"A"
"20141",2766752,8,0,"1",,"A","190","D","11","D",21,"D",,"A",,"A",,"A",,"A",,"A",,"A",,"A",,"A",,"A"
"20141",2766812,2,0,"1",,"A","110","D","01","D",25,"D",,"A",,"A",,"A",,"A",,"A",,"A",,"A",,"A",,"A"
"20141",2767092,8,0,"1",,"A","220","D","12","D",125,"D",,"A",,"A",,"A",,"A",,"A",,"A",,"A",,"A",,"A"
"20141",2767472,19,0,"1",,"A","170","D","01","D",152,"D",,"A",,"A",,"A",,"A",,"A",,"A",,"A",,"A",,"A"
"20141",2767632,4,0,"1",,"A","190","D","12","D",140,"D",,"A",,"A",,"A",,"A",,"A",,"A",,"A",,"A",,"A"
"20141",2767652,7,0,"2",,"A","190","D","11","D",84,"F",,"A",,"A",,"A",,"A",,"A",,"A",,"A",,"A",,"A"
"20141",2768172,15,0,"1",,"A","200","D","11","D",500,"D",,"A",,"A",,"A",,"A",,"A",,"A",,"A",,"A",,"A"
"20141",2768612,3,0,"1",,"A","200","D","01","D",94,"D",,"A",,"A",,"A",,"A",,"A",,"A",,"A",,"A",,"A"
"20141",2768712,23,0,"1",,"A","110","D","11","D",107,"D",,"A",,"A",,"A",,"A",,"A",,"A",,"A",,"A",,"A"
"20141",2769192,15,0,"1",,"A","190","D","12","D",87,"D",,"A",,"A",,"A",,"A",,"A",,"A",,"A",,"A",,"A"
"20141",2769462,2,0,"1",,"A","190","D","12","D",36,"D",,"A",,"A",,"A",,"A",,"A",,"A",,"A",,"A",,"A"
"20141",2769692,1,0,"1",,"A","100","D","12","D",71,"D",,"A",,"A",,"A",,"A",,"A",,"A",,"A",,"A",,"A"
"20141",2769702,8,0,"1",,"A","190","D","11","D",55,"D",,"A",,"A",,"A",,"A",,"A",,"A",,"A",,"A",,"A"
"20141",2769702,9,0,"1",,"A","190","D","01","D",55,"D",,"A",,"A",,"A",,"A",,"A",,"A",,"A",,"A",,"A"
"20141",2769722,8,0,"1",,"A","190","D","11","D",21,"D",,"A",,"A",,"A",,"A",,"A",,"A",,"A",,"A",,"A"
"20141",2769722,9,0,"1",,"A","190","D","12","D",21,"D",,"A",,"A",,"A",,"A",,"A",,"A",,"A",,"A",,"A"
"20141",2769722,10,0,"1",,"A","190","D","01","D",21,"D",,"A",,"A",,"A",,"A",,"A",,"A",,"A",,"A",,"A"
"20141",2769722,11,0,"2",,"A","190","D","11","D",21,"D",,"A",,"A",,"A",,"A",,"A",,"A",,"A",,"A",,"A"
"20141",2769822,17,0,"1",,"A","190","D","11","D",35,"D",,"A",,"A",,"A",,"A",,"A",,"A",,"A",,"A",,"A"
"20141",2769822,18,0,"1",,"A","190","D","12","D",35,"D",,"A",,"A",,"A",,"A",,"A",,"A",,"A",,"A",,"A"
"20141",2769822,19,0,"1",,"A","190","D","01","D",35,"D",,"A",,"A",,"A",,"A",,"A",,"A",,"A",,"A",,"A"
"20141",2770462,12,0,"1",,"A","190","D","12","D",65,"D",,"A",,"A",,"A",,"A",,"A",,"A",,"A",,"A",,"A"
"20141",2771592,9,0,"1",,"A","190","D","01","D",64,"D",,"A",,"A",,"A",,"A",,"A",,"A",,"A",,"A",,"A"
"20141",2771974,11,0,"1",,"A","220","D","01","D",75,"D",,"A",,"A",,"A",,"A",,"A",,"A",,"A",,"A",,"A"
"20141",2772142,7,0,"1",,"A","220","D","02","D",300,"D",,"A",,"A",,"A",,"A",,"A",,"A",,"A",,"A",,"A"
"20141",2773052,14,0,"1",,"A","190","D","02","D",66,"D",,"A",,"A",,"A",,"A",,"A",,"A",,"A",,"A",,"A"
"20141",2773072,16,0,"1",,"A","140","D","02","D",125,"D",,"A",,"A",,"A",,"A",,"A",,"A",,"A",,"A",,"A"
"20141",2773352,4,0,"1",,"A","100","D","12","D",217,"D",,"A",,"A",,"A",,"A",,"A",,"A",,"A",,"A",,"A"
"20141",2773352,5,0,"1",,"A","110","D","12","D",369,"D",,"A",,"A",,"A",,"A",,"A",,"A",,"A",,"A",,"A"
"20141",2773622,14,0,"1",,"A","100","D","02","D",74,"D",,"A",,"A",,"A",,"A",,"A",,"A",,"A",,"A",,"A"
"20141",2773672,14,0,"1",,"A","190","D","02","D",869,"D",,"A",,"A",,"A",,"A",,"A",,"A",,"A",,"A",,"A"
"20141",2773852,7,0,"1",,"A","140","D","01","D",107,"D",,"A",,"A",,"A",,"A",,"A",,"A",,"A",,"A",,"A"
"20141",2773882,12,0,"1",,"A","190","D","01","D",90,"D",,"A",,"A",,"A",,"A",,"A",,"A",,"A",,"A",,"A"
"20141",2774052,8,0,"1",,"A","190","D","12","D",22,"D",,"A",,"A",,"A",,"A",,"A",,"A",,"A",,"A",,"A"
"20141",2774052,9,0,"1",,"A","190","D","01","D",22,"D",,"A",,"A",,"A",,"A",,"A",,"A",,"A",,"A",,"A"
"20141",2774052,10,0,"1",,"A","190","D","02","D",22,"D",,"A",,"A",,"A",,"A",,"A",,"A",,"A",,"A",,"A"
"20141",2774142,12,0,"1",,"A","130","D","02","D",258,"D",,"A",,"A",,"A",,"A",,"A",,"A",,"A",,"A",,"A"
"20141",2774142,13,0,"1",,"A","200","D","02","D",87,"D",,"A",,"A",,"A",,"A",,"A",,"A",,"A",,"A",,"A"
"20141",2774412,9,0,"1",,"A","190","D","01","D",54,"D",,"A",,"A",,"A",,"A",,"A",,"A",,"A",,"A",,"A"
"20141",2774462,2,0,"1",,"A","190","D","12","D",65,"D",,"A",,"A",,"A",,"A",,"A",,"A",,"A",,"A",,"A"
"20141",2774462,3,0,"1",,"A","190","D","01","D",65,"D",,"A",,"A",,"A",,"A",,"A",,"A",,"A",,"A",,"A"
"20141",2774462,4,0,"1",,"A","190","D","02","D",65,"D",,"A",,"A",,"A",,"A",,"A",,"A",,"A",,"A",,"A"
"20141",2774462,5,0,"2",,"A","190","D","12","D",65,"D",,"A",,"A",,"A",,"A",,"A",,"A",,"A",,"A",,"A"
"20141",2774472,15,0,"1",,"A","220","D","12","D",100,"D",,"A",,"A",,"A",,"A",,"A",,"A",,"A",,"A",,"A"
"20141",2774582,15,0,"1",,"A","190","D","01","D",11,"D",,"A",,"A",,"A",,"A",,"A",,"A",,"A",,"A",,"A"
"20141",2774582,16,0,"1",,"A","190","D","02","D",11,"D",,"A",,"A",,"A",,"A",,"A",,"A",,"A",,"A",,"A"
"20141",2774582,17,0,"2",,"A","190","D","12","D",11,"D",,"A",,"A",,"A",,"A",,"A",,"A",,"A",,"A",,"A"
"20141",2774712,3,0,"2",,"A","200","D","12","D",226,"D",,"A",,"A",,"A",,"A",,"A",,"A",,"A",,"A",,"A"
"20141",2774892,2,0,"2",,"A","110","D","12","D",106,"D",,"A",,"A",,"A",,"A",,"A",,"A",,"A",,"A",,"A"
"20141",2774992,3,0,"1",,"A","190","D","01","D",90,"D",,"A",,"A",,"A",,"A",,"A",,"A",,"A",,"A",,"A"
"20141",2775172,5,0,"1",,"A","190","D","01","D",80,"D",,"A",,"A",,"A",,"A",,"A",,"A",,"A",,"A",,"A"
"20141",2775172,6,0,"2",,"A","190","D","12","D",75,"D",,"A",,"A",,"A",,"A",,"A",,"A",,"A",,"A",,"A"
"20141",2775242,12,0,"1",,"A","200","D","12","D",179,"D",,"A",,"A",,"A",,"A",,"A",,"A",,"A",,"A",,"A"
"20141",2775302,9,0,"2",,"A","190","D","12","D",40,"D",,"A",,"A",,"A",,"A",,"A",,"A",,"A",,"A",,"A"
"20141",2775562,6,0,"1",,"A","200","D","12","D",1284,"D",,"A",,"A",,"A",,"A",,"A",,"A",,"A",,"A",,"A"
"20141",2775852,12,0,"1",,"A","190","D","01","D",60,"D",,"A",,"A",,"A",,"A",,"A",,"A",,"A",,"A",,"A"
"20141",2776212,6,0,"1",,"A","120","D","01","D",144,"D",,"A",,"A",,"A",,"A",,"A",,"A",,"A",,"A",,"A"
"20141",2776242,7,0,"1",,"A","120","D","01","D",70,"D",,"A",,"A",,"A",,"A",,"A",,"A",,"A",,"A",,"A"
"20141",2776252,5,0,"1",,"A","110","D","01","D",125,"D",,"A",,"A",,"A",,"A",,"A",,"A",,"A",,"A",,"A"
"20141",2776332,12,0,"1",,"A","130","D","01","D",100,"D",,"A",,"A",,"A",,"A",,"A",,"A",,"A",,"A",,"A"
"20141",2776442,13,0,"1",,"A","130","D","02","D",54,"D",,"A",,"A",,"A",,"A",,"A",,"A",,"A",,"A",,"A"
"20141",2776662,6,0,"1",,"A","130","D","12","D",40,"D",,"A",,"A",,"A",,"A",,"A",,"A",,"A",,"A",,"A"
"20141",2776952,11,0,"1",,"A","110","D","12","D",250,"D",,"A",,"A",,"A",,"A",,"A",,"A",,"A",,"A",,"A"
"20141",2776952,12,0,"1",,"A","130","D","01","D",90,"D",,"A",,"A",,"A",,"A",,"A",,"A",,"A",,"A",,"A"
"20141",2777012,22,0,"1",,"A","120","D","01","D",62,"D",,"A",,"A",,"A",,"A",,"A",,"A",,"A",,"A",,"A"
"20141",2777142,3,0,"1",,"A","110","D","02","D",224,"D",,"A",,"A",,"A",,"A",,"A",,"A",,"A",,"A",,"A"
"20141",2777532,14,0,"1",,"A","220","D","12","D",200,"D",,"A",,"A",,"A",,"A",,"A",,"A",,"A",,"A",,"A"
"20141",2777622,21,0,"1",,"A","200","D","01","D",107,"D",,"A",,"A",,"A",,"A",,"A",,"A",,"A",,"A",,"A"
"20141",2777632,2,0,"1",,"A","120","D","12","D",100,"D",,"A",,"A",,"A",,"A",,"A",,"A",,"A",,"A",,"A"
"20141",2778122,8,0,"1",,"A","200","D","01","D",20,"D",,"A",,"A",,"A",,"A",,"A",,"A",,"A",,"A",,"A"
"20141",2778122,9,0,"1",,"A","200","D","02","D",20,"D",,"A",,"A",,"A",,"A",,"A",,"A",,"A",,"A",,"A"
"20141",2778122,10,0,"1",,"A","200","D","12","D",20,"D",,"A",,"A",,"A",,"A",,"A",,"A",,"A",,"A",,"A"
"20141",2778412,13,0,"1",,"A","110","D","12","D",50,"D",,"A",,"A",,"A",,"A",,"A",,"A",,"A",,"A",,"A"
"20141",2778412,14,0,"1",,"A","110","D","01","D",50,"D",,"A",,"A",,"A",,"A",,"A",,"A",,"A",,"A",,"A"
"20141",2778412,15,0,"1",,"A","110","D","02","D",50,"D",,"A",,"A",,"A",,"A",,"A",,"A",,"A",,"A",,"A"
"20141",2778552,14,0,"1",,"A","190","D","01","D",75,"D",,"A",,"A",,"A",,"A",,"A",,"A",,"A",,"A",,"A"
"20141",2778642,1,0,"1",,"A","190","D","02","D",296,"D",,"A",,"A",,"A",,"A",,"A",,"A",,"A",,"A",,"A"
"20141",2779192,3,0,"1",,"A","110","D","01","D",55,"D",,"A",,"A",,"A",,"A",,"A",,"A",,"A",,"A",,"A"
"20141",2779202,9,0,"1",,"A","190","D","01","D",71,"D",,"A",,"A",,"A",,"A",,"A",,"A",,"A",,"A",,"A"
"20141",2779202,10,0,"1",,"A","190","D","02","D",71,"D",,"A",,"A",,"A",,"A",,"A",,"A",,"A",,"A",,"A"
"20141",2779202,11,0,"1",,"A","190","D","12","D",71,"D",,"A",,"A",,"A",,"A",,"A",,"A",,"A",,"A",,"A"
"20141",2779202,12,0,"2",,"A","190","D","12","D",75,"D",,"A",,"A",,"A",,"A",,"A",,"A",,"A",,"A",,"A"
"20141",2779512,12,0,"1",,"A","140","D","02","D",50,"D",,"A",,"A",,"A",,"A",,"A",,"A",,"A",,"A",,"A"
"20141",2779622,5,0,"1",,"A","220","D","02","D",35,"D",,"A",,"A",,"A",,"A",,"A",,"A",,"A",,"A",,"A"
"20141",2779882,10,0,"1",,"A","190","D","02","D",70,"D",,"A",,"A",,"A",,"A",,"A",,"A",,"A",,"A",,"A"
"20141",2779942,10,0,"2",,"A","200","D","12","D",280,"D",,"A",,"A",,"A",,"A",,"A",,"A",,"A",,"A",,"A"
"20141",2780062,1,0,"1",,"A","190","D","12","D",85,"D",,"A",,"A",,"A",,"A",,"A",,"A",,"A",,"A",,"A"
"20141",2780112,2,0,"1",,"A","200","D","01","D",85,"D",,"A",,"A",,"A",,"A",,"A",,"A",,"A",,"A",,"A"
"20141",2780462,23,0,"1",,"A","190","D","02","D",175,"D",,"A",,"A",,"A",,"A",,"A",,"A",,"A",,"A",,"A"
"20141",2780462,24,0,"2",,"A","190","D","12","D",175,"D",,"A",,"A",,"A",,"A",,"A",,"A",,"A",,"A",,"A"
"20141",2780542,14,0,"1",,"A","150","D","12","D",55,"D",,"A",,"A",,"A",,"A",,"A",,"A",,"A",,"A",,"A"
"20141",2780622,5,0,"1",,"A","190","D","12","D",98,"D",,"A",,"A",,"A",,"A",,"A",,"A",,"A",,"A",,"A"
"20141",2780762,4,0,"1",,"A","190","D","01","D",50,"D",,"A",,"A",,"A",,"A",,"A",,"A",,"A",,"A",,"A"
"20141",2780822,5,0,"1",,"A","200","D","01","D",168,"D",,"A",,"A",,"A",,"A",,"A",,"A",,"A",,"A",,"A"
"20141",2781342,7,0,"1",,"A","120","D","12","D",24,"D",,"A",,"A",,"A",,"A",,"A",,"A",,"A",,"A",,"A"
"20141",2792652,15,0,"1",,"A","120","D","12","D",125,"D",,"A",,"A",,"A",,"A",,"A",,"A",,"A",,"A",,"A"
"20141",2793574,12,0,"1",,"A","110","D","01","D",186,"D",,"A",,"A",,"A",,"A",,"A",,"A",,"A",,"A",,"A"
"20141",2798845,10,0,"1",,"A","110","D","11","D",42,"D",,"A",,"A",,"A",,"A",,"A",,"A",,"A",,"A",,"A"
"20141",2799055,26,0,"1",,"A","170","D","01","D",64,"D",,"A",,"A",,"A",,"A",,"A",,"A",,"A",,"A",,"A"
