"QYEAR","NEWID","SEQNO","ALCNO","REC_ORIG","NUMYUPD","NUMYUPD_","TOTYUPDX","TOTY_PDX","TOTYUPDY","TOTY_PDY"
"20131",2511565,51,0,"1",1,"D",.,"H",,"A"
"20131",2511565,51,1,"1",.,"A",11,"E","120","D"
"20131",2511565,51,2,"1",.,"A",33,"E","150","D"
"20131",2511565,51,3,"1",.,"A",15,"E","160","D"
"20131",2511565,51,4,"1",.,"A",1,"E","190","D"
"20131",2512105,50,0,"1",1,"D",.,"H",,"A"
"20131",2512105,50,1,"1",.,"A",60,"E","100","D"
"20131",2512105,50,2,"1",.,"A",15,"E","110","D"
"20131",2512105,50,3,"1",.,"A",25,"E","120","D"
"20131",2512105,50,4,"1",.,"A",133,"E","130","D"
"20131",2512105,50,5,"1",.,"A",2,"E","140","D"
"20131",2512105,50,6,"1",.,"A",230,"E","150","D"
"20131",2512105,50,7,"1",.,"A",15,"E","160","D"
"20131",2512105,50,8,"1",.,"A",20,"E","190","D"
"20131",2512485,34,0,"1",1,"D",.,"H",,"A"
"20131",2512485,34,1,"1",.,"A",11,"E","120","D"
"20131",2512485,34,2,"1",.,"A",2,"E","140","D"
"20131",2512485,34,3,"1",.,"A",47,"E","150","D"
"20131",2513435,74,0,"1",1,"D",.,"H",,"A"
"20131",2513435,74,1,"1",.,"A",30,"E","100","D"
"20131",2513435,74,2,"1",.,"A",11,"E","110","D"
"20131",2513435,74,3,"1",.,"A",38,"E","120","D"
"20131",2513435,74,4,"1",.,"A",64,"E","130","D"
"20131",2513435,74,5,"1",.,"A",6,"E","140","D"
"20131",2513435,74,6,"1",.,"A",134,"E","150","D"
"20131",2513435,74,7,"1",.,"A",11,"E","190","D"
"20131",2513435,74,8,"1",.,"A",28,"E","200","D"
"20131",2513435,74,9,"1",.,"A",69,"E","210","D"
"20131",2513435,74,10,"1",.,"A",9,"E","220","D"
"20131",2514775,48,0,"1",2,"D",.,"H",,"A"
"20131",2514775,48,1,"1",.,"A",10,"E","200","D"
"20131",2514775,48,2,"1",.,"A",23,"E","210","D"
"20131",2514775,48,3,"1",.,"A",17,"E","220","D"
"20131",2514925,51,0,"1",1,"D",.,"H",,"A"
"20131",2514925,51,1,"1",.,"A",87,"E","100","D"
"20131",2514925,51,2,"1",.,"A",33,"E","110","D"
"20131",2514925,51,3,"1",.,"A",99,"E","120","D"
"20131",2514925,51,4,"1",.,"A",187,"E","130","D"
"20131",2514925,51,5,"1",.,"A",20,"E","140","D"
"20131",2514925,51,6,"1",.,"A",391,"E","150","D"
"20131",2514925,51,7,"1",.,"A",1,"E","160","D"
"20131",2514925,51,8,"1",.,"A",32,"E","190","D"
"20131",2514995,67,0,"1",1,"D",.,"H",,"A"
"20131",2514995,67,1,"1",.,"A",709,"E","100","D"
"20131",2514995,67,2,"1",.,"A",191,"E","110","D"
"20131",2517295,82,0,"1",1,"D",.,"H",,"A"
"20131",2517295,82,1,"1",.,"A",103,"E","100","D"
"20131",2517295,82,2,"1",.,"A",20,"E","110","D"
"20131",2517295,82,3,"1",.,"A",116,"E","120","D"
"20131",2517295,82,4,"1",.,"A",8,"E","140","D"
"20131",2517295,82,5,"1",.,"A",492,"E","150","D"
"20131",2517295,82,6,"1",.,"A",234,"E","160","D"
"20131",2517295,82,7,"1",.,"A",27,"E","190","D"
"20131",2518975,60,0,"1",1,"D",.,"H",,"A"
"20131",2518975,60,1,"1",.,"A",101,"E","100","D"
"20131",2518975,60,2,"1",.,"A",41,"E","110","D"
"20131",2518975,60,3,"1",.,"A",94,"E","200","D"
"20131",2518975,60,4,"1",.,"A",233,"E","210","D"
"20131",2518975,60,5,"1",.,"A",31,"E","220","D"
"20131",2519205,59,0,"1",3,"D",.,"H",,"A"
"20131",2519205,59,1,"1",.,"A",35,"E","100","D"
"20131",2519205,59,2,"1",.,"A",8,"E","110","D"
"20131",2519205,59,3,"1",.,"A",13,"E","120","D"
"20131",2519205,59,4,"1",.,"A",1,"E","140","D"
"20131",2519205,59,5,"1",.,"A",125,"E","150","D"
"20131",2519205,59,6,"1",.,"A",8,"E","160","D"
"20131",2519205,59,7,"1",.,"A",10,"E","190","D"
"20131",2520345,64,0,"1",1,"D",.,"H",,"A"
"20131",2520345,64,1,"1",.,"A",29,"E","200","D"
"20131",2520345,64,2,"1",.,"A",70,"E","210","D"
"20131",2520345,64,3,"1",.,"A",9,"E","220","D"
"20131",2522165,53,0,"1",2,"D",.,"H",,"A"
"20131",2522165,53,1,"1",.,"A",63,"E","100","D"
"20131",2522165,53,2,"1",.,"A",37,"E","110","D"
"20131",2523675,71,0,"1",2,"D",.,"H",,"A"
"20131",2523675,71,1,"1",.,"A",12,"E","120","D"
"20131",2523675,71,2,"1",.,"A",1,"E","140","D"
"20131",2523675,71,3,"1",.,"A",120,"E","150","D"
"20131",2523675,71,4,"1",.,"A",7,"E","160","D"
"20131",2523675,71,5,"1",.,"A",10,"E","190","D"
"20131",2523795,122,0,"1",7,"D",.,"H",,"A"
"20131",2523795,122,1,"1",.,"A",158,"E","100","D"
"20131",2523795,122,2,"1",.,"A",42,"E","110","D"
"20131",2524825,54,0,"1",6,"D",.,"H",,"A"
"20131",2524825,54,1,"1",.,"A",145,"E","100","D"
"20131",2524825,54,2,"1",.,"A",55,"E","110","D"
"20131",2526395,74,0,"1",2,"D",.,"H",,"A"
"20131",2526395,74,1,"1",.,"A",19,"E","100","D"
"20131",2526395,74,2,"1",.,"A",6,"E","110","D"
"20131",2527115,43,0,"1",1,"D",.,"H",,"A"
"20131",2527115,43,1,"1",.,"A",91,"E","100","D"
"20131",2527115,43,2,"1",.,"A",50,"E","110","D"
"20131",2527115,43,3,"1",.,"A",60,"E","120","D"
"20131",2527115,43,4,"1",.,"A",12,"E","140","D"
"20131",2527115,43,5,"1",.,"A",142,"E","150","D"
"20131",2527115,43,6,"1",.,"A",24,"E","160","D"
"20131",2527115,43,7,"1",.,"A",67,"E","190","D"
"20131",2527115,43,8,"1",.,"A",114,"E","200","D"
"20131",2527115,43,9,"1",.,"A",40,"E","210","D"
"20131",2528305,73,0,"1",1,"D",.,"H",,"A"
"20131",2528305,73,1,"1",.,"A",10,"E","200","D"
"20131",2528305,73,2,"1",.,"A",25,"E","210","D"
"20131",2528305,73,3,"1",.,"A",5,"E","220","D"
"20131",2529225,72,0,"1",1,"D",.,"H",,"A"
"20131",2529225,72,1,"1",.,"A",37,"E","100","D"
"20131",2529225,72,2,"1",.,"A",14,"E","110","D"
"20131",2529225,72,3,"1",.,"A",48,"E","120","D"
"20131",2529225,72,4,"1",.,"A",81,"E","130","D"
"20131",2529225,72,5,"1",.,"A",8,"E","140","D"
"20131",2529225,72,6,"1",.,"A",169,"E","150","D"
"20131",2529225,72,7,"1",.,"A",13,"E","190","D"
"20131",2529685,63,0,"1",1,"D",.,"H",,"A"
"20131",2529685,63,1,"1",.,"A",102,"E","100","D"
"20131",2529685,63,2,"1",.,"A",80,"E","110","D"
"20131",2529685,63,3,"1",.,"A",104,"E","120","D"
"20131",2529685,63,4,"1",.,"A",15,"E","140","D"
"20131",2529685,63,5,"1",.,"A",567,"E","150","D"
"20131",2529685,63,6,"1",.,"A",32,"E","190","D"
"20131",2531355,57,0,"1",1,"D",.,"H",,"A"
"20131",2531355,57,1,"1",.,"A",50,"E","100","D"
"20131",2531355,57,2,"1",.,"A",18,"E","110","D"
"20131",2531355,57,3,"1",.,"A",44,"E","200","D"
"20131",2531355,57,4,"1",.,"A",110,"E","210","D"
"20131",2531355,57,5,"1",.,"A",14,"E","220","D"
"20131",2531655,42,0,"1",1,"D",.,"H",,"A"
"20131",2531655,42,1,"1",.,"A",25,"E","100","D"
"20131",2531655,42,2,"1",.,"A",5,"E","110","D"
"20131",2532415,63,0,"1",1,"D",.,"H",,"A"
"20131",2532415,63,1,"1",.,"A",10,"E","100","D"
"20131",2532415,63,2,"1",.,"A",5,"E","110","D"
"20131",2532975,48,0,"1",1,"D",.,"H",,"A"
"20131",2532975,48,1,"1",.,"A",156,"E","100","D"
"20131",2532975,48,2,"1",.,"A",94,"E","110","D"
"20131",2532975,48,3,"1",.,"A",108,"E","120","D"
"20131",2532975,48,4,"1",.,"A",22,"E","140","D"
"20131",2532975,48,5,"1",.,"A",255,"E","150","D"
"20131",2532975,48,6,"1",.,"A",43,"E","160","D"
"20131",2532975,48,7,"1",.,"A",122,"E","190","D"
"20131",2534805,70,0,"1",3,"D",.,"H",,"A"
"20131",2534805,70,1,"1",.,"A",52,"E","100","D"
"20131",2534805,70,2,"1",.,"A",14,"E","110","D"
"20131",2535925,32,0,"1",1,"D",.,"H",,"A"
"20131",2535925,32,1,"1",.,"A",384,"E","100","D"
"20131",2535925,32,2,"1",.,"A",312,"E","110","D"
"20131",2535925,32,3,"1",.,"A",411,"E","120","D"
"20131",2535925,32,4,"1",.,"A",59,"E","140","D"
"20131",2535925,32,5,"1",.,"A",2207,"E","150","D"
"20131",2535925,32,6,"1",.,"A",127,"E","190","D"
"20131",2538175,57,0,"1",2,"D",.,"H",,"A"
"20131",2538175,57,1,"1",.,"A",4,"E","100","D"
"20131",2538175,57,2,"1",.,"A",1,"E","110","D"
"20131",2538175,57,3,"1",.,"A",3,"E","130","D"
"20131",2538175,57,4,"1",.,"A",2,"E","200","D"
"20131",2538495,80,0,"1",1,"D",.,"H",,"A"
"20131",2538495,80,1,"1",.,"A",40,"E","100","D"
"20131",2538495,80,2,"1",.,"A",12,"E","110","D"
"20131",2538495,80,3,"1",.,"A",38,"E","120","D"
"20131",2538495,80,4,"1",.,"A",72,"E","130","D"
"20131",2538495,80,5,"1",.,"A",7,"E","140","D"
"20131",2538495,80,6,"1",.,"A",151,"E","150","D"
"20131",2538495,80,7,"1",.,"A",12,"E","190","D"
"20131",2538495,80,8,"1",.,"A",31,"E","200","D"
"20131",2538495,80,9,"1",.,"A",77,"E","210","D"
"20131",2538495,80,10,"1",.,"A",10,"E","220","D"
"20131",2538795,47,0,"1",1,"D",.,"H",,"A"
"20131",2538795,47,1,"1",.,"A",111,"E","100","D"
"20131",2538795,47,2,"1",.,"A",89,"E","110","D"
"20131",2539745,80,0,"1",1,"D",.,"H",,"A"
"20131",2539745,80,1,"1",.,"A",73,"E","100","D"
"20131",2539745,80,2,"1",.,"A",27,"E","110","D"
"20131",2539965,83,0,"1",2,"D",.,"H",,"A"
"20131",2539965,83,1,"1",.,"A",9,"E","200","D"
"20131",2539965,83,2,"1",.,"A",18,"E","210","D"
"20131",2539965,83,3,"1",.,"A",13,"E","220","D"
"20131",2543995,60,0,"1",1,"D",.,"H",,"A"
"20131",2543995,60,1,"1",.,"A",4,"E","100","D"
"20131",2543995,60,2,"1",.,"A",8,"E","200","D"
"20131",2543995,60,3,"1",.,"A",5,"E","210","D"
"20131",2544585,42,0,"1",1,"D",.,"H",,"A"
"20131",2544585,42,1,"1",.,"A",17,"E","200","D"
"20131",2544585,42,2,"1",.,"A",13,"E","210","D"
"20131",2545225,70,0,"1",2,"D",.,"H",,"A"
"20131",2545225,70,1,"1",.,"A",39,"E","120","D"
"20131",2545225,70,2,"1",.,"A",7,"E","140","D"
"20131",2545225,70,3,"1",.,"A",143,"E","150","D"
"20131",2545225,70,4,"1",.,"A",11,"E","190","D"
"20131",2546204,69,0,"1",1,"D",.,"H",,"A"
"20131",2546204,69,1,"1",.,"A",3,"E","100","D"
"20131",2546204,69,2,"1",.,"A",1,"E","120","D"
"20131",2546204,69,3,"1",.,"A",18,"E","150","D"
"20131",2546204,69,4,"1",.,"A",1,"E","190","D"
"20131",2546554,33,0,"1",1,"D",.,"H",,"A"
"20131",2546554,33,1,"1",.,"A",4,"E","100","D"
"20131",2546554,33,2,"1",.,"A",6,"E","120","D"
"20131",2546554,33,3,"1",.,"A",3,"E","130","D"
"20131",2546554,33,4,"1",.,"A",5,"E","150","D"
"20131",2546554,33,5,"1",.,"A",1,"E","160","D"
"20131",2546554,33,6,"1",.,"A",1,"E","190","D"
"20131",2548624,73,0,"1",1,"D",.,"H",,"A"
"20131",2548624,73,1,"1",.,"A",47,"E","100","D"
"20131",2548624,73,2,"1",.,"A",16,"E","110","D"
"20131",2548624,73,3,"1",.,"A",20,"E","120","D"
"20131",2548624,73,4,"1",.,"A",1,"E","140","D"
"20131",2548624,73,5,"1",.,"A",188,"E","150","D"
"20131",2548624,73,6,"1",.,"A",12,"E","160","D"
"20131",2548624,73,7,"1",.,"A",16,"E","190","D"
"20131",2549994,69,0,"1",1,"D",.,"H",,"A"
"20131",2549994,69,1,"1",.,"A",18,"E","120","D"
"20131",2549994,69,2,"1",.,"A",1,"E","140","D"
"20131",2549994,69,3,"1",.,"A",171,"E","150","D"
"20131",2549994,69,4,"1",.,"A",11,"E","160","D"
"20131",2549994,69,5,"1",.,"A",14,"E","190","D"
"20131",2549994,69,6,"1",.,"A",15,"E","200","D"
"20131",2549994,69,7,"1",.,"A",42,"E","210","D"
"20131",2549994,69,8,"1",.,"A",28,"E","220","D"
"20131",2550734,46,0,"1",1,"D",.,"H",,"A"
"20131",2550734,46,1,"1",.,"A",588,"E","100","D"
"20131",2550734,46,2,"1",.,"A",257,"E","110","D"
"20131",2550734,46,3,"1",.,"A",358,"E","120","D"
"20131",2550734,46,4,"1",.,"A",1308,"E","130","D"
"20131",2550734,46,5,"1",.,"A",14,"E","140","D"
"20131",2550734,46,6,"1",.,"A",1475,"E","150","D"
"20131",2551664,39,0,"1",1,"D",.,"H",,"A"
"20131",2551664,39,1,"1",.,"A",49,"E","120","D"
"20131",2551664,39,2,"1",.,"A",2,"E","140","D"
"20131",2551664,39,3,"1",.,"A",202,"E","150","D"
"20131",2552614,37,0,"1",4,"D",.,"H",,"A"
"20131",2552614,37,1,"1",.,"A",72,"E","120","D"
"20131",2552614,37,2,"1",.,"A",10,"E","140","D"
"20131",2552614,37,3,"1",.,"A",396,"E","150","D"
"20131",2552614,37,4,"1",.,"A",22,"E","190","D"
"20131",2553334,55,0,"1",1,"D",.,"H",,"A"
"20131",2553334,55,1,"1",.,"A",145,"E","100","D"
"20131",2553334,55,2,"1",.,"A",55,"E","110","D"
"20131",2553844,53,0,"1",1,"D",.,"H",,"A"
"20131",2553844,53,1,"1",.,"A",10,"E","200","D"
"20131",2553844,53,2,"1",.,"A",23,"E","210","D"
"20131",2553844,53,3,"1",.,"A",17,"E","220","D"
"20131",2554864,33,0,"1",1,"D",.,"H",,"A"
"20131",2554864,33,1,"1",.,"A",8,"E","120","D"
"20131",2554864,33,2,"1",.,"A",3,"E","140","D"
"20131",2554864,33,3,"1",.,"A",78,"E","150","D"
"20131",2554864,33,4,"1",.,"A",5,"E","160","D"
"20131",2554864,33,5,"1",.,"A",6,"E","190","D"
"20131",2555524,61,0,"1",1,"D",.,"H",,"A"
"20131",2555524,61,1,"1",.,"A",20,"E","100","D"
"20131",2555524,61,2,"1",.,"A",15,"E","110","D"
"20131",2555724,67,0,"1",1,"D",.,"H",,"A"
"20131",2555724,67,1,"1",.,"A",35,"E","100","D"
"20131",2555724,67,2,"1",.,"A",23,"E","110","D"
"20131",2555724,67,3,"1",.,"A",24,"E","120","D"
"20131",2555724,67,4,"1",.,"A",5,"E","140","D"
"20131",2555724,67,5,"1",.,"A",57,"E","150","D"
"20131",2555724,67,6,"1",.,"A",9,"E","160","D"
"20131",2555724,67,7,"1",.,"A",27,"E","190","D"
"20131",2555884,31,0,"1",1,"D",.,"H",,"A"
"20131",2555884,31,1,"1",.,"A",451,"E","100","D"
"20131",2555884,31,2,"1",.,"A",92,"E","110","D"
"20131",2555884,31,3,"1",.,"A",522,"E","120","D"
"20131",2555884,31,4,"1",.,"A",1524,"E","130","D"
"20131",2555884,31,5,"1",.,"A",38,"E","140","D"
"20131",2555884,31,6,"1",.,"A",2203,"E","150","D"
"20131",2555884,31,7,"1",.,"A",1048,"E","160","D"
"20131",2555884,31,8,"1",.,"A",122,"E","190","D"
"20131",2556224,44,0,"1",1,"D",.,"H",,"A"
"20131",2556224,44,1,"1",.,"A",11,"E","100","D"
"20131",2556224,44,2,"1",.,"A",2,"E","110","D"
"20131",2556224,44,3,"1",.,"A",9,"E","120","D"
"20131",2556224,44,4,"1",.,"A",1,"E","140","D"
"20131",2556224,44,5,"1",.,"A",15,"E","150","D"
"20131",2556224,44,6,"1",.,"A",4,"E","160","D"
"20131",2556224,44,7,"1",.,"A",4,"E","190","D"
"20131",2556804,37,0,"1",1,"D",.,"H",,"A"
"20131",2556804,37,1,"1",.,"A",25,"E","100","D"
"20131",2556804,37,2,"1",.,"A",5,"E","110","D"
"20131",2558134,50,0,"1",1,"D",.,"H",,"A"
"20131",2558134,50,1,"1",.,"A",25,"E","100","D"
"20131",2558134,50,2,"1",.,"A",5,"E","110","D"
"20131",2558134,50,3,"1",.,"A",13,"E","120","D"
"20131",2558134,50,4,"1",.,"A",2,"E","140","D"
"20131",2558134,50,5,"1",.,"A",34,"E","150","D"
"20131",2558134,50,6,"1",.,"A",10,"E","160","D"
"20131",2558134,50,7,"1",.,"A",10,"E","190","D"
"20131",2558134,50,8,"1",.,"A",15,"E","200","D"
"20131",2558134,50,9,"1",.,"A",21,"E","210","D"
"20131",2558134,50,10,"1",.,"A",15,"E","220","D"
"20131",2558794,103,0,"1",1,"D",.,"H",,"A"
"20131",2558794,103,1,"1",.,"A",11,"E","200","D"
"20131",2558794,103,2,"1",.,"A",29,"E","210","D"
"20131",2558794,103,3,"1",.,"A",20,"E","220","D"
"20131",2559074,43,0,"1",2,"D",.,"H",,"A"
"20131",2559074,43,1,"1",.,"A",1326,"E","200","D"
"20131",2559074,43,2,"1",.,"A",474,"E","210","D"
"20131",2559084,81,0,"1",1,"D",.,"H",,"A"
"20131",2559084,81,1,"1",.,"A",94,"E","100","D"
"20131",2559084,81,2,"1",.,"A",25,"E","110","D"
"20131",2559084,81,3,"1",.,"A",33,"E","200","D"
"20131",2559084,81,4,"1",.,"A",84,"E","210","D"
"20131",2559084,81,5,"1",.,"A",64,"E","220","D"
"20131",2559184,48,0,"1",1,"D",.,"H",,"A"
"20131",2559184,48,1,"1",.,"A",58,"E","100","D"
"20131",2559184,48,2,"1",.,"A",21,"E","110","D"
"20131",2559184,48,3,"1",.,"A",121,"E","130","D"
"20131",2559624,44,0,"1",1,"D",.,"H",,"A"
"20131",2559624,44,1,"1",.,"A",141,"E","100","D"
"20131",2559624,44,2,"1",.,"A",53,"E","110","D"
"20131",2559624,44,3,"1",.,"A",308,"E","130","D"
"20131",2559624,44,4,"1",.,"A",131,"E","200","D"
"20131",2559624,44,5,"1",.,"A",324,"E","210","D"
"20131",2559624,44,6,"1",.,"A",43,"E","220","D"
"20131",2561134,63,0,"1",1,"D",.,"H",,"A"
"20131",2561134,63,1,"1",.,"A",47,"E","100","D"
"20131",2561134,63,2,"1",.,"A",25,"E","110","D"
"20131",2561134,63,3,"1",.,"A",58,"E","200","D"
"20131",2561134,63,4,"1",.,"A",20,"E","210","D"
"20131",2561844,62,0,"1",1,"D",.,"H",,"A"
"20131",2561844,62,1,"1",.,"A",95,"E","100","D"
"20131",2561844,62,2,"1",.,"A",40,"E","110","D"
"20131",2561844,62,3,"1",.,"A",204,"E","130","D"
"20131",2561844,62,4,"1",.,"A",78,"E","200","D"
"20131",2561844,62,5,"1",.,"A",97,"E","210","D"
"20131",2561844,62,6,"1",.,"A",107,"E","220","D"
"20131",2561874,57,0,"1",1,"D",.,"H",,"A"
"20131",2561874,57,1,"1",.,"A",83,"E","200","D"
"20131",2561874,57,2,"1",.,"A",67,"E","210","D"
"20131",2562074,40,0,"1",1,"D",.,"H",,"A"
"20131",2562074,40,1,"1",.,"A",25,"E","100","D"
"20131",2562074,40,2,"1",.,"A",9,"E","110","D"
"20131",2562074,40,3,"1",.,"A",33,"E","120","D"
"20131",2562074,40,4,"1",.,"A",55,"E","130","D"
"20131",2562074,40,5,"1",.,"A",5,"E","140","D"
"20131",2562074,40,6,"1",.,"A",114,"E","150","D"
"20131",2562074,40,7,"1",.,"A",9,"E","190","D"
"20131",2562494,36,0,"1",1,"D",.,"H",,"A"
"20131",2562494,36,1,"1",.,"A",80,"E","100","D"
"20131",2562494,36,2,"1",.,"A",35,"E","110","D"
"20131",2562494,36,3,"1",.,"A",48,"E","120","D"
"20131",2562494,36,4,"1",.,"A",180,"E","130","D"
"20131",2562494,36,5,"1",.,"A",2,"E","140","D"
"20131",2562494,36,6,"1",.,"A",206,"E","150","D"
"20131",2562494,36,7,"1",.,"A",69,"E","200","D"
"20131",2562494,36,8,"1",.,"A",86,"E","210","D"
"20131",2562494,36,9,"1",.,"A",94,"E","220","D"
"20131",2565174,55,0,"1",1,"D",.,"H",,"A"
"20131",2565174,55,1,"1",.,"A",138,"E","100","D"
"20131",2565174,55,2,"1",.,"A",80,"E","110","D"
"20131",2565174,55,3,"1",.,"A",95,"E","120","D"
"20131",2565174,55,4,"1",.,"A",294,"E","130","D"
"20131",2565174,55,5,"1",.,"A",20,"E","140","D"
"20131",2565174,55,6,"1",.,"A",228,"E","150","D"
"20131",2565174,55,7,"1",.,"A",38,"E","160","D"
"20131",2565174,55,8,"1",.,"A",107,"E","190","D"
"20131",2567084,77,0,"1",1,"D",.,"H",,"A"
"20131",2567084,77,1,"1",.,"A",14,"E","100","D"
"20131",2567084,77,2,"1",.,"A",6,"E","110","D"
"20131",2568354,63,0,"1",1,"D",.,"H",,"A"
"20131",2568354,63,1,"1",.,"A",95,"E","100","D"
"20131",2568354,63,2,"1",.,"A",55,"E","110","D"
"20131",2569314,41,0,"1",1,"D",.,"H",,"A"
"20131",2569314,41,1,"1",.,"A",45,"E","100","D"
"20131",2569314,41,2,"1",.,"A",36,"E","110","D"
"20131",2569314,41,3,"1",.,"A",48,"E","120","D"
"20131",2569314,41,4,"1",.,"A",7,"E","140","D"
"20131",2569314,41,5,"1",.,"A",260,"E","150","D"
"20131",2569314,41,6,"1",.,"A",15,"E","190","D"
"20131",2569314,41,7,"1",.,"A",64,"E","200","D"
"20131",2569314,41,8,"1",.,"A",110,"E","210","D"
"20131",2569884,38,0,"1",1,"D",.,"H",,"A"
"20131",2569884,38,1,"1",.,"A",28,"E","200","D"
"20131",2569884,38,2,"1",.,"A",67,"E","210","D"
"20131",2569884,38,3,"1",.,"A",9,"E","220","D"
"20131",2570194,74,0,"1",1,"D",.,"H",,"A"
"20131",2570194,74,1,"1",.,"A",37,"E","100","D"
"20131",2570194,74,2,"1",.,"A",10,"E","110","D"
"20131",2570194,74,3,"1",.,"A",16,"E","120","D"
"20131",2570194,74,4,"1",.,"A",87,"E","130","D"
"20131",2570194,74,5,"1",.,"A",1,"E","140","D"
"20131",2570194,74,6,"1",.,"A",157,"E","150","D"
"20131",2570194,74,7,"1",.,"A",9,"E","160","D"
"20131",2570194,74,8,"1",.,"A",13,"E","190","D"
"20131",2570194,74,9,"1",.,"A",13,"E","200","D"
"20131",2570194,74,10,"1",.,"A",33,"E","210","D"
"20131",2570194,74,11,"1",.,"A",24,"E","220","D"
"20131",2571164,28,0,"1",1,"D",.,"H",,"A"
"20131",2571164,28,1,"1",.,"A",19,"E","100","D"
"20131",2571164,28,2,"1",.,"A",4,"E","110","D"
"20131",2571164,28,3,"1",.,"A",27,"E","120","D"
"20131",2571164,28,4,"1",.,"A",1,"E","140","D"
"20131",2571164,28,5,"1",.,"A",98,"E","150","D"
"20131",2571164,28,6,"1",.,"A",46,"E","160","D"
"20131",2571164,28,7,"1",.,"A",5,"E","190","D"
"20131",2572514,46,0,"1",1,"D",.,"H",,"A"
"20131",2572514,46,1,"1",.,"A",66,"E","200","D"
"20131",2572514,46,2,"1",.,"A",54,"E","210","D"
"20131",2573444,52,0,"1",1,"D",.,"H",,"A"
"20131",2573444,52,1,"1",.,"A",26,"E","100","D"
"20131",2573444,52,2,"1",.,"A",9,"E","110","D"
"20131",2573534,104,0,"1",1,"D",.,"H",,"A"
"20131",2573534,104,1,"1",.,"A",18,"E","100","D"
"20131",2573534,104,2,"1",.,"A",11,"E","110","D"
"20131",2573534,104,3,"1",.,"A",14,"E","120","D"
"20131",2573534,104,4,"1",.,"A",19,"E","130","D"
"20131",2573534,104,5,"1",.,"A",2,"E","140","D"
"20131",2573534,104,6,"1",.,"A",80,"E","150","D"
"20131",2573534,104,7,"1",.,"A",4,"E","190","D"
"20131",2573534,104,8,"1",.,"A",18,"E","200","D"
"20131",2573534,104,9,"1",.,"A",34,"E","210","D"
"20131",2573954,37,0,"1",1,"D",.,"H",,"A"
"20131",2573954,37,1,"1",.,"A",165,"E","100","D"
"20131",2573954,37,2,"1",.,"A",99,"E","110","D"
"20131",2573954,37,3,"1",.,"A",115,"E","120","D"
"20131",2573954,37,4,"1",.,"A",353,"E","130","D"
"20131",2573954,37,5,"1",.,"A",24,"E","140","D"
"20131",2573954,37,6,"1",.,"A",270,"E","150","D"
"20131",2573954,37,7,"1",.,"A",45,"E","160","D"
"20131",2573954,37,8,"1",.,"A",129,"E","190","D"
"20131",2574854,26,0,"1",1,"D",.,"H",,"A"
"20131",2574854,26,1,"1",.,"A",5,"E","200","D"
"20131",2574854,26,2,"1",.,"A",15,"E","210","D"
"20131",2574854,26,3,"1",.,"A",10,"E","220","D"
"20131",2575054,32,0,"1",1,"D",.,"H",,"A"
"20131",2575054,32,1,"1",.,"A",44,"E","100","D"
"20131",2575054,32,2,"1",.,"A",36,"E","110","D"
"20131",2575174,44,0,"1",1,"D",.,"H",,"A"
"20131",2575174,44,1,"1",.,"A",131,"E","100","D"
"20131",2575174,44,2,"1",.,"A",49,"E","110","D"
"20131",2575354,65,0,"1",1,"D",.,"H",,"A"
"20131",2575354,65,1,"1",.,"A",35,"E","100","D"
"20131",2575354,65,2,"1",.,"A",8,"E","110","D"
"20131",2575354,65,3,"1",.,"A",13,"E","120","D"
"20131",2575354,65,4,"1",.,"A",1,"E","140","D"
"20131",2575354,65,5,"1",.,"A",125,"E","150","D"
"20131",2575354,65,6,"1",.,"A",8,"E","160","D"
"20131",2575354,65,7,"1",.,"A",10,"E","190","D"
"20131",2576264,28,0,"1",1,"D",.,"H",,"A"
"20131",2576264,28,1,"1",.,"A",86,"E","100","D"
"20131",2576264,28,2,"1",.,"A",30,"E","110","D"
"20131",2576264,28,3,"1",.,"A",92,"E","120","D"
"20131",2576264,28,4,"1",.,"A",18,"E","140","D"
"20131",2576264,28,5,"1",.,"A",360,"E","150","D"
"20131",2576264,28,6,"1",.,"A",1,"E","160","D"
"20131",2576264,28,7,"1",.,"A",29,"E","190","D"
"20131",2576264,28,8,"1",.,"A",75,"E","200","D"
"20131",2576264,28,9,"1",.,"A",185,"E","210","D"
"20131",2576264,28,10,"1",.,"A",24,"E","220","D"
"20131",2577274,66,0,"1",3,"D",.,"H",,"A"
"20131",2577274,66,1,"1",.,"A",4,"E","120","D"
"20131",2577274,66,2,"1",.,"A",41,"E","150","D"
"20131",2577274,66,3,"1",.,"A",2,"E","160","D"
"20131",2577274,66,4,"1",.,"A",3,"E","190","D"
"20131",2577524,23,0,"1",1,"D",.,"H",,"A"
"20131",2577524,23,1,"1",.,"A",35,"E","100","D"
"20131",2577524,23,2,"1",.,"A",15,"E","110","D"
"20131",2577984,34,0,"1",1,"D",.,"H",,"A"
"20131",2577984,34,1,"1",.,"A",13,"E","100","D"
"20131",2577984,34,2,"1",.,"A",7,"E","110","D"
"20131",2577984,34,3,"1",.,"A",15,"E","120","D"
"20131",2577984,34,4,"1",.,"A",3,"E","140","D"
"20131",2577984,34,5,"1",.,"A",58,"E","150","D"
"20131",2577984,34,6,"1",.,"A",4,"E","190","D"
"20131",2579223,29,0,"1",1,"D",.,"H",,"A"
"20131",2579223,29,1,"1",.,"A",97,"E","100","D"
"20131",2579223,29,2,"1",.,"A",56,"E","110","D"
"20131",2579223,29,3,"1",.,"A",67,"E","120","D"
"20131",2579223,29,4,"1",.,"A",14,"E","140","D"
"20131",2579223,29,5,"1",.,"A",159,"E","150","D"
"20131",2579223,29,6,"1",.,"A",26,"E","160","D"
"20131",2579223,29,7,"1",.,"A",81,"E","190","D"
"20131",2581543,34,0,"1",1,"D",.,"H",,"A"
"20131",2581543,34,1,"1",.,"A",73,"E","100","D"
"20131",2581543,34,2,"1",.,"A",27,"E","110","D"
"20131",2582393,44,0,"1",9,"D",.,"H",,"A"
"20131",2582393,44,1,"1",.,"A",3,"E","100","D"
"20131",2582393,44,2,"1",.,"A",1,"E","110","D"
"20131",2582393,44,3,"1",.,"A",2,"E","120","D"
"20131",2582393,44,4,"1",.,"A",7,"E","130","D"
"20131",2582393,44,5,"1",.,"A",5,"E","150","D"
"20131",2582393,44,6,"1",.,"A",2,"E","190","D"
"20131",2582393,44,7,"1",.,"A",4,"E","200","D"
"20131",2582393,44,8,"1",.,"A",6,"E","210","D"
"20131",2583373,57,0,"1",1,"D",.,"H",,"A"
"20131",2583373,57,1,"1",.,"A",10,"E","100","D"
"20131",2583373,57,2,"1",.,"A",7,"E","110","D"
"20131",2583373,57,3,"1",.,"A",12,"E","120","D"
"20131",2583373,57,4,"1",.,"A",2,"E","140","D"
"20131",2583373,57,5,"1",.,"A",46,"E","150","D"
"20131",2583373,57,6,"1",.,"A",3,"E","190","D"
"20131",2584024,38,0,"1",1,"D",.,"H",,"A"
"20131",2584024,38,1,"1",.,"A",8,"E","120","D"
"20131",2584024,38,2,"1",.,"A",1,"E","140","D"
"20131",2584024,38,3,"1",.,"A",39,"E","150","D"
"20131",2584024,38,4,"1",.,"A",2,"E","190","D"
"20131",2584413,56,0,"1",1,"D",.,"H",,"A"
"20131",2584413,56,1,"1",.,"A",65,"G","100","D"
"20131",2584413,56,2,"1",.,"A",24,"G","110","D"
"20131",2584413,56,3,"1",.,"A",75,"G","120","D"
"20131",2584413,56,4,"1",.,"A",18,"G","140","D"
"20131",2584413,56,5,"1",.,"A",293,"G","150","D"
"20131",2584413,56,6,"1",.,"A",1,"G","160","D"
"20131",2584413,56,7,"1",.,"A",24,"G","190","D"
"20131",2585973,33,0,"1",1,"D",.,"H",,"A"
"20131",2585973,33,1,"1",.,"A",13,"E","200","D"
"20131",2585973,33,2,"1",.,"A",12,"E","210","D"
"20131",2587153,46,0,"1",2,"D",.,"H",,"A"
"20131",2587153,46,1,"1",.,"A",4,"E","100","D"
"20131",2587153,46,2,"1",.,"A",1,"E","110","D"
"20131",2587153,46,3,"1",.,"A",2,"E","120","D"
"20131",2587153,46,4,"1",.,"A",10,"E","130","D"
"20131",2587153,46,5,"1",.,"A",23,"E","150","D"
"20131",2587153,46,6,"1",.,"A",1,"E","160","D"
"20131",2587153,46,7,"1",.,"A",1,"E","190","D"
"20131",2587153,46,8,"1",.,"A",1,"E","200","D"
"20131",2587153,46,9,"1",.,"A",4,"E","210","D"
"20131",2587153,46,10,"1",.,"A",3,"E","220","D"
"20131",2588333,72,0,"1",1,"D",.,"H",,"A"
"20131",2588333,72,1,"1",.,"A",37,"E","100","D"
"20131",2588333,72,2,"1",.,"A",16,"E","110","D"
"20131",2588333,72,3,"1",.,"A",16,"E","120","D"
"20131",2588333,72,4,"1",.,"A",87,"E","130","D"
"20131",2588333,72,5,"1",.,"A",1,"E","140","D"
"20131",2588333,72,6,"1",.,"A",151,"E","150","D"
"20131",2588333,72,7,"1",.,"A",9,"E","160","D"
"20131",2588333,72,8,"1",.,"A",13,"E","190","D"
"20131",2588333,72,9,"1",.,"A",13,"E","200","D"
"20131",2588333,72,10,"1",.,"A",33,"E","210","D"
"20131",2588333,72,11,"1",.,"A",24,"E","220","D"
"20131",2588494,26,0,"1",2,"D",.,"H",,"A"
"20131",2588494,26,1,"1",.,"A",51,"E","100","D"
"20131",2588494,26,2,"1",.,"A",11,"E","110","D"
"20131",2588494,26,3,"1",.,"A",26,"E","120","D"
"20131",2588494,26,4,"1",.,"A",5,"E","140","D"
"20131",2588494,26,5,"1",.,"A",66,"E","150","D"
"20131",2588494,26,6,"1",.,"A",21,"E","160","D"
"20131",2588494,26,7,"1",.,"A",20,"E","190","D"
"20131",2589193,52,0,"1",1,"D",.,"H",,"A"
"20131",2589193,52,1,"1",.,"A",254,"E","100","D"
"20131",2589193,52,2,"1",.,"A",147,"E","110","D"
"20131",2589193,52,3,"1",.,"A",176,"E","120","D"
"20131",2589193,52,4,"1",.,"A",40,"E","140","D"
"20131",2589193,52,5,"1",.,"A",415,"E","150","D"
"20131",2589193,52,6,"1",.,"A",70,"E","160","D"
"20131",2589193,52,7,"1",.,"A",198,"E","190","D"
"20131",2589613,93,0,"1",1,"D",.,"H",,"A"
"20131",2589613,93,1,"1",.,"A",4,"G","120","D"
"20131",2589613,93,2,"1",.,"A",41,"G","150","D"
"20131",2589613,93,3,"1",.,"A",2,"G","160","D"
"20131",2589613,93,4,"1",.,"A",3,"G","190","D"
"20131",2590843,32,0,"1",2,"D",.,"H",,"A"
"20131",2590843,32,1,"1",.,"A",51,"E","100","D"
"20131",2590843,32,2,"1",.,"A",11,"E","110","D"
"20131",2590843,32,3,"1",.,"A",16,"E","200","D"
"20131",2590843,32,4,"1",.,"A",42,"E","210","D"
"20131",2590843,32,5,"1",.,"A",30,"E","220","D"
"20131",2590973,45,0,"1",1,"D",.,"H",,"A"
"20131",2590973,45,1,"1",.,"A",57,"E","100","D"
"20131",2590973,45,2,"1",.,"A",13,"E","110","D"
"20131",2591973,49,0,"1",1,"D",.,"H",,"A"
"20131",2591973,49,1,"1",.,"A",70,"E","100","D"
"20131",2591973,49,2,"1",.,"A",30,"E","110","D"
"20131",2592933,45,0,"1",2,"D",.,"H",,"A"
"20131",2592933,45,1,"1",.,"A",281,"E","100","D"
"20131",2592933,45,2,"1",.,"A",74,"E","110","D"
"20131",2592933,45,3,"1",.,"A",120,"E","120","D"
"20131",2592933,45,4,"1",.,"A",639,"E","130","D"
"20131",2592933,45,5,"1",.,"A",11,"E","140","D"
"20131",2592933,45,6,"1",.,"A",1107,"E","150","D"
"20131",2592933,45,7,"1",.,"A",72,"E","160","D"
"20131",2592933,45,8,"1",.,"A",96,"E","190","D"
"20131",2593563,45,0,"1",1,"D",.,"H",,"A"
"20131",2593563,45,1,"1",.,"A",65,"E","100","D"
"20131",2593563,45,2,"1",.,"A",27,"E","110","D"
"20131",2593563,45,3,"1",.,"A",75,"E","120","D"
"20131",2593563,45,4,"1",.,"A",15,"E","140","D"
"20131",2593563,45,5,"1",.,"A",293,"E","150","D"
"20131",2593563,45,6,"1",.,"A",1,"E","160","D"
"20131",2593563,45,7,"1",.,"A",24,"E","190","D"
"20131",2593683,45,0,"1",3,"D",.,"H",,"A"
"20131",2593683,45,1,"1",.,"A",126,"E","100","D"
"20131",2593683,45,2,"1",.,"A",74,"E","110","D"
"20131",2593923,43,0,"1",4,"D",.,"H",,"A"
"20131",2593923,43,1,"1",.,"A",28,"E","100","D"
"20131",2593923,43,2,"1",.,"A",22,"E","110","D"
"20131",2595843,39,0,"1",1,"D",.,"H",,"A"
"20131",2595843,39,1,"1",.,"A",16,"E","120","D"
"20131",2595843,39,2,"1",.,"A",55,"E","150","D"
"20131",2595843,39,3,"1",.,"A",26,"E","160","D"
"20131",2595843,39,4,"1",.,"A",3,"E","190","D"
"20131",2597913,53,0,"1",1,"D",.,"H",,"A"
"20131",2597913,53,1,"1",.,"A",1,"E","120","D"
"20131",2597913,53,2,"1",.,"A",15,"E","150","D"
"20131",2597913,53,3,"1",.,"A",1,"E","160","D"
"20131",2597913,53,4,"1",.,"A",3,"E","190","D"
"20131",2598163,47,0,"1",1,"D",.,"H",,"A"
"20131",2598163,47,1,"1",.,"A",43,"E","100","D"
"20131",2598163,47,2,"1",.,"A",15,"E","110","D"
"20131",2599403,51,0,"1",1,"D",.,"H",,"A"
"20131",2599403,51,1,"1",.,"A",182,"E","100","D"
"20131",2599403,51,2,"1",.,"A",68,"E","110","D"
"20131",2599843,30,0,"1",1,"D",.,"H",,"A"
"20131",2599843,30,1,"1",.,"A",14,"E","100","D"
"20131",2599843,30,2,"1",.,"A",3,"E","110","D"
"20131",2599843,30,3,"1",.,"A",20,"E","120","D"
"20131",2599843,30,4,"1",.,"A",1,"E","140","D"
"20131",2599843,30,5,"1",.,"A",73,"E","150","D"
"20131",2599843,30,6,"1",.,"A",35,"E","160","D"
"20131",2599843,30,7,"1",.,"A",4,"E","190","D"
"20131",2600113,28,0,"1",1,"D",.,"H",,"A"
"20131",2600113,28,1,"1",.,"A",31,"E","100","D"
"20131",2600113,28,2,"1",.,"A",19,"E","110","D"
"20131",2600673,32,0,"1",15,"D",.,"H",,"A"
"20131",2600673,32,1,"1",.,"A",41,"E","100","D"
"20131",2600673,32,2,"1",.,"A",9,"E","110","D"
"20131",2600983,61,0,"1",1,"D",.,"H",,"A"
"20131",2600983,61,1,"1",.,"A",158,"E","100","D"
"20131",2600983,61,2,"1",.,"A",42,"E","110","D"
"20131",2603613,27,0,"1",1,"D",.,"H",,"A"
"20131",2603613,27,1,"1",.,"A",362,"E","100","D"
"20131",2603613,27,2,"1",.,"A",138,"E","110","D"
"20131",2604113,37,0,"1",2,"D",.,"H",,"A"
"20131",2604113,37,1,"1",.,"A",45,"E","100","D"
"20131",2604113,37,2,"1",.,"A",35,"E","110","D"
"20131",2604173,46,0,"1",2,"D",.,"H",,"A"
"20131",2604173,46,1,"1",.,"A",307,"E","100","D"
"20131",2604173,46,2,"1",.,"A",116,"E","110","D"
"20131",2604173,46,3,"1",.,"A",352,"E","120","D"
"20131",2604173,46,4,"1",.,"A",661,"E","130","D"
"20131",2604173,46,5,"1",.,"A",74,"E","140","D"
"20131",2604173,46,6,"1",.,"A",1371,"E","150","D"
"20131",2604173,46,7,"1",.,"A",6,"E","160","D"
"20131",2604173,46,8,"1",.,"A",113,"E","190","D"
"20131",2605553,67,0,"1",2,"D",.,"H",,"A"
"20131",2605553,67,1,"1",.,"A",39,"E","100","D"
"20131",2605553,67,2,"1",.,"A",11,"E","110","D"
"20131",2608393,62,0,"1",15,"D",.,"H",,"A"
"20131",2608393,62,1,"1",.,"A",16,"E","100","D"
"20131",2608393,62,2,"1",.,"A",4,"E","110","D"
"20131",2610583,52,0,"1",1,"D",.,"H",,"A"
"20131",2610583,52,1,"1",.,"A",230,"E","100","D"
"20131",2610583,52,2,"1",.,"A",62,"E","110","D"
"20131",2610583,52,3,"1",.,"A",100,"E","120","D"
"20131",2610583,52,4,"1",.,"A",533,"E","130","D"
"20131",2610583,52,5,"1",.,"A",9,"E","140","D"
"20131",2610583,52,6,"1",.,"A",926,"E","150","D"
"20131",2610583,52,7,"1",.,"A",60,"E","160","D"
"20131",2610583,52,8,"1",.,"A",80,"E","190","D"
"20131",2612772,107,0,"1",1,"D",.,"H",,"A"
"20131",2612772,107,1,"1",.,"A",228,"E","100","D"
"20131",2612772,107,2,"1",.,"A",60,"E","110","D"
"20131",2612772,107,3,"1",.,"A",97,"E","120","D"
"20131",2612772,107,4,"1",.,"A",515,"E","130","D"
"20131",2612772,107,5,"1",.,"A",9,"E","140","D"
"20131",2612772,107,6,"1",.,"A",893,"E","150","D"
"20131",2612772,107,7,"1",.,"A",58,"E","160","D"
"20131",2612772,107,8,"1",.,"A",77,"E","190","D"
"20131",2612772,107,9,"1",.,"A",79,"E","200","D"
"20131",2612772,107,10,"1",.,"A",198,"E","210","D"
"20131",2612772,107,11,"1",.,"A",145,"E","220","D"
"20131",2614442,71,0,"1",1,"D",.,"H",,"A"
"20131",2614442,71,1,"1",.,"A",197,"E","100","D"
"20131",2614442,71,2,"1",.,"A",74,"E","110","D"
"20131",2614442,71,3,"1",.,"A",230,"E","120","D"
"20131",2614442,71,4,"1",.,"A",45,"E","140","D"
"20131",2614442,71,5,"1",.,"A",879,"E","150","D"
"20131",2614442,71,6,"1",.,"A",3,"E","160","D"
"20131",2614442,71,7,"1",.,"A",72,"E","190","D"
"20131",2615242,73,0,"1",1,"D",.,"H",,"A"
"20131",2615242,73,1,"1",.,"A",95,"E","200","D"
"20131",2615242,73,2,"1",.,"A",233,"E","210","D"
"20131",2615242,73,3,"1",.,"A",172,"E","220","D"
"20131",2615942,55,0,"1",1,"D",.,"H",,"A"
"20131",2615942,55,1,"1",.,"A",43,"E","100","D"
"20131",2615942,55,2,"1",.,"A",14,"E","110","D"
"20131",2615942,55,3,"1",.,"A",43,"E","120","D"
"20131",2615942,55,4,"1",.,"A",80,"E","130","D"
"20131",2615942,55,5,"1",.,"A",8,"E","140","D"
"20131",2615942,55,6,"1",.,"A",167,"E","150","D"
"20131",2615942,55,7,"1",.,"A",13,"E","190","D"
"20131",2615942,55,8,"1",.,"A",35,"E","200","D"
"20131",2615942,55,9,"1",.,"A",86,"E","210","D"
"20131",2615942,55,10,"1",.,"A",11,"E","220","D"
"20131",2616074,33,0,"1",2,"D",.,"H",,"A"
"20131",2616074,33,1,"1",.,"A",13,"E","120","D"
"20131",2616074,33,2,"1",.,"A",58,"E","150","D"
"20131",2616074,33,3,"1",.,"A",26,"E","160","D"
"20131",2616074,33,4,"1",.,"A",3,"E","190","D"
"20131",2616435,51,0,"1",1,"D",.,"H",,"A"
"20131",2616435,51,1,"1",.,"A",12,"E","100","D"
"20131",2616435,51,2,"1",.,"A",1,"E","110","D"
"20131",2616435,51,3,"1",.,"A",10,"E","120","D"
"20131",2616435,51,4,"1",.,"A",42,"E","150","D"
"20131",2616435,51,5,"1",.,"A",20,"E","160","D"
"20131",2616435,51,6,"1",.,"A",2,"E","190","D"
"20131",2616682,49,0,"1",2,"D",.,"H",,"A"
"20131",2616682,49,1,"1",.,"A",63,"E","100","D"
"20131",2616682,49,2,"1",.,"A",12,"E","110","D"
"20131",2616962,20,0,"1",1,"D",.,"H",,"A"
"20131",2616962,20,1,"1",.,"A",20,"E","100","D"
"20131",2616962,20,2,"1",.,"A",3,"E","110","D"
"20131",2616962,20,3,"1",.,"A",8,"E","120","D"
"20131",2616962,20,4,"1",.,"A",1,"E","140","D"
"20131",2616962,20,5,"1",.,"A",21,"E","150","D"
"20131",2616962,20,6,"1",.,"A",6,"E","160","D"
"20131",2616962,20,7,"1",.,"A",6,"E","190","D"
"20131",2617112,43,0,"1",2,"D",.,"H",,"A"
"20131",2617112,43,1,"1",.,"A",44,"E","100","D"
"20131",2617112,43,2,"1",.,"A",8,"E","110","D"
"20131",2617112,43,3,"1",.,"A",46,"E","120","D"
"20131",2617112,43,4,"1",.,"A",3,"E","140","D"
"20131",2617112,43,5,"1",.,"A",196,"E","150","D"
"20131",2617112,43,6,"1",.,"A",93,"E","160","D"
"20131",2617112,43,7,"1",.,"A",10,"E","190","D"
"20131",2617132,31,0,"1",1,"D",.,"H",,"A"
"20131",2617132,31,1,"1",.,"A",100,"E","100","D"
"20131",2617132,31,2,"1",.,"A",23,"E","110","D"
"20131",2617132,31,3,"1",.,"A",62,"E","120","D"
"20131",2617132,31,4,"1",.,"A",11,"E","140","D"
"20131",2617132,31,5,"1",.,"A",137,"E","150","D"
"20131",2617132,31,6,"1",.,"A",43,"E","160","D"
"20131",2617132,31,7,"1",.,"A",42,"E","190","D"
"20131",2617132,31,8,"1",.,"A",34,"E","200","D"
"20131",2617132,31,9,"1",.,"A",86,"E","210","D"
"20131",2617132,31,10,"1",.,"A",62,"E","220","D"
"20131",2619072,44,0,"1",2,"D",.,"H",,"A"
"20131",2619072,44,1,"1",.,"A",16,"E","200","D"
"20131",2619072,44,2,"1",.,"A",37,"E","210","D"
"20131",2619072,44,3,"1",.,"A",27,"E","220","D"
"20131",2619302,65,0,"1",1,"D",.,"H",,"A"
"20131",2619302,65,1,"1",.,"A",29,"E","120","D"
"20131",2619302,65,2,"1",.,"A",5,"E","140","D"
"20131",2619302,65,3,"1",.,"A",106,"E","150","D"
"20131",2619302,65,4,"1",.,"A",8,"E","190","D"
"20131",2619422,32,0,"1",1,"D",.,"H",,"A"
"20131",2619422,32,1,"1",.,"A",31,"E","100","D"
"20131",2619422,32,2,"1",.,"A",8,"E","110","D"
"20131",2619422,32,3,"1",.,"A",17,"E","120","D"
"20131",2619422,32,4,"1",.,"A",1,"E","140","D"
"20131",2619422,32,5,"1",.,"A",125,"E","150","D"
"20131",2619422,32,6,"1",.,"A",8,"E","160","D"
"20131",2619422,32,7,"1",.,"A",10,"E","190","D"
"20131",2620662,45,0,"1",2,"D",.,"H",,"A"
"20131",2620662,45,1,"1",.,"A",7,"E","120","D"
"20131",2620662,45,2,"1",.,"A",20,"E","150","D"
"20131",2620662,45,3,"1",.,"A",1,"E","190","D"
"20131",2620662,45,4,"1",.,"A",4,"E","200","D"
"20131",2620662,45,5,"1",.,"A",8,"E","210","D"
"20131",2621932,35,0,"1",1,"D",.,"H",,"A"
"20131",2621932,35,1,"1",.,"A",85,"E","100","D"
"20131",2621932,35,2,"1",.,"A",19,"E","110","D"
"20131",2621932,35,3,"1",.,"A",45,"E","120","D"
"20131",2621932,35,4,"1",.,"A",62,"E","130","D"
"20131",2621932,35,5,"1",.,"A",9,"E","140","D"
"20131",2621932,35,6,"1",.,"A",111,"E","150","D"
"20131",2621932,35,7,"1",.,"A",35,"E","160","D"
"20131",2621932,35,8,"1",.,"A",34,"E","190","D"
"20131",2623232,23,0,"1",1,"D",.,"H",,"A"
"20131",2623232,23,1,"1",.,"A",143,"E","100","D"
"20131",2623232,23,2,"1",.,"A",116,"E","110","D"
"20131",2623232,23,3,"1",.,"A",154,"E","120","D"
"20131",2623232,23,4,"1",.,"A",198,"E","130","D"
"20131",2623232,23,5,"1",.,"A",22,"E","140","D"
"20131",2623232,23,6,"1",.,"A",820,"E","150","D"
"20131",2623232,23,7,"1",.,"A",47,"E","190","D"
"20131",2623655,31,0,"1",1,"D",.,"H",,"A"
"20131",2623655,31,1,"1",.,"A",17,"E","120","D"
"20131",2623655,31,2,"1",.,"A",2,"E","140","D"
"20131",2623655,31,3,"1",.,"A",35,"E","150","D"
"20131",2623655,31,4,"1",.,"A",11,"E","160","D"
"20131",2623655,31,5,"1",.,"A",10,"E","190","D"
"20131",2624802,49,0,"1",1,"D",.,"H",,"A"
"20131",2624802,49,1,"1",.,"A",16,"E","100","D"
"20131",2624802,49,2,"1",.,"A",4,"E","110","D"
"20131",2624832,29,0,"1",1,"D",.,"H",,"A"
"20131",2624832,29,1,"1",.,"A",129,"E","100","D"
"20131",2624832,29,2,"1",.,"A",26,"E","110","D"
"20131",2624832,29,3,"1",.,"A",151,"E","120","D"
"20131",2624832,29,4,"1",.,"A",11,"E","140","D"
"20131",2624832,29,5,"1",.,"A",644,"E","150","D"
"20131",2624832,29,6,"1",.,"A",304,"E","160","D"
"20131",2624832,29,7,"1",.,"A",35,"E","190","D"
"20131",2625012,42,0,"1",1,"D",.,"H",,"A"
"20131",2625012,42,1,"1",.,"A",240,"E","100","D"
"20131",2625012,42,2,"1",.,"A",89,"E","110","D"
"20131",2625012,42,3,"1",.,"A",270,"E","120","D"
"20131",2625012,42,4,"1",.,"A",506,"E","130","D"
"20131",2625012,42,5,"1",.,"A",54,"E","140","D"
"20131",2625012,42,6,"1",.,"A",1051,"E","150","D"
"20131",2625012,42,7,"1",.,"A",4,"E","160","D"
"20131",2625012,42,8,"1",.,"A",86,"E","190","D"
"20131",2625752,37,0,"1",1,"D",.,"H",,"A"
"20131",2625752,37,1,"1",.,"A",294,"E","200","D"
"20131",2625752,37,2,"1",.,"A",106,"E","210","D"
"20131",2626012,45,0,"1",1,"D",.,"H",,"A"
"20131",2626012,45,1,"1",.,"A",162,"E","100","D"
"20131",2626012,45,2,"1",.,"A",38,"E","110","D"
"20131",2626065,42,0,"1",4,"D",.,"H",,"A"
"20131",2626065,42,1,"1",.,"A",14,"E","100","D"
"20131",2626065,42,2,"1",.,"A",6,"E","110","D"
"20131",2628802,92,0,"1",1,"D",.,"H",,"A"
"20131",2628802,92,1,"1",.,"A",301,"E","100","D"
"20131",2628802,92,2,"1",.,"A",61,"E","110","D"
"20131",2628802,92,3,"1",.,"A",903,"E","200","D"
"20131",2628802,92,4,"1",.,"A",535,"E","210","D"
"20131",2629042,65,0,"1",1,"D",.,"H",,"A"
"20131",2629042,65,1,"1",.,"A",39,"E","100","D"
"20131",2629042,65,2,"1",.,"A",10,"E","110","D"
"20131",2629042,65,3,"1",.,"A",14,"E","200","D"
"20131",2629042,65,4,"1",.,"A",37,"E","210","D"
"20131",2629042,65,5,"1",.,"A",25,"E","220","D"
"20131",2629633,54,0,"1",6,"D",.,"H",,"A"
"20131",2629633,54,1,"1",.,"A",36,"E","100","D"
"20131",2629633,54,2,"1",.,"A",8,"E","110","D"
"20131",2629633,54,3,"1",.,"A",14,"E","120","D"
"20131",2629633,54,4,"1",.,"A",1,"E","140","D"
"20131",2629633,54,5,"1",.,"A",132,"E","150","D"
"20131",2629633,54,6,"1",.,"A",8,"E","160","D"
"20131",2629633,54,7,"1",.,"A",11,"E","190","D"
"20131",2632552,29,0,"1",1,"D",.,"H",,"A"
"20131",2632552,29,1,"1",.,"A",340,"E","100","D"
"20131",2632552,29,2,"1",.,"A",196,"E","110","D"
"20131",2632552,29,3,"1",.,"A",240,"E","120","D"
"20131",2632552,29,4,"1",.,"A",49,"E","140","D"
"20131",2632552,29,5,"1",.,"A",555,"E","150","D"
"20131",2632552,29,6,"1",.,"A",93,"E","160","D"
"20131",2632552,29,7,"1",.,"A",264,"E","190","D"
"20131",2632672,45,0,"1",1,"D",.,"H",,"A"
"20131",2632672,45,1,"1",.,"A",36,"E","100","D"
"20131",2632672,45,2,"1",.,"A",14,"E","110","D"
"20131",2632692,97,0,"1",1,"D",.,"H",,"A"
"20131",2632692,97,1,"1",.,"A",7,"E","100","D"
"20131",2632692,97,2,"1",.,"A",2,"E","110","D"
"20131",2632692,97,3,"1",.,"A",2,"E","200","D"
"20131",2632692,97,4,"1",.,"A",9,"E","210","D"
"20131",2632692,97,5,"1",.,"A",5,"E","220","D"
"20131",2632872,23,0,"1",1,"D",.,"H",,"A"
"20131",2632872,23,1,"1",.,"A",12,"E","100","D"
"20131",2632872,23,2,"1",.,"A",3,"E","110","D"
"20131",2636312,36,0,"1",2,"D",.,"H",,"A"
"20131",2636312,36,1,"1",.,"A",51,"E","100","D"
"20131",2636312,36,2,"1",.,"A",28,"E","110","D"
"20131",2636312,36,3,"1",.,"A",104,"E","130","D"
"20131",2636312,36,4,"1",.,"A",64,"E","200","D"
"20131",2636312,36,5,"1",.,"A",23,"E","210","D"
"20131",2637052,37,0,"1",1,"D",.,"H",,"A"
"20131",2637052,37,1,"1",.,"A",166,"E","100","D"
"20131",2637052,37,2,"1",.,"A",34,"E","110","D"
"20131",2637892,65,0,"1",1,"D",.,"H",,"A"
"20131",2637892,65,1,"1",.,"A",24,"E","100","D"
"20131",2637892,65,2,"1",.,"A",6,"E","110","D"
"20131",2638892,44,0,"1",1,"D",.,"H",,"A"
"20131",2638892,44,1,"1",.,"A",577,"E","100","D"
"20131",2638892,44,2,"1",.,"A",159,"E","110","D"
"20131",2638892,44,3,"1",.,"A",251,"E","120","D"
"20131",2638892,44,4,"1",.,"A",1332,"E","130","D"
"20131",2638892,44,5,"1",.,"A",24,"E","140","D"
"20131",2638892,44,6,"1",.,"A",2306,"E","150","D"
"20131",2638892,44,7,"1",.,"A",151,"E","160","D"
"20131",2638892,44,8,"1",.,"A",200,"E","190","D"
"20131",2639142,26,0,"1",1,"D",.,"H",,"A"
"20131",2639142,26,1,"1",.,"A",1,"E","100","D"
"20131",2639142,26,2,"1",.,"A",2,"E","110","D"
"20131",2639142,26,3,"1",.,"A",1,"E","210","D"
"20131",2639142,26,4,"1",.,"A",1,"E","220","D"
"20131",2639192,68,0,"1",1,"D",.,"H",,"A"
"20131",2639192,68,1,"1",.,"A",36,"E","100","D"
"20131",2639192,68,2,"1",.,"A",9,"E","110","D"
"20131",2639192,68,3,"1",.,"A",15,"E","120","D"
"20131",2639192,68,4,"1",.,"A",7,"E","140","D"
"20131",2639192,68,5,"1",.,"A",145,"E","150","D"
"20131",2639192,68,6,"1",.,"A",9,"E","160","D"
"20131",2639192,68,7,"1",.,"A",12,"E","190","D"
"20131",2639192,68,8,"1",.,"A",12,"E","200","D"
"20131",2639192,68,9,"1",.,"A",32,"E","210","D"
"20131",2639192,68,10,"1",.,"A",23,"E","220","D"
"20131",2639532,75,0,"1",1,"D",.,"H",,"A"
"20131",2639532,75,1,"1",.,"A",9,"E","200","D"
"20131",2639532,75,2,"1",.,"A",23,"E","210","D"
"20131",2639532,75,3,"1",.,"A",18,"E","220","D"
"20131",2639852,55,0,"1",1,"D",.,"H",,"A"
"20131",2639852,55,1,"1",.,"A",94,"E","100","D"
"20131",2639852,55,2,"1",.,"A",25,"E","110","D"
"20131",2639852,55,3,"1",.,"A",45,"E","120","D"
"20131",2639852,55,4,"1",.,"A",3,"E","140","D"
"20131",2639852,55,5,"1",.,"A",377,"E","150","D"
"20131",2639852,55,6,"1",.,"A",24,"E","160","D"
"20131",2639852,55,7,"1",.,"A",32,"E","190","D"
"20131",2639862,45,0,"1",1,"D",.,"H",,"A"
"20131",2639862,45,1,"1",.,"A",3,"E","100","D"
"20131",2639862,45,2,"1",.,"A",1,"E","110","D"
"20131",2639982,48,0,"1",1,"D",.,"H",,"A"
"20131",2639982,48,1,"1",.,"A",144,"E","100","D"
"20131",2639982,48,2,"1",.,"A",38,"E","110","D"
"20131",2639982,48,3,"1",.,"A",50,"E","200","D"
"20131",2639982,48,4,"1",.,"A",126,"E","210","D"
"20131",2639982,48,5,"1",.,"A",92,"E","220","D"
"20131",2640292,60,0,"1",1,"D",.,"H",,"A"
"20131",2640292,60,1,"1",.,"A",362,"E","100","D"
"20131",2640292,60,2,"1",.,"A",138,"E","110","D"
"20131",2640302,62,0,"1",1,"D",.,"H",,"A"
"20131",2640302,62,1,"1",.,"A",103,"E","100","D"
"20131",2640302,62,2,"1",.,"A",31,"E","110","D"
"20131",2640302,62,3,"1",.,"A",45,"E","120","D"
"20131",2640302,62,4,"1",.,"A",239,"E","130","D"
"20131",2640302,62,5,"1",.,"A",4,"E","140","D"
"20131",2640302,62,6,"1",.,"A",415,"E","150","D"
"20131",2640302,62,7,"1",.,"A",27,"E","160","D"
"20131",2640302,62,8,"1",.,"A",36,"E","190","D"
"20131",2641052,27,0,"1",1,"D",.,"H",,"A"
"20131",2641052,27,1,"1",.,"A",23,"E","100","D"
"20131",2641052,27,2,"1",.,"A",8,"E","110","D"
"20131",2641052,27,3,"1",.,"A",11,"E","120","D"
"20131",2641052,27,4,"1",.,"A",42,"E","130","D"
"20131",2641052,27,5,"1",.,"A",48,"E","150","D"
"20131",2641052,27,6,"1",.,"A",16,"E","200","D"
"20131",2641052,27,7,"1",.,"A",20,"E","210","D"
"20131",2641052,27,8,"1",.,"A",22,"E","220","D"
"20131",2641502,45,0,"1",1,"D",.,"H",,"A"
"20131",2641502,45,1,"1",.,"A",370,"E","100","D"
"20131",2641502,45,2,"1",.,"A",160,"E","110","D"
"20131",2641502,45,3,"1",.,"A",222,"E","120","D"
"20131",2641502,45,4,"1",.,"A",817,"E","130","D"
"20131",2641502,45,5,"1",.,"A",9,"E","140","D"
"20131",2641502,45,6,"1",.,"A",922,"E","150","D"
"20131",2643432,33,0,"1",1,"D",.,"H",,"A"
"20131",2643432,33,1,"1",.,"A",69,"E","100","D"
"20131",2643432,33,2,"1",.,"A",18,"E","110","D"
"20131",2643432,33,3,"1",.,"A",34,"E","120","D"
"20131",2643432,33,4,"1",.,"A",159,"E","130","D"
"20131",2643432,33,5,"1",.,"A",2,"E","140","D"
"20131",2643432,33,6,"1",.,"A",276,"E","150","D"
"20131",2643432,33,7,"1",.,"A",18,"E","160","D"
"20131",2643432,33,8,"1",.,"A",24,"E","190","D"
"20131",2644042,38,0,"1",2,"D",.,"H",,"A"
"20131",2644042,38,1,"1",.,"A",470,"E","100","D"
"20131",2644042,38,2,"1",.,"A",127,"E","110","D"
"20131",2645262,46,0,"1",1,"D",.,"H",,"A"
"20131",2645262,46,1,"1",.,"A",37,"E","200","D"
"20131",2645262,46,2,"1",.,"A",95,"E","210","D"
"20131",2645262,46,3,"1",.,"A",68,"E","220","D"
"20131",2646292,49,0,"1",1,"D",.,"H",,"A"
"20131",2646292,49,1,"1",.,"A",27,"E","100","D"
"20131",2646292,49,2,"1",.,"A",22,"E","110","D"
"20131",2646292,49,3,"1",.,"A",31,"E","120","D"
"20131",2646292,49,4,"1",.,"A",4,"E","140","D"
"20131",2646292,49,5,"1",.,"A",157,"E","150","D"
"20131",2646292,49,6,"1",.,"A",9,"E","190","D"
"20131",2646822,60,0,"1",1,"D",.,"H",,"A"
"20131",2646822,60,1,"1",.,"A",381,"E","100","D"
"20131",2646822,60,2,"1",.,"A",102,"E","110","D"
"20131",2646822,60,3,"1",.,"A",134,"E","200","D"
"20131",2646822,60,4,"1",.,"A",336,"E","210","D"
"20131",2646822,60,5,"1",.,"A",247,"E","220","D"
"20131",2647002,32,0,"1",2,"D",.,"H",,"A"
"20131",2647002,32,1,"1",.,"A",73,"E","100","D"
"20131",2647002,32,2,"1",.,"A",15,"E","110","D"
"20131",2647002,32,3,"1",.,"A",86,"E","120","D"
"20131",2647002,32,4,"1",.,"A",6,"E","140","D"
"20131",2647002,32,5,"1",.,"A",364,"E","150","D"
"20131",2647002,32,6,"1",.,"A",173,"E","160","D"
"20131",2647002,32,7,"1",.,"A",23,"E","190","D"
"20131",2649975,62,0,"1",3,"D",.,"H",,"A"
"20131",2649975,62,1,"1",.,"A",24,"E","100","D"
"20131",2649975,62,2,"1",.,"A",19,"E","110","D"
"20131",2649975,62,3,"1",.,"A",25,"E","120","D"
"20131",2649975,62,4,"1",.,"A",3,"E","140","D"
"20131",2649975,62,5,"1",.,"A",144,"E","150","D"
"20131",2649975,62,6,"1",.,"A",8,"E","190","D"
"20131",2649975,62,7,"1",.,"A",33,"E","200","D"
"20131",2649975,62,8,"1",.,"A",59,"E","210","D"
"20131",2655254,28,0,"1",1,"D",.,"H",,"A"
"20131",2655254,28,1,"1",.,"A",6,"E","100","D"
"20131",2655254,28,2,"1",.,"A",3,"E","110","D"
"20131",2655254,28,3,"1",.,"A",6,"E","200","D"
"20131",2655254,28,4,"1",.,"A",10,"E","210","D"
"20131",2655704,67,0,"1",1,"D",.,"H",,"A"
"20131",2655704,67,1,"1",.,"A",37,"E","100","D"
"20131",2655704,67,2,"1",.,"A",13,"E","110","D"
"20131",2665335,33,0,"1",1,"D",.,"H",,"A"
"20131",2665335,33,1,"1",.,"A",48,"E","100","D"
"20131",2665335,33,2,"1",.,"A",12,"E","110","D"
"20131",2666225,38,0,"1",1,"D",.,"H",,"A"
"20131",2666225,38,1,"1",.,"A",91,"E","100","D"
"20131",2666225,38,2,"1",.,"A",22,"E","110","D"
"20131",2666225,38,3,"1",.,"A",37,"E","120","D"
"20131",2666225,38,4,"1",.,"A",196,"E","130","D"
"20131",2666225,38,5,"1",.,"A",3,"E","140","D"
"20131",2666225,38,6,"1",.,"A",340,"E","150","D"
"20131",2666225,38,7,"1",.,"A",22,"E","160","D"
"20131",2666225,38,8,"1",.,"A",29,"E","190","D"
"20131",2666225,38,9,"1",.,"A",30,"E","200","D"
"20131",2666225,38,10,"1",.,"A",75,"E","210","D"
"20131",2666225,38,11,"1",.,"A",55,"E","220","D"
"20131",2668095,29,0,"1",1,"D",.,"H",,"A"
"20131",2668095,29,1,"1",.,"A",174,"E","100","D"
"20131",2668095,29,2,"1",.,"A",66,"E","110","D"
"20131",2672944,68,0,"1",1,"D",.,"H",,"A"
"20131",2672944,68,1,"1",.,"A",78,"E","100","D"
"20131",2672944,68,2,"1",.,"A",45,"E","110","D"
"20131",2672944,68,3,"1",.,"A",57,"E","120","D"
"20131",2672944,68,4,"1",.,"A",11,"E","140","D"
"20131",2672944,68,5,"1",.,"A",127,"E","150","D"
"20131",2672944,68,6,"1",.,"A",21,"E","160","D"
"20131",2672944,68,7,"1",.,"A",61,"E","190","D"
"20131",2676205,23,0,"1",1,"D",.,"H",,"A"
"20131",2676205,23,1,"1",.,"A",9,"E","100","D"
"20131",2676205,23,2,"1",.,"A",2,"E","110","D"
"20131",2676205,23,3,"1",.,"A",11,"E","120","D"
"20131",2676205,23,4,"1",.,"A",33,"E","130","D"
"20131",2676205,23,5,"1",.,"A",48,"E","150","D"
"20131",2676205,23,6,"1",.,"A",23,"E","160","D"
"20131",2676205,23,7,"1",.,"A",8,"E","190","D"
"20131",2676205,23,8,"1",.,"A",29,"E","200","D"
"20131",2676205,23,9,"1",.,"A",17,"E","210","D"
"20132",2546225,34,0,"1",2,"D",.,"H",,"A"
"20132",2546225,34,1,"1",.,"A",124,"E","100","D"
"20132",2546225,34,2,"1",.,"A",26,"E","110","D"
"20132",2546385,16,0,"1",1,"D",.,"H",,"A"
"20132",2546385,16,1,"1",.,"A",78,"E","100","D"
"20132",2546385,16,2,"1",.,"A",72,"E","110","D"
"20132",2546875,45,0,"1",3,"D",.,"H",,"A"
"20132",2546875,45,1,"1",.,"A",437,"E","120","D"
"20132",2546875,45,2,"1",.,"A",427,"E","130","D"
"20132",2546875,45,3,"1",.,"A",36,"E","160","D"
"20132",2547655,25,0,"1",1,"D",.,"H",,"A"
"20132",2547655,25,1,"1",.,"A",6,"E","100","D"
"20132",2548515,41,0,"1",1,"D",.,"H",,"A"
"20132",2548515,41,1,"1",.,"A",22,"E","120","D"
"20132",2548515,41,2,"1",.,"A",7,"E","140","D"
"20132",2548515,41,3,"1",.,"A",83,"E","150","D"
"20132",2548515,41,4,"1",.,"A",6,"E","170","D"
"20132",2548515,41,5,"1",.,"A",7,"E","190","D"
"20132",2549335,33,0,"1",1,"D",.,"H",,"A"
"20132",2549335,33,1,"1",.,"A",32,"E","100","D"
"20132",2549335,33,2,"1",.,"A",15,"E","110","D"
"20132",2549335,33,3,"1",.,"A",21,"E","120","D"
"20132",2549335,33,4,"1",.,"A",4,"E","140","D"
"20132",2549335,33,5,"1",.,"A",95,"E","150","D"
"20132",2549335,33,6,"1",.,"A",27,"E","170","D"
"20132",2549335,33,7,"1",.,"A",6,"E","190","D"
"20132",2549415,81,0,"1",3,"D",.,"H",,"A"
"20132",2549415,81,1,"1",.,"A",37,"E","100","D"
"20132",2549415,81,2,"1",.,"A",14,"E","110","D"
"20132",2549415,81,3,"1",.,"A",15,"E","120","D"
"20132",2549415,81,4,"1",.,"A",4,"E","140","D"
"20132",2549415,81,5,"1",.,"A",120,"E","150","D"
"20132",2549415,81,6,"1",.,"A",11,"E","160","D"
"20132",2549415,81,7,"1",.,"A",2,"E","170","D"
"20132",2549415,81,8,"1",.,"A",17,"E","190","D"
"20132",2550015,41,0,"1",1,"D",.,"H",,"A"
"20132",2550015,41,1,"1",.,"A",119,"E","100","D"
"20132",2550015,41,2,"1",.,"A",81,"E","110","D"
"20132",2550075,36,0,"1",.,"C",.,"H",,"A"
"20132",2550075,36,1,"1",.,"A",64,"E","100","D"
"20132",2550075,36,2,"1",.,"A",13,"E","110","D"
"20132",2550075,36,3,"1",.,"A",37,"E","120","D"
"20132",2550075,36,4,"1",.,"A",47,"E","130","D"
"20132",2550075,36,5,"1",.,"A",10,"E","140","D"
"20132",2550075,36,6,"1",.,"A",111,"E","150","D"
"20132",2550075,36,7,"1",.,"A",9,"E","170","D"
"20132",2550075,36,8,"1",.,"A",9,"E","190","D"
"20132",2550185,27,0,"1",1,"D",.,"H",,"A"
"20132",2550185,27,1,"1",.,"A",140,"E","200","D"
"20132",2550185,27,2,"1",.,"A",73,"E","210","D"
"20132",2550185,27,3,"1",.,"A",87,"E","220","D"
"20132",2550225,45,0,"1",2,"D",.,"H",,"A"
"20132",2550225,45,1,"1",.,"A",65,"E","120","D"
"20132",2550225,45,2,"1",.,"A",22,"E","140","D"
"20132",2550225,45,3,"1",.,"A",225,"E","150","D"
"20132",2550225,45,4,"1",.,"A",18,"E","170","D"
"20132",2550225,45,5,"1",.,"A",20,"E","190","D"
"20132",2550365,52,0,"1",1,"D",.,"H",,"A"
"20132",2550365,52,1,"1",.,"A",178,"E","100","D"
"20132",2550365,52,2,"1",.,"A",44,"E","110","D"
"20132",2550365,52,3,"1",.,"A",69,"E","120","D"
"20132",2550365,52,4,"1",.,"A",18,"E","140","D"
"20132",2550365,52,5,"1",.,"A",547,"E","150","D"
"20132",2550365,52,6,"1",.,"A",51,"E","160","D"
"20132",2550365,52,7,"1",.,"A",12,"E","170","D"
"20132",2550365,52,8,"1",.,"A",80,"E","190","D"
"20132",2550365,52,9,"1",.,"A",57,"E","200","D"
"20132",2550365,52,10,"1",.,"A",110,"E","210","D"
"20132",2550365,52,11,"1",.,"A",234,"E","220","D"
"20132",2550545,54,0,"1",1,"D",.,"H",,"A"
"20132",2550545,54,1,"1",.,"A",159,"G","100","D"
"20132",2550545,54,2,"1",.,"A",41,"G","110","D"
"20132",2552175,41,0,"1",2,"D",.,"H",,"A"
"20132",2552175,41,1,"1",.,"A",85,"E","100","D"
"20132",2552175,41,2,"1",.,"A",15,"E","110","D"
"20132",2552615,42,0,"1",1,"D",.,"H",,"A"
"20132",2552615,42,1,"1",.,"A",53,"E","120","D"
"20132",2552615,42,2,"1",.,"A",1,"E","140","D"
"20132",2552615,42,3,"1",.,"A",337,"E","150","D"
"20132",2552615,42,4,"1",.,"A",101,"E","170","D"
"20132",2552615,42,5,"1",.,"A",8,"E","190","D"
"20132",2552895,30,0,"1",1,"D",.,"H",,"A"
"20132",2552895,30,1,"1",.,"A",105,"E","100","D"
"20132",2552895,30,2,"1",.,"A",70,"E","110","D"
"20132",2554265,22,0,"1",1,"D",.,"H",,"A"
"20132",2554265,22,1,"1",.,"A",131,"E","100","D"
"20132",2554265,22,2,"1",.,"A",69,"E","110","D"
"20132",2555985,45,0,"1",1,"D",.,"H",,"A"
"20132",2555985,45,1,"1",.,"A",40,"E","100","D"
"20132",2555985,45,2,"1",.,"A",10,"E","110","D"
"20132",2556195,50,0,"1",1,"D",.,"H",,"A"
"20132",2556195,50,1,"1",.,"A",223,"E","100","D"
"20132",2556195,50,2,"1",.,"A",57,"E","110","D"
"20132",2556195,50,3,"1",.,"A",91,"E","120","D"
"20132",2556195,50,4,"1",.,"A",24,"E","140","D"
"20132",2556195,50,5,"1",.,"A",713,"E","150","D"
"20132",2556195,50,6,"1",.,"A",72,"E","160","D"
"20132",2556195,50,7,"1",.,"A",16,"E","170","D"
"20132",2556195,50,8,"1",.,"A",104,"E","190","D"
"20132",2556795,20,0,"1",2,"D",.,"H",,"A"
"20132",2556795,20,1,"1",.,"A",221,"E","120","D"
"20132",2556795,20,2,"1",.,"A",19,"E","160","D"
"20132",2558665,66,0,"1",1,"D",.,"H",,"A"
"20132",2558665,66,1,"1",.,"A",189,"E","130","D"
"20132",2558665,66,2,"1",.,"A",35,"E","200","D"
"20132",2558665,66,3,"1",.,"A",67,"E","210","D"
"20132",2558665,66,4,"1",.,"A",146,"E","220","D"
"20132",2558675,14,0,"1",1,"D",.,"H",,"A"
"20132",2558675,14,1,"1",.,"A",154,"E","100","D"
"20132",2558675,14,2,"1",.,"A",32,"E","110","D"
"20132",2558675,14,3,"1",.,"A",114,"E","130","D"
"20132",2559085,52,0,"1",3,"D",.,"H",,"A"
"20132",2559085,52,1,"1",.,"A",36,"E","100","D"
"20132",2559085,52,2,"1",.,"A",9,"E","110","D"
"20132",2559085,52,3,"1",.,"A",20,"E","120","D"
"20132",2559085,52,4,"1",.,"A",4,"E","140","D"
"20132",2559085,52,5,"1",.,"A",117,"E","150","D"
"20132",2559085,52,6,"1",.,"A",10,"E","160","D"
"20132",2559085,52,7,"1",.,"A",2,"E","170","D"
"20132",2559085,52,8,"1",.,"A",17,"E","190","D"
"20132",2559085,52,9,"1",.,"A",12,"E","200","D"
"20132",2559085,52,10,"1",.,"A",23,"E","210","D"
"20132",2559085,52,11,"1",.,"A",50,"E","220","D"
"20132",2559155,50,0,"1",1,"D",.,"H",,"A"
"20132",2559155,50,1,"1",.,"A",143,"E","100","D"
"20132",2559155,50,2,"1",.,"A",133,"E","110","D"
"20132",2559155,50,3,"1",.,"A",254,"E","120","D"
"20132",2559155,50,4,"1",.,"A",249,"E","130","D"
"20132",2559155,50,5,"1",.,"A",21,"E","160","D"
"20132",2561115,21,0,"1",1,"D",.,"H",,"A"
"20132",2561115,21,1,"1",.,"A",119,"E","200","D"
"20132",2561115,21,2,"1",.,"A",27,"E","210","D"
"20132",2561115,21,3,"1",.,"A",121,"E","220","D"
"20132",2562375,31,0,"1",1,"D",.,"H",,"A"
"20132",2562375,31,1,"1",.,"A",23,"E","200","D"
"20132",2562375,31,2,"1",.,"A",59,"E","210","D"
"20132",2562375,31,3,"1",.,"A",18,"E","220","D"
"20132",2564005,108,0,"1",1,"D",.,"H",,"A"
"20132",2564005,108,1,"1",.,"A",115,"E","100","D"
"20132",2564005,108,2,"1",.,"A",29,"E","110","D"
"20132",2564005,108,3,"1",.,"A",38,"E","200","D"
"20132",2564005,108,4,"1",.,"A",73,"E","210","D"
"20132",2564005,108,5,"1",.,"A",155,"E","220","D"
"20132",2565375,12,0,"1",1,"D",.,"H",,"A"
"20132",2565375,12,1,"1",.,"A",7,"E","120","D"
"20132",2565375,12,2,"1",.,"A",61,"E","150","D"
"20132",2565375,12,3,"1",.,"A",3,"E","160","D"
"20132",2565375,12,4,"1",.,"A",7,"E","170","D"
"20132",2565375,12,5,"1",.,"A",11,"E","200","D"
"20132",2565375,12,6,"1",.,"A",2,"E","210","D"
"20132",2565375,12,7,"1",.,"A",9,"E","220","D"
"20132",2566475,53,0,"1",1,"D",.,"H",,"A"
"20132",2566475,53,1,"1",.,"A",1,"E","120","D"
"20132",2566475,53,2,"1",.,"A",9,"E","150","D"
"20132",2566475,53,3,"1",.,"A",1,"E","190","D"
"20132",2566475,53,4,"1",.,"A",5,"E","200","D"
"20132",2566475,53,5,"1",.,"A",1,"E","210","D"
"20132",2566475,53,6,"1",.,"A",3,"E","220","D"
"20132",2566755,34,0,"1",1,"D",.,"H",,"A"
"20132",2566755,34,1,"1",.,"A",82,"E","100","D"
"20132",2566755,34,2,"1",.,"A",18,"E","110","D"
"20132",2566805,32,0,"1",1,"D",.,"H",,"A"
"20132",2566805,32,1,"1",.,"A",142,"E","200","D"
"20132",2566805,32,2,"1",.,"A",276,"E","210","D"
"20132",2566805,32,3,"1",.,"A",582,"E","220","D"
"20132",2567555,43,0,"1",2,"D",.,"H",,"A"
"20132",2567555,43,1,"1",.,"A",245,"E","100","D"
"20132",2567555,43,2,"1",.,"A",51,"E","110","D"
"20132",2567555,43,3,"1",.,"A",89,"E","200","D"
"20132",2567555,43,4,"1",.,"A",240,"E","210","D"
"20132",2567555,43,5,"1",.,"A",75,"E","220","D"
"20132",2567675,24,0,"1",1,"D",.,"H",,"A"
"20132",2567675,24,1,"1",.,"A",209,"E","100","D"
"20132",2567675,24,2,"1",.,"A",44,"E","110","D"
"20132",2567675,24,3,"1",.,"A",78,"E","200","D"
"20132",2567675,24,4,"1",.,"A",205,"E","210","D"
"20132",2567675,24,5,"1",.,"A",64,"E","220","D"
"20132",2568305,20,0,"1",1,"D",.,"H",,"A"
"20132",2568305,20,1,"1",.,"A",41,"E","100","D"
"20132",2568305,20,2,"1",.,"A",26,"E","110","D"
"20132",2568305,20,3,"1",.,"A",133,"E","130","D"
"20132",2568855,16,0,"1",1,"D",.,"H",,"A"
"20132",2568855,16,1,"1",.,"A",214,"E","100","D"
"20132",2568855,16,2,"1",.,"A",36,"E","110","D"
"20132",2569315,26,0,"1",1,"D",.,"H",,"A"
"20132",2569315,26,1,"1",.,"A",41,"E","120","D"
"20132",2569315,26,2,"1",.,"A",8,"E","140","D"
"20132",2569315,26,3,"1",.,"A",187,"E","150","D"
"20132",2569315,26,4,"1",.,"A",53,"E","170","D"
"20132",2569315,26,5,"1",.,"A",11,"E","190","D"
"20132",2570255,18,0,"1",1,"D",.,"H",,"A"
"20132",2570255,18,1,"1",.,"A",35,"E","100","D"
"20132",2570255,18,2,"1",.,"A",5,"E","110","D"
"20132",2571435,32,0,"1",1,"D",.,"H",,"A"
"20132",2571435,32,1,"1",.,"A",29,"E","120","D"
"20132",2571435,32,2,"1",.,"A",2,"E","140","D"
"20132",2571435,32,3,"1",.,"A",229,"E","150","D"
"20132",2571435,32,4,"1",.,"A",13,"E","160","D"
"20132",2571435,32,5,"1",.,"A",27,"E","170","D"
"20132",2573955,25,0,"1",1,"D",.,"H",,"A"
"20132",2573955,25,1,"1",.,"A",64,"E","100","D"
"20132",2573955,25,2,"1",.,"A",13,"E","110","D"
"20132",2573955,25,3,"1",.,"A",37,"E","120","D"
"20132",2573955,25,4,"1",.,"A",47,"E","130","D"
"20132",2573955,25,5,"1",.,"A",10,"E","140","D"
"20132",2573955,25,6,"1",.,"A",111,"E","150","D"
"20132",2573955,25,7,"1",.,"A",9,"E","170","D"
"20132",2573955,25,8,"1",.,"A",9,"E","190","D"
"20132",2574675,52,0,"1",1,"D",.,"H",,"A"
"20132",2574675,52,1,"1",.,"A",123,"E","100","D"
"20132",2574675,52,2,"1",.,"A",27,"E","110","D"
"20132",2576175,34,0,"1",1,"D",.,"H",,"A"
"20132",2576175,34,1,"1",.,"A",56,"E","100","D"
"20132",2576175,34,2,"1",.,"A",6,"E","110","D"
"20132",2576175,34,3,"1",.,"A",20,"E","120","D"
"20132",2576175,34,4,"1",.,"A",8,"E","140","D"
"20132",2576175,34,5,"1",.,"A",104,"E","150","D"
"20132",2576175,34,6,"1",.,"A",1,"E","160","D"
"20132",2576175,34,7,"1",.,"A",26,"E","170","D"
"20132",2576175,34,8,"1",.,"A",9,"E","190","D"
"20132",2576355,30,0,"1",3,"D",.,"H",,"A"
"20132",2576355,30,1,"1",.,"A",10,"E","100","D"
"20132",2576355,30,2,"1",.,"A",8,"E","110","D"
"20132",2576355,30,3,"1",.,"A",13,"E","200","D"
"20132",2576355,30,4,"1",.,"A",1,"E","210","D"
"20132",2576725,37,0,"1",6,"D",.,"H",,"A"
"20132",2576725,37,1,"1",.,"A",7,"E","100","D"
"20132",2576725,37,2,"1",.,"A",3,"E","110","D"
"20132",2578195,49,0,"1",1,"D",.,"H",,"A"
"20132",2578195,49,1,"1",.,"A",29,"E","200","D"
"20132",2578195,49,2,"1",.,"A",77,"E","210","D"
"20132",2578195,49,3,"1",.,"A",24,"E","220","D"
"20132",2578245,45,0,"1",1,"D",.,"H",,"A"
"20132",2578245,45,1,"1",.,"A",163,"E","100","D"
"20132",2578245,45,2,"1",.,"A",42,"E","110","D"
"20132",2578245,45,3,"1",.,"A",295,"E","130","D"
"20132",2578954,22,0,"1",1,"D",.,"H",,"A"
"20132",2578954,22,1,"1",.,"A",28,"E","100","D"
"20132",2578954,22,2,"1",.,"A",5,"E","110","D"
"20132",2578954,22,3,"1",.,"A",12,"E","120","D"
"20132",2578954,22,4,"1",.,"A",18,"E","130","D"
"20132",2578954,22,5,"1",.,"A",4,"E","140","D"
"20132",2578954,22,6,"1",.,"A",42,"E","150","D"
"20132",2578954,22,7,"1",.,"A",3,"E","170","D"
"20132",2578954,22,8,"1",.,"A",3,"E","190","D"
"20132",2578954,22,9,"1",.,"A",9,"E","200","D"
"20132",2578954,22,10,"1",.,"A",24,"E","210","D"
"20132",2578954,22,11,"1",.,"A",7,"E","220","D"
"20132",2579994,12,0,"1",6,"D",.,"H",,"A"
"20132",2579994,12,1,"1",.,"A",10,"E","100","D"
"20132",2579994,12,2,"1",.,"A",1,"E","120","D"
"20132",2579994,12,3,"1",.,"A",5,"E","130","D"
"20132",2579994,12,4,"1",.,"A",7,"E","150","D"
"20132",2579994,12,5,"1",.,"A",1,"E","170","D"
"20132",2579994,12,6,"1",.,"A",1,"E","210","D"
"20132",2580154,27,0,"1",1,"D",.,"H",,"A"
"20132",2580154,27,1,"1",.,"A",90,"E","100","D"
"20132",2580154,27,2,"1",.,"A",79,"E","110","D"
"20132",2580154,27,3,"1",.,"A",154,"E","120","D"
"20132",2580154,27,4,"1",.,"A",151,"E","130","D"
"20132",2580154,27,5,"1",.,"A",12,"E","160","D"
"20132",2581194,42,0,"1",1,"D",.,"H",,"A"
"20132",2581194,42,1,"1",.,"A",86,"E","100","D"
"20132",2581194,42,2,"1",.,"A",18,"E","110","D"
"20132",2581194,42,3,"1",.,"A",42,"E","120","D"
"20132",2581194,42,4,"1",.,"A",66,"E","130","D"
"20132",2581194,42,5,"1",.,"A",14,"E","140","D"
"20132",2581194,42,6,"1",.,"A",149,"E","150","D"
"20132",2581194,42,7,"1",.,"A",12,"E","170","D"
"20132",2581194,42,8,"1",.,"A",13,"E","190","D"
"20132",2581854,7,0,"1",4,"D",.,"H",,"A"
"20132",2581854,7,1,"1",.,"A",30,"E","120","D"
"20132",2581854,7,2,"1",.,"A",109,"E","130","D"
"20132",2581854,7,3,"1",.,"A",4,"E","140","D"
"20132",2581854,7,4,"1",.,"A",154,"E","150","D"
"20132",2581854,7,5,"1",.,"A",2,"E","160","D"
"20132",2581854,7,6,"1",.,"A",37,"E","170","D"
"20132",2581854,7,7,"1",.,"A",14,"E","190","D"
"20132",2582124,38,0,"1",1,"D",.,"H",,"A"
"20132",2582124,38,1,"1",.,"A",48,"E","100","D"
"20132",2582124,38,2,"1",.,"A",8,"E","110","D"
"20132",2583374,39,0,"1",6,"D",.,"H",,"A"
"20132",2583374,39,1,"1",.,"A",83,"E","100","D"
"20132",2583374,39,2,"1",.,"A",17,"E","110","D"
"20132",2583604,17,0,"1",1,"D",.,"H",,"A"
"20132",2583604,17,1,"1",.,"A",132,"E","100","D"
"20132",2583604,17,2,"1",.,"A",28,"E","110","D"
"20132",2585734,15,0,"1",2,"D",.,"H",,"A"
"20132",2585734,15,1,"1",.,"A",17,"E","100","D"
"20132",2585734,15,2,"1",.,"A",12,"E","110","D"
"20132",2585734,15,3,"1",.,"A",18,"E","120","D"
"20132",2585734,15,4,"1",.,"A",1,"E","140","D"
"20132",2585734,15,5,"1",.,"A",130,"E","150","D"
"20132",2585734,15,6,"1",.,"A",7,"E","160","D"
"20132",2585734,15,7,"1",.,"A",15,"E","170","D"
"20132",2585974,18,0,"1",1,"D",.,"H",,"A"
"20132",2585974,18,1,"1",.,"A",43,"E","100","D"
"20132",2585974,18,2,"1",.,"A",7,"E","110","D"
"20132",2586754,16,0,"1",1,"D",.,"H",,"A"
"20132",2586754,16,1,"1",.,"A",295,"E","120","D"
"20132",2586754,16,2,"1",.,"A",25,"E","160","D"
"20132",2587814,52,0,"1",1,"D",.,"H",,"A"
"20132",2587814,52,1,"1",.,"A",137,"E","100","D"
"20132",2587814,52,2,"1",.,"A",39,"E","110","D"
"20132",2587814,52,3,"1",.,"A",56,"E","120","D"
"20132",2587814,52,4,"1",.,"A",15,"E","140","D"
"20132",2587814,52,5,"1",.,"A",439,"E","150","D"
"20132",2587814,52,6,"1",.,"A",40,"E","160","D"
"20132",2587814,52,7,"1",.,"A",10,"E","170","D"
"20132",2587814,52,8,"1",.,"A",64,"E","190","D"
"20132",2588064,39,0,"1",2,"D",.,"H",,"A"
"20132",2588064,39,1,"1",.,"A",119,"E","100","D"
"20132",2588064,39,2,"1",.,"A",81,"E","110","D"
"20132",2588774,77,0,"1",10,"D",.,"H",,"A"
"20132",2588774,77,1,"1",.,"A",177,"E","100","D"
"20132",2588774,77,2,"1",.,"A",36,"E","110","D"
"20132",2588774,77,3,"1",.,"A",63,"E","200","D"
"20132",2588774,77,4,"1",.,"A",171,"E","210","D"
"20132",2588774,77,5,"1",.,"A",53,"E","220","D"
"20132",2589254,51,0,"1",8,"D",.,"H",,"A"
"20132",2589254,51,1,"1",.,"A",80,"E","100","D"
"20132",2589254,51,2,"1",.,"A",20,"E","110","D"
"20132",2589694,30,0,"1",1,"D",.,"H",,"A"
"20132",2589694,30,1,"1",.,"A",147,"E","120","D"
"20132",2589694,30,2,"1",.,"A",50,"E","140","D"
"20132",2589694,30,3,"1",.,"A",515,"E","150","D"
"20132",2589694,30,4,"1",.,"A",42,"E","170","D"
"20132",2589694,30,5,"1",.,"A",46,"E","190","D"
"20132",2590764,18,0,"1",1,"D",.,"H",,"A"
"20132",2590764,18,1,"1",.,"A",6,"E","120","D"
"20132",2590764,18,2,"1",.,"A",1,"E","140","D"
"20132",2590764,18,3,"1",.,"A",34,"E","150","D"
"20132",2590764,18,4,"1",.,"A",7,"E","170","D"
"20132",2590764,18,5,"1",.,"A",2,"E","190","D"
"20132",2590844,18,0,"1",1,"D",.,"H",,"A"
"20132",2590844,18,1,"1",.,"A",135,"E","100","D"
"20132",2590844,18,2,"1",.,"A",15,"E","110","D"
"20132",2591974,45,0,"1",1,"D",.,"H",,"A"
"20132",2591974,45,1,"1",.,"A",14,"E","100","D"
"20132",2591974,45,2,"1",.,"A",11,"E","110","D"
"20132",2592344,43,0,"1",1,"D",.,"H",,"A"
"20132",2592344,43,1,"1",.,"A",414,"E","100","D"
"20132",2592344,43,2,"1",.,"A",47,"E","110","D"
"20132",2592344,43,3,"1",.,"A",152,"E","120","D"
"20132",2592344,43,4,"1",.,"A",552,"E","130","D"
"20132",2592344,43,5,"1",.,"A",24,"E","140","D"
"20132",2592344,43,6,"1",.,"A",767,"E","150","D"
"20132",2592344,43,7,"1",.,"A",11,"E","160","D"
"20132",2592344,43,8,"1",.,"A",189,"E","170","D"
"20132",2592344,43,9,"1",.,"A",71,"E","190","D"
"20132",2592344,43,10,"1",.,"A",28,"E","200","D"
"20132",2592344,43,11,"1",.,"A",145,"E","210","D"
"20132",2593564,27,0,"1",3,"D",.,"H",,"A"
"20132",2593564,27,1,"1",.,"A",363,"E","120","D"
"20132",2593564,27,2,"1",.,"A",125,"E","140","D"
"20132",2593564,27,3,"1",.,"A",1290,"E","150","D"
"20132",2593564,27,4,"1",.,"A",107,"E","170","D"
"20132",2593564,27,5,"1",.,"A",115,"E","190","D"
"20132",2597704,11,0,"1",1,"D",.,"H",,"A"
"20132",2597704,11,1,"1",.,"A",37,"E","120","D"
"20132",2597704,11,2,"1",.,"A",6,"E","140","D"
"20132",2597704,11,3,"1",.,"A",192,"E","150","D"
"20132",2597704,11,4,"1",.,"A",2,"E","160","D"
"20132",2597704,11,5,"1",.,"A",46,"E","170","D"
"20132",2597704,11,6,"1",.,"A",17,"E","190","D"
"20132",2597794,40,0,"1",1,"D",.,"H",,"A"
"20132",2597794,40,1,"1",.,"A",31,"E","100","D"
"20132",2597794,40,2,"1",.,"A",5,"E","110","D"
"20132",2597794,40,3,"1",.,"A",29,"E","120","D"
"20132",2597794,40,4,"1",.,"A",194,"E","150","D"
"20132",2597794,40,5,"1",.,"A",57,"E","170","D"
"20132",2597794,40,6,"1",.,"A",4,"E","190","D"
"20132",2598164,38,0,"1",2,"D",.,"H",,"A"
"20132",2598164,38,1,"1",.,"A",13,"E","100","D"
"20132",2598164,38,2,"1",.,"A",2,"E","110","D"
"20132",2598274,67,0,"1",2,"D",.,"H",,"A"
"20132",2598274,67,1,"1",.,"A",201,"E","100","D"
"20132",2598274,67,2,"1",.,"A",42,"E","110","D"
"20132",2599354,36,0,"1",1,"D",.,"H",,"A"
"20132",2599354,36,1,"1",.,"A",100,"E","100","D"
"20132",2599354,36,2,"1",.,"A",20,"E","110","D"
"20132",2599844,15,0,"1",1,"D",.,"H",,"A"
"20132",2599844,15,1,"1",.,"A",16,"E","120","D"
"20132",2599844,15,2,"1",.,"A",1,"E","140","D"
"20132",2599844,15,3,"1",.,"A",114,"E","150","D"
"20132",2599844,15,4,"1",.,"A",6,"E","160","D"
"20132",2599844,15,5,"1",.,"A",13,"E","170","D"
"20132",2599854,23,0,"1",3,"D",.,"H",,"A"
"20132",2599854,23,1,"1",.,"A",55,"E","100","D"
"20132",2599854,23,2,"1",.,"A",6,"E","110","D"
"20132",2599854,23,3,"1",.,"A",20,"E","120","D"
"20132",2599854,23,4,"1",.,"A",3,"E","140","D"
"20132",2599854,23,5,"1",.,"A",106,"E","150","D"
"20132",2599854,23,6,"1",.,"A",1,"E","160","D"
"20132",2599854,23,7,"1",.,"A",25,"E","170","D"
"20132",2599854,23,8,"1",.,"A",9,"E","190","D"
"20132",2600344,39,0,"1",2,"D",.,"H",,"A"
"20132",2600344,39,1,"1",.,"A",116,"E","100","D"
"20132",2600344,39,2,"1",.,"A",12,"E","110","D"
"20132",2600344,39,3,"1",.,"A",40,"E","120","D"
"20132",2600344,39,4,"1",.,"A",6,"E","140","D"
"20132",2600344,39,5,"1",.,"A",204,"E","150","D"
"20132",2600344,39,6,"1",.,"A",3,"E","160","D"
"20132",2600344,39,7,"1",.,"A",50,"E","170","D"
"20132",2600344,39,8,"1",.,"A",19,"E","190","D"
"20132",2601364,24,0,"1",1,"D",.,"H",,"A"
"20132",2601364,24,1,"1",.,"A",21,"E","100","D"
"20132",2601364,24,2,"1",.,"A",11,"E","110","D"
"20132",2601364,24,3,"1",.,"A",30,"E","200","D"
"20132",2601364,24,4,"1",.,"A",3,"E","210","D"
"20132",2602304,77,0,"1",1,"D",.,"H",,"A"
"20132",2602304,77,1,"1",.,"A",93,"E","100","D"
"20132",2602304,77,2,"1",.,"A",23,"E","110","D"
"20132",2602304,77,3,"1",.,"A",164,"E","130","D"
"20132",2602504,45,0,"1",1,"D",.,"H",,"A"
"20132",2602504,45,1,"1",.,"A",52,"E","100","D"
"20132",2602504,45,2,"1",.,"A",8,"E","110","D"
"20132",2602704,57,0,"1",3,"D",.,"H",,"A"
"20132",2602704,57,1,"1",.,"A",29,"E","120","D"
"20132",2602704,57,2,"1",.,"A",9,"E","140","D"
"20132",2602704,57,3,"1",.,"A",96,"E","150","D"
"20132",2602704,57,4,"1",.,"A",8,"E","170","D"
"20132",2602704,57,5,"1",.,"A",8,"E","190","D"
"20132",2602814,37,0,"1",2,"D",.,"H",,"A"
"20132",2602814,37,1,"1",.,"A",78,"E","100","D"
"20132",2602814,37,2,"1",.,"A",41,"E","110","D"
"20132",2602814,37,3,"1",.,"A",60,"E","120","D"
"20132",2602814,37,4,"1",.,"A",463,"E","130","D"
"20132",2602814,37,5,"1",.,"A",11,"E","140","D"
"20132",2602814,37,6,"1",.,"A",257,"E","150","D"
"20132",2602814,37,7,"1",.,"A",74,"E","170","D"
"20132",2602814,37,8,"1",.,"A",16,"E","190","D"
"20132",2603614,21,0,"1",1,"D",.,"H",,"A"
"20132",2603614,21,1,"1",.,"A",200,"E","100","D"
"20132",2603614,21,2,"1",.,"A",47,"E","110","D"
"20132",2603614,21,3,"1",.,"A",97,"E","120","D"
"20132",2603614,21,4,"1",.,"A",33,"E","140","D"
"20132",2603614,21,5,"1",.,"A",345,"E","150","D"
"20132",2603614,21,6,"1",.,"A",28,"E","170","D"
"20132",2603614,21,7,"1",.,"A",30,"E","190","D"
"20132",2604374,31,0,"1",1,"D",.,"H",,"A"
"20132",2604374,31,1,"1",.,"A",58,"E","100","D"
"20132",2604374,31,2,"1",.,"A",29,"E","110","D"
"20132",2604374,31,3,"1",.,"A",333,"E","130","D"
"20132",2604374,31,4,"1",.,"A",71,"E","200","D"
"20132",2604374,31,5,"1",.,"A",9,"E","210","D"
"20132",2605564,33,0,"1",1,"D",.,"H",,"A"
"20132",2605564,33,1,"1",.,"A",24,"E","100","D"
"20132",2605564,33,2,"1",.,"A",6,"E","110","D"
"20132",2606864,18,0,"1",1,"D",.,"H",,"A"
"20132",2606864,18,1,"1",.,"A",65,"E","100","D"
"20132",2606864,18,2,"1",.,"A",11,"E","110","D"
"20132",2606864,18,3,"1",.,"A",64,"E","120","D"
"20132",2606864,18,4,"1",.,"A",135,"E","130","D"
"20132",2606864,18,5,"1",.,"A",1,"E","140","D"
"20132",2606864,18,6,"1",.,"A",397,"E","150","D"
"20132",2606864,18,7,"1",.,"A",118,"E","170","D"
"20132",2606864,18,8,"1",.,"A",9,"E","190","D"
"20132",2607054,63,0,"1",1,"D",.,"H",,"A"
"20132",2607054,63,1,"1",.,"A",8,"E","100","D"
"20132",2607054,63,2,"1",.,"A",2,"E","110","D"
"20132",2607544,20,0,"1",2,"D",.,"H",,"A"
"20132",2607544,20,1,"1",.,"A",29,"E","100","D"
"20132",2607544,20,2,"1",.,"A",15,"E","110","D"
"20132",2607544,20,3,"1",.,"A",24,"E","120","D"
"20132",2607544,20,4,"1",.,"A",4,"E","140","D"
"20132",2607544,20,5,"1",.,"A",95,"E","150","D"
"20132",2607544,20,6,"1",.,"A",27,"E","170","D"
"20132",2607544,20,7,"1",.,"A",6,"E","190","D"
"20132",2609344,31,0,"1",3,"D",.,"H",,"A"
"20132",2609344,31,1,"1",.,"A",139,"E","200","D"
"20132",2609344,31,2,"1",.,"A",266,"E","210","D"
"20132",2609344,31,3,"1",.,"A",565,"E","220","D"
"20132",2611374,21,0,"1",1,"D",.,"H",,"A"
"20132",2611374,21,1,"1",.,"A",27,"E","200","D"
"20132",2611374,21,2,"1",.,"A",3,"E","210","D"
"20132",2612054,9,0,"1",1,"D",.,"H",,"A"
"20132",2612054,9,1,"1",.,"A",27,"E","100","D"
"20132",2612054,9,2,"1",.,"A",3,"E","110","D"
"20132",2612344,13,0,"1",1,"D",.,"H",,"A"
"20132",2612344,13,1,"1",.,"A",78,"E","100","D"
"20132",2612344,13,2,"1",.,"A",72,"E","110","D"
"20132",2612814,31,0,"1",1,"D",.,"H",,"A"
"20132",2612814,31,1,"1",.,"A",21,"E","100","D"
"20132",2612814,31,2,"1",.,"A",10,"E","110","D"
"20132",2612814,31,3,"1",.,"A",119,"E","130","D"
"20132",2613143,24,0,"1",1,"D",.,"H",,"A"
"20132",2613143,24,1,"1",.,"A",82,"E","100","D"
"20132",2613143,24,2,"1",.,"A",18,"E","110","D"
"20132",2613983,38,0,"1",1,"D",.,"H",,"A"
"20132",2613983,38,1,"1",.,"A",22,"E","100","D"
"20132",2613983,38,2,"1",.,"A",5,"E","110","D"
"20132",2613983,38,3,"1",.,"A",9,"E","200","D"
"20132",2613983,38,4,"1",.,"A",14,"E","210","D"
"20132",2613983,38,5,"1",.,"A",30,"E","220","D"
"20132",2614305,7,0,"1",1,"D",.,"H",,"A"
"20132",2614305,7,1,"1",.,"A",130,"E","100","D"
"20132",2614305,7,2,"1",.,"A",14,"E","110","D"
"20132",2614305,7,3,"1",.,"A",8,"E","200","D"
"20132",2614305,7,4,"1",.,"A",48,"E","210","D"
"20132",2614683,85,0,"1",1,"D",.,"H",,"A"
"20132",2614683,85,1,"1",.,"A",48,"E","100","D"
"20132",2614683,85,2,"1",.,"A",12,"E","110","D"
"20132",2615313,42,0,"1",1,"D",.,"H",,"A"
"20132",2615313,42,1,"1",.,"A",14,"E","100","D"
"20132",2615313,42,2,"1",.,"A",1,"E","110","D"
"20132",2615313,42,3,"1",.,"A",5,"E","120","D"
"20132",2615313,42,4,"1",.,"A",32,"E","150","D"
"20132",2615313,42,5,"1",.,"A",6,"E","170","D"
"20132",2615313,42,6,"1",.,"A",2,"E","190","D"
"20132",2615503,7,0,"1",10,"D",.,"H",,"A"
"20132",2615503,7,1,"1",.,"A",1650,"E","100","D"
"20132",2615503,7,2,"1",.,"A",350,"E","110","D"
"20132",2616683,23,0,"1",1,"D",.,"H",,"A"
"20132",2616683,23,1,"1",.,"A",29,"E","100","D"
"20132",2616683,23,2,"1",.,"A",18,"E","110","D"
"20132",2616683,23,3,"1",.,"A",22,"E","120","D"
"20132",2616683,23,4,"1",.,"A",2,"E","140","D"
"20132",2616683,23,5,"1",.,"A",195,"E","150","D"
"20132",2616683,23,6,"1",.,"A",11,"E","160","D"
"20132",2616683,23,7,"1",.,"A",23,"E","170","D"
"20132",2617903,30,0,"1",2,"D",.,"H",,"A"
"20132",2617903,30,1,"1",.,"A",155,"E","100","D"
"20132",2617903,30,2,"1",.,"A",32,"E","110","D"
"20132",2617903,30,3,"1",.,"A",113,"E","130","D"
"20132",2621433,55,0,"1",1,"D",.,"H",,"A"
"20132",2621433,55,1,"1",.,"A",134,"E","100","D"
"20132",2621433,55,2,"1",.,"A",70,"E","110","D"
"20132",2621433,55,3,"1",.,"A",796,"E","130","D"
"20132",2621453,15,0,"1",1,"D",.,"H",,"A"
"20132",2621453,15,1,"1",.,"A",1,"E","120","D"
"20132",2621453,15,2,"1",.,"A",10,"E","130","D"
"20132",2621453,15,3,"1",.,"A",16,"E","150","D"
"20132",2621453,15,4,"1",.,"A",1,"E","160","D"
"20132",2621453,15,5,"1",.,"A",2,"E","170","D"
"20132",2622083,52,0,"1",1,"D",.,"H",,"A"
"20132",2622083,52,1,"1",.,"A",37,"E","100","D"
"20132",2622083,52,2,"1",.,"A",7,"E","110","D"
"20132",2622083,52,3,"1",.,"A",12,"E","200","D"
"20132",2622083,52,4,"1",.,"A",34,"E","210","D"
"20132",2622083,52,5,"1",.,"A",10,"E","220","D"
"20132",2623614,39,0,"1",1,"D",.,"H",,"A"
"20132",2623614,39,1,"1",.,"A",68,"E","100","D"
"20132",2623614,39,2,"1",.,"A",7,"E","110","D"
"20132",2624803,31,0,"1",1,"D",.,"H",,"A"
"20132",2624803,31,1,"1",.,"A",27,"E","100","D"
"20132",2624803,31,2,"1",.,"A",7,"E","110","D"
"20132",2624803,31,3,"1",.,"A",12,"E","200","D"
"20132",2624803,31,4,"1",.,"A",17,"E","210","D"
"20132",2624803,31,5,"1",.,"A",37,"E","220","D"
"20132",2625183,16,0,"1",1,"D",.,"H",,"A"
"20132",2625183,16,1,"1",.,"A",6,"E","120","D"
"20132",2625183,16,2,"1",.,"A",31,"E","150","D"
"20132",2625183,16,3,"1",.,"A",1,"E","160","D"
"20132",2625183,16,4,"1",.,"A",3,"E","170","D"
"20132",2625333,22,0,"1",1,"D",.,"H",,"A"
"20132",2625333,22,1,"1",.,"A",3,"E","100","D"
"20132",2625333,22,2,"1",.,"A",1,"E","120","D"
"20132",2625333,22,3,"1",.,"A",5,"E","130","D"
"20132",2625333,22,4,"1",.,"A",5,"E","140","D"
"20132",2625333,22,5,"1",.,"A",10,"E","150","D"
"20132",2625333,22,6,"1",.,"A",1,"E","190","D"
"20132",2625883,57,0,"1",1,"D",.,"H",,"A"
"20132",2625883,57,1,"1",.,"A",795,"E","100","D"
"20132",2625883,57,2,"1",.,"A",205,"E","110","D"
"20132",2628383,44,0,"1",2,"D",.,"H",,"A"
"20132",2628383,44,1,"1",.,"A",8,"E","200","D"
"20132",2628383,44,2,"1",.,"A",13,"E","210","D"
"20132",2628383,44,3,"1",.,"A",29,"E","220","D"
"20132",2629043,44,0,"1",2,"D",.,"H",,"A"
"20132",2629043,44,1,"1",.,"A",861,"E","100","D"
"20132",2629043,44,2,"1",.,"A",222,"E","110","D"
"20132",2629043,44,3,"1",.,"A",350,"E","120","D"
"20132",2629043,44,4,"1",.,"A",99,"E","140","D"
"20132",2629043,44,5,"1",.,"A",2745,"E","150","D"
"20132",2629043,44,6,"1",.,"A",256,"E","160","D"
"20132",2629043,44,7,"1",.,"A",64,"E","170","D"
"20132",2629043,44,8,"1",.,"A",403,"E","190","D"
"20132",2629634,55,0,"1",5,"D",.,"H",,"A"
"20132",2629634,55,1,"1",.,"A",317,"E","100","D"
"20132",2629634,55,2,"1",.,"A",83,"E","110","D"
"20132",2629783,40,0,"1",2,"D",.,"H",,"A"
"20132",2629783,40,1,"1",.,"A",41,"E","100","D"
"20132",2629783,40,2,"1",.,"A",38,"E","110","D"
"20132",2629783,40,3,"1",.,"A",75,"E","120","D"
"20132",2629783,40,4,"1",.,"A",6,"E","160","D"
"20132",2629953,63,0,"1",1,"D",.,"H",,"A"
"20132",2629953,63,1,"1",.,"A",159,"E","100","D"
"20132",2629953,63,2,"1",.,"A",41,"E","110","D"
"20132",2630853,55,0,"1",1,"D",.,"H",,"A"
"20132",2630853,55,1,"1",.,"A",46,"E","100","D"
"20132",2630853,55,2,"1",.,"A",11,"E","110","D"
"20132",2630853,55,3,"1",.,"A",17,"E","120","D"
"20132",2630853,55,4,"1",.,"A",4,"E","140","D"
"20132",2630853,55,5,"1",.,"A",137,"E","150","D"
"20132",2630853,55,6,"1",.,"A",12,"E","160","D"
"20132",2630853,55,7,"1",.,"A",3,"E","170","D"
"20132",2630853,55,8,"1",.,"A",20,"E","190","D"
"20132",2632083,60,0,"1",1,"D",.,"H",,"A"
"20132",2632083,60,1,"1",.,"A",18,"E","100","D"
"20132",2632083,60,2,"1",.,"A",9,"E","110","D"
"20132",2632083,60,3,"1",.,"A",26,"E","200","D"
"20132",2632083,60,4,"1",.,"A",3,"E","210","D"
"20132",2632353,20,0,"1",1,"D",.,"H",,"A"
"20132",2632353,20,1,"1",.,"A",120,"E","100","D"
"20132",2632353,20,2,"1",.,"A",80,"E","110","D"
"20132",2633653,35,0,"1",1,"D",.,"H",,"A"
"20132",2633653,35,1,"1",.,"A",68,"E","100","D"
"20132",2633653,35,2,"1",.,"A",21,"E","110","D"
"20132",2633653,35,3,"1",.,"A",28,"E","120","D"
"20132",2633653,35,4,"1",.,"A",7,"E","140","D"
"20132",2633653,35,5,"1",.,"A",219,"E","150","D"
"20132",2633653,35,6,"1",.,"A",20,"E","160","D"
"20132",2633653,35,7,"1",.,"A",5,"E","170","D"
"20132",2633653,35,8,"1",.,"A",32,"E","190","D"
"20132",2633913,55,0,"1",1,"D",.,"H",,"A"
"20132",2633913,55,1,"1",.,"A",34,"E","100","D"
"20132",2633913,55,2,"1",.,"A",6,"E","110","D"
"20132",2634943,19,0,"1",1,"D",.,"H",,"A"
"20132",2634943,19,1,"1",.,"A",75,"E","100","D"
"20132",2634943,19,2,"1",.,"A",67,"E","110","D"
"20132",2634943,19,3,"1",.,"A",158,"E","210","D"
"20132",2635453,57,0,"1",3,"D",.,"H",,"A"
"20132",2635453,57,1,"1",.,"A",55,"E","100","D"
"20132",2635453,57,2,"1",.,"A",13,"E","110","D"
"20132",2635453,57,3,"1",.,"A",21,"E","120","D"
"20132",2635453,57,4,"1",.,"A",5,"E","140","D"
"20132",2635453,57,5,"1",.,"A",164,"E","150","D"
"20132",2635453,57,6,"1",.,"A",15,"E","160","D"
"20132",2635453,57,7,"1",.,"A",3,"E","170","D"
"20132",2635453,57,8,"1",.,"A",24,"E","190","D"
"20132",2635783,27,0,"1",1,"D",.,"H",,"A"
"20132",2635783,27,1,"1",.,"A",106,"E","100","D"
"20132",2635783,27,2,"1",.,"A",17,"E","110","D"
"20132",2635783,27,3,"1",.,"A",83,"E","200","D"
"20132",2635783,27,4,"1",.,"A",42,"E","210","D"
"20132",2635783,27,5,"1",.,"A",52,"E","220","D"
"20132",2636313,24,0,"1",1,"D",.,"H",,"A"
"20132",2636313,24,1,"1",.,"A",46,"E","100","D"
"20132",2636313,24,2,"1",.,"A",24,"E","110","D"
"20132",2636313,24,3,"1",.,"A",270,"E","130","D"
"20132",2639783,48,0,"1",1,"D",.,"H",,"A"
"20132",2639783,48,1,"1",.,"A",398,"E","100","D"
"20132",2639783,48,2,"1",.,"A",102,"E","110","D"
"20132",2639983,41,0,"1",2,"D",.,"H",,"A"
"20132",2639983,41,1,"1",.,"A",16,"E","100","D"
"20132",2639983,41,2,"1",.,"A",4,"E","110","D"
"20132",2641193,70,0,"1",16,"D",.,"H",,"A"
"20132",2641193,70,1,"1",.,"A",5,"E","200","D"
"20132",2641193,70,2,"1",.,"A",8,"E","210","D"
"20132",2641193,70,3,"1",.,"A",17,"E","220","D"
"20132",2641983,32,0,"1",1,"D",.,"H",,"A"
"20132",2641983,32,1,"1",.,"A",60,"E","100","D"
"20132",2641983,32,2,"1",.,"A",9,"E","110","D"
"20132",2641983,32,3,"1",.,"A",53,"E","120","D"
"20132",2641983,32,4,"1",.,"A",118,"E","130","D"
"20132",2641983,32,5,"1",.,"A",1,"E","140","D"
"20132",2641983,32,6,"1",.,"A",347,"E","150","D"
"20132",2641983,32,7,"1",.,"A",104,"E","170","D"
"20132",2641983,32,8,"1",.,"A",8,"E","190","D"
"20132",2642283,36,0,"1",1,"D",.,"H",,"A"
"20132",2642283,36,1,"1",.,"A",22,"E","200","D"
"20132",2642283,36,2,"1",.,"A",45,"E","210","D"
"20132",2642283,36,3,"1",.,"A",93,"E","220","D"
"20132",2642983,60,0,"1",1,"D",.,"H",,"A"
"20132",2642983,60,1,"1",.,"A",5,"E","100","D"
"20132",2642983,60,2,"1",.,"A",3,"E","110","D"
"20132",2642983,60,3,"1",.,"A",1,"E","200","D"
"20132",2642983,60,4,"1",.,"A",5,"E","210","D"
"20132",2642983,60,5,"1",.,"A",1,"E","220","D"
"20132",2643433,31,0,"1",1,"D",.,"H",,"A"
"20132",2643433,31,1,"1",.,"A",184,"E","100","D"
"20132",2643433,31,2,"1",.,"A",47,"E","110","D"
"20132",2643433,31,3,"1",.,"A",333,"E","130","D"
"20132",2643433,31,4,"1",.,"A",65,"E","200","D"
"20132",2643433,31,5,"1",.,"A",119,"E","210","D"
"20132",2643433,31,6,"1",.,"A",252,"E","220","D"
"20132",2643843,24,0,"1",1,"D",.,"H",,"A"
"20132",2643843,24,1,"1",.,"A",34,"E","100","D"
"20132",2643843,24,2,"1",.,"A",8,"E","110","D"
"20132",2643843,24,3,"1",.,"A",14,"E","120","D"
"20132",2643843,24,4,"1",.,"A",3,"E","140","D"
"20132",2643843,24,5,"1",.,"A",113,"E","150","D"
"20132",2643843,24,6,"1",.,"A",10,"E","160","D"
"20132",2643843,24,7,"1",.,"A",2,"E","170","D"
"20132",2643843,24,8,"1",.,"A",16,"E","190","D"
"20132",2643953,27,0,"1",1,"D",.,"H",,"A"
"20132",2643953,27,1,"1",.,"A",416,"E","100","D"
"20132",2643953,27,2,"1",.,"A",381,"E","110","D"
"20132",2643953,27,3,"1",.,"A",739,"E","120","D"
"20132",2643953,27,4,"1",.,"A",64,"E","160","D"
"20132",2644443,32,0,"1",1,"D",.,"H",,"A"
"20132",2644443,32,1,"1",.,"A",302,"E","100","D"
"20132",2644443,32,2,"1",.,"A",34,"E","110","D"
"20132",2644443,32,3,"1",.,"A",117,"E","120","D"
"20132",2644443,32,4,"1",.,"A",403,"E","130","D"
"20132",2644443,32,5,"1",.,"A",17,"E","140","D"
"20132",2644443,32,6,"1",.,"A",555,"E","150","D"
"20132",2644443,32,7,"1",.,"A",8,"E","160","D"
"20132",2644443,32,8,"1",.,"A",138,"E","170","D"
"20132",2644443,32,9,"1",.,"A",51,"E","190","D"
"20132",2644443,32,10,"1",.,"A",20,"E","200","D"
"20132",2644443,32,11,"1",.,"A",105,"E","210","D"
"20132",2645673,7,0,"1",1,"D",.,"H",,"A"
"20132",2645673,7,1,"1",.,"A",2,"E","100","D"
"20132",2646923,34,0,"1",1,"D",.,"H",,"A"
"20132",2646923,34,1,"1",.,"A",4,"E","100","D"
"20132",2646923,34,2,"1",.,"A",4,"E","110","D"
"20132",2646923,34,3,"1",.,"A",7,"E","130","D"
"20132",2647003,15,0,"1",1,"D",.,"H",,"A"
"20132",2647003,15,1,"1",.,"A",62,"E","100","D"
"20132",2647003,15,2,"1",.,"A",42,"E","110","D"
"20132",2647003,15,3,"1",.,"A",56,"E","120","D"
"20132",2647003,15,4,"1",.,"A",4,"E","140","D"
"20132",2647003,15,5,"1",.,"A",455,"E","150","D"
"20132",2647003,15,6,"1",.,"A",27,"E","160","D"
"20132",2647003,15,7,"1",.,"A",54,"E","170","D"
"20132",2647092,22,0,"1",1,"D",.,"H",,"A"
"20132",2647092,22,1,"1",.,"A",68,"E","100","D"
"20132",2647092,22,2,"1",.,"A",7,"E","110","D"
"20132",2648632,24,0,"1",2,"D",.,"H",,"A"
"20132",2648632,24,1,"1",.,"A",2,"E","100","D"
"20132",2648632,24,2,"1",.,"A",6,"E","120","D"
"20132",2648632,24,3,"1",.,"A",3,"E","130","D"
"20132",2648632,24,4,"1",.,"A",6,"E","150","D"
"20132",2648632,24,5,"1",.,"A",1,"E","210","D"
"20132",2648632,24,6,"1",.,"A",2,"E","220","D"
"20132",2648905,19,0,"1",8,"D",.,"H",,"A"
"20132",2648905,19,1,"1",.,"A",41,"E","100","D"
"20132",2648905,19,2,"1",.,"A",27,"E","110","D"
"20132",2648905,19,3,"1",.,"A",39,"E","120","D"
"20132",2648905,19,4,"1",.,"A",138,"E","130","D"
"20132",2648905,19,5,"1",.,"A",3,"E","140","D"
"20132",2648905,19,6,"1",.,"A",300,"E","150","D"
"20132",2648905,19,7,"1",.,"A",17,"E","160","D"
"20132",2648905,19,8,"1",.,"A",35,"E","170","D"
"20132",2650665,43,0,"1",2,"D",.,"H",,"A"
"20132",2650665,43,1,"1",.,"A",398,"E","100","D"
"20132",2650665,43,2,"1",.,"A",102,"E","110","D"
"20132",2651312,51,0,"1",3,"D",.,"H",,"A"
"20132",2651312,51,1,"1",.,"A",56,"E","100","D"
"20132",2651312,51,2,"1",.,"A",11,"E","110","D"
"20132",2651312,51,3,"1",.,"A",26,"E","120","D"
"20132",2651312,51,4,"1",.,"A",9,"E","140","D"
"20132",2651312,51,5,"1",.,"A",93,"E","150","D"
"20132",2651312,51,6,"1",.,"A",7,"E","170","D"
"20132",2651312,51,7,"1",.,"A",8,"E","190","D"
"20132",2651362,24,0,"1",1,"D",.,"H",,"A"
"20132",2651362,24,1,"1",.,"A",370,"E","100","D"
"20132",2651362,24,2,"1",.,"A",62,"E","110","D"
"20132",2651362,24,3,"1",.,"A",768,"E","130","D"
"20132",2651442,35,0,"1",1,"D",.,"H",,"A"
"20132",2651442,35,1,"1",.,"A",225,"E","100","D"
"20132",2651442,35,2,"1",.,"A",58,"E","110","D"
"20132",2651442,35,3,"1",.,"A",407,"E","130","D"
"20132",2652102,24,0,"1",3,"D",.,"H",,"A"
"20132",2652102,24,1,"1",.,"A",166,"E","120","D"
"20132",2652102,24,2,"1",.,"A",56,"E","140","D"
"20132",2652102,24,3,"1",.,"A",579,"E","150","D"
"20132",2652102,24,4,"1",.,"A",48,"E","170","D"
"20132",2652102,24,5,"1",.,"A",51,"E","190","D"
"20132",2652582,57,0,"1",1,"D",.,"H",,"A"
"20132",2652582,57,1,"1",.,"A",89,"E","100","D"
"20132",2652582,57,2,"1",.,"A",19,"E","110","D"
"20132",2652582,57,3,"1",.,"A",47,"E","120","D"
"20132",2652582,57,4,"1",.,"A",15,"E","140","D"
"20132",2652582,57,5,"1",.,"A",155,"E","150","D"
"20132",2652582,57,6,"1",.,"A",12,"E","170","D"
"20132",2652582,57,7,"1",.,"A",13,"E","190","D"
"20132",2653612,48,0,"1",1,"D",.,"H",,"A"
"20132",2653612,48,1,"1",.,"A",39,"E","100","D"
"20132",2653612,48,2,"1",.,"A",20,"E","110","D"
"20132",2653612,48,3,"1",.,"A",33,"E","120","D"
"20132",2653612,48,4,"1",.,"A",5,"E","140","D"
"20132",2653612,48,5,"1",.,"A",129,"E","150","D"
"20132",2653612,48,6,"1",.,"A",37,"E","170","D"
"20132",2653612,48,7,"1",.,"A",8,"E","190","D"
"20132",2653612,48,8,"1",.,"A",49,"E","200","D"
"20132",2653612,48,9,"1",.,"A",6,"E","210","D"
"20132",2654892,12,0,"1",2,"D",.,"H",,"A"
"20132",2654892,12,1,"1",.,"A",207,"E","100","D"
"20132",2654892,12,2,"1",.,"A",23,"E","110","D"
"20132",2655192,32,0,"1",1,"D",.,"H",,"A"
"20132",2655192,32,1,"1",.,"A",250,"E","100","D"
"20132",2655192,32,2,"1",.,"A",231,"E","110","D"
"20132",2655192,32,3,"1",.,"A",445,"E","120","D"
"20132",2655192,32,4,"1",.,"A",437,"E","130","D"
"20132",2655192,32,5,"1",.,"A",37,"E","160","D"
"20132",2655482,21,0,"1",1,"D",.,"H",,"A"
"20132",2655482,21,1,"1",.,"A",80,"E","100","D"
"20132",2655482,21,2,"1",.,"A",41,"E","110","D"
"20132",2655482,21,3,"1",.,"A",58,"E","120","D"
"20132",2655482,21,4,"1",.,"A",463,"E","130","D"
"20132",2655482,21,5,"1",.,"A",11,"E","140","D"
"20132",2655482,21,6,"1",.,"A",257,"E","150","D"
"20132",2655482,21,7,"1",.,"A",74,"E","170","D"
"20132",2655482,21,8,"1",.,"A",16,"E","190","D"
"20132",2656212,59,0,"1",2,"D",.,"H",,"A"
"20132",2656212,59,1,"1",.,"A",52,"E","100","D"
"20132",2656212,59,2,"1",.,"A",13,"E","110","D"
"20132",2656212,59,3,"1",.,"A",27,"E","120","D"
"20132",2656212,59,4,"1",.,"A",94,"E","130","D"
"20132",2656212,59,5,"1",.,"A",5,"E","140","D"
"20132",2656212,59,6,"1",.,"A",166,"E","150","D"
"20132",2656212,59,7,"1",.,"A",15,"E","160","D"
"20132",2656212,59,8,"1",.,"A",3,"E","170","D"
"20132",2656212,59,9,"1",.,"A",24,"E","190","D"
"20132",2656212,59,10,"1",.,"A",17,"E","200","D"
"20132",2656212,59,11,"1",.,"A",33,"E","210","D"
"20132",2656212,59,12,"1",.,"A",71,"E","220","D"
"20132",2657192,39,0,"1",1,"D",.,"H",,"A"
"20132",2657192,39,1,"1",.,"A",148,"E","100","D"
"20132",2657192,39,2,"1",.,"A",77,"E","110","D"
"20132",2658132,33,0,"1",1,"D",.,"H",,"A"
"20132",2658132,33,1,"1",.,"A",37,"E","100","D"
"20132",2658132,33,2,"1",.,"A",7,"E","110","D"
"20132",2658132,33,3,"1",.,"A",12,"E","200","D"
"20132",2658132,33,4,"1",.,"A",34,"E","210","D"
"20132",2658132,33,5,"1",.,"A",10,"E","220","D"
"20132",2658412,46,0,"1",1,"D",.,"H",,"A"
"20132",2658412,46,1,"1",.,"A",39,"E","100","D"
"20132",2658412,46,2,"1",.,"A",6,"E","110","D"
"20132",2658412,46,3,"1",.,"A",40,"E","120","D"
"20132",2658412,46,4,"1",.,"A",239,"E","150","D"
"20132",2658412,46,5,"1",.,"A",71,"E","170","D"
"20132",2658412,46,6,"1",.,"A",5,"E","190","D"
"20132",2659022,79,0,"1",1,"D",.,"H",,"A"
"20132",2659022,79,1,"1",.,"A",37,"E","100","D"
"20132",2659022,79,2,"1",.,"A",8,"E","110","D"
"20132",2659022,79,3,"1",.,"A",11,"E","200","D"
"20132",2659022,79,4,"1",.,"A",22,"E","210","D"
"20132",2659022,79,5,"1",.,"A",47,"E","220","D"
"20132",2659142,27,0,"1",1,"D",.,"H",,"A"
"20132",2659142,27,1,"1",.,"A",18,"E","100","D"
"20132",2659142,27,2,"1",.,"A",2,"E","110","D"
"20132",2659582,27,0,"1",1,"D",.,"H",,"A"
"20132",2659582,27,1,"1",.,"A",184,"E","100","D"
"20132",2659582,27,2,"1",.,"A",166,"E","110","D"
"20132",2659582,27,3,"1",.,"A",323,"E","120","D"
"20132",2659582,27,4,"1",.,"A",27,"E","160","D"
"20132",2659982,11,0,"1",1,"D",.,"H",,"A"
"20132",2659982,11,1,"1",.,"A",50,"E","100","D"
"20132",2659982,11,2,"1",.,"A",5,"E","110","D"
"20132",2659982,11,3,"1",.,"A",3,"E","200","D"
"20132",2659982,11,4,"1",.,"A",17,"E","210","D"
"20132",2662222,18,0,"1",1,"D",.,"H",,"A"
"20132",2662222,18,1,"1",.,"A",43,"E","100","D"
"20132",2662222,18,2,"1",.,"A",22,"E","110","D"
"20132",2662342,60,0,"1",2,"D",.,"H",,"A"
"20132",2662342,60,1,"1",.,"A",255,"E","100","D"
"20132",2662342,60,2,"1",.,"A",65,"E","110","D"
"20132",2662475,53,0,"1",2,"D",.,"H",,"A"
"20132",2662475,53,1,"1",.,"A",64,"E","100","D"
"20132",2662475,53,2,"1",.,"A",16,"E","110","D"
"20132",2663702,27,0,"1",1,"D",.,"H",,"A"
"20132",2663702,27,1,"1",.,"A",42,"E","100","D"
"20132",2663702,27,2,"1",.,"A",8,"E","110","D"
"20132",2665892,32,0,"1",1,"D",.,"H",,"A"
"20132",2665892,32,1,"1",.,"A",219,"E","100","D"
"20132",2665892,32,2,"1",.,"A",45,"E","110","D"
"20132",2665892,32,3,"1",.,"A",105,"E","120","D"
"20132",2665892,32,4,"1",.,"A",158,"E","130","D"
"20132",2665892,32,5,"1",.,"A",36,"E","140","D"
"20132",2665892,32,6,"1",.,"A",373,"E","150","D"
"20132",2665892,32,7,"1",.,"A",31,"E","170","D"
"20132",2665892,32,8,"1",.,"A",33,"E","190","D"
"20132",2666032,15,0,"1",1,"D",.,"H",,"A"
"20132",2666032,15,1,"1",.,"A",120,"E","100","D"
"20132",2666032,15,2,"1",.,"A",63,"E","110","D"
"20132",2666032,15,3,"1",.,"A",93,"E","120","D"
"20132",2666032,15,4,"1",.,"A",17,"E","140","D"
"20132",2666032,15,5,"1",.,"A",397,"E","150","D"
"20132",2666032,15,6,"1",.,"A",115,"E","170","D"
"20132",2666032,15,7,"1",.,"A",25,"E","190","D"
"20132",2667152,18,0,"1",1,"D",.,"H",,"A"
"20132",2667152,18,1,"1",.,"A",105,"E","100","D"
"20132",2667152,18,2,"1",.,"A",95,"E","110","D"
"20132",2667312,51,0,"1",1,"D",.,"H",,"A"
"20132",2667312,51,1,"1",.,"A",42,"E","100","D"
"20132",2667312,51,2,"1",.,"A",8,"E","110","D"
"20132",2667522,58,0,"1",2,"D",.,"H",,"A"
"20132",2667522,58,1,"1",.,"A",100,"E","100","D"
"20132",2667522,58,2,"1",.,"A",26,"E","110","D"
"20132",2667522,58,3,"1",.,"A",40,"E","120","D"
"20132",2667522,58,4,"1",.,"A",181,"E","130","D"
"20132",2667522,58,5,"1",.,"A",11,"E","140","D"
"20132",2667522,58,6,"1",.,"A",320,"E","150","D"
"20132",2667522,58,7,"1",.,"A",29,"E","160","D"
"20132",2667522,58,8,"1",.,"A",7,"E","170","D"
"20132",2667522,58,9,"1",.,"A",47,"E","190","D"
"20132",2667522,58,10,"1",.,"A",33,"E","200","D"
"20132",2667522,58,11,"1",.,"A",69,"E","210","D"
"20132",2667522,58,12,"1",.,"A",137,"E","220","D"
"20132",2667582,41,0,"1",1,"D",.,"H",,"A"
"20132",2667582,41,1,"1",.,"A",89,"E","100","D"
"20132",2667582,41,2,"1",.,"A",47,"E","110","D"
"20132",2667582,41,3,"1",.,"A",67,"E","120","D"
"20132",2667582,41,4,"1",.,"A",539,"E","130","D"
"20132",2667582,41,5,"1",.,"A",12,"E","140","D"
"20132",2667582,41,6,"1",.,"A",295,"E","150","D"
"20132",2667582,41,7,"1",.,"A",85,"E","170","D"
"20132",2667582,41,8,"1",.,"A",18,"E","190","D"
"20132",2667582,41,9,"1",.,"A",113,"E","200","D"
"20132",2667582,41,10,"1",.,"A",15,"E","210","D"
"20132",2669442,39,0,"1",1,"D",.,"H",,"A"
"20132",2669442,39,1,"1",.,"A",39,"E","100","D"
"20132",2669442,39,2,"1",.,"A",4,"E","110","D"
"20132",2669442,39,3,"1",.,"A",2,"E","200","D"
"20132",2669442,39,4,"1",.,"A",16,"E","210","D"
"20132",2669862,50,0,"1",1,"D",.,"H",,"A"
"20132",2669862,50,1,"1",.,"A",10,"E","200","D"
"20132",2669862,50,2,"1",.,"A",16,"E","210","D"
"20132",2669862,50,3,"1",.,"A",34,"E","220","D"
"20132",2670732,35,0,"1",1,"D",.,"H",,"A"
"20132",2670732,35,1,"1",.,"A",131,"E","100","D"
"20132",2670732,35,2,"1",.,"A",69,"E","110","D"
"20132",2672012,24,0,"1",1,"D",.,"H",,"A"
"20132",2672012,24,1,"1",.,"A",76,"E","120","D"
"20132",2672012,24,2,"1",.,"A",14,"E","140","D"
"20132",2672012,24,3,"1",.,"A",339,"E","150","D"
"20132",2672012,24,4,"1",.,"A",103,"E","170","D"
"20132",2672012,24,5,"1",.,"A",21,"E","190","D"
"20132",2672012,24,6,"1",.,"A",130,"E","200","D"
"20132",2672012,24,7,"1",.,"A",17,"E","210","D"
"20132",2672172,65,0,"1",1,"D",.,"H",,"A"
"20132",2672172,65,1,"1",.,"A",17,"E","200","D"
"20132",2672172,65,2,"1",.,"A",30,"E","210","D"
"20132",2672172,65,3,"1",.,"A",65,"E","220","D"
"20132",2672532,32,0,"1",2,"D",.,"H",,"A"
"20132",2672532,32,1,"1",.,"A",70,"E","100","D"
"20132",2672532,32,2,"1",.,"A",13,"E","110","D"
"20132",2672532,32,3,"1",.,"A",31,"E","120","D"
"20132",2672532,32,4,"1",.,"A",47,"E","130","D"
"20132",2672532,32,5,"1",.,"A",10,"E","140","D"
"20132",2672532,32,6,"1",.,"A",111,"E","150","D"
"20132",2672532,32,7,"1",.,"A",9,"E","170","D"
"20132",2672532,32,8,"1",.,"A",9,"E","190","D"
"20132",2672762,68,0,"1",1,"D",.,"H",,"A"
"20132",2672762,68,1,"1",.,"A",40,"E","100","D"
"20132",2672762,68,2,"1",.,"A",10,"E","110","D"
"20132",2673392,75,0,"1",1,"D",.,"H",,"A"
"20132",2673392,75,1,"1",.,"A",89,"E","100","D"
"20132",2673392,75,2,"1",.,"A",28,"E","110","D"
"20132",2673392,75,3,"1",.,"A",36,"E","120","D"
"20132",2673392,75,4,"1",.,"A",9,"E","140","D"
"20132",2673392,75,5,"1",.,"A",285,"E","150","D"
"20132",2673392,75,6,"1",.,"A",26,"E","160","D"
"20132",2673392,75,7,"1",.,"A",6,"E","170","D"
"20132",2673392,75,8,"1",.,"A",41,"E","190","D"
"20132",2673532,25,0,"1",1,"D",.,"H",,"A"
"20132",2673532,25,1,"1",.,"A",3,"E","120","D"
"20132",2673532,25,2,"1",.,"A",13,"E","150","D"
"20132",2673532,25,3,"1",.,"A",4,"E","170","D"
"20132",2673685,17,0,"1",1,"D",.,"H",,"A"
"20132",2673685,17,1,"1",.,"A",38,"E","100","D"
"20132",2673685,17,2,"1",.,"A",23,"E","110","D"
"20132",2673685,17,3,"1",.,"A",29,"E","120","D"
"20132",2673685,17,4,"1",.,"A",115,"E","130","D"
"20132",2673685,17,5,"1",.,"A",2,"E","140","D"
"20132",2673685,17,6,"1",.,"A",250,"E","150","D"
"20132",2673685,17,7,"1",.,"A",14,"E","160","D"
"20132",2673685,17,8,"1",.,"A",29,"E","170","D"
"20132",2673882,32,0,"1",1,"D",.,"H",,"A"
"20132",2673882,32,1,"1",.,"A",154,"E","100","D"
"20132",2673882,32,2,"1",.,"A",32,"E","110","D"
"20132",2673882,32,3,"1",.,"A",114,"E","130","D"
"20132",2673952,21,0,"1",2,"D",.,"H",,"A"
"20132",2673952,21,1,"1",.,"A",4,"E","120","D"
"20132",2673952,21,2,"1",.,"A",18,"E","150","D"
"20132",2673952,21,3,"1",.,"A",7,"E","170","D"
"20132",2673952,21,4,"1",.,"A",1,"E","190","D"
"20132",2675952,17,0,"1",1,"D",.,"H",,"A"
"20132",2675952,17,1,"1",.,"A",23,"E","100","D"
"20132",2675952,17,2,"1",.,"A",23,"E","110","D"
"20132",2675952,17,3,"1",.,"A",41,"E","120","D"
"20132",2675952,17,4,"1",.,"A",3,"E","160","D"
"20132",2676232,8,0,"1",1,"D",.,"H",,"A"
"20132",2676232,8,1,"1",.,"A",158,"E","100","D"
"20132",2676232,8,2,"1",.,"A",18,"E","110","D"
"20132",2676232,8,3,"1",.,"A",58,"E","120","D"
"20132",2676232,8,4,"1",.,"A",211,"E","130","D"
"20132",2676232,8,5,"1",.,"A",12,"E","140","D"
"20132",2676232,8,6,"1",.,"A",290,"E","150","D"
"20132",2676232,8,7,"1",.,"A",4,"E","160","D"
"20132",2676232,8,8,"1",.,"A",72,"E","170","D"
"20132",2676232,8,9,"1",.,"A",27,"E","190","D"
"20132",2676252,27,0,"1",1,"D",.,"H",,"A"
"20132",2676252,27,1,"1",.,"A",90,"E","200","D"
"20132",2676252,27,2,"1",.,"A",20,"E","210","D"
"20132",2676252,27,3,"1",.,"A",90,"E","220","D"
"20132",2676472,86,0,"1",1,"D",.,"H",,"A"
"20132",2676472,86,1,"1",.,"A",64,"E","100","D"
"20132",2676472,86,2,"1",.,"A",16,"E","110","D"
"20132",2676472,86,3,"1",.,"A",120,"E","130","D"
"20132",2676472,86,4,"1",.,"A",21,"E","200","D"
"20132",2676472,86,5,"1",.,"A",41,"E","210","D"
"20132",2676472,86,6,"1",.,"A",88,"E","220","D"
"20132",2677472,54,0,"1",1,"D",.,"H",,"A"
"20132",2677472,54,1,"1",.,"A",14,"E","100","D"
"20132",2677472,54,2,"1",.,"A",6,"E","110","D"
"20132",2677752,50,0,"1",1,"D",.,"H",,"A"
"20132",2677752,50,1,"1",.,"A",239,"E","100","D"
"20132",2677752,50,2,"1",.,"A",61,"E","110","D"
"20132",2679564,92,0,"1",1,"D",.,"H",,"A"
"20132",2679564,92,1,"1",.,"A",111,"E","100","D"
"20132",2679564,92,2,"1",.,"A",29,"E","110","D"
"20132",2679642,20,0,"1",1,"D",.,"H",,"A"
"20132",2679642,20,1,"1",.,"A",100,"E","100","D"
"20132",2679642,20,2,"1",.,"A",94,"E","110","D"
"20132",2679642,20,3,"1",.,"A",178,"E","120","D"
"20132",2679642,20,4,"1",.,"A",174,"E","130","D"
"20132",2679642,20,5,"1",.,"A",14,"E","160","D"
"20132",2679865,85,0,"1",1,"D",.,"H",,"A"
"20132",2679865,85,1,"1",.,"A",5,"E","120","D"
"20132",2679865,85,2,"1",.,"A",1,"E","140","D"
"20132",2679865,85,3,"1",.,"A",12,"E","150","D"
"20132",2679865,85,4,"1",.,"A",1,"E","170","D"
"20132",2679865,85,5,"1",.,"A",1,"E","190","D"
"20132",2684855,18,0,"1",1,"D",.,"H",,"A"
"20132",2684855,18,1,"1",.,"A",33,"E","100","D"
"20132",2684855,18,2,"1",.,"A",17,"E","110","D"
"20132",2685845,13,0,"1",10,"D",.,"H",,"A"
"20132",2685845,13,1,"1",.,"A",75,"E","100","D"
"20132",2685845,13,2,"1",.,"A",8,"E","110","D"
"20132",2685845,13,3,"1",.,"A",27,"E","120","D"
"20132",2685845,13,4,"1",.,"A",4,"E","140","D"
"20132",2685845,13,5,"1",.,"A",143,"E","150","D"
"20132",2685845,13,6,"1",.,"A",2,"E","160","D"
"20132",2685845,13,7,"1",.,"A",34,"E","170","D"
"20132",2685845,13,8,"1",.,"A",12,"E","190","D"
"20132",2689195,36,0,"1",1,"D",.,"H",,"A"
"20132",2689195,36,1,"1",.,"A",21,"E","100","D"
"20132",2689195,36,2,"1",.,"A",4,"E","110","D"
"20132",2692183,24,0,"1",1,"D",.,"H",,"A"
"20132",2692183,24,1,"1",.,"A",123,"E","100","D"
"20132",2692183,24,2,"1",.,"A",63,"E","110","D"
"20132",2692183,24,3,"1",.,"A",90,"E","120","D"
"20132",2692183,24,4,"1",.,"A",17,"E","140","D"
"20132",2692183,24,5,"1",.,"A",397,"E","150","D"
"20132",2692183,24,6,"1",.,"A",115,"E","170","D"
"20132",2692183,24,7,"1",.,"A",25,"E","190","D"
"20132",2697694,13,0,"1",3,"D",.,"H",,"A"
"20132",2697694,13,1,"1",.,"A",17,"E","100","D"
"20132",2697694,13,2,"1",.,"A",1,"E","110","D"
"20132",2697694,13,3,"1",.,"A",6,"E","120","D"
"20132",2697694,13,4,"1",.,"A",1,"E","140","D"
"20132",2697694,13,5,"1",.,"A",31,"E","150","D"
"20132",2697694,13,6,"1",.,"A",7,"E","170","D"
"20132",2697694,13,7,"1",.,"A",7,"E","190","D"
"20132",2699844,39,0,"1",1,"D",.,"H",,"A"
"20132",2699844,39,1,"1",.,"A",135,"E","100","D"
"20132",2699844,39,2,"1",.,"A",28,"E","110","D"
"20132",2699844,39,3,"1",.,"A",71,"E","120","D"
"20132",2699844,39,4,"1",.,"A",99,"E","130","D"
"20132",2699844,39,5,"1",.,"A",22,"E","140","D"
"20132",2699844,39,6,"1",.,"A",233,"E","150","D"
"20132",2699844,39,7,"1",.,"A",19,"E","170","D"
"20132",2699844,39,8,"1",.,"A",20,"E","190","D"
"20132",2699844,39,9,"1",.,"A",49,"E","200","D"
"20132",2699844,39,10,"1",.,"A",133,"E","210","D"
"20132",2699844,39,11,"1",.,"A",41,"E","220","D"
"20132",2712825,25,0,"1",1,"D",.,"H",,"A"
"20132",2712825,25,1,"1",.,"A",38,"E","100","D"
"20132",2712825,25,2,"1",.,"A",8,"E","110","D"
"20132",2712825,25,3,"1",.,"A",14,"E","120","D"
"20132",2712825,25,4,"1",.,"A",3,"E","140","D"
"20132",2712825,25,5,"1",.,"A",109,"E","150","D"
"20132",2712825,25,6,"1",.,"A",10,"E","160","D"
"20132",2712825,25,7,"1",.,"A",2,"E","170","D"
"20132",2712825,25,8,"1",.,"A",16,"E","190","D"
"20133",2579935,35,0,"1",1,"D",.,"H",,"A"
"20133",2579935,35,1,"1",.,"A",16,"E","100","D"
"20133",2579935,35,2,"1",.,"A",9,"E","110","D"
"20133",2580505,30,0,"1",2,"D",.,"H",,"A"
"20133",2580505,30,1,"1",.,"A",26,"E","100","D"
"20133",2580505,30,2,"1",.,"A",14,"E","110","D"
"20133",2580505,30,3,"1",.,"A",14,"E","120","D"
"20133",2580505,30,4,"1",.,"A",1,"E","140","D"
"20133",2580505,30,5,"1",.,"A",83,"E","150","D"
"20133",2580505,30,6,"1",.,"A",49,"E","160","D"
"20133",2580505,30,7,"1",.,"A",7,"E","170","D"
"20133",2580505,30,8,"1",.,"A",6,"E","190","D"
"20133",2580865,78,0,"1",1,"D",.,"H",,"A"
"20133",2580865,78,1,"1",.,"A",16,"E","100","D"
"20133",2580865,78,2,"1",.,"A",8,"E","110","D"
"20133",2580865,78,3,"1",.,"A",8,"E","120","D"
"20133",2580865,78,4,"1",.,"A",28,"E","130","D"
"20133",2580865,78,5,"1",.,"A",1,"E","140","D"
"20133",2580865,78,6,"1",.,"A",52,"E","150","D"
"20133",2580865,78,7,"1",.,"A",29,"E","160","D"
"20133",2580865,78,8,"1",.,"A",4,"E","170","D"
"20133",2580865,78,9,"1",.,"A",4,"E","190","D"
"20133",2581185,33,0,"1",1,"D",.,"H",,"A"
"20133",2581185,33,1,"1",.,"A",167,"E","100","D"
"20133",2581185,33,2,"1",.,"A",146,"E","110","D"
"20133",2581185,33,3,"1",.,"A",338,"E","130","D"
"20133",2581185,33,4,"1",.,"A",194,"E","200","D"
"20133",2581185,33,5,"1",.,"A",105,"E","210","D"
"20133",2582345,24,0,"1",2,"D",.,"H",,"A"
"20133",2582345,24,1,"1",.,"A",144,"E","100","D"
"20133",2582345,24,2,"1",.,"A",56,"E","110","D"
"20133",2582885,12,0,"1",1,"D",.,"H",,"A"
"20133",2582885,12,1,"1",.,"A",112,"E","100","D"
"20133",2582885,12,2,"1",.,"A",82,"E","110","D"
"20133",2582885,12,3,"1",.,"A",46,"E","200","D"
"20133",2582885,12,4,"1",.,"A",60,"E","210","D"
"20133",2584565,33,0,"1",1,"D",.,"H",,"A"
"20133",2584565,33,1,"1",.,"A",31,"E","100","D"
"20133",2584565,33,2,"1",.,"A",21,"E","110","D"
"20133",2584565,33,3,"1",.,"A",21,"E","120","D"
"20133",2584565,33,4,"1",.,"A",4,"E","140","D"
"20133",2584565,33,5,"1",.,"A",79,"E","150","D"
"20133",2584565,33,6,"1",.,"A",6,"E","170","D"
"20133",2584565,33,7,"1",.,"A",13,"E","190","D"
"20133",2585595,23,0,"1",1,"D",.,"H",,"A"
"20133",2585595,23,1,"1",.,"A",63,"E","100","D"
"20133",2585595,23,2,"1",.,"A",24,"E","110","D"
"20133",2585595,23,3,"1",.,"A",51,"E","120","D"
"20133",2585595,23,4,"1",.,"A",181,"E","130","D"
"20133",2585595,23,5,"1",.,"A",4,"E","140","D"
"20133",2585595,23,6,"1",.,"A",152,"E","150","D"
"20133",2585595,23,7,"1",.,"A",10,"E","160","D"
"20133",2585595,23,8,"1",.,"A",15,"E","170","D"
"20133",2585665,68,0,"1",1,"D",.,"H",,"A"
"20133",2585665,68,1,"1",.,"A",83,"E","100","D"
"20133",2585665,68,2,"1",.,"A",21,"E","110","D"
"20133",2585665,68,3,"1",.,"A",29,"E","120","D"
"20133",2585665,68,4,"1",.,"A",84,"E","130","D"
"20133",2585665,68,5,"1",.,"A",5,"E","140","D"
"20133",2585665,68,6,"1",.,"A",247,"E","150","D"
"20133",2585665,68,7,"1",.,"A",24,"E","160","D"
"20133",2585665,68,8,"1",.,"A",9,"E","180","D"
"20133",2585665,68,9,"1",.,"A",18,"E","190","D"
"20133",2587065,81,0,"1",1,"D",.,"H",,"A"
"20133",2587065,81,1,"1",.,"A",29,"E","100","D"
"20133",2587065,81,2,"1",.,"A",16,"E","110","D"
"20133",2587065,81,3,"1",.,"A",15,"E","120","D"
"20133",2587065,81,4,"1",.,"A",2,"E","140","D"
"20133",2587065,81,5,"1",.,"A",90,"E","150","D"
"20133",2587065,81,6,"1",.,"A",55,"E","160","D"
"20133",2587065,81,7,"1",.,"A",11,"E","170","D"
"20133",2587065,81,8,"1",.,"A",7,"E","190","D"
"20133",2587565,19,0,"1",1,"D",.,"H",,"A"
"20133",2587565,19,1,"1",.,"A",13,"E","200","D"
"20133",2587565,19,2,"1",.,"A",7,"E","210","D"
"20133",2587975,54,0,"1",7,"D",.,"H",,"A"
"20133",2587975,54,1,"1",.,"A",62,"E","120","D"
"20133",2587975,54,2,"1",.,"A",8,"E","140","D"
"20133",2587975,54,3,"1",.,"A",355,"E","150","D"
"20133",2587975,54,4,"1",.,"A",215,"E","160","D"
"20133",2587975,54,5,"1",.,"A",32,"E","170","D"
"20133",2587975,54,6,"1",.,"A",28,"E","190","D"
"20133",2588825,25,0,"1",1,"D",.,"H",,"A"
"20133",2588825,25,1,"1",.,"A",44,"E","200","D"
"20133",2588825,25,2,"1",.,"A",16,"E","210","D"
"20133",2589145,28,0,"1",1,"D",.,"H",,"A"
"20133",2589145,28,1,"1",.,"A",324,"E","100","D"
"20133",2589145,28,2,"1",.,"A",66,"E","110","D"
"20133",2589145,28,3,"1",.,"A",113,"E","120","D"
"20133",2589145,28,4,"1",.,"A",325,"E","130","D"
"20133",2589145,28,5,"1",.,"A",22,"E","140","D"
"20133",2589145,28,6,"1",.,"A",950,"E","150","D"
"20133",2589145,28,7,"1",.,"A",94,"E","160","D"
"20133",2589145,28,8,"1",.,"A",36,"E","180","D"
"20133",2589145,28,9,"1",.,"A",70,"E","190","D"
"20133",2589155,50,0,"1",1,"D",.,"H",,"A"
"20133",2589155,50,1,"1",.,"A",26,"E","100","D"
"20133",2589155,50,2,"1",.,"A",12,"E","110","D"
"20133",2589155,50,3,"1",.,"A",18,"E","120","D"
"20133",2589155,50,4,"1",.,"A",57,"E","130","D"
"20133",2589155,50,5,"1",.,"A",3,"E","140","D"
"20133",2589155,50,6,"1",.,"A",107,"E","150","D"
"20133",2589155,50,7,"1",.,"A",6,"E","160","D"
"20133",2589155,50,8,"1",.,"A",6,"E","170","D"
"20133",2589155,50,9,"1",.,"A",20,"E","190","D"
"20133",2589395,70,0,"1",1,"D",.,"H",,"A"
"20133",2589395,70,1,"1",.,"A",127,"E","100","D"
"20133",2589395,70,2,"1",.,"A",26,"E","110","D"
"20133",2589395,70,3,"1",.,"A",45,"E","120","D"
"20133",2589395,70,4,"1",.,"A",9,"E","140","D"
"20133",2589395,70,5,"1",.,"A",378,"E","150","D"
"20133",2589395,70,6,"1",.,"A",42,"E","160","D"
"20133",2589395,70,7,"1",.,"A",14,"E","180","D"
"20133",2589395,70,8,"1",.,"A",28,"E","190","D"
"20133",2589395,70,9,"1",.,"A",60,"E","200","D"
"20133",2589395,70,10,"1",.,"A",31,"E","210","D"
"20133",2589395,70,11,"1",.,"A",40,"E","220","D"
"20133",2589525,7,0,"1",1,"D",.,"H",,"A"
"20133",2589525,7,1,"1",.,"A",9,"E","120","D"
"20133",2589525,7,2,"1",.,"A",1,"E","140","D"
"20133",2589525,7,3,"1",.,"A",28,"E","150","D"
"20133",2589525,7,4,"1",.,"A",2,"E","170","D"
"20133",2589525,7,5,"1",.,"A",4,"E","190","D"
"20133",2590105,45,0,"1",1,"D",.,"H",,"A"
"20133",2590105,45,1,"1",.,"A",258,"E","100","D"
"20133",2590105,45,2,"1",.,"A",151,"E","110","D"
"20133",2590105,45,3,"1",.,"A",174,"E","200","D"
"20133",2590105,45,4,"1",.,"A",192,"E","210","D"
"20133",2590105,45,5,"1",.,"A",275,"E","220","D"
"20133",2590965,16,0,"1",1,"D",.,"H",,"A"
"20133",2590965,16,1,"1",.,"A",126,"E","100","D"
"20133",2590965,16,2,"1",.,"A",49,"E","110","D"
"20133",2590965,16,3,"1",.,"A",100,"E","120","D"
"20133",2590965,16,4,"1",.,"A",362,"E","130","D"
"20133",2590965,16,5,"1",.,"A",8,"E","140","D"
"20133",2590965,16,6,"1",.,"A",305,"E","150","D"
"20133",2590965,16,7,"1",.,"A",20,"E","160","D"
"20133",2590965,16,8,"1",.,"A",30,"E","170","D"
"20133",2592475,30,0,"1",1,"D",.,"H",,"A"
"20133",2592475,30,1,"1",.,"A",137,"E","100","D"
"20133",2592475,30,2,"1",.,"A",28,"E","110","D"
"20133",2592475,30,3,"1",.,"A",48,"E","120","D"
"20133",2592475,30,4,"1",.,"A",139,"E","130","D"
"20133",2592475,30,5,"1",.,"A",9,"E","140","D"
"20133",2592475,30,6,"1",.,"A",407,"E","150","D"
"20133",2592475,30,7,"1",.,"A",40,"E","160","D"
"20133",2592475,30,8,"1",.,"A",15,"E","180","D"
"20133",2592475,30,9,"1",.,"A",30,"E","190","D"
"20133",2592475,30,10,"1",.,"A",71,"E","200","D"
"20133",2592475,30,11,"1",.,"A",33,"E","210","D"
"20133",2592475,30,12,"1",.,"A",43,"E","220","D"
"20133",2592735,35,0,"1",1,"D",.,"H",,"A"
"20133",2592735,35,1,"1",.,"A",11,"E","120","D"
"20133",2592735,35,2,"1",.,"A",1,"E","140","D"
"20133",2592735,35,3,"1",.,"A",31,"E","150","D"
"20133",2592735,35,4,"1",.,"A",2,"E","170","D"
"20133",2592735,35,5,"1",.,"A",5,"E","190","D"
"20133",2592935,25,0,"1",1,"D",.,"H",,"A"
"20133",2592935,25,1,"1",.,"A",495,"E","100","D"
"20133",2592935,25,2,"1",.,"A",103,"E","110","D"
"20133",2592935,25,3,"1",.,"A",175,"E","120","D"
"20133",2592935,25,4,"1",.,"A",508,"E","130","D"
"20133",2592935,25,5,"1",.,"A",35,"E","140","D"
"20133",2592935,25,6,"1",.,"A",1473,"E","150","D"
"20133",2592935,25,7,"1",.,"A",146,"E","160","D"
"20133",2592935,25,8,"1",.,"A",56,"E","180","D"
"20133",2592935,25,9,"1",.,"A",109,"E","190","D"
"20133",2593185,40,0,"1",2,"D",.,"H",,"A"
"20133",2593185,40,1,"1",.,"A",81,"E","120","D"
"20133",2593185,40,2,"1",.,"A",15,"E","140","D"
"20133",2593185,40,3,"1",.,"A",664,"E","150","D"
"20133",2593185,40,4,"1",.,"A",66,"E","160","D"
"20133",2593185,40,5,"1",.,"A",25,"E","180","D"
"20133",2593185,40,6,"1",.,"A",49,"E","190","D"
"20133",2593605,25,0,"1",1,"D",.,"H",,"A"
"20133",2593605,25,1,"1",.,"A",32,"E","100","D"
"20133",2593605,25,2,"1",.,"A",18,"E","110","D"
"20133",2593685,50,0,"1",3,"D",.,"H",,"A"
"20133",2593685,50,1,"1",.,"A",32,"E","100","D"
"20133",2593685,50,2,"1",.,"A",18,"E","110","D"
"20133",2594275,28,0,"1",1,"D",.,"H",,"A"
"20133",2594275,28,1,"1",.,"A",75,"E","100","D"
"20133",2594275,28,2,"1",.,"A",40,"E","110","D"
"20133",2594275,28,3,"1",.,"A",44,"E","120","D"
"20133",2594275,28,4,"1",.,"A",132,"E","130","D"
"20133",2594275,28,5,"1",.,"A",5,"E","140","D"
"20133",2594275,28,6,"1",.,"A",227,"E","150","D"
"20133",2594275,28,7,"1",.,"A",139,"E","160","D"
"20133",2594275,28,8,"1",.,"A",20,"E","170","D"
"20133",2594275,28,9,"1",.,"A",18,"E","190","D"
"20133",2594605,44,0,"1",1,"D",.,"H",,"A"
"20133",2594605,44,1,"1",.,"A",107,"E","100","D"
"20133",2594605,44,2,"1",.,"A",57,"E","110","D"
"20133",2594605,44,3,"1",.,"A",63,"E","120","D"
"20133",2594605,44,4,"1",.,"A",188,"E","130","D"
"20133",2594605,44,5,"1",.,"A",7,"E","140","D"
"20133",2594605,44,6,"1",.,"A",325,"E","150","D"
"20133",2594605,44,7,"1",.,"A",198,"E","160","D"
"20133",2594605,44,8,"1",.,"A",29,"E","170","D"
"20133",2594605,44,9,"1",.,"A",26,"E","190","D"
"20133",2595235,83,0,"1",3,"D",.,"H",,"A"
"20133",2595235,83,1,"1",.,"A",127,"E","100","D"
"20133",2595235,83,2,"1",.,"A",26,"E","110","D"
"20133",2595235,83,3,"1",.,"A",45,"E","120","D"
"20133",2595235,83,4,"1",.,"A",129,"E","130","D"
"20133",2595235,83,5,"1",.,"A",9,"E","140","D"
"20133",2595235,83,6,"1",.,"A",378,"E","150","D"
"20133",2595235,83,7,"1",.,"A",37,"E","160","D"
"20133",2595235,83,8,"1",.,"A",14,"E","180","D"
"20133",2595235,83,9,"1",.,"A",28,"E","190","D"
"20133",2595235,83,10,"1",.,"A",60,"E","200","D"
"20133",2595235,83,11,"1",.,"A",36,"E","210","D"
"20133",2595235,83,12,"1",.,"A",40,"E","220","D"
"20133",2595435,37,0,"1",1,"D",.,"H",,"A"
"20133",2595435,37,1,"1",.,"A",1103,"E","100","D"
"20133",2595435,37,2,"1",.,"A",228,"E","110","D"
"20133",2595435,37,3,"1",.,"A",388,"E","120","D"
"20133",2595435,37,4,"1",.,"A",1115,"E","130","D"
"20133",2595435,37,5,"1",.,"A",78,"E","140","D"
"20133",2595435,37,6,"1",.,"A",3260,"E","150","D"
"20133",2595435,37,7,"1",.,"A",324,"E","160","D"
"20133",2595435,37,8,"1",.,"A",124,"E","180","D"
"20133",2595435,37,9,"1",.,"A",242,"E","190","D"
"20133",2595435,37,10,"1",.,"A",518,"E","200","D"
"20133",2595435,37,11,"1",.,"A",271,"E","210","D"
"20133",2595435,37,12,"1",.,"A",349,"E","220","D"
"20133",2596205,38,0,"1",4,"D",.,"H",,"A"
"20133",2596205,38,1,"1",.,"A",190,"E","100","D"
"20133",2596205,38,2,"1",.,"A",110,"E","110","D"
"20133",2596535,28,0,"1",1,"D",.,"H",,"A"
"20133",2596535,28,1,"1",.,"A",156,"E","100","D"
"20133",2596535,28,2,"1",.,"A",31,"E","110","D"
"20133",2596535,28,3,"1",.,"A",54,"E","120","D"
"20133",2596535,28,4,"1",.,"A",10,"E","140","D"
"20133",2596535,28,5,"1",.,"A",454,"E","150","D"
"20133",2596535,28,6,"1",.,"A",45,"E","160","D"
"20133",2596535,28,7,"1",.,"A",17,"E","180","D"
"20133",2596535,28,8,"1",.,"A",33,"E","190","D"
"20133",2596825,34,0,"1",1,"D",.,"H",,"A"
"20133",2596825,34,1,"1",.,"A",57,"E","100","D"
"20133",2596825,34,2,"1",.,"A",43,"E","110","D"
"20133",2596825,34,3,"1",.,"A",42,"E","120","D"
"20133",2596825,34,4,"1",.,"A",111,"E","130","D"
"20133",2596825,34,5,"1",.,"A",8,"E","140","D"
"20133",2596825,34,6,"1",.,"A",157,"E","150","D"
"20133",2596825,34,7,"1",.,"A",12,"E","170","D"
"20133",2596825,34,8,"1",.,"A",25,"E","190","D"
"20133",2597705,11,0,"1",1,"D",.,"H",,"A"
"20133",2597705,11,1,"1",.,"A",65,"E","100","D"
"20133",2597705,11,2,"1",.,"A",49,"E","110","D"
"20133",2597705,11,3,"1",.,"A",48,"E","120","D"
"20133",2597705,11,4,"1",.,"A",14,"E","140","D"
"20133",2597705,11,5,"1",.,"A",181,"E","150","D"
"20133",2597705,11,6,"1",.,"A",14,"E","170","D"
"20133",2597705,11,7,"1",.,"A",29,"E","190","D"
"20133",2597795,47,0,"1",1,"D",.,"H",,"A"
"20133",2597795,47,1,"1",.,"A",37,"E","100","D"
"20133",2597795,47,2,"1",.,"A",31,"E","110","D"
"20133",2597795,47,3,"1",.,"A",39,"E","120","D"
"20133",2597795,47,4,"1",.,"A",74,"E","130","D"
"20133",2597795,47,5,"1",.,"A",1,"E","140","D"
"20133",2597795,47,6,"1",.,"A",196,"E","150","D"
"20133",2597795,47,7,"1",.,"A",22,"E","170","D"
"20133",2597915,46,0,"1",1,"D",.,"H",,"A"
"20133",2597915,46,1,"1",.,"A",18,"E","100","D"
"20133",2597915,46,2,"1",.,"A",12,"E","110","D"
"20133",2598605,26,0,"1",1,"D",.,"H",,"A"
"20133",2598605,26,1,"1",.,"A",13,"E","120","D"
"20133",2598605,26,2,"1",.,"A",52,"E","130","D"
"20133",2598605,26,3,"1",.,"A",1,"E","140","D"
"20133",2598605,26,4,"1",.,"A",43,"E","150","D"
"20133",2598605,26,5,"1",.,"A",2,"E","160","D"
"20133",2598605,26,6,"1",.,"A",4,"E","170","D"
"20133",2598605,26,7,"1",.,"A",5,"E","200","D"
"20133",2598605,26,8,"1",.,"A",22,"E","210","D"
"20133",2598605,26,9,"1",.,"A",8,"E","220","D"
"20133",2598665,29,0,"1",1,"D",.,"H",,"A"
"20133",2598665,29,1,"1",.,"A",19,"E","100","D"
"20133",2598665,29,2,"1",.,"A",10,"E","110","D"
"20133",2598665,29,3,"1",.,"A",10,"E","120","D"
"20133",2598665,29,4,"1",.,"A",6,"E","140","D"
"20133",2598665,29,5,"1",.,"A",60,"E","150","D"
"20133",2598665,29,6,"1",.,"A",36,"E","160","D"
"20133",2598665,29,7,"1",.,"A",5,"E","170","D"
"20133",2598665,29,8,"1",.,"A",4,"E","190","D"
"20133",2600075,65,0,"1",3,"D",.,"H",,"A"
"20133",2600075,65,1,"1",.,"A",40,"E","100","D"
"20133",2600075,65,2,"1",.,"A",23,"E","110","D"
"20133",2600075,65,3,"1",.,"A",38,"E","120","D"
"20133",2600075,65,4,"1",.,"A",5,"E","140","D"
"20133",2600075,65,5,"1",.,"A",198,"E","150","D"
"20133",2600075,65,6,"1",.,"A",11,"E","160","D"
"20133",2600075,65,7,"1",.,"A",12,"E","170","D"
"20133",2600075,65,8,"1",.,"A",38,"E","190","D"
"20133",2600245,52,0,"1",1,"D",.,"H",,"A"
"20133",2600245,52,1,"1",.,"A",61,"E","100","D"
"20133",2600245,52,2,"1",.,"A",16,"E","110","D"
"20133",2600245,52,3,"1",.,"A",50,"E","120","D"
"20133",2600245,52,4,"1",.,"A",135,"E","130","D"
"20133",2600245,52,5,"1",.,"A",136,"E","150","D"
"20133",2600245,52,6,"1",.,"A",12,"E","200","D"
"20133",2600245,52,7,"1",.,"A",90,"E","210","D"
"20133",2600935,18,0,"1",1,"D",.,"H",,"A"
"20133",2600935,18,1,"1",.,"A",155,"E","100","D"
"20133",2600935,18,2,"1",.,"A",60,"E","110","D"
"20133",2600935,18,3,"1",.,"A",125,"E","120","D"
"20133",2600935,18,4,"1",.,"A",445,"E","130","D"
"20133",2600935,18,5,"1",.,"A",10,"E","140","D"
"20133",2600935,18,6,"1",.,"A",374,"E","150","D"
"20133",2600935,18,7,"1",.,"A",24,"E","160","D"
"20133",2600935,18,8,"1",.,"A",37,"E","170","D"
"20133",2600935,18,9,"1",.,"A",47,"E","200","D"
"20133",2600935,18,10,"1",.,"A",155,"E","210","D"
"20133",2600935,18,11,"1",.,"A",68,"E","220","D"
"20133",2601545,20,0,"1",1,"D",.,"H",,"A"
"20133",2601545,20,1,"1",.,"A",22,"E","100","D"
"20133",2601545,20,2,"1",.,"A",12,"E","110","D"
"20133",2601545,20,3,"1",.,"A",23,"E","120","D"
"20133",2601545,20,4,"1",.,"A",3,"E","140","D"
"20133",2601545,20,5,"1",.,"A",108,"E","150","D"
"20133",2601545,20,6,"1",.,"A",6,"E","160","D"
"20133",2601545,20,7,"1",.,"A",6,"E","170","D"
"20133",2601545,20,8,"1",.,"A",20,"E","190","D"
"20133",2601795,22,0,"1",1,"D",.,"H",,"A"
"20133",2601795,22,1,"1",.,"A",5,"E","200","D"
"20133",2601795,22,2,"1",.,"A",14,"E","210","D"
"20133",2601795,22,3,"1",.,"A",6,"E","220","D"
"20133",2602115,7,0,"1",2,"D",.,"H",,"A"
"20133",2602115,7,1,"1",.,"A",40,"E","100","D"
"20133",2602115,7,2,"1",.,"A",21,"E","110","D"
"20133",2602115,7,3,"1",.,"A",24,"E","200","D"
"20133",2602115,7,4,"1",.,"A",27,"E","210","D"
"20133",2602115,7,5,"1",.,"A",38,"E","220","D"
"20133",2602305,72,0,"1",1,"D",.,"H",,"A"
"20133",2602305,72,1,"1",.,"A",63,"E","100","D"
"20133",2602305,72,2,"1",.,"A",12,"E","110","D"
"20133",2602725,30,0,"1",1,"D",.,"H",,"A"
"20133",2602725,30,1,"1",.,"A",16,"E","100","D"
"20133",2602725,30,2,"1",.,"A",9,"E","110","D"
"20133",2602725,30,3,"1",.,"A",14,"E","120","D"
"20133",2602725,30,4,"1",.,"A",6,"E","140","D"
"20133",2602725,30,5,"1",.,"A",81,"E","150","D"
"20133",2602725,30,6,"1",.,"A",4,"E","160","D"
"20133",2602725,30,7,"1",.,"A",5,"E","170","D"
"20133",2602725,30,8,"1",.,"A",15,"E","190","D"
"20133",2602815,34,0,"1",1,"D",.,"H",,"A"
"20133",2602815,34,1,"1",.,"A",18,"E","100","D"
"20133",2602815,34,2,"1",.,"A",11,"E","110","D"
"20133",2602815,34,3,"1",.,"A",16,"E","120","D"
"20133",2602815,34,4,"1",.,"A",50,"E","130","D"
"20133",2602815,34,5,"1",.,"A",6,"E","140","D"
"20133",2602815,34,6,"1",.,"A",92,"E","150","D"
"20133",2602815,34,7,"1",.,"A",5,"E","160","D"
"20133",2602815,34,8,"1",.,"A",5,"E","170","D"
"20133",2602815,34,9,"1",.,"A",17,"E","190","D"
"20133",2603465,73,0,"1",1,"D",.,"H",,"A"
"20133",2603465,73,1,"1",.,"A",21,"E","100","D"
"20133",2603465,73,2,"1",.,"A",4,"E","110","D"
"20133",2604055,19,0,"1",1,"D",.,"H",,"A"
"20133",2604055,19,1,"1",.,"A",120,"E","120","D"
"20133",2604055,19,2,"1",.,"A",225,"E","130","D"
"20133",2604055,19,3,"1",.,"A",6,"E","140","D"
"20133",2604055,19,4,"1",.,"A",581,"E","150","D"
"20133",2604055,19,5,"1",.,"A",68,"E","170","D"
"20133",2604265,42,0,"1",1,"D",.,"H",,"A"
"20133",2604265,42,1,"1",.,"A",113,"E","100","D"
"20133",2604265,42,2,"1",.,"A",57,"E","110","D"
"20133",2604265,42,3,"1",.,"A",57,"E","120","D"
"20133",2604265,42,4,"1",.,"A",188,"E","130","D"
"20133",2604265,42,5,"1",.,"A",7,"E","140","D"
"20133",2604265,42,6,"1",.,"A",325,"E","150","D"
"20133",2604265,42,7,"1",.,"A",198,"E","160","D"
"20133",2604265,42,8,"1",.,"A",29,"E","170","D"
"20133",2604265,42,9,"1",.,"A",26,"E","190","D"
"20133",2605305,35,0,"1",3,"D",.,"H",,"A"
"20133",2605305,35,1,"1",.,"A",141,"E","100","D"
"20133",2605305,35,2,"1",.,"A",82,"E","110","D"
"20133",2605305,35,3,"1",.,"A",377,"E","130","D"
"20133",2605645,13,0,"1",1,"D",.,"H",,"A"
"20133",2605645,13,1,"1",.,"A",776,"E","100","D"
"20133",2605645,13,2,"1",.,"A",224,"E","110","D"
"20133",2606975,27,0,"1",1,"D",.,"H",,"A"
"20133",2606975,27,1,"1",.,"A",267,"G","100","D"
"20133",2606975,27,2,"1",.,"A",77,"G","110","D"
"20133",2606975,27,3,"1",.,"A",228,"G","120","D"
"20133",2606975,27,4,"1",.,"A",612,"G","130","D"
"20133",2606975,27,5,"1",.,"A",616,"G","150","D"
"20133",2607345,20,0,"1",1,"D",.,"H",,"A"
"20133",2607345,20,1,"1",.,"A",9,"E","120","D"
"20133",2607345,20,2,"1",.,"A",26,"E","130","D"
"20133",2607345,20,3,"1",.,"A",22,"E","150","D"
"20133",2607345,20,4,"1",.,"A",1,"E","160","D"
"20133",2607345,20,5,"1",.,"A",2,"E","170","D"
"20133",2608575,13,0,"1",1,"D",.,"H",,"A"
"20133",2608575,13,1,"1",.,"A",99,"E","100","D"
"20133",2608575,13,2,"1",.,"A",74,"E","110","D"
"20133",2608575,13,3,"1",.,"A",73,"E","120","D"
"20133",2608575,13,4,"1",.,"A",15,"E","140","D"
"20133",2608575,13,5,"1",.,"A",273,"E","150","D"
"20133",2608575,13,6,"1",.,"A",21,"E","170","D"
"20133",2608575,13,7,"1",.,"A",44,"E","190","D"
"20133",2608575,13,8,"1",.,"A",47,"E","200","D"
"20133",2608575,13,9,"1",.,"A",54,"E","210","D"
"20133",2608665,40,0,"1",3,"D",.,"H",,"A"
"20133",2608665,40,1,"1",.,"A",342,"E","100","D"
"20133",2608665,40,2,"1",.,"A",71,"E","110","D"
"20133",2608665,40,3,"1",.,"A",121,"E","120","D"
"20133",2608665,40,4,"1",.,"A",355,"E","130","D"
"20133",2608665,40,5,"1",.,"A",24,"E","140","D"
"20133",2608665,40,6,"1",.,"A",1018,"E","150","D"
"20133",2608665,40,7,"1",.,"A",101,"E","160","D"
"20133",2608665,40,8,"1",.,"A",38,"E","180","D"
"20133",2608665,40,9,"1",.,"A",75,"E","190","D"
"20133",2608665,40,10,"1",.,"A",162,"E","200","D"
"20133",2608665,40,11,"1",.,"A",84,"E","210","D"
"20133",2608665,40,12,"1",.,"A",109,"E","220","D"
"20133",2609885,12,0,"1",1,"D",.,"H",,"A"
"20133",2609885,12,1,"1",.,"A",35,"E","100","D"
"20133",2609885,12,2,"1",.,"A",9,"E","110","D"
"20133",2609885,12,3,"1",.,"A",76,"E","130","D"
"20133",2610415,35,0,"1",1,"D",.,"H",,"A"
"20133",2610415,35,1,"1",.,"A",22,"E","100","D"
"20133",2610415,35,2,"1",.,"A",12,"E","110","D"
"20133",2610415,35,3,"1",.,"A",19,"E","120","D"
"20133",2610415,35,4,"1",.,"A",3,"E","140","D"
"20133",2610415,35,5,"1",.,"A",108,"E","150","D"
"20133",2610415,35,6,"1",.,"A",6,"E","160","D"
"20133",2610415,35,7,"1",.,"A",10,"E","170","D"
"20133",2610415,35,8,"1",.,"A",20,"E","190","D"
"20133",2610585,43,0,"1",2,"D",.,"H",,"A"
"20133",2610585,43,1,"1",.,"A",203,"E","100","D"
"20133",2610585,43,2,"1",.,"A",41,"E","110","D"
"20133",2610585,43,3,"1",.,"A",70,"E","120","D"
"20133",2610585,43,4,"1",.,"A",203,"E","130","D"
"20133",2610585,43,5,"1",.,"A",14,"E","140","D"
"20133",2610585,43,6,"1",.,"A",594,"E","150","D"
"20133",2610585,43,7,"1",.,"A",59,"E","160","D"
"20133",2610585,43,8,"1",.,"A",22,"E","180","D"
"20133",2610585,43,9,"1",.,"A",44,"E","190","D"
"20133",2611095,26,0,"1",1,"D",.,"H",,"A"
"20133",2611095,26,1,"1",.,"A",55,"E","100","D"
"20133",2611095,26,2,"1",.,"A",32,"E","110","D"
"20133",2611095,26,3,"1",.,"A",53,"E","120","D"
"20133",2611095,26,4,"1",.,"A",147,"E","130","D"
"20133",2611095,26,5,"1",.,"A",7,"E","140","D"
"20133",2611095,26,6,"1",.,"A",273,"E","150","D"
"20133",2611095,26,7,"1",.,"A",15,"E","160","D"
"20133",2611095,26,8,"1",.,"A",16,"E","170","D"
"20133",2611095,26,9,"1",.,"A",52,"E","190","D"
"20133",2611425,25,0,"1",1,"D",.,"H",,"A"
"20133",2611425,25,1,"1",.,"A",189,"E","100","D"
"20133",2611425,25,2,"1",.,"A",74,"E","110","D"
"20133",2611425,25,3,"1",.,"A",149,"E","120","D"
"20133",2611425,25,4,"1",.,"A",544,"E","130","D"
"20133",2611425,25,5,"1",.,"A",12,"E","140","D"
"20133",2611425,25,6,"1",.,"A",457,"E","150","D"
"20133",2611425,25,7,"1",.,"A",30,"E","160","D"
"20133",2611425,25,8,"1",.,"A",45,"E","170","D"
"20133",2611635,27,0,"1",1,"D",.,"H",,"A"
"20133",2611635,27,1,"1",.,"A",16,"E","100","D"
"20133",2611635,27,2,"1",.,"A",3,"E","110","D"
"20133",2611635,27,3,"1",.,"A",5,"E","120","D"
"20133",2611635,27,4,"1",.,"A",1,"E","140","D"
"20133",2611635,27,5,"1",.,"A",43,"E","150","D"
"20133",2611635,27,6,"1",.,"A",4,"E","160","D"
"20133",2611635,27,7,"1",.,"A",1,"E","180","D"
"20133",2611635,27,8,"1",.,"A",3,"E","190","D"
"20133",2612445,59,0,"1",3,"D",.,"H",,"A"
"20133",2612445,59,1,"1",.,"A",70,"E","100","D"
"20133",2612445,59,2,"1",.,"A",20,"E","110","D"
"20133",2612815,31,0,"1",1,"D",.,"H",,"A"
"20133",2612815,31,1,"1",.,"A",57,"E","100","D"
"20133",2612815,31,2,"1",.,"A",47,"E","110","D"
"20133",2612815,31,3,"1",.,"A",42,"E","120","D"
"20133",2612815,31,4,"1",.,"A",8,"E","140","D"
"20133",2612815,31,5,"1",.,"A",158,"E","150","D"
"20133",2612815,31,6,"1",.,"A",12,"E","170","D"
"20133",2612815,31,7,"1",.,"A",26,"E","190","D"
"20133",2613374,63,0,"1",2,"D",.,"H",,"A"
"20133",2613374,63,1,"1",.,"A",92,"E","200","D"
"20133",2613374,63,2,"1",.,"A",47,"E","210","D"
"20133",2613374,63,3,"1",.,"A",61,"E","220","D"
"20133",2613594,18,0,"1",1,"D",.,"H",,"A"
"20133",2613594,18,1,"1",.,"A",46,"E","100","D"
"20133",2613594,18,2,"1",.,"A",34,"E","110","D"
"20133",2613834,45,0,"1",1,"D",.,"H",,"A"
"20133",2613834,45,1,"1",.,"A",166,"E","100","D"
"20133",2613834,45,2,"1",.,"A",34,"E","110","D"
"20133",2614194,29,0,"1",1,"D",.,"H",,"A"
"20133",2614194,29,1,"1",.,"A",53,"E","100","D"
"20133",2614194,29,2,"1",.,"A",31,"E","110","D"
"20133",2614194,29,3,"1",.,"A",28,"E","120","D"
"20133",2614194,29,4,"1",.,"A",3,"E","140","D"
"20133",2614194,29,5,"1",.,"A",160,"E","150","D"
"20133",2614194,29,6,"1",.,"A",98,"E","160","D"
"20133",2614194,29,7,"1",.,"A",14,"E","170","D"
"20133",2614194,29,8,"1",.,"A",13,"E","190","D"
"20133",2614395,31,0,"1",1,"D",.,"H",,"A"
"20133",2614395,31,1,"1",.,"A",7,"E","100","D"
"20133",2614395,31,2,"1",.,"A",4,"E","110","D"
"20133",2614395,31,3,"1",.,"A",4,"E","120","D"
"20133",2614395,31,4,"1",.,"A",24,"E","150","D"
"20133",2614395,31,5,"1",.,"A",14,"E","160","D"
"20133",2614395,31,6,"1",.,"A",6,"E","170","D"
"20133",2614395,31,7,"1",.,"A",1,"E","190","D"
"20133",2615754,8,0,"1",1,"D",.,"H",,"A"
"20133",2615754,8,1,"1",.,"A",16,"E","100","D"
"20133",2615754,8,2,"1",.,"A",12,"E","110","D"
"20133",2615754,8,3,"1",.,"A",12,"E","120","D"
"20133",2615754,8,4,"1",.,"A",31,"E","130","D"
"20133",2615754,8,5,"1",.,"A",7,"E","140","D"
"20133",2615754,8,6,"1",.,"A",46,"E","150","D"
"20133",2615754,8,7,"1",.,"A",3,"E","170","D"
"20133",2615754,8,8,"1",.,"A",7,"E","190","D"
"20133",2615754,8,9,"1",.,"A",7,"E","200","D"
"20133",2615754,8,10,"1",.,"A",9,"E","210","D"
"20133",2617854,44,0,"1",1,"D",.,"H",,"A"
"20133",2617854,44,1,"1",.,"A",2,"E","100","D"
"20133",2617854,44,2,"1",.,"A",1,"E","110","D"
"20133",2617854,44,3,"1",.,"A",1,"E","120","D"
"20133",2617854,44,4,"1",.,"A",7,"E","150","D"
"20133",2617854,44,5,"1",.,"A",8,"E","160","D"
"20133",2617854,44,6,"1",.,"A",1,"E","200","D"
"20133",2617964,14,0,"1",1,"D",.,"H",,"A"
"20133",2617964,14,1,"1",.,"A",43,"E","100","D"
"20133",2617964,14,2,"1",.,"A",27,"E","110","D"
"20133",2617964,14,3,"1",.,"A",23,"E","120","D"
"20133",2617964,14,4,"1",.,"A",75,"E","130","D"
"20133",2617964,14,5,"1",.,"A",2,"E","140","D"
"20133",2617964,14,6,"1",.,"A",130,"E","150","D"
"20133",2617964,14,7,"1",.,"A",79,"E","160","D"
"20133",2617964,14,8,"1",.,"A",11,"E","170","D"
"20133",2617964,14,9,"1",.,"A",10,"E","190","D"
"20133",2618504,23,0,"1",1,"D",.,"H",,"A"
"20133",2618504,23,1,"1",.,"A",200,"E","130","D"
"20133",2618524,30,0,"1",1,"D",.,"H",,"A"
"20133",2618524,30,1,"1",.,"A",8,"E","120","D"
"20133",2618524,30,2,"1",.,"A",4,"E","140","D"
"20133",2618524,30,3,"1",.,"A",31,"E","150","D"
"20133",2618524,30,4,"1",.,"A",2,"E","170","D"
"20133",2618524,30,5,"1",.,"A",5,"E","190","D"
"20133",2619044,32,0,"1",1,"D",.,"H",,"A"
"20133",2619044,32,1,"1",.,"A",535,"E","100","D"
"20133",2619044,32,2,"1",.,"A",284,"E","110","D"
"20133",2619044,32,3,"1",.,"A",284,"E","120","D"
"20133",2619044,32,4,"1",.,"A",36,"E","140","D"
"20133",2619044,32,5,"1",.,"A",1604,"E","150","D"
"20133",2619044,32,6,"1",.,"A",980,"E","160","D"
"20133",2619044,32,7,"1",.,"A",146,"E","170","D"
"20133",2619044,32,8,"1",.,"A",131,"E","190","D"
"20133",2620834,31,0,"1",1,"D",.,"H",,"A"
"20133",2620834,31,1,"1",.,"A",40,"E","100","D"
"20133",2620834,31,2,"1",.,"A",21,"E","110","D"
"20133",2620834,31,3,"1",.,"A",24,"E","200","D"
"20133",2620834,31,4,"1",.,"A",27,"E","210","D"
"20133",2620834,31,5,"1",.,"A",38,"E","220","D"
"20133",2621164,11,0,"1",1,"D",.,"H",,"A"
"20133",2621164,11,1,"1",.,"A",31,"E","100","D"
"20133",2621164,11,2,"1",.,"A",24,"E","110","D"
"20133",2621164,11,3,"1",.,"A",30,"E","120","D"
"20133",2621164,11,4,"1",.,"A",1,"E","140","D"
"20133",2621164,11,5,"1",.,"A",147,"E","150","D"
"20133",2621164,11,6,"1",.,"A",17,"E","170","D"
"20133",2622714,57,0,"1",1,"D",.,"H",,"A"
"20133",2622714,57,1,"1",.,"A",1,"E","100","D"
"20133",2622714,57,2,"1",.,"A",6,"E","110","D"
"20133",2622714,57,3,"1",.,"A",2,"E","130","D"
"20133",2622714,57,4,"1",.,"A",4,"E","150","D"
"20133",2622714,57,5,"1",.,"A",2,"E","160","D"
"20133",2624314,53,0,"1",2,"D",.,"H",,"A"
"20133",2624314,53,1,"1",.,"A",3,"E","120","D"
"20133",2624314,53,2,"1",.,"A",26,"E","150","D"
"20133",2624314,53,3,"1",.,"A",2,"E","160","D"
"20133",2624314,53,4,"1",.,"A",1,"E","180","D"
"20133",2624314,53,5,"1",.,"A",1,"E","190","D"
"20133",2624314,53,6,"1",.,"A",4,"E","200","D"
"20133",2624314,53,7,"1",.,"A",6,"E","210","D"
"20133",2624314,53,8,"1",.,"A",2,"E","220","D"
"20133",2624804,38,0,"1",1,"D",.,"H",,"A"
"20133",2624804,38,1,"1",.,"A",13,"E","100","D"
"20133",2624804,38,2,"1",.,"A",4,"E","110","D"
"20133",2624804,38,3,"1",.,"A",6,"E","200","D"
"20133",2624804,38,4,"1",.,"A",3,"E","210","D"
"20133",2624804,38,5,"1",.,"A",4,"E","220","D"
"20133",2625934,34,0,"1",2,"D",.,"H",,"A"
"20133",2625934,34,1,"1",.,"A",60,"E","120","D"
"20133",2625934,34,2,"1",.,"A",9,"E","140","D"
"20133",2625934,34,3,"1",.,"A",330,"E","150","D"
"20133",2625934,34,4,"1",.,"A",18,"E","160","D"
"20133",2625934,34,5,"1",.,"A",20,"E","170","D"
"20133",2625934,34,6,"1",.,"A",63,"E","190","D"
"20133",2626014,31,0,"1",1,"D",.,"H",,"A"
"20133",2626014,31,1,"1",.,"A",40,"E","100","D"
"20133",2626014,31,2,"1",.,"A",35,"E","110","D"
"20133",2626154,45,0,"1",1,"D",.,"H",,"A"
"20133",2626154,45,1,"1",.,"A",50,"E","100","D"
"20133",2626154,45,2,"1",.,"A",18,"E","110","D"
"20133",2626154,45,3,"1",.,"A",14,"E","200","D"
"20133",2626154,45,4,"1",.,"A",47,"E","210","D"
"20133",2626154,45,5,"1",.,"A",21,"E","220","D"
"20133",2626694,11,0,"1",1,"D",.,"H",,"A"
"20133",2626694,11,1,"1",.,"A",72,"E","100","D"
"20133",2626694,11,2,"1",.,"A",28,"E","110","D"
"20133",2627105,8,0,"1",1,"D",.,"H",,"A"
"20133",2627105,8,1,"1",.,"A",28,"G","100","D"
"20133",2627105,8,2,"1",.,"A",21,"G","110","D"
"20133",2627105,8,3,"1",.,"A",24,"G","120","D"
"20133",2627105,8,4,"1",.,"A",4,"G","140","D"
"20133",2627105,8,5,"1",.,"A",79,"G","150","D"
"20133",2627105,8,6,"1",.,"A",6,"G","170","D"
"20133",2627105,8,7,"1",.,"A",13,"G","190","D"
"20133",2628154,55,0,"1",1,"D",.,"H",,"A"
"20133",2628154,55,1,"1",.,"A",24,"E","100","D"
"20133",2628154,55,2,"1",.,"A",10,"E","110","D"
"20133",2628154,55,3,"1",.,"A",10,"E","120","D"
"20133",2628154,55,4,"1",.,"A",1,"E","140","D"
"20133",2628154,55,5,"1",.,"A",60,"E","150","D"
"20133",2628154,55,6,"1",.,"A",36,"E","160","D"
"20133",2628154,55,7,"1",.,"A",5,"E","170","D"
"20133",2628154,55,8,"1",.,"A",4,"E","190","D"
"20133",2628804,89,0,"1",1,"D",.,"H",,"A"
"20133",2628804,89,1,"1",.,"A",193,"E","100","D"
"20133",2628804,89,2,"1",.,"A",165,"E","110","D"
"20133",2628804,89,3,"1",.,"A",222,"E","200","D"
"20133",2628804,89,4,"1",.,"A",120,"E","210","D"
"20133",2629635,47,0,"1",5,"D",.,"H",,"A"
"20133",2629635,47,1,"1",.,"A",331,"E","100","D"
"20133",2629635,47,2,"1",.,"A",69,"E","110","D"
"20133",2629814,73,0,"1",1,"D",.,"H",,"A"
"20133",2629814,73,1,"1",.,"A",889,"E","100","D"
"20133",2629814,73,2,"1",.,"A",188,"E","110","D"
"20133",2629814,73,3,"1",.,"A",420,"E","200","D"
"20133",2629814,73,4,"1",.,"A",220,"E","210","D"
"20133",2629814,73,5,"1",.,"A",283,"E","220","D"
"20133",2629924,25,0,"1",1,"D",.,"H",,"A"
"20133",2629924,25,1,"1",.,"A",2,"E","120","D"
"20133",2629924,25,2,"1",.,"A",13,"E","150","D"
"20133",2629924,25,3,"1",.,"A",3,"E","170","D"
"20133",2629924,25,4,"1",.,"A",2,"E","190","D"
"20133",2630854,54,0,"1",2,"D",.,"H",,"A"
"20133",2630854,54,1,"1",.,"A",84,"E","100","D"
"20133",2630854,54,2,"1",.,"A",16,"E","110","D"
"20133",2630854,54,3,"1",.,"A",28,"E","120","D"
"20133",2630854,54,4,"1",.,"A",81,"E","130","D"
"20133",2630854,54,5,"1",.,"A",5,"E","140","D"
"20133",2630854,54,6,"1",.,"A",237,"E","150","D"
"20133",2630854,54,7,"1",.,"A",23,"E","160","D"
"20133",2630854,54,8,"1",.,"A",9,"E","180","D"
"20133",2630854,54,9,"1",.,"A",17,"E","190","D"
"20133",2632094,28,0,"1",1,"D",.,"H",,"A"
"20133",2632094,28,1,"1",.,"A",39,"E","100","D"
"20133",2632094,28,2,"1",.,"A",37,"E","110","D"
"20133",2632094,28,3,"1",.,"A",42,"E","120","D"
"20133",2632094,28,4,"1",.,"A",1,"E","140","D"
"20133",2632094,28,5,"1",.,"A",207,"E","150","D"
"20133",2632094,28,6,"1",.,"A",24,"E","170","D"
"20133",2633164,38,0,"1",1,"D",.,"H",,"A"
"20133",2633164,38,1,"1",.,"A",72,"E","130","D"
"20133",2635764,39,0,"1",3,"D",.,"H",,"A"
"20133",2635764,39,1,"1",.,"A",724,"E","100","D"
"20133",2635764,39,2,"1",.,"A",150,"E","110","D"
"20133",2635764,39,3,"1",.,"A",254,"E","120","D"
"20133",2635764,39,4,"1",.,"A",731,"E","130","D"
"20133",2635764,39,5,"1",.,"A",51,"E","140","D"
"20133",2635764,39,6,"1",.,"A",2138,"E","150","D"
"20133",2635764,39,7,"1",.,"A",212,"E","160","D"
"20133",2635764,39,8,"1",.,"A",81,"E","180","D"
"20133",2635764,39,9,"1",.,"A",159,"E","190","D"
"20133",2636004,26,0,"1",1,"D",.,"H",,"A"
"20133",2636004,26,1,"1",.,"A",60,"E","120","D"
"20133",2636004,26,2,"1",.,"A",220,"E","130","D"
"20133",2636004,26,3,"1",.,"A",5,"E","140","D"
"20133",2636004,26,4,"1",.,"A",185,"E","150","D"
"20133",2636004,26,5,"1",.,"A",12,"E","160","D"
"20133",2636004,26,6,"1",.,"A",18,"E","170","D"
"20133",2636314,24,0,"1",1,"D",.,"H",,"A"
"20133",2636314,24,1,"1",.,"A",134,"E","100","D"
"20133",2636314,24,2,"1",.,"A",70,"E","110","D"
"20133",2636314,24,3,"1",.,"A",70,"E","120","D"
"20133",2636314,24,4,"1",.,"A",9,"E","140","D"
"20133",2636314,24,5,"1",.,"A",397,"E","150","D"
"20133",2636314,24,6,"1",.,"A",242,"E","160","D"
"20133",2636314,24,7,"1",.,"A",36,"E","170","D"
"20133",2636314,24,8,"1",.,"A",32,"E","190","D"
"20133",2639394,35,0,"1",2,"D",.,"H",,"A"
"20133",2639394,35,1,"1",.,"A",207,"E","100","D"
"20133",2639394,35,2,"1",.,"A",49,"E","110","D"
"20133",2639394,35,3,"1",.,"A",73,"E","120","D"
"20133",2639394,35,4,"1",.,"A",211,"E","130","D"
"20133",2639394,35,5,"1",.,"A",14,"E","140","D"
"20133",2639394,35,6,"1",.,"A",617,"E","150","D"
"20133",2639394,35,7,"1",.,"A",61,"E","160","D"
"20133",2639394,35,8,"1",.,"A",23,"E","180","D"
"20133",2639394,35,9,"1",.,"A",45,"E","190","D"
"20133",2639684,43,0,"1",1,"D",.,"H",,"A"
"20133",2639684,43,1,"1",.,"A",18,"E","100","D"
"20133",2639684,43,2,"1",.,"A",16,"E","110","D"
"20133",2639684,43,3,"1",.,"A",20,"E","120","D"
"20133",2639684,43,4,"1",.,"A",98,"E","150","D"
"20133",2639684,43,5,"1",.,"A",16,"E","170","D"
"20133",2639684,43,6,"1",.,"A",21,"E","200","D"
"20133",2639684,43,7,"1",.,"A",11,"E","210","D"
"20133",2641154,28,0,"1",2,"D",.,"H",,"A"
"20133",2641154,28,1,"1",.,"A",223,"E","100","D"
"20133",2641154,28,2,"1",.,"A",46,"E","110","D"
"20133",2641154,28,3,"1",.,"A",84,"E","120","D"
"20133",2641154,28,4,"1",.,"A",227,"E","130","D"
"20133",2641154,28,5,"1",.,"A",15,"E","140","D"
"20133",2641154,28,6,"1",.,"A",665,"E","150","D"
"20133",2641154,28,7,"1",.,"A",66,"E","160","D"
"20133",2641154,28,8,"1",.,"A",25,"E","180","D"
"20133",2641154,28,9,"1",.,"A",49,"E","190","D"
"20133",2641634,86,0,"1",1,"D",.,"H",,"A"
"20133",2641634,86,1,"1",.,"A",205,"E","200","D"
"20133",2641634,86,2,"1",.,"A",107,"E","210","D"
"20133",2641634,86,3,"1",.,"A",138,"E","220","D"
"20133",2642724,47,0,"1",1,"D",.,"H",,"A"
"20133",2642724,47,1,"1",.,"A",82,"E","100","D"
"20133",2642724,47,2,"1",.,"A",18,"E","110","D"
"20133",2644444,37,0,"1",1,"D",.,"H",,"A"
"20133",2644444,37,1,"1",.,"A",114,"E","100","D"
"20133",2644444,37,2,"1",.,"A",86,"E","110","D"
"20133",2644444,37,3,"1",.,"A",84,"E","120","D"
"20133",2644444,37,4,"1",.,"A",216,"E","130","D"
"20133",2644444,37,5,"1",.,"A",17,"E","140","D"
"20133",2644444,37,6,"1",.,"A",316,"E","150","D"
"20133",2644444,37,7,"1",.,"A",25,"E","170","D"
"20133",2644444,37,8,"1",.,"A",51,"E","190","D"
"20133",2644444,37,9,"1",.,"A",53,"E","200","D"
"20133",2644444,37,10,"1",.,"A",63,"E","210","D"
"20133",2645064,15,0,"1",1,"D",.,"H",,"A"
"20133",2645064,15,1,"1",.,"A",51,"E","100","D"
"20133",2645064,15,2,"1",.,"A",43,"E","110","D"
"20133",2645064,15,3,"1",.,"A",101,"E","130","D"
"20133",2645154,64,0,"1",1,"D",.,"H",,"A"
"20133",2645154,64,1,"1",.,"A",76,"E","100","D"
"20133",2645154,64,2,"1",.,"A",15,"E","110","D"
"20133",2645154,64,3,"1",.,"A",31,"E","120","D"
"20133",2645154,64,4,"1",.,"A",5,"E","140","D"
"20133",2645154,64,5,"1",.,"A",227,"E","150","D"
"20133",2645154,64,6,"1",.,"A",22,"E","160","D"
"20133",2645154,64,7,"1",.,"A",8,"E","180","D"
"20133",2645154,64,8,"1",.,"A",16,"E","190","D"
"20133",2646694,36,0,"1",2,"D",.,"H",,"A"
"20133",2646694,36,1,"1",.,"A",110,"E","100","D"
"20133",2646694,36,2,"1",.,"A",64,"E","110","D"
"20133",2646694,36,3,"1",.,"A",74,"E","200","D"
"20133",2646694,36,4,"1",.,"A",82,"E","210","D"
"20133",2646694,36,5,"1",.,"A",120,"E","220","D"
"20133",2647293,25,0,"1",4,"D",.,"H",,"A"
"20133",2647293,25,1,"1",.,"A",130,"E","100","D"
"20133",2647293,25,2,"1",.,"A",94,"E","110","D"
"20133",2647293,25,3,"1",.,"A",92,"E","120","D"
"20133",2647293,25,4,"1",.,"A",236,"E","130","D"
"20133",2647293,25,5,"1",.,"A",19,"E","140","D"
"20133",2647293,25,6,"1",.,"A",346,"E","150","D"
"20133",2647293,25,7,"1",.,"A",27,"E","170","D"
"20133",2647293,25,8,"1",.,"A",56,"E","190","D"
"20133",2647743,87,0,"1",1,"D",.,"H",,"A"
"20133",2647743,87,1,"1",.,"A",38,"E","100","D"
"20133",2647743,87,2,"1",.,"A",7,"E","110","D"
"20133",2647743,87,3,"1",.,"A",13,"E","120","D"
"20133",2647743,87,4,"1",.,"A",2,"E","140","D"
"20133",2647743,87,5,"1",.,"A",117,"E","150","D"
"20133",2647743,87,6,"1",.,"A",11,"E","160","D"
"20133",2647743,87,7,"1",.,"A",4,"E","180","D"
"20133",2647743,87,8,"1",.,"A",8,"E","190","D"
"20133",2647993,51,0,"1",1,"D",.,"H",,"A"
"20133",2647993,51,1,"1",.,"A",47,"E","100","D"
"20133",2647993,51,2,"1",.,"A",9,"E","110","D"
"20133",2647993,51,3,"1",.,"A",21,"E","120","D"
"20133",2647993,51,4,"1",.,"A",3,"E","140","D"
"20133",2647993,51,5,"1",.,"A",141,"E","150","D"
"20133",2647993,51,6,"1",.,"A",14,"E","160","D"
"20133",2647993,51,7,"1",.,"A",5,"E","180","D"
"20133",2647993,51,8,"1",.,"A",10,"E","190","D"
"20133",2648133,7,0,"1",1,"D",.,"H",,"A"
"20133",2648133,7,1,"1",.,"A",29,"E","100","D"
"20133",2648133,7,2,"1",.,"A",21,"E","110","D"
"20133",2649163,41,0,"1",1,"D",.,"H",,"A"
"20133",2649163,41,1,"1",.,"A",303,"E","100","D"
"20133",2649163,41,2,"1",.,"A",63,"E","110","D"
"20133",2649163,41,3,"1",.,"A",111,"E","120","D"
"20133",2649163,41,4,"1",.,"A",309,"E","130","D"
"20133",2649163,41,5,"1",.,"A",21,"E","140","D"
"20133",2649163,41,6,"1",.,"A",903,"E","150","D"
"20133",2649163,41,7,"1",.,"A",89,"E","160","D"
"20133",2649163,41,8,"1",.,"A",34,"E","180","D"
"20133",2649163,41,9,"1",.,"A",67,"E","190","D"
"20133",2649393,23,0,"1",1,"D",.,"H",,"A"
"20133",2649393,23,1,"1",.,"A",75,"E","100","D"
"20133",2649393,23,2,"1",.,"A",15,"E","110","D"
"20133",2649463,32,0,"1",1,"D",.,"H",,"A"
"20133",2649463,32,1,"1",.,"A",45,"E","100","D"
"20133",2649463,32,2,"1",.,"A",24,"E","110","D"
"20133",2649463,32,3,"1",.,"A",26,"E","120","D"
"20133",2649463,32,4,"1",.,"A",3,"E","140","D"
"20133",2649463,32,5,"1",.,"A",136,"E","150","D"
"20133",2649463,32,6,"1",.,"A",83,"E","160","D"
"20133",2649463,32,7,"1",.,"A",12,"E","170","D"
"20133",2649463,32,8,"1",.,"A",11,"E","190","D"
"20133",2649743,37,0,"1",1,"D",.,"H",,"A"
"20133",2649743,37,1,"1",.,"A",163,"E","100","D"
"20133",2649743,37,2,"1",.,"A",33,"E","110","D"
"20133",2649743,37,3,"1",.,"A",56,"E","120","D"
"20133",2649743,37,4,"1",.,"A",162,"E","130","D"
"20133",2649743,37,5,"1",.,"A",11,"E","140","D"
"20133",2649743,37,6,"1",.,"A",475,"E","150","D"
"20133",2649743,37,7,"1",.,"A",47,"E","160","D"
"20133",2649743,37,8,"1",.,"A",18,"E","180","D"
"20133",2649743,37,9,"1",.,"A",35,"E","190","D"
"20133",2650313,34,0,"1",1,"D",.,"H",,"A"
"20133",2650313,34,1,"1",.,"A",44,"E","120","D"
"20133",2650313,34,2,"1",.,"A",154,"E","130","D"
"20133",2650313,34,3,"1",.,"A",3,"E","140","D"
"20133",2650313,34,4,"1",.,"A",129,"E","150","D"
"20133",2650313,34,5,"1",.,"A",8,"E","160","D"
"20133",2650313,34,6,"1",.,"A",12,"E","170","D"
"20133",2651073,20,0,"1",2,"D",.,"H",,"A"
"20133",2651073,20,1,"1",.,"A",57,"E","100","D"
"20133",2651073,20,2,"1",.,"A",16,"E","110","D"
"20133",2651073,20,3,"1",.,"A",48,"E","120","D"
"20133",2651073,20,4,"1",.,"A",129,"E","150","D"
"20133",2651193,34,0,"1",1,"D",.,"H",,"A"
"20133",2651193,34,1,"1",.,"A",16,"E","100","D"
"20133",2651193,34,2,"1",.,"A",9,"E","110","D"
"20133",2651203,56,0,"1",3,"D",.,"H",,"A"
"20133",2651203,56,1,"1",.,"A",127,"G","100","D"
"20133",2651203,56,2,"1",.,"A",26,"G","110","D"
"20133",2651203,56,3,"1",.,"A",45,"G","120","D"
"20133",2651203,56,4,"1",.,"A",9,"G","140","D"
"20133",2651203,56,5,"1",.,"A",378,"G","150","D"
"20133",2651203,56,6,"1",.,"A",37,"G","160","D"
"20133",2651203,56,7,"1",.,"A",14,"G","180","D"
"20133",2651203,56,8,"1",.,"A",28,"G","190","D"
"20133",2651203,56,9,"1",.,"A",60,"G","200","D"
"20133",2651203,56,10,"1",.,"A",36,"G","210","D"
"20133",2651203,56,11,"1",.,"A",40,"G","220","D"
"20133",2651623,34,0,"1",1,"D",.,"H",,"A"
"20133",2651623,34,1,"1",.,"A",50,"E","100","D"
"20133",2651623,34,2,"1",.,"A",10,"E","110","D"
"20133",2652103,20,0,"1",2,"D",.,"H",,"A"
"20133",2652103,20,1,"1",.,"A",99,"E","100","D"
"20133",2652103,20,2,"1",.,"A",58,"E","110","D"
"20133",2652103,20,3,"1",.,"A",53,"E","120","D"
"20133",2652103,20,4,"1",.,"A",6,"E","140","D"
"20133",2652103,20,5,"1",.,"A",300,"E","150","D"
"20133",2652103,20,6,"1",.,"A",183,"E","160","D"
"20133",2652103,20,7,"1",.,"A",27,"E","170","D"
"20133",2652103,20,8,"1",.,"A",24,"E","190","D"
"20133",2652123,37,0,"1",2,"D",.,"H",,"A"
"20133",2652123,37,1,"1",.,"A",79,"E","100","D"
"20133",2652123,37,2,"1",.,"A",42,"E","110","D"
"20133",2652123,37,3,"1",.,"A",42,"E","120","D"
"20133",2652123,37,4,"1",.,"A",5,"E","140","D"
"20133",2652123,37,5,"1",.,"A",240,"E","150","D"
"20133",2652123,37,6,"1",.,"A",147,"E","160","D"
"20133",2652123,37,7,"1",.,"A",22,"E","170","D"
"20133",2652123,37,8,"1",.,"A",23,"E","190","D"
"20133",2652193,45,0,"1",1,"D",.,"H",,"A"
"20133",2652193,45,1,"1",.,"A",324,"E","100","D"
"20133",2652193,45,2,"1",.,"A",66,"E","110","D"
"20133",2652193,45,3,"1",.,"A",113,"E","120","D"
"20133",2652193,45,4,"1",.,"A",325,"E","130","D"
"20133",2652193,45,5,"1",.,"A",22,"E","140","D"
"20133",2652193,45,6,"1",.,"A",950,"E","150","D"
"20133",2652193,45,7,"1",.,"A",94,"E","160","D"
"20133",2652193,45,8,"1",.,"A",36,"E","180","D"
"20133",2652193,45,9,"1",.,"A",70,"E","190","D"
"20133",2653333,25,0,"1",1,"D",.,"H",,"A"
"20133",2653333,25,1,"1",.,"A",93,"E","100","D"
"20133",2653333,25,2,"1",.,"A",34,"E","110","D"
"20133",2653333,25,3,"1",.,"A",67,"E","120","D"
"20133",2653333,25,4,"1",.,"A",253,"E","130","D"
"20133",2653333,25,5,"1",.,"A",5,"E","140","D"
"20133",2653333,25,6,"1",.,"A",213,"E","150","D"
"20133",2653333,25,7,"1",.,"A",14,"E","160","D"
"20133",2653333,25,8,"1",.,"A",21,"E","170","D"
"20133",2654913,53,0,"1",5,"D",.,"H",,"A"
"20133",2654913,53,1,"1",.,"A",9,"E","120","D"
"20133",2654913,53,2,"1",.,"A",1,"E","140","D"
"20133",2654913,53,3,"1",.,"A",51,"E","150","D"
"20133",2654913,53,4,"1",.,"A",5,"E","160","D"
"20133",2654913,53,5,"1",.,"A",1,"E","180","D"
"20133",2654913,53,6,"1",.,"A",3,"E","190","D"
"20133",2656923,62,0,"1",1,"D",.,"H",,"A"
"20133",2656923,62,1,"1",.,"A",19,"E","100","D"
"20133",2656923,62,2,"1",.,"A",2,"E","110","D"
"20133",2656923,62,3,"1",.,"A",4,"E","120","D"
"20133",2656923,62,4,"1",.,"A",39,"E","150","D"
"20133",2656923,62,5,"1",.,"A",3,"E","160","D"
"20133",2656923,62,6,"1",.,"A",1,"E","180","D"
"20133",2656923,62,7,"1",.,"A",2,"E","190","D"
"20133",2657693,18,0,"1",1,"D",.,"H",,"A"
"20133",2657693,18,1,"1",.,"A",38,"E","100","D"
"20133",2657693,18,2,"1",.,"A",11,"E","110","D"
"20133",2657693,18,3,"1",.,"A",32,"E","120","D"
"20133",2657693,18,4,"1",.,"A",90,"E","130","D"
"20133",2657693,18,5,"1",.,"A",89,"E","150","D"
"20133",2658363,59,0,"1",1,"D",.,"H",,"A"
"20133",2658363,59,1,"1",.,"A",375,"E","100","D"
"20133",2658363,59,2,"1",.,"A",82,"E","110","D"
"20133",2658363,59,3,"1",.,"A",132,"E","120","D"
"20133",2658363,59,4,"1",.,"A",381,"E","130","D"
"20133",2658363,59,5,"1",.,"A",26,"E","140","D"
"20133",2658363,59,6,"1",.,"A",1115,"E","150","D"
"20133",2658363,59,7,"1",.,"A",111,"E","160","D"
"20133",2658363,59,8,"1",.,"A",42,"E","180","D"
"20133",2658363,59,9,"1",.,"A",83,"E","190","D"
"20133",2658413,40,0,"1",1,"D",.,"H",,"A"
"20133",2658413,40,1,"1",.,"A",15,"E","120","D"
"20133",2658413,40,2,"1",.,"A",1,"E","140","D"
"20133",2658413,40,3,"1",.,"A",39,"E","150","D"
"20133",2658413,40,4,"1",.,"A",2,"E","160","D"
"20133",2658413,40,5,"1",.,"A",3,"E","170","D"
"20133",2658713,19,0,"1",1,"D",.,"H",,"A"
"20133",2658713,19,1,"1",.,"A",86,"E","100","D"
"20133",2658713,19,2,"1",.,"A",64,"E","110","D"
"20133",2659023,70,0,"1",1,"D",.,"H",,"A"
"20133",2659023,70,1,"1",.,"A",38,"E","100","D"
"20133",2659023,70,2,"1",.,"A",7,"E","110","D"
"20133",2659023,70,3,"1",.,"A",13,"E","120","D"
"20133",2659023,70,4,"1",.,"A",2,"E","140","D"
"20133",2659023,70,5,"1",.,"A",117,"E","150","D"
"20133",2659023,70,6,"1",.,"A",11,"E","160","D"
"20133",2659023,70,7,"1",.,"A",4,"E","180","D"
"20133",2659023,70,8,"1",.,"A",8,"E","190","D"
"20133",2661063,26,0,"1",2,"D",.,"H",,"A"
"20133",2661063,26,1,"1",.,"A",56,"E","100","D"
"20133",2661063,26,2,"1",.,"A",20,"E","110","D"
"20133",2661063,26,3,"1",.,"A",40,"E","120","D"
"20133",2661063,26,4,"1",.,"A",3,"E","140","D"
"20133",2661063,26,5,"1",.,"A",126,"E","150","D"
"20133",2661063,26,6,"1",.,"A",8,"E","160","D"
"20133",2661063,26,7,"1",.,"A",12,"E","170","D"
"20133",2661863,32,0,"1",1,"D",.,"H",,"A"
"20133",2661863,32,1,"1",.,"A",324,"E","100","D"
"20133",2661863,32,2,"1",.,"A",67,"E","110","D"
"20133",2661863,32,3,"1",.,"A",114,"E","120","D"
"20133",2661863,32,4,"1",.,"A",23,"E","140","D"
"20133",2661863,32,5,"1",.,"A",964,"E","150","D"
"20133",2661863,32,6,"1",.,"A",101,"E","160","D"
"20133",2661863,32,7,"1",.,"A",36,"E","180","D"
"20133",2661863,32,8,"1",.,"A",71,"E","190","D"
"20133",2663624,55,0,"1",1,"D",.,"H",,"A"
"20133",2663624,55,1,"1",.,"A",33,"E","100","D"
"20133",2663624,55,2,"1",.,"A",19,"E","110","D"
"20133",2663624,55,3,"1",.,"A",28,"E","120","D"
"20133",2663624,55,4,"1",.,"A",4,"E","140","D"
"20133",2663624,55,5,"1",.,"A",166,"E","150","D"
"20133",2663624,55,6,"1",.,"A",9,"E","160","D"
"20133",2663624,55,7,"1",.,"A",10,"E","170","D"
"20133",2663624,55,8,"1",.,"A",31,"E","190","D"
"20133",2665113,23,0,"1",1,"D",.,"H",,"A"
"20133",2665113,23,1,"1",.,"A",187,"E","100","D"
"20133",2665113,23,2,"1",.,"A",159,"E","110","D"
"20133",2665113,23,3,"1",.,"A",199,"E","120","D"
"20133",2665113,23,4,"1",.,"A",373,"E","130","D"
"20133",2665113,23,5,"1",.,"A",7,"E","140","D"
"20133",2665113,23,6,"1",.,"A",962,"E","150","D"
"20133",2665113,23,7,"1",.,"A",113,"E","170","D"
"20133",2665403,51,0,"1",2,"D",.,"H",,"A"
"20133",2665403,51,1,"1",.,"A",73,"E","200","D"
"20133",2665403,51,2,"1",.,"A",27,"E","210","D"
"20133",2665613,26,0,"1",1,"D",.,"H",,"A"
"20133",2665613,26,1,"1",.,"A",140,"E","130","D"
"20133",2665893,31,0,"1",1,"D",.,"H",,"A"
"20133",2665893,31,1,"1",.,"A",106,"E","100","D"
"20133",2665893,31,2,"1",.,"A",56,"E","110","D"
"20133",2665893,31,3,"1",.,"A",60,"E","120","D"
"20133",2665893,31,4,"1",.,"A",7,"E","140","D"
"20133",2665893,31,5,"1",.,"A",320,"E","150","D"
"20133",2665893,31,6,"1",.,"A",196,"E","160","D"
"20133",2665893,31,7,"1",.,"A",29,"E","170","D"
"20133",2665893,31,8,"1",.,"A",26,"E","190","D"
"20133",2666363,44,0,"1",1,"D",.,"H",,"A"
"20133",2666363,44,1,"1",.,"A",39,"E","100","D"
"20133",2666363,44,2,"1",.,"A",21,"E","110","D"
"20133",2667293,34,0,"1",1,"D",.,"H",,"A"
"20133",2667293,34,1,"1",.,"A",73,"E","200","D"
"20133",2667293,34,2,"1",.,"A",27,"E","210","D"
"20133",2667523,51,0,"1",1,"D",.,"H",,"A"
"20133",2667523,51,1,"1",.,"A",863,"E","100","D"
"20133",2667523,51,2,"1",.,"A",180,"E","110","D"
"20133",2667523,51,3,"1",.,"A",305,"E","120","D"
"20133",2667523,51,4,"1",.,"A",882,"E","130","D"
"20133",2667523,51,5,"1",.,"A",61,"E","140","D"
"20133",2667523,51,6,"1",.,"A",2566,"E","150","D"
"20133",2667523,51,7,"1",.,"A",255,"E","160","D"
"20133",2667523,51,8,"1",.,"A",97,"E","180","D"
"20133",2667523,51,9,"1",.,"A",191,"E","190","D"
"20133",2667833,13,0,"1",1,"D",.,"H",,"A"
"20133",2667833,13,1,"1",.,"A",82,"E","100","D"
"20133",2667833,13,2,"1",.,"A",32,"E","110","D"
"20133",2667833,13,3,"1",.,"A",63,"E","120","D"
"20133",2667833,13,4,"1",.,"A",237,"E","130","D"
"20133",2667833,13,5,"1",.,"A",5,"E","140","D"
"20133",2667833,13,6,"1",.,"A",199,"E","150","D"
"20133",2667833,13,7,"1",.,"A",13,"E","160","D"
"20133",2667833,13,8,"1",.,"A",19,"E","170","D"
"20133",2667833,13,9,"1",.,"A",31,"E","200","D"
"20133",2667833,13,10,"1",.,"A",83,"E","210","D"
"20133",2667833,13,11,"1",.,"A",36,"E","220","D"
"20133",2668673,34,0,"1",1,"D",.,"H",,"A"
"20133",2668673,34,1,"1",.,"A",36,"E","100","D"
"20133",2668673,34,2,"1",.,"A",14,"E","110","D"
"20133",2673543,42,0,"1",1,"D",.,"H",,"A"
"20133",2673543,42,1,"1",.,"A",53,"E","100","D"
"20133",2673543,42,2,"1",.,"A",21,"E","110","D"
"20133",2673543,42,3,"1",.,"A",44,"E","120","D"
"20133",2673543,42,4,"1",.,"A",3,"E","140","D"
"20133",2673543,42,5,"1",.,"A",129,"E","150","D"
"20133",2673543,42,6,"1",.,"A",8,"E","160","D"
"20133",2673543,42,7,"1",.,"A",12,"E","170","D"
"20133",2675203,30,0,"1",1,"D",.,"H",,"A"
"20133",2675203,30,1,"1",.,"A",158,"E","100","D"
"20133",2675203,30,2,"1",.,"A",45,"E","110","D"
"20133",2675203,30,3,"1",.,"A",134,"E","120","D"
"20133",2675203,30,4,"1",.,"A",363,"E","150","D"
"20133",2675473,27,0,"1",1,"D",.,"H",,"A"
"20133",2675473,27,1,"1",.,"A",237,"E","100","D"
"20133",2675473,27,2,"1",.,"A",126,"E","110","D"
"20133",2675473,27,3,"1",.,"A",126,"E","120","D"
"20133",2675473,27,4,"1",.,"A",420,"E","130","D"
"20133",2675473,27,5,"1",.,"A",16,"E","140","D"
"20133",2675473,27,6,"1",.,"A",715,"E","150","D"
"20133",2675473,27,7,"1",.,"A",437,"E","160","D"
"20133",2675473,27,8,"1",.,"A",65,"E","170","D"
"20133",2675473,27,9,"1",.,"A",58,"E","190","D"
"20133",2675643,53,0,"1",2,"D",.,"H",,"A"
"20133",2675643,53,1,"1",.,"A",59,"E","100","D"
"20133",2675643,53,2,"1",.,"A",31,"E","110","D"
"20133",2675643,53,3,"1",.,"A",37,"E","120","D"
"20133",2675643,53,4,"1",.,"A",4,"E","140","D"
"20133",2675643,53,5,"1",.,"A",179,"E","150","D"
"20133",2675643,53,6,"1",.,"A",109,"E","160","D"
"20133",2675643,53,7,"1",.,"A",16,"E","170","D"
"20133",2675643,53,8,"1",.,"A",14,"E","190","D"
"20133",2675643,53,9,"1",.,"A",37,"E","200","D"
"20133",2675643,53,10,"1",.,"A",14,"E","210","D"
"20133",2675923,40,0,"1",12,"D",.,"H",,"A"
"20133",2675923,40,1,"1",.,"A",183,"E","100","D"
"20133",2675923,40,2,"1",.,"A",97,"E","110","D"
"20133",2675953,17,0,"1",1,"D",.,"H",,"A"
"20133",2675953,17,1,"1",.,"A",216,"E","100","D"
"20133",2675953,17,2,"1",.,"A",184,"E","110","D"
"20133",2678793,35,0,"1",1,"D",.,"H",,"A"
"20133",2678793,35,1,"1",.,"A",17,"E","100","D"
"20133",2678793,35,2,"1",.,"A",5,"E","110","D"
"20133",2678793,35,3,"1",.,"A",15,"E","120","D"
"20133",2678793,35,4,"1",.,"A",43,"E","150","D"
"20133",2678903,49,0,"1",1,"D",.,"H",,"A"
"20133",2678903,49,1,"1",.,"A",2,"E","100","D"
"20133",2679153,38,0,"1",1,"D",.,"H",,"A"
"20133",2679153,38,1,"1",.,"A",26,"E","100","D"
"20133",2679153,38,2,"1",.,"A",14,"E","110","D"
"20133",2679263,22,0,"1",2,"D",.,"H",,"A"
"20133",2679263,22,1,"1",.,"A",64,"E","100","D"
"20133",2679263,22,2,"1",.,"A",55,"E","110","D"
"20133",2679263,22,3,"1",.,"A",69,"E","120","D"
"20133",2679263,22,4,"1",.,"A",130,"E","130","D"
"20133",2679263,22,5,"1",.,"A",2,"E","140","D"
"20133",2679263,22,6,"1",.,"A",341,"E","150","D"
"20133",2679263,22,7,"1",.,"A",39,"E","170","D"
"20133",2679903,25,0,"1",1,"D",.,"H",,"A"
"20133",2679903,25,1,"1",.,"A",24,"E","100","D"
"20133",2679903,25,2,"1",.,"A",9,"E","110","D"
"20133",2679903,25,3,"1",.,"A",67,"E","130","D"
"20133",2681492,18,0,"1",1,"D",.,"H",,"A"
"20133",2681492,18,1,"1",.,"A",32,"E","100","D"
"20133",2681492,18,2,"1",.,"A",19,"E","110","D"
"20133",2681492,18,3,"1",.,"A",27,"E","120","D"
"20133",2681492,18,4,"1",.,"A",91,"E","130","D"
"20133",2681492,18,5,"1",.,"A",4,"E","140","D"
"20133",2681492,18,6,"1",.,"A",159,"E","150","D"
"20133",2681492,18,7,"1",.,"A",9,"E","160","D"
"20133",2681492,18,8,"1",.,"A",9,"E","170","D"
"20133",2681492,18,9,"1",.,"A",30,"E","190","D"
"20133",2682982,29,0,"1",2,"D",.,"H",,"A"
"20133",2682982,29,1,"1",.,"A",3,"E","200","D"
"20133",2682982,29,2,"1",.,"A",11,"E","210","D"
"20133",2682982,29,3,"1",.,"A",6,"E","220","D"
"20133",2683222,35,0,"1",1,"D",.,"H",,"A"
"20133",2683222,35,1,"1",.,"A",449,"E","100","D"
"20133",2683222,35,2,"1",.,"A",95,"E","110","D"
"20133",2683222,35,3,"1",.,"A",456,"E","130","D"
"20133",2683592,19,0,"1",1,"D",.,"H",,"A"
"20133",2683592,19,1,"1",.,"A",165,"E","100","D"
"20133",2683592,19,2,"1",.,"A",35,"E","110","D"
"20133",2685252,27,0,"1",1,"D",.,"H",,"A"
"20133",2685252,27,1,"1",.,"A",37,"E","200","D"
"20133",2685252,27,2,"1",.,"A",13,"E","210","D"
"20133",2686202,20,0,"1",1,"D",.,"H",,"A"
"20133",2686202,20,1,"1",.,"A",10,"E","200","D"
"20133",2686202,20,2,"1",.,"A",12,"E","210","D"
"20133",2686202,20,3,"1",.,"A",18,"E","220","D"
"20133",2686742,28,0,"1",1,"D",.,"H",,"A"
"20133",2686742,28,1,"1",.,"A",267,"E","100","D"
"20133",2686742,28,2,"1",.,"A",77,"E","110","D"
"20133",2686742,28,3,"1",.,"A",228,"E","120","D"
"20133",2686742,28,4,"1",.,"A",612,"E","130","D"
"20133",2686742,28,5,"1",.,"A",616,"E","150","D"
"20133",2687722,46,0,"1",2,"D",.,"H",,"A"
"20133",2687722,46,1,"1",.,"A",97,"E","100","D"
"20133",2687722,46,2,"1",.,"A",51,"E","110","D"
"20133",2687722,46,3,"1",.,"A",51,"E","120","D"
"20133",2687722,46,4,"1",.,"A",169,"E","130","D"
"20133",2687722,46,5,"1",.,"A",6,"E","140","D"
"20133",2687722,46,6,"1",.,"A",292,"E","150","D"
"20133",2687722,46,7,"1",.,"A",178,"E","160","D"
"20133",2687722,46,8,"1",.,"A",26,"E","170","D"
"20133",2687722,46,9,"1",.,"A",30,"E","190","D"
"20133",2687852,21,0,"1",1,"D",.,"H",,"A"
"20133",2687852,21,1,"1",.,"A",233,"E","100","D"
"20133",2687852,21,2,"1",.,"A",67,"E","110","D"
"20133",2688372,55,0,"1",4,"D",.,"H",,"A"
"20133",2688372,55,1,"1",.,"A",182,"E","200","D"
"20133",2688372,55,2,"1",.,"A",95,"E","210","D"
"20133",2688372,55,3,"1",.,"A",123,"E","220","D"
"20133",2688912,36,0,"1",1,"D",.,"H",,"A"
"20133",2688912,36,1,"1",.,"A",53,"E","100","D"
"20133",2688912,36,2,"1",.,"A",19,"E","110","D"
"20133",2688912,36,3,"1",.,"A",38,"E","120","D"
"20133",2688912,36,4,"1",.,"A",145,"E","130","D"
"20133",2688912,36,5,"1",.,"A",3,"E","140","D"
"20133",2688912,36,6,"1",.,"A",122,"E","150","D"
"20133",2688912,36,7,"1",.,"A",8,"E","160","D"
"20133",2688912,36,8,"1",.,"A",12,"E","170","D"
"20133",2689052,44,0,"1",4,"D",.,"H",,"A"
"20133",2689052,44,1,"1",.,"A",237,"E","200","D"
"20133",2689052,44,2,"1",.,"A",93,"E","210","D"
"20133",2689652,50,0,"1",1,"D",.,"H",,"A"
"20133",2689652,50,1,"1",.,"A",74,"E","100","D"
"20133",2689652,50,2,"1",.,"A",38,"E","110","D"
"20133",2689652,50,3,"1",.,"A",46,"E","200","D"
"20133",2689652,50,4,"1",.,"A",17,"E","210","D"
"20133",2690232,35,0,"1",4,"D",.,"H",,"A"
"20133",2690232,35,1,"1",.,"A",58,"E","100","D"
"20133",2690232,35,2,"1",.,"A",12,"E","110","D"
"20133",2690232,35,3,"1",.,"A",23,"E","120","D"
"20133",2690232,35,4,"1",.,"A",4,"E","140","D"
"20133",2690232,35,5,"1",.,"A",172,"E","150","D"
"20133",2690232,35,6,"1",.,"A",17,"E","160","D"
"20133",2690232,35,7,"1",.,"A",6,"E","180","D"
"20133",2690232,35,8,"1",.,"A",12,"E","190","D"
"20133",2690592,21,0,"1",1,"D",.,"H",,"A"
"20133",2690592,21,1,"1",.,"A",643,"E","100","D"
"20133",2690592,21,2,"1",.,"A",133,"E","110","D"
"20133",2690592,21,3,"1",.,"A",226,"E","120","D"
"20133",2690592,21,4,"1",.,"A",650,"E","130","D"
"20133",2690592,21,5,"1",.,"A",45,"E","140","D"
"20133",2690592,21,6,"1",.,"A",1901,"E","150","D"
"20133",2690592,21,7,"1",.,"A",189,"E","160","D"
"20133",2690592,21,8,"1",.,"A",72,"E","180","D"
"20133",2690592,21,9,"1",.,"A",141,"E","190","D"
"20133",2692232,22,0,"1",1,"D",.,"H",,"A"
"20133",2692232,22,1,"1",.,"A",108,"E","100","D"
"20133",2692232,22,2,"1",.,"A",92,"E","110","D"
"20133",2692322,33,0,"1",2,"D",.,"H",,"A"
"20133",2692322,33,1,"1",.,"A",113,"E","100","D"
"20133",2692322,33,2,"1",.,"A",57,"E","110","D"
"20133",2692322,33,3,"1",.,"A",57,"E","120","D"
"20133",2692322,33,4,"1",.,"A",188,"E","130","D"
"20133",2692322,33,5,"1",.,"A",7,"E","140","D"
"20133",2692322,33,6,"1",.,"A",325,"E","150","D"
"20133",2692322,33,7,"1",.,"A",198,"E","160","D"
"20133",2692322,33,8,"1",.,"A",29,"E","170","D"
"20133",2692322,33,9,"1",.,"A",26,"E","190","D"
"20133",2692342,33,0,"1",1,"D",.,"H",,"A"
"20133",2692342,33,1,"1",.,"A",200,"E","130","D"
"20133",2693092,48,0,"1",1,"D",.,"H",,"A"
"20133",2693092,48,1,"1",.,"A",28,"E","100","D"
"20133",2693092,48,2,"1",.,"A",10,"E","110","D"
"20133",2694592,34,0,"1",2,"D",.,"H",,"A"
"20133",2694592,34,1,"1",.,"A",6,"E","100","D"
"20133",2694592,34,2,"1",.,"A",4,"E","110","D"
"20133",2694732,41,0,"1",1,"D",.,"H",,"A"
"20133",2694732,41,1,"1",.,"A",39,"E","100","D"
"20133",2694732,41,2,"1",.,"A",21,"E","110","D"
"20133",2695272,59,0,"1",2,"D",.,"H",,"A"
"20133",2695272,59,1,"1",.,"A",26,"E","100","D"
"20133",2695272,59,2,"1",.,"A",14,"E","110","D"
"20133",2696002,57,0,"1",1,"D",.,"H",,"A"
"20133",2696002,57,1,"1",.,"A",49,"E","100","D"
"20133",2696002,57,2,"1",.,"A",41,"E","110","D"
"20133",2696142,48,0,"1",1,"D",.,"H",,"A"
"20133",2696142,48,1,"1",.,"A",4,"E","210","D"
"20133",2696142,48,2,"1",.,"A",1,"E","220","D"
"20133",2697832,14,0,"1",1,"D",.,"H",,"A"
"20133",2697832,14,1,"1",.,"A",22,"E","100","D"
"20133",2697832,14,2,"1",.,"A",18,"E","110","D"
"20133",2698032,16,0,"1",3,"D",.,"H",,"A"
"20133",2698032,16,1,"1",.,"A",38,"E","100","D"
"20133",2698032,16,2,"1",.,"A",22,"E","110","D"
"20133",2698412,22,0,"1",1,"D",.,"H",,"A"
"20133",2698412,22,1,"1",.,"A",189,"E","100","D"
"20133",2698412,22,2,"1",.,"A",79,"E","110","D"
"20133",2698412,22,3,"1",.,"A",144,"E","120","D"
"20133",2698412,22,4,"1",.,"A",544,"E","130","D"
"20133",2698412,22,5,"1",.,"A",12,"E","140","D"
"20133",2698412,22,6,"1",.,"A",457,"E","150","D"
"20133",2698412,22,7,"1",.,"A",30,"E","160","D"
"20133",2698412,22,8,"1",.,"A",45,"E","170","D"
"20133",2699672,31,0,"1",1,"D",.,"H",,"A"
"20133",2699672,31,1,"1",.,"A",361,"E","200","D"
"20133",2699672,31,2,"1",.,"A",139,"E","210","D"
"20133",2700072,21,0,"1",5,"D",.,"H",,"A"
"20133",2700072,21,1,"1",.,"A",18,"E","100","D"
"20133",2700072,21,2,"1",.,"A",12,"E","110","D"
"20133",2700412,51,0,"1",1,"D",.,"H",,"A"
"20133",2700412,51,1,"1",.,"A",37,"E","200","D"
"20133",2700412,51,2,"1",.,"A",13,"E","210","D"
"20133",2701632,60,0,"1",1,"D",.,"H",,"A"
"20133",2701632,60,1,"1",.,"A",19,"E","100","D"
"20133",2701632,60,2,"1",.,"A",3,"E","110","D"
"20133",2701632,60,3,"1",.,"A",6,"E","120","D"
"20133",2701632,60,4,"1",.,"A",1,"E","140","D"
"20133",2701632,60,5,"1",.,"A",60,"E","150","D"
"20133",2701632,60,6,"1",.,"A",5,"E","160","D"
"20133",2701632,60,7,"1",.,"A",2,"E","180","D"
"20133",2701632,60,8,"1",.,"A",4,"E","190","D"
"20133",2701692,45,0,"1",1,"D",.,"H",,"A"
"20133",2701692,45,1,"1",.,"A",15,"E","100","D"
"20133",2701692,45,2,"1",.,"A",3,"E","110","D"
"20133",2701692,45,3,"1",.,"A",5,"E","120","D"
"20133",2701692,45,4,"1",.,"A",1,"E","140","D"
"20133",2701692,45,5,"1",.,"A",47,"E","150","D"
"20133",2701692,45,6,"1",.,"A",4,"E","160","D"
"20133",2701692,45,7,"1",.,"A",1,"E","180","D"
"20133",2701692,45,8,"1",.,"A",3,"E","190","D"
"20133",2701692,45,9,"1",.,"A",13,"E","200","D"
"20133",2701692,45,10,"1",.,"A",3,"E","210","D"
"20133",2701692,45,11,"1",.,"A",5,"E","220","D"
"20133",2701764,27,0,"1",1,"D",.,"H",,"A"
"20133",2701764,27,1,"1",.,"A",380,"E","100","D"
"20133",2701764,27,2,"1",.,"A",283,"E","110","D"
"20133",2701764,27,3,"1",.,"A",278,"E","120","D"
"20133",2701764,27,4,"1",.,"A",709,"E","130","D"
"20133",2701764,27,5,"1",.,"A",58,"E","140","D"
"20133",2701764,27,6,"1",.,"A",1039,"E","150","D"
"20133",2701764,27,7,"1",.,"A",83,"E","170","D"
"20133",2701764,27,8,"1",.,"A",170,"E","190","D"
"20133",2702662,69,0,"1",1,"D",.,"H",,"A"
"20133",2702662,69,1,"1",.,"A",228,"E","200","D"
"20133",2702662,69,2,"1",.,"A",119,"E","210","D"
"20133",2702662,69,3,"1",.,"A",153,"E","220","D"
"20133",2704162,52,0,"1",1,"D",.,"H",,"A"
"20133",2704162,52,1,"1",.,"A",45,"E","120","D"
"20133",2704162,52,2,"1",.,"A",5,"E","140","D"
"20133",2704162,52,3,"1",.,"A",256,"E","150","D"
"20133",2704162,52,4,"1",.,"A",156,"E","160","D"
"20133",2704162,52,5,"1",.,"A",23,"E","170","D"
"20133",2704162,52,6,"1",.,"A",21,"E","190","D"
"20133",2704162,52,7,"1",.,"A",58,"E","200","D"
"20133",2704162,52,8,"1",.,"A",21,"E","210","D"
"20133",2704372,28,0,"1",1,"D",.,"H",,"A"
"20133",2704372,28,1,"1",.,"A",11,"E","120","D"
"20133",2704372,28,2,"1",.,"A",4,"E","140","D"
"20133",2704372,28,3,"1",.,"A",66,"E","150","D"
"20133",2704372,28,4,"1",.,"A",3,"E","160","D"
"20133",2704372,28,5,"1",.,"A",4,"E","170","D"
"20133",2704372,28,6,"1",.,"A",12,"E","190","D"
"20133",2704512,57,0,"1",1,"D",.,"H",,"A"
"20133",2704512,57,1,"1",.,"A",639,"E","100","D"
"20133",2704512,57,2,"1",.,"A",133,"E","110","D"
"20133",2704512,57,3,"1",.,"A",226,"E","120","D"
"20133",2704512,57,4,"1",.,"A",650,"E","130","D"
"20133",2704512,57,5,"1",.,"A",45,"E","140","D"
"20133",2704512,57,6,"1",.,"A",1905,"E","150","D"
"20133",2704512,57,7,"1",.,"A",189,"E","160","D"
"20133",2704512,57,8,"1",.,"A",72,"E","180","D"
"20133",2704512,57,9,"1",.,"A",141,"E","190","D"
"20133",2705332,16,0,"1",2,"D",.,"H",,"A"
"20133",2705332,16,1,"1",.,"A",85,"E","100","D"
"20133",2705332,16,2,"1",.,"A",50,"E","110","D"
"20133",2705332,16,3,"1",.,"A",73,"E","120","D"
"20133",2705332,16,4,"1",.,"A",227,"E","130","D"
"20133",2705332,16,5,"1",.,"A",12,"E","140","D"
"20133",2705332,16,6,"1",.,"A",420,"E","150","D"
"20133",2705332,16,7,"1",.,"A",28,"E","160","D"
"20133",2705332,16,8,"1",.,"A",25,"E","170","D"
"20133",2705332,16,9,"1",.,"A",80,"E","190","D"
"20133",2705862,34,0,"1",1,"D",.,"H",,"A"
"20133",2705862,34,1,"1",.,"A",8,"E","200","D"
"20133",2705862,34,2,"1",.,"A",28,"E","210","D"
"20133",2705862,34,3,"1",.,"A",14,"E","220","D"
"20133",2706412,54,0,"1",2,"D",.,"H",,"A"
"20133",2706412,54,1,"1",.,"A",166,"E","100","D"
"20133",2706412,54,2,"1",.,"A",34,"E","110","D"
"20133",2706912,19,0,"1",3,"D",.,"H",,"A"
"20133",2706912,19,1,"1",.,"A",29,"E","100","D"
"20133",2706912,19,2,"1",.,"A",16,"E","110","D"
"20133",2706912,19,3,"1",.,"A",22,"E","120","D"
"20133",2706912,19,4,"1",.,"A",1,"E","140","D"
"20133",2706912,19,5,"1",.,"A",71,"E","150","D"
"20133",2706912,19,6,"1",.,"A",4,"E","160","D"
"20133",2706912,19,7,"1",.,"A",7,"E","170","D"
"20133",2707152,34,0,"1",2,"D",.,"H",,"A"
"20133",2707152,34,1,"1",.,"A",50,"E","200","D"
"20133",2707152,34,2,"1",.,"A",27,"E","210","D"
"20133",2707152,34,3,"1",.,"A",33,"E","220","D"
"20133",2707472,24,0,"1",1,"D",.,"H",,"A"
"20133",2707472,24,1,"1",.,"A",4,"E","100","D"
"20133",2707472,24,2,"1",.,"A",1,"E","110","D"
"20133",2707472,24,3,"1",.,"A",5,"E","120","D"
"20133",2707472,24,4,"1",.,"A",10,"E","150","D"
"20133",2708342,35,0,"1",8,"D",.,"H",,"A"
"20133",2708342,35,1,"1",.,"A",310,"E","100","D"
"20133",2708342,35,2,"1",.,"A",63,"E","110","D"
"20133",2708342,35,3,"1",.,"A",311,"E","130","D"
"20133",2708342,35,4,"1",.,"A",144,"E","200","D"
"20133",2708342,35,5,"1",.,"A",75,"E","210","D"
"20133",2708342,35,6,"1",.,"A",97,"E","220","D"
"20133",2708382,8,0,"1",1,"D",.,"H",,"A"
"20133",2708382,8,1,"1",.,"A",63,"E","100","D"
"20133",2708382,8,2,"1",.,"A",51,"E","110","D"
"20133",2708382,8,3,"1",.,"A",69,"E","200","D"
"20133",2708382,8,4,"1",.,"A",37,"E","210","D"
"20133",2708472,27,0,"1",1,"D",.,"H",,"A"
"20133",2708472,27,1,"1",.,"A",20,"E","100","D"
"20133",2708472,27,2,"1",.,"A",9,"E","110","D"
"20133",2708472,27,3,"1",.,"A",14,"E","120","D"
"20133",2708472,27,4,"1",.,"A",2,"E","140","D"
"20133",2708472,27,5,"1",.,"A",81,"E","150","D"
"20133",2708472,27,6,"1",.,"A",4,"E","160","D"
"20133",2708472,27,7,"1",.,"A",5,"E","170","D"
"20133",2708472,27,8,"1",.,"A",15,"E","190","D"
"20133",2708592,35,0,"1",2,"D",.,"H",,"A"
"20133",2708592,35,1,"1",.,"A",50,"E","100","D"
"20133",2708592,35,2,"1",.,"A",10,"E","110","D"
"20133",2709022,75,0,"1",1,"D",.,"H",,"A"
"20133",2709022,75,1,"1",.,"A",17,"E","100","D"
"20133",2709022,75,2,"1",.,"A",3,"E","110","D"
"20133",2710902,48,0,"1",1,"D",.,"H",,"A"
"20133",2710902,48,1,"1",.,"A",355,"E","100","D"
"20133",2710902,48,2,"1",.,"A",74,"E","110","D"
"20133",2710902,48,3,"1",.,"A",168,"E","200","D"
"20133",2710902,48,4,"1",.,"A",90,"E","210","D"
"20133",2710902,48,5,"1",.,"A",113,"E","220","D"
"20133",2711182,52,0,"1",1,"D",.,"H",,"A"
"20133",2711182,52,1,"1",.,"A",58,"E","120","D"
"20133",2711182,52,2,"1",.,"A",192,"E","130","D"
"20133",2711182,52,3,"1",.,"A",7,"E","140","D"
"20133",2711182,52,4,"1",.,"A",334,"E","150","D"
"20133",2711182,52,5,"1",.,"A",202,"E","160","D"
"20133",2711182,52,6,"1",.,"A",30,"E","170","D"
"20133",2711182,52,7,"1",.,"A",27,"E","190","D"
"20133",2711352,50,0,"1",2,"D",.,"H",,"A"
"20133",2711352,50,1,"1",.,"A",19,"E","100","D"
"20133",2711352,50,2,"1",.,"A",10,"E","110","D"
"20133",2711352,50,3,"1",.,"A",10,"E","120","D"
"20133",2711352,50,4,"1",.,"A",40,"E","130","D"
"20133",2711352,50,5,"1",.,"A",1,"E","140","D"
"20133",2711352,50,6,"1",.,"A",59,"E","150","D"
"20133",2711352,50,7,"1",.,"A",36,"E","160","D"
"20133",2711352,50,8,"1",.,"A",5,"E","170","D"
"20133",2711352,50,9,"1",.,"A",4,"E","190","D"
"20133",2711352,50,10,"1",.,"A",12,"E","200","D"
"20133",2711352,50,11,"1",.,"A",4,"E","210","D"
"20133",2711522,36,0,"1",1,"D",.,"H",,"A"
"20133",2711522,36,1,"1",.,"A",29,"E","100","D"
"20133",2711522,36,2,"1",.,"A",11,"E","110","D"
"20133",2713372,36,0,"1",2,"D",.,"H",,"A"
"20133",2713372,36,1,"1",.,"A",110,"E","100","D"
"20133",2713372,36,2,"1",.,"A",63,"E","110","D"
"20133",2713372,36,3,"1",.,"A",73,"E","200","D"
"20133",2713372,36,4,"1",.,"A",80,"E","210","D"
"20133",2713372,36,5,"1",.,"A",114,"E","220","D"
"20133",2713432,35,0,"1",1,"D",.,"H",,"A"
"20133",2713432,35,1,"1",.,"A",17,"E","200","D"
"20133",2713432,35,2,"1",.,"A",57,"E","210","D"
"20133",2713432,35,3,"1",.,"A",26,"E","220","D"
"20133",2715983,48,0,"1",1,"D",.,"H",,"A"
"20133",2715983,48,1,"1",.,"A",31,"E","100","D"
"20133",2715983,48,2,"1",.,"A",5,"E","110","D"
"20133",2715983,48,3,"1",.,"A",10,"E","120","D"
"20133",2715983,48,4,"1",.,"A",2,"E","140","D"
"20133",2715983,48,5,"1",.,"A",85,"E","150","D"
"20133",2715983,48,6,"1",.,"A",8,"E","160","D"
"20133",2715983,48,7,"1",.,"A",3,"E","180","D"
"20133",2715983,48,8,"1",.,"A",6,"E","190","D"
"20133",2718263,26,0,"1",12,"D",.,"H",,"A"
"20133",2718263,26,1,"1",.,"A",28,"E","100","D"
"20133",2718263,26,2,"1",.,"A",24,"E","110","D"
"20133",2718263,26,3,"1",.,"A",30,"E","120","D"
"20133",2718263,26,4,"1",.,"A",1,"E","140","D"
"20133",2718263,26,5,"1",.,"A",151,"E","150","D"
"20133",2718263,26,6,"1",.,"A",17,"E","170","D"
"20133",2718263,26,7,"1",.,"A",32,"E","200","D"
"20133",2718263,26,8,"1",.,"A",17,"E","210","D"
"20133",2721814,31,0,"1",3,"D",.,"H",,"A"
"20133",2721814,31,1,"1",.,"A",168,"E","100","D"
"20133",2721814,31,2,"1",.,"A",129,"E","110","D"
"20133",2721814,31,3,"1",.,"A",70,"E","200","D"
"20133",2721814,31,4,"1",.,"A",93,"E","210","D"
"20133",2733814,29,0,"1",1,"D",.,"H",,"A"
"20133",2733814,29,1,"1",.,"A",88,"E","100","D"
"20133",2733814,29,2,"1",.,"A",52,"E","110","D"
"20133",2735764,13,0,"1",1,"D",.,"H",,"A"
"20133",2735764,13,1,"1",.,"A",70,"E","100","D"
"20133",2735764,13,2,"1",.,"A",53,"E","110","D"
"20133",2735764,13,3,"1",.,"A",52,"E","120","D"
"20133",2735764,13,4,"1",.,"A",11,"E","140","D"
"20133",2735764,13,5,"1",.,"A",195,"E","150","D"
"20133",2735764,13,6,"1",.,"A",15,"E","170","D"
"20133",2735764,13,7,"1",.,"A",36,"E","190","D"
"20133",2735764,13,8,"1",.,"A",29,"E","200","D"
"20133",2735764,13,9,"1",.,"A",39,"E","210","D"
"20133",2739855,10,0,"1",2,"D",.,"H",,"A"
"20133",2739855,10,1,"1",.,"A",35,"E","100","D"
"20133",2739855,10,2,"1",.,"A",28,"E","110","D"
"20133",2739855,10,3,"1",.,"A",67,"E","130","D"
"20134",2614425,77,0,"1",1,"D",.,"H",,"A"
"20134",2614425,77,1,"1",.,"A",12,"E","100","D"
"20134",2614425,77,2,"1",.,"A",3,"E","110","D"
"20134",2614425,77,3,"1",.,"A",7,"E","120","D"
"20134",2614425,77,4,"1",.,"A",42,"E","150","D"
"20134",2614425,77,5,"1",.,"A",8,"E","170","D"
"20134",2614425,77,6,"1",.,"A",3,"E","190","D"
"20134",2614585,48,0,"1",1,"D",.,"H",,"A"
"20134",2614585,48,1,"1",.,"A",166,"E","100","D"
"20134",2614585,48,2,"1",.,"A",58,"E","110","D"
"20134",2614585,48,3,"1",.,"A",376,"E","130","D"
"20134",2615235,44,0,"1",1,"D",.,"H",,"A"
"20134",2615235,44,1,"1",.,"A",148,"E","100","D"
"20134",2615235,44,2,"1",.,"A",52,"E","110","D"
"20134",2615735,35,0,"1",1,"D",.,"H",,"A"
"20134",2615735,35,1,"1",.,"A",128,"E","100","D"
"20134",2615735,35,2,"1",.,"A",49,"E","110","D"
"20134",2615735,35,3,"1",.,"A",100,"E","120","D"
"20134",2615735,35,4,"1",.,"A",293,"E","130","D"
"20134",2615735,35,5,"1",.,"A",13,"E","140","D"
"20134",2615735,35,6,"1",.,"A",813,"E","150","D"
"20134",2615735,35,7,"1",.,"A",104,"E","190","D"
"20134",2616725,6,0,"1",1,"D",.,"H",,"A"
"20134",2616725,6,1,"1",.,"A",138,"E","100","D"
"20134",2616725,6,2,"1",.,"A",62,"E","110","D"
"20134",2617965,17,0,"1",1,"D",.,"H",,"A"
"20134",2617965,17,1,"1",.,"A",208,"E","120","D"
"20134",2617965,17,2,"1",.,"A",20,"E","140","D"
"20134",2617965,17,3,"1",.,"A",1040,"E","150","D"
"20134",2617965,17,4,"1",.,"A",226,"E","170","D"
"20134",2617965,17,5,"1",.,"A",106,"E","190","D"
"20134",2618015,47,0,"1",1,"D",.,"H",,"A"
"20134",2618015,47,1,"1",.,"A",80,"E","100","D"
"20134",2618015,47,2,"1",.,"A",20,"E","110","D"
"20134",2618505,23,0,"1",1,"D",.,"H",,"A"
"20134",2618505,23,1,"1",.,"A",5,"E","100","D"
"20134",2618505,23,2,"1",.,"A",7,"E","110","D"
"20134",2618505,23,3,"1",.,"A",3,"E","120","D"
"20134",2618505,23,4,"1",.,"A",26,"E","130","D"
"20134",2618505,23,5,"1",.,"A",34,"E","150","D"
"20134",2618505,23,6,"1",.,"A",5,"E","170","D"
"20134",2619435,20,0,"1",1,"D",.,"H",,"A"
"20134",2619435,20,1,"1",.,"A",31,"E","100","D"
"20134",2619435,20,2,"1",.,"A",14,"E","110","D"
"20134",2619435,20,3,"1",.,"A",32,"E","120","D"
"20134",2619435,20,4,"1",.,"A",81,"E","130","D"
"20134",2619435,20,5,"1",.,"A",1,"E","140","D"
"20134",2619435,20,6,"1",.,"A",133,"E","150","D"
"20134",2619435,20,7,"1",.,"A",31,"E","160","D"
"20134",2619435,20,8,"1",.,"A",1,"E","170","D"
"20134",2619435,20,9,"1",.,"A",48,"E","180","D"
"20134",2619435,20,10,"1",.,"A",28,"E","190","D"
"20134",2619735,51,0,"1",2,"D",.,"H",,"A"
"20134",2619735,51,1,"1",.,"A",40,"E","120","D"
"20134",2619735,51,2,"1",.,"A",110,"E","130","D"
"20134",2619735,51,3,"1",.,"A",5,"E","140","D"
"20134",2619735,51,4,"1",.,"A",306,"E","150","D"
"20134",2619735,51,5,"1",.,"A",39,"E","190","D"
"20134",2619855,27,0,"1",1,"D",.,"H",,"A"
"20134",2619855,27,1,"1",.,"A",77,"E","100","D"
"20134",2619855,27,2,"1",.,"A",29,"E","110","D"
"20134",2619855,27,3,"1",.,"A",65,"E","120","D"
"20134",2619855,27,4,"1",.,"A",177,"E","130","D"
"20134",2619855,27,5,"1",.,"A",8,"E","140","D"
"20134",2619855,27,6,"1",.,"A",488,"E","150","D"
"20134",2619855,27,7,"1",.,"A",63,"E","190","D"
"20134",2619855,27,8,"1",.,"A",43,"E","200","D"
"20134",2619855,27,9,"1",.,"A",40,"E","210","D"
"20134",2619855,27,10,"1",.,"A",10,"E","220","D"
"20134",2620315,57,0,"1",1,"D",.,"H",,"A"
"20134",2620315,57,1,"1",.,"A",45,"E","100","D"
"20134",2620315,57,2,"1",.,"A",14,"E","110","D"
"20134",2620315,57,3,"1",.,"A",17,"E","120","D"
"20134",2620315,57,4,"1",.,"A",93,"E","130","D"
"20134",2620315,57,5,"1",.,"A",2,"E","140","D"
"20134",2620315,57,6,"1",.,"A",181,"E","150","D"
"20134",2620315,57,7,"1",.,"A",28,"E","160","D"
"20134",2620315,57,8,"1",.,"A",20,"E","190","D"
"20134",2620835,23,0,"1",1,"D",.,"H",,"A"
"20134",2620835,23,1,"1",.,"A",36,"E","100","D"
"20134",2620835,23,2,"1",.,"A",8,"E","110","D"
"20134",2620835,23,3,"1",.,"A",20,"E","120","D"
"20134",2620835,23,4,"1",.,"A",2,"E","140","D"
"20134",2620835,23,5,"1",.,"A",102,"E","150","D"
"20134",2620835,23,6,"1",.,"A",22,"E","170","D"
"20134",2620835,23,7,"1",.,"A",10,"E","190","D"
"20134",2625805,19,0,"1",1,"D",.,"H",,"A"
"20134",2625805,19,1,"1",.,"A",306,"E","100","D"
"20134",2625805,19,2,"1",.,"A",76,"E","110","D"
"20134",2626595,36,0,"1",6,"D",.,"H",,"A"
"20134",2626595,36,1,"1",.,"A",73,"E","100","D"
"20134",2626595,36,2,"1",.,"A",26,"E","110","D"
"20134",2626595,36,3,"1",.,"A",64,"E","120","D"
"20134",2626595,36,4,"1",.,"A",11,"E","140","D"
"20134",2626595,36,5,"1",.,"A",292,"E","150","D"
"20134",2626595,36,6,"1",.,"A",17,"E","160","D"
"20134",2626595,36,7,"1",.,"A",70,"E","170","D"
"20134",2626595,36,8,"1",.,"A",47,"E","190","D"
"20134",2628295,7,0,"1",1,"D",.,"H",,"A"
"20134",2628295,7,1,"1",.,"A",13,"E","100","D"
"20134",2628295,7,2,"1",.,"A",7,"E","110","D"
"20134",2628675,26,0,"1",1,"D",.,"H",,"A"
"20134",2628675,26,1,"1",.,"A",7,"E","120","D"
"20134",2628675,26,2,"1",.,"A",22,"E","130","D"
"20134",2628675,26,3,"1",.,"A",1,"E","140","D"
"20134",2628675,26,4,"1",.,"A",63,"E","150","D"
"20134",2628675,26,5,"1",.,"A",7,"E","190","D"
"20134",2628805,78,0,"1",1,"D",.,"H",,"A"
"20134",2628805,78,1,"1",.,"A",55,"E","200","D"
"20134",2628805,78,2,"1",.,"A",76,"E","210","D"
"20134",2628805,78,3,"1",.,"A",94,"E","220","D"
"20134",2628845,73,0,"1",1,"D",.,"H",,"A"
"20134",2628845,73,1,"1",.,"A",27,"E","100","D"
"20134",2628845,73,2,"1",.,"A",10,"E","110","D"
"20134",2628845,73,3,"1",.,"A",63,"E","130","D"
"20134",2629925,22,0,"1",1,"D",.,"H",,"A"
"20134",2629925,22,1,"1",.,"A",42,"E","200","D"
"20134",2629925,22,2,"1",.,"A",38,"E","210","D"
"20134",2629925,22,3,"1",.,"A",10,"E","220","D"
"20134",2629955,74,0,"1",10,"D",.,"H",,"A"
"20134",2629955,74,1,"1",.,"A",690,"E","100","D"
"20134",2629955,74,2,"1",.,"A",310,"E","110","D"
"20134",2632145,21,0,"1",2,"D",.,"H",,"A"
"20134",2632145,21,1,"1",.,"A",138,"G","100","D"
"20134",2632145,21,2,"1",.,"A",62,"G","110","D"
"20134",2633505,37,0,"1",1,"D",.,"H",,"A"
"20134",2633505,37,1,"1",.,"A",211,"E","100","D"
"20134",2633505,37,2,"1",.,"A",55,"E","110","D"
"20134",2633505,37,3,"1",.,"A",115,"E","200","D"
"20134",2633505,37,4,"1",.,"A",19,"E","210","D"
"20134",2635615,48,0,"1",1,"D",.,"H",,"A"
"20134",2635615,48,1,"1",.,"A",8,"E","100","D"
"20134",2635615,48,2,"1",.,"A",2,"E","110","D"
"20134",2636315,27,0,"1",1,"D",.,"H",,"A"
"20134",2636315,27,1,"1",.,"A",11,"E","120","D"
"20134",2636315,27,2,"1",.,"A",1,"E","140","D"
"20134",2636315,27,3,"1",.,"A",58,"E","150","D"
"20134",2636315,27,4,"1",.,"A",12,"E","170","D"
"20134",2636315,27,5,"1",.,"A",8,"E","190","D"
"20134",2636755,27,0,"1",1,"D",.,"H",,"A"
"20134",2636755,27,1,"1",.,"A",24,"E","200","D"
"20134",2636755,27,2,"1",.,"A",21,"E","210","D"
"20134",2636755,27,3,"1",.,"A",5,"E","220","D"
"20134",2637285,12,0,"1",1,"D",.,"H",,"A"
"20134",2637285,12,1,"1",.,"A",40,"E","100","D"
"20134",2637285,12,2,"1",.,"A",25,"E","110","D"
"20134",2639195,87,0,"1",1,"D",.,"H",,"A"
"20134",2639195,87,1,"1",.,"A",49,"E","100","D"
"20134",2639195,87,2,"1",.,"A",15,"E","110","D"
"20134",2639195,87,3,"1",.,"A",19,"E","120","D"
"20134",2639195,87,4,"1",.,"A",3,"E","140","D"
"20134",2639195,87,5,"1",.,"A",201,"E","150","D"
"20134",2639195,87,6,"1",.,"A",31,"E","160","D"
"20134",2639195,87,7,"1",.,"A",22,"E","190","D"
"20134",2641385,38,0,"1",1,"D",.,"H",,"A"
"20134",2641385,38,1,"1",.,"A",18,"E","120","D"
"20134",2641385,38,2,"1",.,"A",1,"E","140","D"
"20134",2641385,38,3,"1",.,"A",90,"E","150","D"
"20134",2641385,38,4,"1",.,"A",19,"E","170","D"
"20134",2641385,38,5,"1",.,"A",12,"E","190","D"
"20134",2643325,23,0,"1",1,"D",.,"H",,"A"
"20134",2643325,23,1,"1",.,"A",175,"E","120","D"
"20134",2643325,23,2,"1",.,"A",23,"E","140","D"
"20134",2643325,23,3,"1",.,"A",1575,"E","150","D"
"20134",2643325,23,4,"1",.,"A",238,"E","170","D"
"20134",2643765,45,0,"1",1,"D",.,"H",,"A"
"20134",2643765,45,1,"1",.,"A",26,"E","100","D"
"20134",2643765,45,2,"1",.,"A",6,"E","110","D"
"20134",2643765,45,3,"1",.,"A",16,"E","200","D"
"20134",2643765,45,4,"1",.,"A",2,"E","210","D"
"20134",2645175,34,0,"1",1,"D",.,"H",,"A"
"20134",2645175,34,1,"1",.,"A",33,"E","100","D"
"20134",2645175,34,2,"1",.,"A",11,"E","110","D"
"20134",2645175,34,3,"1",.,"A",20,"E","120","D"
"20134",2645175,34,4,"1",.,"A",2,"E","140","D"
"20134",2645175,34,5,"1",.,"A",102,"E","150","D"
"20134",2645175,34,6,"1",.,"A",22,"E","170","D"
"20134",2645175,34,7,"1",.,"A",10,"E","190","D"
"20134",2646685,28,0,"1",1,"D",.,"H",,"A"
"20134",2646685,28,1,"1",.,"A",31,"E","100","D"
"20134",2646685,28,2,"1",.,"A",11,"E","110","D"
"20134",2646685,28,3,"1",.,"A",16,"E","200","D"
"20134",2646685,28,4,"1",.,"A",14,"E","210","D"
"20134",2646685,28,5,"1",.,"A",3,"E","220","D"
"20134",2646695,54,0,"1",2,"D",.,"H",,"A"
"20134",2646695,54,1,"1",.,"A",36,"E","100","D"
"20134",2646695,54,2,"1",.,"A",13,"E","110","D"
"20134",2646695,54,3,"1",.,"A",34,"E","120","D"
"20134",2646695,54,4,"1",.,"A",5,"E","140","D"
"20134",2646695,54,5,"1",.,"A",146,"E","150","D"
"20134",2646695,54,6,"1",.,"A",8,"E","160","D"
"20134",2646695,54,7,"1",.,"A",35,"E","170","D"
"20134",2646695,54,8,"1",.,"A",23,"E","190","D"
"20134",2647744,81,0,"1",1,"D",.,"H",,"A"
"20134",2647744,81,1,"1",.,"A",215,"E","100","D"
"20134",2647744,81,2,"1",.,"A",75,"E","110","D"
"20134",2647744,81,3,"1",.,"A",98,"E","120","D"
"20134",2647744,81,4,"1",.,"A",14,"E","140","D"
"20134",2647744,81,5,"1",.,"A",947,"E","150","D"
"20134",2647744,81,6,"1",.,"A",146,"E","160","D"
"20134",2647744,81,7,"1",.,"A",105,"E","190","D"
"20134",2649394,36,0,"1",1,"D",.,"H",,"A"
"20134",2649394,36,1,"1",.,"A",20,"E","120","D"
"20134",2649394,36,2,"1",.,"A",2,"E","140","D"
"20134",2649394,36,3,"1",.,"A",173,"E","150","D"
"20134",2649394,36,4,"1",.,"A",26,"E","160","D"
"20134",2649394,36,5,"1",.,"A",19,"E","190","D"
"20134",2649444,33,0,"1",1,"D",.,"H",,"A"
"20134",2649444,33,1,"1",.,"A",19,"E","120","D"
"20134",2649444,33,2,"1",.,"A",1,"E","140","D"
"20134",2649444,33,3,"1",.,"A",97,"E","150","D"
"20134",2649444,33,4,"1",.,"A",21,"E","170","D"
"20134",2649444,33,5,"1",.,"A",12,"E","190","D"
"20134",2649814,31,0,"1",2,"D",.,"H",,"A"
"20134",2649814,31,1,"1",.,"A",48,"E","100","D"
"20134",2649814,31,2,"1",.,"A",19,"E","110","D"
"20134",2649814,31,3,"1",.,"A",38,"E","120","D"
"20134",2649814,31,4,"1",.,"A",112,"E","130","D"
"20134",2649814,31,5,"1",.,"A",2,"E","140","D"
"20134",2649814,31,6,"1",.,"A",182,"E","150","D"
"20134",2649814,31,7,"1",.,"A",43,"E","160","D"
"20134",2649814,31,8,"1",.,"A",2,"E","170","D"
"20134",2649814,31,9,"1",.,"A",66,"E","180","D"
"20134",2649814,31,10,"1",.,"A",38,"E","190","D"
"20134",2651204,49,0,"1",2,"D",.,"H",,"A"
"20134",2651204,49,1,"1",.,"A",47,"G","100","D"
"20134",2651204,49,2,"1",.,"A",16,"G","110","D"
"20134",2651204,49,3,"1",.,"A",39,"G","200","D"
"20134",2651204,49,4,"1",.,"A",48,"G","210","D"
"20134",2651204,49,5,"1",.,"A",60,"G","220","D"
"20134",2652104,22,0,"1",1,"D",.,"H",,"A"
"20134",2652104,22,1,"1",.,"A",67,"E","100","D"
"20134",2652104,22,2,"1",.,"A",20,"E","110","D"
"20134",2652104,22,3,"1",.,"A",41,"E","120","D"
"20134",2652104,22,4,"1",.,"A",4,"E","140","D"
"20134",2652104,22,5,"1",.,"A",204,"E","150","D"
"20134",2652104,22,6,"1",.,"A",44,"E","170","D"
"20134",2652104,22,7,"1",.,"A",20,"E","190","D"
"20134",2654784,22,0,"1",1,"D",.,"H",,"A"
"20134",2654784,22,1,"1",.,"A",15,"E","100","D"
"20134",2654784,22,2,"1",.,"A",7,"E","110","D"
"20134",2654784,22,3,"1",.,"A",13,"E","120","D"
"20134",2654784,22,4,"1",.,"A",40,"E","130","D"
"20134",2654784,22,5,"1",.,"A",66,"E","150","D"
"20134",2654784,22,6,"1",.,"A",15,"E","160","D"
"20134",2654784,22,7,"1",.,"A",24,"E","180","D"
"20134",2654784,22,8,"1",.,"A",20,"E","190","D"
"20134",2655214,37,0,"1",1,"D",.,"H",,"A"
"20134",2655214,37,1,"1",.,"A",64,"E","100","D"
"20134",2655214,37,2,"1",.,"A",15,"E","110","D"
"20134",2655214,37,3,"1",.,"A",121,"E","130","D"
"20134",2657034,16,0,"1",1,"D",.,"H",,"A"
"20134",2657034,16,1,"1",.,"A",40,"G","100","D"
"20134",2657034,16,2,"1",.,"A",5,"G","110","D"
"20134",2657034,16,3,"1",.,"A",61,"G","120","D"
"20134",2657034,16,4,"1",.,"A",8,"G","140","D"
"20134",2657034,16,5,"1",.,"A",438,"G","150","D"
"20134",2657034,16,6,"1",.,"A",5,"G","180","D"
"20134",2657034,16,7,"1",.,"A",43,"G","190","D"
"20134",2657454,27,0,"1",1,"D",.,"H",,"A"
"20134",2657454,27,1,"1",.,"A",35,"E","100","D"
"20134",2657454,27,2,"1",.,"A",11,"E","110","D"
"20134",2657454,27,3,"1",.,"A",23,"E","120","D"
"20134",2657454,27,4,"1",.,"A",69,"E","130","D"
"20134",2657454,27,5,"1",.,"A",3,"E","140","D"
"20134",2657454,27,6,"1",.,"A",192,"E","150","D"
"20134",2657454,27,7,"1",.,"A",24,"E","190","D"
"20134",2657964,16,0,"1",1,"D",.,"H",,"A"
"20134",2657964,16,1,"1",.,"A",23,"E","120","D"
"20134",2657964,16,2,"1",.,"A",1,"E","140","D"
"20134",2657964,16,3,"1",.,"A",146,"E","150","D"
"20134",2657964,16,4,"1",.,"A",1,"E","180","D"
"20134",2657964,16,5,"1",.,"A",14,"E","190","D"
"20134",2658174,45,0,"1",3,"D",.,"H",,"A"
"20134",2658174,45,1,"1",.,"A",44,"E","100","D"
"20134",2658174,45,2,"1",.,"A",16,"E","110","D"
"20134",2658364,67,0,"1",1,"D",.,"H",,"A"
"20134",2658364,67,1,"1",.,"A",35,"E","100","D"
"20134",2658364,67,2,"1",.,"A",11,"E","110","D"
"20134",2658364,67,3,"1",.,"A",14,"E","120","D"
"20134",2658364,67,4,"1",.,"A",2,"E","140","D"
"20134",2658364,67,5,"1",.,"A",143,"E","150","D"
"20134",2658364,67,6,"1",.,"A",22,"E","160","D"
"20134",2658364,67,7,"1",.,"A",16,"E","190","D"
"20134",2658644,33,0,"1",1,"D",.,"H",,"A"
"20134",2658644,33,1,"1",.,"A",103,"E","100","D"
"20134",2658644,33,2,"1",.,"A",36,"E","110","D"
"20134",2658644,33,3,"1",.,"A",44,"E","120","D"
"20134",2658644,33,4,"1",.,"A",236,"E","130","D"
"20134",2658644,33,5,"1",.,"A",7,"E","140","D"
"20134",2658644,33,6,"1",.,"A",454,"E","150","D"
"20134",2658644,33,7,"1",.,"A",70,"E","160","D"
"20134",2658644,33,8,"1",.,"A",50,"E","190","D"
"20134",2659024,74,0,"1",3,"D",.,"H",,"A"
"20134",2659024,74,1,"1",.,"A",79,"E","100","D"
"20134",2659024,74,2,"1",.,"A",27,"E","110","D"
"20134",2659024,74,3,"1",.,"A",40,"E","120","D"
"20134",2659024,74,4,"1",.,"A",178,"E","130","D"
"20134",2659024,74,5,"1",.,"A",5,"E","140","D"
"20134",2659024,74,6,"1",.,"A",347,"E","150","D"
"20134",2659024,74,7,"1",.,"A",53,"E","160","D"
"20134",2659024,74,8,"1",.,"A",38,"E","190","D"
"20134",2659024,74,9,"1",.,"A",60,"E","200","D"
"20134",2659024,74,10,"1",.,"A",81,"E","210","D"
"20134",2659024,74,11,"1",.,"A",101,"E","220","D"
"20134",2661594,85,0,"1",2,"D",.,"H",,"A"
"20134",2661594,85,1,"1",.,"A",297,"E","100","D"
"20134",2661594,85,2,"1",.,"A",103,"E","110","D"
"20134",2661864,34,0,"1",1,"D",.,"H",,"A"
"20134",2661864,34,1,"1",.,"A",417,"E","100","D"
"20134",2661864,34,2,"1",.,"A",144,"E","110","D"
"20134",2661864,34,3,"1",.,"A",179,"E","120","D"
"20134",2661864,34,4,"1",.,"A",932,"E","130","D"
"20134",2661864,34,5,"1",.,"A",28,"E","140","D"
"20134",2661864,34,6,"1",.,"A",1816,"E","150","D"
"20134",2661864,34,7,"1",.,"A",281,"E","160","D"
"20134",2661864,34,8,"1",.,"A",203,"E","190","D"
"20134",2661954,56,0,"1",1,"D",.,"H",,"A"
"20134",2661954,56,1,"1",.,"A",8,"E","100","D"
"20134",2661954,56,2,"1",.,"A",2,"E","110","D"
"20134",2661954,56,3,"1",.,"A",5,"E","120","D"
"20134",2661954,56,4,"1",.,"A",40,"E","150","D"
"20134",2661954,56,5,"1",.,"A",5,"E","190","D"
"20134",2662344,77,0,"1",2,"D",.,"H",,"A"
"20134",2662344,77,1,"1",.,"A",51,"E","200","D"
"20134",2662344,77,2,"1",.,"A",66,"E","210","D"
"20134",2662344,77,3,"1",.,"A",83,"E","220","D"
"20134",2662634,22,0,"1",1,"D",.,"H",,"A"
"20134",2662634,22,1,"1",.,"A",32,"E","100","D"
"20134",2662634,22,2,"1",.,"A",18,"E","110","D"
"20134",2663625,61,0,"1",1,"D",.,"H",,"A"
"20134",2663625,61,1,"1",.,"A",21,"E","100","D"
"20134",2663625,61,2,"1",.,"A",8,"E","110","D"
"20134",2663625,61,3,"1",.,"A",16,"E","120","D"
"20134",2663625,61,4,"1",.,"A",4,"E","140","D"
"20134",2663625,61,5,"1",.,"A",134,"E","150","D"
"20134",2663625,61,6,"1",.,"A",17,"E","190","D"
"20134",2663764,56,0,"1",1,"D",.,"H",,"A"
"20134",2663764,56,1,"1",.,"A",14,"E","100","D"
"20134",2663764,56,2,"1",.,"A",3,"E","110","D"
"20134",2663764,56,3,"1",.,"A",8,"E","200","D"
"20134",2663764,56,4,"1",.,"A",11,"E","210","D"
"20134",2663764,56,5,"1",.,"A",14,"E","220","D"
"20134",2664294,54,0,"1",1,"D",.,"H",,"A"
"20134",2664294,54,1,"1",.,"A",81,"E","100","D"
"20134",2664294,54,2,"1",.,"A",29,"E","110","D"
"20134",2664294,54,3,"1",.,"A",70,"E","120","D"
"20134",2664294,54,4,"1",.,"A",120,"E","130","D"
"20134",2664294,54,5,"1",.,"A",12,"E","140","D"
"20134",2664294,54,6,"1",.,"A",324,"E","150","D"
"20134",2664294,54,7,"1",.,"A",19,"E","160","D"
"20134",2664294,54,8,"1",.,"A",78,"E","170","D"
"20134",2664294,54,9,"1",.,"A",52,"E","190","D"
"20134",2665384,17,0,"1",1,"D",.,"H",,"A"
"20134",2665384,17,1,"1",.,"A",5,"E","100","D"
"20134",2665384,17,2,"1",.,"A",11,"E","120","D"
"20134",2665384,17,3,"1",.,"A",54,"E","150","D"
"20134",2665384,17,4,"1",.,"A",5,"E","190","D"
"20134",2665404,53,0,"1",1,"D",.,"H",,"A"
"20134",2665404,53,1,"1",.,"A",52,"E","100","D"
"20134",2665404,53,2,"1",.,"A",13,"E","110","D"
"20134",2665404,53,3,"1",.,"A",31,"E","200","D"
"20134",2665404,53,4,"1",.,"A",4,"E","210","D"
"20134",2665894,35,0,"1",2,"D",.,"H",,"A"
"20134",2665894,35,1,"1",.,"A",252,"E","100","D"
"20134",2665894,35,2,"1",.,"A",62,"E","110","D"
"20134",2665894,35,3,"1",.,"A",486,"E","130","D"
"20134",2667584,74,0,"1",1,"D",.,"H",,"A"
"20134",2667584,74,1,"1",.,"A",13,"E","100","D"
"20134",2667584,74,2,"1",.,"A",10,"E","110","D"
"20134",2667584,74,3,"1",.,"A",10,"E","120","D"
"20134",2667584,74,4,"1",.,"A",30,"E","130","D"
"20134",2667584,74,5,"1",.,"A",1,"E","140","D"
"20134",2667584,74,6,"1",.,"A",83,"E","150","D"
"20134",2667584,74,7,"1",.,"A",10,"E","190","D"
"20134",2667584,74,8,"1",.,"A",7,"E","200","D"
"20134",2667584,74,9,"1",.,"A",6,"E","210","D"
"20134",2667584,74,10,"1",.,"A",1,"E","220","D"
"20134",2667984,53,0,"1",1,"D",.,"H",,"A"
"20134",2667984,53,1,"1",.,"A",58,"E","120","D"
"20134",2667984,53,2,"1",.,"A",199,"E","130","D"
"20134",2667984,53,3,"1",.,"A",3,"E","140","D"
"20134",2667984,53,4,"1",.,"A",396,"E","150","D"
"20134",2667984,53,5,"1",.,"A",5,"E","180","D"
"20134",2667984,53,6,"1",.,"A",39,"E","190","D"
"20134",2667994,55,0,"1",1,"D",.,"H",,"A"
"20134",2667994,55,1,"1",.,"A",16,"E","100","D"
"20134",2667994,55,2,"1",.,"A",6,"E","110","D"
"20134",2667994,55,3,"1",.,"A",12,"E","120","D"
"20134",2667994,55,4,"1",.,"A",1,"E","140","D"
"20134",2667994,55,5,"1",.,"A",100,"E","150","D"
"20134",2667994,55,6,"1",.,"A",13,"E","190","D"
"20134",2667994,55,7,"1",.,"A",9,"E","200","D"
"20134",2667994,55,8,"1",.,"A",11,"E","210","D"
"20134",2667994,55,9,"1",.,"A",2,"E","220","D"
"20134",2669724,26,0,"1",1,"D",.,"H",,"A"
"20134",2669724,26,1,"1",.,"A",36,"E","100","D"
"20134",2669724,26,2,"1",.,"A",11,"E","110","D"
"20134",2669724,26,3,"1",.,"A",25,"E","120","D"
"20134",2669724,26,4,"1",.,"A",46,"E","130","D"
"20134",2669724,26,5,"1",.,"A",4,"E","140","D"
"20134",2669724,26,6,"1",.,"A",123,"E","150","D"
"20134",2669724,26,7,"1",.,"A",7,"E","160","D"
"20134",2669724,26,8,"1",.,"A",29,"E","170","D"
"20134",2669724,26,9,"1",.,"A",19,"E","190","D"
"20134",2669744,27,0,"1",2,"D",.,"H",,"A"
"20134",2669744,27,1,"1",.,"A",214,"E","100","D"
"20134",2669744,27,2,"1",.,"A",86,"E","110","D"
"20134",2669744,27,3,"1",.,"A",177,"E","120","D"
"20134",2669744,27,4,"1",.,"A",319,"E","130","D"
"20134",2669744,27,5,"1",.,"A",33,"E","140","D"
"20134",2669744,27,6,"1",.,"A",860,"E","150","D"
"20134",2669744,27,7,"1",.,"A",51,"E","160","D"
"20134",2669744,27,8,"1",.,"A",207,"E","170","D"
"20134",2669744,27,9,"1",.,"A",138,"E","190","D"
"20134",2669744,27,10,"1",.,"A",106,"E","200","D"
"20134",2669744,27,11,"1",.,"A",201,"E","210","D"
"20134",2669744,27,12,"1",.,"A",108,"E","220","D"
"20134",2670124,51,0,"1",1,"D",.,"H",,"A"
"20134",2670124,51,1,"1",.,"A",200,"E","100","D"
"20134",2670124,51,2,"1",.,"A",50,"E","110","D"
"20134",2673394,68,0,"1",1,"D",.,"H",,"A"
"20134",2673394,68,1,"1",.,"A",78,"E","100","D"
"20134",2673394,68,2,"1",.,"A",27,"E","110","D"
"20134",2673394,68,3,"1",.,"A",40,"E","120","D"
"20134",2673394,68,4,"1",.,"A",176,"E","130","D"
"20134",2673394,68,5,"1",.,"A",5,"E","140","D"
"20134",2673394,68,6,"1",.,"A",344,"E","150","D"
"20134",2673394,68,7,"1",.,"A",53,"E","160","D"
"20134",2673394,68,8,"1",.,"A",38,"E","190","D"
"20134",2673394,68,9,"1",.,"A",59,"E","200","D"
"20134",2673394,68,10,"1",.,"A",80,"E","210","D"
"20134",2673394,68,11,"1",.,"A",100,"E","220","D"
"20134",2675064,39,0,"1",1,"D",.,"H",,"A"
"20134",2675064,39,1,"1",.,"A",102,"E","100","D"
"20134",2675064,39,2,"1",.,"A",25,"E","110","D"
"20134",2675064,39,3,"1",.,"A",61,"E","120","D"
"20134",2675064,39,4,"1",.,"A",198,"E","130","D"
"20134",2675064,39,5,"1",.,"A",6,"E","140","D"
"20134",2675064,39,6,"1",.,"A",310,"E","150","D"
"20134",2675064,39,7,"1",.,"A",67,"E","170","D"
"20134",2675064,39,8,"1",.,"A",31,"E","190","D"
"20134",2675204,30,0,"1",4,"D",.,"H",,"A"
"20134",2675204,30,1,"1",.,"A",102,"E","120","D"
"20134",2675204,30,2,"1",.,"A",5,"E","140","D"
"20134",2675204,30,3,"1",.,"A",473,"E","150","D"
"20134",2675204,30,4,"1",.,"A",113,"E","160","D"
"20134",2675204,30,5,"1",.,"A",5,"E","170","D"
"20134",2675204,30,6,"1",.,"A",172,"E","180","D"
"20134",2675204,30,7,"1",.,"A",100,"E","190","D"
"20134",2675294,37,0,"1",1,"D",.,"H",,"A"
"20134",2675294,37,1,"1",.,"A",5,"E","120","D"
"20134",2675294,37,2,"1",.,"A",27,"E","150","D"
"20134",2675294,37,3,"1",.,"A",5,"E","160","D"
"20134",2675294,37,4,"1",.,"A",8,"E","180","D"
"20134",2675294,37,5,"1",.,"A",5,"E","190","D"
"20134",2675924,34,0,"1",12,"D",.,"H",,"A"
"20134",2675924,34,1,"1",.,"A",241,"E","100","D"
"20134",2675924,34,2,"1",.,"A",59,"E","110","D"
"20134",2675954,24,0,"1",4,"D",.,"H",,"A"
"20134",2675954,24,1,"1",.,"A",445,"E","100","D"
"20134",2675954,24,2,"1",.,"A",55,"E","110","D"
"20134",2677814,36,0,"1",1,"D",.,"H",,"A"
"20134",2677814,36,1,"1",.,"A",7,"E","120","D"
"20134",2677814,36,2,"1",.,"A",1,"E","140","D"
"20134",2677814,36,3,"1",.,"A",72,"E","150","D"
"20134",2677814,36,4,"1",.,"A",11,"E","160","D"
"20134",2677814,36,5,"1",.,"A",9,"E","190","D"
"20134",2679154,36,0,"1",1,"D",.,"H",,"A"
"20134",2679154,36,1,"1",.,"A",49,"E","100","D"
"20134",2679154,36,2,"1",.,"A",11,"E","110","D"
"20134",2680034,36,0,"1",1,"D",.,"H",,"A"
"20134",2680034,36,1,"1",.,"A",260,"E","100","D"
"20134",2680034,36,2,"1",.,"A",90,"E","110","D"
"20134",2680903,46,0,"1",7,"D",.,"H",,"A"
"20134",2680903,46,1,"1",.,"A",13,"E","100","D"
"20134",2680903,46,2,"1",.,"A",5,"E","110","D"
"20134",2680903,46,3,"1",.,"A",14,"E","120","D"
"20134",2680903,46,4,"1",.,"A",1,"E","140","D"
"20134",2680903,46,5,"1",.,"A",83,"E","150","D"
"20134",2680903,46,6,"1",.,"A",10,"E","190","D"
"20134",2680903,46,7,"1",.,"A",7,"E","200","D"
"20134",2680903,46,8,"1",.,"A",6,"E","210","D"
"20134",2680903,46,9,"1",.,"A",1,"E","220","D"
"20134",2682233,35,0,"1",1,"D",.,"H",,"A"
"20134",2682233,35,1,"1",.,"A",47,"E","100","D"
"20134",2682233,35,2,"1",.,"A",11,"E","110","D"
"20134",2682233,35,3,"1",.,"A",92,"E","130","D"
"20134",2682383,20,0,"1",1,"D",.,"H",,"A"
"20134",2682383,20,1,"1",.,"A",124,"E","100","D"
"20134",2682383,20,2,"1",.,"A",76,"E","110","D"
"20134",2683223,38,0,"1",1,"D",.,"H",,"A"
"20134",2683223,38,1,"1",.,"A",305,"E","100","D"
"20134",2683223,38,2,"1",.,"A",108,"E","110","D"
"20134",2683223,38,3,"1",.,"A",687,"E","130","D"
"20134",2683633,47,0,"1",1,"D",.,"H",,"A"
"20134",2683633,47,1,"1",.,"A",30,"E","100","D"
"20134",2683633,47,2,"1",.,"A",10,"E","110","D"
"20134",2684123,13,0,"1",1,"D",.,"H",,"A"
"20134",2684123,13,1,"1",.,"A",9,"E","120","D"
"20134",2684123,13,2,"1",.,"A",47,"E","150","D"
"20134",2684123,13,3,"1",.,"A",4,"E","190","D"
"20134",2684493,56,0,"1",2,"D",.,"H",,"A"
"20134",2684493,56,1,"1",.,"A",135,"E","100","D"
"20134",2684493,56,2,"1",.,"A",33,"E","110","D"
"20134",2684493,56,3,"1",.,"A",82,"E","120","D"
"20134",2684493,56,4,"1",.,"A",8,"E","140","D"
"20134",2684493,56,5,"1",.,"A",408,"E","150","D"
"20134",2684493,56,6,"1",.,"A",89,"E","170","D"
"20134",2684493,56,7,"1",.,"A",45,"E","190","D"
"20134",2685013,90,0,"1",1,"D",.,"H",,"A"
"20134",2685013,90,1,"1",.,"A",18,"E","100","D"
"20134",2685013,90,2,"1",.,"A",7,"E","110","D"
"20134",2685123,22,0,"1",1,"D",.,"H",,"A"
"20134",2685123,22,1,"1",.,"A",58,"E","100","D"
"20134",2685123,22,2,"1",.,"A",22,"E","110","D"
"20134",2685333,18,0,"1",5,"D",.,"H",,"A"
"20134",2685333,18,1,"1",.,"A",39,"E","100","D"
"20134",2685333,18,2,"1",.,"A",22,"E","110","D"
"20134",2685333,18,3,"1",.,"A",5,"E","200","D"
"20134",2685333,18,4,"1",.,"A",76,"E","210","D"
"20134",2685333,18,5,"1",.,"A",8,"E","220","D"
"20134",2685943,53,0,"1",1,"D",.,"H",,"A"
"20134",2685943,53,1,"1",.,"A",18,"E","100","D"
"20134",2685943,53,2,"1",.,"A",7,"E","110","D"
"20134",2686293,40,0,"1",1,"D",.,"H",,"A"
"20134",2686293,40,1,"1",.,"A",23,"E","100","D"
"20134",2686293,40,2,"1",.,"A",7,"E","110","D"
"20134",2686743,20,0,"1",1,"D",.,"H",,"A"
"20134",2686743,20,1,"1",.,"A",31,"E","100","D"
"20134",2686743,20,2,"1",.,"A",14,"E","110","D"
"20134",2686743,20,3,"1",.,"A",27,"E","120","D"
"20134",2686743,20,4,"1",.,"A",81,"E","130","D"
"20134",2686743,20,5,"1",.,"A",1,"E","140","D"
"20134",2686743,20,6,"1",.,"A",138,"E","150","D"
"20134",2686743,20,7,"1",.,"A",31,"E","160","D"
"20134",2686743,20,8,"1",.,"A",1,"E","170","D"
"20134",2686743,20,9,"1",.,"A",48,"E","180","D"
"20134",2686743,20,10,"1",.,"A",28,"E","190","D"
"20134",2689543,29,0,"1",2,"D",.,"H",,"A"
"20134",2689543,29,1,"1",.,"A",685,"E","200","D"
"20134",2689543,29,2,"1",.,"A",115,"E","210","D"
"20134",2689973,30,0,"1",1,"D",.,"H",,"A"
"20134",2689973,30,1,"1",.,"A",77,"E","100","D"
"20134",2689973,30,2,"1",.,"A",26,"E","110","D"
"20134",2689973,30,3,"1",.,"A",60,"E","120","D"
"20134",2689973,30,4,"1",.,"A",11,"E","140","D"
"20134",2689973,30,5,"1",.,"A",292,"E","150","D"
"20134",2689973,30,6,"1",.,"A",17,"E","160","D"
"20134",2689973,30,7,"1",.,"A",70,"E","170","D"
"20134",2689973,30,8,"1",.,"A",47,"E","190","D"
"20134",2690233,45,0,"1",4,"D",.,"H",,"A"
"20134",2690233,45,1,"1",.,"A",50,"E","100","D"
"20134",2690233,45,2,"1",.,"A",16,"E","110","D"
"20134",2690233,45,3,"1",.,"A",36,"E","200","D"
"20134",2690233,45,4,"1",.,"A",48,"E","210","D"
"20134",2690233,45,5,"1",.,"A",60,"E","220","D"
"20134",2690593,20,0,"1",1,"D",.,"H",,"A"
"20134",2690593,20,1,"1",.,"A",143,"E","100","D"
"20134",2690593,20,2,"1",.,"A",49,"E","110","D"
"20134",2690593,20,3,"1",.,"A",67,"E","120","D"
"20134",2690593,20,4,"1",.,"A",9,"E","140","D"
"20134",2690593,20,5,"1",.,"A",628,"E","150","D"
"20134",2690593,20,6,"1",.,"A",97,"E","160","D"
"20134",2690593,20,7,"1",.,"A",70,"E","190","D"
"20134",2690593,20,8,"1",.,"A",108,"E","200","D"
"20134",2690593,20,9,"1",.,"A",146,"E","210","D"
"20134",2690593,20,10,"1",.,"A",183,"E","220","D"
"20134",2690933,25,0,"1",1,"D",.,"H",,"A"
"20134",2690933,25,1,"1",.,"A",264,"E","100","D"
"20134",2690933,25,2,"1",.,"A",66,"E","110","D"
"20134",2691333,18,0,"1",1,"D",.,"H",,"A"
"20134",2691333,18,1,"1",.,"A",7,"E","120","D"
"20134",2691333,18,2,"1",.,"A",40,"E","150","D"
"20134",2691333,18,3,"1",.,"A",8,"E","160","D"
"20134",2691333,18,4,"1",.,"A",13,"E","180","D"
"20134",2691333,18,5,"1",.,"A",7,"E","190","D"
"20134",2692323,33,0,"1",2,"D",.,"H",,"A"
"20134",2692323,33,1,"1",.,"A",76,"E","100","D"
"20134",2692323,33,2,"1",.,"A",23,"E","110","D"
"20134",2692323,33,3,"1",.,"A",46,"E","120","D"
"20134",2692323,33,4,"1",.,"A",148,"E","130","D"
"20134",2692323,33,5,"1",.,"A",4,"E","140","D"
"20134",2692323,33,6,"1",.,"A",230,"E","150","D"
"20134",2692323,33,7,"1",.,"A",50,"E","170","D"
"20134",2692323,33,8,"1",.,"A",23,"E","190","D"
"20134",2692343,32,0,"1",1,"D",.,"H",,"A"
"20134",2692343,32,1,"1",.,"A",21,"E","100","D"
"20134",2692343,32,2,"1",.,"A",11,"E","110","D"
"20134",2692343,32,3,"1",.,"A",11,"E","200","D"
"20134",2692343,32,4,"1",.,"A",10,"E","210","D"
"20134",2692343,32,5,"1",.,"A",2,"E","220","D"
"20134",2692583,16,0,"1",1,"D",.,"H",,"A"
"20134",2692583,16,1,"1",.,"A",45,"E","120","D"
"20134",2692583,16,2,"1",.,"A",5,"E","140","D"
"20134",2692583,16,3,"1",.,"A",391,"E","150","D"
"20134",2692583,16,4,"1",.,"A",59,"E","170","D"
"20134",2694653,60,0,"1",5,"D",.,"H",,"A"
"20134",2694653,60,1,"1",.,"A",94,"E","100","D"
"20134",2694653,60,2,"1",.,"A",32,"E","110","D"
"20134",2694653,60,3,"1",.,"A",46,"E","120","D"
"20134",2694653,60,4,"1",.,"A",212,"E","130","D"
"20134",2694653,60,5,"1",.,"A",6,"E","140","D"
"20134",2694653,60,6,"1",.,"A",413,"E","150","D"
"20134",2694653,60,7,"1",.,"A",64,"E","160","D"
"20134",2694653,60,8,"1",.,"A",46,"E","190","D"
"20134",2694653,60,9,"1",.,"A",71,"E","200","D"
"20134",2694653,60,10,"1",.,"A",96,"E","210","D"
"20134",2694653,60,11,"1",.,"A",120,"E","220","D"
"20134",2695033,42,0,"1",2,"D",.,"H",,"A"
"20134",2695033,42,1,"1",.,"A",38,"E","100","D"
"20134",2695033,42,2,"1",.,"A",12,"E","110","D"
"20134",2696323,24,0,"1",1,"D",.,"H",,"A"
"20134",2696323,24,1,"1",.,"A",51,"E","100","D"
"20134",2696323,24,2,"1",.,"A",23,"E","110","D"
"20134",2696323,24,3,"1",.,"A",40,"E","120","D"
"20134",2696323,24,4,"1",.,"A",117,"E","130","D"
"20134",2696323,24,5,"1",.,"A",5,"E","140","D"
"20134",2696323,24,6,"1",.,"A",323,"E","150","D"
"20134",2696323,24,7,"1",.,"A",41,"E","190","D"
"20134",2696725,10,0,"1",1,"D",.,"H",,"A"
"20134",2696725,10,1,"1",.,"A",7,"E","100","D"
"20134",2696725,10,2,"1",.,"A",3,"E","110","D"
"20134",2696963,11,0,"1",1,"D",.,"H",,"A"
"20134",2696963,11,1,"1",.,"A",41,"E","120","D"
"20134",2696963,11,2,"1",.,"A",2,"E","140","D"
"20134",2696963,11,3,"1",.,"A",195,"E","150","D"
"20134",2696963,11,4,"1",.,"A",48,"E","160","D"
"20134",2696963,11,5,"1",.,"A",2,"E","170","D"
"20134",2696963,11,6,"1",.,"A",71,"E","180","D"
"20134",2696963,11,7,"1",.,"A",41,"E","190","D"
"20134",2697033,25,0,"1",2,"D",.,"H",,"A"
"20134",2697033,25,1,"1",.,"A",371,"E","100","D"
"20134",2697033,25,2,"1",.,"A",129,"E","110","D"
"20134",2697453,49,0,"1",1,"D",.,"H",,"A"
"20134",2697453,49,1,"1",.,"A",38,"E","200","D"
"20134",2697453,49,2,"1",.,"A",138,"E","210","D"
"20134",2697453,49,3,"1",.,"A",174,"E","220","D"
"20134",2697833,19,0,"1",12,"D",.,"H",,"A"
"20134",2697833,19,1,"1",.,"A",356,"E","100","D"
"20134",2697833,19,2,"1",.,"A",44,"E","110","D"
"20134",2698353,17,0,"1",1,"D",.,"H",,"A"
"20134",2698353,17,1,"1",.,"A",188,"E","100","D"
"20134",2698353,17,2,"1",.,"A",84,"E","110","D"
"20134",2698353,17,3,"1",.,"A",167,"E","120","D"
"20134",2698353,17,4,"1",.,"A",490,"E","130","D"
"20134",2698353,17,5,"1",.,"A",15,"E","140","D"
"20134",2698353,17,6,"1",.,"A",798,"E","150","D"
"20134",2698353,17,7,"1",.,"A",190,"E","160","D"
"20134",2698353,17,8,"1",.,"A",9,"E","170","D"
"20134",2698353,17,9,"1",.,"A",290,"E","180","D"
"20134",2698353,17,10,"1",.,"A",169,"E","190","D"
"20134",2698923,35,0,"1",1,"D",.,"H",,"A"
"20134",2698923,35,1,"1",.,"A",60,"E","100","D"
"20134",2698923,35,2,"1",.,"A",22,"E","110","D"
"20134",2698923,35,3,"1",.,"A",133,"E","130","D"
"20134",2699493,24,0,"1",1,"D",.,"H",,"A"
"20134",2699493,24,1,"1",.,"A",36,"E","100","D"
"20134",2699493,24,2,"1",.,"A",14,"E","110","D"
"20134",2699663,33,0,"1",1,"D",.,"H",,"A"
"20134",2699663,33,1,"1",.,"A",16,"E","100","D"
"20134",2699663,33,2,"1",.,"A",4,"E","110","D"
"20134",2699663,33,3,"1",.,"A",10,"E","120","D"
"20134",2699663,33,4,"1",.,"A",1,"E","140","D"
"20134",2699663,33,5,"1",.,"A",53,"E","150","D"
"20134",2699663,33,6,"1",.,"A",11,"E","170","D"
"20134",2699663,33,7,"1",.,"A",5,"E","190","D"
"20134",2700373,29,0,"1",1,"D",.,"H",,"A"
"20134",2700373,29,1,"1",.,"A",1082,"E","100","D"
"20134",2700373,29,2,"1",.,"A",418,"E","110","D"
"20134",2700453,25,0,"1",1,"D",.,"H",,"A"
"20134",2700453,25,1,"1",.,"A",223,"E","100","D"
"20134",2700453,25,2,"1",.,"A",28,"E","110","D"
"20134",2700453,25,3,"1",.,"A",338,"E","120","D"
"20134",2700453,25,4,"1",.,"A",1211,"E","130","D"
"20134",2700453,25,5,"1",.,"A",24,"E","140","D"
"20134",2700453,25,6,"1",.,"A",2404,"E","150","D"
"20134",2700453,25,7,"1",.,"A",32,"E","180","D"
"20134",2700453,25,8,"1",.,"A",240,"E","190","D"
"20134",2700923,26,0,"1",16,"D",.,"H",,"A"
"20134",2700923,26,1,"1",.,"A",288,"E","100","D"
"20134",2700923,26,2,"1",.,"A",112,"E","110","D"
"20134",2701333,65,0,"1",1,"D",.,"H",,"A"
"20134",2701333,65,1,"1",.,"A",1,"E","100","D"
"20134",2701333,65,2,"1",.,"A",1,"E","110","D"
"20134",2702823,48,0,"1",1,"D",.,"H",,"A"
"20134",2702823,48,1,"1",.,"A",260,"G","100","D"
"20134",2702823,48,2,"1",.,"A",90,"G","110","D"
"20134",2703113,23,0,"1",1,"D",.,"H",,"A"
"20134",2703113,23,1,"1",.,"A",16,"E","100","D"
"20134",2703113,23,2,"1",.,"A",4,"E","110","D"
"20134",2703113,23,3,"1",.,"A",8,"E","120","D"
"20134",2703113,23,4,"1",.,"A",25,"E","130","D"
"20134",2703113,23,5,"1",.,"A",1,"E","140","D"
"20134",2703113,23,6,"1",.,"A",70,"E","150","D"
"20134",2703113,23,7,"1",.,"A",9,"E","190","D"
"20134",2703113,23,8,"1",.,"A",6,"E","200","D"
"20134",2703113,23,9,"1",.,"A",5,"E","210","D"
"20134",2703113,23,10,"1",.,"A",1,"E","220","D"
"20134",2704613,39,0,"1",1,"D",.,"H",,"A"
"20134",2704613,39,1,"1",.,"A",70,"E","100","D"
"20134",2704613,39,2,"1",.,"A",24,"E","110","D"
"20134",2704613,39,3,"1",.,"A",30,"E","120","D"
"20134",2704613,39,4,"1",.,"A",159,"E","130","D"
"20134",2704613,39,5,"1",.,"A",4,"E","140","D"
"20134",2704613,39,6,"1",.,"A",310,"E","150","D"
"20134",2704613,39,7,"1",.,"A",48,"E","160","D"
"20134",2704613,39,8,"1",.,"A",34,"E","190","D"
"20134",2704613,39,9,"1",.,"A",53,"E","200","D"
"20134",2704613,39,10,"1",.,"A",78,"E","210","D"
"20134",2704613,39,11,"1",.,"A",90,"E","220","D"
"20134",2704893,37,0,"1",1,"D",.,"H",,"A"
"20134",2704893,37,1,"1",.,"A",69,"E","100","D"
"20134",2704893,37,2,"1",.,"A",31,"E","110","D"
"20134",2705543,32,0,"1",1,"D",.,"H",,"A"
"20134",2705543,32,1,"1",.,"A",56,"E","100","D"
"20134",2705543,32,2,"1",.,"A",27,"E","110","D"
"20134",2705543,32,3,"1",.,"A",23,"E","200","D"
"20134",2705543,32,4,"1",.,"A",86,"E","210","D"
"20134",2705543,32,5,"1",.,"A",108,"E","220","D"
"20134",2705793,21,0,"1",1,"D",.,"H",,"A"
"20134",2705793,21,1,"1",.,"A",22,"E","100","D"
"20134",2705793,21,2,"1",.,"A",8,"E","110","D"
"20134",2706913,9,0,"1",3,"D",.,"H",,"A"
"20134",2706913,9,1,"1",.,"A",158,"E","100","D"
"20134",2706913,9,2,"1",.,"A",56,"E","110","D"
"20134",2706913,9,3,"1",.,"A",128,"E","120","D"
"20134",2706913,9,4,"1",.,"A",230,"E","130","D"
"20134",2706913,9,5,"1",.,"A",24,"E","140","D"
"20134",2706913,9,6,"1",.,"A",619,"E","150","D"
"20134",2706913,9,7,"1",.,"A",37,"E","160","D"
"20134",2706913,9,8,"1",.,"A",149,"E","170","D"
"20134",2706913,9,9,"1",.,"A",99,"E","190","D"
"20134",2708343,54,0,"1",1,"D",.,"H",,"A"
"20134",2708343,54,1,"1",.,"A",125,"E","200","D"
"20134",2708343,54,2,"1",.,"A",166,"E","210","D"
"20134",2708343,54,3,"1",.,"A",209,"E","220","D"
"20134",2709023,53,0,"1",3,"D",.,"H",,"A"
"20134",2709023,53,1,"1",.,"A",13,"E","120","D"
"20134",2709023,53,2,"1",.,"A",1,"E","140","D"
"20134",2709023,53,3,"1",.,"A",108,"E","150","D"
"20134",2709023,53,4,"1",.,"A",16,"E","160","D"
"20134",2709023,53,5,"1",.,"A",12,"E","190","D"
"20134",2709133,28,0,"1",1,"D",.,"H",,"A"
"20134",2709133,28,1,"1",.,"A",160,"E","100","D"
"20134",2709133,28,2,"1",.,"A",40,"E","110","D"
"20134",2709573,38,0,"1",1,"D",.,"H",,"A"
"20134",2709573,38,1,"1",.,"A",31,"E","100","D"
"20134",2709573,38,2,"1",.,"A",12,"E","110","D"
"20134",2709573,38,3,"1",.,"A",13,"E","120","D"
"20134",2709573,38,4,"1",.,"A",2,"E","140","D"
"20134",2709573,38,5,"1",.,"A",136,"E","150","D"
"20134",2709573,38,6,"1",.,"A",21,"E","160","D"
"20134",2709573,38,7,"1",.,"A",15,"E","190","D"
"20134",2710563,39,0,"1",1,"D",.,"H",,"A"
"20134",2710563,39,1,"1",.,"A",7,"E","120","D"
"20134",2710563,39,2,"1",.,"A",28,"E","150","D"
"20134",2710563,39,3,"1",.,"A",4,"E","160","D"
"20134",2710563,39,4,"1",.,"A",3,"E","190","D"
"20134",2710563,39,5,"1",.,"A",4,"E","200","D"
"20134",2710563,39,6,"1",.,"A",6,"E","210","D"
"20134",2710563,39,7,"1",.,"A",8,"E","220","D"
"20134",2711303,24,0,"1",1,"D",.,"H",,"A"
"20134",2711303,24,1,"1",.,"A",124,"E","100","D"
"20134",2711303,24,2,"1",.,"A",76,"E","110","D"
"20134",2712803,34,0,"1",1,"D",.,"H",,"A"
"20134",2712803,34,1,"1",.,"A",183,"E","100","D"
"20134",2712803,34,2,"1",.,"A",110,"E","110","D"
"20134",2712803,34,3,"1",.,"A",119,"E","120","D"
"20134",2712803,34,4,"1",.,"A",820,"E","130","D"
"20134",2712803,34,5,"1",.,"A",15,"E","140","D"
"20134",2712803,34,6,"1",.,"A",1050,"E","150","D"
"20134",2712803,34,7,"1",.,"A",158,"E","170","D"
"20134",2714822,15,0,"1",1,"D",.,"H",,"A"
"20134",2714822,15,1,"1",.,"A",132,"E","100","D"
"20134",2714822,15,2,"1",.,"A",49,"E","110","D"
"20134",2714822,15,3,"1",.,"A",100,"E","120","D"
"20134",2714822,15,4,"1",.,"A",293,"E","130","D"
"20134",2714822,15,5,"1",.,"A",13,"E","140","D"
"20134",2714822,15,6,"1",.,"A",809,"E","150","D"
"20134",2714822,15,7,"1",.,"A",104,"E","190","D"
"20134",2714942,26,0,"1",1,"D",.,"H",,"A"
"20134",2714942,26,1,"1",.,"A",10,"E","100","D"
"20134",2714942,26,2,"1",.,"A",4,"E","110","D"
"20134",2714942,26,3,"1",.,"A",10,"E","120","D"
"20134",2714942,26,4,"1",.,"A",1,"E","140","D"
"20134",2714942,26,5,"1",.,"A",67,"E","150","D"
"20134",2714942,26,6,"1",.,"A",8,"E","190","D"
"20134",2715102,42,0,"1",1,"D",.,"H",,"A"
"20134",2715102,42,1,"1",.,"A",47,"E","120","D"
"20134",2715102,42,2,"1",.,"A",4,"E","140","D"
"20134",2715102,42,3,"1",.,"A",236,"E","150","D"
"20134",2715102,42,4,"1",.,"A",50,"E","170","D"
"20134",2715102,42,5,"1",.,"A",23,"E","190","D"
"20134",2715312,32,0,"1",1,"D",.,"H",,"A"
"20134",2715312,32,1,"1",.,"A",127,"E","100","D"
"20134",2715312,32,2,"1",.,"A",36,"E","110","D"
"20134",2715312,32,3,"1",.,"A",77,"E","120","D"
"20134",2715312,32,4,"1",.,"A",247,"E","130","D"
"20134",2715312,32,5,"1",.,"A",7,"E","140","D"
"20134",2715312,32,6,"1",.,"A",384,"E","150","D"
"20134",2715312,32,7,"1",.,"A",83,"E","170","D"
"20134",2715312,32,8,"1",.,"A",39,"E","190","D"
"20134",2715322,39,0,"1",1,"D",.,"H",,"A"
"20134",2715322,39,1,"1",.,"A",83,"E","100","D"
"20134",2715322,39,2,"1",.,"A",28,"E","110","D"
"20134",2715322,39,3,"1",.,"A",35,"E","120","D"
"20134",2715322,39,4,"1",.,"A",5,"E","140","D"
"20134",2715322,39,5,"1",.,"A",355,"E","150","D"
"20134",2715322,39,6,"1",.,"A",55,"E","160","D"
"20134",2715322,39,7,"1",.,"A",39,"E","190","D"
"20134",2715984,36,0,"1",4,"D",.,"H",,"A"
"20134",2715984,36,1,"1",.,"A",259,"E","100","D"
"20134",2715984,36,2,"1",.,"A",91,"E","110","D"
"20134",2716402,24,0,"1",1,"D",.,"H",,"A"
"20134",2716402,24,1,"1",.,"A",34,"E","100","D"
"20134",2716402,24,2,"1",.,"A",13,"E","110","D"
"20134",2716402,24,3,"1",.,"A",26,"E","120","D"
"20134",2716402,24,4,"1",.,"A",82,"E","130","D"
"20134",2716402,24,5,"1",.,"A",3,"E","140","D"
"20134",2716402,24,6,"1",.,"A",215,"E","150","D"
"20134",2716402,24,7,"1",.,"A",27,"E","190","D"
"20134",2716762,46,0,"1",1,"D",.,"H",,"A"
"20134",2716762,46,1,"1",.,"A",275,"E","100","D"
"20134",2716762,46,2,"1",.,"A",95,"E","110","D"
"20134",2716762,46,3,"1",.,"A",119,"E","120","D"
"20134",2716762,46,4,"1",.,"A",619,"E","130","D"
"20134",2716762,46,5,"1",.,"A",19,"E","140","D"
"20134",2716762,46,6,"1",.,"A",1206,"E","150","D"
"20134",2716762,46,7,"1",.,"A",187,"E","160","D"
"20134",2716762,46,8,"1",.,"A",134,"E","190","D"
"20134",2716762,46,9,"1",.,"A",209,"E","200","D"
"20134",2716762,46,10,"1",.,"A",285,"E","210","D"
"20134",2716762,46,11,"1",.,"A",352,"E","220","D"
"20134",2718072,25,0,"1",2,"D",.,"H",,"A"
"20134",2718072,25,1,"1",.,"A",63,"E","100","D"
"20134",2718072,25,2,"1",.,"A",37,"E","110","D"
"20134",2718132,13,0,"1",1,"D",.,"H",,"A"
"20134",2718132,13,1,"1",.,"A",153,"E","100","D"
"20134",2718132,13,2,"1",.,"A",89,"E","110","D"
"20134",2718132,13,3,"1",.,"A",94,"E","120","D"
"20134",2718132,13,4,"1",.,"A",668,"E","130","D"
"20134",2718132,13,5,"1",.,"A",12,"E","140","D"
"20134",2718132,13,6,"1",.,"A",855,"E","150","D"
"20134",2718132,13,7,"1",.,"A",129,"E","170","D"
"20134",2718762,31,0,"1",1,"D",.,"H",,"A"
"20134",2718762,31,1,"1",.,"A",3,"E","120","D"
"20134",2718762,31,2,"1",.,"A",33,"E","150","D"
"20134",2718762,31,3,"1",.,"A",4,"E","190","D"
"20134",2719802,44,0,"1",1,"D",.,"H",,"A"
"20134",2719802,44,1,"1",.,"A",153,"E","100","D"
"20134",2719802,44,2,"1",.,"A",38,"E","110","D"
"20134",2719802,44,3,"1",.,"A",92,"E","120","D"
"20134",2719802,44,4,"1",.,"A",297,"E","130","D"
"20134",2719802,44,5,"1",.,"A",9,"E","140","D"
"20134",2719802,44,6,"1",.,"A",464,"E","150","D"
"20134",2719802,44,7,"1",.,"A",100,"E","170","D"
"20134",2719802,44,8,"1",.,"A",47,"E","190","D"
"20134",2720282,29,0,"1",1,"D",.,"H",,"A"
"20134",2720282,29,1,"1",.,"A",16,"E","100","D"
"20134",2720282,29,2,"1",.,"A",9,"E","110","D"
"20134",2720282,29,3,"1",.,"A",2,"E","200","D"
"20134",2720282,29,4,"1",.,"A",32,"E","210","D"
"20134",2720282,29,5,"1",.,"A",6,"E","220","D"
"20134",2720782,12,0,"1",1,"D",.,"H",,"A"
"20134",2720782,12,1,"1",.,"A",37,"E","100","D"
"20134",2720782,12,2,"1",.,"A",22,"E","110","D"
"20134",2720782,12,3,"1",.,"A",171,"E","130","D"
"20134",2721042,34,0,"1",2,"D",.,"H",,"A"
"20134",2721042,34,1,"1",.,"A",21,"E","100","D"
"20134",2721042,34,2,"1",.,"A",9,"E","110","D"
"20134",2721262,15,0,"1",1,"D",.,"H",,"A"
"20134",2721262,15,1,"1",.,"A",240,"E","100","D"
"20134",2721262,15,2,"1",.,"A",106,"E","110","D"
"20134",2721262,15,3,"1",.,"A",209,"E","120","D"
"20134",2721262,15,4,"1",.,"A",613,"E","130","D"
"20134",2721262,15,5,"1",.,"A",11,"E","140","D"
"20134",2721262,15,6,"1",.,"A",997,"E","150","D"
"20134",2721262,15,7,"1",.,"A",238,"E","160","D"
"20134",2721262,15,8,"1",.,"A",11,"E","170","D"
"20134",2721262,15,9,"1",.,"A",363,"E","180","D"
"20134",2721262,15,10,"1",.,"A",212,"E","190","D"
"20134",2723972,47,0,"1",2,"D",.,"H",,"A"
"20134",2723972,47,1,"1",.,"A",89,"E","120","D"
"20134",2723972,47,2,"1",.,"A",285,"E","130","D"
"20134",2723972,47,3,"1",.,"A",8,"E","140","D"
"20134",2723972,47,4,"1",.,"A",443,"E","150","D"
"20134",2723972,47,5,"1",.,"A",96,"E","170","D"
"20134",2723972,47,6,"1",.,"A",51,"E","190","D"
"20134",2723972,47,7,"1",.,"A",80,"E","200","D"
"20134",2723972,47,8,"1",.,"A",13,"E","210","D"
"20134",2724742,8,0,"1",1,"D",.,"H",,"A"
"20134",2724742,8,1,"1",.,"A",1,"E","100","D"
"20134",2724902,54,0,"1",1,"D",.,"H",,"A"
"20134",2724902,54,1,"1",.,"A",103,"E","100","D"
"20134",2724902,54,2,"1",.,"A",37,"E","110","D"
"20134",2725052,32,0,"1",1,"D",.,"H",,"A"
"20134",2725052,32,1,"1",.,"A",31,"E","100","D"
"20134",2725052,32,2,"1",.,"A",12,"E","110","D"
"20134",2725052,32,3,"1",.,"A",25,"E","120","D"
"20134",2725052,32,4,"1",.,"A",3,"E","140","D"
"20134",2725052,32,5,"1",.,"A",203,"E","150","D"
"20134",2725052,32,6,"1",.,"A",26,"E","190","D"
"20134",2725412,53,0,"1",3,"D",.,"H",,"A"
"20134",2725412,53,1,"1",.,"A",30,"E","200","D"
"20134",2725412,53,2,"1",.,"A",5,"E","210","D"
"20134",2726652,39,0,"1",1,"D",.,"H",,"A"
"20134",2726652,39,1,"1",.,"A",152,"E","100","D"
"20134",2726652,39,2,"1",.,"A",68,"E","110","D"
"20134",2726995,45,0,"1",1,"D",.,"H",,"A"
"20134",2726995,45,1,"1",.,"A",21,"E","100","D"
"20134",2726995,45,2,"1",.,"A",9,"E","110","D"
"20134",2726995,45,3,"1",.,"A",19,"E","120","D"
"20134",2726995,45,4,"1",.,"A",1,"E","140","D"
"20134",2726995,45,5,"1",.,"A",91,"E","150","D"
"20134",2726995,45,6,"1",.,"A",22,"E","160","D"
"20134",2726995,45,7,"1",.,"A",1,"E","170","D"
"20134",2726995,45,8,"1",.,"A",33,"E","180","D"
"20134",2726995,45,9,"1",.,"A",23,"E","190","D"
"20134",2727592,38,0,"1",2,"D",.,"H",,"A"
"20134",2727592,38,1,"1",.,"A",20,"G","100","D"
"20134",2727592,38,2,"1",.,"A",12,"G","110","D"
"20134",2727592,38,3,"1",.,"A",8,"G","200","D"
"20134",2727592,38,4,"1",.,"A",31,"G","210","D"
"20134",2727592,38,5,"1",.,"A",39,"G","220","D"
"20134",2728092,29,0,"1",2,"D",.,"H",,"A"
"20134",2728092,29,1,"1",.,"A",81,"E","100","D"
"20134",2728092,29,2,"1",.,"A",19,"E","110","D"
"20134",2729185,35,0,"1",1,"D",.,"H",,"A"
"20134",2729185,35,1,"1",.,"A",73,"E","100","D"
"20134",2729185,35,2,"1",.,"A",27,"E","110","D"
"20134",2729884,39,0,"1",3,"D",.,"H",,"A"
"20134",2729884,39,1,"1",.,"A",120,"E","100","D"
"20134",2729884,39,2,"1",.,"A",30,"E","110","D"
"20134",2730192,17,0,"1",1,"D",.,"H",,"A"
"20134",2730192,17,1,"1",.,"A",99,"G","120","D"
"20134",2730192,17,2,"1",.,"A",5,"G","140","D"
"20134",2730192,17,3,"1",.,"A",473,"G","150","D"
"20134",2730192,17,4,"1",.,"A",116,"G","160","D"
"20134",2730192,17,5,"1",.,"A",5,"G","170","D"
"20134",2730192,17,6,"1",.,"A",172,"G","180","D"
"20134",2730192,17,7,"1",.,"A",100,"G","190","D"
"20134",2730272,31,0,"1",1,"D",.,"H",,"A"
"20134",2730272,31,1,"1",.,"A",85,"G","100","D"
"20134",2730272,31,2,"1",.,"A",31,"G","110","D"
"20134",2730272,31,3,"1",.,"A",71,"G","120","D"
"20134",2730272,31,4,"1",.,"A",127,"G","130","D"
"20134",2730272,31,5,"1",.,"A",13,"G","140","D"
"20134",2730272,31,6,"1",.,"A",344,"G","150","D"
"20134",2730272,31,7,"1",.,"A",20,"G","160","D"
"20134",2730272,31,8,"1",.,"A",82,"G","170","D"
"20134",2730272,31,9,"1",.,"A",62,"G","190","D"
"20134",2730272,31,10,"1",.,"A",42,"G","200","D"
"20134",2730272,31,11,"1",.,"A",80,"G","210","D"
"20134",2730272,31,12,"1",.,"A",43,"G","220","D"
"20134",2731102,32,0,"1",2,"D",.,"H",,"A"
"20134",2731102,32,1,"1",.,"A",200,"E","100","D"
"20134",2731102,32,2,"1",.,"A",50,"E","110","D"
"20134",2731872,54,0,"1",2,"D",.,"H",,"A"
"20134",2731872,54,1,"1",.,"A",5,"E","120","D"
"20134",2731872,54,2,"1",.,"A",12,"E","150","D"
"20134",2731872,54,3,"1",.,"A",2,"E","170","D"
"20134",2731872,54,4,"1",.,"A",1,"E","190","D"
"20134",2731895,14,0,"1",4,"D",.,"H",,"A"
"20134",2731895,14,1,"1",.,"A",74,"E","100","D"
"20134",2731895,14,2,"1",.,"A",26,"E","110","D"
"20134",2732223,17,0,"1",1,"D",.,"H",,"A"
"20134",2732223,17,1,"1",.,"A",8,"E","100","D"
"20134",2732223,17,2,"1",.,"A",3,"E","110","D"
"20134",2732223,17,3,"1",.,"A",6,"E","120","D"
"20134",2732223,17,4,"1",.,"A",19,"E","130","D"
"20134",2732223,17,5,"1",.,"A",53,"E","150","D"
"20134",2732223,17,6,"1",.,"A",11,"E","190","D"
"20134",2732502,10,0,"1",1,"D",.,"H",,"A"
"20134",2732502,10,1,"1",.,"A",41,"E","100","D"
"20134",2732502,10,2,"1",.,"A",25,"E","110","D"
"20134",2732502,10,3,"1",.,"A",184,"E","130","D"
"20134",2733352,23,0,"1",2,"D",.,"H",,"A"
"20134",2733352,23,1,"1",.,"A",89,"E","100","D"
"20134",2733352,23,2,"1",.,"A",25,"E","110","D"
"20134",2733352,23,3,"1",.,"A",54,"E","120","D"
"20134",2733352,23,4,"1",.,"A",173,"E","130","D"
"20134",2733352,23,5,"1",.,"A",5,"E","140","D"
"20134",2733352,23,6,"1",.,"A",269,"E","150","D"
"20134",2733352,23,7,"1",.,"A",58,"E","170","D"
"20134",2733352,23,8,"1",.,"A",27,"E","190","D"
"20134",2733815,35,0,"1",1,"D",.,"H",,"A"
"20134",2733815,35,1,"1",.,"A",217,"E","100","D"
"20134",2733815,35,2,"1",.,"A",83,"E","110","D"
"20134",2736452,24,0,"1",1,"D",.,"H",,"A"
"20134",2736452,24,1,"1",.,"A",33,"E","100","D"
"20134",2736452,24,2,"1",.,"A",11,"E","110","D"
"20134",2736452,24,3,"1",.,"A",17,"E","200","D"
"20134",2736452,24,4,"1",.,"A",15,"E","210","D"
"20134",2736452,24,5,"1",.,"A",4,"E","220","D"
"20134",2737212,33,0,"1",1,"D",.,"H",,"A"
"20134",2737212,33,1,"1",.,"A",24,"E","100","D"
"20134",2737212,33,2,"1",.,"A",7,"E","110","D"
"20134",2737212,33,3,"1",.,"A",8,"E","120","D"
"20134",2737212,33,4,"1",.,"A",1,"E","140","D"
"20134",2737212,33,5,"1",.,"A",88,"E","150","D"
"20134",2737212,33,6,"1",.,"A",13,"E","160","D"
"20134",2737212,33,7,"1",.,"A",9,"E","190","D"
"20134",2737672,35,0,"1",1,"D",.,"H",,"A"
"20134",2737672,35,1,"1",.,"A",3138,"E","100","D"
"20134",2737672,35,2,"1",.,"A",781,"E","110","D"
"20134",2737672,35,3,"1",.,"A",3024,"U","130","D"
"20134",2737942,36,0,"1",1,"D",.,"H",,"A"
"20134",2737942,36,1,"1",.,"A",41,"E","200","D"
"20134",2737942,36,2,"1",.,"A",8,"E","210","D"
"20134",2739232,42,0,"1",1,"D",.,"H",,"A"
"20134",2739232,42,1,"1",.,"A",130,"E","100","D"
"20134",2739232,42,2,"1",.,"A",50,"E","110","D"
"20134",2740202,37,0,"1",1,"D",.,"H",,"A"
"20134",2740202,37,1,"1",.,"A",25,"E","200","D"
"20134",2740202,37,2,"1",.,"A",48,"E","210","D"
"20134",2740202,37,3,"1",.,"A",27,"E","220","D"
"20134",2741702,27,0,"1",1,"D",.,"H",,"A"
"20134",2741702,27,1,"1",.,"A",34,"E","100","D"
"20134",2741702,27,2,"1",.,"A",13,"E","110","D"
"20134",2741702,27,3,"1",.,"A",30,"E","120","D"
"20134",2741702,27,4,"1",.,"A",78,"E","130","D"
"20134",2741702,27,5,"1",.,"A",3,"E","140","D"
"20134",2741702,27,6,"1",.,"A",215,"E","150","D"
"20134",2741702,27,7,"1",.,"A",27,"E","190","D"
"20134",2742442,22,0,"1",2,"D",.,"H",,"A"
"20134",2742442,22,1,"1",.,"A",73,"E","120","D"
"20134",2742442,22,2,"1",.,"A",235,"E","130","D"
"20134",2742442,22,3,"1",.,"A",7,"E","140","D"
"20134",2742442,22,4,"1",.,"A",369,"E","150","D"
"20134",2742442,22,5,"1",.,"A",79,"E","170","D"
"20134",2742442,22,6,"1",.,"A",37,"E","190","D"
"20134",2742692,22,0,"1",1,"D",.,"H",,"A"
"20134",2742692,22,1,"1",.,"A",3,"E","120","D"
"20134",2742692,22,2,"1",.,"A",31,"E","150","D"
"20134",2742692,22,3,"1",.,"A",6,"E","170","D"
"20134",2743102,15,0,"1",3,"D",.,"H",,"A"
"20134",2743102,15,1,"1",.,"A",31,"E","120","D"
"20134",2743102,15,2,"1",.,"A",1,"E","140","D"
"20134",2743102,15,3,"1",.,"A",221,"E","150","D"
"20134",2743102,15,4,"1",.,"A",2,"E","180","D"
"20134",2743102,15,5,"1",.,"A",25,"E","190","D"
"20134",2745822,13,0,"1",2,"D",.,"H",,"A"
"20134",2745822,13,1,"1",.,"A",144,"E","120","D"
"20134",2745822,13,2,"1",.,"A",9,"E","140","D"
"20134",2745822,13,3,"1",.,"A",1029,"E","150","D"
"20134",2745822,13,4,"1",.,"A",16,"E","180","D"
"20134",2745822,13,5,"1",.,"A",102,"E","190","D"
"20134",2745952,22,0,"1",1,"D",.,"H",,"A"
"20134",2745952,22,1,"1",.,"A",24,"G","100","D"
"20134",2745952,22,2,"1",.,"A",8,"G","110","D"
"20134",2745952,22,3,"1",.,"A",11,"G","200","D"
"20134",2745952,22,4,"1",.,"A",10,"G","210","D"
"20134",2745952,22,5,"1",.,"A",2,"G","220","D"
"20134",2746652,60,0,"1",1,"D",.,"H",,"A"
"20134",2746652,60,1,"1",.,"A",90,"E","100","D"
"20134",2746652,60,2,"1",.,"A",31,"E","110","D"
"20134",2746652,60,3,"1",.,"A",68,"E","200","D"
"20134",2746652,60,4,"1",.,"A",92,"E","210","D"
"20134",2746652,60,5,"1",.,"A",119,"E","220","D"
"20134",2746984,30,0,"1",2,"D",.,"H",,"A"
"20134",2746984,30,1,"1",.,"A",35,"E","100","D"
"20134",2746984,30,2,"1",.,"A",12,"E","110","D"
"20134",2746984,30,3,"1",.,"A",16,"E","200","D"
"20134",2746984,30,4,"1",.,"A",31,"E","210","D"
"20134",2746984,30,5,"1",.,"A",16,"E","220","D"
"20134",2753375,30,0,"1",1,"D",.,"H",,"A"
"20134",2753375,30,1,"1",.,"A",71,"E","100","D"
"20134",2753375,30,2,"1",.,"A",16,"E","110","D"
"20134",2753375,30,3,"1",.,"A",41,"E","120","D"
"20134",2753375,30,4,"1",.,"A",4,"E","140","D"
"20134",2753375,30,5,"1",.,"A",204,"E","150","D"
"20134",2753375,30,6,"1",.,"A",44,"E","170","D"
"20134",2753375,30,7,"1",.,"A",20,"E","190","D"
"20134",2756465,9,0,"1",1,"D",.,"H",,"A"
"20134",2756465,9,1,"1",.,"A",45,"E","100","D"
"20134",2756465,9,2,"1",.,"A",16,"E","110","D"
"20134",2756465,9,3,"1",.,"A",33,"E","120","D"
"20134",2756465,9,4,"1",.,"A",4,"E","140","D"
"20134",2756465,9,5,"1",.,"A",268,"E","150","D"
"20134",2756465,9,6,"1",.,"A",34,"E","190","D"
"20134",2756955,36,0,"1",1,"D",.,"H",,"A"
"20134",2756955,36,1,"1",.,"A",12,"E","120","D"
"20134",2756955,36,2,"1",.,"A",1,"E","140","D"
"20134",2756955,36,3,"1",.,"A",51,"E","150","D"
"20134",2756955,36,4,"1",.,"A",11,"E","170","D"
"20134",2756955,36,5,"1",.,"A",5,"E","190","D"
"20134",2757364,8,0,"1",2,"D",.,"H",,"A"
"20134",2757364,8,1,"1",.,"A",8,"E","100","D"
"20134",2757364,8,2,"1",.,"A",2,"E","110","D"
"20134",2757364,8,3,"1",.,"A",4,"E","120","D"
"20134",2757364,8,4,"1",.,"A",20,"E","150","D"
"20134",2757364,8,5,"1",.,"A",5,"E","160","D"
"20134",2757364,8,6,"1",.,"A",7,"E","180","D"
"20134",2757364,8,7,"1",.,"A",4,"E","190","D"
"20134",2759622,51,0,"1",14,"D",.,"H",,"A"
"20134",2759622,51,1,"1",.,"A",104,"E","100","D"
"20134",2759622,51,2,"1",.,"A",36,"E","110","D"
"20134",2777045,15,0,"1",2,"D",.,"H",,"A"
"20134",2777045,15,1,"1",.,"A",63,"E","100","D"
"20134",2777045,15,2,"1",.,"A",15,"E","110","D"
"20134",2777045,15,3,"1",.,"A",38,"E","120","D"
"20134",2777045,15,4,"1",.,"A",129,"E","130","D"
"20134",2777045,15,5,"1",.,"A",3,"E","140","D"
"20134",2777045,15,6,"1",.,"A",192,"E","150","D"
"20134",2777045,15,7,"1",.,"A",41,"E","170","D"
"20134",2777045,15,8,"1",.,"A",19,"E","190","D"
"20141",2647995,51,0,"1",1,"D",.,"H",,"A"
"20141",2647995,51,1,"1",.,"A",130,"E","100","D"
"20141",2647995,51,2,"1",.,"A",22,"E","110","D"
"20141",2647995,51,3,"1",.,"A",66,"E","120","D"
"20141",2647995,51,4,"1",.,"A",17,"E","140","D"
"20141",2647995,51,5,"1",.,"A",290,"E","150","D"
"20141",2647995,51,6,"1",.,"A",64,"E","160","D"
"20141",2647995,51,7,"1",.,"A",139,"E","170","D"
"20141",2647995,51,8,"1",.,"A",92,"E","190","D"
"20141",2649125,32,0,"1",1,"D",.,"H",,"A"
"20141",2649125,32,1,"1",.,"A",103,"E","100","D"
"20141",2649125,32,2,"1",.,"A",57,"E","110","D"
"20141",2649325,38,0,"1",1,"D",.,"H",,"A"
"20141",2649325,38,1,"1",.,"A",5,"E","200","D"
"20141",2649325,38,2,"1",.,"A",21,"E","210","D"
"20141",2649325,38,3,"1",.,"A",19,"E","220","D"
"20141",2651075,20,0,"1",1,"D",.,"H",,"A"
"20141",2651075,20,1,"1",.,"A",15,"E","120","D"
"20141",2651075,20,2,"1",.,"A",3,"E","140","D"
"20141",2651075,20,3,"1",.,"A",119,"E","150","D"
"20141",2651075,20,4,"1",.,"A",13,"E","190","D"
"20141",2652105,24,0,"1",3,"D",.,"H",,"A"
"20141",2652105,24,1,"1",.,"A",133,"E","120","D"
"20141",2652105,24,2,"1",.,"A",3,"E","140","D"
"20141",2652105,24,3,"1",.,"A",709,"E","150","D"
"20141",2652105,24,4,"1",.,"A",8,"E","160","D"
"20141",2652105,24,5,"1",.,"A",57,"E","170","D"
"20141",2652105,24,6,"1",.,"A",46,"E","180","D"
"20141",2652105,24,7,"1",.,"A",44,"E","190","D"
"20141",2652905,31,0,"1",1,"D",.,"H",,"A"
"20141",2652905,31,1,"1",.,"A",66,"E","100","D"
"20141",2652905,31,2,"1",.,"A",27,"E","110","D"
"20141",2652905,31,3,"1",.,"A",177,"E","130","D"
"20141",2653065,64,0,"1",1,"D",.,"H",,"A"
"20141",2653065,64,1,"1",.,"A",61,"E","100","D"
"20141",2653065,64,2,"1",.,"A",13,"E","110","D"
"20141",2653065,64,3,"1",.,"A",25,"E","200","D"
"20141",2653065,64,4,"1",.,"A",87,"E","210","D"
"20141",2653065,64,5,"1",.,"A",84,"E","220","D"
"20141",2654915,57,0,"1",4,"D",.,"H",,"A"
"20141",2654915,57,1,"1",.,"A",603,"E","100","D"
"20141",2654915,57,2,"1",.,"A",106,"E","110","D"
"20141",2654915,57,3,"1",.,"A",318,"E","120","D"
"20141",2654915,57,4,"1",.,"A",3024,"U","130","D"
"20141",2654915,57,5,"1",.,"A",83,"E","140","D"
"20141",2654915,57,6,"1",.,"A",1391,"E","150","D"
"20141",2654915,57,7,"1",.,"A",309,"E","160","D"
"20141",2654915,57,8,"1",.,"A",669,"E","170","D"
"20141",2654915,57,9,"1",.,"A",442,"E","190","D"
"20141",2654915,57,10,"1",.,"A",255,"E","200","D"
"20141",2654915,57,11,"1",.,"A",870,"E","210","D"
"20141",2654915,57,12,"1",.,"A",837,"E","220","D"
"20141",2656425,21,0,"1",1,"D",.,"H",,"A"
"20141",2656425,21,1,"1",.,"A",162,"G","100","D"
"20141",2656425,21,2,"1",.,"A",68,"G","110","D"
"20141",2656445,26,0,"1",1,"D",.,"H",,"A"
"20141",2656445,26,1,"1",.,"A",292,"E","100","D"
"20141",2656445,26,2,"1",.,"A",51,"E","110","D"
"20141",2656445,26,3,"1",.,"A",154,"E","120","D"
"20141",2656445,26,4,"1",.,"A",783,"E","130","D"
"20141",2656445,26,5,"1",.,"A",40,"E","140","D"
"20141",2656445,26,6,"1",.,"A",673,"E","150","D"
"20141",2656445,26,7,"1",.,"A",150,"E","160","D"
"20141",2656445,26,8,"1",.,"A",324,"E","170","D"
"20141",2656445,26,9,"1",.,"A",218,"E","190","D"
"20141",2656645,35,0,"1",1,"D",.,"H",,"A"
"20141",2656645,35,1,"1",.,"A",34,"E","100","D"
"20141",2656645,35,2,"1",.,"A",16,"E","110","D"
"20141",2657035,22,0,"1",1,"D",.,"H",,"A"
"20141",2657035,22,1,"1",.,"A",150,"E","100","D"
"20141",2657035,22,2,"1",.,"A",80,"E","110","D"
"20141",2657135,18,0,"1",1,"D",.,"H",,"A"
"20141",2657135,18,1,"1",.,"A",61,"E","100","D"
"20141",2657135,18,2,"1",.,"A",16,"E","110","D"
"20141",2657135,18,3,"1",.,"A",29,"E","120","D"
"20141",2657135,18,4,"1",.,"A",66,"E","130","D"
"20141",2657135,18,5,"1",.,"A",5,"E","140","D"
"20141",2657135,18,6,"1",.,"A",172,"E","150","D"
"20141",2657135,18,7,"1",.,"A",9,"E","170","D"
"20141",2657135,18,8,"1",.,"A",31,"E","180","D"
"20141",2657135,18,9,"1",.,"A",11,"E","190","D"
"20141",2658645,39,0,"1",1,"D",.,"H",,"A"
"20141",2658645,39,1,"1",.,"A",172,"E","100","D"
"20141",2658645,39,2,"1",.,"A",78,"E","110","D"
"20141",2658645,39,3,"1",.,"A",78,"E","120","D"
"20141",2658645,39,4,"1",.,"A",268,"E","130","D"
"20141",2658645,39,5,"1",.,"A",1,"E","140","D"
"20141",2658645,39,6,"1",.,"A",412,"E","150","D"
"20141",2658645,39,7,"1",.,"A",5,"E","160","D"
"20141",2658645,39,8,"1",.,"A",33,"E","170","D"
"20141",2658645,39,9,"1",.,"A",27,"E","180","D"
"20141",2658645,39,10,"1",.,"A",26,"E","190","D"
"20141",2659145,32,0,"1",1,"D",.,"H",,"A"
"20141",2659145,32,1,"1",.,"A",49,"E","100","D"
"20141",2659145,32,2,"1",.,"A",26,"E","110","D"
"20141",2659185,40,0,"1",1,"D",.,"H",,"A"
"20141",2659185,40,1,"1",.,"A",800,"E","130","D"
"20141",2659455,42,0,"1",1,"D",.,"H",,"A"
"20141",2659455,42,1,"1",.,"A",418,"E","100","D"
"20141",2659455,42,2,"1",.,"A",132,"E","110","D"
"20141",2659455,42,3,"1",.,"A",219,"E","120","D"
"20141",2659455,42,4,"1",.,"A",499,"E","130","D"
"20141",2659455,42,5,"1",.,"A",40,"E","140","D"
"20141",2659455,42,6,"1",.,"A",1292,"E","150","D"
"20141",2659455,42,7,"1",.,"A",74,"E","170","D"
"20141",2659455,42,8,"1",.,"A",239,"E","180","D"
"20141",2659455,42,9,"1",.,"A",87,"E","190","D"
"20141",2659845,49,0,"1",1,"D",.,"H",,"A"
"20141",2659845,49,1,"1",.,"A",97,"E","100","D"
"20141",2659845,49,2,"1",.,"A",47,"E","110","D"
"20141",2659845,49,3,"1",.,"A",156,"E","130","D"
"20141",2660005,32,0,"1",1,"D",.,"H",,"A"
"20141",2660005,32,1,"1",.,"A",46,"E","100","D"
"20141",2660005,32,2,"1",.,"A",24,"E","110","D"
"20141",2660965,13,0,"1",1,"D",.,"H",,"A"
"20141",2660965,13,1,"1",.,"A",9,"E","100","D"
"20141",2660965,13,2,"1",.,"A",6,"E","110","D"
"20141",2661065,28,0,"1",2,"D",.,"H",,"A"
"20141",2661065,28,1,"1",.,"A",53,"E","100","D"
"20141",2661065,28,2,"1",.,"A",27,"E","110","D"
"20141",2661345,7,0,"1",1,"D",.,"H",,"A"
"20141",2661345,7,1,"1",.,"A",60,"E","100","D"
"20141",2661345,7,2,"1",.,"A",9,"E","110","D"
"20141",2661345,7,3,"1",.,"A",28,"E","120","D"
"20141",2661345,7,4,"1",.,"A",145,"E","130","D"
"20141",2661345,7,5,"1",.,"A",7,"E","140","D"
"20141",2661345,7,6,"1",.,"A",125,"E","150","D"
"20141",2661345,7,7,"1",.,"A",27,"E","160","D"
"20141",2661345,7,8,"1",.,"A",60,"E","170","D"
"20141",2661345,7,9,"1",.,"A",39,"E","190","D"
"20141",2661955,45,0,"1",1,"D",.,"H",,"A"
"20141",2661955,45,1,"1",.,"A",16,"E","100","D"
"20141",2661955,45,2,"1",.,"A",7,"E","110","D"
"20141",2661955,45,3,"1",.,"A",7,"E","120","D"
"20141",2661955,45,4,"1",.,"A",4,"E","140","D"
"20141",2661955,45,5,"1",.,"A",39,"E","150","D"
"20141",2661955,45,6,"1",.,"A",3,"E","170","D"
"20141",2661955,45,7,"1",.,"A",2,"E","180","D"
"20141",2661955,45,8,"1",.,"A",2,"E","190","D"
"20141",2664525,16,0,"1",1,"D",.,"H",,"A"
"20141",2664525,16,1,"1",.,"A",10,"E","100","D"
"20141",2664525,16,2,"1",.,"A",5,"E","110","D"
"20141",2664525,16,3,"1",.,"A",23,"E","120","D"
"20141",2664525,16,4,"1",.,"A",1,"E","140","D"
"20141",2664525,16,5,"1",.,"A",63,"E","150","D"
"20141",2664525,16,6,"1",.,"A",22,"E","170","D"
"20141",2664525,16,7,"1",.,"A",16,"E","190","D"
"20141",2666005,31,0,"1",6,"D",.,"H",,"A"
"20141",2666005,31,1,"1",.,"A",2,"E","100","D"
"20141",2666005,31,2,"1",.,"A",1,"E","110","D"
"20141",2666005,31,3,"1",.,"A",1,"E","120","D"
"20141",2666005,31,4,"1",.,"A",3,"E","130","D"
"20141",2666005,31,5,"1",.,"A",4,"E","140","D"
"20141",2666005,31,6,"1",.,"A",6,"E","150","D"
"20141",2666005,31,7,"1",.,"A",2,"E","200","D"
"20141",2666005,31,8,"1",.,"A",1,"E","210","D"
"20141",2667145,41,0,"1",12,"D",.,"H",,"A"
"20141",2667145,41,1,"1",.,"A",589,"E","100","D"
"20141",2667145,41,2,"1",.,"A",275,"E","110","D"
"20141",2667145,41,3,"1",.,"A",936,"E","130","D"
"20141",2667295,57,0,"1",1,"D",.,"H",,"A"
"20141",2667295,57,1,"1",.,"A",7,"E","100","D"
"20141",2667295,57,2,"1",.,"A",3,"E","110","D"
"20141",2667295,57,3,"1",.,"A",3,"E","120","D"
"20141",2667295,57,4,"1",.,"A",19,"E","150","D"
"20141",2667295,57,5,"1",.,"A",1,"E","170","D"
"20141",2667295,57,6,"1",.,"A",1,"E","180","D"
"20141",2667295,57,7,"1",.,"A",1,"E","190","D"
"20141",2668475,23,0,"1",10,"D",.,"H",,"A"
"20141",2668475,23,1,"1",.,"A",36,"E","100","D"
"20141",2668475,23,2,"1",.,"A",15,"E","110","D"
"20141",2668475,23,3,"1",.,"A",30,"E","120","D"
"20141",2668475,23,4,"1",.,"A",98,"E","130","D"
"20141",2668475,23,5,"1",.,"A",3,"E","140","D"
"20141",2668475,23,6,"1",.,"A",206,"E","150","D"
"20141",2668475,23,7,"1",.,"A",23,"E","190","D"
"20141",2668475,23,8,"1",.,"A",14,"E","200","D"
"20141",2668475,23,9,"1",.,"A",75,"E","210","D"
"20141",2669555,31,0,"1",2,"D",.,"H",,"A"
"20141",2669555,31,1,"1",.,"A",51,"E","120","D"
"20141",2669555,31,2,"1",.,"A",5,"E","140","D"
"20141",2669555,31,3,"1",.,"A",400,"E","150","D"
"20141",2669555,31,4,"1",.,"A",44,"E","190","D"
"20141",2670125,38,0,"1",2,"D",.,"H",,"A"
"20141",2670125,38,1,"1",.,"A",76,"G","100","D"
"20141",2670125,38,2,"1",.,"A",35,"G","110","D"
"20141",2670125,38,3,"1",.,"A",35,"G","120","D"
"20141",2670125,38,4,"1",.,"A",121,"G","130","D"
"20141",2670125,38,5,"1",.,"A",193,"G","150","D"
"20141",2670125,38,6,"1",.,"A",2,"G","160","D"
"20141",2670125,38,7,"1",.,"A",15,"G","170","D"
"20141",2670125,38,8,"1",.,"A",12,"G","180","D"
"20141",2670125,38,9,"1",.,"A",11,"G","190","D"
"20141",2670665,59,0,"1",3,"D",.,"H",,"A"
"20141",2670665,59,1,"1",.,"A",331,"E","100","D"
"20141",2670665,59,2,"1",.,"A",58,"E","110","D"
"20141",2670665,59,3,"1",.,"A",179,"E","120","D"
"20141",2670665,59,4,"1",.,"A",46,"E","140","D"
"20141",2670665,59,5,"1",.,"A",765,"E","150","D"
"20141",2670665,59,6,"1",.,"A",170,"E","160","D"
"20141",2670665,59,7,"1",.,"A",368,"E","170","D"
"20141",2670665,59,8,"1",.,"A",243,"E","190","D"
"20141",2670665,59,9,"1",.,"A",140,"E","200","D"
"20141",2670665,59,10,"1",.,"A",475,"E","210","D"
"20141",2670665,59,11,"1",.,"A",460,"E","220","D"
"20141",2671835,42,0,"1",1,"D",.,"H",,"A"
"20141",2671835,42,1,"1",.,"A",66,"E","100","D"
"20141",2671835,42,2,"1",.,"A",30,"E","110","D"
"20141",2671835,42,3,"1",.,"A",71,"E","200","D"
"20141",2671835,42,4,"1",.,"A",33,"E","210","D"
"20141",2672015,25,0,"1",1,"D",.,"H",,"A"
"20141",2672015,25,1,"1",.,"A",151,"E","100","D"
"20141",2672015,25,2,"1",.,"A",79,"E","110","D"
"20141",2673275,32,0,"1",1,"D",.,"H",,"A"
"20141",2673275,32,1,"1",.,"A",1312,"E","100","D"
"20141",2673275,32,2,"1",.,"A",688,"E","110","D"
"20141",2673695,11,0,"1",1,"D",.,"H",,"A"
"20141",2673695,11,1,"1",.,"A",282,"E","100","D"
"20141",2673695,11,2,"1",.,"A",84,"E","110","D"
"20141",2673695,11,3,"1",.,"A",334,"E","130","D"
"20141",2675435,30,0,"1",1,"D",.,"H",,"A"
"20141",2675435,30,1,"1",.,"A",48,"E","100","D"
"20141",2675435,30,2,"1",.,"A",14,"E","110","D"
"20141",2675435,30,3,"1",.,"A",25,"E","120","D"
"20141",2675435,30,4,"1",.,"A",58,"E","130","D"
"20141",2675435,30,5,"1",.,"A",4,"E","140","D"
"20141",2675435,30,6,"1",.,"A",150,"E","150","D"
"20141",2675435,30,7,"1",.,"A",14,"E","170","D"
"20141",2675435,30,8,"1",.,"A",27,"E","180","D"
"20141",2675435,30,9,"1",.,"A",10,"E","190","D"
"20141",2675925,37,0,"1",6,"D",.,"H",,"A"
"20141",2675925,37,1,"1",.,"A",204,"E","100","D"
"20141",2675925,37,2,"1",.,"A",96,"E","110","D"
"20141",2676475,97,0,"1",1,"D",.,"H",,"A"
"20141",2676475,97,1,"1",.,"A",51,"E","100","D"
"20141",2676475,97,2,"1",.,"A",9,"E","110","D"
"20141",2677305,29,0,"1",2,"D",.,"H",,"A"
"20141",2677305,29,1,"1",.,"A",23,"E","100","D"
"20141",2677305,29,2,"1",.,"A",5,"E","110","D"
"20141",2677305,29,3,"1",.,"A",26,"E","120","D"
"20141",2677305,29,4,"1",.,"A",53,"E","130","D"
"20141",2677305,29,5,"1",.,"A",78,"E","150","D"
"20141",2677305,29,6,"1",.,"A",9,"E","160","D"
"20141",2677305,29,7,"1",.,"A",6,"E","190","D"
"20141",2679155,40,0,"1",2,"D",.,"H",,"A"
"20141",2679155,40,1,"1",.,"A",21,"E","100","D"
"20141",2679155,40,2,"1",.,"A",9,"E","110","D"
"20141",2679595,48,0,"1",1,"D",.,"H",,"A"
"20141",2679595,48,1,"1",.,"A",26,"E","200","D"
"20141",2679595,48,2,"1",.,"A",89,"E","210","D"
"20141",2679595,48,3,"1",.,"A",85,"E","220","D"
"20141",2680075,28,0,"1",3,"D",.,"H",,"A"
"20141",2680075,28,1,"1",.,"A",46,"E","120","D"
"20141",2680075,28,2,"1",.,"A",237,"E","130","D"
"20141",2680075,28,3,"1",.,"A",12,"E","140","D"
"20141",2680075,28,4,"1",.,"A",201,"E","150","D"
"20141",2680075,28,5,"1",.,"A",44,"E","160","D"
"20141",2680075,28,6,"1",.,"A",96,"E","170","D"
"20141",2680075,28,7,"1",.,"A",64,"E","190","D"
"20141",2680624,20,0,"1",1,"D",.,"H",,"A"
"20141",2680624,20,1,"1",.,"A",62,"E","100","D"
"20141",2680624,20,2,"1",.,"A",30,"E","110","D"
"20141",2680624,20,3,"1",.,"A",59,"E","120","D"
"20141",2680624,20,4,"1",.,"A",111,"E","130","D"
"20141",2680624,20,5,"1",.,"A",3,"E","140","D"
"20141",2680624,20,6,"1",.,"A",182,"E","150","D"
"20141",2680624,20,7,"1",.,"A",10,"E","160","D"
"20141",2680624,20,8,"1",.,"A",31,"E","170","D"
"20141",2680624,20,9,"1",.,"A",42,"E","190","D"
"20141",2680694,41,0,"1",1,"D",.,"H",,"A"
"20141",2680694,41,1,"1",.,"A",76,"E","100","D"
"20141",2680694,41,2,"1",.,"A",41,"E","110","D"
"20141",2680694,41,3,"1",.,"A",35,"E","120","D"
"20141",2680694,41,4,"1",.,"A",121,"E","130","D"
"20141",2680694,41,5,"1",.,"A",187,"E","150","D"
"20141",2680694,41,6,"1",.,"A",2,"E","160","D"
"20141",2680694,41,7,"1",.,"A",15,"E","170","D"
"20141",2680694,41,8,"1",.,"A",12,"E","180","D"
"20141",2680694,41,9,"1",.,"A",11,"E","190","D"
"20141",2682234,37,0,"1",3,"D",.,"H",,"A"
"20141",2682234,37,1,"1",.,"A",327,"E","100","D"
"20141",2682234,37,2,"1",.,"A",153,"E","110","D"
"20141",2682234,37,3,"1",.,"A",520,"E","130","D"
"20141",2682754,12,0,"1",1,"D",.,"H",,"A"
"20141",2682754,12,1,"1",.,"A",40,"E","100","D"
"20141",2682754,12,2,"1",.,"A",21,"E","110","D"
"20141",2682754,12,3,"1",.,"A",21,"E","210","D"
"20141",2682754,12,4,"1",.,"A",6,"E","220","D"
"20141",2683754,31,0,"1",1,"D",.,"H",,"A"
"20141",2683754,31,1,"1",.,"A",103,"E","100","D"
"20141",2683754,31,2,"1",.,"A",45,"E","110","D"
"20141",2683754,31,3,"1",.,"A",45,"E","120","D"
"20141",2683754,31,4,"1",.,"A",156,"E","130","D"
"20141",2683754,31,5,"1",.,"A",1,"E","140","D"
"20141",2683754,31,6,"1",.,"A",240,"E","150","D"
"20141",2683754,31,7,"1",.,"A",2,"E","160","D"
"20141",2683754,31,8,"1",.,"A",19,"E","170","D"
"20141",2683754,31,9,"1",.,"A",15,"E","180","D"
"20141",2683754,31,10,"1",.,"A",15,"E","190","D"
"20141",2683754,31,11,"1",.,"A",109,"E","200","D"
"20141",2683754,31,12,"1",.,"A",50,"E","210","D"
"20141",2684494,74,0,"1",1,"D",.,"H",,"A"
"20141",2684494,74,1,"1",.,"A",44,"E","200","D"
"20141",2684494,74,2,"1",.,"A",20,"E","210","D"
"20141",2685644,43,0,"1",1,"D",.,"H",,"A"
"20141",2685644,43,1,"1",.,"A",47,"E","100","D"
"20141",2685644,43,2,"1",.,"A",13,"E","110","D"
"20141",2685794,46,0,"1",3,"D",.,"H",,"A"
"20141",2685794,46,1,"1",.,"A",27,"E","100","D"
"20141",2685794,46,2,"1",.,"A",14,"E","110","D"
"20141",2685794,46,3,"1",.,"A",28,"E","120","D"
"20141",2685794,46,4,"1",.,"A",1,"E","140","D"
"20141",2685794,46,5,"1",.,"A",87,"E","150","D"
"20141",2685794,46,6,"1",.,"A",5,"E","160","D"
"20141",2685794,46,7,"1",.,"A",18,"E","170","D"
"20141",2685794,46,8,"1",.,"A",20,"E","190","D"
"20141",2686294,47,0,"1",1,"D",.,"H",,"A"
"20141",2686294,47,1,"1",.,"A",7,"E","200","D"
"20141",2686294,47,2,"1",.,"A",22,"E","210","D"
"20141",2686294,47,3,"1",.,"A",21,"E","220","D"
"20141",2689054,43,0,"1",1,"D",.,"H",,"A"
"20141",2689054,43,1,"1",.,"A",53,"E","120","D"
"20141",2689054,43,2,"1",.,"A",4,"E","140","D"
"20141",2689054,43,3,"1",.,"A",282,"E","150","D"
"20141",2689054,43,4,"1",.,"A",3,"E","160","D"
"20141",2689054,43,5,"1",.,"A",23,"E","170","D"
"20141",2689054,43,6,"1",.,"A",18,"E","180","D"
"20141",2689054,43,7,"1",.,"A",17,"E","190","D"
"20141",2689954,25,0,"1",2,"D",.,"H",,"A"
"20141",2689954,25,1,"1",.,"A",1245,"E","200","D"
"20141",2689954,25,2,"1",.,"A",2255,"E","210","D"
"20141",2690115,34,0,"1",1,"D",.,"H",,"A"
"20141",2690115,34,1,"1",.,"A",41,"E","100","D"
"20141",2690115,34,2,"1",.,"A",19,"E","110","D"
"20141",2690234,44,0,"1",4,"D",.,"H",,"A"
"20141",2690234,44,1,"1",.,"A",442,"E","100","D"
"20141",2690234,44,2,"1",.,"A",78,"E","110","D"
"20141",2690594,21,0,"1",1,"D",.,"H",,"A"
"20141",2690594,21,1,"1",.,"A",130,"E","100","D"
"20141",2690594,21,2,"1",.,"A",23,"E","110","D"
"20141",2690594,21,3,"1",.,"A",72,"E","120","D"
"20141",2690594,21,4,"1",.,"A",350,"E","130","D"
"20141",2690594,21,5,"1",.,"A",18,"E","140","D"
"20141",2690594,21,6,"1",.,"A",301,"E","150","D"
"20141",2690594,21,7,"1",.,"A",67,"E","160","D"
"20141",2690594,21,8,"1",.,"A",144,"E","170","D"
"20141",2690594,21,9,"1",.,"A",95,"E","190","D"
"20141",2692124,16,0,"1",1,"D",.,"H",,"A"
"20141",2692124,16,1,"1",.,"A",53,"E","100","D"
"20141",2692124,16,2,"1",.,"A",22,"E","110","D"
"20141",2692234,21,0,"1",1,"D",.,"H",,"A"
"20141",2692234,21,1,"1",.,"A",81,"E","100","D"
"20141",2692234,21,2,"1",.,"A",19,"E","110","D"
"20141",2697454,46,0,"1",2,"D",.,"H",,"A"
"20141",2697454,46,1,"1",.,"A",52,"G","100","D"
"20141",2697454,46,2,"1",.,"A",23,"G","110","D"
"20141",2698134,26,0,"1",3,"D",.,"H",,"A"
"20141",2698134,26,1,"1",.,"A",33,"E","120","D"
"20141",2698134,26,2,"1",.,"A",9,"E","140","D"
"20141",2698134,26,3,"1",.,"A",198,"E","150","D"
"20141",2698134,26,4,"1",.,"A",11,"E","170","D"
"20141",2698134,26,5,"1",.,"A",36,"E","180","D"
"20141",2698134,26,6,"1",.,"A",13,"E","190","D"
"20141",2698914,13,0,"1",1,"D",.,"H",,"A"
"20141",2698914,13,1,"1",.,"A",65,"E","100","D"
"20141",2698914,13,2,"1",.,"A",35,"E","110","D"
"20141",2698914,13,3,"1",.,"A",36,"E","210","D"
"20141",2698914,13,4,"1",.,"A",14,"E","220","D"
"20141",2699624,114,0,"1",1,"D",.,"H",,"A"
"20141",2699624,114,1,"1",.,"A",9,"E","100","D"
"20141",2699624,114,2,"1",.,"A",4,"E","110","D"
"20141",2699624,114,3,"1",.,"A",4,"E","120","D"
"20141",2699624,114,4,"1",.,"A",4,"E","140","D"
"20141",2699624,114,5,"1",.,"A",22,"E","150","D"
"20141",2699624,114,6,"1",.,"A",1,"E","170","D"
"20141",2699624,114,7,"1",.,"A",1,"E","180","D"
"20141",2699624,114,8,"1",.,"A",1,"E","190","D"
"20141",2699624,114,9,"1",.,"A",10,"E","200","D"
"20141",2699624,114,10,"1",.,"A",4,"E","210","D"
"20141",2702134,64,0,"1",1,"D",.,"H",,"A"
"20141",2702134,64,1,"1",.,"A",321,"G","100","D"
"20141",2702134,64,2,"1",.,"A",62,"G","110","D"
"20141",2702134,64,3,"1",.,"A",169,"G","120","D"
"20141",2702134,64,4,"1",.,"A",862,"G","130","D"
"20141",2702134,64,5,"1",.,"A",44,"G","140","D"
"20141",2702134,64,6,"1",.,"A",742,"G","150","D"
"20141",2702134,64,7,"1",.,"A",165,"G","160","D"
"20141",2702134,64,8,"1",.,"A",357,"G","170","D"
"20141",2702134,64,9,"1",.,"A",236,"G","190","D"
"20141",2702134,64,10,"1",.,"A",136,"G","200","D"
"20141",2702134,64,11,"1",.,"A",460,"G","210","D"
"20141",2702134,64,12,"1",.,"A",446,"G","220","D"
"20141",2703094,11,0,"1",3,"D",.,"H",,"A"
"20141",2703094,11,1,"1",.,"A",8,"E","100","D"
"20141",2703094,11,2,"1",.,"A",3,"E","110","D"
"20141",2703094,11,3,"1",.,"A",8,"E","120","D"
"20141",2703094,11,4,"1",.,"A",46,"E","150","D"
"20141",2703094,11,5,"1",.,"A",5,"E","190","D"
"20141",2703374,44,0,"1",2,"D",.,"H",,"A"
"20141",2703374,44,1,"1",.,"A",49,"E","100","D"
"20141",2703374,44,2,"1",.,"A",8,"E","110","D"
"20141",2703374,44,3,"1",.,"A",24,"E","120","D"
"20141",2703374,44,4,"1",.,"A",6,"E","140","D"
"20141",2703374,44,5,"1",.,"A",106,"E","150","D"
"20141",2703374,44,6,"1",.,"A",23,"E","160","D"
"20141",2703374,44,7,"1",.,"A",51,"E","170","D"
"20141",2703374,44,8,"1",.,"A",33,"E","190","D"
"20141",2704334,61,0,"1",5,"D",.,"H",,"A"
"20141",2704334,61,1,"1",.,"A",108,"E","100","D"
"20141",2704334,61,2,"1",.,"A",19,"E","110","D"
"20141",2704334,61,3,"1",.,"A",63,"E","120","D"
"20141",2704334,61,4,"1",.,"A",291,"E","130","D"
"20141",2704334,61,5,"1",.,"A",15,"E","140","D"
"20141",2704334,61,6,"1",.,"A",250,"E","150","D"
"20141",2704334,61,7,"1",.,"A",55,"E","160","D"
"20141",2704334,61,8,"1",.,"A",120,"E","170","D"
"20141",2704334,61,9,"1",.,"A",79,"E","190","D"
"20141",2705094,62,0,"1",1,"D",.,"H",,"A"
"20141",2705094,62,1,"1",.,"A",254,"E","100","D"
"20141",2705094,62,2,"1",.,"A",46,"E","110","D"
"20141",2706164,28,0,"1",1,"D",.,"H",,"A"
"20141",2706164,28,1,"1",.,"A",5,"E","120","D"
"20141",2706164,28,2,"1",.,"A",8,"E","150","D"
"20141",2706164,28,3,"1",.,"A",1,"E","160","D"
"20141",2706164,28,4,"1",.,"A",4,"E","170","D"
"20141",2706164,28,5,"1",.,"A",2,"E","190","D"
"20141",2706364,11,0,"1",1,"D",.,"H",,"A"
"20141",2706364,11,1,"1",.,"A",118,"E","120","D"
"20141",2706364,11,2,"1",.,"A",20,"E","140","D"
"20141",2706364,11,3,"1",.,"A",668,"E","150","D"
"20141",2706364,11,4,"1",.,"A",38,"E","170","D"
"20141",2706364,11,5,"1",.,"A",123,"E","180","D"
"20141",2706364,11,6,"1",.,"A",45,"E","190","D"
"20141",2706364,11,7,"1",.,"A",124,"E","200","D"
"20141",2706364,11,8,"1",.,"A",314,"E","210","D"
"20141",2706794,16,0,"1",1,"D",.,"H",,"A"
"20141",2706794,16,1,"1",.,"A",6,"E","120","D"
"20141",2706794,16,2,"1",.,"A",10,"E","150","D"
"20141",2706794,16,3,"1",.,"A",3,"E","170","D"
"20141",2706794,16,4,"1",.,"A",1,"E","190","D"
"20141",2707234,33,0,"1",2,"D",.,"H",,"A"
"20141",2707234,33,1,"1",.,"A",113,"E","100","D"
"20141",2707234,33,2,"1",.,"A",19,"E","110","D"
"20141",2707234,33,3,"1",.,"A",51,"E","200","D"
"20141",2707234,33,4,"1",.,"A",161,"E","210","D"
"20141",2707234,33,5,"1",.,"A",156,"E","220","D"
"20141",2709024,49,0,"1",1,"D",.,"H",,"A"
"20141",2709024,49,1,"1",.,"A",31,"E","100","D"
"20141",2709024,49,2,"1",.,"A",5,"E","110","D"
"20141",2709924,28,0,"1",2,"D",.,"H",,"A"
"20141",2709924,28,1,"1",.,"A",209,"E","100","D"
"20141",2709924,28,2,"1",.,"A",36,"E","110","D"
"20141",2709924,28,3,"1",.,"A",555,"E","130","D"
"20141",2710534,26,0,"1",1,"D",.,"H",,"A"
"20141",2710534,26,1,"1",.,"A",100,"E","100","D"
"20141",2710534,26,2,"1",.,"A",30,"E","110","D"
"20141",2710534,26,3,"1",.,"A",57,"E","120","D"
"20141",2710534,26,4,"1",.,"A",9,"E","140","D"
"20141",2710534,26,5,"1",.,"A",310,"E","150","D"
"20141",2710534,26,6,"1",.,"A",17,"E","170","D"
"20141",2710534,26,7,"1",.,"A",57,"E","180","D"
"20141",2710534,26,8,"1",.,"A",20,"E","190","D"
"20141",2711654,59,0,"1",1,"D",.,"H",,"A"
"20141",2711654,59,1,"1",.,"A",79,"E","120","D"
"20141",2711654,59,2,"1",.,"A",20,"E","140","D"
"20141",2711654,59,3,"1",.,"A",348,"E","150","D"
"20141",2711654,59,4,"1",.,"A",77,"E","160","D"
"20141",2711654,59,5,"1",.,"A",166,"E","170","D"
"20141",2711654,59,6,"1",.,"A",110,"E","190","D"
"20141",2712804,36,0,"1",1,"D",.,"H",,"A"
"20141",2712804,36,1,"1",.,"A",66,"E","100","D"
"20141",2712804,36,2,"1",.,"A",40,"E","110","D"
"20141",2712804,36,3,"1",.,"A",151,"E","120","D"
"20141",2712804,36,4,"1",.,"A",101,"E","130","D"
"20141",2712804,36,5,"1",.,"A",9,"E","140","D"
"20141",2712804,36,6,"1",.,"A",410,"E","150","D"
"20141",2712804,36,7,"1",.,"A",145,"E","170","D"
"20141",2712804,36,8,"1",.,"A",78,"E","190","D"
"20141",2714593,34,0,"1",1,"D",.,"H",,"A"
"20141",2714593,34,1,"1",.,"A",180,"E","100","D"
"20141",2714593,34,2,"1",.,"A",54,"E","110","D"
"20141",2714593,34,3,"1",.,"A",102,"E","200","D"
"20141",2714593,34,4,"1",.,"A",259,"E","210","D"
"20141",2715055,24,0,"1",1,"D",.,"H",,"A"
"20141",2715055,24,1,"1",.,"A",57,"E","100","D"
"20141",2715055,24,2,"1",.,"A",17,"E","110","D"
"20141",2715163,21,0,"1",1,"D",.,"H",,"A"
"20141",2715163,21,1,"1",.,"A",88,"E","100","D"
"20141",2715163,21,2,"1",.,"A",37,"E","110","D"
"20141",2715163,21,3,"1",.,"A",65,"E","120","D"
"20141",2715163,21,4,"1",.,"A",240,"E","130","D"
"20141",2715163,21,5,"1",.,"A",7,"E","140","D"
"20141",2715163,21,6,"1",.,"A",507,"E","150","D"
"20141",2715163,21,7,"1",.,"A",56,"E","190","D"
"20141",2715663,76,0,"1",1,"D",.,"H",,"A"
"20141",2715663,76,1,"1",.,"A",6,"E","120","D"
"20141",2715663,76,2,"1",.,"A",15,"E","150","D"
"20141",2715663,76,3,"1",.,"A",3,"E","160","D"
"20141",2715663,76,4,"1",.,"A",7,"E","170","D"
"20141",2715663,76,5,"1",.,"A",4,"E","190","D"
"20141",2716253,17,0,"1",2,"D",.,"H",,"A"
"20141",2716253,17,1,"1",.,"A",70,"E","100","D"
"20141",2716253,17,2,"1",.,"A",11,"E","110","D"
"20141",2716253,17,3,"1",.,"A",28,"E","200","D"
"20141",2716253,17,4,"1",.,"A",97,"E","210","D"
"20141",2716253,17,5,"1",.,"A",94,"E","220","D"
"20141",2716643,16,0,"1",1,"D",.,"H",,"A"
"20141",2716643,16,1,"1",.,"A",197,"E","100","D"
"20141",2716643,16,2,"1",.,"A",103,"E","110","D"
"20141",2717063,60,0,"1",1,"D",.,"H",,"A"
"20141",2717063,60,1,"1",.,"A",13,"E","100","D"
"20141",2717063,60,2,"1",.,"A",4,"E","110","D"
"20141",2717063,60,3,"1",.,"A",12,"E","120","D"
"20141",2717063,60,4,"1",.,"A",16,"E","130","D"
"20141",2717063,60,5,"1",.,"A",1,"E","140","D"
"20141",2717063,60,6,"1",.,"A",43,"E","150","D"
"20141",2717063,60,7,"1",.,"A",2,"E","170","D"
"20141",2717063,60,8,"1",.,"A",7,"E","180","D"
"20141",2717063,60,9,"1",.,"A",2,"E","190","D"
"20141",2718073,36,0,"1",3,"D",.,"H",,"A"
"20141",2718073,36,1,"1",.,"A",65,"E","100","D"
"20141",2718073,36,2,"1",.,"A",19,"E","110","D"
"20141",2718073,36,3,"1",.,"A",40,"E","120","D"
"20141",2718073,36,4,"1",.,"A",77,"E","130","D"
"20141",2718073,36,5,"1",.,"A",6,"E","140","D"
"20141",2718073,36,6,"1",.,"A",201,"E","150","D"
"20141",2718073,36,7,"1",.,"A",11,"E","170","D"
"20141",2718073,36,8,"1",.,"A",37,"E","180","D"
"20141",2718073,36,9,"1",.,"A",13,"E","190","D"
"20141",2718073,36,10,"1",.,"A",37,"E","200","D"
"20141",2718073,36,11,"1",.,"A",94,"E","210","D"
"20141",2719093,61,0,"1",4,"D",.,"H",,"A"
"20141",2719093,61,1,"1",.,"A",11,"E","200","D"
"20141",2719093,61,2,"1",.,"A",39,"E","210","D"
"20141",2719093,61,3,"1",.,"A",40,"E","220","D"
"20141",2719644,56,0,"1",4,"D",.,"H",,"A"
"20141",2719644,56,1,"1",.,"A",77,"E","100","D"
"20141",2719644,56,2,"1",.,"A",40,"E","110","D"
"20141",2719644,56,3,"1",.,"A",86,"E","120","D"
"20141",2719644,56,4,"1",.,"A",151,"E","130","D"
"20141",2719644,56,5,"1",.,"A",4,"E","140","D"
"20141",2719644,56,6,"1",.,"A",248,"E","150","D"
"20141",2719644,56,7,"1",.,"A",14,"E","160","D"
"20141",2719644,56,8,"1",.,"A",42,"E","170","D"
"20141",2719644,56,9,"1",.,"A",58,"E","190","D"
"20141",2720103,61,0,"1",1,"D",.,"H",,"A"
"20141",2720103,61,1,"1",.,"A",21,"E","100","D"
"20141",2720103,61,2,"1",.,"A",4,"E","110","D"
"20141",2720283,28,0,"1",1,"D",.,"H",,"A"
"20141",2720283,28,1,"1",.,"A",5,"E","100","D"
"20141",2720283,28,2,"1",.,"A",3,"E","110","D"
"20141",2720283,28,3,"1",.,"A",17,"E","120","D"
"20141",2720283,28,4,"1",.,"A",36,"E","150","D"
"20141",2720283,28,5,"1",.,"A",12,"E","170","D"
"20141",2720283,28,6,"1",.,"A",7,"E","190","D"
"20141",2720293,29,0,"1",1,"D",.,"H",,"A"
"20141",2720293,29,1,"1",.,"A",17,"E","100","D"
"20141",2720293,29,2,"1",.,"A",3,"E","110","D"
"20141",2720473,42,0,"1",1,"D",.,"H",,"A"
"20141",2720473,42,1,"1",.,"A",103,"E","100","D"
"20141",2720473,42,2,"1",.,"A",47,"E","110","D"
"20141",2720783,18,0,"1",1,"D",.,"H",,"A"
"20141",2720783,18,1,"1",.,"A",76,"E","210","D"
"20141",2720783,18,2,"1",.,"A",24,"E","220","D"
"20141",2721043,40,0,"1",2,"D",.,"H",,"A"
"20141",2721043,40,1,"1",.,"A",8,"E","100","D"
"20141",2721043,40,2,"1",.,"A",2,"E","110","D"
"20141",2721263,21,0,"1",2,"D",.,"H",,"A"
"20141",2721263,21,1,"1",.,"A",235,"E","100","D"
"20141",2721263,21,2,"1",.,"A",98,"E","110","D"
"20141",2721263,21,3,"1",.,"A",173,"E","120","D"
"20141",2721263,21,4,"1",.,"A",19,"E","140","D"
"20141",2721263,21,5,"1",.,"A",1326,"E","150","D"
"20141",2721263,21,6,"1",.,"A",149,"E","190","D"
"20141",2721883,33,0,"1",1,"D",.,"H",,"A"
"20141",2721883,33,1,"1",.,"A",27,"E","100","D"
"20141",2721883,33,2,"1",.,"A",12,"E","110","D"
"20141",2721883,33,3,"1",.,"A",53,"E","120","D"
"20141",2721883,33,4,"1",.,"A",35,"E","130","D"
"20141",2721883,33,5,"1",.,"A",3,"E","140","D"
"20141",2721883,33,6,"1",.,"A",143,"E","150","D"
"20141",2721883,33,7,"1",.,"A",50,"E","170","D"
"20141",2721883,33,8,"1",.,"A",27,"E","190","D"
"20141",2722703,13,0,"1",2,"D",.,"H",,"A"
"20141",2722703,13,1,"1",.,"A",160,"E","100","D"
"20141",2722703,13,2,"1",.,"A",33,"E","110","D"
"20141",2722703,13,3,"1",.,"A",84,"E","120","D"
"20141",2722703,13,4,"1",.,"A",431,"E","130","D"
"20141",2722703,13,5,"1",.,"A",22,"E","140","D"
"20141",2722703,13,6,"1",.,"A",371,"E","150","D"
"20141",2722703,13,7,"1",.,"A",82,"E","160","D"
"20141",2722703,13,8,"1",.,"A",178,"E","170","D"
"20141",2722703,13,9,"1",.,"A",118,"E","190","D"
"20141",2722703,13,10,"1",.,"A",68,"E","200","D"
"20141",2722703,13,11,"1",.,"A",230,"E","210","D"
"20141",2722703,13,12,"1",.,"A",223,"E","220","D"
"20141",2723013,14,0,"1",1,"D",.,"H",,"A"
"20141",2723013,14,1,"1",.,"A",13,"E","100","D"
"20141",2723013,14,2,"1",.,"A",7,"E","110","D"
"20141",2723013,14,3,"1",.,"A",32,"E","120","D"
"20141",2723013,14,4,"1",.,"A",1,"E","140","D"
"20141",2723013,14,5,"1",.,"A",86,"E","150","D"
"20141",2723013,14,6,"1",.,"A",36,"E","170","D"
"20141",2723013,14,7,"1",.,"A",16,"E","190","D"
"20141",2723013,14,8,"1",.,"A",7,"E","210","D"
"20141",2723013,14,9,"1",.,"A",2,"E","220","D"
"20141",2723783,17,0,"1",1,"D",.,"H",,"A"
"20141",2723783,17,1,"1",.,"A",51,"G","100","D"
"20141",2723783,17,2,"1",.,"A",29,"G","110","D"
"20141",2724923,33,0,"1",1,"D",.,"H",,"A"
"20141",2724923,33,1,"1",.,"A",43,"E","100","D"
"20141",2724923,33,2,"1",.,"A",8,"E","110","D"
"20141",2724923,33,3,"1",.,"A",39,"E","120","D"
"20141",2724923,33,4,"1",.,"A",132,"E","150","D"
"20141",2724923,33,5,"1",.,"A",15,"E","160","D"
"20141",2724923,33,6,"1",.,"A",10,"E","190","D"
"20141",2724923,33,7,"1",.,"A",20,"E","200","D"
"20141",2724923,33,8,"1",.,"A",33,"E","210","D"
"20141",2725473,59,0,"1",12,"D",.,"H",,"A"
"20141",2725473,59,1,"1",.,"A",84,"E","100","D"
"20141",2725473,59,2,"1",.,"A",16,"E","110","D"
"20141",2727223,46,0,"1",1,"D",.,"H",,"A"
"20141",2727223,46,1,"1",.,"A",326,"E","100","D"
"20141",2727223,46,2,"1",.,"A",74,"E","110","D"
"20141",2729953,59,0,"1",1,"D",.,"H",,"A"
"20141",2729953,59,1,"1",.,"A",26,"E","100","D"
"20141",2729953,59,2,"1",.,"A",3,"E","110","D"
"20141",2729953,59,3,"1",.,"A",10,"E","120","D"
"20141",2729953,59,4,"1",.,"A",2,"E","140","D"
"20141",2729953,59,5,"1",.,"A",47,"E","150","D"
"20141",2729953,59,6,"1",.,"A",10,"E","160","D"
"20141",2729953,59,7,"1",.,"A",22,"E","170","D"
"20141",2729953,59,8,"1",.,"A",15,"E","190","D"
"20141",2729953,59,9,"1",.,"A",8,"E","200","D"
"20141",2729953,59,10,"1",.,"A",29,"E","210","D"
"20141",2729953,59,11,"1",.,"A",28,"E","220","D"
"20141",2730563,14,0,"1",4,"D",.,"H",,"A"
"20141",2730563,14,1,"1",.,"A",51,"E","100","D"
"20141",2730563,14,2,"1",.,"A",29,"E","110","D"
"20141",2731333,53,0,"1",2,"D",.,"H",,"A"
"20141",2731333,53,1,"1",.,"A",97,"E","100","D"
"20141",2731333,53,2,"1",.,"A",23,"E","110","D"
"20141",2731333,53,3,"1",.,"A",51,"E","120","D"
"20141",2731333,53,4,"1",.,"A",262,"E","130","D"
"20141",2731333,53,5,"1",.,"A",13,"E","140","D"
"20141",2731333,53,6,"1",.,"A",225,"E","150","D"
"20141",2731333,53,7,"1",.,"A",50,"E","160","D"
"20141",2731333,53,8,"1",.,"A",108,"E","170","D"
"20141",2731333,53,9,"1",.,"A",71,"E","190","D"
"20141",2731364,20,0,"1",1,"D",.,"H",,"A"
"20141",2731364,20,1,"1",.,"A",7,"E","100","D"
"20141",2731364,20,2,"1",.,"A",1,"E","110","D"
"20141",2731364,20,3,"1",.,"A",4,"E","120","D"
"20141",2731364,20,4,"1",.,"A",16,"E","150","D"
"20141",2731364,20,5,"1",.,"A",1,"E","160","D"
"20141",2731364,20,6,"1",.,"A",1,"E","190","D"
"20141",2731873,39,0,"1",6,"D",.,"H",,"A"
"20141",2731873,39,1,"1",.,"A",198,"E","130","D"
"20141",2731873,39,2,"1",.,"A",138,"E","200","D"
"20141",2731873,39,3,"1",.,"A",64,"E","210","D"
"20141",2733573,60,0,"1",1,"D",.,"H",,"A"
"20141",2733573,60,1,"1",.,"A",21,"E","100","D"
"20141",2733573,60,2,"1",.,"A",12,"E","110","D"
"20141",2733573,60,3,"1",.,"A",11,"E","120","D"
"20141",2733573,60,4,"1",.,"A",25,"E","130","D"
"20141",2733573,60,5,"1",.,"A",2,"E","140","D"
"20141",2733573,60,6,"1",.,"A",67,"E","150","D"
"20141",2733573,60,7,"1",.,"A",3,"E","170","D"
"20141",2733573,60,8,"1",.,"A",12,"E","180","D"
"20141",2733573,60,9,"1",.,"A",4,"E","190","D"
"20141",2733573,60,10,"1",.,"A",12,"E","200","D"
"20141",2733573,60,11,"1",.,"A",31,"E","210","D"
"20141",2734043,12,0,"1",1,"D",.,"H",,"A"
"20141",2734043,12,1,"1",.,"A",20,"E","100","D"
"20141",2734043,12,2,"1",.,"A",10,"E","110","D"
"20141",2734353,25,0,"1",1,"D",.,"H",,"A"
"20141",2734353,25,1,"1",.,"A",13,"E","120","D"
"20141",2734353,25,2,"1",.,"A",2,"E","140","D"
"20141",2734353,25,3,"1",.,"A",66,"E","150","D"
"20141",2734353,25,4,"1",.,"A",3,"E","170","D"
"20141",2734353,25,5,"1",.,"A",12,"E","180","D"
"20141",2734353,25,6,"1",.,"A",4,"E","190","D"
"20141",2736443,24,0,"1",1,"D",.,"H",,"A"
"20141",2736443,24,1,"1",.,"A",121,"E","100","D"
"20141",2736443,24,2,"1",.,"A",57,"E","110","D"
"20141",2736443,24,3,"1",.,"A",56,"E","120","D"
"20141",2736443,24,4,"1",.,"A",1,"E","140","D"
"20141",2736443,24,5,"1",.,"A",298,"E","150","D"
"20141",2736443,24,6,"1",.,"A",3,"E","160","D"
"20141",2736443,24,7,"1",.,"A",29,"E","170","D"
"20141",2736443,24,8,"1",.,"A",19,"E","180","D"
"20141",2736443,24,9,"1",.,"A",18,"E","190","D"
"20141",2736443,24,10,"1",.,"A",135,"E","200","D"
"20141",2736443,24,11,"1",.,"A",63,"E","210","D"
"20141",2737213,17,0,"1",1,"D",.,"H",,"A"
"20141",2737213,17,1,"1",.,"A",67,"E","100","D"
"20141",2737213,17,2,"1",.,"A",13,"E","110","D"
"20141",2738343,40,0,"1",2,"D",.,"H",,"A"
"20141",2738343,40,1,"1",.,"A",172,"E","100","D"
"20141",2738343,40,2,"1",.,"A",29,"E","110","D"
"20141",2738343,40,3,"1",.,"A",453,"E","130","D"
"20141",2738343,40,4,"1",.,"A",71,"E","200","D"
"20141",2738343,40,5,"1",.,"A",241,"E","210","D"
"20141",2738343,40,6,"1",.,"A",234,"E","220","D"
"20141",2738603,47,0,"1",1,"D",.,"H",,"A"
"20141",2738603,47,1,"1",.,"A",18,"E","120","D"
"20141",2738603,47,2,"1",.,"A",12,"E","130","D"
"20141",2738603,47,3,"1",.,"A",1,"E","140","D"
"20141",2738603,47,4,"1",.,"A",50,"E","150","D"
"20141",2738603,47,5,"1",.,"A",20,"E","170","D"
"20141",2738603,47,6,"1",.,"A",9,"E","190","D"
"20141",2738963,59,0,"1",1,"D",.,"H",,"A"
"20141",2738963,59,1,"1",.,"A",290,"E","130","D"
"20141",2739363,17,0,"1",7,"D",.,"H",,"A"
"20141",2739363,17,1,"1",.,"A",50,"E","100","D"
"20141",2739363,17,2,"1",.,"A",15,"E","110","D"
"20141",2739363,17,3,"1",.,"A",26,"E","120","D"
"20141",2739363,17,4,"1",.,"A",8,"E","140","D"
"20141",2739363,17,5,"1",.,"A",155,"E","150","D"
"20141",2739363,17,6,"1",.,"A",8,"E","170","D"
"20141",2739363,17,7,"1",.,"A",28,"E","180","D"
"20141",2739363,17,8,"1",.,"A",10,"E","190","D"
"20141",2740133,23,0,"1",1,"D",.,"H",,"A"
"20141",2740133,23,1,"1",.,"A",9,"E","100","D"
"20141",2740133,23,2,"1",.,"A",3,"E","110","D"
"20141",2740133,23,3,"1",.,"A",10,"E","120","D"
"20141",2740133,23,4,"1",.,"A",53,"E","150","D"
"20141",2740133,23,5,"1",.,"A",5,"E","190","D"
"20141",2740203,40,0,"1",1,"D",.,"H",,"A"
"20141",2740203,40,1,"1",.,"A",196,"E","100","D"
"20141",2740203,40,2,"1",.,"A",104,"E","110","D"
"20141",2740233,25,0,"1",1,"D",.,"H",,"A"
"20141",2740233,25,1,"1",.,"A",321,"E","100","D"
"20141",2740233,25,2,"1",.,"A",56,"E","110","D"
"20141",2740233,25,3,"1",.,"A",175,"E","120","D"
"20141",2740233,25,4,"1",.,"A",862,"E","130","D"
"20141",2740233,25,5,"1",.,"A",44,"E","140","D"
"20141",2740233,25,6,"1",.,"A",742,"E","150","D"
"20141",2740233,25,7,"1",.,"A",165,"E","160","D"
"20141",2740233,25,8,"1",.,"A",357,"E","170","D"
"20141",2740233,25,9,"1",.,"A",236,"E","190","D"
"20141",2740233,25,10,"1",.,"A",136,"E","200","D"
"20141",2740233,25,11,"1",.,"A",460,"E","210","D"
"20141",2740233,25,12,"1",.,"A",446,"E","220","D"
"20141",2741213,36,0,"1",1,"D",.,"H",,"A"
"20141",2741213,36,1,"1",.,"A",29,"E","100","D"
"20141",2741213,36,2,"1",.,"A",6,"E","110","D"
"20141",2741213,36,3,"1",.,"A",13,"E","200","D"
"20141",2741213,36,4,"1",.,"A",22,"E","210","D"
"20141",2742613,29,0,"1",1,"D",.,"H",,"A"
"20141",2742613,29,1,"1",.,"A",10,"E","100","D"
"20141",2742613,29,2,"1",.,"A",6,"E","110","D"
"20141",2742613,29,3,"1",.,"A",5,"E","120","D"
"20141",2742613,29,4,"1",.,"A",31,"E","150","D"
"20141",2742613,29,5,"1",.,"A",1,"E","170","D"
"20141",2742613,29,6,"1",.,"A",5,"E","180","D"
"20141",2742613,29,7,"1",.,"A",2,"E","190","D"
"20141",2742643,32,0,"1",1,"D",.,"H",,"A"
"20141",2742643,32,1,"1",.,"A",104,"E","100","D"
"20141",2742643,32,2,"1",.,"A",44,"E","110","D"
"20141",2742643,32,3,"1",.,"A",77,"E","120","D"
"20141",2742643,32,4,"1",.,"A",8,"E","140","D"
"20141",2742643,32,5,"1",.,"A",600,"E","150","D"
"20141",2742643,32,6,"1",.,"A",67,"E","190","D"
"20141",2743103,16,0,"1",2,"D",.,"H",,"A"
"20141",2743103,16,1,"1",.,"A",40,"E","100","D"
"20141",2743103,16,2,"1",.,"A",9,"E","110","D"
"20141",2743103,16,3,"1",.,"A",40,"E","120","D"
"20141",2743103,16,4,"1",.,"A",136,"E","150","D"
"20141",2743103,16,5,"1",.,"A",16,"E","160","D"
"20141",2743103,16,6,"1",.,"A",10,"E","190","D"
"20141",2743103,16,7,"1",.,"A",25,"E","200","D"
"20141",2743103,16,8,"1",.,"A",34,"E","210","D"
"20141",2743143,12,0,"1",1,"D",.,"H",,"A"
"20141",2743143,12,1,"1",.,"A",7,"E","200","D"
"20141",2743143,12,2,"1",.,"A",33,"E","210","D"
"20141",2743223,21,0,"1",2,"D",.,"H",,"A"
"20141",2743223,21,1,"1",.,"A",12,"E","100","D"
"20141",2743223,21,2,"1",.,"A",3,"E","110","D"
"20141",2743223,21,3,"1",.,"A",6,"E","120","D"
"20141",2743223,21,4,"1",.,"A",1,"E","140","D"
"20141",2743223,21,5,"1",.,"A",38,"E","150","D"
"20141",2743223,21,6,"1",.,"A",2,"E","170","D"
"20141",2743223,21,7,"1",.,"A",7,"E","180","D"
"20141",2743223,21,8,"1",.,"A",6,"E","190","D"
"20141",2743223,21,9,"1",.,"A",7,"E","200","D"
"20141",2743223,21,10,"1",.,"A",18,"E","210","D"
"20141",2744513,42,0,"1",1,"D",.,"H",,"A"
"20141",2744513,42,1,"1",.,"A",183,"E","100","D"
"20141",2744513,42,2,"1",.,"A",31,"E","110","D"
"20141",2744513,42,3,"1",.,"A",76,"E","200","D"
"20141",2744513,42,4,"1",.,"A",259,"E","210","D"
"20141",2744513,42,5,"1",.,"A",251,"E","220","D"
"20141",2744613,29,0,"1",3,"D",.,"H",,"A"
"20141",2744613,29,1,"1",.,"A",39,"E","100","D"
"20141",2744613,29,2,"1",.,"A",11,"E","110","D"
"20141",2744993,30,0,"1",11,"D",.,"H",,"A"
"20141",2744993,30,1,"1",.,"A",50,"E","200","D"
"20141",2744993,30,2,"1",.,"A",90,"E","210","D"
"20141",2745363,7,0,"1",1,"D",.,"H",,"A"
"20141",2745363,7,1,"1",.,"A",22,"E","100","D"
"20141",2745363,7,2,"1",.,"A",8,"E","110","D"
"20141",2746985,27,0,"1",1,"D",.,"H",,"A"
"20141",2746985,27,1,"1",.,"A",82,"E","100","D"
"20141",2746985,27,2,"1",.,"A",18,"E","110","D"
"20141",2749862,25,0,"1",1,"D",.,"H",,"A"
"20141",2749862,25,1,"1",.,"A",16,"E","100","D"
"20141",2749862,25,2,"1",.,"A",4,"E","110","D"
"20141",2750395,7,0,"1",2,"D",.,"H",,"A"
"20141",2750395,7,1,"1",.,"A",52,"E","100","D"
"20141",2750395,7,2,"1",.,"A",28,"E","110","D"
"20141",2751192,44,0,"1",4,"D",.,"H",,"A"
"20141",2751192,44,1,"1",.,"A",30,"E","120","D"
"20141",2751192,44,2,"1",.,"A",1,"E","140","D"
"20141",2751192,44,3,"1",.,"A",82,"E","150","D"
"20141",2751192,44,4,"1",.,"A",32,"E","170","D"
"20141",2751192,44,5,"1",.,"A",15,"E","190","D"
"20141",2751842,64,0,"1",3,"D",.,"H",,"A"
"20141",2751842,64,1,"1",.,"A",254,"E","100","D"
"20141",2751842,64,2,"1",.,"A",46,"E","110","D"
"20141",2752042,57,0,"1",2,"D",.,"H",,"A"
"20141",2752042,57,1,"1",.,"A",43,"E","100","D"
"20141",2752042,57,2,"1",.,"A",7,"E","110","D"
"20141",2752383,23,0,"1",1,"D",.,"H",,"A"
"20141",2752383,23,1,"1",.,"A",7,"E","120","D"
"20141",2752383,23,2,"1",.,"A",23,"E","150","D"
"20141",2752383,23,3,"1",.,"A",1,"E","160","D"
"20141",2752383,23,4,"1",.,"A",4,"E","170","D"
"20141",2752383,23,5,"1",.,"A",5,"E","190","D"
"20141",2752383,23,6,"1",.,"A",13,"E","200","D"
"20141",2752383,23,7,"1",.,"A",17,"E","210","D"
"20141",2752902,22,0,"1",1,"D",.,"H",,"A"
"20141",2752902,22,1,"1",.,"A",221,"E","100","D"
"20141",2752902,22,2,"1",.,"A",93,"E","110","D"
"20141",2752902,22,3,"1",.,"A",164,"E","120","D"
"20141",2752902,22,4,"1",.,"A",602,"E","130","D"
"20141",2752902,22,5,"1",.,"A",18,"E","140","D"
"20141",2752902,22,6,"1",.,"A",1258,"E","150","D"
"20141",2752902,22,7,"1",.,"A",144,"E","190","D"
"20141",2753852,29,0,"1",2,"D",.,"H",,"A"
"20141",2753852,29,1,"1",.,"A",191,"E","100","D"
"20141",2753852,29,2,"1",.,"A",42,"E","110","D"
"20141",2753852,29,3,"1",.,"A",185,"E","120","D"
"20141",2753852,29,4,"1",.,"A",426,"E","130","D"
"20141",2753852,29,5,"1",.,"A",624,"E","150","D"
"20141",2753852,29,6,"1",.,"A",74,"E","160","D"
"20141",2753852,29,7,"1",.,"A",48,"E","190","D"
"20141",2754802,25,0,"1",2,"D",.,"H",,"A"
"20141",2754802,25,1,"1",.,"A",32,"E","200","D"
"20141",2754802,25,2,"1",.,"A",168,"E","210","D"
"20141",2756352,61,0,"1",1,"D",.,"H",,"A"
"20141",2756352,61,1,"1",.,"A",19,"E","100","D"
"20141",2756352,61,2,"1",.,"A",8,"E","110","D"
"20141",2756352,61,3,"1",.,"A",10,"E","120","D"
"20141",2756352,61,4,"1",.,"A",2,"E","140","D"
"20141",2756352,61,5,"1",.,"A",44,"E","150","D"
"20141",2756352,61,6,"1",.,"A",10,"E","160","D"
"20141",2756352,61,7,"1",.,"A",21,"E","170","D"
"20141",2756352,61,8,"1",.,"A",14,"E","190","D"
"20141",2756352,61,9,"1",.,"A",8,"E","200","D"
"20141",2756352,61,10,"1",.,"A",27,"E","210","D"
"20141",2756352,61,11,"1",.,"A",27,"E","220","D"
"20141",2756812,33,0,"1",1,"D",.,"H",,"A"
"20141",2756812,33,1,"1",.,"A",76,"E","200","D"
"20141",2756812,33,2,"1",.,"A",124,"E","210","D"
"20141",2757162,28,0,"1",2,"D",.,"H",,"A"
"20141",2757162,28,1,"1",.,"A",24,"E","120","D"
"20141",2757162,28,2,"1",.,"A",73,"E","150","D"
"20141",2757162,28,3,"1",.,"A",8,"E","160","D"
"20141",2757162,28,4,"1",.,"A",5,"E","190","D"
"20141",2758832,33,0,"1",1,"D",.,"H",,"A"
"20141",2758832,33,1,"1",.,"A",163,"E","100","D"
"20141",2758832,33,2,"1",.,"A",37,"E","110","D"
"20141",2759623,70,0,"1",12,"D",.,"H",,"A"
"20141",2759623,70,1,"1",.,"A",13,"E","200","D"
"20141",2759623,70,2,"1",.,"A",39,"E","210","D"
"20141",2759623,70,3,"1",.,"A",38,"E","220","D"
"20141",2760102,51,0,"1",4,"D",.,"H",,"A"
"20141",2760102,51,1,"1",.,"A",1729,"E","100","D"
"20141",2760102,51,2,"1",.,"A",907,"E","110","D"
"20141",2760102,51,3,"1",.,"A",3024,"U","130","D"
"20141",2760435,56,0,"1",1,"D",.,"H",,"A"
"20141",2760435,56,1,"1",.,"A",22,"E","100","D"
"20141",2760435,56,2,"1",.,"A",3,"E","110","D"
"20141",2761672,11,0,"1",1,"D",.,"H",,"A"
"20141",2761672,11,1,"1",.,"A",368,"E","100","D"
"20141",2761672,11,2,"1",.,"A",170,"E","110","D"
"20141",2761672,11,3,"1",.,"A",169,"E","120","D"
"20141",2761672,11,4,"1",.,"A",4,"E","140","D"
"20141",2761672,11,5,"1",.,"A",892,"E","150","D"
"20141",2761672,11,6,"1",.,"A",10,"E","160","D"
"20141",2761672,11,7,"1",.,"A",72,"E","170","D"
"20141",2761672,11,8,"1",.,"A",59,"E","180","D"
"20141",2761672,11,9,"1",.,"A",56,"E","190","D"
"20141",2762412,45,0,"1",1,"D",.,"H",,"A"
"20141",2762412,45,1,"1",.,"A",111,"E","100","D"
"20141",2762412,45,2,"1",.,"A",33,"E","110","D"
"20141",2762412,45,3,"1",.,"A",64,"E","120","D"
"20141",2762412,45,4,"1",.,"A",133,"E","130","D"
"20141",2762412,45,5,"1",.,"A",10,"E","140","D"
"20141",2762412,45,6,"1",.,"A",344,"E","150","D"
"20141",2762412,45,7,"1",.,"A",19,"E","170","D"
"20141",2762412,45,8,"1",.,"A",63,"E","180","D"
"20141",2762412,45,9,"1",.,"A",23,"E","190","D"
"20141",2763602,34,0,"1",3,"D",.,"H",,"A"
"20141",2763602,34,1,"1",.,"A",113,"E","200","D"
"20141",2763602,34,2,"1",.,"A",287,"E","210","D"
"20141",2763812,33,0,"1",1,"D",.,"H",,"A"
"20141",2763812,33,1,"1",.,"A",267,"E","120","D"
"20141",2763812,33,2,"1",.,"A",6,"E","140","D"
"20141",2763812,33,3,"1",.,"A",1413,"E","150","D"
"20141",2763812,33,4,"1",.,"A",17,"E","160","D"
"20141",2763812,33,5,"1",.,"A",115,"E","170","D"
"20141",2763812,33,6,"1",.,"A",93,"E","180","D"
"20141",2763812,33,7,"1",.,"A",89,"E","190","D"
"20141",2764862,25,0,"1",1,"D",.,"H",,"A"
"20141",2764862,25,1,"1",.,"A",1326,"E","100","D"
"20141",2764862,25,2,"1",.,"A",563,"E","110","D"
"20141",2764862,25,3,"1",.,"A",3024,"U","130","D"
"20141",2766092,11,0,"1",1,"D",.,"H",,"A"
"20141",2766092,11,1,"1",.,"A",6,"E","120","D"
"20141",2766092,11,2,"1",.,"A",31,"E","150","D"
"20141",2766092,11,3,"1",.,"A",3,"E","190","D"
"20141",2767282,43,0,"1",1,"D",.,"H",,"A"
"20141",2767282,43,1,"1",.,"A",164,"E","120","D"
"20141",2767282,43,2,"1",.,"A",18,"E","140","D"
"20141",2767282,43,3,"1",.,"A",1262,"E","150","D"
"20141",2767282,43,4,"1",.,"A",141,"E","190","D"
"20141",2767992,34,0,"1",1,"D",.,"H",,"A"
"20141",2767992,34,1,"1",.,"A",65,"E","100","D"
"20141",2767992,34,2,"1",.,"A",14,"E","110","D"
"20141",2767992,34,3,"1",.,"A",65,"E","120","D"
"20141",2767992,34,4,"1",.,"A",220,"E","150","D"
"20141",2767992,34,5,"1",.,"A",26,"E","160","D"
"20141",2767992,34,6,"1",.,"A",22,"E","190","D"
"20141",2767992,34,7,"1",.,"A",33,"E","200","D"
"20141",2767992,34,8,"1",.,"A",55,"E","210","D"
"20141",2768242,48,0,"1",3,"D",.,"H",,"A"
"20141",2768242,48,1,"1",.,"A",20,"E","100","D"
"20141",2768242,48,2,"1",.,"A",9,"E","110","D"
"20141",2768242,48,3,"1",.,"A",21,"E","200","D"
"20141",2768242,48,4,"1",.,"A",10,"E","210","D"
"20141",2768722,9,0,"1",1,"D",.,"H",,"A"
"20141",2768722,9,1,"1",.,"A",945,"E","100","D"
"20141",2768722,9,2,"1",.,"A",213,"E","110","D"
"20141",2768722,9,3,"1",.,"A",933,"E","120","D"
"20141",2768722,9,4,"1",.,"A",3024,"U","130","D"
"20141",2768722,9,5,"1",.,"A",3141,"E","150","D"
"20141",2768722,9,6,"1",.,"A",375,"E","160","D"
"20141",2768722,9,7,"1",.,"A",245,"E","190","D"
"20141",2768992,34,0,"1",1,"D",.,"H",,"A"
"20141",2768992,34,1,"1",.,"A",8,"E","200","D"
"20141",2768992,34,2,"1",.,"A",42,"E","210","D"
"20141",2769452,28,0,"1",1,"D",.,"H",,"A"
"20141",2769452,28,1,"1",.,"A",77,"E","100","D"
"20141",2769452,28,2,"1",.,"A",23,"E","110","D"
"20141",2770352,19,0,"1",4,"D",.,"H",,"A"
"20141",2770352,19,1,"1",.,"A",802,"E","100","D"
"20141",2770352,19,2,"1",.,"A",338,"E","110","D"
"20141",2770352,19,3,"1",.,"A",593,"E","120","D"
"20141",2770352,19,4,"1",.,"A",3024,"U","130","D"
"20141",2770352,19,5,"1",.,"A",66,"E","140","D"
"20141",2770352,19,6,"1",.,"A",4546,"E","150","D"
"20141",2770352,19,7,"1",.,"A",511,"E","190","D"
"20141",2770462,60,0,"1",1,"D",.,"H",,"A"
"20141",2770462,60,1,"1",.,"A",207,"E","100","D"
"20141",2770462,60,2,"1",.,"A",36,"E","110","D"
"20141",2770462,60,3,"1",.,"A",557,"E","130","D"
"20141",2770975,26,0,"1",1,"D",.,"H",,"A"
"20141",2770975,26,1,"1",.,"A",23,"E","100","D"
"20141",2770975,26,2,"1",.,"A",12,"E","110","D"
"20141",2771152,49,0,"1",1,"D",.,"H",,"A"
"20141",2771152,49,1,"1",.,"A",114,"E","100","D"
"20141",2771152,49,2,"1",.,"A",19,"E","110","D"
"20141",2771152,49,3,"1",.,"A",57,"E","120","D"
"20141",2771152,49,4,"1",.,"A",291,"E","130","D"
"20141",2771152,49,5,"1",.,"A",15,"E","140","D"
"20141",2771152,49,6,"1",.,"A",250,"E","150","D"
"20141",2771152,49,7,"1",.,"A",55,"E","160","D"
"20141",2771152,49,8,"1",.,"A",120,"E","170","D"
"20141",2771152,49,9,"1",.,"A",79,"E","190","D"
"20141",2771192,35,0,"1",1,"D",.,"H",,"A"
"20141",2771192,35,1,"1",.,"A",9,"E","120","D"
"20141",2771192,35,2,"1",.,"A",22,"E","150","D"
"20141",2771192,35,3,"1",.,"A",2,"E","160","D"
"20141",2771192,35,4,"1",.,"A",1,"E","190","D"
"20141",2771422,53,0,"1",1,"D",.,"H",,"A"
"20141",2771422,53,1,"1",.,"A",173,"E","100","D"
"20141",2771422,53,2,"1",.,"A",79,"E","110","D"
"20141",2771422,53,3,"1",.,"A",78,"E","120","D"
"20141",2771422,53,4,"1",.,"A",2,"E","140","D"
"20141",2771422,53,5,"1",.,"A",416,"E","150","D"
"20141",2771422,53,6,"1",.,"A",5,"E","160","D"
"20141",2771422,53,7,"1",.,"A",34,"E","170","D"
"20141",2771422,53,8,"1",.,"A",27,"E","180","D"
"20141",2771422,53,9,"1",.,"A",26,"E","190","D"
"20141",2772742,25,0,"1",1,"D",.,"H",,"A"
"20141",2772742,25,1,"1",.,"A",163,"E","100","D"
"20141",2772742,25,2,"1",.,"A",28,"E","110","D"
"20141",2772742,25,3,"1",.,"A",86,"E","120","D"
"20141",2772742,25,4,"1",.,"A",442,"E","130","D"
"20141",2772742,25,5,"1",.,"A",22,"E","140","D"
"20141",2772742,25,6,"1",.,"A",376,"E","150","D"
"20141",2772742,25,7,"1",.,"A",83,"E","160","D"
"20141",2772742,25,8,"1",.,"A",181,"E","170","D"
"20141",2772742,25,9,"1",.,"A",119,"E","190","D"
"20141",2775432,32,0,"1",1,"D",.,"H",,"A"
"20141",2775432,32,1,"1",.,"A",123,"E","100","D"
"20141",2775432,32,2,"1",.,"A",64,"E","110","D"
"20141",2775432,32,3,"1",.,"A",129,"E","120","D"
"20141",2775432,32,4,"1",.,"A",7,"E","140","D"
"20141",2775432,32,5,"1",.,"A",393,"E","150","D"
"20141",2775432,32,6,"1",.,"A",26,"E","160","D"
"20141",2775432,32,7,"1",.,"A",67,"E","170","D"
"20141",2775432,32,8,"1",.,"A",91,"E","190","D"
"20141",2775562,17,0,"1",1,"D",.,"H",,"A"
"20141",2775562,17,1,"1",.,"A",17,"E","100","D"
"20141",2775562,17,2,"1",.,"A",3,"E","110","D"
"20141",2775562,17,3,"1",.,"A",13,"E","120","D"
"20141",2775562,17,4,"1",.,"A",31,"E","130","D"
"20141",2775562,17,5,"1",.,"A",45,"E","150","D"
"20141",2775562,17,6,"1",.,"A",5,"E","160","D"
"20141",2775562,17,7,"1",.,"A",3,"E","190","D"
"20141",2775562,17,8,"1",.,"A",7,"E","200","D"
"20141",2775562,17,9,"1",.,"A",11,"E","210","D"
"20141",2775802,40,0,"1",1,"D",.,"H",,"A"
"20141",2775802,40,1,"1",.,"A",43,"E","100","D"
"20141",2775802,40,2,"1",.,"A",7,"E","110","D"
"20141",2775802,40,3,"1",.,"A",22,"E","120","D"
"20141",2775802,40,4,"1",.,"A",116,"E","130","D"
"20141",2775802,40,5,"1",.,"A",6,"E","140","D"
"20141",2775802,40,6,"1",.,"A",105,"E","150","D"
"20141",2775802,40,7,"1",.,"A",22,"E","160","D"
"20141",2775802,40,8,"1",.,"A",48,"E","170","D"
"20141",2775802,40,9,"1",.,"A",31,"E","190","D"
"20141",2776152,10,0,"1",1,"D",.,"H",,"A"
"20141",2776152,10,1,"1",.,"A",799,"G","100","D"
"20141",2776152,10,2,"1",.,"A",341,"G","110","D"
"20141",2776152,10,3,"1",.,"A",593,"G","120","D"
"20141",2776152,10,4,"1",.,"A",3024,"W","130","D"
"20141",2776152,10,5,"1",.,"A",66,"G","140","D"
"20141",2776152,10,6,"1",.,"A",4546,"G","150","D"
"20141",2776152,10,7,"1",.,"A",511,"G","190","D"
"20141",2777702,27,0,"1",1,"D",.,"H",,"A"
"20141",2777702,27,1,"1",.,"A",261,"E","100","D"
"20141",2777702,27,2,"1",.,"A",79,"E","110","D"
"20141",2777702,27,3,"1",.,"A",141,"E","120","D"
"20141",2777702,27,4,"1",.,"A",311,"E","130","D"
"20141",2777702,27,5,"1",.,"A",25,"E","140","D"
"20141",2777702,27,6,"1",.,"A",806,"E","150","D"
"20141",2777702,27,7,"1",.,"A",46,"E","170","D"
"20141",2777702,27,8,"1",.,"A",149,"E","180","D"
"20141",2777702,27,9,"1",.,"A",54,"E","190","D"
"20141",2777702,27,10,"1",.,"A",149,"E","200","D"
"20141",2777702,27,11,"1",.,"A",379,"E","210","D"
"20141",2778812,30,0,"1",2,"D",.,"H",,"A"
"20141",2778812,30,1,"1",.,"A",64,"E","100","D"
"20141",2778812,30,2,"1",.,"A",30,"E","110","D"
"20141",2779452,14,0,"1",1,"D",.,"H",,"A"
"20141",2779452,14,1,"1",.,"A",91,"E","100","D"
"20141",2779452,14,2,"1",.,"A",49,"E","110","D"
"20141",2784462,17,0,"1",2,"D",.,"H",,"A"
"20141",2784462,17,1,"1",.,"A",64,"E","100","D"
"20141",2784462,17,2,"1",.,"A",36,"E","110","D"
"20141",2786043,14,0,"1",1,"D",.,"H",,"A"
"20141",2786043,14,1,"1",.,"A",26,"E","100","D"
"20141",2786043,14,2,"1",.,"A",14,"E","110","D"
"20141",2794685,29,0,"1",1,"D",.,"H",,"A"
"20141",2794685,29,1,"1",.,"A",24,"E","100","D"
"20141",2794685,29,2,"1",.,"A",6,"E","110","D"
"20141",2798263,13,0,"1",5,"D",.,"H",,"A"
"20141",2798263,13,1,"1",.,"A",15,"E","100","D"
"20141",2798263,13,2,"1",.,"A",7,"E","110","D"
"20141",2800463,12,0,"1",1,"D",.,"H",,"A"
"20141",2800463,12,1,"1",.,"A",100,"E","120","D"
"20141",2800463,12,2,"1",.,"A",334,"E","150","D"
"20141",2800463,12,3,"1",.,"A",40,"E","160","D"
"20141",2800463,12,4,"1",.,"A",26,"E","190","D"
"20141",2802083,14,0,"1",1,"D",.,"H",,"A"
"20141",2802083,14,1,"1",.,"A",12,"E","100","D"
"20141",2802083,14,2,"1",.,"A",8,"E","110","D"
"20141",2802684,20,0,"1",1,"D",.,"H",,"A"
"20141",2802684,20,1,"1",.,"A",154,"E","100","D"
"20141",2802684,20,2,"1",.,"A",46,"E","110","D"
"20141",2805723,18,0,"1",8,"D",.,"H",,"A"
"20141",2805723,18,1,"1",.,"A",153,"E","100","D"
"20141",2805723,18,2,"1",.,"A",83,"E","110","D"
"20141",2805723,18,3,"1",.,"A",85,"E","210","D"
"20141",2805723,18,4,"1",.,"A",29,"E","220","D"
